year,date,lat,lon,t
2024,260.7938078703704,43.16738,-79.04523,2024-09-16T19:03:05.000000Z
2024,260.79381944444447,43.16738,-79.04521,2024-09-16T19:03:06.000000Z
2024,260.7938310185186,43.16738,-79.04518,2024-09-16T19:03:07.000000Z
2024,260.7938425925926,43.16737,-79.04516,2024-09-16T19:03:08.000000Z
2024,260.79385416666673,43.16737,-79.04515,2024-09-16T19:03:09.000000Z
2024,260.7938657407408,43.16737,-79.04514,2024-09-16T19:03:10.000000Z
2024,260.79387731481484,43.16736,-79.04512,2024-09-16T19:03:11.000000Z
2024,260.79388888888894,43.16736,-79.04512,2024-09-16T19:03:12.000000Z
2024,260.793900462963,43.16736,-79.04511,2024-09-16T19:03:13.000000Z
2024,260.7939120370371,43.16736,-79.0451,2024-09-16T19:03:14.000000Z
2024,260.79392361111115,43.16737,-79.04509,2024-09-16T19:03:15.000000Z
2024,260.7939351851852,43.16737,-79.04509,2024-09-16T19:03:16.000000Z
2024,260.7939467592593,43.16737,-79.04508,2024-09-16T19:03:17.000000Z
2024,260.79395833333336,43.16737,-79.04508,2024-09-16T19:03:18.000000Z
2024,260.7939699074075,43.16738,-79.04508,2024-09-16T19:03:19.000000Z
2024,260.7939814814815,43.16738,-79.04508,2024-09-16T19:03:20.000000Z
2024,260.7939930555556,43.16738,-79.04508,2024-09-16T19:03:21.000000Z
2024,260.7940046296297,43.16738,-79.04507,2024-09-16T19:03:22.000000Z
2024,260.79401620370373,43.16738,-79.04507,2024-09-16T19:03:23.000000Z
2024,260.79402777777784,43.16738,-79.04506,2024-09-16T19:03:24.000000Z
2024,260.7940393518519,43.16738,-79.04506,2024-09-16T19:03:25.000000Z
2024,260.79405092592594,43.16738,-79.04505,2024-09-16T19:03:26.000000Z
2024,260.79406250000005,43.16738,-79.04505,2024-09-16T19:03:27.000000Z
2024,260.7940740740741,43.16739,-79.04505,2024-09-16T19:03:28.000000Z
2024,260.7940856481482,43.16739,-79.04505,2024-09-16T19:03:29.000000Z
2024,260.79409722222226,43.16739,-79.04505,2024-09-16T19:03:30.000000Z
2024,260.7941087962963,43.16739,-79.04505,2024-09-16T19:03:31.000000Z
2024,260.7941203703704,43.16739,-79.04505,2024-09-16T19:03:32.000000Z
2024,260.7941319444445,43.1674,-79.04503,2024-09-16T19:03:33.000000Z
2024,260.7941435185186,43.1674,-79.04502,2024-09-16T19:03:34.000000Z
2024,260.79415509259263,43.1674,-79.04502,2024-09-16T19:03:35.000000Z
2024,260.79416666666674,43.1674,-79.04502,2024-09-16T19:03:36.000000Z
2024,260.7941782407408,43.1674,-79.04502,2024-09-16T19:03:37.000000Z
2024,260.79418981481484,43.1674,-79.04502,2024-09-16T19:03:38.000000Z
2024,260.7941782407408,43.1674,-79.04495,2024-09-16T19:03:37.000000Z
2024,260.79418981481484,43.16741,-79.0449,2024-09-16T19:03:38.000000Z
2024,260.79420138888895,43.16742,-79.04482,2024-09-16T19:03:39.000000Z
2024,260.794212962963,43.16743,-79.04476,2024-09-16T19:03:40.000000Z
2024,260.7942245370371,43.16744,-79.04472,2024-09-16T19:03:41.000000Z
2024,260.79423611111116,43.16745,-79.04468,2024-09-16T19:03:42.000000Z
2024,260.7942476851852,43.16745,-79.04466,2024-09-16T19:03:43.000000Z
2024,260.7942592592593,43.16746,-79.04464,2024-09-16T19:03:44.000000Z
2024,260.79427083333337,43.16746,-79.04462,2024-09-16T19:03:45.000000Z
2024,260.7942824074075,43.16747,-79.0446,2024-09-16T19:03:46.000000Z
2024,260.79429398148153,43.16747,-79.0446,2024-09-16T19:03:47.000000Z
2024,260.7943055555556,43.16747,-79.04459,2024-09-16T19:03:48.000000Z
2024,260.7943171296297,43.16747,-79.04458,2024-09-16T19:03:49.000000Z
2024,260.79432870370374,43.16747,-79.04458,2024-09-16T19:03:50.000000Z
2024,260.79434027777785,43.16747,-79.04458,2024-09-16T19:03:51.000000Z
2024,260.7943518518519,43.16747,-79.04458,2024-09-16T19:03:52.000000Z
2024,260.79436342592595,43.16747,-79.04458,2024-09-16T19:03:53.000000Z
2024,260.79437500000006,43.16747,-79.04458,2024-09-16T19:03:54.000000Z
2024,260.7943865740741,43.16747,-79.04458,2024-09-16T19:03:55.000000Z
2024,260.7943981481482,43.16747,-79.04458,2024-09-16T19:03:56.000000Z
2024,260.79440972222227,43.16746,-79.04458,2024-09-16T19:03:57.000000Z
2024,260.7944212962963,43.16746,-79.04458,2024-09-16T19:03:58.000000Z
2024,260.79443287037043,43.16746,-79.04458,2024-09-16T19:03:59.000000Z
2024,260.7944444444445,43.16746,-79.04458,2024-09-16T19:04:00.000000Z
2024,260.79445601851853,43.16746,-79.04458,2024-09-16T19:04:01.000000Z
2024,260.79446759259264,43.16746,-79.04458,2024-09-16T19:04:02.000000Z
2024,260.7944791666667,43.16746,-79.04458,2024-09-16T19:04:03.000000Z
2024,260.7944907407408,43.16746,-79.04458,2024-09-16T19:04:04.000000Z
2024,260.79450231481485,43.16746,-79.04458,2024-09-16T19:04:05.000000Z
2024,260.7945138888889,43.16746,-79.04458,2024-09-16T19:04:06.000000Z
2024,260.794525462963,43.16746,-79.04458,2024-09-16T19:04:07.000000Z
2024,260.79453703703706,43.16746,-79.04458,2024-09-16T19:04:08.000000Z
2024,260.79454861111117,43.16746,-79.04458,2024-09-16T19:04:09.000000Z
2024,260.7945601851852,43.16746,-79.04458,2024-09-16T19:04:10.000000Z
2024,260.79457175925927,43.16746,-79.04458,2024-09-16T19:04:11.000000Z
2024,260.7945833333334,43.16746,-79.04458,2024-09-16T19:04:12.000000Z
2024,260.79459490740743,43.16746,-79.04458,2024-09-16T19:04:13.000000Z
2024,260.79460648148154,43.16746,-79.04458,2024-09-16T19:04:14.000000Z
2024,260.7946180555556,43.16746,-79.04458,2024-09-16T19:04:15.000000Z
2024,260.79462962962964,43.16746,-79.04458,2024-09-16T19:04:16.000000Z
2024,260.79464120370375,43.16746,-79.04458,2024-09-16T19:04:17.000000Z
2024,260.7946527777778,43.16746,-79.04458,2024-09-16T19:04:18.000000Z
2024,260.7946643518519,43.16746,-79.04458,2024-09-16T19:04:19.000000Z
2024,260.79467592592596,43.16746,-79.04458,2024-09-16T19:04:20.000000Z
2024,260.7946875,43.16746,-79.04458,2024-09-16T19:04:21.000000Z
2024,260.7946990740741,43.16746,-79.04458,2024-09-16T19:04:22.000000Z
2024,260.79471064814817,43.16746,-79.04458,2024-09-16T19:04:23.000000Z
2024,260.7947222222223,43.16746,-79.04458,2024-09-16T19:04:24.000000Z
2024,260.7947337962963,43.16746,-79.04458,2024-09-16T19:04:25.000000Z
2024,260.7947453703704,43.16746,-79.04458,2024-09-16T19:04:26.000000Z
2024,260.7947569444445,43.16746,-79.04458,2024-09-16T19:04:27.000000Z
2024,260.79476851851854,43.16746,-79.04458,2024-09-16T19:04:28.000000Z
2024,260.79478009259265,43.16746,-79.04458,2024-09-16T19:04:29.000000Z
2024,260.7947916666667,43.16746,-79.04458,2024-09-16T19:04:30.000000Z
2024,260.79480324074075,43.16746,-79.04458,2024-09-16T19:04:31.000000Z
2024,260.79481481481486,43.16746,-79.04458,2024-09-16T19:04:32.000000Z
2024,260.7948263888889,43.16746,-79.04458,2024-09-16T19:04:33.000000Z
2024,260.794837962963,43.16746,-79.04458,2024-09-16T19:04:34.000000Z
2024,260.79484953703707,43.16746,-79.04458,2024-09-16T19:04:35.000000Z
2024,260.7948611111112,43.16746,-79.04458,2024-09-16T19:04:36.000000Z
2024,260.7948726851852,43.16746,-79.04458,2024-09-16T19:04:37.000000Z
2024,260.7948842592593,43.16746,-79.04457,2024-09-16T19:04:38.000000Z
2024,260.7948958333334,43.16746,-79.04457,2024-09-16T19:04:39.000000Z
2024,260.79490740740744,43.16746,-79.04457,2024-09-16T19:04:40.000000Z
2024,260.79491898148154,43.16746,-79.04457,2024-09-16T19:04:41.000000Z
2024,260.7949305555556,43.16746,-79.04457,2024-09-16T19:04:42.000000Z
2024,260.79494212962965,43.16746,-79.04457,2024-09-16T19:04:43.000000Z
2024,260.79495370370375,43.16746,-79.04457,2024-09-16T19:04:44.000000Z
2024,260.7949652777778,43.16746,-79.04457,2024-09-16T19:04:45.000000Z
2024,260.7949768518519,43.16746,-79.04457,2024-09-16T19:04:46.000000Z
2024,260.79498842592596,43.16746,-79.04457,2024-09-16T19:04:47.000000Z
2024,260.795,43.16746,-79.04457,2024-09-16T19:04:48.000000Z
2024,260.7950115740741,43.16746,-79.04457,2024-09-16T19:04:49.000000Z
2024,260.7950231481482,43.16746,-79.04457,2024-09-16T19:04:50.000000Z
2024,260.7950347222223,43.16746,-79.04457,2024-09-16T19:04:51.000000Z
2024,260.79504629629633,43.16746,-79.04457,2024-09-16T19:04:52.000000Z
2024,260.7950578703704,43.16746,-79.04457,2024-09-16T19:04:53.000000Z
2024,260.7950694444445,43.16746,-79.04457,2024-09-16T19:04:54.000000Z
2024,260.79508101851854,43.16746,-79.04457,2024-09-16T19:04:55.000000Z
2024,260.79509259259265,43.16746,-79.04457,2024-09-16T19:04:56.000000Z
2024,260.7951041666667,43.16746,-79.04457,2024-09-16T19:04:57.000000Z
2024,260.79511574074075,43.16746,-79.04457,2024-09-16T19:04:58.000000Z
2024,260.79512731481486,43.16746,-79.04456,2024-09-16T19:04:59.000000Z
2024,260.7951388888889,43.16746,-79.04456,2024-09-16T19:05:00.000000Z
2024,260.79515046296297,43.16746,-79.04456,2024-09-16T19:05:01.000000Z
2024,260.7951620370371,43.16746,-79.04456,2024-09-16T19:05:02.000000Z
2024,260.7951736111111,43.16745,-79.04456,2024-09-16T19:05:03.000000Z
2024,260.79518518518523,43.16745,-79.04455,2024-09-16T19:05:04.000000Z
2024,260.7951967592593,43.16745,-79.04455,2024-09-16T19:05:05.000000Z
2024,260.79520833333333,43.16745,-79.04455,2024-09-16T19:05:06.000000Z
2024,260.79521990740744,43.16745,-79.04455,2024-09-16T19:05:07.000000Z
2024,260.7952314814815,43.16745,-79.04454,2024-09-16T19:05:08.000000Z
2024,260.7952430555556,43.16745,-79.04454,2024-09-16T19:05:09.000000Z
2024,260.79525462962965,43.16745,-79.04454,2024-09-16T19:05:10.000000Z
2024,260.7952662037037,43.16745,-79.04454,2024-09-16T19:05:11.000000Z
2024,260.7952777777778,43.16745,-79.04454,2024-09-16T19:05:12.000000Z
2024,260.79528935185186,43.16744,-79.04454,2024-09-16T19:05:13.000000Z
2024,260.79530092592597,43.16744,-79.04454,2024-09-16T19:05:14.000000Z
2024,260.7953125,43.16744,-79.04453,2024-09-16T19:05:15.000000Z
2024,260.7953240740741,43.16744,-79.04453,2024-09-16T19:05:16.000000Z
2024,260.7953356481482,43.16744,-79.04453,2024-09-16T19:05:17.000000Z
2024,260.79534722222223,43.16744,-79.04452,2024-09-16T19:05:18.000000Z
2024,260.79535879629634,43.16744,-79.04452,2024-09-16T19:05:19.000000Z
2024,260.7953703703704,43.16744,-79.04452,2024-09-16T19:05:20.000000Z
2024,260.79538194444444,43.16744,-79.04451,2024-09-16T19:05:21.000000Z
2024,260.79539351851855,43.16744,-79.04451,2024-09-16T19:05:22.000000Z
2024,260.7954050925926,43.16744,-79.04451,2024-09-16T19:05:23.000000Z
2024,260.7954166666667,43.16744,-79.04451,2024-09-16T19:05:24.000000Z
2024,260.79542824074076,43.16744,-79.0445,2024-09-16T19:05:25.000000Z
2024,260.7954398148148,43.16744,-79.0445,2024-09-16T19:05:26.000000Z
2024,260.7954513888889,43.16744,-79.0445,2024-09-16T19:05:27.000000Z
2024,260.795462962963,43.16744,-79.0445,2024-09-16T19:05:28.000000Z
2024,260.7954745370371,43.16744,-79.0445,2024-09-16T19:05:29.000000Z
2024,260.79548611111113,43.16744,-79.0445,2024-09-16T19:05:30.000000Z
2024,260.7954976851852,43.16744,-79.0445,2024-09-16T19:05:31.000000Z
2024,260.7955092592593,43.16744,-79.04449,2024-09-16T19:05:32.000000Z
2024,260.79552083333334,43.16744,-79.04449,2024-09-16T19:05:33.000000Z
2024,260.79553240740745,43.16744,-79.04449,2024-09-16T19:05:34.000000Z
2024,260.7955439814815,43.16744,-79.04449,2024-09-16T19:05:35.000000Z
2024,260.7955555555556,43.16744,-79.04449,2024-09-16T19:05:36.000000Z
2024,260.79556712962966,43.16744,-79.04448,2024-09-16T19:05:37.000000Z
2024,260.7955787037037,43.16744,-79.04448,2024-09-16T19:05:38.000000Z
2024,260.7955902777778,43.16744,-79.04448,2024-09-16T19:05:39.000000Z
2024,260.79560185185187,43.16744,-79.04448,2024-09-16T19:05:40.000000Z
2024,260.795613425926,43.16744,-79.04447,2024-09-16T19:05:41.000000Z
2024,260.79562500000003,43.16745,-79.04447,2024-09-16T19:05:42.000000Z
2024,260.7956365740741,43.16745,-79.04447,2024-09-16T19:05:43.000000Z
2024,260.7956481481482,43.16745,-79.04447,2024-09-16T19:05:44.000000Z
2024,260.79565972222224,43.16745,-79.04447,2024-09-16T19:05:45.000000Z
2024,260.79567129629635,43.16745,-79.04447,2024-09-16T19:05:46.000000Z
2024,260.7956828703704,43.16745,-79.04447,2024-09-16T19:05:47.000000Z
2024,260.79569444444445,43.16746,-79.04447,2024-09-16T19:05:48.000000Z
2024,260.79570601851856,43.16746,-79.04447,2024-09-16T19:05:49.000000Z
2024,260.7957175925926,43.16746,-79.04447,2024-09-16T19:05:50.000000Z
2024,260.7957291666667,43.16746,-79.04447,2024-09-16T19:05:51.000000Z
2024,260.79574074074077,43.16746,-79.04447,2024-09-16T19:05:52.000000Z
2024,260.7957523148148,43.16746,-79.04447,2024-09-16T19:05:53.000000Z
2024,260.7957638888889,43.16746,-79.04447,2024-09-16T19:05:54.000000Z
2024,260.795775462963,43.16747,-79.04447,2024-09-16T19:05:55.000000Z
2024,260.7957870370371,43.16747,-79.04447,2024-09-16T19:05:56.000000Z
2024,260.79579861111114,43.16747,-79.04447,2024-09-16T19:05:57.000000Z
2024,260.7958101851852,43.16747,-79.04447,2024-09-16T19:05:58.000000Z
2024,260.7958217592593,43.16747,-79.04447,2024-09-16T19:05:59.000000Z
2024,260.79583333333335,43.16748,-79.04447,2024-09-16T19:06:00.000000Z
2024,260.7958449074074,43.16748,-79.04447,2024-09-16T19:06:01.000000Z
2024,260.7958564814815,43.16748,-79.04447,2024-09-16T19:06:02.000000Z
2024,260.79586805555556,43.16748,-79.04447,2024-09-16T19:06:03.000000Z
2024,260.79587962962967,43.16748,-79.04447,2024-09-16T19:06:04.000000Z
2024,260.7958912037037,43.16748,-79.04447,2024-09-16T19:06:05.000000Z
2024,260.79590277777777,43.16749,-79.04447,2024-09-16T19:06:06.000000Z
2024,260.7959143518519,43.16749,-79.04447,2024-09-16T19:06:07.000000Z
2024,260.7959259259259,43.16749,-79.04448,2024-09-16T19:06:08.000000Z
2024,260.79593750000004,43.16749,-79.04448,2024-09-16T19:06:09.000000Z
2024,260.7959490740741,43.16749,-79.04448,2024-09-16T19:06:10.000000Z
2024,260.79596064814814,43.1675,-79.04449,2024-09-16T19:06:11.000000Z
2024,260.79597222222225,43.1675,-79.0445,2024-09-16T19:06:12.000000Z
2024,260.7959837962963,43.1675,-79.0445,2024-09-16T19:06:13.000000Z
2024,260.7959953703704,43.16751,-79.0445,2024-09-16T19:06:14.000000Z
2024,260.79600694444446,43.16751,-79.0445,2024-09-16T19:06:15.000000Z
2024,260.7960185185185,43.16751,-79.04451,2024-09-16T19:06:16.000000Z
2024,260.7960300925926,43.16751,-79.04451,2024-09-16T19:06:17.000000Z
2024,260.79604166666667,43.16751,-79.04451,2024-09-16T19:06:18.000000Z
2024,260.7960532407408,43.16751,-79.04451,2024-09-16T19:06:19.000000Z
2024,260.7960648148148,43.16751,-79.04451,2024-09-16T19:06:20.000000Z
2024,260.7960763888889,43.16752,-79.04451,2024-09-16T19:06:21.000000Z
2024,260.796087962963,43.16752,-79.04452,2024-09-16T19:06:22.000000Z
2024,260.79609953703704,43.16752,-79.04452,2024-09-16T19:06:23.000000Z
2024,260.79611111111114,43.16752,-79.04452,2024-09-16T19:06:24.000000Z
2024,260.7961226851852,43.16753,-79.04452,2024-09-16T19:06:25.000000Z
2024,260.79613425925925,43.16753,-79.04452,2024-09-16T19:06:26.000000Z
2024,260.79614583333336,43.16753,-79.04452,2024-09-16T19:06:27.000000Z
2024,260.7961574074074,43.16753,-79.04452,2024-09-16T19:06:28.000000Z
2024,260.7961689814815,43.16753,-79.04452,2024-09-16T19:06:29.000000Z
2024,260.79618055555557,43.16753,-79.04453,2024-09-16T19:06:30.000000Z
2024,260.7961921296296,43.16753,-79.04453,2024-09-16T19:06:31.000000Z
2024,260.7962037037037,43.16753,-79.04453,2024-09-16T19:06:32.000000Z
2024,260.7962152777778,43.16753,-79.04453,2024-09-16T19:06:33.000000Z
2024,260.7962268518519,43.16753,-79.04453,2024-09-16T19:06:34.000000Z
2024,260.79623842592594,43.16753,-79.04453,2024-09-16T19:06:35.000000Z
2024,260.79625000000004,43.16753,-79.04453,2024-09-16T19:06:36.000000Z
2024,260.7962615740741,43.16754,-79.04453,2024-09-16T19:06:37.000000Z
2024,260.79627314814815,43.16754,-79.04453,2024-09-16T19:06:38.000000Z
2024,260.79628472222225,43.16754,-79.04453,2024-09-16T19:06:39.000000Z
2024,260.7962962962963,43.16754,-79.04453,2024-09-16T19:06:40.000000Z
2024,260.7963078703704,43.16753,-79.04453,2024-09-16T19:06:41.000000Z
2024,260.79631944444446,43.16753,-79.04452,2024-09-16T19:06:42.000000Z
2024,260.7963310185185,43.16753,-79.04452,2024-09-16T19:06:43.000000Z
2024,260.7963425925926,43.16753,-79.04452,2024-09-16T19:06:44.000000Z
2024,260.7963541666667,43.16753,-79.04452,2024-09-16T19:06:45.000000Z
2024,260.7963657407408,43.16753,-79.04451,2024-09-16T19:06:46.000000Z
2024,260.79637731481483,43.16753,-79.04451,2024-09-16T19:06:47.000000Z
2024,260.7963888888889,43.16753,-79.04451,2024-09-16T19:06:48.000000Z
2024,260.796400462963,43.16753,-79.04451,2024-09-16T19:06:49.000000Z
2024,260.79641203703704,43.16753,-79.04451,2024-09-16T19:06:50.000000Z
2024,260.79642361111115,43.16753,-79.04451,2024-09-16T19:06:51.000000Z
2024,260.7964351851852,43.16753,-79.0445,2024-09-16T19:06:52.000000Z
2024,260.79644675925925,43.16753,-79.0445,2024-09-16T19:06:53.000000Z
2024,260.79645833333336,43.16753,-79.0445,2024-09-16T19:06:54.000000Z
2024,260.7964699074074,43.16752,-79.0445,2024-09-16T19:06:55.000000Z
2024,260.7964814814815,43.16752,-79.0445,2024-09-16T19:06:56.000000Z
2024,260.7964930555556,43.16752,-79.0445,2024-09-16T19:06:57.000000Z
2024,260.7965046296296,43.16752,-79.0445,2024-09-16T19:06:58.000000Z
2024,260.79651620370373,43.16752,-79.0445,2024-09-16T19:06:59.000000Z
2024,260.7965277777778,43.16752,-79.0445,2024-09-16T19:07:00.000000Z
2024,260.79653935185183,43.16752,-79.0445,2024-09-16T19:07:01.000000Z
2024,260.79655092592594,43.16751,-79.0445,2024-09-16T19:07:02.000000Z
2024,260.7965625,43.16751,-79.0445,2024-09-16T19:07:03.000000Z
2024,260.7965740740741,43.16751,-79.04449,2024-09-16T19:07:04.000000Z
2024,260.79658564814815,43.16751,-79.04449,2024-09-16T19:07:05.000000Z
2024,260.7965972222222,43.16751,-79.04449,2024-09-16T19:07:06.000000Z
2024,260.7966087962963,43.16751,-79.04449,2024-09-16T19:07:07.000000Z
2024,260.79662037037036,43.16751,-79.04449,2024-09-16T19:07:08.000000Z
2024,260.79663194444447,43.16751,-79.04449,2024-09-16T19:07:09.000000Z
2024,260.7966435185185,43.1675,-79.04448,2024-09-16T19:07:10.000000Z
2024,260.7966550925926,43.1675,-79.04448,2024-09-16T19:07:11.000000Z
2024,260.7966666666667,43.1675,-79.04447,2024-09-16T19:07:12.000000Z
2024,260.79667824074073,43.1675,-79.04447,2024-09-16T19:07:13.000000Z
2024,260.79668981481484,43.1675,-79.04447,2024-09-16T19:07:14.000000Z
2024,260.7967013888889,43.1675,-79.04447,2024-09-16T19:07:15.000000Z
2024,260.79671296296294,43.1675,-79.04448,2024-09-16T19:07:16.000000Z
2024,260.79672453703705,43.1675,-79.04448,2024-09-16T19:07:17.000000Z
2024,260.7967361111111,43.1675,-79.0445,2024-09-16T19:07:18.000000Z
2024,260.7967476851852,43.1675,-79.04449,2024-09-16T19:07:19.000000Z
2024,260.79675925925926,43.1675,-79.0445,2024-09-16T19:07:20.000000Z
2024,260.7967708333333,43.1675,-79.0445,2024-09-16T19:07:21.000000Z
2024,260.7967824074074,43.1675,-79.04452,2024-09-16T19:07:22.000000Z
2024,260.79679398148147,43.1675,-79.04451,2024-09-16T19:07:23.000000Z
2024,260.79681712962963,43.1675,-79.04453,2024-09-16T19:07:25.000000Z
2024,260.7968287037037,43.1675,-79.04453,2024-09-16T19:07:26.000000Z
2024,260.7968402777778,43.1675,-79.04453,2024-09-16T19:07:27.000000Z
2024,260.79685185185184,43.1675,-79.04453,2024-09-16T19:07:28.000000Z
2024,260.79686342592595,43.16749,-79.04452,2024-09-16T19:07:29.000000Z
2024,260.796875,43.16749,-79.04453,2024-09-16T19:07:30.000000Z
2024,260.79688657407405,43.16749,-79.04455,2024-09-16T19:07:31.000000Z
2024,260.79689814814816,43.16749,-79.04456,2024-09-16T19:07:32.000000Z
2024,260.7969097222222,43.16749,-79.04457,2024-09-16T19:07:33.000000Z
2024,260.7969212962963,43.16749,-79.04458,2024-09-16T19:07:34.000000Z
2024,260.79693287037037,43.16749,-79.04459,2024-09-16T19:07:35.000000Z
2024,260.7969444444445,43.16748,-79.0446,2024-09-16T19:07:36.000000Z
2024,260.79695601851853,43.16748,-79.0446,2024-09-16T19:07:37.000000Z
2024,260.7969675925926,43.16748,-79.0446,2024-09-16T19:07:38.000000Z
2024,260.7969791666667,43.16747,-79.04461,2024-09-16T19:07:39.000000Z
2024,260.79699074074074,43.16746,-79.04462,2024-09-16T19:07:40.000000Z
2024,260.79700231481485,43.16746,-79.04462,2024-09-16T19:07:41.000000Z
2024,260.7970138888889,43.16746,-79.04462,2024-09-16T19:07:42.000000Z
2024,260.79702546296295,43.16745,-79.04463,2024-09-16T19:07:43.000000Z
2024,260.79703703703706,43.16744,-79.04463,2024-09-16T19:07:44.000000Z
2024,260.7970486111111,43.16744,-79.04463,2024-09-16T19:07:45.000000Z
2024,260.7970601851852,43.16743,-79.04463,2024-09-16T19:07:46.000000Z
2024,260.79707175925927,43.16743,-79.04463,2024-09-16T19:07:47.000000Z
2024,260.7970833333333,43.16743,-79.04463,2024-09-16T19:07:48.000000Z
2024,260.7970949074074,43.16742,-79.04463,2024-09-16T19:07:49.000000Z
2024,260.7971064814815,43.16743,-79.04463,2024-09-16T19:07:50.000000Z
2024,260.7971180555556,43.16743,-79.04463,2024-09-16T19:07:51.000000Z
2024,260.79712962962964,43.16742,-79.04463,2024-09-16T19:07:52.000000Z
2024,260.7971412037037,43.16742,-79.04463,2024-09-16T19:07:53.000000Z
2024,260.7971527777778,43.16741,-79.04463,2024-09-16T19:07:54.000000Z
2024,260.79716435185185,43.16741,-79.04463,2024-09-16T19:07:55.000000Z
2024,260.79717592592596,43.16741,-79.04463,2024-09-16T19:07:56.000000Z
2024,260.7971875,43.16741,-79.04463,2024-09-16T19:07:57.000000Z
2024,260.79719907407406,43.16741,-79.04463,2024-09-16T19:07:58.000000Z
2024,260.79721064814817,43.16741,-79.04463,2024-09-16T19:07:59.000000Z
2024,260.7972222222222,43.16741,-79.04463,2024-09-16T19:08:00.000000Z
2024,260.79723379629627,43.16741,-79.04463,2024-09-16T19:08:01.000000Z
2024,260.7972453703704,43.1674,-79.04463,2024-09-16T19:08:02.000000Z
2024,260.7972569444444,43.1674,-79.04463,2024-09-16T19:08:03.000000Z
2024,260.79726851851854,43.1674,-79.04463,2024-09-16T19:08:04.000000Z
2024,260.7972800925926,43.1674,-79.04463,2024-09-16T19:08:05.000000Z
2024,260.79729166666664,43.1674,-79.04463,2024-09-16T19:08:06.000000Z
2024,260.79730324074075,43.1674,-79.04463,2024-09-16T19:08:07.000000Z
2024,260.7973148148148,43.1674,-79.04463,2024-09-16T19:08:08.000000Z
2024,260.7973263888889,43.1674,-79.04463,2024-09-16T19:08:09.000000Z
2024,260.79733796296296,43.1674,-79.04463,2024-09-16T19:08:10.000000Z
2024,260.797349537037,43.1674,-79.04462,2024-09-16T19:08:11.000000Z
2024,260.7973611111111,43.1674,-79.04462,2024-09-16T19:08:12.000000Z
2024,260.79737268518517,43.1674,-79.04462,2024-09-16T19:08:13.000000Z
2024,260.7973842592593,43.1674,-79.04462,2024-09-16T19:08:14.000000Z
2024,260.7973958333333,43.1674,-79.04462,2024-09-16T19:08:15.000000Z
2024,260.7974074074074,43.1674,-79.04462,2024-09-16T19:08:16.000000Z
2024,260.7974189814815,43.1674,-79.04462,2024-09-16T19:08:17.000000Z
2024,260.79743055555554,43.1674,-79.04462,2024-09-16T19:08:18.000000Z
2024,260.79744212962964,43.1674,-79.04462,2024-09-16T19:08:19.000000Z
2024,260.7974537037037,43.1674,-79.04462,2024-09-16T19:08:20.000000Z
2024,260.79746527777775,43.1674,-79.04462,2024-09-16T19:08:21.000000Z
2024,260.79747685185185,43.1674,-79.04462,2024-09-16T19:08:22.000000Z
2024,260.7974884259259,43.1674,-79.04462,2024-09-16T19:08:23.000000Z
2024,260.7975,43.16741,-79.04462,2024-09-16T19:08:24.000000Z
2024,260.79751157407406,43.16741,-79.04463,2024-09-16T19:08:25.000000Z
2024,260.7975231481481,43.16741,-79.04463,2024-09-16T19:08:26.000000Z
2024,260.7975347222222,43.16741,-79.04463,2024-09-16T19:08:27.000000Z
2024,260.7975462962963,43.16741,-79.04463,2024-09-16T19:08:28.000000Z
2024,260.7975578703704,43.16742,-79.04463,2024-09-16T19:08:29.000000Z
2024,260.79756944444443,43.16742,-79.04463,2024-09-16T19:08:30.000000Z
2024,260.7975925925926,43.16743,-79.04463,2024-09-16T19:08:32.000000Z
2024,260.79760416666664,43.16743,-79.04462,2024-09-16T19:08:33.000000Z
2024,260.79761574074075,43.16744,-79.04462,2024-09-16T19:08:34.000000Z
2024,260.7976273148148,43.16744,-79.04462,2024-09-16T19:08:35.000000Z
2024,260.7976388888889,43.16744,-79.04462,2024-09-16T19:08:36.000000Z
2024,260.79765046296296,43.16744,-79.04462,2024-09-16T19:08:37.000000Z
2024,260.797662037037,43.16745,-79.04462,2024-09-16T19:08:38.000000Z
2024,260.7976736111111,43.16745,-79.04462,2024-09-16T19:08:39.000000Z
2024,260.7976851851852,43.16745,-79.04462,2024-09-16T19:08:40.000000Z
2024,260.7976967592593,43.16746,-79.04462,2024-09-16T19:08:41.000000Z
2024,260.79770833333333,43.16746,-79.04461,2024-09-16T19:08:42.000000Z
2024,260.7977199074074,43.16746,-79.04461,2024-09-16T19:08:43.000000Z
2024,260.7977314814815,43.16746,-79.04461,2024-09-16T19:08:44.000000Z
2024,260.79774305555554,43.16746,-79.04461,2024-09-16T19:08:45.000000Z
2024,260.79775462962965,43.16746,-79.04461,2024-09-16T19:08:46.000000Z
2024,260.7977662037037,43.16746,-79.04461,2024-09-16T19:08:47.000000Z
2024,260.79777777777775,43.16747,-79.04461,2024-09-16T19:08:48.000000Z
2024,260.79778935185186,43.16747,-79.04461,2024-09-16T19:08:49.000000Z
2024,260.7978009259259,43.16747,-79.04461,2024-09-16T19:08:50.000000Z
2024,260.7978125,43.16747,-79.04461,2024-09-16T19:08:51.000000Z
2024,260.7978240740741,43.16747,-79.04461,2024-09-16T19:08:52.000000Z
2024,260.7978356481481,43.16747,-79.0446,2024-09-16T19:08:53.000000Z
2024,260.79784722222223,43.16747,-79.0446,2024-09-16T19:08:54.000000Z
2024,260.7978587962963,43.16748,-79.0446,2024-09-16T19:08:55.000000Z
2024,260.7978703703704,43.16748,-79.0446,2024-09-16T19:08:56.000000Z
2024,260.79788194444444,43.16748,-79.0446,2024-09-16T19:08:57.000000Z
2024,260.7978935185185,43.16748,-79.0446,2024-09-16T19:08:58.000000Z
2024,260.7979050925926,43.16748,-79.0446,2024-09-16T19:08:59.000000Z
2024,260.7979166666667,43.16748,-79.0446,2024-09-16T19:09:00.000000Z
2024,260.79792824074076,43.16748,-79.0446,2024-09-16T19:09:01.000000Z
2024,260.79793981481487,43.16748,-79.0446,2024-09-16T19:09:02.000000Z
2024,260.7979513888889,43.16748,-79.0446,2024-09-16T19:09:03.000000Z
2024,260.797962962963,43.16748,-79.0446,2024-09-16T19:09:04.000000Z
2024,260.7979745370371,43.16749,-79.0446,2024-09-16T19:09:05.000000Z
2024,260.79798611111113,43.16749,-79.0446,2024-09-16T19:09:06.000000Z
2024,260.79799768518524,43.16749,-79.0446,2024-09-16T19:09:07.000000Z
2024,260.7980092592593,43.16749,-79.0446,2024-09-16T19:09:08.000000Z
2024,260.7980208333334,43.16749,-79.0446,2024-09-16T19:09:09.000000Z
2024,260.79803240740745,43.16749,-79.0446,2024-09-16T19:09:10.000000Z
2024,260.7980439814815,43.16749,-79.0446,2024-09-16T19:09:11.000000Z
2024,260.7980555555556,43.16749,-79.0446,2024-09-16T19:09:12.000000Z
2024,260.79806712962966,43.16749,-79.04459,2024-09-16T19:09:13.000000Z
2024,260.79807870370377,43.16749,-79.04458,2024-09-16T19:09:14.000000Z
2024,260.7980902777778,43.16749,-79.04458,2024-09-16T19:09:15.000000Z
2024,260.79810185185187,43.16749,-79.04457,2024-09-16T19:09:16.000000Z
2024,260.798113425926,43.1675,-79.04457,2024-09-16T19:09:17.000000Z
2024,260.798125,43.1675,-79.04457,2024-09-16T19:09:18.000000Z
2024,260.79813657407414,43.1675,-79.04456,2024-09-16T19:09:19.000000Z
2024,260.7981481481482,43.1675,-79.04456,2024-09-16T19:09:20.000000Z
2024,260.79815972222224,43.16751,-79.04455,2024-09-16T19:09:21.000000Z
2024,260.79817129629635,43.16751,-79.04455,2024-09-16T19:09:22.000000Z
2024,260.7981828703704,43.16751,-79.04455,2024-09-16T19:09:23.000000Z
2024,260.7981944444445,43.16751,-79.04455,2024-09-16T19:09:24.000000Z
2024,260.79820601851856,43.16751,-79.04454,2024-09-16T19:09:25.000000Z
2024,260.7982175925926,43.16751,-79.04454,2024-09-16T19:09:26.000000Z
2024,260.7982291666667,43.16751,-79.04454,2024-09-16T19:09:27.000000Z
2024,260.79824074074077,43.16751,-79.04453,2024-09-16T19:09:28.000000Z
2024,260.7982523148149,43.16751,-79.04453,2024-09-16T19:09:29.000000Z
2024,260.7982638888889,43.16751,-79.04453,2024-09-16T19:09:30.000000Z
2024,260.798275462963,43.16751,-79.04452,2024-09-16T19:09:31.000000Z
2024,260.7982870370371,43.16751,-79.04451,2024-09-16T19:09:32.000000Z
2024,260.79829861111114,43.16751,-79.04451,2024-09-16T19:09:33.000000Z
2024,260.79831018518524,43.16751,-79.04451,2024-09-16T19:09:34.000000Z
2024,260.7983217592593,43.16751,-79.0445,2024-09-16T19:09:35.000000Z
2024,260.7983333333334,43.16751,-79.0445,2024-09-16T19:09:36.000000Z
2024,260.79834490740745,43.16751,-79.0445,2024-09-16T19:09:37.000000Z
2024,260.7983564814815,43.16751,-79.0445,2024-09-16T19:09:38.000000Z
2024,260.7983680555556,43.16751,-79.0445,2024-09-16T19:09:39.000000Z
2024,260.79837962962966,43.16751,-79.04449,2024-09-16T19:09:40.000000Z
2024,260.7983912037038,43.16751,-79.04449,2024-09-16T19:09:41.000000Z
2024,260.7984027777778,43.16751,-79.04449,2024-09-16T19:09:42.000000Z
2024,260.7984143518519,43.16751,-79.04448,2024-09-16T19:09:43.000000Z
2024,260.798425925926,43.16751,-79.04448,2024-09-16T19:09:44.000000Z
2024,260.79843750000003,43.16751,-79.04448,2024-09-16T19:09:45.000000Z
2024,260.79844907407414,43.16751,-79.04447,2024-09-16T19:09:46.000000Z
2024,260.7984606481482,43.16751,-79.04447,2024-09-16T19:09:47.000000Z
2024,260.79847222222224,43.16751,-79.04447,2024-09-16T19:09:48.000000Z
2024,260.79848379629635,43.16752,-79.04447,2024-09-16T19:09:49.000000Z
2024,260.7984953703704,43.16752,-79.04447,2024-09-16T19:09:50.000000Z
2024,260.7985069444445,43.16752,-79.04447,2024-09-16T19:09:51.000000Z
2024,260.79851851851856,43.16752,-79.04446,2024-09-16T19:09:52.000000Z
2024,260.7985300925926,43.16752,-79.04446,2024-09-16T19:09:53.000000Z
2024,260.7985416666667,43.16752,-79.04446,2024-09-16T19:09:54.000000Z
2024,260.7985532407408,43.16752,-79.04446,2024-09-16T19:09:55.000000Z
2024,260.7985648148149,43.16752,-79.04445,2024-09-16T19:09:56.000000Z
2024,260.79857638888893,43.16752,-79.04445,2024-09-16T19:09:57.000000Z
2024,260.798587962963,43.16752,-79.04445,2024-09-16T19:09:58.000000Z
2024,260.7985995370371,43.16752,-79.04445,2024-09-16T19:09:59.000000Z
2024,260.79861111111114,43.16753,-79.04444,2024-09-16T19:10:00.000000Z
2024,260.7986226851852,43.16753,-79.04444,2024-09-16T19:10:01.000000Z
2024,260.7986342592593,43.16753,-79.04444,2024-09-16T19:10:02.000000Z
2024,260.79864583333335,43.16753,-79.04444,2024-09-16T19:10:03.000000Z
2024,260.79865740740746,43.16753,-79.04444,2024-09-16T19:10:04.000000Z
2024,260.7986689814815,43.16753,-79.04444,2024-09-16T19:10:05.000000Z
2024,260.79868055555556,43.16753,-79.04444,2024-09-16T19:10:06.000000Z
2024,260.79869212962967,43.16753,-79.04444,2024-09-16T19:10:07.000000Z
2024,260.7987037037037,43.16753,-79.04444,2024-09-16T19:10:08.000000Z
2024,260.79871527777783,43.16753,-79.04444,2024-09-16T19:10:09.000000Z
2024,260.7987268518519,43.16753,-79.04444,2024-09-16T19:10:10.000000Z
2024,260.79873842592593,43.16753,-79.04444,2024-09-16T19:10:11.000000Z
2024,260.79875000000004,43.16753,-79.04444,2024-09-16T19:10:12.000000Z
2024,260.7987615740741,43.16753,-79.04444,2024-09-16T19:10:13.000000Z
2024,260.7987731481482,43.16753,-79.04444,2024-09-16T19:10:14.000000Z
2024,260.79878472222225,43.16753,-79.04445,2024-09-16T19:10:15.000000Z
2024,260.7987962962963,43.16753,-79.04445,2024-09-16T19:10:16.000000Z
2024,260.7988078703704,43.16753,-79.04445,2024-09-16T19:10:17.000000Z
2024,260.79881944444446,43.16752,-79.04445,2024-09-16T19:10:18.000000Z
2024,260.79883101851857,43.16752,-79.04446,2024-09-16T19:10:19.000000Z
2024,260.7988425925926,43.16752,-79.04446,2024-09-16T19:10:20.000000Z
2024,260.7988541666667,43.16752,-79.04446,2024-09-16T19:10:21.000000Z
2024,260.7988657407408,43.16752,-79.04446,2024-09-16T19:10:22.000000Z
2024,260.79887731481483,43.16752,-79.04446,2024-09-16T19:10:23.000000Z
2024,260.79888888888894,43.16752,-79.04447,2024-09-16T19:10:24.000000Z
2024,260.798900462963,43.16751,-79.04447,2024-09-16T19:10:25.000000Z
2024,260.79891203703704,43.16751,-79.04447,2024-09-16T19:10:26.000000Z
2024,260.79892361111115,43.16751,-79.04447,2024-09-16T19:10:27.000000Z
2024,260.7989351851852,43.1675,-79.04447,2024-09-16T19:10:28.000000Z
2024,260.7989467592593,43.1675,-79.04447,2024-09-16T19:10:29.000000Z
2024,260.79895833333336,43.16749,-79.04448,2024-09-16T19:10:30.000000Z
2024,260.7989699074074,43.16748,-79.04449,2024-09-16T19:10:31.000000Z
2024,260.7989814814815,43.16748,-79.04449,2024-09-16T19:10:32.000000Z
2024,260.79899305555557,43.16748,-79.04449,2024-09-16T19:10:33.000000Z
2024,260.7990046296297,43.16748,-79.04449,2024-09-16T19:10:34.000000Z
2024,260.79901620370373,43.16748,-79.04449,2024-09-16T19:10:35.000000Z
2024,260.79902777777784,43.16748,-79.04449,2024-09-16T19:10:36.000000Z
2024,260.7990393518519,43.16748,-79.04449,2024-09-16T19:10:37.000000Z
2024,260.79905092592594,43.16748,-79.04449,2024-09-16T19:10:38.000000Z
2024,260.79906250000005,43.16748,-79.04449,2024-09-16T19:10:39.000000Z
2024,260.7990740740741,43.16748,-79.04449,2024-09-16T19:10:40.000000Z
2024,260.7990856481482,43.16748,-79.04449,2024-09-16T19:10:41.000000Z
2024,260.79909722222226,43.16748,-79.04449,2024-09-16T19:10:42.000000Z
2024,260.7991087962963,43.16748,-79.04449,2024-09-16T19:10:43.000000Z
2024,260.7991203703704,43.16748,-79.04449,2024-09-16T19:10:44.000000Z
2024,260.7991435185186,43.16748,-79.04449,2024-09-16T19:10:46.000000Z
2024,260.7991550925926,43.16748,-79.04449,2024-09-16T19:10:47.000000Z
2024,260.7991666666667,43.16748,-79.04449,2024-09-16T19:10:48.000000Z
2024,260.7991782407408,43.16748,-79.04449,2024-09-16T19:10:49.000000Z
2024,260.79918981481484,43.16748,-79.04449,2024-09-16T19:10:50.000000Z
2024,260.79920138888895,43.16748,-79.04449,2024-09-16T19:10:51.000000Z
2024,260.799212962963,43.16748,-79.04449,2024-09-16T19:10:52.000000Z
2024,260.79922453703705,43.16748,-79.04449,2024-09-16T19:10:53.000000Z
2024,260.79923611111116,43.16748,-79.04449,2024-09-16T19:10:54.000000Z
2024,260.7992476851852,43.16748,-79.04449,2024-09-16T19:10:55.000000Z
2024,260.7992592592593,43.16748,-79.04449,2024-09-16T19:10:56.000000Z
2024,260.79927083333337,43.16748,-79.0445,2024-09-16T19:10:57.000000Z
2024,260.7992824074074,43.16747,-79.0445,2024-09-16T19:10:58.000000Z
2024,260.7992939814815,43.16747,-79.0445,2024-09-16T19:10:59.000000Z
2024,260.7993055555556,43.16747,-79.0445,2024-09-16T19:11:00.000000Z
2024,260.7993171296296,43.16746,-79.0445,2024-09-16T19:11:01.000000Z
2024,260.79932870370374,43.16746,-79.0445,2024-09-16T19:11:02.000000Z
2024,260.7993402777778,43.16746,-79.0445,2024-09-16T19:11:03.000000Z
2024,260.7993518518519,43.16746,-79.0445,2024-09-16T19:11:04.000000Z
2024,260.79936342592595,43.16746,-79.0445,2024-09-16T19:11:05.000000Z
2024,260.799375,43.16745,-79.0445,2024-09-16T19:11:06.000000Z
2024,260.7993865740741,43.16745,-79.0445,2024-09-16T19:11:07.000000Z
2024,260.79939814814816,43.16745,-79.0445,2024-09-16T19:11:08.000000Z
2024,260.79940972222226,43.16745,-79.0445,2024-09-16T19:11:09.000000Z
2024,260.7994212962963,43.16745,-79.0445,2024-09-16T19:11:10.000000Z
2024,260.79943287037037,43.16745,-79.0445,2024-09-16T19:11:11.000000Z
2024,260.7994444444445,43.16745,-79.0445,2024-09-16T19:11:12.000000Z
2024,260.7994560185185,43.16745,-79.0445,2024-09-16T19:11:13.000000Z
2024,260.79946759259263,43.16745,-79.0445,2024-09-16T19:11:14.000000Z
2024,260.7994791666667,43.16745,-79.0445,2024-09-16T19:11:15.000000Z
2024,260.79949074074074,43.16745,-79.0445,2024-09-16T19:11:16.000000Z
2024,260.79950231481484,43.16745,-79.0445,2024-09-16T19:11:17.000000Z
2024,260.7995138888889,43.16745,-79.0445,2024-09-16T19:11:18.000000Z
2024,260.799525462963,43.16745,-79.0445,2024-09-16T19:11:19.000000Z
2024,260.79953703703706,43.16745,-79.0445,2024-09-16T19:11:20.000000Z
2024,260.7995486111111,43.16745,-79.0445,2024-09-16T19:11:21.000000Z
2024,260.7995601851852,43.16745,-79.0445,2024-09-16T19:11:22.000000Z
2024,260.79957175925927,43.16746,-79.0445,2024-09-16T19:11:23.000000Z
2024,260.7995833333334,43.16746,-79.0445,2024-09-16T19:11:24.000000Z
2024,260.7995949074074,43.16746,-79.0445,2024-09-16T19:11:25.000000Z
2024,260.7996064814815,43.16746,-79.0445,2024-09-16T19:11:26.000000Z
2024,260.7996180555556,43.16746,-79.0445,2024-09-16T19:11:27.000000Z
2024,260.79962962962964,43.16747,-79.0445,2024-09-16T19:11:28.000000Z
2024,260.79964120370374,43.16747,-79.0445,2024-09-16T19:11:29.000000Z
2024,260.7996527777778,43.16747,-79.0445,2024-09-16T19:11:30.000000Z
2024,260.79966435185185,43.16747,-79.0445,2024-09-16T19:11:31.000000Z
2024,260.79967592592595,43.16747,-79.0445,2024-09-16T19:11:32.000000Z
2024,260.7996875,43.16747,-79.04451,2024-09-16T19:11:33.000000Z
2024,260.7996990740741,43.16747,-79.04451,2024-09-16T19:11:34.000000Z
2024,260.79971064814816,43.16747,-79.04451,2024-09-16T19:11:35.000000Z
2024,260.7997222222223,43.16747,-79.04451,2024-09-16T19:11:36.000000Z
2024,260.7997337962963,43.16747,-79.04451,2024-09-16T19:11:37.000000Z
2024,260.7997453703704,43.16747,-79.04451,2024-09-16T19:11:38.000000Z
2024,260.7997569444445,43.16747,-79.04451,2024-09-16T19:11:39.000000Z
2024,260.79976851851853,43.16747,-79.04451,2024-09-16T19:11:40.000000Z
2024,260.79978009259264,43.16747,-79.04451,2024-09-16T19:11:41.000000Z
2024,260.7997916666667,43.16747,-79.04451,2024-09-16T19:11:42.000000Z
2024,260.79980324074074,43.16747,-79.04451,2024-09-16T19:11:43.000000Z
2024,260.79981481481485,43.16747,-79.04451,2024-09-16T19:11:44.000000Z
2024,260.7998263888889,43.16747,-79.04451,2024-09-16T19:11:45.000000Z
2024,260.799837962963,43.16747,-79.04451,2024-09-16T19:11:46.000000Z
2024,260.79984953703706,43.16748,-79.04451,2024-09-16T19:11:47.000000Z
2024,260.7998611111111,43.16748,-79.04451,2024-09-16T19:11:48.000000Z
2024,260.7998726851852,43.16748,-79.04452,2024-09-16T19:11:49.000000Z
2024,260.7998842592593,43.16747,-79.04452,2024-09-16T19:11:50.000000Z
2024,260.7998958333334,43.16747,-79.04452,2024-09-16T19:11:51.000000Z
2024,260.79990740740743,43.16747,-79.04452,2024-09-16T19:11:52.000000Z
2024,260.7999189814815,43.16747,-79.04452,2024-09-16T19:11:53.000000Z
2024,260.7999305555556,43.16747,-79.04452,2024-09-16T19:11:54.000000Z
2024,260.79994212962964,43.16747,-79.04452,2024-09-16T19:11:55.000000Z
2024,260.79995370370375,43.16747,-79.04452,2024-09-16T19:11:56.000000Z
2024,260.7999652777778,43.16747,-79.04452,2024-09-16T19:11:57.000000Z
2024,260.79997685185185,43.16748,-79.04452,2024-09-16T19:11:58.000000Z
2024,260.79998842592596,43.16748,-79.04452,2024-09-16T19:11:59.000000Z
2024,260.8,43.16748,-79.04452,2024-09-16T19:12:00.000000Z
2024,260.80001157407406,43.16748,-79.04452,2024-09-16T19:12:01.000000Z
2024,260.80002314814817,43.16748,-79.04452,2024-09-16T19:12:02.000000Z
2024,260.8000347222222,43.16748,-79.04452,2024-09-16T19:12:03.000000Z
2024,260.80004629629633,43.16748,-79.04453,2024-09-16T19:12:04.000000Z
2024,260.8000578703704,43.16748,-79.04453,2024-09-16T19:12:05.000000Z
2024,260.80006944444443,43.16748,-79.04453,2024-09-16T19:12:06.000000Z
2024,260.80008101851854,43.16748,-79.04453,2024-09-16T19:12:07.000000Z
2024,260.8000925925926,43.16748,-79.04453,2024-09-16T19:12:08.000000Z
2024,260.8001041666667,43.16748,-79.04453,2024-09-16T19:12:09.000000Z
2024,260.80011574074075,43.16748,-79.04453,2024-09-16T19:12:10.000000Z
2024,260.8001273148148,43.16748,-79.04454,2024-09-16T19:12:11.000000Z
2024,260.8001388888889,43.16748,-79.04454,2024-09-16T19:12:12.000000Z
2024,260.80015046296296,43.16748,-79.04454,2024-09-16T19:12:13.000000Z
2024,260.80016203703707,43.16748,-79.04454,2024-09-16T19:12:14.000000Z
2024,260.8001736111111,43.16748,-79.04454,2024-09-16T19:12:15.000000Z
2024,260.80018518518517,43.16748,-79.04454,2024-09-16T19:12:16.000000Z
2024,260.8001967592593,43.16748,-79.04454,2024-09-16T19:12:17.000000Z
2024,260.80020833333333,43.16748,-79.04454,2024-09-16T19:12:18.000000Z
2024,260.80021990740744,43.16748,-79.04454,2024-09-16T19:12:19.000000Z
2024,260.8002314814815,43.16748,-79.04453,2024-09-16T19:12:20.000000Z
2024,260.80024305555554,43.16748,-79.04453,2024-09-16T19:12:21.000000Z
2024,260.80025462962965,43.16748,-79.04454,2024-09-16T19:12:22.000000Z
2024,260.8002662037037,43.16748,-79.04454,2024-09-16T19:12:23.000000Z
2024,260.8002777777778,43.16748,-79.04453,2024-09-16T19:12:24.000000Z
2024,260.80028935185186,43.16748,-79.04453,2024-09-16T19:12:25.000000Z
2024,260.8003009259259,43.16748,-79.04453,2024-09-16T19:12:26.000000Z
2024,260.8003125,43.16749,-79.04453,2024-09-16T19:12:27.000000Z
2024,260.80032407407407,43.16749,-79.04453,2024-09-16T19:12:28.000000Z
2024,260.8003356481482,43.16749,-79.04453,2024-09-16T19:12:29.000000Z
2024,260.80034722222223,43.16749,-79.04453,2024-09-16T19:12:30.000000Z
2024,260.8003587962963,43.16749,-79.04453,2024-09-16T19:12:31.000000Z
2024,260.8003703703704,43.1675,-79.04453,2024-09-16T19:12:32.000000Z
2024,260.80038194444444,43.1675,-79.04453,2024-09-16T19:12:33.000000Z
2024,260.80039351851855,43.1675,-79.04453,2024-09-16T19:12:34.000000Z
2024,260.8004050925926,43.16751,-79.04453,2024-09-16T19:12:35.000000Z
2024,260.8004166666667,43.16751,-79.04453,2024-09-16T19:12:36.000000Z
2024,260.80042824074076,43.16751,-79.04453,2024-09-16T19:12:37.000000Z
2024,260.8004398148148,43.16751,-79.04453,2024-09-16T19:12:38.000000Z
2024,260.8004513888889,43.16751,-79.04453,2024-09-16T19:12:39.000000Z
2024,260.80046296296297,43.16751,-79.04453,2024-09-16T19:12:40.000000Z
2024,260.8004745370371,43.16751,-79.04453,2024-09-16T19:12:41.000000Z
2024,260.8004861111111,43.16751,-79.04453,2024-09-16T19:12:42.000000Z
2024,260.8004976851852,43.16751,-79.04453,2024-09-16T19:12:43.000000Z
2024,260.8005092592593,43.16751,-79.04453,2024-09-16T19:12:44.000000Z
2024,260.80052083333334,43.16751,-79.04453,2024-09-16T19:12:45.000000Z
2024,260.80053240740745,43.16751,-79.04453,2024-09-16T19:12:46.000000Z
2024,260.8005439814815,43.16751,-79.04453,2024-09-16T19:12:47.000000Z
2024,260.80055555555555,43.16751,-79.04453,2024-09-16T19:12:48.000000Z
2024,260.80056712962966,43.16751,-79.04453,2024-09-16T19:12:49.000000Z
2024,260.8005787037037,43.16751,-79.04453,2024-09-16T19:12:50.000000Z
2024,260.8005902777778,43.16751,-79.04453,2024-09-16T19:12:51.000000Z
2024,260.80060185185187,43.16751,-79.04453,2024-09-16T19:12:52.000000Z
2024,260.8006134259259,43.16751,-79.04453,2024-09-16T19:12:53.000000Z
2024,260.800625,43.16751,-79.04453,2024-09-16T19:12:54.000000Z
2024,260.8006365740741,43.16751,-79.04453,2024-09-16T19:12:55.000000Z
2024,260.8006481481482,43.16751,-79.04453,2024-09-16T19:12:56.000000Z
2024,260.80065972222224,43.16751,-79.04453,2024-09-16T19:12:57.000000Z
2024,260.8006712962963,43.16751,-79.04453,2024-09-16T19:12:58.000000Z
2024,260.8006828703704,43.16751,-79.04453,2024-09-16T19:12:59.000000Z
2024,260.80069444444445,43.16751,-79.04453,2024-09-16T19:13:00.000000Z
2024,260.8007060185185,43.16751,-79.04453,2024-09-16T19:13:01.000000Z
2024,260.8007175925926,43.16751,-79.04453,2024-09-16T19:13:02.000000Z
2024,260.80072916666666,43.16751,-79.04453,2024-09-16T19:13:03.000000Z
2024,260.80074074074076,43.16751,-79.04453,2024-09-16T19:13:04.000000Z
2024,260.8007523148148,43.16751,-79.04453,2024-09-16T19:13:05.000000Z
2024,260.80076388888887,43.16751,-79.04453,2024-09-16T19:13:06.000000Z
2024,260.800775462963,43.16751,-79.04453,2024-09-16T19:13:07.000000Z
2024,260.800787037037,43.16751,-79.04453,2024-09-16T19:13:08.000000Z
2024,260.80079861111113,43.16751,-79.04453,2024-09-16T19:13:09.000000Z
2024,260.8008101851852,43.16751,-79.04453,2024-09-16T19:13:10.000000Z
2024,260.80082175925924,43.16751,-79.04453,2024-09-16T19:13:11.000000Z
2024,260.80083333333334,43.16751,-79.04453,2024-09-16T19:13:12.000000Z
2024,260.8008449074074,43.16751,-79.04453,2024-09-16T19:13:13.000000Z
2024,260.8008564814815,43.16751,-79.04453,2024-09-16T19:13:14.000000Z
2024,260.80086805555555,43.16751,-79.04453,2024-09-16T19:13:15.000000Z
2024,260.8008796296296,43.16751,-79.04453,2024-09-16T19:13:16.000000Z
2024,260.8008912037037,43.16751,-79.04453,2024-09-16T19:13:17.000000Z
2024,260.80090277777776,43.16751,-79.04453,2024-09-16T19:13:18.000000Z
2024,260.8009143518519,43.16751,-79.04453,2024-09-16T19:13:19.000000Z
2024,260.8009259259259,43.16751,-79.04453,2024-09-16T19:13:20.000000Z
2024,260.8009375,43.16751,-79.04453,2024-09-16T19:13:21.000000Z
2024,260.8009490740741,43.16751,-79.04453,2024-09-16T19:13:22.000000Z
2024,260.80096064814813,43.16751,-79.04453,2024-09-16T19:13:23.000000Z
2024,260.80097222222224,43.16751,-79.04453,2024-09-16T19:13:24.000000Z
2024,260.8009837962963,43.16751,-79.04453,2024-09-16T19:13:25.000000Z
2024,260.80099537037034,43.16751,-79.04454,2024-09-16T19:13:26.000000Z
2024,260.80100694444445,43.1675,-79.04454,2024-09-16T19:13:27.000000Z
2024,260.8010185185185,43.16751,-79.04455,2024-09-16T19:13:28.000000Z
2024,260.8010300925926,43.1675,-79.04455,2024-09-16T19:13:29.000000Z
2024,260.80104166666666,43.1675,-79.04456,2024-09-16T19:13:30.000000Z
2024,260.8010532407407,43.1675,-79.04456,2024-09-16T19:13:31.000000Z
2024,260.8010648148148,43.1675,-79.04456,2024-09-16T19:13:32.000000Z
2024,260.8010763888889,43.1675,-79.04456,2024-09-16T19:13:33.000000Z
2024,260.801087962963,43.1675,-79.04456,2024-09-16T19:13:34.000000Z
2024,260.80109953703703,43.1675,-79.04456,2024-09-16T19:13:35.000000Z
2024,260.80111111111114,43.1675,-79.04456,2024-09-16T19:13:36.000000Z
2024,260.8011226851852,43.1675,-79.04456,2024-09-16T19:13:37.000000Z
2024,260.80113425925924,43.1675,-79.04456,2024-09-16T19:13:38.000000Z
2024,260.80114583333335,43.1675,-79.04456,2024-09-16T19:13:39.000000Z
2024,260.8011574074074,43.1675,-79.04456,2024-09-16T19:13:40.000000Z
2024,260.8011689814815,43.1675,-79.04456,2024-09-16T19:13:41.000000Z
2024,260.80118055555556,43.1675,-79.04456,2024-09-16T19:13:42.000000Z
2024,260.8011921296296,43.1675,-79.04456,2024-09-16T19:13:43.000000Z
2024,260.8012037037037,43.1675,-79.04456,2024-09-16T19:13:44.000000Z
2024,260.80121527777777,43.16749,-79.04456,2024-09-16T19:13:45.000000Z
2024,260.8012268518519,43.16749,-79.04456,2024-09-16T19:13:46.000000Z
2024,260.80123842592593,43.16749,-79.04456,2024-09-16T19:13:47.000000Z
2024,260.80125,43.16749,-79.04456,2024-09-16T19:13:48.000000Z
2024,260.8012615740741,43.16749,-79.04457,2024-09-16T19:13:49.000000Z
2024,260.80127314814814,43.16748,-79.04457,2024-09-16T19:13:50.000000Z
2024,260.80128472222225,43.16748,-79.04457,2024-09-16T19:13:51.000000Z
2024,260.8012962962963,43.16748,-79.04457,2024-09-16T19:13:52.000000Z
2024,260.80130787037035,43.16748,-79.04457,2024-09-16T19:13:53.000000Z
2024,260.80131944444446,43.16748,-79.04457,2024-09-16T19:13:54.000000Z
2024,260.8013310185185,43.16748,-79.04457,2024-09-16T19:13:55.000000Z
2024,260.8013425925926,43.16748,-79.04457,2024-09-16T19:13:56.000000Z
2024,260.80135416666667,43.16748,-79.04456,2024-09-16T19:13:57.000000Z
2024,260.8013657407407,43.16748,-79.04456,2024-09-16T19:13:58.000000Z
2024,260.80137731481483,43.16748,-79.04456,2024-09-16T19:13:59.000000Z
2024,260.8013888888889,43.16748,-79.04456,2024-09-16T19:14:00.000000Z
2024,260.80140046296293,43.16748,-79.04456,2024-09-16T19:14:01.000000Z
2024,260.80141203703704,43.16748,-79.04456,2024-09-16T19:14:02.000000Z
2024,260.8014236111111,43.16748,-79.04456,2024-09-16T19:14:03.000000Z
2024,260.8014351851852,43.16748,-79.04456,2024-09-16T19:14:04.000000Z
2024,260.80144675925925,43.16748,-79.04456,2024-09-16T19:14:05.000000Z
2024,260.8014583333333,43.16748,-79.04456,2024-09-16T19:14:06.000000Z
2024,260.8014699074074,43.16748,-79.04456,2024-09-16T19:14:07.000000Z
2024,260.80148148148146,43.16747,-79.04455,2024-09-16T19:14:08.000000Z
2024,260.80149305555557,43.16747,-79.04455,2024-09-16T19:14:09.000000Z
2024,260.8015046296296,43.16747,-79.04455,2024-09-16T19:14:10.000000Z
2024,260.80151620370367,43.16747,-79.04455,2024-09-16T19:14:11.000000Z
2024,260.8015277777778,43.16747,-79.04455,2024-09-16T19:14:12.000000Z
2024,260.80153935185183,43.16747,-79.04455,2024-09-16T19:14:13.000000Z
2024,260.80155092592594,43.16747,-79.04455,2024-09-16T19:14:14.000000Z
2024,260.8015625,43.16747,-79.04455,2024-09-16T19:14:15.000000Z
2024,260.80157407407404,43.16747,-79.04455,2024-09-16T19:14:16.000000Z
2024,260.80158564814815,43.16747,-79.04455,2024-09-16T19:14:17.000000Z
2024,260.8015972222222,43.16747,-79.04455,2024-09-16T19:14:18.000000Z
2024,260.8016087962963,43.16747,-79.04455,2024-09-16T19:14:19.000000Z
2024,260.80162037037036,43.16747,-79.04455,2024-09-16T19:14:20.000000Z
2024,260.8016319444444,43.16747,-79.04455,2024-09-16T19:14:21.000000Z
2024,260.8016435185185,43.16747,-79.04455,2024-09-16T19:14:22.000000Z
2024,260.80165509259257,43.16747,-79.04455,2024-09-16T19:14:23.000000Z
2024,260.8016666666667,43.16747,-79.04455,2024-09-16T19:14:24.000000Z
2024,260.8016782407407,43.16747,-79.04455,2024-09-16T19:14:25.000000Z
2024,260.8016898148148,43.16747,-79.04455,2024-09-16T19:14:26.000000Z
2024,260.8017013888889,43.16747,-79.04455,2024-09-16T19:14:27.000000Z
2024,260.80171296296294,43.16747,-79.04455,2024-09-16T19:14:28.000000Z
2024,260.80172453703705,43.16747,-79.04455,2024-09-16T19:14:29.000000Z
2024,260.8017361111111,43.16747,-79.04455,2024-09-16T19:14:30.000000Z
2024,260.80174768518515,43.16747,-79.04455,2024-09-16T19:14:31.000000Z
2024,260.80175925925926,43.16747,-79.04455,2024-09-16T19:14:32.000000Z
2024,260.8017708333333,43.16747,-79.04455,2024-09-16T19:14:33.000000Z
2024,260.8017824074074,43.16747,-79.04455,2024-09-16T19:14:34.000000Z
2024,260.80179398148147,43.16747,-79.04455,2024-09-16T19:14:35.000000Z
2024,260.8018055555556,43.16747,-79.04455,2024-09-16T19:14:36.000000Z
2024,260.8018171296296,43.16747,-79.04455,2024-09-16T19:14:37.000000Z
2024,260.8018287037037,43.16747,-79.04455,2024-09-16T19:14:38.000000Z
2024,260.8018402777778,43.16747,-79.04455,2024-09-16T19:14:39.000000Z
2024,260.80185185185184,43.16747,-79.04455,2024-09-16T19:14:40.000000Z
2024,260.80186342592594,43.16748,-79.04455,2024-09-16T19:14:41.000000Z
2024,260.801875,43.16748,-79.04455,2024-09-16T19:14:42.000000Z
2024,260.80188657407405,43.16748,-79.04455,2024-09-16T19:14:43.000000Z
2024,260.80189814814815,43.16748,-79.04455,2024-09-16T19:14:44.000000Z
2024,260.8019097222222,43.16748,-79.04455,2024-09-16T19:14:45.000000Z
2024,260.8019212962963,43.16748,-79.04455,2024-09-16T19:14:46.000000Z
2024,260.80193287037036,43.16748,-79.04455,2024-09-16T19:14:47.000000Z
2024,260.8019444444444,43.16748,-79.04455,2024-09-16T19:14:48.000000Z
2024,260.8019560185185,43.16748,-79.04455,2024-09-16T19:14:49.000000Z
2024,260.8019675925926,43.16748,-79.04455,2024-09-16T19:14:50.000000Z
2024,260.8019791666667,43.16748,-79.04455,2024-09-16T19:14:51.000000Z
2024,260.80199074074073,43.16748,-79.04455,2024-09-16T19:14:52.000000Z
2024,260.8020023148148,43.16748,-79.04455,2024-09-16T19:14:53.000000Z
2024,260.8020138888889,43.16748,-79.04455,2024-09-16T19:14:54.000000Z
2024,260.80202546296294,43.16748,-79.04455,2024-09-16T19:14:55.000000Z
2024,260.80203703703705,43.16748,-79.04455,2024-09-16T19:14:56.000000Z
2024,260.8020486111111,43.16748,-79.04455,2024-09-16T19:14:57.000000Z
2024,260.80206018518516,43.16748,-79.04455,2024-09-16T19:14:58.000000Z
2024,260.80207175925926,43.16748,-79.04455,2024-09-16T19:14:59.000000Z
2024,260.80208333333337,43.16749,-79.04455,2024-09-16T19:15:00.000000Z
2024,260.8020949074074,43.16749,-79.04455,2024-09-16T19:15:01.000000Z
2024,260.80210648148153,43.16749,-79.04455,2024-09-16T19:15:02.000000Z
2024,260.8021180555556,43.16749,-79.04456,2024-09-16T19:15:03.000000Z
2024,260.8021296296297,43.16749,-79.04456,2024-09-16T19:15:04.000000Z
2024,260.80214120370374,43.16749,-79.04456,2024-09-16T19:15:05.000000Z
2024,260.8021527777778,43.16749,-79.04456,2024-09-16T19:15:06.000000Z
2024,260.8021643518519,43.16749,-79.04456,2024-09-16T19:15:07.000000Z
2024,260.80217592592595,43.16749,-79.04456,2024-09-16T19:15:08.000000Z
2024,260.80218750000006,43.16749,-79.04456,2024-09-16T19:15:09.000000Z
2024,260.8021990740741,43.16749,-79.04456,2024-09-16T19:15:10.000000Z
2024,260.80221064814816,43.16749,-79.04456,2024-09-16T19:15:11.000000Z
2024,260.80222222222227,43.16749,-79.04456,2024-09-16T19:15:12.000000Z
2024,260.8022337962963,43.16749,-79.04456,2024-09-16T19:15:13.000000Z
2024,260.80224537037043,43.16749,-79.04456,2024-09-16T19:15:14.000000Z
2024,260.8022569444445,43.16749,-79.04456,2024-09-16T19:15:15.000000Z
2024,260.80226851851853,43.16749,-79.04456,2024-09-16T19:15:16.000000Z
2024,260.80228009259264,43.16749,-79.04456,2024-09-16T19:15:17.000000Z
2024,260.8022916666667,43.16749,-79.04456,2024-09-16T19:15:18.000000Z
2024,260.8023032407408,43.16749,-79.04456,2024-09-16T19:15:19.000000Z
2024,260.80231481481485,43.16749,-79.04456,2024-09-16T19:15:20.000000Z
2024,260.8023263888889,43.1675,-79.04456,2024-09-16T19:15:21.000000Z
2024,260.802337962963,43.16749,-79.04456,2024-09-16T19:15:22.000000Z
2024,260.80234953703706,43.1675,-79.04457,2024-09-16T19:15:23.000000Z
2024,260.80236111111117,43.16749,-79.04456,2024-09-16T19:15:24.000000Z
2024,260.8023726851852,43.16749,-79.04457,2024-09-16T19:15:25.000000Z
2024,260.80238425925927,43.16749,-79.04457,2024-09-16T19:15:26.000000Z
2024,260.8023958333334,43.16749,-79.04457,2024-09-16T19:15:27.000000Z
2024,260.80240740740743,43.16749,-79.04457,2024-09-16T19:15:28.000000Z
2024,260.80241898148154,43.16749,-79.04457,2024-09-16T19:15:29.000000Z
2024,260.8024305555556,43.16749,-79.04457,2024-09-16T19:15:30.000000Z
2024,260.80244212962964,43.16749,-79.04456,2024-09-16T19:15:31.000000Z
2024,260.80245370370375,43.16749,-79.04456,2024-09-16T19:15:32.000000Z
2024,260.8024652777778,43.16749,-79.04456,2024-09-16T19:15:33.000000Z
2024,260.8024768518519,43.16749,-79.04456,2024-09-16T19:15:34.000000Z
2024,260.80248842592596,43.16749,-79.04455,2024-09-16T19:15:35.000000Z
2024,260.80250000000007,43.16749,-79.04455,2024-09-16T19:15:36.000000Z
2024,260.8025115740741,43.16749,-79.04455,2024-09-16T19:15:37.000000Z
2024,260.80252314814817,43.16749,-79.04455,2024-09-16T19:15:38.000000Z
2024,260.8025347222223,43.16749,-79.04455,2024-09-16T19:15:39.000000Z
2024,260.8025462962963,43.16749,-79.04455,2024-09-16T19:15:40.000000Z
2024,260.80255787037044,43.16749,-79.04454,2024-09-16T19:15:41.000000Z
2024,260.8025694444445,43.16749,-79.04454,2024-09-16T19:15:42.000000Z
2024,260.80258101851854,43.16749,-79.04454,2024-09-16T19:15:43.000000Z
2024,260.80259259259265,43.16749,-79.04454,2024-09-16T19:15:44.000000Z
2024,260.8026041666667,43.16749,-79.04454,2024-09-16T19:15:45.000000Z
2024,260.8026157407408,43.16749,-79.04454,2024-09-16T19:15:46.000000Z
2024,260.80262731481486,43.16749,-79.04454,2024-09-16T19:15:47.000000Z
2024,260.8026388888889,43.16749,-79.04454,2024-09-16T19:15:48.000000Z
2024,260.802650462963,43.16749,-79.04453,2024-09-16T19:15:49.000000Z
2024,260.80266203703707,43.16749,-79.04453,2024-09-16T19:15:50.000000Z
2024,260.8026736111112,43.16749,-79.04454,2024-09-16T19:15:51.000000Z
2024,260.8026851851852,43.16749,-79.04454,2024-09-16T19:15:52.000000Z
2024,260.8026967592593,43.16749,-79.04454,2024-09-16T19:15:53.000000Z
2024,260.8027083333334,43.16749,-79.04454,2024-09-16T19:15:54.000000Z
2024,260.80271990740744,43.16749,-79.04454,2024-09-16T19:15:55.000000Z
2024,260.80273148148154,43.1675,-79.04454,2024-09-16T19:15:56.000000Z
2024,260.8027430555556,43.1675,-79.04454,2024-09-16T19:15:57.000000Z
2024,260.80275462962965,43.1675,-79.04454,2024-09-16T19:15:58.000000Z
2024,260.80276620370375,43.1675,-79.04454,2024-09-16T19:15:59.000000Z
2024,260.8027777777778,43.1675,-79.04454,2024-09-16T19:16:00.000000Z
2024,260.80278935185186,43.1675,-79.04454,2024-09-16T19:16:01.000000Z
2024,260.80280092592596,43.1675,-79.04454,2024-09-16T19:16:02.000000Z
2024,260.8028125,43.1675,-79.04454,2024-09-16T19:16:03.000000Z
2024,260.8028240740741,43.1675,-79.04454,2024-09-16T19:16:04.000000Z
2024,260.8028356481482,43.1675,-79.04454,2024-09-16T19:16:05.000000Z
2024,260.8028472222222,43.1675,-79.04454,2024-09-16T19:16:06.000000Z
2024,260.80285879629633,43.1675,-79.04454,2024-09-16T19:16:07.000000Z
2024,260.8028703703704,43.1675,-79.04454,2024-09-16T19:16:08.000000Z
2024,260.8028819444445,43.1675,-79.04454,2024-09-16T19:16:09.000000Z
2024,260.80289351851854,43.1675,-79.04453,2024-09-16T19:16:10.000000Z
2024,260.8029050925926,43.1675,-79.04453,2024-09-16T19:16:11.000000Z
2024,260.8029166666667,43.1675,-79.04453,2024-09-16T19:16:12.000000Z
2024,260.80292824074075,43.1675,-79.04454,2024-09-16T19:16:13.000000Z
2024,260.80293981481486,43.1675,-79.04454,2024-09-16T19:16:14.000000Z
2024,260.8029513888889,43.1675,-79.04454,2024-09-16T19:16:15.000000Z
2024,260.80296296296297,43.1675,-79.04454,2024-09-16T19:16:16.000000Z
2024,260.8029745370371,43.1675,-79.04454,2024-09-16T19:16:17.000000Z
2024,260.8029861111111,43.1675,-79.04454,2024-09-16T19:16:18.000000Z
2024,260.80299768518523,43.1675,-79.04454,2024-09-16T19:16:19.000000Z
2024,260.8030092592593,43.1675,-79.04454,2024-09-16T19:16:20.000000Z
2024,260.80302083333333,43.1675,-79.04454,2024-09-16T19:16:21.000000Z
2024,260.80303240740744,43.1675,-79.04454,2024-09-16T19:16:22.000000Z
2024,260.8030439814815,43.1675,-79.04454,2024-09-16T19:16:23.000000Z
2024,260.8030555555556,43.1675,-79.04454,2024-09-16T19:16:24.000000Z
2024,260.80306712962965,43.1675,-79.04454,2024-09-16T19:16:25.000000Z
2024,260.8030787037037,43.1675,-79.04454,2024-09-16T19:16:26.000000Z
2024,260.8030902777778,43.1675,-79.04454,2024-09-16T19:16:27.000000Z
2024,260.80310185185186,43.1675,-79.04454,2024-09-16T19:16:28.000000Z
2024,260.80311342592597,43.1675,-79.04454,2024-09-16T19:16:29.000000Z
2024,260.803125,43.1675,-79.04454,2024-09-16T19:16:30.000000Z
2024,260.8031365740741,43.1675,-79.04454,2024-09-16T19:16:31.000000Z
2024,260.8031481481482,43.1675,-79.04454,2024-09-16T19:16:32.000000Z
2024,260.80315972222223,43.1675,-79.04454,2024-09-16T19:16:33.000000Z
2024,260.80317129629634,43.1675,-79.04454,2024-09-16T19:16:34.000000Z
2024,260.8031828703704,43.1675,-79.04454,2024-09-16T19:16:35.000000Z
2024,260.8031944444445,43.1675,-79.04454,2024-09-16T19:16:36.000000Z
2024,260.80320601851855,43.1675,-79.04454,2024-09-16T19:16:37.000000Z
2024,260.8032175925926,43.1675,-79.04454,2024-09-16T19:16:38.000000Z
2024,260.8032291666667,43.1675,-79.04454,2024-09-16T19:16:39.000000Z
2024,260.80324074074076,43.1675,-79.04454,2024-09-16T19:16:40.000000Z
2024,260.80325231481487,43.1675,-79.04454,2024-09-16T19:16:41.000000Z
2024,260.8032638888889,43.1675,-79.04454,2024-09-16T19:16:42.000000Z
2024,260.803275462963,43.16749,-79.04454,2024-09-16T19:16:43.000000Z
2024,260.8032870370371,43.16749,-79.04454,2024-09-16T19:16:44.000000Z
2024,260.80329861111113,43.16749,-79.04454,2024-09-16T19:16:45.000000Z
2024,260.80331018518524,43.16749,-79.04454,2024-09-16T19:16:46.000000Z
2024,260.8033217592593,43.16749,-79.04454,2024-09-16T19:16:47.000000Z
2024,260.80333333333334,43.16749,-79.04454,2024-09-16T19:16:48.000000Z
2024,260.80334490740745,43.16749,-79.04454,2024-09-16T19:16:49.000000Z
2024,260.8033564814815,43.16749,-79.04454,2024-09-16T19:16:50.000000Z
2024,260.8033680555556,43.16749,-79.04454,2024-09-16T19:16:51.000000Z
2024,260.80337962962966,43.16749,-79.04454,2024-09-16T19:16:52.000000Z
2024,260.8033912037037,43.16749,-79.04454,2024-09-16T19:16:53.000000Z
2024,260.8034027777778,43.16749,-79.04454,2024-09-16T19:16:54.000000Z
2024,260.80341435185187,43.16749,-79.04454,2024-09-16T19:16:55.000000Z
2024,260.803425925926,43.16749,-79.04454,2024-09-16T19:16:56.000000Z
2024,260.80343750000003,43.16749,-79.04454,2024-09-16T19:16:57.000000Z
2024,260.8034490740741,43.16749,-79.04454,2024-09-16T19:16:58.000000Z
2024,260.8034606481482,43.16749,-79.04454,2024-09-16T19:16:59.000000Z
2024,260.80347222222224,43.16749,-79.04454,2024-09-16T19:17:00.000000Z
2024,260.8034837962963,43.16749,-79.04454,2024-09-16T19:17:01.000000Z
2024,260.8034953703704,43.16749,-79.04454,2024-09-16T19:17:02.000000Z
2024,260.80350694444445,43.16749,-79.04454,2024-09-16T19:17:03.000000Z
2024,260.80351851851856,43.16749,-79.04454,2024-09-16T19:17:04.000000Z
2024,260.8035300925926,43.16749,-79.04454,2024-09-16T19:17:05.000000Z
2024,260.80354166666666,43.16749,-79.04454,2024-09-16T19:17:06.000000Z
2024,260.80355324074077,43.16749,-79.04454,2024-09-16T19:17:07.000000Z
2024,260.8035648148148,43.16749,-79.04454,2024-09-16T19:17:08.000000Z
2024,260.8035763888889,43.16749,-79.04454,2024-09-16T19:17:09.000000Z
2024,260.803587962963,43.16749,-79.04454,2024-09-16T19:17:10.000000Z
2024,260.80359953703703,43.16749,-79.04454,2024-09-16T19:17:11.000000Z
2024,260.80361111111114,43.16749,-79.04454,2024-09-16T19:17:12.000000Z
2024,260.8036226851852,43.16749,-79.04454,2024-09-16T19:17:13.000000Z
2024,260.8036342592593,43.16749,-79.04454,2024-09-16T19:17:14.000000Z
2024,260.80364583333335,43.16749,-79.04454,2024-09-16T19:17:15.000000Z
2024,260.8036574074074,43.16749,-79.04454,2024-09-16T19:17:16.000000Z
2024,260.8036689814815,43.16749,-79.04454,2024-09-16T19:17:17.000000Z
2024,260.80368055555556,43.16749,-79.04454,2024-09-16T19:17:18.000000Z
2024,260.80369212962967,43.16749,-79.04454,2024-09-16T19:17:19.000000Z
2024,260.8037037037037,43.16749,-79.04454,2024-09-16T19:17:20.000000Z
2024,260.80371527777777,43.16749,-79.04454,2024-09-16T19:17:21.000000Z
2024,260.8037268518519,43.16749,-79.04454,2024-09-16T19:17:22.000000Z
2024,260.8037384259259,43.16749,-79.04454,2024-09-16T19:17:23.000000Z
2024,260.80375000000004,43.16749,-79.04454,2024-09-16T19:17:24.000000Z
2024,260.8037615740741,43.16749,-79.04454,2024-09-16T19:17:25.000000Z
2024,260.80377314814814,43.16749,-79.04454,2024-09-16T19:17:26.000000Z
2024,260.80378472222225,43.16749,-79.04454,2024-09-16T19:17:27.000000Z
2024,260.8038078703704,43.16749,-79.04454,2024-09-16T19:17:29.000000Z
2024,260.80381944444446,43.16749,-79.04454,2024-09-16T19:17:30.000000Z
2024,260.8038310185185,43.16749,-79.04454,2024-09-16T19:17:31.000000Z
2024,260.8038425925926,43.16749,-79.04454,2024-09-16T19:17:32.000000Z
2024,260.80385416666667,43.16749,-79.04454,2024-09-16T19:17:33.000000Z
2024,260.8038657407408,43.16749,-79.04454,2024-09-16T19:17:34.000000Z
2024,260.8038773148148,43.16749,-79.04454,2024-09-16T19:17:35.000000Z
2024,260.80388888888893,43.16749,-79.04454,2024-09-16T19:17:36.000000Z
2024,260.803900462963,43.16749,-79.04454,2024-09-16T19:17:37.000000Z
2024,260.80391203703704,43.16749,-79.04454,2024-09-16T19:17:38.000000Z
2024,260.80392361111114,43.16749,-79.04454,2024-09-16T19:17:39.000000Z
2024,260.8039351851852,43.16749,-79.04454,2024-09-16T19:17:40.000000Z
2024,260.8039467592593,43.16749,-79.04454,2024-09-16T19:17:41.000000Z
2024,260.80395833333336,43.16749,-79.04454,2024-09-16T19:17:42.000000Z
2024,260.8039699074074,43.16749,-79.04454,2024-09-16T19:17:43.000000Z
2024,260.8039814814815,43.16749,-79.04454,2024-09-16T19:17:44.000000Z
2024,260.80399305555557,43.16749,-79.04454,2024-09-16T19:17:45.000000Z
2024,260.8040046296297,43.16749,-79.04454,2024-09-16T19:17:46.000000Z
2024,260.8040162037037,43.16749,-79.04454,2024-09-16T19:17:47.000000Z
2024,260.8040277777778,43.16749,-79.04454,2024-09-16T19:17:48.000000Z
2024,260.8040393518519,43.16749,-79.04454,2024-09-16T19:17:49.000000Z
2024,260.80405092592594,43.16749,-79.04454,2024-09-16T19:17:50.000000Z
2024,260.80406250000004,43.16749,-79.04454,2024-09-16T19:17:51.000000Z
2024,260.8040740740741,43.16749,-79.04454,2024-09-16T19:17:52.000000Z
2024,260.80408564814815,43.16749,-79.04454,2024-09-16T19:17:53.000000Z
2024,260.80409722222225,43.16749,-79.04454,2024-09-16T19:17:54.000000Z
2024,260.8041087962963,43.16749,-79.04454,2024-09-16T19:17:55.000000Z
2024,260.8041203703704,43.16749,-79.04454,2024-09-16T19:17:56.000000Z
2024,260.80413194444446,43.16749,-79.04454,2024-09-16T19:17:57.000000Z
2024,260.8041435185185,43.16749,-79.04454,2024-09-16T19:17:58.000000Z
2024,260.8041550925926,43.16749,-79.04454,2024-09-16T19:17:59.000000Z
2024,260.8041666666667,43.16749,-79.04454,2024-09-16T19:18:00.000000Z
2024,260.8041782407407,43.16749,-79.04454,2024-09-16T19:18:01.000000Z
2024,260.80418981481483,43.16749,-79.04454,2024-09-16T19:18:02.000000Z
2024,260.8042013888889,43.16749,-79.04454,2024-09-16T19:18:03.000000Z
2024,260.804212962963,43.16749,-79.04454,2024-09-16T19:18:04.000000Z
2024,260.80422453703704,43.16749,-79.04454,2024-09-16T19:18:05.000000Z
2024,260.8042361111111,43.16749,-79.04454,2024-09-16T19:18:06.000000Z
2024,260.8042476851852,43.16749,-79.04454,2024-09-16T19:18:07.000000Z
2024,260.80425925925925,43.16749,-79.04454,2024-09-16T19:18:08.000000Z
2024,260.80427083333336,43.16749,-79.04454,2024-09-16T19:18:09.000000Z
2024,260.8042824074074,43.16749,-79.04454,2024-09-16T19:18:10.000000Z
2024,260.80429398148146,43.16749,-79.04454,2024-09-16T19:18:11.000000Z
2024,260.8043055555556,43.16749,-79.04454,2024-09-16T19:18:12.000000Z
2024,260.8043171296296,43.16749,-79.04454,2024-09-16T19:18:13.000000Z
2024,260.80432870370373,43.16749,-79.04454,2024-09-16T19:18:14.000000Z
2024,260.8043402777778,43.16749,-79.04454,2024-09-16T19:18:15.000000Z
2024,260.80435185185183,43.16749,-79.04454,2024-09-16T19:18:16.000000Z
2024,260.80436342592594,43.16749,-79.04454,2024-09-16T19:18:17.000000Z
2024,260.804375,43.16749,-79.04454,2024-09-16T19:18:18.000000Z
2024,260.8043865740741,43.16749,-79.04454,2024-09-16T19:18:19.000000Z
2024,260.80439814814815,43.16749,-79.04454,2024-09-16T19:18:20.000000Z
2024,260.8044097222222,43.16749,-79.04454,2024-09-16T19:18:21.000000Z
2024,260.8044212962963,43.16749,-79.04454,2024-09-16T19:18:22.000000Z
2024,260.80443287037036,43.16749,-79.04454,2024-09-16T19:18:23.000000Z
2024,260.80444444444447,43.16749,-79.04454,2024-09-16T19:18:24.000000Z
2024,260.8044560185185,43.16749,-79.04454,2024-09-16T19:18:25.000000Z
2024,260.8044675925926,43.16749,-79.04454,2024-09-16T19:18:26.000000Z
2024,260.8044791666667,43.16749,-79.04454,2024-09-16T19:18:27.000000Z
2024,260.80449074074073,43.16749,-79.04454,2024-09-16T19:18:28.000000Z
2024,260.80450231481484,43.16749,-79.04454,2024-09-16T19:18:29.000000Z
2024,260.8045138888889,43.16749,-79.04454,2024-09-16T19:18:30.000000Z
2024,260.80452546296294,43.16749,-79.04454,2024-09-16T19:18:31.000000Z
2024,260.80453703703705,43.16749,-79.04454,2024-09-16T19:18:32.000000Z
2024,260.8045486111111,43.16749,-79.04454,2024-09-16T19:18:33.000000Z
2024,260.8045601851852,43.1675,-79.04454,2024-09-16T19:18:34.000000Z
2024,260.80458333333337,43.1675,-79.04454,2024-09-16T19:18:36.000000Z
2024,260.8045949074074,43.1675,-79.04454,2024-09-16T19:18:37.000000Z
2024,260.80460648148147,43.1675,-79.04454,2024-09-16T19:18:38.000000Z
2024,260.8046180555556,43.1675,-79.04454,2024-09-16T19:18:39.000000Z
2024,260.80462962962963,43.1675,-79.04453,2024-09-16T19:18:40.000000Z
2024,260.80464120370374,43.1675,-79.04453,2024-09-16T19:18:41.000000Z
2024,260.8046527777778,43.1675,-79.04453,2024-09-16T19:18:42.000000Z
2024,260.80466435185184,43.1675,-79.04452,2024-09-16T19:18:43.000000Z
2024,260.80467592592595,43.1675,-79.04452,2024-09-16T19:18:44.000000Z
2024,260.8046875,43.1675,-79.04452,2024-09-16T19:18:45.000000Z
2024,260.8046990740741,43.1675,-79.04452,2024-09-16T19:18:46.000000Z
2024,260.80471064814816,43.1675,-79.04452,2024-09-16T19:18:47.000000Z
2024,260.8047222222222,43.1675,-79.04452,2024-09-16T19:18:48.000000Z
2024,260.8047337962963,43.1675,-79.04452,2024-09-16T19:18:49.000000Z
2024,260.80474537037037,43.1675,-79.04452,2024-09-16T19:18:50.000000Z
2024,260.8047569444445,43.1675,-79.04452,2024-09-16T19:18:51.000000Z
2024,260.80476851851853,43.1675,-79.04452,2024-09-16T19:18:52.000000Z
2024,260.8047800925926,43.1675,-79.04452,2024-09-16T19:18:53.000000Z
2024,260.8047916666667,43.1675,-79.04452,2024-09-16T19:18:54.000000Z
2024,260.80480324074074,43.1675,-79.04452,2024-09-16T19:18:55.000000Z
2024,260.80481481481485,43.1675,-79.04452,2024-09-16T19:18:56.000000Z
2024,260.8048263888889,43.1675,-79.04452,2024-09-16T19:18:57.000000Z
2024,260.80483796296295,43.1675,-79.04452,2024-09-16T19:18:58.000000Z
2024,260.80484953703706,43.1675,-79.04451,2024-09-16T19:18:59.000000Z
2024,260.8048611111111,43.1675,-79.04451,2024-09-16T19:19:00.000000Z
2024,260.80487268518516,43.1675,-79.04451,2024-09-16T19:19:01.000000Z
2024,260.80488425925927,43.1675,-79.04451,2024-09-16T19:19:02.000000Z
2024,260.8048958333333,43.1675,-79.04451,2024-09-16T19:19:03.000000Z
2024,260.8049074074074,43.16749,-79.04451,2024-09-16T19:19:04.000000Z
2024,260.8049189814815,43.16749,-79.04451,2024-09-16T19:19:05.000000Z
2024,260.80493055555553,43.16749,-79.04451,2024-09-16T19:19:06.000000Z
2024,260.80494212962964,43.16749,-79.04451,2024-09-16T19:19:07.000000Z
2024,260.8049537037037,43.16749,-79.04451,2024-09-16T19:19:08.000000Z
2024,260.8049652777778,43.16748,-79.04451,2024-09-16T19:19:09.000000Z
2024,260.80497685185185,43.16748,-79.04451,2024-09-16T19:19:10.000000Z
2024,260.8049884259259,43.16748,-79.04451,2024-09-16T19:19:11.000000Z
2024,260.805,43.16749,-79.04452,2024-09-16T19:19:12.000000Z
2024,260.80501157407406,43.16749,-79.04452,2024-09-16T19:19:13.000000Z
2024,260.80502314814817,43.16749,-79.04452,2024-09-16T19:19:14.000000Z
2024,260.8050347222222,43.16749,-79.04453,2024-09-16T19:19:15.000000Z
2024,260.80504629629627,43.16749,-79.04453,2024-09-16T19:19:16.000000Z
2024,260.8050578703704,43.16749,-79.04453,2024-09-16T19:19:17.000000Z
2024,260.8050694444444,43.16749,-79.04453,2024-09-16T19:19:18.000000Z
2024,260.80508101851854,43.16749,-79.04453,2024-09-16T19:19:19.000000Z
2024,260.8050925925926,43.16749,-79.04453,2024-09-16T19:19:20.000000Z
2024,260.80510416666664,43.16749,-79.04454,2024-09-16T19:19:21.000000Z
2024,260.80511574074075,43.16749,-79.04454,2024-09-16T19:19:22.000000Z
2024,260.8051273148148,43.16749,-79.04454,2024-09-16T19:19:23.000000Z
2024,260.8051388888889,43.1675,-79.04454,2024-09-16T19:19:24.000000Z
2024,260.80515046296296,43.1675,-79.04455,2024-09-16T19:19:25.000000Z
2024,260.805162037037,43.1675,-79.04456,2024-09-16T19:19:26.000000Z
2024,260.8051736111111,43.1675,-79.04457,2024-09-16T19:19:27.000000Z
2024,260.80518518518517,43.1675,-79.04457,2024-09-16T19:19:28.000000Z
2024,260.8051967592593,43.1675,-79.04457,2024-09-16T19:19:29.000000Z
2024,260.8052083333333,43.1675,-79.04457,2024-09-16T19:19:30.000000Z
2024,260.8052199074074,43.1675,-79.04457,2024-09-16T19:19:31.000000Z
2024,260.8052314814815,43.1675,-79.04457,2024-09-16T19:19:32.000000Z
2024,260.80524305555554,43.1675,-79.04457,2024-09-16T19:19:33.000000Z
2024,260.80525462962964,43.1675,-79.04458,2024-09-16T19:19:34.000000Z
2024,260.8052662037037,43.1675,-79.04458,2024-09-16T19:19:35.000000Z
2024,260.8052777777778,43.1675,-79.04458,2024-09-16T19:19:36.000000Z
2024,260.80528935185185,43.16749,-79.04457,2024-09-16T19:19:37.000000Z
2024,260.8053009259259,43.16749,-79.04457,2024-09-16T19:19:38.000000Z
2024,260.8053125,43.16749,-79.04457,2024-09-16T19:19:39.000000Z
2024,260.80532407407406,43.16749,-79.04457,2024-09-16T19:19:40.000000Z
2024,260.8053356481482,43.16749,-79.04457,2024-09-16T19:19:41.000000Z
2024,260.8053587962963,43.16749,-79.04457,2024-09-16T19:19:43.000000Z
2024,260.8053703703704,43.16749,-79.04457,2024-09-16T19:19:44.000000Z
2024,260.80538194444443,43.16749,-79.04457,2024-09-16T19:19:45.000000Z
2024,260.80539351851854,43.16749,-79.04456,2024-09-16T19:19:46.000000Z
2024,260.8054050925926,43.16748,-79.04456,2024-09-16T19:19:47.000000Z
2024,260.80541666666664,43.16748,-79.04456,2024-09-16T19:19:48.000000Z
2024,260.80542824074075,43.16748,-79.04456,2024-09-16T19:19:49.000000Z
2024,260.8054398148148,43.16748,-79.04456,2024-09-16T19:19:50.000000Z
2024,260.8054513888889,43.16748,-79.04456,2024-09-16T19:19:51.000000Z
2024,260.80546296296296,43.16748,-79.04456,2024-09-16T19:19:52.000000Z
2024,260.805474537037,43.16748,-79.04456,2024-09-16T19:19:53.000000Z
2024,260.8054861111111,43.16748,-79.04456,2024-09-16T19:19:54.000000Z
2024,260.8054976851852,43.16748,-79.04457,2024-09-16T19:19:55.000000Z
2024,260.8055092592593,43.16748,-79.04457,2024-09-16T19:19:56.000000Z
2024,260.80552083333333,43.16748,-79.04457,2024-09-16T19:19:57.000000Z
2024,260.8055324074074,43.16748,-79.04457,2024-09-16T19:19:58.000000Z
2024,260.8055439814815,43.16748,-79.04458,2024-09-16T19:19:59.000000Z
2024,260.8055555555556,43.16748,-79.04458,2024-09-16T19:20:00.000000Z
2024,260.80556712962965,43.16748,-79.04458,2024-09-16T19:20:01.000000Z
2024,260.80557870370376,43.16748,-79.04458,2024-09-16T19:20:02.000000Z
2024,260.8055902777778,43.16748,-79.04458,2024-09-16T19:20:03.000000Z
2024,260.8056018518519,43.16748,-79.04458,2024-09-16T19:20:04.000000Z
2024,260.80561342592597,43.16748,-79.04459,2024-09-16T19:20:05.000000Z
2024,260.805625,43.16748,-79.04459,2024-09-16T19:20:06.000000Z
2024,260.80563657407413,43.16748,-79.04459,2024-09-16T19:20:07.000000Z
2024,260.8056481481482,43.16748,-79.04459,2024-09-16T19:20:08.000000Z
2024,260.8056597222223,43.16748,-79.04458,2024-09-16T19:20:09.000000Z
2024,260.80567129629634,43.16748,-79.04458,2024-09-16T19:20:10.000000Z
2024,260.8056828703704,43.16748,-79.04458,2024-09-16T19:20:11.000000Z
2024,260.8056944444445,43.16747,-79.04458,2024-09-16T19:20:12.000000Z
2024,260.80570601851855,43.16747,-79.04458,2024-09-16T19:20:13.000000Z
2024,260.80571759259266,43.16747,-79.04458,2024-09-16T19:20:14.000000Z
2024,260.8057291666667,43.16746,-79.04458,2024-09-16T19:20:15.000000Z
2024,260.80574074074076,43.16746,-79.04458,2024-09-16T19:20:16.000000Z
2024,260.80575231481487,43.16746,-79.04458,2024-09-16T19:20:17.000000Z
2024,260.8057638888889,43.16746,-79.04458,2024-09-16T19:20:18.000000Z
2024,260.805775462963,43.16746,-79.04457,2024-09-16T19:20:19.000000Z
2024,260.8057870370371,43.16746,-79.04457,2024-09-16T19:20:20.000000Z
2024,260.80579861111113,43.16746,-79.04457,2024-09-16T19:20:21.000000Z
2024,260.80581018518524,43.16745,-79.04457,2024-09-16T19:20:22.000000Z
2024,260.8058217592593,43.16745,-79.04457,2024-09-16T19:20:23.000000Z
2024,260.8058333333334,43.16745,-79.04457,2024-09-16T19:20:24.000000Z
2024,260.80584490740745,43.16745,-79.04457,2024-09-16T19:20:25.000000Z
2024,260.8058564814815,43.16745,-79.04456,2024-09-16T19:20:26.000000Z
2024,260.8058680555556,43.16745,-79.04455,2024-09-16T19:20:27.000000Z
2024,260.80587962962966,43.16745,-79.04455,2024-09-16T19:20:28.000000Z
2024,260.80589120370377,43.16745,-79.04455,2024-09-16T19:20:29.000000Z
2024,260.8059027777778,43.16745,-79.04455,2024-09-16T19:20:30.000000Z
2024,260.80591435185187,43.16745,-79.04455,2024-09-16T19:20:31.000000Z
2024,260.805925925926,43.16745,-79.04454,2024-09-16T19:20:32.000000Z
2024,260.8059375,43.16745,-79.04454,2024-09-16T19:20:33.000000Z
2024,260.80594907407414,43.16745,-79.04454,2024-09-16T19:20:34.000000Z
2024,260.8059606481482,43.16745,-79.04454,2024-09-16T19:20:35.000000Z
2024,260.8059722222223,43.16746,-79.04455,2024-09-16T19:20:36.000000Z
2024,260.80598379629635,43.16746,-79.04455,2024-09-16T19:20:37.000000Z
2024,260.8059953703704,43.16746,-79.04455,2024-09-16T19:20:38.000000Z
2024,260.8060069444445,43.16746,-79.04455,2024-09-16T19:20:39.000000Z
2024,260.80601851851856,43.16747,-79.04456,2024-09-16T19:20:40.000000Z
2024,260.80603009259266,43.16747,-79.04457,2024-09-16T19:20:41.000000Z
2024,260.8060416666667,43.16748,-79.04457,2024-09-16T19:20:42.000000Z
2024,260.80605324074077,43.16748,-79.04457,2024-09-16T19:20:43.000000Z
2024,260.8060648148149,43.16748,-79.04457,2024-09-16T19:20:44.000000Z
2024,260.8060763888889,43.16748,-79.04457,2024-09-16T19:20:45.000000Z
2024,260.80608796296303,43.16748,-79.04457,2024-09-16T19:20:46.000000Z
2024,260.8060995370371,43.16748,-79.04457,2024-09-16T19:20:47.000000Z
2024,260.80611111111114,43.16748,-79.04457,2024-09-16T19:20:48.000000Z
2024,260.8061342592593,43.16749,-79.04457,2024-09-16T19:20:50.000000Z
2024,260.8061458333334,43.16749,-79.04457,2024-09-16T19:20:51.000000Z
2024,260.80615740740745,43.16749,-79.04457,2024-09-16T19:20:52.000000Z
2024,260.8061689814815,43.16749,-79.04458,2024-09-16T19:20:53.000000Z
2024,260.8061805555556,43.16749,-79.04458,2024-09-16T19:20:54.000000Z
2024,260.80619212962966,43.16749,-79.04458,2024-09-16T19:20:55.000000Z
2024,260.8062037037038,43.16749,-79.04458,2024-09-16T19:20:56.000000Z
2024,260.8062152777778,43.16749,-79.04458,2024-09-16T19:20:57.000000Z
2024,260.8062268518519,43.1675,-79.04458,2024-09-16T19:20:58.000000Z
2024,260.806238425926,43.1675,-79.04458,2024-09-16T19:20:59.000000Z
2024,260.80625000000003,43.1675,-79.04458,2024-09-16T19:21:00.000000Z
2024,260.8062615740741,43.1675,-79.04458,2024-09-16T19:21:01.000000Z
2024,260.8062731481482,43.1675,-79.04458,2024-09-16T19:21:02.000000Z
2024,260.80628472222224,43.1675,-79.04458,2024-09-16T19:21:03.000000Z
2024,260.80629629629635,43.1675,-79.04458,2024-09-16T19:21:04.000000Z
2024,260.8063078703704,43.1675,-79.04458,2024-09-16T19:21:05.000000Z
2024,260.80631944444445,43.1675,-79.04458,2024-09-16T19:21:06.000000Z
2024,260.80633101851856,43.1675,-79.04458,2024-09-16T19:21:07.000000Z
2024,260.8063425925926,43.1675,-79.04458,2024-09-16T19:21:08.000000Z
2024,260.8063541666667,43.1675,-79.04458,2024-09-16T19:21:09.000000Z
2024,260.8063657407408,43.1675,-79.04458,2024-09-16T19:21:10.000000Z
2024,260.8063773148148,43.16751,-79.04458,2024-09-16T19:21:11.000000Z
2024,260.80638888888893,43.16751,-79.04458,2024-09-16T19:21:12.000000Z
2024,260.806400462963,43.16751,-79.04458,2024-09-16T19:21:13.000000Z
2024,260.8064120370371,43.16751,-79.04458,2024-09-16T19:21:14.000000Z
2024,260.80642361111114,43.16751,-79.04458,2024-09-16T19:21:15.000000Z
2024,260.8064351851852,43.16751,-79.04458,2024-09-16T19:21:16.000000Z
2024,260.8064467592593,43.16751,-79.04458,2024-09-16T19:21:17.000000Z
2024,260.80645833333335,43.16751,-79.04458,2024-09-16T19:21:18.000000Z
2024,260.80646990740746,43.16751,-79.04458,2024-09-16T19:21:19.000000Z
2024,260.8064814814815,43.16751,-79.04458,2024-09-16T19:21:20.000000Z
2024,260.80649305555556,43.16751,-79.04458,2024-09-16T19:21:21.000000Z
2024,260.80650462962967,43.16751,-79.04459,2024-09-16T19:21:22.000000Z
2024,260.8065162037037,43.16751,-79.04459,2024-09-16T19:21:23.000000Z
2024,260.80652777777783,43.16751,-79.04459,2024-09-16T19:21:24.000000Z
2024,260.8065393518519,43.16751,-79.04459,2024-09-16T19:21:25.000000Z
2024,260.80655092592593,43.16751,-79.04459,2024-09-16T19:21:26.000000Z
2024,260.80656250000004,43.16751,-79.04459,2024-09-16T19:21:27.000000Z
2024,260.8065740740741,43.16751,-79.04459,2024-09-16T19:21:28.000000Z
2024,260.8065856481482,43.16751,-79.04459,2024-09-16T19:21:29.000000Z
2024,260.80659722222225,43.16751,-79.04459,2024-09-16T19:21:30.000000Z
2024,260.8066087962963,43.16751,-79.04459,2024-09-16T19:21:31.000000Z
2024,260.8066203703704,43.16751,-79.04459,2024-09-16T19:21:32.000000Z
2024,260.80663194444446,43.16751,-79.04459,2024-09-16T19:21:33.000000Z
2024,260.80664351851857,43.16751,-79.04459,2024-09-16T19:21:34.000000Z
2024,260.8066550925926,43.16751,-79.04459,2024-09-16T19:21:35.000000Z
2024,260.80666666666673,43.16751,-79.04459,2024-09-16T19:21:36.000000Z
2024,260.8066782407408,43.16751,-79.04459,2024-09-16T19:21:37.000000Z
2024,260.80668981481483,43.16751,-79.04459,2024-09-16T19:21:38.000000Z
2024,260.80670138888894,43.16751,-79.04459,2024-09-16T19:21:39.000000Z
2024,260.806712962963,43.16751,-79.04459,2024-09-16T19:21:40.000000Z
2024,260.8067245370371,43.16751,-79.04459,2024-09-16T19:21:41.000000Z
2024,260.80673611111115,43.16751,-79.04459,2024-09-16T19:21:42.000000Z
2024,260.8067476851852,43.16751,-79.0446,2024-09-16T19:21:43.000000Z
2024,260.8067592592593,43.16751,-79.0446,2024-09-16T19:21:44.000000Z
2024,260.80677083333336,43.16751,-79.0446,2024-09-16T19:21:45.000000Z
2024,260.80678240740747,43.16751,-79.0446,2024-09-16T19:21:46.000000Z
2024,260.8067939814815,43.1675,-79.04461,2024-09-16T19:21:47.000000Z
2024,260.80680555555557,43.1675,-79.04461,2024-09-16T19:21:48.000000Z
2024,260.8068171296297,43.1675,-79.04461,2024-09-16T19:21:49.000000Z
2024,260.80682870370373,43.1675,-79.04461,2024-09-16T19:21:50.000000Z
2024,260.80684027777784,43.1675,-79.04462,2024-09-16T19:21:51.000000Z
2024,260.8068518518519,43.1675,-79.04462,2024-09-16T19:21:52.000000Z
2024,260.80686342592594,43.1675,-79.04462,2024-09-16T19:21:53.000000Z
2024,260.80687500000005,43.1675,-79.04462,2024-09-16T19:21:54.000000Z
2024,260.8068865740741,43.1675,-79.04462,2024-09-16T19:21:55.000000Z
2024,260.8068981481482,43.1675,-79.04462,2024-09-16T19:21:56.000000Z
2024,260.80690972222226,43.1675,-79.04462,2024-09-16T19:21:57.000000Z
2024,260.8069212962963,43.1675,-79.04462,2024-09-16T19:21:58.000000Z
2024,260.8069328703704,43.1675,-79.04462,2024-09-16T19:21:59.000000Z
2024,260.80694444444447,43.1675,-79.04462,2024-09-16T19:22:00.000000Z
2024,260.8069560185185,43.1675,-79.04462,2024-09-16T19:22:01.000000Z
2024,260.8069675925926,43.1675,-79.04462,2024-09-16T19:22:02.000000Z
2024,260.8069791666667,43.1675,-79.04462,2024-09-16T19:22:03.000000Z
2024,260.8069907407408,43.1675,-79.04462,2024-09-16T19:22:04.000000Z
2024,260.80700231481484,43.1675,-79.04462,2024-09-16T19:22:05.000000Z
2024,260.8070138888889,43.1675,-79.04462,2024-09-16T19:22:06.000000Z
2024,260.807025462963,43.1675,-79.04462,2024-09-16T19:22:07.000000Z
2024,260.80703703703705,43.1675,-79.04462,2024-09-16T19:22:08.000000Z
2024,260.80704861111116,43.1675,-79.04463,2024-09-16T19:22:09.000000Z
2024,260.8070601851852,43.1675,-79.04463,2024-09-16T19:22:10.000000Z
2024,260.80707175925926,43.1675,-79.04463,2024-09-16T19:22:11.000000Z
2024,260.80708333333337,43.1675,-79.04463,2024-09-16T19:22:12.000000Z
2024,260.8070949074074,43.1675,-79.04463,2024-09-16T19:22:13.000000Z
2024,260.8071064814815,43.1675,-79.04463,2024-09-16T19:22:14.000000Z
2024,260.8071180555556,43.1675,-79.04463,2024-09-16T19:22:15.000000Z
2024,260.8071296296296,43.1675,-79.04463,2024-09-16T19:22:16.000000Z
2024,260.80714120370374,43.1675,-79.04463,2024-09-16T19:22:17.000000Z
2024,260.8071527777778,43.1675,-79.04463,2024-09-16T19:22:18.000000Z
2024,260.8071643518519,43.1675,-79.04463,2024-09-16T19:22:19.000000Z
2024,260.80717592592595,43.1675,-79.04463,2024-09-16T19:22:20.000000Z
2024,260.8071875,43.1675,-79.04463,2024-09-16T19:22:21.000000Z
2024,260.8071990740741,43.1675,-79.04463,2024-09-16T19:22:22.000000Z
2024,260.80721064814816,43.1675,-79.04463,2024-09-16T19:22:23.000000Z
2024,260.80722222222226,43.1675,-79.04463,2024-09-16T19:22:24.000000Z
2024,260.8072337962963,43.1675,-79.04463,2024-09-16T19:22:25.000000Z
2024,260.80724537037037,43.1675,-79.04463,2024-09-16T19:22:26.000000Z
2024,260.8072569444445,43.1675,-79.04463,2024-09-16T19:22:27.000000Z
2024,260.8072685185185,43.1675,-79.04463,2024-09-16T19:22:28.000000Z
2024,260.80728009259263,43.1675,-79.04463,2024-09-16T19:22:29.000000Z
2024,260.8072916666667,43.1675,-79.04463,2024-09-16T19:22:30.000000Z
2024,260.80730324074074,43.1675,-79.04463,2024-09-16T19:22:31.000000Z
2024,260.80731481481484,43.1675,-79.04463,2024-09-16T19:22:32.000000Z
2024,260.8073263888889,43.1675,-79.04463,2024-09-16T19:22:33.000000Z
2024,260.807337962963,43.1675,-79.04463,2024-09-16T19:22:34.000000Z
2024,260.80734953703706,43.1675,-79.04463,2024-09-16T19:22:35.000000Z
2024,260.80736111111116,43.1675,-79.04463,2024-09-16T19:22:36.000000Z
2024,260.8073726851852,43.1675,-79.04463,2024-09-16T19:22:37.000000Z
2024,260.80738425925927,43.1675,-79.04463,2024-09-16T19:22:38.000000Z
2024,260.8073958333334,43.1675,-79.04463,2024-09-16T19:22:39.000000Z
2024,260.8074074074074,43.1675,-79.04463,2024-09-16T19:22:40.000000Z
2024,260.80741898148153,43.1675,-79.04463,2024-09-16T19:22:41.000000Z
2024,260.8074305555556,43.1675,-79.04463,2024-09-16T19:22:42.000000Z
2024,260.80744212962964,43.1675,-79.04463,2024-09-16T19:22:43.000000Z
2024,260.80745370370374,43.1675,-79.04463,2024-09-16T19:22:44.000000Z
2024,260.8074652777778,43.1675,-79.04463,2024-09-16T19:22:45.000000Z
2024,260.8074768518519,43.1675,-79.04463,2024-09-16T19:22:46.000000Z
2024,260.80748842592595,43.1675,-79.04463,2024-09-16T19:22:47.000000Z
2024,260.8075,43.1675,-79.04463,2024-09-16T19:22:48.000000Z
2024,260.8075115740741,43.1675,-79.04463,2024-09-16T19:22:49.000000Z
2024,260.80752314814816,43.1675,-79.04463,2024-09-16T19:22:50.000000Z
2024,260.8075347222223,43.1675,-79.04463,2024-09-16T19:22:51.000000Z
2024,260.8075462962963,43.1675,-79.04463,2024-09-16T19:22:52.000000Z
2024,260.8075578703704,43.1675,-79.04463,2024-09-16T19:22:53.000000Z
2024,260.8075694444445,43.1675,-79.04463,2024-09-16T19:22:54.000000Z
2024,260.80758101851853,43.1675,-79.04462,2024-09-16T19:22:55.000000Z
2024,260.80759259259264,43.1675,-79.04462,2024-09-16T19:22:56.000000Z
2024,260.8076041666667,43.1675,-79.04462,2024-09-16T19:22:57.000000Z
2024,260.80761574074074,43.1675,-79.04462,2024-09-16T19:22:58.000000Z
2024,260.80762731481485,43.1675,-79.04462,2024-09-16T19:22:59.000000Z
2024,260.8076388888889,43.1675,-79.04462,2024-09-16T19:23:00.000000Z
2024,260.80765046296295,43.1675,-79.04462,2024-09-16T19:23:01.000000Z
2024,260.80766203703706,43.1675,-79.04462,2024-09-16T19:23:02.000000Z
2024,260.8076736111111,43.16751,-79.04461,2024-09-16T19:23:03.000000Z
2024,260.8076851851852,43.16751,-79.04461,2024-09-16T19:23:04.000000Z
2024,260.8076967592593,43.16751,-79.04461,2024-09-16T19:23:05.000000Z
2024,260.8077083333333,43.16751,-79.04461,2024-09-16T19:23:06.000000Z
2024,260.80771990740743,43.16751,-79.0446,2024-09-16T19:23:07.000000Z
2024,260.8077314814815,43.16751,-79.0446,2024-09-16T19:23:08.000000Z
2024,260.8077430555556,43.16751,-79.0446,2024-09-16T19:23:09.000000Z
2024,260.80775462962964,43.16751,-79.0446,2024-09-16T19:23:10.000000Z
2024,260.8077662037037,43.16751,-79.0446,2024-09-16T19:23:11.000000Z
2024,260.8077777777778,43.16752,-79.0446,2024-09-16T19:23:12.000000Z
2024,260.80778935185185,43.16752,-79.0446,2024-09-16T19:23:13.000000Z
2024,260.80780092592596,43.16752,-79.0446,2024-09-16T19:23:14.000000Z
2024,260.8078125,43.16752,-79.0446,2024-09-16T19:23:15.000000Z
2024,260.80782407407406,43.16752,-79.0446,2024-09-16T19:23:16.000000Z
2024,260.80783564814817,43.16752,-79.0446,2024-09-16T19:23:17.000000Z
2024,260.8078472222222,43.16752,-79.0446,2024-09-16T19:23:18.000000Z
2024,260.80785879629633,43.16753,-79.0446,2024-09-16T19:23:19.000000Z
2024,260.8078703703704,43.16753,-79.0446,2024-09-16T19:23:20.000000Z
2024,260.80788194444443,43.16753,-79.0446,2024-09-16T19:23:21.000000Z
2024,260.80789351851854,43.16753,-79.0446,2024-09-16T19:23:22.000000Z
2024,260.8079050925926,43.16753,-79.0446,2024-09-16T19:23:23.000000Z
2024,260.8079166666667,43.16753,-79.0446,2024-09-16T19:23:24.000000Z
2024,260.80792824074075,43.16753,-79.0446,2024-09-16T19:23:25.000000Z
2024,260.8079398148148,43.16753,-79.0446,2024-09-16T19:23:26.000000Z
2024,260.8079513888889,43.16753,-79.0446,2024-09-16T19:23:27.000000Z
2024,260.80796296296296,43.16753,-79.0446,2024-09-16T19:23:28.000000Z
2024,260.80797453703707,43.16753,-79.0446,2024-09-16T19:23:29.000000Z
2024,260.8079861111111,43.16753,-79.0446,2024-09-16T19:23:30.000000Z
2024,260.80799768518517,43.16753,-79.0446,2024-09-16T19:23:31.000000Z
2024,260.8080092592593,43.16753,-79.0446,2024-09-16T19:23:32.000000Z
2024,260.80802083333333,43.16753,-79.0446,2024-09-16T19:23:33.000000Z
2024,260.80803240740744,43.16753,-79.0446,2024-09-16T19:23:34.000000Z
2024,260.8080439814815,43.16753,-79.0446,2024-09-16T19:23:35.000000Z
2024,260.8080555555556,43.16753,-79.0446,2024-09-16T19:23:36.000000Z
2024,260.80806712962965,43.16753,-79.0446,2024-09-16T19:23:37.000000Z
2024,260.8080787037037,43.16753,-79.0446,2024-09-16T19:23:38.000000Z
2024,260.8080902777778,43.16753,-79.0446,2024-09-16T19:23:39.000000Z
2024,260.80810185185186,43.16753,-79.0446,2024-09-16T19:23:40.000000Z
2024,260.80811342592597,43.16753,-79.0446,2024-09-16T19:23:41.000000Z
2024,260.808125,43.16753,-79.0446,2024-09-16T19:23:42.000000Z
2024,260.80813657407407,43.16753,-79.0446,2024-09-16T19:23:43.000000Z
2024,260.8081481481482,43.16753,-79.0446,2024-09-16T19:23:44.000000Z
2024,260.80815972222223,43.16753,-79.0446,2024-09-16T19:23:45.000000Z
2024,260.80817129629634,43.16753,-79.0446,2024-09-16T19:23:46.000000Z
2024,260.8081828703704,43.16753,-79.0446,2024-09-16T19:23:47.000000Z
2024,260.80819444444444,43.16753,-79.0446,2024-09-16T19:23:48.000000Z
2024,260.80820601851855,43.16753,-79.0446,2024-09-16T19:23:49.000000Z
2024,260.8082175925926,43.16752,-79.0446,2024-09-16T19:23:50.000000Z
2024,260.8082291666667,43.16752,-79.0446,2024-09-16T19:23:51.000000Z
2024,260.80824074074076,43.16752,-79.0446,2024-09-16T19:23:52.000000Z
2024,260.8082523148148,43.16752,-79.0446,2024-09-16T19:23:53.000000Z
2024,260.8082638888889,43.16752,-79.0446,2024-09-16T19:23:54.000000Z
2024,260.80827546296297,43.16752,-79.0446,2024-09-16T19:23:55.000000Z
2024,260.8082870370371,43.16752,-79.0446,2024-09-16T19:23:56.000000Z
2024,260.8082986111111,43.16752,-79.0446,2024-09-16T19:23:57.000000Z
2024,260.8083101851852,43.16752,-79.0446,2024-09-16T19:23:58.000000Z
2024,260.8083217592593,43.16752,-79.0446,2024-09-16T19:23:59.000000Z
2024,260.80833333333334,43.16752,-79.0446,2024-09-16T19:24:00.000000Z
2024,260.8083449074074,43.16752,-79.0446,2024-09-16T19:24:01.000000Z
2024,260.8083564814815,43.16752,-79.0446,2024-09-16T19:24:02.000000Z
2024,260.80836805555555,43.16752,-79.0446,2024-09-16T19:24:03.000000Z
2024,260.80837962962966,43.16752,-79.0446,2024-09-16T19:24:04.000000Z
2024,260.8083912037037,43.16752,-79.0446,2024-09-16T19:24:05.000000Z
2024,260.80840277777776,43.16752,-79.0446,2024-09-16T19:24:06.000000Z
2024,260.80841435185187,43.16752,-79.0446,2024-09-16T19:24:07.000000Z
2024,260.8084259259259,43.16752,-79.0446,2024-09-16T19:24:08.000000Z
2024,260.8084375,43.16752,-79.0446,2024-09-16T19:24:09.000000Z
2024,260.8084490740741,43.16752,-79.0446,2024-09-16T19:24:10.000000Z
2024,260.8084606481481,43.16752,-79.0446,2024-09-16T19:24:11.000000Z
2024,260.80847222222224,43.16752,-79.0446,2024-09-16T19:24:12.000000Z
2024,260.8084837962963,43.16752,-79.0446,2024-09-16T19:24:13.000000Z
2024,260.8084953703704,43.16752,-79.0446,2024-09-16T19:24:14.000000Z
2024,260.80850694444445,43.16752,-79.0446,2024-09-16T19:24:15.000000Z
2024,260.8085185185185,43.16752,-79.0446,2024-09-16T19:24:16.000000Z
2024,260.8085300925926,43.16752,-79.0446,2024-09-16T19:24:17.000000Z
2024,260.80854166666666,43.16752,-79.0446,2024-09-16T19:24:18.000000Z
2024,260.80855324074076,43.16752,-79.0446,2024-09-16T19:24:19.000000Z
2024,260.8085648148148,43.16752,-79.0446,2024-09-16T19:24:20.000000Z
2024,260.80857638888887,43.16752,-79.0446,2024-09-16T19:24:21.000000Z
2024,260.808587962963,43.16752,-79.0446,2024-09-16T19:24:22.000000Z
2024,260.808599537037,43.16752,-79.0446,2024-09-16T19:24:23.000000Z
2024,260.80861111111113,43.16752,-79.0446,2024-09-16T19:24:24.000000Z
2024,260.8086226851852,43.16752,-79.0446,2024-09-16T19:24:25.000000Z
2024,260.80863425925924,43.16752,-79.0446,2024-09-16T19:24:26.000000Z
2024,260.80864583333334,43.16752,-79.0446,2024-09-16T19:24:27.000000Z
2024,260.8086574074074,43.16752,-79.0446,2024-09-16T19:24:28.000000Z
2024,260.8086689814815,43.16752,-79.0446,2024-09-16T19:24:29.000000Z
2024,260.80868055555555,43.16752,-79.0446,2024-09-16T19:24:30.000000Z
2024,260.8086921296296,43.16752,-79.0446,2024-09-16T19:24:31.000000Z
2024,260.8087037037037,43.16752,-79.0446,2024-09-16T19:24:32.000000Z
2024,260.80871527777776,43.16751,-79.04459,2024-09-16T19:24:33.000000Z
2024,260.8087268518519,43.16751,-79.04459,2024-09-16T19:24:34.000000Z
2024,260.8087384259259,43.16751,-79.04459,2024-09-16T19:24:35.000000Z
2024,260.80875000000003,43.16751,-79.04459,2024-09-16T19:24:36.000000Z
2024,260.8087615740741,43.1675,-79.04458,2024-09-16T19:24:37.000000Z
2024,260.80877314814813,43.1675,-79.04458,2024-09-16T19:24:38.000000Z
2024,260.80878472222224,43.16749,-79.04457,2024-09-16T19:24:39.000000Z
2024,260.8087962962963,43.16749,-79.04457,2024-09-16T19:24:40.000000Z
2024,260.8088078703704,43.16749,-79.04457,2024-09-16T19:24:41.000000Z
2024,260.80881944444445,43.16748,-79.04457,2024-09-16T19:24:42.000000Z
2024,260.8088310185185,43.16748,-79.04456,2024-09-16T19:24:43.000000Z
2024,260.8088425925926,43.16748,-79.04455,2024-09-16T19:24:44.000000Z
2024,260.80885416666666,43.16748,-79.04455,2024-09-16T19:24:45.000000Z
2024,260.80886574074077,43.16747,-79.04455,2024-09-16T19:24:46.000000Z
2024,260.8088773148148,43.16746,-79.04454,2024-09-16T19:24:47.000000Z
2024,260.8088888888889,43.16746,-79.04454,2024-09-16T19:24:48.000000Z
2024,260.808900462963,43.16746,-79.04454,2024-09-16T19:24:49.000000Z
2024,260.80891203703703,43.16745,-79.04453,2024-09-16T19:24:50.000000Z
2024,260.80892361111114,43.16745,-79.04453,2024-09-16T19:24:51.000000Z
2024,260.8089351851852,43.16744,-79.04452,2024-09-16T19:24:52.000000Z
2024,260.80894675925924,43.16744,-79.04452,2024-09-16T19:24:53.000000Z
2024,260.80895833333335,43.16744,-79.04452,2024-09-16T19:24:54.000000Z
2024,260.8089699074074,43.16744,-79.04452,2024-09-16T19:24:55.000000Z
2024,260.8089814814815,43.16744,-79.04452,2024-09-16T19:24:56.000000Z
2024,260.80899305555556,43.16744,-79.04452,2024-09-16T19:24:57.000000Z
2024,260.8090046296296,43.16744,-79.04452,2024-09-16T19:24:58.000000Z
2024,260.8090162037037,43.16744,-79.04452,2024-09-16T19:24:59.000000Z
2024,260.80902777777777,43.16744,-79.04452,2024-09-16T19:25:00.000000Z
2024,260.8090393518518,43.16744,-79.04452,2024-09-16T19:25:01.000000Z
2024,260.80905092592593,43.16744,-79.04452,2024-09-16T19:25:02.000000Z
2024,260.8090625,43.16744,-79.04452,2024-09-16T19:25:03.000000Z
2024,260.8090740740741,43.16744,-79.04452,2024-09-16T19:25:04.000000Z
2024,260.80908564814814,43.16744,-79.04452,2024-09-16T19:25:05.000000Z
2024,260.8090972222222,43.16744,-79.04452,2024-09-16T19:25:06.000000Z
2024,260.8091087962963,43.16744,-79.04452,2024-09-16T19:25:07.000000Z
2024,260.80912037037035,43.16744,-79.04452,2024-09-16T19:25:08.000000Z
2024,260.80913194444446,43.16744,-79.04452,2024-09-16T19:25:09.000000Z
2024,260.8091435185185,43.16744,-79.04452,2024-09-16T19:25:10.000000Z
2024,260.80915509259256,43.16744,-79.04452,2024-09-16T19:25:11.000000Z
2024,260.80916666666667,43.16744,-79.04452,2024-09-16T19:25:12.000000Z
2024,260.8091782407407,43.16744,-79.04452,2024-09-16T19:25:13.000000Z
2024,260.80918981481483,43.16744,-79.04452,2024-09-16T19:25:14.000000Z
2024,260.8092013888889,43.16745,-79.04452,2024-09-16T19:25:15.000000Z
2024,260.80921296296293,43.16745,-79.04452,2024-09-16T19:25:16.000000Z
2024,260.80922453703704,43.16745,-79.04452,2024-09-16T19:25:17.000000Z
2024,260.8092361111111,43.16745,-79.04453,2024-09-16T19:25:18.000000Z
2024,260.8092476851852,43.16745,-79.04453,2024-09-16T19:25:19.000000Z
2024,260.80925925925925,43.16745,-79.04453,2024-09-16T19:25:20.000000Z
2024,260.8092708333333,43.16746,-79.04454,2024-09-16T19:25:21.000000Z
2024,260.8092824074074,43.16746,-79.04454,2024-09-16T19:25:22.000000Z
2024,260.80929398148146,43.16746,-79.04454,2024-09-16T19:25:23.000000Z
2024,260.80930555555557,43.16746,-79.04454,2024-09-16T19:25:24.000000Z
2024,260.8093171296296,43.16747,-79.04454,2024-09-16T19:25:25.000000Z
2024,260.80932870370367,43.16747,-79.04454,2024-09-16T19:25:26.000000Z
2024,260.8093402777778,43.16747,-79.04453,2024-09-16T19:25:27.000000Z
2024,260.80935185185183,43.16747,-79.04453,2024-09-16T19:25:28.000000Z
2024,260.80936342592594,43.16747,-79.04453,2024-09-16T19:25:29.000000Z
2024,260.809375,43.16747,-79.04453,2024-09-16T19:25:30.000000Z
2024,260.80938657407404,43.16747,-79.04453,2024-09-16T19:25:31.000000Z
2024,260.80939814814815,43.16747,-79.04453,2024-09-16T19:25:32.000000Z
2024,260.8094097222222,43.16747,-79.04453,2024-09-16T19:25:33.000000Z
2024,260.8094212962963,43.16747,-79.04453,2024-09-16T19:25:34.000000Z
2024,260.80943287037036,43.16747,-79.04453,2024-09-16T19:25:35.000000Z
2024,260.80944444444447,43.16747,-79.04453,2024-09-16T19:25:36.000000Z
2024,260.8094560185185,43.16747,-79.04453,2024-09-16T19:25:37.000000Z
2024,260.80946759259257,43.16746,-79.04452,2024-09-16T19:25:38.000000Z
2024,260.8094791666667,43.16746,-79.04452,2024-09-16T19:25:39.000000Z
2024,260.8094907407407,43.16746,-79.04452,2024-09-16T19:25:40.000000Z
2024,260.80950231481484,43.16746,-79.04451,2024-09-16T19:25:41.000000Z
2024,260.8095138888889,43.16746,-79.04451,2024-09-16T19:25:42.000000Z
2024,260.80952546296294,43.16746,-79.04451,2024-09-16T19:25:43.000000Z
2024,260.80953703703705,43.16746,-79.04451,2024-09-16T19:25:44.000000Z
2024,260.8095486111111,43.16746,-79.0445,2024-09-16T19:25:45.000000Z
2024,260.8095601851852,43.16746,-79.0445,2024-09-16T19:25:46.000000Z
2024,260.80957175925926,43.16746,-79.0445,2024-09-16T19:25:47.000000Z
2024,260.8095833333333,43.16746,-79.0445,2024-09-16T19:25:48.000000Z
2024,260.8095949074074,43.16746,-79.0445,2024-09-16T19:25:49.000000Z
2024,260.80960648148147,43.16746,-79.0445,2024-09-16T19:25:50.000000Z
2024,260.8096180555556,43.16746,-79.0445,2024-09-16T19:25:51.000000Z
2024,260.8096296296296,43.16746,-79.0445,2024-09-16T19:25:52.000000Z
2024,260.8096412037037,43.16746,-79.0445,2024-09-16T19:25:53.000000Z
2024,260.8096527777778,43.16746,-79.0445,2024-09-16T19:25:54.000000Z
2024,260.80966435185184,43.16746,-79.0445,2024-09-16T19:25:55.000000Z
2024,260.80967592592594,43.16746,-79.0445,2024-09-16T19:25:56.000000Z
2024,260.8096875,43.16746,-79.0445,2024-09-16T19:25:57.000000Z
2024,260.80969907407405,43.16746,-79.0445,2024-09-16T19:25:58.000000Z
2024,260.80971064814815,43.16746,-79.0445,2024-09-16T19:25:59.000000Z
2024,260.80972222222226,43.16746,-79.0445,2024-09-16T19:26:00.000000Z
2024,260.8097337962963,43.16746,-79.0445,2024-09-16T19:26:01.000000Z
2024,260.8097453703704,43.16746,-79.0445,2024-09-16T19:26:02.000000Z
2024,260.8097569444445,43.16746,-79.0445,2024-09-16T19:26:03.000000Z
2024,260.8097685185186,43.16746,-79.0445,2024-09-16T19:26:04.000000Z
2024,260.80978009259263,43.16746,-79.0445,2024-09-16T19:26:05.000000Z
2024,260.8097916666667,43.16746,-79.0445,2024-09-16T19:26:06.000000Z
2024,260.8098032407408,43.16746,-79.0445,2024-09-16T19:26:07.000000Z
2024,260.80981481481484,43.16746,-79.0445,2024-09-16T19:26:08.000000Z
2024,260.80982638888895,43.16746,-79.0445,2024-09-16T19:26:09.000000Z
2024,260.809837962963,43.16746,-79.0445,2024-09-16T19:26:10.000000Z
2024,260.80984953703705,43.16746,-79.0445,2024-09-16T19:26:11.000000Z
2024,260.80986111111116,43.16746,-79.0445,2024-09-16T19:26:12.000000Z
2024,260.8098726851852,43.16746,-79.0445,2024-09-16T19:26:13.000000Z
2024,260.8098842592593,43.16746,-79.0445,2024-09-16T19:26:14.000000Z
2024,260.80989583333337,43.16746,-79.0445,2024-09-16T19:26:15.000000Z
2024,260.8099074074074,43.16746,-79.0445,2024-09-16T19:26:16.000000Z
2024,260.80991898148153,43.16746,-79.0445,2024-09-16T19:26:17.000000Z
2024,260.8099305555556,43.16746,-79.0445,2024-09-16T19:26:18.000000Z
2024,260.8099421296297,43.16746,-79.0445,2024-09-16T19:26:19.000000Z
2024,260.80995370370374,43.16746,-79.0445,2024-09-16T19:26:20.000000Z
2024,260.8099652777778,43.16746,-79.0445,2024-09-16T19:26:21.000000Z
2024,260.8099768518519,43.16746,-79.0445,2024-09-16T19:26:22.000000Z
2024,260.80998842592595,43.16746,-79.0445,2024-09-16T19:26:23.000000Z
2024,260.81000000000006,43.16746,-79.0445,2024-09-16T19:26:24.000000Z
2024,260.8100115740741,43.16746,-79.0445,2024-09-16T19:26:25.000000Z
2024,260.81002314814816,43.16746,-79.0445,2024-09-16T19:26:26.000000Z
2024,260.81003472222227,43.16746,-79.0445,2024-09-16T19:26:27.000000Z
2024,260.8100462962963,43.16746,-79.0445,2024-09-16T19:26:28.000000Z
2024,260.81005787037043,43.16746,-79.0445,2024-09-16T19:26:29.000000Z
2024,260.8100694444445,43.16746,-79.0445,2024-09-16T19:26:30.000000Z
2024,260.81008101851853,43.16746,-79.0445,2024-09-16T19:26:31.000000Z
2024,260.81009259259264,43.16746,-79.0445,2024-09-16T19:26:32.000000Z
2024,260.8101041666667,43.16746,-79.0445,2024-09-16T19:26:33.000000Z
2024,260.8101157407408,43.16746,-79.0445,2024-09-16T19:26:34.000000Z
2024,260.81012731481485,43.16746,-79.0445,2024-09-16T19:26:35.000000Z
2024,260.81013888888896,43.16746,-79.0445,2024-09-16T19:26:36.000000Z
2024,260.810150462963,43.16746,-79.0445,2024-09-16T19:26:37.000000Z
2024,260.81016203703706,43.16746,-79.0445,2024-09-16T19:26:38.000000Z
2024,260.81017361111117,43.16746,-79.0445,2024-09-16T19:26:39.000000Z
2024,260.8101851851852,43.16746,-79.0445,2024-09-16T19:26:40.000000Z
2024,260.8101967592593,43.16746,-79.0445,2024-09-16T19:26:41.000000Z
2024,260.8102083333334,43.16746,-79.0445,2024-09-16T19:26:42.000000Z
2024,260.81021990740743,43.16746,-79.0445,2024-09-16T19:26:43.000000Z
2024,260.81023148148154,43.16746,-79.0445,2024-09-16T19:26:44.000000Z
2024,260.8102430555556,43.16746,-79.0445,2024-09-16T19:26:45.000000Z
2024,260.8102546296297,43.16746,-79.0445,2024-09-16T19:26:46.000000Z
2024,260.81026620370375,43.16746,-79.0445,2024-09-16T19:26:47.000000Z
2024,260.8102777777778,43.16746,-79.04451,2024-09-16T19:26:48.000000Z
2024,260.8102893518519,43.16746,-79.04451,2024-09-16T19:26:49.000000Z
2024,260.81030092592596,43.16746,-79.04451,2024-09-16T19:26:50.000000Z
2024,260.81031250000007,43.16746,-79.04452,2024-09-16T19:26:51.000000Z
2024,260.8103240740741,43.16746,-79.04452,2024-09-16T19:26:52.000000Z
2024,260.81033564814817,43.16746,-79.04453,2024-09-16T19:26:53.000000Z
2024,260.8103472222223,43.16746,-79.04453,2024-09-16T19:26:54.000000Z
2024,260.8103587962963,43.16746,-79.04454,2024-09-16T19:26:55.000000Z
2024,260.81037037037044,43.16746,-79.04454,2024-09-16T19:26:56.000000Z
2024,260.8103819444445,43.16746,-79.04454,2024-09-16T19:26:57.000000Z
2024,260.81039351851854,43.16746,-79.04454,2024-09-16T19:26:58.000000Z
2024,260.81040509259265,43.16746,-79.04454,2024-09-16T19:26:59.000000Z
2024,260.8104166666667,43.16746,-79.04454,2024-09-16T19:27:00.000000Z
2024,260.81042824074075,43.16746,-79.04454,2024-09-16T19:27:01.000000Z
2024,260.81043981481486,43.16746,-79.04454,2024-09-16T19:27:02.000000Z
2024,260.8104513888889,43.16746,-79.04454,2024-09-16T19:27:03.000000Z
2024,260.810462962963,43.16746,-79.04454,2024-09-16T19:27:04.000000Z
2024,260.81047453703707,43.16746,-79.04454,2024-09-16T19:27:05.000000Z
2024,260.8104861111111,43.16746,-79.04454,2024-09-16T19:27:06.000000Z
2024,260.8104976851852,43.16746,-79.04454,2024-09-16T19:27:07.000000Z
2024,260.8105092592593,43.16746,-79.04454,2024-09-16T19:27:08.000000Z
2024,260.8105208333334,43.16746,-79.04454,2024-09-16T19:27:09.000000Z
2024,260.81053240740744,43.16746,-79.04454,2024-09-16T19:27:10.000000Z
2024,260.8105439814815,43.16746,-79.04454,2024-09-16T19:27:11.000000Z
2024,260.8105555555556,43.16746,-79.04454,2024-09-16T19:27:12.000000Z
2024,260.81056712962965,43.16746,-79.04454,2024-09-16T19:27:13.000000Z
2024,260.81057870370375,43.16746,-79.04455,2024-09-16T19:27:14.000000Z
2024,260.8105902777778,43.16747,-79.04455,2024-09-16T19:27:15.000000Z
2024,260.81060185185186,43.16747,-79.04455,2024-09-16T19:27:16.000000Z
2024,260.81061342592596,43.16747,-79.04455,2024-09-16T19:27:17.000000Z
2024,260.810625,43.16747,-79.04455,2024-09-16T19:27:18.000000Z
2024,260.8106365740741,43.16747,-79.04455,2024-09-16T19:27:19.000000Z
2024,260.8106481481482,43.16747,-79.04455,2024-09-16T19:27:20.000000Z
2024,260.8106597222222,43.16747,-79.04455,2024-09-16T19:27:21.000000Z
2024,260.81067129629633,43.16747,-79.04455,2024-09-16T19:27:22.000000Z
2024,260.8106828703704,43.16747,-79.04455,2024-09-16T19:27:23.000000Z
2024,260.8106944444445,43.16747,-79.04455,2024-09-16T19:27:24.000000Z
2024,260.81070601851854,43.16747,-79.04455,2024-09-16T19:27:25.000000Z
2024,260.8107175925926,43.16747,-79.04455,2024-09-16T19:27:26.000000Z
2024,260.8107291666667,43.16747,-79.04455,2024-09-16T19:27:27.000000Z
2024,260.81074074074075,43.16747,-79.04455,2024-09-16T19:27:28.000000Z
2024,260.81075231481486,43.16747,-79.04455,2024-09-16T19:27:29.000000Z
2024,260.8107638888889,43.16747,-79.04455,2024-09-16T19:27:30.000000Z
2024,260.81077546296297,43.16747,-79.04455,2024-09-16T19:27:31.000000Z
2024,260.8107986111111,43.16747,-79.04455,2024-09-16T19:27:33.000000Z
2024,260.81081018518523,43.16747,-79.04455,2024-09-16T19:27:34.000000Z
2024,260.8108217592593,43.16747,-79.04455,2024-09-16T19:27:35.000000Z
2024,260.8108333333334,43.16747,-79.04455,2024-09-16T19:27:36.000000Z
2024,260.81084490740744,43.16747,-79.04455,2024-09-16T19:27:37.000000Z
2024,260.8108564814815,43.16747,-79.04455,2024-09-16T19:27:38.000000Z
2024,260.8108680555556,43.16746,-79.04455,2024-09-16T19:27:39.000000Z
2024,260.81087962962965,43.16746,-79.04455,2024-09-16T19:27:40.000000Z
2024,260.81089120370376,43.16746,-79.04456,2024-09-16T19:27:41.000000Z
2024,260.8109027777778,43.16746,-79.04456,2024-09-16T19:27:42.000000Z
2024,260.81091435185186,43.16746,-79.04456,2024-09-16T19:27:43.000000Z
2024,260.81092592592597,43.16746,-79.04457,2024-09-16T19:27:44.000000Z
2024,260.8109375,43.16746,-79.04457,2024-09-16T19:27:45.000000Z
2024,260.81094907407413,43.16746,-79.04457,2024-09-16T19:27:46.000000Z
2024,260.8109606481482,43.16746,-79.04457,2024-09-16T19:27:47.000000Z
2024,260.81097222222223,43.16746,-79.04457,2024-09-16T19:27:48.000000Z
2024,260.81098379629634,43.16746,-79.04457,2024-09-16T19:27:49.000000Z
2024,260.8109953703704,43.16746,-79.04457,2024-09-16T19:27:50.000000Z
2024,260.8110069444445,43.16746,-79.04457,2024-09-16T19:27:51.000000Z
2024,260.81101851851855,43.16746,-79.04457,2024-09-16T19:27:52.000000Z
2024,260.8110300925926,43.16746,-79.04457,2024-09-16T19:27:53.000000Z
2024,260.8110416666667,43.16746,-79.04457,2024-09-16T19:27:54.000000Z
2024,260.81105324074076,43.16746,-79.04457,2024-09-16T19:27:55.000000Z
2024,260.81106481481487,43.16746,-79.04457,2024-09-16T19:27:56.000000Z
2024,260.8110763888889,43.16746,-79.04457,2024-09-16T19:27:57.000000Z
2024,260.811087962963,43.16746,-79.04457,2024-09-16T19:27:58.000000Z
2024,260.8110995370371,43.16746,-79.04457,2024-09-16T19:27:59.000000Z
2024,260.81111111111113,43.16746,-79.04457,2024-09-16T19:28:00.000000Z
2024,260.8111226851852,43.16746,-79.04457,2024-09-16T19:28:01.000000Z
2024,260.8111342592593,43.16746,-79.04457,2024-09-16T19:28:02.000000Z
2024,260.81114583333334,43.16746,-79.04457,2024-09-16T19:28:03.000000Z
2024,260.81115740740745,43.16746,-79.04458,2024-09-16T19:28:04.000000Z
2024,260.8111689814815,43.16746,-79.04457,2024-09-16T19:28:05.000000Z
2024,260.81118055555555,43.16746,-79.04457,2024-09-16T19:28:06.000000Z
2024,260.81119212962966,43.16746,-79.04457,2024-09-16T19:28:07.000000Z
2024,260.8112037037037,43.16746,-79.04457,2024-09-16T19:28:08.000000Z
2024,260.8112152777778,43.16746,-79.04457,2024-09-16T19:28:09.000000Z
2024,260.81122685185187,43.16746,-79.04457,2024-09-16T19:28:10.000000Z
2024,260.8112384259259,43.16746,-79.04457,2024-09-16T19:28:11.000000Z
2024,260.81125000000003,43.16746,-79.04457,2024-09-16T19:28:12.000000Z
2024,260.8112615740741,43.16746,-79.04457,2024-09-16T19:28:13.000000Z
2024,260.8112731481482,43.16746,-79.04457,2024-09-16T19:28:14.000000Z
2024,260.81128472222224,43.16746,-79.04457,2024-09-16T19:28:15.000000Z
2024,260.8112962962963,43.16746,-79.04457,2024-09-16T19:28:16.000000Z
2024,260.8113078703704,43.16746,-79.04457,2024-09-16T19:28:17.000000Z
2024,260.81131944444445,43.16746,-79.04457,2024-09-16T19:28:18.000000Z
2024,260.81133101851856,43.16746,-79.04457,2024-09-16T19:28:19.000000Z
2024,260.8113425925926,43.16746,-79.04457,2024-09-16T19:28:20.000000Z
2024,260.81135416666666,43.16746,-79.04457,2024-09-16T19:28:21.000000Z
2024,260.81136574074077,43.16746,-79.04457,2024-09-16T19:28:22.000000Z
2024,260.8113773148148,43.16746,-79.04457,2024-09-16T19:28:23.000000Z
2024,260.8113888888889,43.16746,-79.04457,2024-09-16T19:28:24.000000Z
2024,260.811400462963,43.16746,-79.04457,2024-09-16T19:28:25.000000Z
2024,260.81141203703703,43.16746,-79.04457,2024-09-16T19:28:26.000000Z
2024,260.81142361111114,43.16746,-79.04457,2024-09-16T19:28:27.000000Z
2024,260.8114351851852,43.16746,-79.04457,2024-09-16T19:28:28.000000Z
2024,260.8114467592593,43.16746,-79.04457,2024-09-16T19:28:29.000000Z
2024,260.81145833333335,43.16746,-79.04457,2024-09-16T19:28:30.000000Z
2024,260.8114699074074,43.16746,-79.04457,2024-09-16T19:28:31.000000Z
2024,260.8114814814815,43.16746,-79.04457,2024-09-16T19:28:32.000000Z
2024,260.81149305555556,43.16746,-79.04457,2024-09-16T19:28:33.000000Z
2024,260.81150462962967,43.16746,-79.04457,2024-09-16T19:28:34.000000Z
2024,260.8115162037037,43.16746,-79.04457,2024-09-16T19:28:35.000000Z
2024,260.8115277777778,43.16746,-79.04457,2024-09-16T19:28:36.000000Z
2024,260.8115393518519,43.16746,-79.04457,2024-09-16T19:28:37.000000Z
2024,260.8115509259259,43.16746,-79.04457,2024-09-16T19:28:38.000000Z
2024,260.8115740740741,43.16746,-79.04457,2024-09-16T19:28:40.000000Z
2024,260.8115856481482,43.16746,-79.04457,2024-09-16T19:28:41.000000Z
2024,260.81159722222225,43.16746,-79.04457,2024-09-16T19:28:42.000000Z
2024,260.8116087962963,43.16746,-79.04457,2024-09-16T19:28:43.000000Z
2024,260.8116203703704,43.16746,-79.04457,2024-09-16T19:28:44.000000Z
2024,260.81163194444446,43.16746,-79.04457,2024-09-16T19:28:45.000000Z
2024,260.81164351851857,43.16746,-79.04457,2024-09-16T19:28:46.000000Z
2024,260.8116550925926,43.16746,-79.04457,2024-09-16T19:28:47.000000Z
2024,260.81166666666667,43.16746,-79.04457,2024-09-16T19:28:48.000000Z
2024,260.8116782407408,43.16746,-79.04457,2024-09-16T19:28:49.000000Z
2024,260.8116898148148,43.16746,-79.04457,2024-09-16T19:28:50.000000Z
2024,260.81170138888893,43.16746,-79.04457,2024-09-16T19:28:51.000000Z
2024,260.811712962963,43.16746,-79.04457,2024-09-16T19:28:52.000000Z
2024,260.81172453703704,43.16746,-79.04457,2024-09-16T19:28:53.000000Z
2024,260.81173611111114,43.16746,-79.04457,2024-09-16T19:28:54.000000Z
2024,260.8117476851852,43.16746,-79.04457,2024-09-16T19:28:55.000000Z
2024,260.8117592592593,43.16746,-79.04457,2024-09-16T19:28:56.000000Z
2024,260.81177083333336,43.16746,-79.04457,2024-09-16T19:28:57.000000Z
2024,260.8117824074074,43.16746,-79.04457,2024-09-16T19:28:58.000000Z
2024,260.8117939814815,43.16746,-79.04457,2024-09-16T19:28:59.000000Z
2024,260.81180555555557,43.16746,-79.04457,2024-09-16T19:29:00.000000Z
2024,260.8118171296296,43.16746,-79.04457,2024-09-16T19:29:01.000000Z
2024,260.8118287037037,43.16746,-79.04457,2024-09-16T19:29:02.000000Z
2024,260.8118402777778,43.16746,-79.04457,2024-09-16T19:29:03.000000Z
2024,260.8118518518519,43.16746,-79.04457,2024-09-16T19:29:04.000000Z
2024,260.81186342592594,43.16746,-79.04457,2024-09-16T19:29:05.000000Z
2024,260.811875,43.16746,-79.04457,2024-09-16T19:29:06.000000Z
2024,260.8118865740741,43.16746,-79.04457,2024-09-16T19:29:07.000000Z
2024,260.81189814814815,43.16746,-79.04457,2024-09-16T19:29:08.000000Z
2024,260.81190972222225,43.16746,-79.04457,2024-09-16T19:29:09.000000Z
2024,260.8119212962963,43.16746,-79.04457,2024-09-16T19:29:10.000000Z
2024,260.81193287037036,43.16746,-79.04457,2024-09-16T19:29:11.000000Z
2024,260.81194444444446,43.16746,-79.04457,2024-09-16T19:29:12.000000Z
2024,260.8119560185185,43.16746,-79.04457,2024-09-16T19:29:13.000000Z
2024,260.8119675925926,43.16746,-79.04457,2024-09-16T19:29:14.000000Z
2024,260.8119791666667,43.16746,-79.04457,2024-09-16T19:29:15.000000Z
2024,260.8119907407407,43.16746,-79.04457,2024-09-16T19:29:16.000000Z
2024,260.81200231481483,43.16746,-79.04457,2024-09-16T19:29:17.000000Z
2024,260.8120138888889,43.16746,-79.04457,2024-09-16T19:29:18.000000Z
2024,260.812025462963,43.16746,-79.04457,2024-09-16T19:29:19.000000Z
2024,260.81203703703704,43.16746,-79.04457,2024-09-16T19:29:20.000000Z
2024,260.8120486111111,43.16746,-79.04457,2024-09-16T19:29:21.000000Z
2024,260.8120601851852,43.16746,-79.04457,2024-09-16T19:29:22.000000Z
2024,260.81207175925925,43.16746,-79.04457,2024-09-16T19:29:23.000000Z
2024,260.81208333333336,43.16746,-79.04457,2024-09-16T19:29:24.000000Z
2024,260.8120949074074,43.16746,-79.04457,2024-09-16T19:29:25.000000Z
2024,260.81210648148146,43.16746,-79.04457,2024-09-16T19:29:26.000000Z
2024,260.8121180555556,43.16746,-79.04457,2024-09-16T19:29:27.000000Z
2024,260.8121296296296,43.16746,-79.04457,2024-09-16T19:29:28.000000Z
2024,260.81214120370373,43.16746,-79.04457,2024-09-16T19:29:29.000000Z
2024,260.8121527777778,43.16746,-79.04457,2024-09-16T19:29:30.000000Z
2024,260.81216435185183,43.16746,-79.04457,2024-09-16T19:29:31.000000Z
2024,260.81217592592594,43.16746,-79.04457,2024-09-16T19:29:32.000000Z
2024,260.8121875,43.16746,-79.04457,2024-09-16T19:29:33.000000Z
2024,260.8121990740741,43.16746,-79.04457,2024-09-16T19:29:34.000000Z
2024,260.81221064814815,43.16746,-79.04457,2024-09-16T19:29:35.000000Z
2024,260.81222222222226,43.16746,-79.04457,2024-09-16T19:29:36.000000Z
2024,260.8122337962963,43.16746,-79.04457,2024-09-16T19:29:37.000000Z
2024,260.81224537037036,43.16746,-79.04457,2024-09-16T19:29:38.000000Z
2024,260.81225694444447,43.16746,-79.04457,2024-09-16T19:29:39.000000Z
2024,260.8122685185185,43.16746,-79.04457,2024-09-16T19:29:40.000000Z
2024,260.81228009259263,43.16746,-79.04457,2024-09-16T19:29:41.000000Z
2024,260.8122916666667,43.16746,-79.04457,2024-09-16T19:29:42.000000Z
2024,260.81230324074073,43.16746,-79.04457,2024-09-16T19:29:43.000000Z
2024,260.81231481481484,43.16746,-79.04457,2024-09-16T19:29:44.000000Z
2024,260.8123263888889,43.16746,-79.04457,2024-09-16T19:29:45.000000Z
2024,260.81234953703705,43.16746,-79.04457,2024-09-16T19:29:47.000000Z
2024,260.8123611111111,43.16746,-79.04457,2024-09-16T19:29:48.000000Z
2024,260.8123726851852,43.16746,-79.04457,2024-09-16T19:29:49.000000Z
2024,260.81238425925926,43.16746,-79.04457,2024-09-16T19:29:50.000000Z
2024,260.81239583333337,43.16746,-79.04457,2024-09-16T19:29:51.000000Z
2024,260.8124074074074,43.16746,-79.04457,2024-09-16T19:29:52.000000Z
2024,260.81241898148147,43.16746,-79.04457,2024-09-16T19:29:53.000000Z
2024,260.8124305555556,43.16746,-79.04457,2024-09-16T19:29:54.000000Z
2024,260.81244212962963,43.16746,-79.04457,2024-09-16T19:29:55.000000Z
2024,260.81245370370374,43.16746,-79.04457,2024-09-16T19:29:56.000000Z
2024,260.8124652777778,43.16746,-79.04457,2024-09-16T19:29:57.000000Z
2024,260.81247685185184,43.16746,-79.04457,2024-09-16T19:29:58.000000Z
2024,260.81248842592595,43.16746,-79.04457,2024-09-16T19:29:59.000000Z
2024,260.8125,43.16746,-79.04457,2024-09-16T19:30:00.000000Z
2024,260.81251157407405,43.16746,-79.04457,2024-09-16T19:30:01.000000Z
2024,260.81252314814816,43.16746,-79.04457,2024-09-16T19:30:02.000000Z
2024,260.8125347222222,43.16746,-79.04457,2024-09-16T19:30:03.000000Z
2024,260.8125462962963,43.16746,-79.04457,2024-09-16T19:30:04.000000Z
2024,260.81255787037037,43.16746,-79.04457,2024-09-16T19:30:05.000000Z
2024,260.8125694444444,43.16746,-79.04457,2024-09-16T19:30:06.000000Z
2024,260.81258101851853,43.16746,-79.04457,2024-09-16T19:30:07.000000Z
2024,260.8125925925926,43.16746,-79.04457,2024-09-16T19:30:08.000000Z
2024,260.8126041666667,43.16746,-79.04457,2024-09-16T19:30:09.000000Z
2024,260.81261574074074,43.16746,-79.04457,2024-09-16T19:30:10.000000Z
2024,260.8126273148148,43.16746,-79.04457,2024-09-16T19:30:11.000000Z
2024,260.8126388888889,43.16746,-79.04457,2024-09-16T19:30:12.000000Z
2024,260.81265046296295,43.16746,-79.04457,2024-09-16T19:30:13.000000Z
2024,260.81266203703706,43.16746,-79.04457,2024-09-16T19:30:14.000000Z
2024,260.8126736111111,43.16746,-79.04457,2024-09-16T19:30:15.000000Z
2024,260.81268518518516,43.16746,-79.04457,2024-09-16T19:30:16.000000Z
2024,260.81269675925927,43.16746,-79.04457,2024-09-16T19:30:17.000000Z
2024,260.8127083333333,43.16746,-79.04457,2024-09-16T19:30:18.000000Z
2024,260.8127199074074,43.16746,-79.04457,2024-09-16T19:30:19.000000Z
2024,260.8127314814815,43.16746,-79.04457,2024-09-16T19:30:20.000000Z
2024,260.81274305555553,43.16746,-79.04457,2024-09-16T19:30:21.000000Z
2024,260.81275462962964,43.16746,-79.04457,2024-09-16T19:30:22.000000Z
2024,260.8127662037037,43.16746,-79.04457,2024-09-16T19:30:23.000000Z
2024,260.8127777777778,43.16746,-79.04457,2024-09-16T19:30:24.000000Z
2024,260.81278935185185,43.16746,-79.04457,2024-09-16T19:30:25.000000Z
2024,260.8128009259259,43.16746,-79.04457,2024-09-16T19:30:26.000000Z
2024,260.8128125,43.16746,-79.04457,2024-09-16T19:30:27.000000Z
2024,260.81282407407406,43.16746,-79.04457,2024-09-16T19:30:28.000000Z
2024,260.81283564814817,43.16746,-79.04457,2024-09-16T19:30:29.000000Z
2024,260.8128472222222,43.16746,-79.04457,2024-09-16T19:30:30.000000Z
2024,260.81285879629627,43.16746,-79.04457,2024-09-16T19:30:31.000000Z
2024,260.8128703703704,43.16746,-79.04457,2024-09-16T19:30:32.000000Z
2024,260.8128819444444,43.16746,-79.04457,2024-09-16T19:30:33.000000Z
2024,260.81289351851854,43.16746,-79.04457,2024-09-16T19:30:34.000000Z
2024,260.8129050925926,43.16746,-79.04457,2024-09-16T19:30:35.000000Z
2024,260.8129166666667,43.16746,-79.04457,2024-09-16T19:30:36.000000Z
2024,260.81292824074075,43.16746,-79.04457,2024-09-16T19:30:37.000000Z
2024,260.8129398148148,43.16746,-79.04457,2024-09-16T19:30:38.000000Z
2024,260.8129513888889,43.16746,-79.04457,2024-09-16T19:30:39.000000Z
2024,260.81296296296296,43.16746,-79.04457,2024-09-16T19:30:40.000000Z
2024,260.81297453703706,43.16746,-79.04457,2024-09-16T19:30:41.000000Z
2024,260.8129861111111,43.16746,-79.04457,2024-09-16T19:30:42.000000Z
2024,260.81299768518517,43.16746,-79.04457,2024-09-16T19:30:43.000000Z
2024,260.8130092592593,43.16746,-79.04457,2024-09-16T19:30:44.000000Z
2024,260.8130208333333,43.16746,-79.04457,2024-09-16T19:30:45.000000Z
2024,260.81303240740743,43.16746,-79.04457,2024-09-16T19:30:46.000000Z
2024,260.8130439814815,43.16746,-79.04457,2024-09-16T19:30:47.000000Z
2024,260.81305555555554,43.16746,-79.04457,2024-09-16T19:30:48.000000Z
2024,260.81306712962964,43.16746,-79.04457,2024-09-16T19:30:49.000000Z
2024,260.8130787037037,43.16746,-79.04457,2024-09-16T19:30:50.000000Z
2024,260.8130902777778,43.16746,-79.04457,2024-09-16T19:30:51.000000Z
2024,260.81310185185185,43.16746,-79.04457,2024-09-16T19:30:52.000000Z
2024,260.813125,43.16746,-79.04457,2024-09-16T19:30:54.000000Z
2024,260.81313657407406,43.16746,-79.04457,2024-09-16T19:30:55.000000Z
2024,260.8131481481482,43.16746,-79.04457,2024-09-16T19:30:56.000000Z
2024,260.8131597222222,43.16746,-79.04457,2024-09-16T19:30:57.000000Z
2024,260.8131712962963,43.16746,-79.04457,2024-09-16T19:30:58.000000Z
2024,260.8131828703704,43.16746,-79.04457,2024-09-16T19:30:59.000000Z
2024,260.8131944444445,43.16745,-79.04457,2024-09-16T19:31:00.000000Z
2024,260.81320601851854,43.16745,-79.04457,2024-09-16T19:31:01.000000Z
2024,260.81321759259265,43.16744,-79.04457,2024-09-16T19:31:02.000000Z
2024,260.8132291666667,43.16744,-79.04457,2024-09-16T19:31:03.000000Z
2024,260.8132407407408,43.16744,-79.04457,2024-09-16T19:31:04.000000Z
2024,260.81325231481486,43.16744,-79.04457,2024-09-16T19:31:05.000000Z
2024,260.8132638888889,43.16744,-79.04457,2024-09-16T19:31:06.000000Z
2024,260.813275462963,43.16744,-79.04456,2024-09-16T19:31:07.000000Z
2024,260.81328703703707,43.16744,-79.04456,2024-09-16T19:31:08.000000Z
2024,260.8132986111112,43.16745,-79.04456,2024-09-16T19:31:09.000000Z
2024,260.81331018518523,43.16745,-79.04456,2024-09-16T19:31:10.000000Z
2024,260.8133217592593,43.16746,-79.04456,2024-09-16T19:31:11.000000Z
2024,260.8133333333334,43.16746,-79.04456,2024-09-16T19:31:12.000000Z
2024,260.81334490740744,43.16746,-79.04456,2024-09-16T19:31:13.000000Z
2024,260.81335648148155,43.16746,-79.04456,2024-09-16T19:31:14.000000Z
2024,260.8133680555556,43.16746,-79.04456,2024-09-16T19:31:15.000000Z
2024,260.81337962962965,43.16746,-79.04456,2024-09-16T19:31:16.000000Z
2024,260.81339120370376,43.16746,-79.04456,2024-09-16T19:31:17.000000Z
2024,260.8134027777778,43.16746,-79.04456,2024-09-16T19:31:18.000000Z
2024,260.8134143518519,43.16746,-79.04456,2024-09-16T19:31:19.000000Z
2024,260.81342592592597,43.16746,-79.04456,2024-09-16T19:31:20.000000Z
2024,260.8134375,43.16746,-79.04456,2024-09-16T19:31:21.000000Z
2024,260.81344907407413,43.16746,-79.04456,2024-09-16T19:31:22.000000Z
2024,260.8134606481482,43.16746,-79.04456,2024-09-16T19:31:23.000000Z
2024,260.8134722222223,43.16746,-79.04456,2024-09-16T19:31:24.000000Z
2024,260.81348379629634,43.16746,-79.04456,2024-09-16T19:31:25.000000Z
2024,260.8134953703704,43.16746,-79.04456,2024-09-16T19:31:26.000000Z
2024,260.8135069444445,43.16746,-79.04456,2024-09-16T19:31:27.000000Z
2024,260.81351851851855,43.16746,-79.04456,2024-09-16T19:31:28.000000Z
2024,260.81353009259266,43.16746,-79.04456,2024-09-16T19:31:29.000000Z
2024,260.8135416666667,43.16746,-79.04456,2024-09-16T19:31:30.000000Z
2024,260.81355324074076,43.16746,-79.04456,2024-09-16T19:31:31.000000Z
2024,260.81356481481487,43.16746,-79.04456,2024-09-16T19:31:32.000000Z
2024,260.8135763888889,43.16747,-79.04457,2024-09-16T19:31:33.000000Z
2024,260.813587962963,43.16747,-79.04457,2024-09-16T19:31:34.000000Z
2024,260.8135995370371,43.16747,-79.04457,2024-09-16T19:31:35.000000Z
2024,260.8136111111112,43.16747,-79.04457,2024-09-16T19:31:36.000000Z
2024,260.81362268518524,43.16748,-79.04457,2024-09-16T19:31:37.000000Z
2024,260.8136342592593,43.16748,-79.04457,2024-09-16T19:31:38.000000Z
2024,260.8136458333334,43.16747,-79.04457,2024-09-16T19:31:39.000000Z
2024,260.81365740740745,43.16747,-79.04457,2024-09-16T19:31:40.000000Z
2024,260.81366898148156,43.16747,-79.04457,2024-09-16T19:31:41.000000Z
2024,260.8136805555556,43.16747,-79.04457,2024-09-16T19:31:42.000000Z
2024,260.81369212962966,43.16747,-79.04458,2024-09-16T19:31:43.000000Z
2024,260.81370370370377,43.16747,-79.04458,2024-09-16T19:31:44.000000Z
2024,260.8137152777778,43.16747,-79.04458,2024-09-16T19:31:45.000000Z
2024,260.8137268518519,43.16747,-79.04458,2024-09-16T19:31:46.000000Z
2024,260.813738425926,43.16747,-79.04458,2024-09-16T19:31:47.000000Z
2024,260.81375,43.16747,-79.04458,2024-09-16T19:31:48.000000Z
2024,260.81376157407414,43.16747,-79.04458,2024-09-16T19:31:49.000000Z
2024,260.8137731481482,43.16747,-79.04458,2024-09-16T19:31:50.000000Z
2024,260.8137847222223,43.16747,-79.04458,2024-09-16T19:31:51.000000Z
2024,260.81379629629635,43.16746,-79.04457,2024-09-16T19:31:52.000000Z
2024,260.8138078703704,43.16746,-79.04457,2024-09-16T19:31:53.000000Z
2024,260.8138194444445,43.16746,-79.04457,2024-09-16T19:31:54.000000Z
2024,260.81383101851856,43.16746,-79.04457,2024-09-16T19:31:55.000000Z
2024,260.81384259259266,43.16746,-79.04457,2024-09-16T19:31:56.000000Z
2024,260.8138541666667,43.16746,-79.04457,2024-09-16T19:31:57.000000Z
2024,260.81386574074077,43.16747,-79.04457,2024-09-16T19:31:58.000000Z
2024,260.8138773148149,43.16747,-79.04457,2024-09-16T19:31:59.000000Z
2024,260.8138888888889,43.16747,-79.04457,2024-09-16T19:32:00.000000Z
2024,260.813900462963,43.16748,-79.04457,2024-09-16T19:32:01.000000Z
2024,260.8139120370371,43.16748,-79.04458,2024-09-16T19:32:02.000000Z
2024,260.81392361111114,43.16748,-79.04458,2024-09-16T19:32:03.000000Z
2024,260.81393518518524,43.16748,-79.04458,2024-09-16T19:32:04.000000Z
2024,260.8139467592593,43.16748,-79.04458,2024-09-16T19:32:05.000000Z
2024,260.81395833333335,43.16748,-79.04458,2024-09-16T19:32:06.000000Z
2024,260.81396990740745,43.16748,-79.04458,2024-09-16T19:32:07.000000Z
2024,260.8139814814815,43.16748,-79.04458,2024-09-16T19:32:08.000000Z
2024,260.8139930555556,43.16748,-79.04458,2024-09-16T19:32:09.000000Z
2024,260.81400462962966,43.16748,-79.04458,2024-09-16T19:32:10.000000Z
2024,260.8140162037037,43.16748,-79.04458,2024-09-16T19:32:11.000000Z
2024,260.8140277777778,43.16748,-79.04458,2024-09-16T19:32:12.000000Z
2024,260.8140393518519,43.16748,-79.04458,2024-09-16T19:32:13.000000Z
2024,260.814050925926,43.16748,-79.04458,2024-09-16T19:32:14.000000Z
2024,260.81406250000003,43.16748,-79.04458,2024-09-16T19:32:15.000000Z
2024,260.8140740740741,43.16748,-79.04458,2024-09-16T19:32:16.000000Z
2024,260.8140856481482,43.16748,-79.04458,2024-09-16T19:32:17.000000Z
2024,260.81409722222224,43.16749,-79.04458,2024-09-16T19:32:18.000000Z
2024,260.81410879629635,43.16749,-79.04458,2024-09-16T19:32:19.000000Z
2024,260.8141203703704,43.16749,-79.04458,2024-09-16T19:32:20.000000Z
2024,260.81413194444445,43.16749,-79.04458,2024-09-16T19:32:21.000000Z
2024,260.81414351851856,43.16749,-79.04458,2024-09-16T19:32:22.000000Z
2024,260.8141550925926,43.16749,-79.04458,2024-09-16T19:32:23.000000Z
2024,260.8141666666667,43.16749,-79.04458,2024-09-16T19:32:24.000000Z
2024,260.8141782407408,43.16749,-79.04458,2024-09-16T19:32:25.000000Z
2024,260.8141898148148,43.16749,-79.04458,2024-09-16T19:32:26.000000Z
2024,260.81420138888893,43.16749,-79.04458,2024-09-16T19:32:27.000000Z
2024,260.814212962963,43.16749,-79.04458,2024-09-16T19:32:28.000000Z
2024,260.8142245370371,43.16749,-79.04458,2024-09-16T19:32:29.000000Z
2024,260.81423611111114,43.16749,-79.04458,2024-09-16T19:32:30.000000Z
2024,260.8142476851852,43.16749,-79.04458,2024-09-16T19:32:31.000000Z
2024,260.8142592592593,43.16749,-79.04458,2024-09-16T19:32:32.000000Z
2024,260.81427083333335,43.16749,-79.04458,2024-09-16T19:32:33.000000Z
2024,260.81428240740746,43.16749,-79.04458,2024-09-16T19:32:34.000000Z
2024,260.8142939814815,43.16749,-79.04458,2024-09-16T19:32:35.000000Z
2024,260.8143055555556,43.16749,-79.04458,2024-09-16T19:32:36.000000Z
2024,260.81431712962967,43.16749,-79.04458,2024-09-16T19:32:37.000000Z
2024,260.8143287037037,43.16749,-79.04458,2024-09-16T19:32:38.000000Z
2024,260.81434027777783,43.16749,-79.04458,2024-09-16T19:32:39.000000Z
2024,260.8143518518519,43.16749,-79.04458,2024-09-16T19:32:40.000000Z
2024,260.814363425926,43.16749,-79.04458,2024-09-16T19:32:41.000000Z
2024,260.81437500000004,43.16749,-79.04458,2024-09-16T19:32:42.000000Z
2024,260.8143865740741,43.16749,-79.04458,2024-09-16T19:32:43.000000Z
2024,260.8143981481482,43.16749,-79.04458,2024-09-16T19:32:44.000000Z
2024,260.81440972222225,43.16749,-79.04458,2024-09-16T19:32:45.000000Z
2024,260.81442129629636,43.16749,-79.04458,2024-09-16T19:32:46.000000Z
2024,260.8144328703704,43.16749,-79.04458,2024-09-16T19:32:47.000000Z
2024,260.81444444444446,43.16749,-79.04458,2024-09-16T19:32:48.000000Z
2024,260.81445601851857,43.16749,-79.04458,2024-09-16T19:32:49.000000Z
2024,260.8144675925926,43.16749,-79.04458,2024-09-16T19:32:50.000000Z
2024,260.81447916666673,43.16749,-79.04458,2024-09-16T19:32:51.000000Z
2024,260.8144907407408,43.16749,-79.04458,2024-09-16T19:32:52.000000Z
2024,260.81450231481483,43.16749,-79.04458,2024-09-16T19:32:53.000000Z
2024,260.81451388888894,43.16749,-79.04458,2024-09-16T19:32:54.000000Z
2024,260.814525462963,43.16749,-79.04458,2024-09-16T19:32:55.000000Z
2024,260.8145370370371,43.16749,-79.04458,2024-09-16T19:32:56.000000Z
2024,260.81454861111115,43.16749,-79.04458,2024-09-16T19:32:57.000000Z
2024,260.8145601851852,43.16749,-79.04458,2024-09-16T19:32:58.000000Z
2024,260.8145717592593,43.16749,-79.04458,2024-09-16T19:32:59.000000Z
2024,260.81458333333336,43.16749,-79.04458,2024-09-16T19:33:00.000000Z
2024,260.8145949074074,43.16749,-79.04458,2024-09-16T19:33:01.000000Z
2024,260.8237962962963,43.16746,-79.04451,2024-09-16T19:46:16.000000Z
2024,260.8238078703704,43.16745,-79.0445,2024-09-16T19:46:17.000000Z
2024,260.82381944444444,43.16745,-79.0445,2024-09-16T19:46:18.000000Z
2024,260.82383101851855,43.16744,-79.0445,2024-09-16T19:46:19.000000Z
2024,260.8238425925926,43.16744,-79.04449,2024-09-16T19:46:20.000000Z
2024,260.82385416666665,43.16744,-79.04448,2024-09-16T19:46:21.000000Z
2024,260.82386574074076,43.16744,-79.04448,2024-09-16T19:46:22.000000Z
2024,260.8238773148148,43.16744,-79.04448,2024-09-16T19:46:23.000000Z
2024,260.8238888888889,43.16744,-79.04448,2024-09-16T19:46:24.000000Z
2024,260.82390046296297,43.16744,-79.04448,2024-09-16T19:46:25.000000Z
2024,260.823912037037,43.16744,-79.04447,2024-09-16T19:46:26.000000Z
2024,260.8239236111111,43.16744,-79.04447,2024-09-16T19:46:27.000000Z
2024,260.8239351851852,43.16744,-79.04447,2024-09-16T19:46:28.000000Z
2024,260.8239467592593,43.16744,-79.04447,2024-09-16T19:46:29.000000Z
2024,260.82395833333334,43.16744,-79.04447,2024-09-16T19:46:30.000000Z
2024,260.8239699074074,43.16744,-79.04447,2024-09-16T19:46:31.000000Z
2024,260.8239814814815,43.16744,-79.04447,2024-09-16T19:46:32.000000Z
2024,260.82399305555555,43.16744,-79.04447,2024-09-16T19:46:33.000000Z
2024,260.82400462962966,43.16744,-79.04448,2024-09-16T19:46:34.000000Z
2024,260.8342129629629,43.16748,-79.04456,2024-09-16T20:01:16.000000Z
2024,260.834224537037,43.16748,-79.04455,2024-09-16T20:01:17.000000Z
2024,260.83423611111107,43.16748,-79.04455,2024-09-16T20:01:18.000000Z
2024,260.8342476851852,43.16748,-79.04455,2024-09-16T20:01:19.000000Z
2024,260.8342592592592,43.16748,-79.04455,2024-09-16T20:01:20.000000Z
2024,260.8342708333333,43.16748,-79.04456,2024-09-16T20:01:21.000000Z
2024,260.8342824074074,43.16748,-79.04456,2024-09-16T20:01:22.000000Z
2024,260.83429398148144,43.16748,-79.04457,2024-09-16T20:01:23.000000Z
2024,260.83430555555555,43.16749,-79.04457,2024-09-16T20:01:24.000000Z
2024,260.8343171296296,43.16749,-79.04457,2024-09-16T20:01:25.000000Z
2024,260.83432870370365,43.16749,-79.04457,2024-09-16T20:01:26.000000Z
2024,260.83434027777776,43.16749,-79.04457,2024-09-16T20:01:27.000000Z
2024,260.8343518518518,43.16749,-79.04458,2024-09-16T20:01:28.000000Z
2024,260.8343634259259,43.16749,-79.04458,2024-09-16T20:01:29.000000Z
2024,260.83437499999997,43.16749,-79.04457,2024-09-16T20:01:30.000000Z
2024,260.834386574074,43.1675,-79.04457,2024-09-16T20:01:31.000000Z
2024,260.8343981481481,43.1675,-79.04457,2024-09-16T20:01:32.000000Z
2024,260.8344097222222,43.1675,-79.04457,2024-09-16T20:01:33.000000Z
2024,260.8344212962963,43.1675,-79.04457,2024-09-16T20:01:34.000000Z
2024,260.8446759259259,43.16756,-79.0447,2024-09-16T20:16:20.000000Z
2024,260.84468749999996,43.16756,-79.0447,2024-09-16T20:16:21.000000Z
2024,260.8448148148148,43.16754,-79.04465,2024-09-16T20:16:32.000000Z
2024,260.84482638888886,43.16753,-79.04464,2024-09-16T20:16:33.000000Z
2024,260.8449074074074,43.16749,-79.04462,2024-09-16T20:16:40.000000Z
2024,260.8449189814815,43.16749,-79.04461,2024-09-16T20:16:41.000000Z
2024,260.84493055555555,43.1675,-79.04461,2024-09-16T20:16:42.000000Z
2024,260.8449421296296,43.1675,-79.04461,2024-09-16T20:16:43.000000Z
2024,260.8449537037037,43.1675,-79.04461,2024-09-16T20:16:44.000000Z
2024,260.84496527777776,43.16751,-79.04461,2024-09-16T20:16:45.000000Z
2024,260.84497685185187,43.16751,-79.04461,2024-09-16T20:16:46.000000Z
2024,260.8449884259259,43.16751,-79.04461,2024-09-16T20:16:47.000000Z
2024,260.84499999999997,43.16751,-79.04462,2024-09-16T20:16:48.000000Z
2024,260.8450115740741,43.16752,-79.04462,2024-09-16T20:16:49.000000Z
2024,260.84502314814813,43.16752,-79.04462,2024-09-16T20:16:50.000000Z
2024,260.84503472222224,43.16752,-79.04463,2024-09-16T20:16:51.000000Z
2024,260.84505787037034,43.16753,-79.04463,2024-09-16T20:16:53.000000Z
2024,260.84506944444445,43.16753,-79.04463,2024-09-16T20:16:54.000000Z
2024,260.8450810185185,43.16753,-79.04463,2024-09-16T20:16:55.000000Z
2024,260.8450925925926,43.16754,-79.04463,2024-09-16T20:16:56.000000Z
2024,260.84510416666666,43.16754,-79.04463,2024-09-16T20:16:57.000000Z
2024,260.8451157407407,43.16754,-79.04463,2024-09-16T20:16:58.000000Z
2024,260.8550462962963,43.16738,-79.04455,2024-09-16T20:31:16.000000Z
2024,260.85508101851855,43.16741,-79.04455,2024-09-16T20:31:19.000000Z
2024,260.8550925925926,43.16742,-79.04455,2024-09-16T20:31:20.000000Z
2024,260.85510416666665,43.16743,-79.04456,2024-09-16T20:31:21.000000Z
2024,260.8551388888889,43.16743,-79.04455,2024-09-16T20:31:24.000000Z
2024,260.85515046296297,43.16743,-79.04455,2024-09-16T20:31:25.000000Z
2024,260.855162037037,43.16743,-79.04454,2024-09-16T20:31:26.000000Z
2024,260.8551736111111,43.16743,-79.04454,2024-09-16T20:31:27.000000Z
2024,260.8551851851852,43.16742,-79.04454,2024-09-16T20:31:28.000000Z
2024,260.8551967592593,43.16742,-79.04454,2024-09-16T20:31:29.000000Z
2024,260.85520833333334,43.16742,-79.04454,2024-09-16T20:31:30.000000Z
2024,260.8552199074074,43.16742,-79.04454,2024-09-16T20:31:31.000000Z
2024,260.8552314814815,43.16742,-79.04454,2024-09-16T20:31:32.000000Z
2024,260.85524305555555,43.16743,-79.04454,2024-09-16T20:31:33.000000Z
2024,260.85525462962966,43.16743,-79.04454,2024-09-16T20:31:34.000000Z
2024,260.8552662037037,43.16743,-79.04454,2024-09-16T20:31:35.000000Z
2024,260.8552777777778,43.16743,-79.04455,2024-09-16T20:31:36.000000Z
2024,260.8553125,43.16743,-79.04455,2024-09-16T20:31:39.000000Z
2024,260.8553240740741,43.16743,-79.04455,2024-09-16T20:31:40.000000Z
2024,260.8654629629629,43.16764,-79.04457,2024-09-16T20:46:16.000000Z
2024,260.865474537037,43.16766,-79.04458,2024-09-16T20:46:17.000000Z
2024,260.86548611111107,43.16767,-79.04458,2024-09-16T20:46:18.000000Z
2024,260.8654976851852,43.16767,-79.04459,2024-09-16T20:46:19.000000Z
2024,260.8655092592592,43.16767,-79.04459,2024-09-16T20:46:20.000000Z
2024,260.8655208333333,43.16767,-79.04459,2024-09-16T20:46:21.000000Z
2024,260.8655324074074,43.16767,-79.04459,2024-09-16T20:46:22.000000Z
2024,260.86554398148144,43.16767,-79.04458,2024-09-16T20:46:23.000000Z
2024,260.86555555555555,43.16767,-79.04458,2024-09-16T20:46:24.000000Z
2024,260.8655671296296,43.16767,-79.04458,2024-09-16T20:46:25.000000Z
2024,260.86557870370365,43.16766,-79.04457,2024-09-16T20:46:26.000000Z
2024,260.86559027777776,43.16766,-79.04457,2024-09-16T20:46:27.000000Z
2024,260.8656018518518,43.16766,-79.04457,2024-09-16T20:46:28.000000Z
2024,260.8656134259259,43.16766,-79.04457,2024-09-16T20:46:29.000000Z
2024,260.86562499999997,43.16765,-79.04457,2024-09-16T20:46:30.000000Z
2024,260.865636574074,43.16765,-79.04457,2024-09-16T20:46:31.000000Z
2024,260.8656481481481,43.16765,-79.04457,2024-09-16T20:46:32.000000Z
2024,260.8656597222222,43.16765,-79.04457,2024-09-16T20:46:33.000000Z
2024,260.8656712962963,43.16765,-79.04457,2024-09-16T20:46:34.000000Z
2024,260.86568287037034,43.16765,-79.04457,2024-09-16T20:46:35.000000Z
2024,260.8758796296296,43.16755,-79.04453,2024-09-16T21:01:16.000000Z
2024,260.8758912037037,43.16755,-79.04453,2024-09-16T21:01:17.000000Z
2024,260.87590277777775,43.16754,-79.04453,2024-09-16T21:01:18.000000Z
2024,260.87591435185186,43.16754,-79.04452,2024-09-16T21:01:19.000000Z
2024,260.8759259259259,43.16754,-79.04451,2024-09-16T21:01:20.000000Z
2024,260.87593749999996,43.16754,-79.04451,2024-09-16T21:01:21.000000Z
2024,260.8759490740741,43.16753,-79.04451,2024-09-16T21:01:22.000000Z
2024,260.8759606481481,43.16753,-79.0445,2024-09-16T21:01:23.000000Z
2024,260.87597222222223,43.16753,-79.0445,2024-09-16T21:01:24.000000Z
2024,260.8759837962963,43.16753,-79.0445,2024-09-16T21:01:25.000000Z
2024,260.87599537037033,43.16753,-79.0445,2024-09-16T21:01:26.000000Z
2024,260.87600694444444,43.16752,-79.0445,2024-09-16T21:01:27.000000Z
2024,260.8760185185185,43.16752,-79.0445,2024-09-16T21:01:28.000000Z
2024,260.8760300925926,43.16752,-79.0445,2024-09-16T21:01:29.000000Z
2024,260.87604166666665,43.16752,-79.0445,2024-09-16T21:01:30.000000Z
2024,260.8760532407407,43.16752,-79.04451,2024-09-16T21:01:31.000000Z
2024,260.8760648148148,43.16753,-79.04451,2024-09-16T21:01:32.000000Z
2024,260.87607638888886,43.16753,-79.04451,2024-09-16T21:01:33.000000Z
2024,260.87608796296297,43.16754,-79.04452,2024-09-16T21:01:34.000000Z
2024,260.8862962962963,43.16754,-79.04463,2024-09-16T21:16:16.000000Z
2024,260.8863078703704,43.16754,-79.04463,2024-09-16T21:16:17.000000Z
2024,260.88631944444444,43.16754,-79.04463,2024-09-16T21:16:18.000000Z
2024,260.88633101851855,43.16754,-79.04463,2024-09-16T21:16:19.000000Z
2024,260.8863425925926,43.16754,-79.04463,2024-09-16T21:16:20.000000Z
2024,260.88635416666665,43.16754,-79.04463,2024-09-16T21:16:21.000000Z
2024,260.88636574074076,43.16754,-79.04463,2024-09-16T21:16:22.000000Z
2024,260.8863773148148,43.16754,-79.04462,2024-09-16T21:16:23.000000Z
2024,260.8863888888889,43.16754,-79.04462,2024-09-16T21:16:24.000000Z
2024,260.88640046296297,43.16754,-79.04461,2024-09-16T21:16:25.000000Z
2024,260.886412037037,43.16754,-79.04461,2024-09-16T21:16:26.000000Z
2024,260.8864236111111,43.16754,-79.0446,2024-09-16T21:16:27.000000Z
2024,260.8864351851852,43.16754,-79.0446,2024-09-16T21:16:28.000000Z
2024,260.8864467592593,43.16754,-79.0446,2024-09-16T21:16:29.000000Z
2024,260.88645833333334,43.16754,-79.0446,2024-09-16T21:16:30.000000Z
2024,260.8864699074074,43.16755,-79.0446,2024-09-16T21:16:31.000000Z
2024,260.8864814814815,43.16754,-79.0446,2024-09-16T21:16:32.000000Z
2024,260.88649305555555,43.16754,-79.0446,2024-09-16T21:16:33.000000Z
2024,260.88650462962966,43.16754,-79.04459,2024-09-16T21:16:34.000000Z
2024,260.8865162037037,43.16754,-79.04459,2024-09-16T21:16:35.000000Z
2024,260.8967245370371,43.16734,-79.04442,2024-09-16T21:31:17.000000Z
2024,260.8967361111111,43.16733,-79.04441,2024-09-16T21:31:18.000000Z
2024,260.89674768518523,43.16733,-79.04441,2024-09-16T21:31:19.000000Z
2024,260.8967592592593,43.16733,-79.0444,2024-09-16T21:31:20.000000Z
2024,260.89677083333333,43.16733,-79.04439,2024-09-16T21:31:21.000000Z
2024,260.89678240740744,43.16732,-79.04438,2024-09-16T21:31:22.000000Z
2024,260.8967939814815,43.16732,-79.04438,2024-09-16T21:31:23.000000Z
2024,260.8968055555556,43.16732,-79.04438,2024-09-16T21:31:24.000000Z
2024,260.89681712962965,43.16732,-79.04438,2024-09-16T21:31:25.000000Z
2024,260.8968287037037,43.16731,-79.04438,2024-09-16T21:31:26.000000Z
2024,260.8968402777778,43.16731,-79.04438,2024-09-16T21:31:27.000000Z
2024,260.89685185185186,43.16731,-79.04438,2024-09-16T21:31:28.000000Z
2024,260.89686342592597,43.16732,-79.04438,2024-09-16T21:31:29.000000Z
2024,260.896875,43.16731,-79.04438,2024-09-16T21:31:30.000000Z
2024,260.8968865740741,43.16733,-79.04438,2024-09-16T21:31:31.000000Z
2024,260.8968981481482,43.16735,-79.04438,2024-09-16T21:31:32.000000Z
2024,260.89690972222223,43.16737,-79.04437,2024-09-16T21:31:33.000000Z
2024,260.89692129629634,43.16738,-79.04437,2024-09-16T21:31:34.000000Z
2024,260.8969328703704,43.1674,-79.04437,2024-09-16T21:31:35.000000Z
2024,260.9071412037037,43.16753,-79.04444,2024-09-16T21:46:17.000000Z
2024,260.90715277777775,43.16753,-79.04445,2024-09-16T21:46:18.000000Z
2024,260.90716435185186,43.16753,-79.04446,2024-09-16T21:46:19.000000Z
2024,260.9071759259259,43.16752,-79.04447,2024-09-16T21:46:20.000000Z
2024,260.90718749999996,43.16752,-79.04447,2024-09-16T21:46:21.000000Z
2024,260.9071990740741,43.16751,-79.04448,2024-09-16T21:46:22.000000Z
2024,260.9072106481481,43.16751,-79.04448,2024-09-16T21:46:23.000000Z
2024,260.90722222222223,43.1675,-79.04449,2024-09-16T21:46:24.000000Z
2024,260.9072337962963,43.1675,-79.04449,2024-09-16T21:46:25.000000Z
2024,260.90724537037033,43.16749,-79.0445,2024-09-16T21:46:26.000000Z
2024,260.90725694444444,43.16749,-79.0445,2024-09-16T21:46:27.000000Z
2024,260.9072685185185,43.16749,-79.0445,2024-09-16T21:46:28.000000Z
2024,260.9072800925926,43.16749,-79.0445,2024-09-16T21:46:29.000000Z
2024,260.90729166666665,43.16749,-79.0445,2024-09-16T21:46:30.000000Z
2024,260.9073032407407,43.16749,-79.0445,2024-09-16T21:46:31.000000Z
2024,260.9073148148148,43.16748,-79.0445,2024-09-16T21:46:32.000000Z
2024,260.90732638888886,43.16748,-79.0445,2024-09-16T21:46:33.000000Z
2024,260.90733796296297,43.16747,-79.0445,2024-09-16T21:46:34.000000Z
2024,260.907349537037,43.16747,-79.0445,2024-09-16T21:46:35.000000Z
2024,260.9175462962963,43.16758,-79.04455,2024-09-16T22:01:16.000000Z
2024,260.9175578703704,43.16758,-79.04455,2024-09-16T22:01:17.000000Z
2024,260.91756944444444,43.16758,-79.04455,2024-09-16T22:01:18.000000Z
2024,260.91758101851855,43.16758,-79.04455,2024-09-16T22:01:19.000000Z
2024,260.9175925925926,43.16758,-79.04455,2024-09-16T22:01:20.000000Z
2024,260.91760416666665,43.16757,-79.04455,2024-09-16T22:01:21.000000Z
2024,260.91761574074076,43.16757,-79.04455,2024-09-16T22:01:22.000000Z
2024,260.9176273148148,43.16757,-79.04455,2024-09-16T22:01:23.000000Z
2024,260.9176388888889,43.16757,-79.04455,2024-09-16T22:01:24.000000Z
2024,260.91765046296297,43.16756,-79.04455,2024-09-16T22:01:25.000000Z
2024,260.917662037037,43.16756,-79.04455,2024-09-16T22:01:26.000000Z
2024,260.9176736111111,43.16756,-79.04456,2024-09-16T22:01:27.000000Z
2024,260.9176851851852,43.16756,-79.04456,2024-09-16T22:01:28.000000Z
2024,260.9176967592593,43.16756,-79.04456,2024-09-16T22:01:29.000000Z
2024,260.91770833333334,43.16755,-79.04456,2024-09-16T22:01:30.000000Z
2024,260.9177199074074,43.16755,-79.04457,2024-09-16T22:01:31.000000Z
2024,260.9177314814815,43.16755,-79.04457,2024-09-16T22:01:32.000000Z
2024,260.91774305555555,43.16754,-79.04456,2024-09-16T22:01:33.000000Z
2024,260.91775462962966,43.16754,-79.04456,2024-09-16T22:01:34.000000Z
2024,260.9177662037037,43.16754,-79.04455,2024-09-16T22:01:35.000000Z
2024,260.92796296296297,43.16756,-79.04447,2024-09-16T22:16:16.000000Z
2024,260.9279745370371,43.16756,-79.04446,2024-09-16T22:16:17.000000Z
2024,260.9279861111111,43.16757,-79.04446,2024-09-16T22:16:18.000000Z
2024,260.92799768518523,43.16756,-79.04445,2024-09-16T22:16:19.000000Z
2024,260.9280092592593,43.16756,-79.04445,2024-09-16T22:16:20.000000Z
2024,260.92802083333333,43.16756,-79.04445,2024-09-16T22:16:21.000000Z
2024,260.92803240740744,43.16756,-79.04445,2024-09-16T22:16:22.000000Z
2024,260.9280439814815,43.16756,-79.04445,2024-09-16T22:16:23.000000Z
2024,260.9280555555556,43.16756,-79.04445,2024-09-16T22:16:24.000000Z
2024,260.92806712962965,43.16756,-79.04445,2024-09-16T22:16:25.000000Z
2024,260.9280787037037,43.16755,-79.04445,2024-09-16T22:16:26.000000Z
2024,260.9280902777778,43.16755,-79.04445,2024-09-16T22:16:27.000000Z
2024,260.92810185185186,43.16755,-79.04445,2024-09-16T22:16:28.000000Z
2024,260.92811342592597,43.16755,-79.04445,2024-09-16T22:16:29.000000Z
2024,260.928125,43.16755,-79.04446,2024-09-16T22:16:30.000000Z
2024,260.9281365740741,43.16755,-79.04446,2024-09-16T22:16:31.000000Z
2024,260.9281481481482,43.16756,-79.04446,2024-09-16T22:16:32.000000Z
2024,260.92815972222223,43.16756,-79.04446,2024-09-16T22:16:33.000000Z
2024,260.92817129629634,43.16756,-79.04446,2024-09-16T22:16:34.000000Z
2024,260.9281828703704,43.16756,-79.04446,2024-09-16T22:16:35.000000Z
2024,260.93837962962965,43.16755,-79.04454,2024-09-16T22:31:16.000000Z
2024,260.93839120370376,43.16756,-79.04454,2024-09-16T22:31:17.000000Z
2024,260.9384027777778,43.16757,-79.04454,2024-09-16T22:31:18.000000Z
2024,260.9384143518519,43.16758,-79.04454,2024-09-16T22:31:19.000000Z
2024,260.93842592592597,43.16758,-79.04454,2024-09-16T22:31:20.000000Z
2024,260.9384375,43.16759,-79.04454,2024-09-16T22:31:21.000000Z
2024,260.93844907407413,43.16759,-79.04454,2024-09-16T22:31:22.000000Z
2024,260.9384606481482,43.16759,-79.04454,2024-09-16T22:31:23.000000Z
2024,260.9384722222223,43.16759,-79.04454,2024-09-16T22:31:24.000000Z
2024,260.93848379629634,43.16759,-79.04455,2024-09-16T22:31:25.000000Z
2024,260.9384953703704,43.16759,-79.04455,2024-09-16T22:31:26.000000Z
2024,260.9385069444445,43.16759,-79.04455,2024-09-16T22:31:27.000000Z
2024,260.93851851851855,43.16759,-79.04455,2024-09-16T22:31:28.000000Z
2024,260.93853009259266,43.16759,-79.04455,2024-09-16T22:31:29.000000Z
2024,260.9385416666667,43.16759,-79.04455,2024-09-16T22:31:30.000000Z
2024,260.93855324074076,43.16759,-79.04455,2024-09-16T22:31:31.000000Z
2024,260.93856481481487,43.16759,-79.04456,2024-09-16T22:31:32.000000Z
2024,260.9385763888889,43.16759,-79.04456,2024-09-16T22:31:33.000000Z
2024,260.938587962963,43.16759,-79.04456,2024-09-16T22:31:34.000000Z
2024,260.9385995370371,43.16759,-79.04456,2024-09-16T22:31:35.000000Z
2024,260.9487962962963,43.16751,-79.0445,2024-09-16T22:46:16.000000Z
2024,260.9488078703704,43.16751,-79.04452,2024-09-16T22:46:17.000000Z
2024,260.94881944444444,43.16751,-79.04453,2024-09-16T22:46:18.000000Z
2024,260.94883101851855,43.16751,-79.04454,2024-09-16T22:46:19.000000Z
2024,260.9488425925926,43.16751,-79.04455,2024-09-16T22:46:20.000000Z
2024,260.94885416666665,43.16751,-79.04456,2024-09-16T22:46:21.000000Z
2024,260.94886574074076,43.16752,-79.04456,2024-09-16T22:46:22.000000Z
2024,260.9488773148148,43.16752,-79.04456,2024-09-16T22:46:23.000000Z
2024,260.9488888888889,43.16752,-79.04456,2024-09-16T22:46:24.000000Z
2024,260.94890046296297,43.16751,-79.04456,2024-09-16T22:46:25.000000Z
2024,260.948912037037,43.16751,-79.04456,2024-09-16T22:46:26.000000Z
2024,260.9489236111111,43.16751,-79.04455,2024-09-16T22:46:27.000000Z
2024,260.9489351851852,43.16751,-79.04455,2024-09-16T22:46:28.000000Z
2024,260.9489467592593,43.1675,-79.04455,2024-09-16T22:46:29.000000Z
2024,260.94895833333334,43.1675,-79.04455,2024-09-16T22:46:30.000000Z
2024,260.9489699074074,43.16751,-79.04455,2024-09-16T22:46:31.000000Z
2024,260.9489814814815,43.16752,-79.04456,2024-09-16T22:46:32.000000Z
2024,260.94899305555555,43.16752,-79.04456,2024-09-16T22:46:33.000000Z
2024,260.94900462962966,43.16753,-79.04456,2024-09-16T22:46:34.000000Z
2024,260.9490162037037,43.16753,-79.04455,2024-09-16T22:46:35.000000Z
2024,260.9592129629629,43.16747,-79.04452,2024-09-16T23:01:16.000000Z
2024,260.959224537037,43.16748,-79.04453,2024-09-16T23:01:17.000000Z
2024,260.95923611111107,43.16748,-79.04454,2024-09-16T23:01:18.000000Z
2024,260.9592476851852,43.16749,-79.04454,2024-09-16T23:01:19.000000Z
2024,260.9592592592592,43.16749,-79.04454,2024-09-16T23:01:20.000000Z
2024,260.9592708333333,43.16749,-79.04454,2024-09-16T23:01:21.000000Z
2024,260.9592824074074,43.1675,-79.04455,2024-09-16T23:01:22.000000Z
2024,260.95929398148144,43.1675,-79.04455,2024-09-16T23:01:23.000000Z
2024,260.95930555555555,43.16751,-79.04456,2024-09-16T23:01:24.000000Z
2024,260.9593171296296,43.16751,-79.04457,2024-09-16T23:01:25.000000Z
2024,260.95932870370365,43.16752,-79.04457,2024-09-16T23:01:26.000000Z
2024,260.95934027777776,43.16752,-79.04457,2024-09-16T23:01:27.000000Z
2024,260.9593518518518,43.16753,-79.04457,2024-09-16T23:01:28.000000Z
2024,260.9593634259259,43.16753,-79.04457,2024-09-16T23:01:29.000000Z
2024,260.95937499999997,43.16753,-79.04457,2024-09-16T23:01:30.000000Z
2024,260.959386574074,43.16753,-79.04457,2024-09-16T23:01:31.000000Z
2024,260.9593981481481,43.16753,-79.04457,2024-09-16T23:01:32.000000Z
2024,260.9594097222222,43.16752,-79.04457,2024-09-16T23:01:33.000000Z
2024,260.9594212962963,43.16753,-79.04458,2024-09-16T23:01:34.000000Z
2024,260.9696296296296,43.16738,-79.04437,2024-09-16T23:16:16.000000Z
2024,260.9696412037037,43.16738,-79.04435,2024-09-16T23:16:17.000000Z
2024,260.96965277777775,43.1674,-79.04439,2024-09-16T23:16:18.000000Z
2024,260.96966435185186,43.16741,-79.04442,2024-09-16T23:16:19.000000Z
2024,260.9696759259259,43.16741,-79.04444,2024-09-16T23:16:20.000000Z
2024,260.96968749999996,43.16743,-79.04448,2024-09-16T23:16:21.000000Z
2024,260.9696990740741,43.16744,-79.0445,2024-09-16T23:16:22.000000Z
2024,260.9697106481481,43.16746,-79.04452,2024-09-16T23:16:23.000000Z
2024,260.96972222222223,43.16746,-79.04454,2024-09-16T23:16:24.000000Z
2024,260.9697337962963,43.16747,-79.04454,2024-09-16T23:16:25.000000Z
2024,260.96974537037033,43.16747,-79.04455,2024-09-16T23:16:26.000000Z
2024,260.96975694444444,43.16747,-79.04456,2024-09-16T23:16:27.000000Z
2024,260.9697685185185,43.16748,-79.04457,2024-09-16T23:16:28.000000Z
2024,260.9697800925926,43.16747,-79.04457,2024-09-16T23:16:29.000000Z
2024,260.96979166666665,43.16746,-79.04457,2024-09-16T23:16:30.000000Z
2024,260.9698032407407,43.16746,-79.04458,2024-09-16T23:16:31.000000Z
2024,260.9698148148148,43.16746,-79.04458,2024-09-16T23:16:32.000000Z
2024,260.96982638888886,43.16745,-79.04458,2024-09-16T23:16:33.000000Z
2024,260.96983796296297,43.16744,-79.04458,2024-09-16T23:16:34.000000Z
2024,260.9800462962963,43.16736,-79.04444,2024-09-16T23:31:16.000000Z
2024,260.9800578703704,43.16736,-79.04444,2024-09-16T23:31:17.000000Z
2024,260.98006944444444,43.16737,-79.04444,2024-09-16T23:31:18.000000Z
2024,260.98008101851855,43.16738,-79.04444,2024-09-16T23:31:19.000000Z
2024,260.9800925925926,43.16737,-79.04444,2024-09-16T23:31:20.000000Z
2024,260.98010416666665,43.16736,-79.04444,2024-09-16T23:31:21.000000Z
2024,260.98011574074076,43.16736,-79.04444,2024-09-16T23:31:22.000000Z
2024,260.9801273148148,43.16736,-79.04444,2024-09-16T23:31:23.000000Z
2024,260.9801388888889,43.16737,-79.04444,2024-09-16T23:31:24.000000Z
2024,260.98015046296297,43.16737,-79.04443,2024-09-16T23:31:25.000000Z
2024,260.980162037037,43.16738,-79.04443,2024-09-16T23:31:26.000000Z
2024,260.9801736111111,43.16738,-79.04443,2024-09-16T23:31:27.000000Z
2024,260.9801851851852,43.16738,-79.04443,2024-09-16T23:31:28.000000Z
2024,260.9801967592593,43.16739,-79.04444,2024-09-16T23:31:29.000000Z
2024,260.98020833333334,43.1674,-79.04444,2024-09-16T23:31:30.000000Z
2024,260.9802199074074,43.16741,-79.04444,2024-09-16T23:31:31.000000Z
2024,260.9802314814815,43.16741,-79.04444,2024-09-16T23:31:32.000000Z
2024,260.98024305555555,43.16742,-79.04445,2024-09-16T23:31:33.000000Z
2024,260.98025462962966,43.16742,-79.04445,2024-09-16T23:31:34.000000Z
2024,260.9802662037037,43.16743,-79.04446,2024-09-16T23:31:35.000000Z
2024,260.9904629629629,43.16728,-79.04444,2024-09-16T23:46:16.000000Z
2024,260.990474537037,43.16727,-79.04443,2024-09-16T23:46:17.000000Z
2024,260.99048611111107,43.16727,-79.04443,2024-09-16T23:46:18.000000Z
2024,260.9904976851852,43.16727,-79.04443,2024-09-16T23:46:19.000000Z
2024,260.9905092592592,43.16728,-79.04444,2024-09-16T23:46:20.000000Z
2024,260.9905208333333,43.1673,-79.04446,2024-09-16T23:46:21.000000Z
2024,260.9905324074074,43.16731,-79.04447,2024-09-16T23:46:22.000000Z
2024,260.99054398148144,43.16733,-79.04449,2024-09-16T23:46:23.000000Z
2024,260.99055555555555,43.16733,-79.0445,2024-09-16T23:46:24.000000Z
2024,260.9905671296296,43.16734,-79.0445,2024-09-16T23:46:25.000000Z
2024,260.99057870370365,43.16734,-79.0445,2024-09-16T23:46:26.000000Z
2024,260.99059027777776,43.16733,-79.0445,2024-09-16T23:46:27.000000Z
2024,260.9906018518518,43.16733,-79.04449,2024-09-16T23:46:28.000000Z
2024,260.9906134259259,43.16733,-79.0445,2024-09-16T23:46:29.000000Z
2024,260.99062499999997,43.16734,-79.0445,2024-09-16T23:46:30.000000Z
2024,260.990636574074,43.16735,-79.0445,2024-09-16T23:46:31.000000Z
2024,260.9906481481481,43.16735,-79.0445,2024-09-16T23:46:32.000000Z
2024,260.9906597222222,43.16735,-79.0445,2024-09-16T23:46:33.000000Z
2024,260.9906712962963,43.16735,-79.0445,2024-09-16T23:46:34.000000Z
2024,261.0008796296296,43.16724,-79.04432,2024-09-17T00:01:16.000000Z
2024,261.0008912037037,43.16721,-79.0443,2024-09-17T00:01:17.000000Z
2024,261.00090277777775,43.1672,-79.04428,2024-09-17T00:01:18.000000Z
2024,261.00091435185186,43.1672,-79.04429,2024-09-17T00:01:19.000000Z
2024,261.0009259259259,43.1672,-79.0443,2024-09-17T00:01:20.000000Z
2024,261.00093749999996,43.16721,-79.04431,2024-09-17T00:01:21.000000Z
2024,261.0009490740741,43.16722,-79.04433,2024-09-17T00:01:22.000000Z
2024,261.0009606481481,43.16723,-79.04434,2024-09-17T00:01:23.000000Z
2024,261.00097222222223,43.16723,-79.04434,2024-09-17T00:01:24.000000Z
2024,261.0009837962963,43.16725,-79.04435,2024-09-17T00:01:25.000000Z
2024,261.00099537037033,43.16726,-79.04437,2024-09-17T00:01:26.000000Z
2024,261.00100694444444,43.16727,-79.04438,2024-09-17T00:01:27.000000Z
2024,261.0010185185185,43.16728,-79.04439,2024-09-17T00:01:28.000000Z
2024,261.0010300925926,43.16729,-79.0444,2024-09-17T00:01:29.000000Z
2024,261.00104166666665,43.1673,-79.04441,2024-09-17T00:01:30.000000Z
2024,261.0010532407407,43.16737,-79.04447,2024-09-17T00:01:31.000000Z
2024,261.0010648148148,43.16742,-79.0445,2024-09-17T00:01:32.000000Z
2024,261.00107638888886,43.16743,-79.04451,2024-09-17T00:01:33.000000Z
2024,261.001099537037,43.16745,-79.04453,2024-09-17T00:01:35.000000Z
2024,261.0112962962963,43.1675,-79.04445,2024-09-17T00:16:16.000000Z
2024,261.0113078703704,43.16748,-79.04446,2024-09-17T00:16:17.000000Z
2024,261.01131944444444,43.16748,-79.04447,2024-09-17T00:16:18.000000Z
2024,261.01133101851855,43.16746,-79.04447,2024-09-17T00:16:19.000000Z
2024,261.0113425925926,43.16746,-79.04448,2024-09-17T00:16:20.000000Z
2024,261.01135416666665,43.16745,-79.04449,2024-09-17T00:16:21.000000Z
2024,261.01136574074076,43.16745,-79.04449,2024-09-17T00:16:22.000000Z
2024,261.0113773148148,43.16745,-79.0445,2024-09-17T00:16:23.000000Z
2024,261.0113888888889,43.16746,-79.0445,2024-09-17T00:16:24.000000Z
2024,261.01140046296297,43.16746,-79.0445,2024-09-17T00:16:25.000000Z
2024,261.011412037037,43.16746,-79.04451,2024-09-17T00:16:26.000000Z
2024,261.0114236111111,43.16745,-79.04451,2024-09-17T00:16:27.000000Z
2024,261.0114351851852,43.16745,-79.04452,2024-09-17T00:16:28.000000Z
2024,261.0114467592593,43.16744,-79.04452,2024-09-17T00:16:29.000000Z
2024,261.01145833333334,43.16744,-79.04452,2024-09-17T00:16:30.000000Z
2024,261.0114699074074,43.16743,-79.04452,2024-09-17T00:16:31.000000Z
2024,261.0114814814815,43.16744,-79.04453,2024-09-17T00:16:32.000000Z
2024,261.01149305555555,43.16743,-79.04453,2024-09-17T00:16:33.000000Z
2024,261.01150462962966,43.16744,-79.04452,2024-09-17T00:16:34.000000Z
2024,261.0115162037037,43.16744,-79.04452,2024-09-17T00:16:35.000000Z
2024,261.0217013888889,43.16749,-79.04453,2024-09-17T00:31:15.000000Z
2024,261.02171296296297,43.16748,-79.04453,2024-09-17T00:31:16.000000Z
2024,261.0217245370371,43.16747,-79.04453,2024-09-17T00:31:17.000000Z
2024,261.0217361111111,43.16747,-79.04452,2024-09-17T00:31:18.000000Z
2024,261.02174768518523,43.16747,-79.04451,2024-09-17T00:31:19.000000Z
2024,261.0217592592593,43.16747,-79.04451,2024-09-17T00:31:20.000000Z
2024,261.02177083333333,43.16746,-79.0445,2024-09-17T00:31:21.000000Z
2024,261.02178240740744,43.16744,-79.0445,2024-09-17T00:31:22.000000Z
2024,261.0217939814815,43.16744,-79.0445,2024-09-17T00:31:23.000000Z
2024,261.0218055555556,43.16744,-79.0445,2024-09-17T00:31:24.000000Z
2024,261.02181712962965,43.16743,-79.0445,2024-09-17T00:31:25.000000Z
2024,261.0218287037037,43.16742,-79.04449,2024-09-17T00:31:26.000000Z
2024,261.0218402777778,43.16741,-79.04448,2024-09-17T00:31:27.000000Z
2024,261.02185185185186,43.16741,-79.04447,2024-09-17T00:31:28.000000Z
2024,261.02186342592597,43.16741,-79.04447,2024-09-17T00:31:29.000000Z
2024,261.021875,43.1674,-79.04447,2024-09-17T00:31:30.000000Z
2024,261.0218865740741,43.1674,-79.04447,2024-09-17T00:31:31.000000Z
2024,261.0218981481482,43.16741,-79.04447,2024-09-17T00:31:32.000000Z
2024,261.02190972222223,43.16741,-79.04447,2024-09-17T00:31:33.000000Z
2024,261.02192129629634,43.16741,-79.04447,2024-09-17T00:31:34.000000Z
2024,261.03211805555554,43.1674,-79.04431,2024-09-17T00:46:15.000000Z
2024,261.0321296296296,43.16739,-79.04431,2024-09-17T00:46:16.000000Z
2024,261.0321412037037,43.1674,-79.04432,2024-09-17T00:46:17.000000Z
2024,261.03215277777775,43.1674,-79.04432,2024-09-17T00:46:18.000000Z
2024,261.03216435185186,43.1674,-79.04432,2024-09-17T00:46:19.000000Z
2024,261.0321759259259,43.16741,-79.04433,2024-09-17T00:46:20.000000Z
2024,261.03218749999996,43.16741,-79.04433,2024-09-17T00:46:21.000000Z
2024,261.0321990740741,43.16742,-79.04433,2024-09-17T00:46:22.000000Z
2024,261.0322106481481,43.16742,-79.04434,2024-09-17T00:46:23.000000Z
2024,261.03222222222223,43.16742,-79.04434,2024-09-17T00:46:24.000000Z
2024,261.0322337962963,43.16742,-79.04434,2024-09-17T00:46:25.000000Z
2024,261.03224537037033,43.16742,-79.04434,2024-09-17T00:46:26.000000Z
2024,261.03225694444444,43.16743,-79.04435,2024-09-17T00:46:27.000000Z
2024,261.0322685185185,43.16743,-79.04435,2024-09-17T00:46:28.000000Z
2024,261.0322800925926,43.16743,-79.04434,2024-09-17T00:46:29.000000Z
2024,261.03229166666665,43.16743,-79.04435,2024-09-17T00:46:30.000000Z
2024,261.0323032407407,43.16744,-79.04435,2024-09-17T00:46:31.000000Z
2024,261.0323148148148,43.16744,-79.04435,2024-09-17T00:46:32.000000Z
2024,261.03232638888886,43.16744,-79.04436,2024-09-17T00:46:33.000000Z
2024,261.03233796296297,43.16745,-79.04436,2024-09-17T00:46:34.000000Z
2024,261.04253472222223,43.16747,-79.04441,2024-09-17T01:01:15.000000Z
2024,261.0425462962963,43.16746,-79.04441,2024-09-17T01:01:16.000000Z
2024,261.0425578703704,43.16746,-79.04441,2024-09-17T01:01:17.000000Z
2024,261.04256944444444,43.16747,-79.04441,2024-09-17T01:01:18.000000Z
2024,261.04258101851855,43.16747,-79.04441,2024-09-17T01:01:19.000000Z
2024,261.0425925925926,43.16747,-79.04441,2024-09-17T01:01:20.000000Z
2024,261.04260416666665,43.16748,-79.04441,2024-09-17T01:01:21.000000Z
2024,261.04261574074076,43.16748,-79.04443,2024-09-17T01:01:22.000000Z
2024,261.0426273148148,43.16749,-79.04444,2024-09-17T01:01:23.000000Z
2024,261.0426388888889,43.16749,-79.04445,2024-09-17T01:01:24.000000Z
2024,261.04265046296297,43.16749,-79.04445,2024-09-17T01:01:25.000000Z
2024,261.042662037037,43.16749,-79.04446,2024-09-17T01:01:26.000000Z
2024,261.0426736111111,43.16749,-79.04446,2024-09-17T01:01:27.000000Z
2024,261.0426851851852,43.16749,-79.04446,2024-09-17T01:01:28.000000Z
2024,261.0426967592593,43.1675,-79.04447,2024-09-17T01:01:29.000000Z
2024,261.04270833333334,43.16749,-79.04447,2024-09-17T01:01:30.000000Z
2024,261.0427199074074,43.1675,-79.04447,2024-09-17T01:01:31.000000Z
2024,261.0427314814815,43.16749,-79.04447,2024-09-17T01:01:32.000000Z
2024,261.04274305555555,43.16749,-79.04447,2024-09-17T01:01:33.000000Z
2024,261.04275462962966,43.16749,-79.04446,2024-09-17T01:01:34.000000Z
2024,261.0529513888889,43.16751,-79.04454,2024-09-17T01:16:15.000000Z
2024,261.05296296296297,43.16751,-79.04454,2024-09-17T01:16:16.000000Z
2024,261.0529745370371,43.16751,-79.04454,2024-09-17T01:16:17.000000Z
2024,261.0529861111111,43.1675,-79.04453,2024-09-17T01:16:18.000000Z
2024,261.05299768518523,43.16751,-79.04453,2024-09-17T01:16:19.000000Z
2024,261.0530092592593,43.16751,-79.04453,2024-09-17T01:16:20.000000Z
2024,261.05302083333333,43.16751,-79.04453,2024-09-17T01:16:21.000000Z
2024,261.05303240740744,43.16751,-79.04453,2024-09-17T01:16:22.000000Z
2024,261.0530439814815,43.16751,-79.04453,2024-09-17T01:16:23.000000Z
2024,261.0530555555556,43.16751,-79.04452,2024-09-17T01:16:24.000000Z
2024,261.05306712962965,43.16752,-79.04452,2024-09-17T01:16:25.000000Z
2024,261.0530787037037,43.16752,-79.04452,2024-09-17T01:16:26.000000Z
2024,261.0530902777778,43.16752,-79.04452,2024-09-17T01:16:27.000000Z
2024,261.05310185185186,43.16753,-79.04451,2024-09-17T01:16:28.000000Z
2024,261.05311342592597,43.16752,-79.04451,2024-09-17T01:16:29.000000Z
2024,261.053125,43.16753,-79.04451,2024-09-17T01:16:30.000000Z
2024,261.0531365740741,43.16752,-79.04451,2024-09-17T01:16:31.000000Z
2024,261.0531481481482,43.16752,-79.04451,2024-09-17T01:16:32.000000Z
2024,261.05315972222223,43.16752,-79.04451,2024-09-17T01:16:33.000000Z
2024,261.05317129629634,43.16752,-79.04451,2024-09-17T01:16:34.000000Z
2024,261.0633680555556,43.16754,-79.04453,2024-09-17T01:31:15.000000Z
2024,261.06337962962965,43.16753,-79.04454,2024-09-17T01:31:16.000000Z
2024,261.06339120370376,43.16751,-79.04454,2024-09-17T01:31:17.000000Z
2024,261.0634027777778,43.1675,-79.04454,2024-09-17T01:31:18.000000Z
2024,261.0634143518519,43.16749,-79.04454,2024-09-17T01:31:19.000000Z
2024,261.06342592592597,43.16748,-79.04454,2024-09-17T01:31:20.000000Z
2024,261.0634375,43.16747,-79.04454,2024-09-17T01:31:21.000000Z
2024,261.06344907407413,43.16746,-79.04454,2024-09-17T01:31:22.000000Z
2024,261.0634606481482,43.16745,-79.04454,2024-09-17T01:31:23.000000Z
2024,261.0634722222223,43.16744,-79.04454,2024-09-17T01:31:24.000000Z
2024,261.06348379629634,43.16744,-79.04453,2024-09-17T01:31:25.000000Z
2024,261.0634953703704,43.16743,-79.04453,2024-09-17T01:31:26.000000Z
2024,261.0635069444445,43.16743,-79.04453,2024-09-17T01:31:27.000000Z
2024,261.06351851851855,43.16743,-79.04452,2024-09-17T01:31:28.000000Z
2024,261.06353009259266,43.16743,-79.04452,2024-09-17T01:31:29.000000Z
2024,261.0635416666667,43.16743,-79.04452,2024-09-17T01:31:30.000000Z
2024,261.06355324074076,43.16742,-79.0445,2024-09-17T01:31:31.000000Z
2024,261.06356481481487,43.16741,-79.0445,2024-09-17T01:31:32.000000Z
2024,261.0635763888889,43.16741,-79.04449,2024-09-17T01:31:33.000000Z
2024,261.063587962963,43.16741,-79.04448,2024-09-17T01:31:34.000000Z
2024,261.07378472222223,43.16743,-79.04448,2024-09-17T01:46:15.000000Z
2024,261.0737962962963,43.16743,-79.04448,2024-09-17T01:46:16.000000Z
2024,261.0738078703704,43.16744,-79.04448,2024-09-17T01:46:17.000000Z
2024,261.07381944444444,43.16744,-79.04448,2024-09-17T01:46:18.000000Z
2024,261.07383101851855,43.16744,-79.04448,2024-09-17T01:46:19.000000Z
2024,261.0738425925926,43.16745,-79.04448,2024-09-17T01:46:20.000000Z
2024,261.07385416666665,43.16745,-79.04448,2024-09-17T01:46:21.000000Z
2024,261.07386574074076,43.16745,-79.04448,2024-09-17T01:46:22.000000Z
2024,261.0738773148148,43.16745,-79.04449,2024-09-17T01:46:23.000000Z
2024,261.0738888888889,43.16746,-79.04449,2024-09-17T01:46:24.000000Z
2024,261.07390046296297,43.16746,-79.04449,2024-09-17T01:46:25.000000Z
2024,261.073912037037,43.16746,-79.04449,2024-09-17T01:46:26.000000Z
2024,261.0739236111111,43.16747,-79.04449,2024-09-17T01:46:27.000000Z
2024,261.0739351851852,43.16747,-79.04449,2024-09-17T01:46:28.000000Z
2024,261.0739467592593,43.16748,-79.04449,2024-09-17T01:46:29.000000Z
2024,261.07395833333334,43.16748,-79.04449,2024-09-17T01:46:30.000000Z
2024,261.0739699074074,43.16748,-79.04449,2024-09-17T01:46:31.000000Z
2024,261.0739814814815,43.16749,-79.04449,2024-09-17T01:46:32.000000Z
2024,261.07399305555555,43.1675,-79.0445,2024-09-17T01:46:33.000000Z
2024,261.07400462962966,43.16751,-79.0445,2024-09-17T01:46:34.000000Z
2024,261.08420138888886,43.1674,-79.04434,2024-09-17T02:01:15.000000Z
2024,261.0842129629629,43.16741,-79.04434,2024-09-17T02:01:16.000000Z
2024,261.084224537037,43.16741,-79.04434,2024-09-17T02:01:17.000000Z
2024,261.08423611111107,43.16741,-79.04435,2024-09-17T02:01:18.000000Z
2024,261.0842476851852,43.16741,-79.04435,2024-09-17T02:01:19.000000Z
2024,261.0842592592592,43.16742,-79.04436,2024-09-17T02:01:20.000000Z
2024,261.0842708333333,43.16743,-79.04437,2024-09-17T02:01:21.000000Z
2024,261.0842824074074,43.16743,-79.04437,2024-09-17T02:01:22.000000Z
2024,261.08429398148144,43.16743,-79.04437,2024-09-17T02:01:23.000000Z
2024,261.08430555555555,43.16744,-79.04438,2024-09-17T02:01:24.000000Z
2024,261.0843171296296,43.16744,-79.04439,2024-09-17T02:01:25.000000Z
2024,261.08432870370365,43.16746,-79.0444,2024-09-17T02:01:26.000000Z
2024,261.08434027777776,43.16746,-79.04441,2024-09-17T02:01:27.000000Z
2024,261.0843518518518,43.16746,-79.04441,2024-09-17T02:01:28.000000Z
2024,261.0843634259259,43.16746,-79.04442,2024-09-17T02:01:29.000000Z
2024,261.08437499999997,43.16747,-79.04444,2024-09-17T02:01:30.000000Z
2024,261.084386574074,43.16748,-79.04447,2024-09-17T02:01:31.000000Z
2024,261.0843981481481,43.16749,-79.0445,2024-09-17T02:01:32.000000Z
2024,261.0844097222222,43.1675,-79.04452,2024-09-17T02:01:33.000000Z
2024,261.0844212962963,43.16751,-79.04454,2024-09-17T02:01:34.000000Z
2024,261.0946296296296,43.16738,-79.04441,2024-09-17T02:16:16.000000Z
2024,261.0946412037037,43.16738,-79.04441,2024-09-17T02:16:17.000000Z
2024,261.09465277777775,43.16739,-79.04441,2024-09-17T02:16:18.000000Z
2024,261.09466435185186,43.16737,-79.04438,2024-09-17T02:16:19.000000Z
2024,261.0946759259259,43.16736,-79.04435,2024-09-17T02:16:20.000000Z
2024,261.09468749999996,43.16735,-79.04434,2024-09-17T02:16:21.000000Z
2024,261.0946990740741,43.16734,-79.04431,2024-09-17T02:16:22.000000Z
2024,261.0947106481481,43.16734,-79.04431,2024-09-17T02:16:23.000000Z
2024,261.09472222222223,43.16733,-79.04431,2024-09-17T02:16:24.000000Z
2024,261.0947337962963,43.16733,-79.04429,2024-09-17T02:16:25.000000Z
2024,261.09474537037033,43.16732,-79.04428,2024-09-17T02:16:26.000000Z
2024,261.09475694444444,43.16732,-79.04428,2024-09-17T02:16:27.000000Z
2024,261.0947685185185,43.16731,-79.04427,2024-09-17T02:16:28.000000Z
2024,261.0947800925926,43.1673,-79.04426,2024-09-17T02:16:29.000000Z
2024,261.09479166666665,43.1673,-79.04425,2024-09-17T02:16:30.000000Z
2024,261.0948032407407,43.1673,-79.04425,2024-09-17T02:16:31.000000Z
2024,261.0948148148148,43.1673,-79.04425,2024-09-17T02:16:32.000000Z
2024,261.09482638888886,43.16729,-79.04425,2024-09-17T02:16:33.000000Z
2024,261.09483796296297,43.16729,-79.04424,2024-09-17T02:16:34.000000Z
2024,261.094849537037,43.16728,-79.04424,2024-09-17T02:16:35.000000Z
2024,261.10503472222223,43.16754,-79.0445,2024-09-17T02:31:15.000000Z
2024,261.1050462962963,43.16754,-79.0445,2024-09-17T02:31:16.000000Z
2024,261.1050578703704,43.16754,-79.0445,2024-09-17T02:31:17.000000Z
2024,261.10506944444444,43.16753,-79.0445,2024-09-17T02:31:18.000000Z
2024,261.10508101851855,43.16753,-79.0445,2024-09-17T02:31:19.000000Z
2024,261.1050925925926,43.16753,-79.04451,2024-09-17T02:31:20.000000Z
2024,261.10510416666665,43.16752,-79.04451,2024-09-17T02:31:21.000000Z
2024,261.10511574074076,43.16751,-79.04451,2024-09-17T02:31:22.000000Z
2024,261.1051273148148,43.16751,-79.04452,2024-09-17T02:31:23.000000Z
2024,261.1051388888889,43.16751,-79.04452,2024-09-17T02:31:24.000000Z
2024,261.10515046296297,43.16751,-79.04452,2024-09-17T02:31:25.000000Z
2024,261.105162037037,43.1675,-79.04452,2024-09-17T02:31:26.000000Z
2024,261.1051736111111,43.1675,-79.04452,2024-09-17T02:31:27.000000Z
2024,261.1051851851852,43.16749,-79.04453,2024-09-17T02:31:28.000000Z
2024,261.1051967592593,43.16749,-79.04453,2024-09-17T02:31:29.000000Z
2024,261.10520833333334,43.16749,-79.04453,2024-09-17T02:31:30.000000Z
2024,261.1052199074074,43.16749,-79.04453,2024-09-17T02:31:31.000000Z
2024,261.1052314814815,43.16749,-79.04453,2024-09-17T02:31:32.000000Z
2024,261.10524305555555,43.16749,-79.04453,2024-09-17T02:31:33.000000Z
2024,261.10525462962966,43.16748,-79.04453,2024-09-17T02:31:34.000000Z
2024,261.11554398148144,43.16759,-79.04436,2024-09-17T02:46:23.000000Z
2024,261.11555555555555,43.16759,-79.04436,2024-09-17T02:46:24.000000Z
2024,261.1155671296296,43.16756,-79.04436,2024-09-17T02:46:25.000000Z
2024,261.11557870370365,43.16751,-79.04437,2024-09-17T02:46:26.000000Z
2024,261.11559027777776,43.16746,-79.04438,2024-09-17T02:46:27.000000Z
2024,261.1156018518518,43.16745,-79.04438,2024-09-17T02:46:28.000000Z
2024,261.1156134259259,43.16743,-79.04438,2024-09-17T02:46:29.000000Z
2024,261.1156481481481,43.16744,-79.04444,2024-09-17T02:46:32.000000Z
2024,261.1156597222222,43.16744,-79.04447,2024-09-17T02:46:33.000000Z
2024,261.1156712962963,43.16746,-79.04451,2024-09-17T02:46:34.000000Z
2024,261.11568287037034,43.16746,-79.04454,2024-09-17T02:46:35.000000Z
2024,261.11569444444444,43.16746,-79.04455,2024-09-17T02:46:36.000000Z
2024,261.1157060185185,43.16746,-79.04457,2024-09-17T02:46:37.000000Z
2024,261.11571759259255,43.16747,-79.04459,2024-09-17T02:46:38.000000Z
2024,261.11572916666665,43.16747,-79.0446,2024-09-17T02:46:39.000000Z
2024,261.1157407407407,43.16748,-79.04462,2024-09-17T02:46:40.000000Z
2024,261.1157523148148,43.16749,-79.04464,2024-09-17T02:46:41.000000Z
2024,261.11576388888886,43.1675,-79.04466,2024-09-17T02:46:42.000000Z
2024,261.1157754629629,43.16751,-79.04467,2024-09-17T02:46:43.000000Z
2024,261.12586805555554,43.16761,-79.04453,2024-09-17T03:01:15.000000Z
2024,261.1258796296296,43.1676,-79.04452,2024-09-17T03:01:16.000000Z
2024,261.1258912037037,43.1676,-79.04451,2024-09-17T03:01:17.000000Z
2024,261.12590277777775,43.1676,-79.0445,2024-09-17T03:01:18.000000Z
2024,261.12591435185186,43.16761,-79.0445,2024-09-17T03:01:19.000000Z
2024,261.1259259259259,43.16761,-79.0445,2024-09-17T03:01:20.000000Z
2024,261.12593749999996,43.16761,-79.04451,2024-09-17T03:01:21.000000Z
2024,261.1259490740741,43.16761,-79.04451,2024-09-17T03:01:22.000000Z
2024,261.1259606481481,43.16761,-79.04452,2024-09-17T03:01:23.000000Z
2024,261.12597222222223,43.16761,-79.04452,2024-09-17T03:01:24.000000Z
2024,261.1259837962963,43.16761,-79.04453,2024-09-17T03:01:25.000000Z
2024,261.12599537037033,43.1676,-79.04453,2024-09-17T03:01:26.000000Z
2024,261.12600694444444,43.16759,-79.04454,2024-09-17T03:01:27.000000Z
2024,261.1260185185185,43.16758,-79.04454,2024-09-17T03:01:28.000000Z
2024,261.1260300925926,43.16758,-79.04455,2024-09-17T03:01:29.000000Z
2024,261.12604166666665,43.16757,-79.04455,2024-09-17T03:01:30.000000Z
2024,261.1260532407407,43.16756,-79.04455,2024-09-17T03:01:31.000000Z
2024,261.1260648148148,43.16753,-79.04453,2024-09-17T03:01:32.000000Z
2024,261.12607638888886,43.16752,-79.04453,2024-09-17T03:01:33.000000Z
2024,261.12608796296297,43.16752,-79.04453,2024-09-17T03:01:34.000000Z
2024,261.13631944444444,43.16756,-79.04455,2024-09-17T03:16:18.000000Z
2024,261.13633101851855,43.16751,-79.04455,2024-09-17T03:16:19.000000Z
2024,261.1363425925926,43.1675,-79.04457,2024-09-17T03:16:20.000000Z
2024,261.13635416666665,43.16749,-79.04457,2024-09-17T03:16:21.000000Z
2024,261.13636574074076,43.16748,-79.04457,2024-09-17T03:16:22.000000Z
2024,261.1363773148148,43.16748,-79.04457,2024-09-17T03:16:23.000000Z
2024,261.1363888888889,43.16748,-79.04458,2024-09-17T03:16:24.000000Z
2024,261.13640046296297,43.16747,-79.04458,2024-09-17T03:16:25.000000Z
2024,261.136412037037,43.16746,-79.04458,2024-09-17T03:16:26.000000Z
2024,261.1364236111111,43.16746,-79.04459,2024-09-17T03:16:27.000000Z
2024,261.1364351851852,43.16746,-79.04459,2024-09-17T03:16:28.000000Z
2024,261.1364467592593,43.16746,-79.0446,2024-09-17T03:16:29.000000Z
2024,261.13645833333334,43.16747,-79.0446,2024-09-17T03:16:30.000000Z
2024,261.1364699074074,43.16745,-79.04458,2024-09-17T03:16:31.000000Z
2024,261.1364814814815,43.16743,-79.04458,2024-09-17T03:16:32.000000Z
2024,261.13649305555555,43.16741,-79.04457,2024-09-17T03:16:33.000000Z
2024,261.13650462962966,43.1674,-79.04457,2024-09-17T03:16:34.000000Z
2024,261.1365162037037,43.1674,-79.04457,2024-09-17T03:16:35.000000Z
2024,261.1365277777778,43.1674,-79.04457,2024-09-17T03:16:36.000000Z
2024,261.1365625,43.16738,-79.04458,2024-09-17T03:16:39.000000Z
2024,261.1467013888889,43.16742,-79.04444,2024-09-17T03:31:15.000000Z
2024,261.14671296296297,43.16742,-79.04446,2024-09-17T03:31:16.000000Z
2024,261.1467245370371,43.16743,-79.04447,2024-09-17T03:31:17.000000Z
2024,261.1467361111111,43.16744,-79.04447,2024-09-17T03:31:18.000000Z
2024,261.14674768518523,43.16744,-79.04447,2024-09-17T03:31:19.000000Z
2024,261.1467592592593,43.16745,-79.04447,2024-09-17T03:31:20.000000Z
2024,261.14677083333333,43.16746,-79.04448,2024-09-17T03:31:21.000000Z
2024,261.14678240740744,43.16746,-79.04449,2024-09-17T03:31:22.000000Z
2024,261.1467939814815,43.16746,-79.0445,2024-09-17T03:31:23.000000Z
2024,261.1468055555556,43.16746,-79.0445,2024-09-17T03:31:24.000000Z
2024,261.14681712962965,43.16746,-79.04451,2024-09-17T03:31:25.000000Z
2024,261.1468287037037,43.16746,-79.04452,2024-09-17T03:31:26.000000Z
2024,261.1468402777778,43.16745,-79.04453,2024-09-17T03:31:27.000000Z
2024,261.14685185185186,43.16745,-79.04453,2024-09-17T03:31:28.000000Z
2024,261.14686342592597,43.16744,-79.04454,2024-09-17T03:31:29.000000Z
2024,261.146875,43.16744,-79.04454,2024-09-17T03:31:30.000000Z
2024,261.1468865740741,43.16743,-79.04454,2024-09-17T03:31:31.000000Z
2024,261.1468981481482,43.16742,-79.04454,2024-09-17T03:31:32.000000Z
2024,261.14690972222223,43.16741,-79.04454,2024-09-17T03:31:33.000000Z
2024,261.14692129629634,43.16741,-79.04454,2024-09-17T03:31:34.000000Z
2024,261.1571296296296,43.16738,-79.04452,2024-09-17T03:46:16.000000Z
2024,261.1571412037037,43.16739,-79.04452,2024-09-17T03:46:17.000000Z
2024,261.15715277777775,43.1674,-79.04453,2024-09-17T03:46:18.000000Z
2024,261.15716435185186,43.1674,-79.04453,2024-09-17T03:46:19.000000Z
2024,261.1571759259259,43.1674,-79.04453,2024-09-17T03:46:20.000000Z
2024,261.15718749999996,43.1674,-79.04453,2024-09-17T03:46:21.000000Z
2024,261.1571990740741,43.1674,-79.04452,2024-09-17T03:46:22.000000Z
2024,261.1572106481481,43.1674,-79.04452,2024-09-17T03:46:23.000000Z
2024,261.15722222222223,43.1674,-79.04452,2024-09-17T03:46:24.000000Z
2024,261.1572337962963,43.16741,-79.04452,2024-09-17T03:46:25.000000Z
2024,261.15724537037033,43.16741,-79.04452,2024-09-17T03:46:26.000000Z
2024,261.15725694444444,43.16741,-79.04452,2024-09-17T03:46:27.000000Z
2024,261.1572685185185,43.16741,-79.04451,2024-09-17T03:46:28.000000Z
2024,261.1572800925926,43.16741,-79.04451,2024-09-17T03:46:29.000000Z
2024,261.15729166666665,43.16741,-79.04451,2024-09-17T03:46:30.000000Z
2024,261.1573032407407,43.16741,-79.04451,2024-09-17T03:46:31.000000Z
2024,261.1573148148148,43.16742,-79.04451,2024-09-17T03:46:32.000000Z
2024,261.15732638888886,43.16742,-79.04451,2024-09-17T03:46:33.000000Z
2024,261.15733796296297,43.16742,-79.04451,2024-09-17T03:46:34.000000Z
2024,261.157349537037,43.16743,-79.04451,2024-09-17T03:46:35.000000Z
2024,261.1674537037037,43.16748,-79.04451,2024-09-17T04:01:08.000000Z
2024,261.16747685185186,43.16751,-79.04452,2024-09-17T04:01:10.000000Z
2024,261.16751157407407,43.16751,-79.04454,2024-09-17T04:01:13.000000Z
2024,261.1675578703704,43.16748,-79.04449,2024-09-17T04:01:17.000000Z
2024,261.16756944444444,43.16749,-79.04449,2024-09-17T04:01:18.000000Z
2024,261.16758101851855,43.16749,-79.04449,2024-09-17T04:01:19.000000Z
2024,261.1675925925926,43.16749,-79.04449,2024-09-17T04:01:20.000000Z
2024,261.16760416666665,43.16749,-79.04449,2024-09-17T04:01:21.000000Z
2024,261.16761574074076,43.16749,-79.04449,2024-09-17T04:01:22.000000Z
2024,261.1676273148148,43.16749,-79.04449,2024-09-17T04:01:23.000000Z
2024,261.1676388888889,43.16748,-79.0445,2024-09-17T04:01:24.000000Z
2024,261.16765046296297,43.16748,-79.0445,2024-09-17T04:01:25.000000Z
2024,261.167662037037,43.16747,-79.04451,2024-09-17T04:01:26.000000Z
2024,261.1676736111111,43.16747,-79.04451,2024-09-17T04:01:27.000000Z
2024,261.1676851851852,43.16747,-79.04452,2024-09-17T04:01:28.000000Z
2024,261.1676967592593,43.16747,-79.04453,2024-09-17T04:01:29.000000Z
2024,261.16770833333334,43.16747,-79.04453,2024-09-17T04:01:30.000000Z
2024,261.1677199074074,43.16746,-79.04454,2024-09-17T04:01:31.000000Z
2024,261.1677314814815,43.16746,-79.04454,2024-09-17T04:01:32.000000Z
2024,261.16774305555555,43.16745,-79.04454,2024-09-17T04:01:33.000000Z
2024,261.1779745370371,43.16741,-79.04451,2024-09-17T04:16:17.000000Z
2024,261.1779861111111,43.16741,-79.04451,2024-09-17T04:16:18.000000Z
2024,261.17799768518523,43.16741,-79.0445,2024-09-17T04:16:19.000000Z
2024,261.1780092592593,43.16741,-79.0445,2024-09-17T04:16:20.000000Z
2024,261.17802083333333,43.16742,-79.0445,2024-09-17T04:16:21.000000Z
2024,261.17803240740744,43.16742,-79.0445,2024-09-17T04:16:22.000000Z
2024,261.1780439814815,43.16742,-79.0445,2024-09-17T04:16:23.000000Z
2024,261.1780555555556,43.16742,-79.0445,2024-09-17T04:16:24.000000Z
2024,261.17806712962965,43.16743,-79.0445,2024-09-17T04:16:25.000000Z
2024,261.1780787037037,43.16743,-79.0445,2024-09-17T04:16:26.000000Z
2024,261.1780902777778,43.16743,-79.0445,2024-09-17T04:16:27.000000Z
2024,261.17810185185186,43.16743,-79.0445,2024-09-17T04:16:28.000000Z
2024,261.17811342592597,43.16743,-79.0445,2024-09-17T04:16:29.000000Z
2024,261.178125,43.16743,-79.0445,2024-09-17T04:16:30.000000Z
2024,261.1781365740741,43.16743,-79.0445,2024-09-17T04:16:31.000000Z
2024,261.1781481481482,43.16744,-79.0445,2024-09-17T04:16:32.000000Z
2024,261.17815972222223,43.16744,-79.0445,2024-09-17T04:16:33.000000Z
2024,261.17817129629634,43.16744,-79.0445,2024-09-17T04:16:34.000000Z
2024,261.1781828703704,43.16744,-79.0445,2024-09-17T04:16:35.000000Z
2024,261.18839120370376,43.1674,-79.04442,2024-09-17T04:31:17.000000Z
2024,261.1884027777778,43.1674,-79.04442,2024-09-17T04:31:18.000000Z
2024,261.1884143518519,43.1674,-79.04442,2024-09-17T04:31:19.000000Z
2024,261.18842592592597,43.16741,-79.04443,2024-09-17T04:31:20.000000Z
2024,261.1884375,43.16741,-79.04443,2024-09-17T04:31:21.000000Z
2024,261.18844907407413,43.16742,-79.04443,2024-09-17T04:31:22.000000Z
2024,261.1884606481482,43.16742,-79.04443,2024-09-17T04:31:23.000000Z
2024,261.1884722222223,43.16743,-79.04443,2024-09-17T04:31:24.000000Z
2024,261.18848379629634,43.16743,-79.04443,2024-09-17T04:31:25.000000Z
2024,261.1884953703704,43.16743,-79.04443,2024-09-17T04:31:26.000000Z
2024,261.1885069444445,43.16743,-79.04443,2024-09-17T04:31:27.000000Z
2024,261.18851851851855,43.16743,-79.04443,2024-09-17T04:31:28.000000Z
2024,261.18853009259266,43.16743,-79.04443,2024-09-17T04:31:29.000000Z
2024,261.1885416666667,43.16743,-79.04442,2024-09-17T04:31:30.000000Z
2024,261.18855324074076,43.16743,-79.04443,2024-09-17T04:31:31.000000Z
2024,261.18856481481487,43.16743,-79.04444,2024-09-17T04:31:32.000000Z
2024,261.1885763888889,43.16743,-79.04444,2024-09-17T04:31:33.000000Z
2024,261.188587962963,43.16743,-79.04444,2024-09-17T04:31:34.000000Z
2024,261.1885995370371,43.16744,-79.04444,2024-09-17T04:31:35.000000Z
2024,261.1988078703704,43.16752,-79.04447,2024-09-17T04:46:17.000000Z
2024,261.19881944444444,43.16752,-79.04447,2024-09-17T04:46:18.000000Z
2024,261.19883101851855,43.16752,-79.04447,2024-09-17T04:46:19.000000Z
2024,261.1988425925926,43.16751,-79.04447,2024-09-17T04:46:20.000000Z
2024,261.19885416666665,43.16751,-79.04447,2024-09-17T04:46:21.000000Z
2024,261.19886574074076,43.16751,-79.04447,2024-09-17T04:46:22.000000Z
2024,261.1988773148148,43.16751,-79.04448,2024-09-17T04:46:23.000000Z
2024,261.1988888888889,43.16751,-79.04448,2024-09-17T04:46:24.000000Z
2024,261.19890046296297,43.16751,-79.04448,2024-09-17T04:46:25.000000Z
2024,261.198912037037,43.16751,-79.04448,2024-09-17T04:46:26.000000Z
2024,261.1989236111111,43.16751,-79.04447,2024-09-17T04:46:27.000000Z
2024,261.1989351851852,43.16751,-79.04447,2024-09-17T04:46:28.000000Z
2024,261.1989467592593,43.16751,-79.04447,2024-09-17T04:46:29.000000Z
2024,261.19895833333334,43.1675,-79.04447,2024-09-17T04:46:30.000000Z
2024,261.1989699074074,43.1675,-79.04447,2024-09-17T04:46:31.000000Z
2024,261.1989814814815,43.1675,-79.04447,2024-09-17T04:46:32.000000Z
2024,261.19899305555555,43.1675,-79.04447,2024-09-17T04:46:33.000000Z
2024,261.19900462962966,43.1675,-79.04447,2024-09-17T04:46:34.000000Z
2024,261.1990162037037,43.16749,-79.04446,2024-09-17T04:46:35.000000Z
2024,261.1990277777778,43.16749,-79.04446,2024-09-17T04:46:36.000000Z
2024,261.20929398148144,43.16744,-79.04438,2024-09-17T05:01:23.000000Z
2024,261.20930555555555,43.16744,-79.04438,2024-09-17T05:01:24.000000Z
2024,261.2093171296296,43.16744,-79.04438,2024-09-17T05:01:25.000000Z
2024,261.20932870370365,43.16744,-79.04439,2024-09-17T05:01:26.000000Z
2024,261.20934027777776,43.16745,-79.0444,2024-09-17T05:01:27.000000Z
2024,261.2093518518518,43.16745,-79.0444,2024-09-17T05:01:28.000000Z
2024,261.2093634259259,43.16745,-79.0444,2024-09-17T05:01:29.000000Z
2024,261.20937499999997,43.16746,-79.0444,2024-09-17T05:01:30.000000Z
2024,261.209386574074,43.16746,-79.04441,2024-09-17T05:01:31.000000Z
2024,261.2093981481481,43.16746,-79.04441,2024-09-17T05:01:32.000000Z
2024,261.2094097222222,43.16746,-79.04441,2024-09-17T05:01:33.000000Z
2024,261.2094212962963,43.16747,-79.04441,2024-09-17T05:01:34.000000Z
2024,261.20943287037034,43.16746,-79.04442,2024-09-17T05:01:35.000000Z
2024,261.20944444444444,43.16746,-79.04443,2024-09-17T05:01:36.000000Z
2024,261.2094560185185,43.16746,-79.04443,2024-09-17T05:01:37.000000Z
2024,261.20946759259255,43.16747,-79.04443,2024-09-17T05:01:38.000000Z
2024,261.20947916666665,43.16747,-79.04444,2024-09-17T05:01:39.000000Z
2024,261.2094907407407,43.16747,-79.04444,2024-09-17T05:01:40.000000Z
2024,261.2095023148148,43.16748,-79.04444,2024-09-17T05:01:41.000000Z
2024,261.20951388888886,43.16748,-79.04444,2024-09-17T05:01:42.000000Z
2024,261.2196412037037,43.16754,-79.04457,2024-09-17T05:16:17.000000Z
2024,261.21965277777775,43.16754,-79.04457,2024-09-17T05:16:18.000000Z
2024,261.21966435185186,43.16754,-79.04457,2024-09-17T05:16:19.000000Z
2024,261.2196759259259,43.16754,-79.04457,2024-09-17T05:16:20.000000Z
2024,261.21968749999996,43.16754,-79.04457,2024-09-17T05:16:21.000000Z
2024,261.2196990740741,43.16754,-79.04457,2024-09-17T05:16:22.000000Z
2024,261.2197106481481,43.16754,-79.04456,2024-09-17T05:16:23.000000Z
2024,261.21972222222223,43.16754,-79.04456,2024-09-17T05:16:24.000000Z
2024,261.2197337962963,43.16754,-79.04455,2024-09-17T05:16:25.000000Z
2024,261.21974537037033,43.16754,-79.04455,2024-09-17T05:16:26.000000Z
2024,261.21975694444444,43.16754,-79.04455,2024-09-17T05:16:27.000000Z
2024,261.2197685185185,43.16754,-79.04455,2024-09-17T05:16:28.000000Z
2024,261.2197800925926,43.16754,-79.04455,2024-09-17T05:16:29.000000Z
2024,261.21979166666665,43.16754,-79.04455,2024-09-17T05:16:30.000000Z
2024,261.2198032407407,43.16754,-79.04455,2024-09-17T05:16:31.000000Z
2024,261.2198148148148,43.16754,-79.04456,2024-09-17T05:16:32.000000Z
2024,261.21982638888886,43.16755,-79.04456,2024-09-17T05:16:33.000000Z
2024,261.21983796296297,43.16755,-79.04456,2024-09-17T05:16:34.000000Z
2024,261.219849537037,43.16754,-79.04456,2024-09-17T05:16:35.000000Z
2024,261.21986111111113,43.16754,-79.04456,2024-09-17T05:16:36.000000Z
2024,261.2300578703704,43.16759,-79.04457,2024-09-17T05:31:17.000000Z
2024,261.23006944444444,43.16759,-79.04457,2024-09-17T05:31:18.000000Z
2024,261.23008101851855,43.16758,-79.04457,2024-09-17T05:31:19.000000Z
2024,261.2300925925926,43.16758,-79.04457,2024-09-17T05:31:20.000000Z
2024,261.23010416666665,43.16758,-79.04457,2024-09-17T05:31:21.000000Z
2024,261.23011574074076,43.16758,-79.04457,2024-09-17T05:31:22.000000Z
2024,261.2301273148148,43.16757,-79.04457,2024-09-17T05:31:23.000000Z
2024,261.2301388888889,43.16757,-79.04457,2024-09-17T05:31:24.000000Z
2024,261.23015046296297,43.16757,-79.04457,2024-09-17T05:31:25.000000Z
2024,261.230162037037,43.16757,-79.04457,2024-09-17T05:31:26.000000Z
2024,261.2301736111111,43.16757,-79.04457,2024-09-17T05:31:27.000000Z
2024,261.2301851851852,43.16756,-79.04457,2024-09-17T05:31:28.000000Z
2024,261.2301967592593,43.16756,-79.04457,2024-09-17T05:31:29.000000Z
2024,261.23020833333334,43.16756,-79.04457,2024-09-17T05:31:30.000000Z
2024,261.2302199074074,43.16756,-79.04456,2024-09-17T05:31:31.000000Z
2024,261.2302314814815,43.16755,-79.04456,2024-09-17T05:31:32.000000Z
2024,261.23024305555555,43.16754,-79.04455,2024-09-17T05:31:33.000000Z
2024,261.23025462962966,43.16754,-79.04455,2024-09-17T05:31:34.000000Z
2024,261.2302662037037,43.16754,-79.04455,2024-09-17T05:31:35.000000Z
2024,261.2302777777778,43.16753,-79.04454,2024-09-17T05:31:36.000000Z
2024,261.240474537037,43.16748,-79.04447,2024-09-17T05:46:17.000000Z
2024,261.24048611111107,43.16747,-79.04446,2024-09-17T05:46:18.000000Z
2024,261.2404976851852,43.16747,-79.04446,2024-09-17T05:46:19.000000Z
2024,261.2405092592592,43.16747,-79.04446,2024-09-17T05:46:20.000000Z
2024,261.2405208333333,43.16747,-79.04446,2024-09-17T05:46:21.000000Z
2024,261.2405324074074,43.16747,-79.04446,2024-09-17T05:46:22.000000Z
2024,261.24054398148144,43.16748,-79.04447,2024-09-17T05:46:23.000000Z
2024,261.24055555555555,43.16748,-79.04447,2024-09-17T05:46:24.000000Z
2024,261.2405671296296,43.16749,-79.04447,2024-09-17T05:46:25.000000Z
2024,261.24057870370365,43.16749,-79.04448,2024-09-17T05:46:26.000000Z
2024,261.24059027777776,43.1675,-79.04448,2024-09-17T05:46:27.000000Z
2024,261.2406018518518,43.1675,-79.04449,2024-09-17T05:46:28.000000Z
2024,261.2406134259259,43.1675,-79.0445,2024-09-17T05:46:29.000000Z
2024,261.24062499999997,43.16751,-79.0445,2024-09-17T05:46:30.000000Z
2024,261.240636574074,43.16751,-79.0445,2024-09-17T05:46:31.000000Z
2024,261.2406481481481,43.16752,-79.04451,2024-09-17T05:46:32.000000Z
2024,261.2406597222222,43.16753,-79.04451,2024-09-17T05:46:33.000000Z
2024,261.2406712962963,43.16753,-79.04452,2024-09-17T05:46:34.000000Z
2024,261.24068287037034,43.16753,-79.04452,2024-09-17T05:46:35.000000Z
2024,261.2508912037037,43.1676,-79.04457,2024-09-17T06:01:17.000000Z
2024,261.25090277777775,43.1676,-79.04456,2024-09-17T06:01:18.000000Z
2024,261.25091435185186,43.16761,-79.04456,2024-09-17T06:01:19.000000Z
2024,261.2509259259259,43.16761,-79.04456,2024-09-17T06:01:20.000000Z
2024,261.25093749999996,43.16761,-79.04455,2024-09-17T06:01:21.000000Z
2024,261.2509490740741,43.16761,-79.04456,2024-09-17T06:01:22.000000Z
2024,261.2509606481481,43.16762,-79.04456,2024-09-17T06:01:23.000000Z
2024,261.25097222222223,43.16762,-79.04456,2024-09-17T06:01:24.000000Z
2024,261.2509837962963,43.16763,-79.04457,2024-09-17T06:01:25.000000Z
2024,261.25099537037033,43.16763,-79.04456,2024-09-17T06:01:26.000000Z
2024,261.25100694444444,43.16763,-79.04456,2024-09-17T06:01:27.000000Z
2024,261.2510185185185,43.16763,-79.04456,2024-09-17T06:01:28.000000Z
2024,261.2510300925926,43.16764,-79.04456,2024-09-17T06:01:29.000000Z
2024,261.25104166666665,43.16764,-79.04456,2024-09-17T06:01:30.000000Z
2024,261.2510532407407,43.16764,-79.04457,2024-09-17T06:01:31.000000Z
2024,261.2510648148148,43.16764,-79.04456,2024-09-17T06:01:32.000000Z
2024,261.25107638888886,43.16764,-79.04456,2024-09-17T06:01:33.000000Z
2024,261.25108796296297,43.16764,-79.04455,2024-09-17T06:01:34.000000Z
2024,261.251099537037,43.16764,-79.04455,2024-09-17T06:01:35.000000Z
2024,261.25111111111113,43.16763,-79.04455,2024-09-17T06:01:36.000000Z
2024,261.2613078703704,43.16755,-79.04455,2024-09-17T06:16:17.000000Z
2024,261.26131944444444,43.16756,-79.04455,2024-09-17T06:16:18.000000Z
2024,261.26133101851855,43.16757,-79.04456,2024-09-17T06:16:19.000000Z
2024,261.2613425925926,43.16757,-79.04457,2024-09-17T06:16:20.000000Z
2024,261.26135416666665,43.16758,-79.04457,2024-09-17T06:16:21.000000Z
2024,261.26136574074076,43.16759,-79.04457,2024-09-17T06:16:22.000000Z
2024,261.2613773148148,43.1676,-79.04457,2024-09-17T06:16:23.000000Z
2024,261.2613888888889,43.16761,-79.04458,2024-09-17T06:16:24.000000Z
2024,261.26140046296297,43.16761,-79.04458,2024-09-17T06:16:25.000000Z
2024,261.261412037037,43.16762,-79.04458,2024-09-17T06:16:26.000000Z
2024,261.2614236111111,43.16762,-79.04458,2024-09-17T06:16:27.000000Z
2024,261.2614351851852,43.16762,-79.04458,2024-09-17T06:16:28.000000Z
2024,261.2614467592593,43.16762,-79.04457,2024-09-17T06:16:29.000000Z
2024,261.26145833333334,43.16762,-79.04457,2024-09-17T06:16:30.000000Z
2024,261.2614699074074,43.16762,-79.04457,2024-09-17T06:16:31.000000Z
2024,261.2614814814815,43.16762,-79.04457,2024-09-17T06:16:32.000000Z
2024,261.26149305555555,43.16762,-79.04457,2024-09-17T06:16:33.000000Z
2024,261.26150462962966,43.16761,-79.04455,2024-09-17T06:16:34.000000Z
2024,261.2615162037037,43.16761,-79.04454,2024-09-17T06:16:35.000000Z
2024,261.2615277777778,43.1676,-79.04454,2024-09-17T06:16:36.000000Z
2024,261.2717245370371,43.1675,-79.04456,2024-09-17T06:31:17.000000Z
2024,261.2717361111111,43.1675,-79.04456,2024-09-17T06:31:18.000000Z
2024,261.27174768518523,43.1675,-79.04455,2024-09-17T06:31:19.000000Z
2024,261.2717592592593,43.1675,-79.04455,2024-09-17T06:31:20.000000Z
2024,261.27177083333333,43.1675,-79.04454,2024-09-17T06:31:21.000000Z
2024,261.27178240740744,43.16751,-79.04454,2024-09-17T06:31:22.000000Z
2024,261.2717939814815,43.16751,-79.04454,2024-09-17T06:31:23.000000Z
2024,261.2718055555556,43.16751,-79.04454,2024-09-17T06:31:24.000000Z
2024,261.27181712962965,43.1675,-79.04454,2024-09-17T06:31:25.000000Z
2024,261.2718287037037,43.1675,-79.04454,2024-09-17T06:31:26.000000Z
2024,261.2718402777778,43.1675,-79.04454,2024-09-17T06:31:27.000000Z
2024,261.27185185185186,43.1675,-79.04454,2024-09-17T06:31:28.000000Z
2024,261.27186342592597,43.1675,-79.04454,2024-09-17T06:31:29.000000Z
2024,261.271875,43.16749,-79.04454,2024-09-17T06:31:30.000000Z
2024,261.2718865740741,43.16749,-79.04453,2024-09-17T06:31:31.000000Z
2024,261.2718981481482,43.16749,-79.04452,2024-09-17T06:31:32.000000Z
2024,261.27190972222223,43.16749,-79.04451,2024-09-17T06:31:33.000000Z
2024,261.27192129629634,43.16749,-79.04451,2024-09-17T06:31:34.000000Z
2024,261.2719328703704,43.16749,-79.04451,2024-09-17T06:31:35.000000Z
2024,261.2719444444445,43.16749,-79.0445,2024-09-17T06:31:36.000000Z
2024,261.2821412037037,43.1675,-79.04453,2024-09-17T06:46:17.000000Z
2024,261.28215277777775,43.1675,-79.04454,2024-09-17T06:46:18.000000Z
2024,261.28216435185186,43.1675,-79.04454,2024-09-17T06:46:19.000000Z
2024,261.2821759259259,43.1675,-79.04454,2024-09-17T06:46:20.000000Z
2024,261.28218749999996,43.1675,-79.04454,2024-09-17T06:46:21.000000Z
2024,261.2821990740741,43.1675,-79.04455,2024-09-17T06:46:22.000000Z
2024,261.2822106481481,43.16749,-79.04455,2024-09-17T06:46:23.000000Z
2024,261.28222222222223,43.1675,-79.04456,2024-09-17T06:46:24.000000Z
2024,261.2822337962963,43.1675,-79.04456,2024-09-17T06:46:25.000000Z
2024,261.28224537037033,43.1675,-79.04457,2024-09-17T06:46:26.000000Z
2024,261.28225694444444,43.1675,-79.04457,2024-09-17T06:46:27.000000Z
2024,261.2822800925926,43.1675,-79.04456,2024-09-17T06:46:29.000000Z
2024,261.28229166666665,43.1675,-79.04456,2024-09-17T06:46:30.000000Z
2024,261.2823032407407,43.1675,-79.04457,2024-09-17T06:46:31.000000Z
2024,261.2823148148148,43.1675,-79.04457,2024-09-17T06:46:32.000000Z
2024,261.28232638888886,43.1675,-79.04457,2024-09-17T06:46:33.000000Z
2024,261.28233796296297,43.1675,-79.04457,2024-09-17T06:46:34.000000Z
2024,261.282349537037,43.1675,-79.04457,2024-09-17T06:46:35.000000Z
2024,261.2926273148148,43.16759,-79.04457,2024-09-17T07:01:23.000000Z
2024,261.2926388888889,43.16759,-79.04457,2024-09-17T07:01:24.000000Z
2024,261.29265046296297,43.16759,-79.04457,2024-09-17T07:01:25.000000Z
2024,261.292662037037,43.16758,-79.04457,2024-09-17T07:01:26.000000Z
2024,261.2926736111111,43.16758,-79.04458,2024-09-17T07:01:27.000000Z
2024,261.2926851851852,43.16758,-79.04458,2024-09-17T07:01:28.000000Z
2024,261.2926967592593,43.16758,-79.04459,2024-09-17T07:01:29.000000Z
2024,261.29270833333334,43.16757,-79.0446,2024-09-17T07:01:30.000000Z
2024,261.2927199074074,43.16757,-79.0446,2024-09-17T07:01:31.000000Z
2024,261.2927314814815,43.16757,-79.0446,2024-09-17T07:01:32.000000Z
2024,261.29274305555555,43.16756,-79.04459,2024-09-17T07:01:33.000000Z
2024,261.29275462962966,43.16756,-79.04459,2024-09-17T07:01:34.000000Z
2024,261.2927662037037,43.16756,-79.04459,2024-09-17T07:01:35.000000Z
2024,261.2927777777778,43.16755,-79.04459,2024-09-17T07:01:36.000000Z
2024,261.29278935185187,43.16755,-79.04458,2024-09-17T07:01:37.000000Z
2024,261.2928009259259,43.16754,-79.04458,2024-09-17T07:01:38.000000Z
2024,261.2928125,43.16754,-79.04458,2024-09-17T07:01:39.000000Z
2024,261.2928240740741,43.16754,-79.04457,2024-09-17T07:01:40.000000Z
2024,261.2928356481482,43.16754,-79.04457,2024-09-17T07:01:41.000000Z
2024,261.3029745370371,43.16751,-79.04447,2024-09-17T07:16:17.000000Z
2024,261.3029861111111,43.1675,-79.04447,2024-09-17T07:16:18.000000Z
2024,261.30299768518523,43.16749,-79.04447,2024-09-17T07:16:19.000000Z
2024,261.3030092592593,43.16749,-79.04447,2024-09-17T07:16:20.000000Z
2024,261.30302083333333,43.16749,-79.04449,2024-09-17T07:16:21.000000Z
2024,261.30303240740744,43.16749,-79.04449,2024-09-17T07:16:22.000000Z
2024,261.3030439814815,43.1675,-79.04451,2024-09-17T07:16:23.000000Z
2024,261.3030555555556,43.16751,-79.04451,2024-09-17T07:16:24.000000Z
2024,261.30306712962965,43.16751,-79.04452,2024-09-17T07:16:25.000000Z
2024,261.3030787037037,43.16752,-79.04453,2024-09-17T07:16:26.000000Z
2024,261.3030902777778,43.16752,-79.04452,2024-09-17T07:16:27.000000Z
2024,261.30310185185186,43.16752,-79.04451,2024-09-17T07:16:28.000000Z
2024,261.30311342592597,43.16752,-79.0445,2024-09-17T07:16:29.000000Z
2024,261.303125,43.16751,-79.0445,2024-09-17T07:16:30.000000Z
2024,261.3031365740741,43.16751,-79.0445,2024-09-17T07:16:31.000000Z
2024,261.3031481481482,43.16751,-79.0445,2024-09-17T07:16:32.000000Z
2024,261.30315972222223,43.16751,-79.0445,2024-09-17T07:16:33.000000Z
2024,261.30317129629634,43.16751,-79.0445,2024-09-17T07:16:34.000000Z
2024,261.3031828703704,43.16751,-79.0445,2024-09-17T07:16:35.000000Z
2024,261.3031944444445,43.16751,-79.0445,2024-09-17T07:16:36.000000Z
2024,261.31339120370376,43.16746,-79.04449,2024-09-17T07:31:17.000000Z
2024,261.3134027777778,43.16746,-79.0445,2024-09-17T07:31:18.000000Z
2024,261.3134143518519,43.16746,-79.0445,2024-09-17T07:31:19.000000Z
2024,261.31342592592597,43.16746,-79.0445,2024-09-17T07:31:20.000000Z
2024,261.3134375,43.16746,-79.0445,2024-09-17T07:31:21.000000Z
2024,261.31344907407413,43.16746,-79.0445,2024-09-17T07:31:22.000000Z
2024,261.3134606481482,43.16746,-79.0445,2024-09-17T07:31:23.000000Z
2024,261.3134722222223,43.16746,-79.04451,2024-09-17T07:31:24.000000Z
2024,261.31348379629634,43.16745,-79.04451,2024-09-17T07:31:25.000000Z
2024,261.3134953703704,43.16745,-79.04451,2024-09-17T07:31:26.000000Z
2024,261.3135069444445,43.16745,-79.04452,2024-09-17T07:31:27.000000Z
2024,261.31351851851855,43.16745,-79.04452,2024-09-17T07:31:28.000000Z
2024,261.31353009259266,43.16744,-79.04452,2024-09-17T07:31:29.000000Z
2024,261.3135416666667,43.16744,-79.04452,2024-09-17T07:31:30.000000Z
2024,261.31355324074076,43.16744,-79.04452,2024-09-17T07:31:31.000000Z
2024,261.31356481481487,43.16744,-79.04452,2024-09-17T07:31:32.000000Z
2024,261.3135763888889,43.16744,-79.04453,2024-09-17T07:31:33.000000Z
2024,261.313587962963,43.16745,-79.04453,2024-09-17T07:31:34.000000Z
2024,261.3135995370371,43.16745,-79.04453,2024-09-17T07:31:35.000000Z
2024,261.3136111111112,43.16745,-79.04453,2024-09-17T07:31:36.000000Z
2024,261.3237962962963,43.16764,-79.0445,2024-09-17T07:46:16.000000Z
2024,261.3238078703704,43.16764,-79.04451,2024-09-17T07:46:17.000000Z
2024,261.32381944444444,43.16764,-79.0445,2024-09-17T07:46:18.000000Z
2024,261.32383101851855,43.16764,-79.0445,2024-09-17T07:46:19.000000Z
2024,261.3238425925926,43.16765,-79.0445,2024-09-17T07:46:20.000000Z
2024,261.32385416666665,43.16765,-79.04451,2024-09-17T07:46:21.000000Z
2024,261.32386574074076,43.16766,-79.04451,2024-09-17T07:46:22.000000Z
2024,261.3238773148148,43.16766,-79.04451,2024-09-17T07:46:23.000000Z
2024,261.3238888888889,43.16766,-79.04452,2024-09-17T07:46:24.000000Z
2024,261.32390046296297,43.16766,-79.04452,2024-09-17T07:46:25.000000Z
2024,261.323912037037,43.16767,-79.04453,2024-09-17T07:46:26.000000Z
2024,261.3239236111111,43.16767,-79.04453,2024-09-17T07:46:27.000000Z
2024,261.3239351851852,43.16767,-79.04453,2024-09-17T07:46:28.000000Z
2024,261.3239467592593,43.16767,-79.04454,2024-09-17T07:46:29.000000Z
2024,261.32395833333334,43.16767,-79.04454,2024-09-17T07:46:30.000000Z
2024,261.3239699074074,43.16765,-79.0445,2024-09-17T07:46:31.000000Z
2024,261.3239814814815,43.16764,-79.04448,2024-09-17T07:46:32.000000Z
2024,261.32399305555555,43.16764,-79.04447,2024-09-17T07:46:33.000000Z
2024,261.32400462962966,43.16763,-79.04447,2024-09-17T07:46:34.000000Z
2024,261.3240162037037,43.16763,-79.04447,2024-09-17T07:46:35.000000Z
2024,261.3342129629629,43.1675,-79.04458,2024-09-17T08:01:16.000000Z
2024,261.334224537037,43.1675,-79.04458,2024-09-17T08:01:17.000000Z
2024,261.33423611111107,43.16751,-79.04459,2024-09-17T08:01:18.000000Z
2024,261.3342476851852,43.16751,-79.04459,2024-09-17T08:01:19.000000Z
2024,261.3342592592592,43.16751,-79.04459,2024-09-17T08:01:20.000000Z
2024,261.3342708333333,43.16752,-79.04459,2024-09-17T08:01:21.000000Z
2024,261.3342824074074,43.16752,-79.04458,2024-09-17T08:01:22.000000Z
2024,261.33429398148144,43.16753,-79.04458,2024-09-17T08:01:23.000000Z
2024,261.33430555555555,43.16753,-79.04458,2024-09-17T08:01:24.000000Z
2024,261.3343171296296,43.16753,-79.04457,2024-09-17T08:01:25.000000Z
2024,261.33432870370365,43.16754,-79.04457,2024-09-17T08:01:26.000000Z
2024,261.33434027777776,43.16753,-79.04457,2024-09-17T08:01:27.000000Z
2024,261.3343518518518,43.16754,-79.04457,2024-09-17T08:01:28.000000Z
2024,261.3343634259259,43.16754,-79.04457,2024-09-17T08:01:29.000000Z
2024,261.33437499999997,43.16754,-79.04457,2024-09-17T08:01:30.000000Z
2024,261.334386574074,43.16754,-79.04458,2024-09-17T08:01:31.000000Z
2024,261.3343981481481,43.16755,-79.04458,2024-09-17T08:01:32.000000Z
2024,261.3344097222222,43.16755,-79.04458,2024-09-17T08:01:33.000000Z
2024,261.3344212962963,43.16754,-79.04458,2024-09-17T08:01:34.000000Z
2024,261.33443287037034,43.16755,-79.04458,2024-09-17T08:01:35.000000Z
2024,261.3446296296296,43.16747,-79.04438,2024-09-17T08:16:16.000000Z
2024,261.3446412037037,43.16748,-79.04439,2024-09-17T08:16:17.000000Z
2024,261.34465277777775,43.16749,-79.0444,2024-09-17T08:16:18.000000Z
2024,261.34466435185186,43.16749,-79.0444,2024-09-17T08:16:19.000000Z
2024,261.3446759259259,43.1675,-79.04441,2024-09-17T08:16:20.000000Z
2024,261.34468749999996,43.1675,-79.04441,2024-09-17T08:16:21.000000Z
2024,261.3446990740741,43.1675,-79.04441,2024-09-17T08:16:22.000000Z
2024,261.3447106481481,43.16751,-79.04442,2024-09-17T08:16:23.000000Z
2024,261.34472222222223,43.16751,-79.04443,2024-09-17T08:16:24.000000Z
2024,261.3447337962963,43.16752,-79.04444,2024-09-17T08:16:25.000000Z
2024,261.34474537037033,43.16753,-79.04445,2024-09-17T08:16:26.000000Z
2024,261.34475694444444,43.16753,-79.04444,2024-09-17T08:16:27.000000Z
2024,261.3447685185185,43.16753,-79.04445,2024-09-17T08:16:28.000000Z
2024,261.3447800925926,43.16753,-79.04445,2024-09-17T08:16:29.000000Z
2024,261.34479166666665,43.16754,-79.04446,2024-09-17T08:16:30.000000Z
2024,261.3448032407407,43.16754,-79.04446,2024-09-17T08:16:31.000000Z
2024,261.3448148148148,43.16755,-79.04446,2024-09-17T08:16:32.000000Z
2024,261.34482638888886,43.16756,-79.04447,2024-09-17T08:16:33.000000Z
2024,261.34483796296297,43.16756,-79.04447,2024-09-17T08:16:34.000000Z
2024,261.344849537037,43.16756,-79.04447,2024-09-17T08:16:35.000000Z
2024,261.3550462962963,43.16748,-79.04455,2024-09-17T08:31:16.000000Z
2024,261.3550578703704,43.16749,-79.04457,2024-09-17T08:31:17.000000Z
2024,261.35506944444444,43.16749,-79.04458,2024-09-17T08:31:18.000000Z
2024,261.35508101851855,43.16749,-79.04459,2024-09-17T08:31:19.000000Z
2024,261.3550925925926,43.16749,-79.04459,2024-09-17T08:31:20.000000Z
2024,261.35510416666665,43.16749,-79.04459,2024-09-17T08:31:21.000000Z
2024,261.35511574074076,43.16749,-79.04459,2024-09-17T08:31:22.000000Z
2024,261.3551273148148,43.16749,-79.04458,2024-09-17T08:31:23.000000Z
2024,261.3551388888889,43.16749,-79.04458,2024-09-17T08:31:24.000000Z
2024,261.35515046296297,43.16749,-79.04457,2024-09-17T08:31:25.000000Z
2024,261.355162037037,43.16749,-79.04457,2024-09-17T08:31:26.000000Z
2024,261.3551736111111,43.16749,-79.04457,2024-09-17T08:31:27.000000Z
2024,261.3551851851852,43.16749,-79.04457,2024-09-17T08:31:28.000000Z
2024,261.3551967592593,43.16749,-79.04457,2024-09-17T08:31:29.000000Z
2024,261.35520833333334,43.16749,-79.04456,2024-09-17T08:31:30.000000Z
2024,261.3552199074074,43.16749,-79.04456,2024-09-17T08:31:31.000000Z
2024,261.3552314814815,43.16748,-79.04456,2024-09-17T08:31:32.000000Z
2024,261.35524305555555,43.16748,-79.04455,2024-09-17T08:31:33.000000Z
2024,261.35525462962966,43.16748,-79.04455,2024-09-17T08:31:34.000000Z
2024,261.3552662037037,43.16748,-79.04454,2024-09-17T08:31:35.000000Z
2024,261.3655324074074,43.1675,-79.04451,2024-09-17T08:46:22.000000Z
2024,261.36554398148144,43.1675,-79.04451,2024-09-17T08:46:23.000000Z
2024,261.36555555555555,43.1675,-79.04452,2024-09-17T08:46:24.000000Z
2024,261.3655671296296,43.1675,-79.04453,2024-09-17T08:46:25.000000Z
2024,261.36557870370365,43.1675,-79.04454,2024-09-17T08:46:26.000000Z
2024,261.36559027777776,43.1675,-79.04454,2024-09-17T08:46:27.000000Z
2024,261.3656018518518,43.1675,-79.04454,2024-09-17T08:46:28.000000Z
2024,261.3656134259259,43.1675,-79.04454,2024-09-17T08:46:29.000000Z
2024,261.36562499999997,43.1675,-79.04454,2024-09-17T08:46:30.000000Z
2024,261.365636574074,43.1675,-79.04454,2024-09-17T08:46:31.000000Z
2024,261.3656481481481,43.1675,-79.04454,2024-09-17T08:46:32.000000Z
2024,261.3656597222222,43.16751,-79.04454,2024-09-17T08:46:33.000000Z
2024,261.3656712962963,43.16751,-79.04454,2024-09-17T08:46:34.000000Z
2024,261.36568287037034,43.16751,-79.04454,2024-09-17T08:46:35.000000Z
2024,261.36569444444444,43.16751,-79.04453,2024-09-17T08:46:36.000000Z
2024,261.3657060185185,43.16751,-79.04453,2024-09-17T08:46:37.000000Z
2024,261.36571759259255,43.16751,-79.04453,2024-09-17T08:46:38.000000Z
2024,261.36572916666665,43.16751,-79.04452,2024-09-17T08:46:39.000000Z
2024,261.3657407407407,43.16751,-79.04452,2024-09-17T08:46:40.000000Z
2024,261.3657523148148,43.16751,-79.04451,2024-09-17T08:46:41.000000Z
2024,261.3758912037037,43.16737,-79.04427,2024-09-17T09:01:17.000000Z
2024,261.37590277777775,43.1674,-79.04428,2024-09-17T09:01:18.000000Z
2024,261.37591435185186,43.16741,-79.04429,2024-09-17T09:01:19.000000Z
2024,261.3759490740741,43.16741,-79.0443,2024-09-17T09:01:22.000000Z
2024,261.3759606481481,43.16742,-79.04429,2024-09-17T09:01:23.000000Z
2024,261.37597222222223,43.16742,-79.04429,2024-09-17T09:01:24.000000Z
2024,261.3759837962963,43.16742,-79.04429,2024-09-17T09:01:25.000000Z
2024,261.37599537037033,43.16742,-79.04428,2024-09-17T09:01:26.000000Z
2024,261.37600694444444,43.16742,-79.04429,2024-09-17T09:01:27.000000Z
2024,261.3760185185185,43.16741,-79.04428,2024-09-17T09:01:28.000000Z
2024,261.3760532407407,43.16748,-79.04441,2024-09-17T09:01:31.000000Z
2024,261.3760648148148,43.1675,-79.04444,2024-09-17T09:01:32.000000Z
2024,261.37607638888886,43.1675,-79.04447,2024-09-17T09:01:33.000000Z
2024,261.37608796296297,43.1675,-79.04448,2024-09-17T09:01:34.000000Z
2024,261.376099537037,43.16751,-79.04449,2024-09-17T09:01:35.000000Z
2024,261.37611111111113,43.16751,-79.0445,2024-09-17T09:01:36.000000Z
2024,261.3761226851852,43.16751,-79.0445,2024-09-17T09:01:37.000000Z
2024,261.37613425925923,43.16751,-79.04451,2024-09-17T09:01:38.000000Z
2024,261.37614583333334,43.16751,-79.04452,2024-09-17T09:01:39.000000Z
2024,261.3862962962963,43.16754,-79.04447,2024-09-17T09:16:16.000000Z
2024,261.3863078703704,43.16753,-79.04447,2024-09-17T09:16:17.000000Z
2024,261.38631944444444,43.16753,-79.04447,2024-09-17T09:16:18.000000Z
2024,261.38633101851855,43.16752,-79.04447,2024-09-17T09:16:19.000000Z
2024,261.3863425925926,43.16751,-79.04447,2024-09-17T09:16:20.000000Z
2024,261.38635416666665,43.16752,-79.04447,2024-09-17T09:16:21.000000Z
2024,261.38636574074076,43.16753,-79.04447,2024-09-17T09:16:22.000000Z
2024,261.3863773148148,43.16753,-79.04447,2024-09-17T09:16:23.000000Z
2024,261.3863888888889,43.16752,-79.04447,2024-09-17T09:16:24.000000Z
2024,261.38640046296297,43.16751,-79.04447,2024-09-17T09:16:25.000000Z
2024,261.386412037037,43.1675,-79.04447,2024-09-17T09:16:26.000000Z
2024,261.3864236111111,43.16749,-79.04446,2024-09-17T09:16:27.000000Z
2024,261.3864351851852,43.16748,-79.04446,2024-09-17T09:16:28.000000Z
2024,261.3864467592593,43.16747,-79.04446,2024-09-17T09:16:29.000000Z
2024,261.38645833333334,43.16746,-79.04446,2024-09-17T09:16:30.000000Z
2024,261.3864699074074,43.16744,-79.04446,2024-09-17T09:16:31.000000Z
2024,261.3864814814815,43.16743,-79.04445,2024-09-17T09:16:32.000000Z
2024,261.38649305555555,43.16742,-79.04445,2024-09-17T09:16:33.000000Z
2024,261.38650462962966,43.16742,-79.04446,2024-09-17T09:16:34.000000Z
2024,261.3865162037037,43.16741,-79.04445,2024-09-17T09:16:35.000000Z
2024,261.39678240740744,43.16744,-79.04447,2024-09-17T09:31:22.000000Z
2024,261.3967939814815,43.16743,-79.04447,2024-09-17T09:31:23.000000Z
2024,261.3968055555556,43.16742,-79.04447,2024-09-17T09:31:24.000000Z
2024,261.39681712962965,43.16742,-79.04448,2024-09-17T09:31:25.000000Z
2024,261.3968287037037,43.16742,-79.04449,2024-09-17T09:31:26.000000Z
2024,261.3968402777778,43.16741,-79.04449,2024-09-17T09:31:27.000000Z
2024,261.39685185185186,43.16741,-79.0445,2024-09-17T09:31:28.000000Z
2024,261.39686342592597,43.1674,-79.0445,2024-09-17T09:31:29.000000Z
2024,261.396875,43.1674,-79.0445,2024-09-17T09:31:30.000000Z
2024,261.3968865740741,43.1674,-79.0445,2024-09-17T09:31:31.000000Z
2024,261.3968981481482,43.1674,-79.04451,2024-09-17T09:31:32.000000Z
2024,261.39690972222223,43.16739,-79.04451,2024-09-17T09:31:33.000000Z
2024,261.39692129629634,43.16739,-79.04451,2024-09-17T09:31:34.000000Z
2024,261.3969328703704,43.16738,-79.04452,2024-09-17T09:31:35.000000Z
2024,261.3969444444445,43.16737,-79.04453,2024-09-17T09:31:36.000000Z
2024,261.39695601851855,43.16736,-79.04454,2024-09-17T09:31:37.000000Z
2024,261.3969675925926,43.16735,-79.04454,2024-09-17T09:31:38.000000Z
2024,261.3969791666667,43.16734,-79.04455,2024-09-17T09:31:39.000000Z
2024,261.39699074074076,43.16733,-79.04456,2024-09-17T09:31:40.000000Z
2024,261.39700231481487,43.16732,-79.04456,2024-09-17T09:31:41.000000Z
2024,261.4071296296296,43.16745,-79.04457,2024-09-17T09:46:16.000000Z
2024,261.4071412037037,43.16744,-79.04458,2024-09-17T09:46:17.000000Z
2024,261.40715277777775,43.16743,-79.04458,2024-09-17T09:46:18.000000Z
2024,261.40716435185186,43.16744,-79.04458,2024-09-17T09:46:19.000000Z
2024,261.4071759259259,43.16744,-79.04458,2024-09-17T09:46:20.000000Z
2024,261.40718749999996,43.16744,-79.04458,2024-09-17T09:46:21.000000Z
2024,261.4071990740741,43.16744,-79.04459,2024-09-17T09:46:22.000000Z
2024,261.4072106481481,43.16744,-79.0446,2024-09-17T09:46:23.000000Z
2024,261.40722222222223,43.16744,-79.0446,2024-09-17T09:46:24.000000Z
2024,261.4072337962963,43.16745,-79.0446,2024-09-17T09:46:25.000000Z
2024,261.40724537037033,43.16745,-79.0446,2024-09-17T09:46:26.000000Z
2024,261.40725694444444,43.16745,-79.0446,2024-09-17T09:46:27.000000Z
2024,261.4072685185185,43.16745,-79.04461,2024-09-17T09:46:28.000000Z
2024,261.4072800925926,43.16745,-79.04461,2024-09-17T09:46:29.000000Z
2024,261.40729166666665,43.16745,-79.04461,2024-09-17T09:46:30.000000Z
2024,261.4073032407407,43.16748,-79.04461,2024-09-17T09:46:31.000000Z
2024,261.4073148148148,43.16749,-79.0446,2024-09-17T09:46:32.000000Z
2024,261.40732638888886,43.16749,-79.0446,2024-09-17T09:46:33.000000Z
2024,261.40733796296297,43.16749,-79.0446,2024-09-17T09:46:34.000000Z
2024,261.407349537037,43.1675,-79.0446,2024-09-17T09:46:35.000000Z
2024,261.41761574074076,43.16748,-79.04454,2024-09-17T10:01:22.000000Z
2024,261.4176273148148,43.16748,-79.04454,2024-09-17T10:01:23.000000Z
2024,261.4176388888889,43.16749,-79.04454,2024-09-17T10:01:24.000000Z
2024,261.41765046296297,43.1675,-79.04455,2024-09-17T10:01:25.000000Z
2024,261.417662037037,43.1675,-79.04456,2024-09-17T10:01:26.000000Z
2024,261.4176736111111,43.1675,-79.04456,2024-09-17T10:01:27.000000Z
2024,261.4176851851852,43.1675,-79.04457,2024-09-17T10:01:28.000000Z
2024,261.4176967592593,43.1675,-79.04457,2024-09-17T10:01:29.000000Z
2024,261.41770833333334,43.1675,-79.04457,2024-09-17T10:01:30.000000Z
2024,261.4177199074074,43.1675,-79.04457,2024-09-17T10:01:31.000000Z
2024,261.4177314814815,43.16751,-79.04458,2024-09-17T10:01:32.000000Z
2024,261.41774305555555,43.1675,-79.04457,2024-09-17T10:01:33.000000Z
2024,261.41775462962966,43.1675,-79.04457,2024-09-17T10:01:34.000000Z
2024,261.4177662037037,43.1675,-79.04457,2024-09-17T10:01:35.000000Z
2024,261.4177777777778,43.16749,-79.04458,2024-09-17T10:01:36.000000Z
2024,261.41778935185187,43.16749,-79.04458,2024-09-17T10:01:37.000000Z
2024,261.4178009259259,43.16749,-79.04458,2024-09-17T10:01:38.000000Z
2024,261.4178125,43.16749,-79.04458,2024-09-17T10:01:39.000000Z
2024,261.4178240740741,43.16749,-79.04458,2024-09-17T10:01:40.000000Z
2024,261.42796296296297,43.16768,-79.04467,2024-09-17T10:16:16.000000Z
2024,261.4279745370371,43.1677,-79.04468,2024-09-17T10:16:17.000000Z
2024,261.4279861111111,43.1677,-79.04469,2024-09-17T10:16:18.000000Z
2024,261.42799768518523,43.1677,-79.04468,2024-09-17T10:16:19.000000Z
2024,261.4280092592593,43.1677,-79.04467,2024-09-17T10:16:20.000000Z
2024,261.42802083333333,43.16771,-79.04469,2024-09-17T10:16:21.000000Z
2024,261.42803240740744,43.16771,-79.04469,2024-09-17T10:16:22.000000Z
2024,261.4280439814815,43.16773,-79.0447,2024-09-17T10:16:23.000000Z
2024,261.4280555555556,43.16774,-79.0447,2024-09-17T10:16:24.000000Z
2024,261.42806712962965,43.16775,-79.04472,2024-09-17T10:16:25.000000Z
2024,261.4280787037037,43.16776,-79.04473,2024-09-17T10:16:26.000000Z
2024,261.4280902777778,43.16776,-79.04473,2024-09-17T10:16:27.000000Z
2024,261.42810185185186,43.16776,-79.04473,2024-09-17T10:16:28.000000Z
2024,261.42811342592597,43.16777,-79.04473,2024-09-17T10:16:29.000000Z
2024,261.428125,43.16776,-79.04473,2024-09-17T10:16:30.000000Z
2024,261.4281365740741,43.16777,-79.04474,2024-09-17T10:16:31.000000Z
2024,261.4281481481482,43.16776,-79.04474,2024-09-17T10:16:32.000000Z
2024,261.42815972222223,43.16775,-79.04474,2024-09-17T10:16:33.000000Z
2024,261.42817129629634,43.16775,-79.04473,2024-09-17T10:16:34.000000Z
2024,261.4281828703704,43.16775,-79.04473,2024-09-17T10:16:35.000000Z
2024,261.43844907407413,43.16753,-79.04457,2024-09-17T10:31:22.000000Z
2024,261.4384606481482,43.16753,-79.04457,2024-09-17T10:31:23.000000Z
2024,261.4384722222223,43.16754,-79.04457,2024-09-17T10:31:24.000000Z
2024,261.43848379629634,43.16754,-79.04457,2024-09-17T10:31:25.000000Z
2024,261.4384953703704,43.16755,-79.04457,2024-09-17T10:31:26.000000Z
2024,261.4385069444445,43.16756,-79.04457,2024-09-17T10:31:27.000000Z
2024,261.43851851851855,43.16756,-79.04457,2024-09-17T10:31:28.000000Z
2024,261.43853009259266,43.16757,-79.04457,2024-09-17T10:31:29.000000Z
2024,261.4385416666667,43.16757,-79.04457,2024-09-17T10:31:30.000000Z
2024,261.43855324074076,43.16757,-79.04457,2024-09-17T10:31:31.000000Z
2024,261.43856481481487,43.16756,-79.04456,2024-09-17T10:31:32.000000Z
2024,261.4385763888889,43.16756,-79.04456,2024-09-17T10:31:33.000000Z
2024,261.438587962963,43.16756,-79.04456,2024-09-17T10:31:34.000000Z
2024,261.4385995370371,43.16756,-79.04456,2024-09-17T10:31:35.000000Z
2024,261.4386111111112,43.16755,-79.04456,2024-09-17T10:31:36.000000Z
2024,261.43862268518524,43.16756,-79.04456,2024-09-17T10:31:37.000000Z
2024,261.4386342592593,43.16756,-79.04457,2024-09-17T10:31:38.000000Z
2024,261.4386458333334,43.16756,-79.04456,2024-09-17T10:31:39.000000Z
2024,261.43865740740745,43.16756,-79.04456,2024-09-17T10:31:40.000000Z
2024,261.44886574074076,43.16743,-79.04456,2024-09-17T10:46:22.000000Z
2024,261.4488773148148,43.16741,-79.04455,2024-09-17T10:46:23.000000Z
2024,261.4488888888889,43.16741,-79.04454,2024-09-17T10:46:24.000000Z
2024,261.44890046296297,43.16741,-79.04454,2024-09-17T10:46:25.000000Z
2024,261.448912037037,43.16741,-79.04454,2024-09-17T10:46:26.000000Z
2024,261.4489236111111,43.16741,-79.04453,2024-09-17T10:46:27.000000Z
2024,261.4489351851852,43.16741,-79.04453,2024-09-17T10:46:28.000000Z
2024,261.4489467592593,43.16741,-79.04453,2024-09-17T10:46:29.000000Z
2024,261.4489699074074,43.16743,-79.04453,2024-09-17T10:46:31.000000Z
2024,261.4489814814815,43.16743,-79.04453,2024-09-17T10:46:32.000000Z
2024,261.44899305555555,43.16744,-79.04453,2024-09-17T10:46:33.000000Z
2024,261.44900462962966,43.16744,-79.04453,2024-09-17T10:46:34.000000Z
2024,261.4490162037037,43.16745,-79.04452,2024-09-17T10:46:35.000000Z
2024,261.4490277777778,43.16745,-79.04452,2024-09-17T10:46:36.000000Z
2024,261.44903935185187,43.16746,-79.04452,2024-09-17T10:46:37.000000Z
2024,261.4490509259259,43.16746,-79.04451,2024-09-17T10:46:38.000000Z
2024,261.4490625,43.16746,-79.04451,2024-09-17T10:46:39.000000Z
2024,261.4490740740741,43.16747,-79.04451,2024-09-17T10:46:40.000000Z
2024,261.4490856481482,43.16747,-79.04451,2024-09-17T10:46:41.000000Z
2024,261.44909722222224,43.16747,-79.04451,2024-09-17T10:46:42.000000Z
2024,261.4592129629629,43.16747,-79.04453,2024-09-17T11:01:16.000000Z
2024,261.459224537037,43.16747,-79.04459,2024-09-17T11:01:17.000000Z
2024,261.45923611111107,43.16747,-79.04462,2024-09-17T11:01:18.000000Z
2024,261.4592476851852,43.16747,-79.04463,2024-09-17T11:01:19.000000Z
2024,261.4592592592592,43.16746,-79.04463,2024-09-17T11:01:20.000000Z
2024,261.4592708333333,43.16746,-79.04464,2024-09-17T11:01:21.000000Z
2024,261.4592824074074,43.16746,-79.04464,2024-09-17T11:01:22.000000Z
2024,261.45929398148144,43.16746,-79.04464,2024-09-17T11:01:23.000000Z
2024,261.45930555555555,43.16745,-79.04464,2024-09-17T11:01:24.000000Z
2024,261.4593171296296,43.16745,-79.04463,2024-09-17T11:01:25.000000Z
2024,261.45932870370365,43.16745,-79.04463,2024-09-17T11:01:26.000000Z
2024,261.45934027777776,43.16745,-79.04462,2024-09-17T11:01:27.000000Z
2024,261.4593518518518,43.16744,-79.04462,2024-09-17T11:01:28.000000Z
2024,261.4593634259259,43.16744,-79.04461,2024-09-17T11:01:29.000000Z
2024,261.45937499999997,43.16744,-79.04461,2024-09-17T11:01:30.000000Z
2024,261.459386574074,43.16744,-79.0446,2024-09-17T11:01:31.000000Z
2024,261.4593981481481,43.16744,-79.0446,2024-09-17T11:01:32.000000Z
2024,261.4594097222222,43.16744,-79.0446,2024-09-17T11:01:33.000000Z
2024,261.4594212962963,43.16744,-79.0446,2024-09-17T11:01:34.000000Z
2024,261.4696296296296,43.16757,-79.04459,2024-09-17T11:16:16.000000Z
2024,261.4696412037037,43.16757,-79.0446,2024-09-17T11:16:17.000000Z
2024,261.46965277777775,43.16757,-79.0446,2024-09-17T11:16:18.000000Z
2024,261.46966435185186,43.16757,-79.0446,2024-09-17T11:16:19.000000Z
2024,261.4696759259259,43.16757,-79.04459,2024-09-17T11:16:20.000000Z
2024,261.46968749999996,43.16757,-79.04459,2024-09-17T11:16:21.000000Z
2024,261.4696990740741,43.16757,-79.04459,2024-09-17T11:16:22.000000Z
2024,261.4697106481481,43.16757,-79.04459,2024-09-17T11:16:23.000000Z
2024,261.46972222222223,43.16756,-79.04458,2024-09-17T11:16:24.000000Z
2024,261.4697337962963,43.16756,-79.04457,2024-09-17T11:16:25.000000Z
2024,261.46974537037033,43.16755,-79.04457,2024-09-17T11:16:26.000000Z
2024,261.46975694444444,43.16754,-79.04455,2024-09-17T11:16:27.000000Z
2024,261.4697685185185,43.16753,-79.04454,2024-09-17T11:16:28.000000Z
2024,261.4697800925926,43.16751,-79.04452,2024-09-17T11:16:29.000000Z
2024,261.46979166666665,43.1675,-79.0445,2024-09-17T11:16:30.000000Z
2024,261.4698032407407,43.16749,-79.04449,2024-09-17T11:16:31.000000Z
2024,261.4698148148148,43.16748,-79.04449,2024-09-17T11:16:32.000000Z
2024,261.46982638888886,43.16748,-79.04448,2024-09-17T11:16:33.000000Z
2024,261.46983796296297,43.16746,-79.04447,2024-09-17T11:16:34.000000Z
2024,261.4800462962963,43.16745,-79.04442,2024-09-17T11:31:16.000000Z
2024,261.4800578703704,43.16745,-79.04442,2024-09-17T11:31:17.000000Z
2024,261.48006944444444,43.16745,-79.04443,2024-09-17T11:31:18.000000Z
2024,261.48008101851855,43.16745,-79.04443,2024-09-17T11:31:19.000000Z
2024,261.4800925925926,43.16745,-79.04444,2024-09-17T11:31:20.000000Z
2024,261.48010416666665,43.16745,-79.04444,2024-09-17T11:31:21.000000Z
2024,261.48011574074076,43.16746,-79.04446,2024-09-17T11:31:22.000000Z
2024,261.4801273148148,43.16746,-79.04446,2024-09-17T11:31:23.000000Z
2024,261.4801388888889,43.16746,-79.04447,2024-09-17T11:31:24.000000Z
2024,261.48015046296297,43.16747,-79.04447,2024-09-17T11:31:25.000000Z
2024,261.480162037037,43.16747,-79.04448,2024-09-17T11:31:26.000000Z
2024,261.4801736111111,43.16747,-79.04448,2024-09-17T11:31:27.000000Z
2024,261.4801851851852,43.16747,-79.04448,2024-09-17T11:31:28.000000Z
2024,261.4801967592593,43.16747,-79.04449,2024-09-17T11:31:29.000000Z
2024,261.48020833333334,43.16747,-79.04449,2024-09-17T11:31:30.000000Z
2024,261.4802199074074,43.16748,-79.04449,2024-09-17T11:31:31.000000Z
2024,261.4802314814815,43.16748,-79.0445,2024-09-17T11:31:32.000000Z
2024,261.48024305555555,43.16748,-79.04449,2024-09-17T11:31:33.000000Z
2024,261.48025462962966,43.16748,-79.04449,2024-09-17T11:31:34.000000Z
2024,261.4904629629629,43.16753,-79.04454,2024-09-17T11:46:16.000000Z
2024,261.490474537037,43.16751,-79.04453,2024-09-17T11:46:17.000000Z
2024,261.49048611111107,43.1675,-79.04453,2024-09-17T11:46:18.000000Z
2024,261.4904976851852,43.16749,-79.04453,2024-09-17T11:46:19.000000Z
2024,261.4905092592592,43.16749,-79.04453,2024-09-17T11:46:20.000000Z
2024,261.4905208333333,43.16749,-79.04453,2024-09-17T11:46:21.000000Z
2024,261.4905324074074,43.16749,-79.04453,2024-09-17T11:46:22.000000Z
2024,261.49054398148144,43.16748,-79.04453,2024-09-17T11:46:23.000000Z
2024,261.49055555555555,43.16748,-79.04453,2024-09-17T11:46:24.000000Z
2024,261.4905671296296,43.16748,-79.04453,2024-09-17T11:46:25.000000Z
2024,261.49057870370365,43.16748,-79.04452,2024-09-17T11:46:26.000000Z
2024,261.49059027777776,43.16748,-79.04453,2024-09-17T11:46:27.000000Z
2024,261.4906018518518,43.16748,-79.04453,2024-09-17T11:46:28.000000Z
2024,261.4906134259259,43.16748,-79.04453,2024-09-17T11:46:29.000000Z
2024,261.49062499999997,43.16748,-79.04453,2024-09-17T11:46:30.000000Z
2024,261.490636574074,43.16748,-79.04453,2024-09-17T11:46:31.000000Z
2024,261.4906481481481,43.16748,-79.04453,2024-09-17T11:46:32.000000Z
2024,261.4906597222222,43.16748,-79.04453,2024-09-17T11:46:33.000000Z
2024,261.4906712962963,43.16748,-79.04453,2024-09-17T11:46:34.000000Z
2024,261.5008796296296,43.16743,-79.04451,2024-09-17T12:01:16.000000Z
2024,261.5008912037037,43.16743,-79.04453,2024-09-17T12:01:17.000000Z
2024,261.50090277777775,43.16743,-79.04454,2024-09-17T12:01:18.000000Z
2024,261.50091435185186,43.16742,-79.04454,2024-09-17T12:01:19.000000Z
2024,261.5009259259259,43.16742,-79.04454,2024-09-17T12:01:20.000000Z
2024,261.50093749999996,43.16742,-79.04454,2024-09-17T12:01:21.000000Z
2024,261.5009490740741,43.16741,-79.04454,2024-09-17T12:01:22.000000Z
2024,261.5009606481481,43.16741,-79.04455,2024-09-17T12:01:23.000000Z
2024,261.50097222222223,43.16741,-79.04455,2024-09-17T12:01:24.000000Z
2024,261.5009837962963,43.16741,-79.04456,2024-09-17T12:01:25.000000Z
2024,261.50099537037033,43.1674,-79.04456,2024-09-17T12:01:26.000000Z
2024,261.50100694444444,43.1674,-79.04457,2024-09-17T12:01:27.000000Z
2024,261.5010185185185,43.1674,-79.04457,2024-09-17T12:01:28.000000Z
2024,261.5010300925926,43.16739,-79.04457,2024-09-17T12:01:29.000000Z
2024,261.50104166666665,43.16739,-79.04457,2024-09-17T12:01:30.000000Z
2024,261.5010532407407,43.1674,-79.04457,2024-09-17T12:01:31.000000Z
2024,261.5010648148148,43.1674,-79.04458,2024-09-17T12:01:32.000000Z
2024,261.50107638888886,43.1674,-79.04458,2024-09-17T12:01:33.000000Z
2024,261.50108796296297,43.1674,-79.04458,2024-09-17T12:01:34.000000Z
2024,261.5112962962963,43.16767,-79.04464,2024-09-17T12:16:16.000000Z
2024,261.5113078703704,43.16766,-79.04464,2024-09-17T12:16:17.000000Z
2024,261.51131944444444,43.16765,-79.04464,2024-09-17T12:16:18.000000Z
2024,261.51133101851855,43.16765,-79.04464,2024-09-17T12:16:19.000000Z
2024,261.5113425925926,43.16765,-79.04464,2024-09-17T12:16:20.000000Z
2024,261.51135416666665,43.16764,-79.04463,2024-09-17T12:16:21.000000Z
2024,261.51136574074076,43.16763,-79.04462,2024-09-17T12:16:22.000000Z
2024,261.5113773148148,43.16763,-79.04462,2024-09-17T12:16:23.000000Z
2024,261.5113888888889,43.16763,-79.04462,2024-09-17T12:16:24.000000Z
2024,261.51140046296297,43.16762,-79.04461,2024-09-17T12:16:25.000000Z
2024,261.511412037037,43.16762,-79.0446,2024-09-17T12:16:26.000000Z
2024,261.5114236111111,43.16761,-79.0446,2024-09-17T12:16:27.000000Z
2024,261.5114351851852,43.16761,-79.0446,2024-09-17T12:16:28.000000Z
2024,261.5114467592593,43.16761,-79.0446,2024-09-17T12:16:29.000000Z
2024,261.51145833333334,43.16761,-79.0446,2024-09-17T12:16:30.000000Z
2024,261.5114699074074,43.1676,-79.0446,2024-09-17T12:16:31.000000Z
2024,261.5114814814815,43.1676,-79.0446,2024-09-17T12:16:32.000000Z
2024,261.51149305555555,43.1676,-79.0446,2024-09-17T12:16:33.000000Z
2024,261.51150462962966,43.1676,-79.0446,2024-09-17T12:16:34.000000Z
2024,261.52171296296297,43.16753,-79.04457,2024-09-17T12:31:16.000000Z
2024,261.5217245370371,43.16751,-79.04457,2024-09-17T12:31:17.000000Z
2024,261.5217361111111,43.1675,-79.04457,2024-09-17T12:31:18.000000Z
2024,261.52174768518523,43.16749,-79.04457,2024-09-17T12:31:19.000000Z
2024,261.5217592592593,43.16749,-79.04457,2024-09-17T12:31:20.000000Z
2024,261.52177083333333,43.16749,-79.04457,2024-09-17T12:31:21.000000Z
2024,261.52178240740744,43.16749,-79.04457,2024-09-17T12:31:22.000000Z
2024,261.5217939814815,43.16749,-79.04457,2024-09-17T12:31:23.000000Z
2024,261.5218055555556,43.16751,-79.04457,2024-09-17T12:31:24.000000Z
2024,261.52181712962965,43.16751,-79.04457,2024-09-17T12:31:25.000000Z
2024,261.5218287037037,43.16753,-79.04458,2024-09-17T12:31:26.000000Z
2024,261.5218402777778,43.16753,-79.04459,2024-09-17T12:31:27.000000Z
2024,261.52185185185186,43.16754,-79.0446,2024-09-17T12:31:28.000000Z
2024,261.52186342592597,43.16754,-79.0446,2024-09-17T12:31:29.000000Z
2024,261.521875,43.16756,-79.0446,2024-09-17T12:31:30.000000Z
2024,261.5218865740741,43.16756,-79.0446,2024-09-17T12:31:31.000000Z
2024,261.5218981481482,43.16756,-79.0446,2024-09-17T12:31:32.000000Z
2024,261.52190972222223,43.16756,-79.04461,2024-09-17T12:31:33.000000Z
2024,261.52192129629634,43.16756,-79.04461,2024-09-17T12:31:34.000000Z
2024,261.5321296296296,43.16747,-79.04453,2024-09-17T12:46:16.000000Z
2024,261.5321412037037,43.16744,-79.04452,2024-09-17T12:46:17.000000Z
2024,261.53215277777775,43.16744,-79.04451,2024-09-17T12:46:18.000000Z
2024,261.53216435185186,43.16743,-79.0445,2024-09-17T12:46:19.000000Z
2024,261.5321759259259,43.16743,-79.0445,2024-09-17T12:46:20.000000Z
2024,261.53218749999996,43.16742,-79.04449,2024-09-17T12:46:21.000000Z
2024,261.5321990740741,43.16742,-79.04449,2024-09-17T12:46:22.000000Z
2024,261.5322106481481,43.16741,-79.04448,2024-09-17T12:46:23.000000Z
2024,261.53222222222223,43.16741,-79.04448,2024-09-17T12:46:24.000000Z
2024,261.5322337962963,43.16741,-79.04448,2024-09-17T12:46:25.000000Z
2024,261.53224537037033,43.16741,-79.04448,2024-09-17T12:46:26.000000Z
2024,261.53225694444444,43.1674,-79.04448,2024-09-17T12:46:27.000000Z
2024,261.5322685185185,43.1674,-79.04448,2024-09-17T12:46:28.000000Z
2024,261.5322800925926,43.1674,-79.04448,2024-09-17T12:46:29.000000Z
2024,261.53229166666665,43.16739,-79.04448,2024-09-17T12:46:30.000000Z
2024,261.5323032407407,43.16739,-79.04448,2024-09-17T12:46:31.000000Z
2024,261.5323148148148,43.16739,-79.04448,2024-09-17T12:46:32.000000Z
2024,261.53232638888886,43.16739,-79.04448,2024-09-17T12:46:33.000000Z
2024,261.53233796296297,43.16739,-79.04447,2024-09-17T12:46:34.000000Z
2024,261.532349537037,43.16739,-79.04447,2024-09-17T12:46:35.000000Z
2024,261.5425462962963,43.16754,-79.04453,2024-09-17T13:01:16.000000Z
2024,261.5425578703704,43.16754,-79.04453,2024-09-17T13:01:17.000000Z
2024,261.54256944444444,43.16754,-79.04453,2024-09-17T13:01:18.000000Z
2024,261.54258101851855,43.16753,-79.04452,2024-09-17T13:01:19.000000Z
2024,261.5425925925926,43.16753,-79.04453,2024-09-17T13:01:20.000000Z
2024,261.54260416666665,43.16753,-79.04453,2024-09-17T13:01:21.000000Z
2024,261.54261574074076,43.16753,-79.04454,2024-09-17T13:01:22.000000Z
2024,261.5426273148148,43.16753,-79.04454,2024-09-17T13:01:23.000000Z
2024,261.5426388888889,43.16753,-79.04454,2024-09-17T13:01:24.000000Z
2024,261.54265046296297,43.16753,-79.04454,2024-09-17T13:01:25.000000Z
2024,261.542662037037,43.16753,-79.04455,2024-09-17T13:01:26.000000Z
2024,261.5426736111111,43.16753,-79.04455,2024-09-17T13:01:27.000000Z
2024,261.5426851851852,43.16754,-79.04455,2024-09-17T13:01:28.000000Z
2024,261.5426967592593,43.16754,-79.04455,2024-09-17T13:01:29.000000Z
2024,261.54270833333334,43.16753,-79.04455,2024-09-17T13:01:30.000000Z
2024,261.5427199074074,43.16753,-79.04455,2024-09-17T13:01:31.000000Z
2024,261.5427314814815,43.16753,-79.04455,2024-09-17T13:01:32.000000Z
2024,261.54274305555555,43.16753,-79.04455,2024-09-17T13:01:33.000000Z
2024,261.54275462962966,43.16753,-79.04455,2024-09-17T13:01:34.000000Z
2024,261.5427662037037,43.16753,-79.04455,2024-09-17T13:01:35.000000Z
2024,261.55296296296297,43.16753,-79.04461,2024-09-17T13:16:16.000000Z
2024,261.5529745370371,43.16753,-79.04462,2024-09-17T13:16:17.000000Z
2024,261.5529861111111,43.16753,-79.04462,2024-09-17T13:16:18.000000Z
2024,261.55299768518523,43.16753,-79.04462,2024-09-17T13:16:19.000000Z
2024,261.5530092592593,43.16753,-79.04461,2024-09-17T13:16:20.000000Z
2024,261.55302083333333,43.16753,-79.04461,2024-09-17T13:16:21.000000Z
2024,261.55303240740744,43.16753,-79.04461,2024-09-17T13:16:22.000000Z
2024,261.5530439814815,43.16753,-79.04461,2024-09-17T13:16:23.000000Z
2024,261.5530555555556,43.16752,-79.0446,2024-09-17T13:16:24.000000Z
2024,261.55306712962965,43.16752,-79.0446,2024-09-17T13:16:25.000000Z
2024,261.5530787037037,43.16752,-79.0446,2024-09-17T13:16:26.000000Z
2024,261.5530902777778,43.16752,-79.0446,2024-09-17T13:16:27.000000Z
2024,261.55310185185186,43.16751,-79.0446,2024-09-17T13:16:28.000000Z
2024,261.55311342592597,43.16751,-79.04459,2024-09-17T13:16:29.000000Z
2024,261.553125,43.16751,-79.04458,2024-09-17T13:16:30.000000Z
2024,261.5531365740741,43.16751,-79.04458,2024-09-17T13:16:31.000000Z
2024,261.5531481481482,43.16751,-79.04457,2024-09-17T13:16:32.000000Z
2024,261.55315972222223,43.16751,-79.04457,2024-09-17T13:16:33.000000Z
2024,261.55317129629634,43.16751,-79.04457,2024-09-17T13:16:34.000000Z
2024,261.5633680555556,43.16755,-79.04451,2024-09-17T13:31:15.000000Z
2024,261.56337962962965,43.16754,-79.04451,2024-09-17T13:31:16.000000Z
2024,261.56339120370376,43.16754,-79.04451,2024-09-17T13:31:17.000000Z
2024,261.5634027777778,43.16754,-79.0445,2024-09-17T13:31:18.000000Z
2024,261.5634143518519,43.16754,-79.0445,2024-09-17T13:31:19.000000Z
2024,261.56342592592597,43.16754,-79.0445,2024-09-17T13:31:20.000000Z
2024,261.5634375,43.16753,-79.0445,2024-09-17T13:31:21.000000Z
2024,261.56344907407413,43.16753,-79.0445,2024-09-17T13:31:22.000000Z
2024,261.5634606481482,43.16753,-79.0445,2024-09-17T13:31:23.000000Z
2024,261.5634722222223,43.16753,-79.0445,2024-09-17T13:31:24.000000Z
2024,261.56348379629634,43.16753,-79.0445,2024-09-17T13:31:25.000000Z
2024,261.5634953703704,43.16753,-79.04451,2024-09-17T13:31:26.000000Z
2024,261.5635069444445,43.16753,-79.0445,2024-09-17T13:31:27.000000Z
2024,261.56351851851855,43.16753,-79.04451,2024-09-17T13:31:28.000000Z
2024,261.56353009259266,43.16753,-79.04451,2024-09-17T13:31:29.000000Z
2024,261.5635416666667,43.16753,-79.04451,2024-09-17T13:31:30.000000Z
2024,261.56355324074076,43.16753,-79.04451,2024-09-17T13:31:31.000000Z
2024,261.56356481481487,43.16753,-79.04451,2024-09-17T13:31:32.000000Z
2024,261.5635763888889,43.16753,-79.04451,2024-09-17T13:31:33.000000Z
2024,261.563587962963,43.16753,-79.04451,2024-09-17T13:31:34.000000Z
2024,261.57378472222223,43.1675,-79.04458,2024-09-17T13:46:15.000000Z
2024,261.5737962962963,43.16751,-79.04459,2024-09-17T13:46:16.000000Z
2024,261.5738078703704,43.16751,-79.04459,2024-09-17T13:46:17.000000Z
2024,261.57381944444444,43.16751,-79.04459,2024-09-17T13:46:18.000000Z
2024,261.57383101851855,43.16752,-79.04458,2024-09-17T13:46:19.000000Z
2024,261.5738425925926,43.16752,-79.04458,2024-09-17T13:46:20.000000Z
2024,261.57385416666665,43.16752,-79.04458,2024-09-17T13:46:21.000000Z
2024,261.57386574074076,43.16752,-79.04457,2024-09-17T13:46:22.000000Z
2024,261.5738773148148,43.16752,-79.04457,2024-09-17T13:46:23.000000Z
2024,261.5738888888889,43.16753,-79.04457,2024-09-17T13:46:24.000000Z
2024,261.57390046296297,43.16753,-79.04457,2024-09-17T13:46:25.000000Z
2024,261.573912037037,43.16754,-79.04457,2024-09-17T13:46:26.000000Z
2024,261.5739236111111,43.16754,-79.04457,2024-09-17T13:46:27.000000Z
2024,261.5739351851852,43.16754,-79.04457,2024-09-17T13:46:28.000000Z
2024,261.5739467592593,43.16756,-79.04457,2024-09-17T13:46:29.000000Z
2024,261.57395833333334,43.16756,-79.04457,2024-09-17T13:46:30.000000Z
2024,261.5739699074074,43.16757,-79.04457,2024-09-17T13:46:31.000000Z
2024,261.5739814814815,43.16757,-79.04457,2024-09-17T13:46:32.000000Z
2024,261.57399305555555,43.16757,-79.04457,2024-09-17T13:46:33.000000Z
2024,261.57400462962966,43.16757,-79.04457,2024-09-17T13:46:34.000000Z
2024,261.58420138888886,43.16789,-79.04507,2024-09-17T14:01:15.000000Z
2024,261.5842129629629,43.16788,-79.04504,2024-09-17T14:01:16.000000Z
2024,261.584224537037,43.16784,-79.04499,2024-09-17T14:01:17.000000Z
2024,261.58423611111107,43.16779,-79.04491,2024-09-17T14:01:18.000000Z
2024,261.5842476851852,43.16774,-79.04484,2024-09-17T14:01:19.000000Z
2024,261.5842592592592,43.1677,-79.04479,2024-09-17T14:01:20.000000Z
2024,261.5842708333333,43.16767,-79.04475,2024-09-17T14:01:21.000000Z
2024,261.5842824074074,43.16765,-79.04472,2024-09-17T14:01:22.000000Z
2024,261.58429398148144,43.16764,-79.04469,2024-09-17T14:01:23.000000Z
2024,261.58430555555555,43.16763,-79.04468,2024-09-17T14:01:24.000000Z
2024,261.5843171296296,43.16763,-79.04468,2024-09-17T14:01:25.000000Z
2024,261.58432870370365,43.16764,-79.0447,2024-09-17T14:01:26.000000Z
2024,261.58434027777776,43.16765,-79.04472,2024-09-17T14:01:27.000000Z
2024,261.5843518518518,43.16766,-79.04474,2024-09-17T14:01:28.000000Z
2024,261.5843634259259,43.16766,-79.04474,2024-09-17T14:01:29.000000Z
2024,261.58437499999997,43.16765,-79.04473,2024-09-17T14:01:30.000000Z
2024,261.584386574074,43.16764,-79.04471,2024-09-17T14:01:31.000000Z
2024,261.5843981481481,43.16762,-79.0447,2024-09-17T14:01:32.000000Z
2024,261.5844097222222,43.16761,-79.0447,2024-09-17T14:01:33.000000Z
2024,261.5844212962963,43.16761,-79.04469,2024-09-17T14:01:34.000000Z
2024,261.59479166666665,43.16722,-79.04447,2024-09-17T14:16:30.000000Z
2024,261.5948032407407,43.16722,-79.04446,2024-09-17T14:16:31.000000Z
2024,261.5948148148148,43.16722,-79.04446,2024-09-17T14:16:32.000000Z
2024,261.59482638888886,43.16722,-79.04446,2024-09-17T14:16:33.000000Z
2024,261.59483796296297,43.16722,-79.04446,2024-09-17T14:16:34.000000Z
2024,261.594849537037,43.16722,-79.04446,2024-09-17T14:16:35.000000Z
2024,261.59486111111113,43.16722,-79.04447,2024-09-17T14:16:36.000000Z
2024,261.5948726851852,43.16722,-79.04447,2024-09-17T14:16:37.000000Z
2024,261.59488425925923,43.16722,-79.04447,2024-09-17T14:16:38.000000Z
2024,261.59489583333334,43.16723,-79.04447,2024-09-17T14:16:39.000000Z
2024,261.5949074074074,43.16724,-79.04447,2024-09-17T14:16:40.000000Z
2024,261.5949189814815,43.16724,-79.04447,2024-09-17T14:16:41.000000Z
2024,261.59493055555555,43.16724,-79.04447,2024-09-17T14:16:42.000000Z
2024,261.5949421296296,43.16724,-79.04447,2024-09-17T14:16:43.000000Z
2024,261.5949537037037,43.16725,-79.04447,2024-09-17T14:16:44.000000Z
2024,261.59496527777776,43.16725,-79.04448,2024-09-17T14:16:45.000000Z
2024,261.59497685185187,43.16726,-79.04447,2024-09-17T14:16:46.000000Z
2024,261.5949884259259,43.16727,-79.04447,2024-09-17T14:16:47.000000Z
2024,261.59499999999997,43.16727,-79.04447,2024-09-17T14:16:48.000000Z
2024,261.5950115740741,43.16727,-79.04447,2024-09-17T14:16:49.000000Z
2024,261.6050462962963,43.16749,-79.04447,2024-09-17T14:31:16.000000Z
2024,261.6050578703704,43.16749,-79.04447,2024-09-17T14:31:17.000000Z
2024,261.60506944444444,43.16748,-79.04446,2024-09-17T14:31:18.000000Z
2024,261.60508101851855,43.16748,-79.04444,2024-09-17T14:31:19.000000Z
2024,261.6050925925926,43.16747,-79.04444,2024-09-17T14:31:20.000000Z
2024,261.60510416666665,43.16746,-79.04444,2024-09-17T14:31:21.000000Z
2024,261.60511574074076,43.16746,-79.04444,2024-09-17T14:31:22.000000Z
2024,261.6051273148148,43.16745,-79.04444,2024-09-17T14:31:23.000000Z
2024,261.6051388888889,43.16745,-79.04443,2024-09-17T14:31:24.000000Z
2024,261.60515046296297,43.16744,-79.04442,2024-09-17T14:31:25.000000Z
2024,261.605162037037,43.16744,-79.04441,2024-09-17T14:31:26.000000Z
2024,261.6051736111111,43.16743,-79.04441,2024-09-17T14:31:27.000000Z
2024,261.6051851851852,43.16743,-79.04441,2024-09-17T14:31:28.000000Z
2024,261.6051967592593,43.16743,-79.0444,2024-09-17T14:31:29.000000Z
2024,261.60520833333334,43.16743,-79.04438,2024-09-17T14:31:30.000000Z
2024,261.6052199074074,43.16745,-79.04442,2024-09-17T14:31:31.000000Z
2024,261.6052314814815,43.16747,-79.04444,2024-09-17T14:31:32.000000Z
2024,261.60524305555555,43.16748,-79.04444,2024-09-17T14:31:33.000000Z
2024,261.60525462962966,43.16748,-79.04446,2024-09-17T14:31:34.000000Z
2024,261.6154629629629,43.16753,-79.04451,2024-09-17T14:46:16.000000Z
2024,261.615474537037,43.16751,-79.04451,2024-09-17T14:46:17.000000Z
2024,261.61548611111107,43.16751,-79.04451,2024-09-17T14:46:18.000000Z
2024,261.6154976851852,43.16751,-79.04451,2024-09-17T14:46:19.000000Z
2024,261.6155092592592,43.16751,-79.04451,2024-09-17T14:46:20.000000Z
2024,261.6155208333333,43.16751,-79.0445,2024-09-17T14:46:21.000000Z
2024,261.6155324074074,43.1675,-79.04451,2024-09-17T14:46:22.000000Z
2024,261.61554398148144,43.16751,-79.04451,2024-09-17T14:46:23.000000Z
2024,261.61555555555555,43.16751,-79.04451,2024-09-17T14:46:24.000000Z
2024,261.6155671296296,43.16751,-79.04451,2024-09-17T14:46:25.000000Z
2024,261.61557870370365,43.16751,-79.04452,2024-09-17T14:46:26.000000Z
2024,261.61559027777776,43.16751,-79.04452,2024-09-17T14:46:27.000000Z
2024,261.6156018518518,43.1675,-79.04452,2024-09-17T14:46:28.000000Z
2024,261.6156134259259,43.1675,-79.04452,2024-09-17T14:46:29.000000Z
2024,261.61562499999997,43.1675,-79.04452,2024-09-17T14:46:30.000000Z
2024,261.615636574074,43.1675,-79.04451,2024-09-17T14:46:31.000000Z
2024,261.6156481481481,43.1675,-79.04452,2024-09-17T14:46:32.000000Z
2024,261.6156597222222,43.16749,-79.04452,2024-09-17T14:46:33.000000Z
2024,261.6156712962963,43.1675,-79.04452,2024-09-17T14:46:34.000000Z
2024,261.62586805555554,43.16747,-79.04451,2024-09-17T15:01:15.000000Z
2024,261.6258796296296,43.16748,-79.04452,2024-09-17T15:01:16.000000Z
2024,261.6258912037037,43.16748,-79.04452,2024-09-17T15:01:17.000000Z
2024,261.62590277777775,43.16749,-79.04453,2024-09-17T15:01:18.000000Z
2024,261.62591435185186,43.16749,-79.04454,2024-09-17T15:01:19.000000Z
2024,261.6259259259259,43.16749,-79.04454,2024-09-17T15:01:20.000000Z
2024,261.62593749999996,43.1675,-79.04454,2024-09-17T15:01:21.000000Z
2024,261.6259490740741,43.1675,-79.04454,2024-09-17T15:01:22.000000Z
2024,261.6259606481481,43.16751,-79.04454,2024-09-17T15:01:23.000000Z
2024,261.62597222222223,43.16751,-79.04454,2024-09-17T15:01:24.000000Z
2024,261.6259837962963,43.16751,-79.04454,2024-09-17T15:01:25.000000Z
2024,261.62599537037033,43.16751,-79.04454,2024-09-17T15:01:26.000000Z
2024,261.62600694444444,43.16751,-79.04454,2024-09-17T15:01:27.000000Z
2024,261.6260185185185,43.16751,-79.04454,2024-09-17T15:01:28.000000Z
2024,261.6260300925926,43.16752,-79.04454,2024-09-17T15:01:29.000000Z
2024,261.62604166666665,43.16752,-79.04454,2024-09-17T15:01:30.000000Z
2024,261.6260532407407,43.16752,-79.04454,2024-09-17T15:01:31.000000Z
2024,261.6260648148148,43.16752,-79.04454,2024-09-17T15:01:32.000000Z
2024,261.62607638888886,43.16753,-79.04455,2024-09-17T15:01:33.000000Z
2024,261.62608796296297,43.16753,-79.04455,2024-09-17T15:01:34.000000Z
2024,261.6362962962963,43.16733,-79.04426,2024-09-17T15:16:16.000000Z
2024,261.6363078703704,43.16732,-79.04425,2024-09-17T15:16:17.000000Z
2024,261.63631944444444,43.16731,-79.04425,2024-09-17T15:16:18.000000Z
2024,261.63633101851855,43.16731,-79.04424,2024-09-17T15:16:19.000000Z
2024,261.6363425925926,43.1673,-79.04422,2024-09-17T15:16:20.000000Z
2024,261.63635416666665,43.1673,-79.04422,2024-09-17T15:16:21.000000Z
2024,261.63636574074076,43.1673,-79.04422,2024-09-17T15:16:22.000000Z
2024,261.6363773148148,43.1673,-79.04422,2024-09-17T15:16:23.000000Z
2024,261.6363888888889,43.1673,-79.04421,2024-09-17T15:16:24.000000Z
2024,261.63640046296297,43.16731,-79.04422,2024-09-17T15:16:25.000000Z
2024,261.636412037037,43.16732,-79.04424,2024-09-17T15:16:26.000000Z
2024,261.6364236111111,43.16733,-79.04425,2024-09-17T15:16:27.000000Z
2024,261.6364351851852,43.16734,-79.04426,2024-09-17T15:16:28.000000Z
2024,261.6364467592593,43.16735,-79.04428,2024-09-17T15:16:29.000000Z
2024,261.63645833333334,43.16736,-79.04429,2024-09-17T15:16:30.000000Z
2024,261.6364699074074,43.16738,-79.04431,2024-09-17T15:16:31.000000Z
2024,261.6364814814815,43.16739,-79.04432,2024-09-17T15:16:32.000000Z
2024,261.6365162037037,43.16742,-79.04438,2024-09-17T15:16:35.000000Z
2024,261.6365277777778,43.16744,-79.04441,2024-09-17T15:16:36.000000Z
2024,261.64671296296297,43.16774,-79.04458,2024-09-17T15:31:16.000000Z
2024,261.6467245370371,43.16766,-79.04455,2024-09-17T15:31:17.000000Z
2024,261.6467361111111,43.16764,-79.04454,2024-09-17T15:31:18.000000Z
2024,261.64674768518523,43.16763,-79.04454,2024-09-17T15:31:19.000000Z
2024,261.6467592592593,43.16762,-79.04454,2024-09-17T15:31:20.000000Z
2024,261.64677083333333,43.16761,-79.04454,2024-09-17T15:31:21.000000Z
2024,261.64678240740744,43.16761,-79.04454,2024-09-17T15:31:22.000000Z
2024,261.6467939814815,43.16761,-79.04454,2024-09-17T15:31:23.000000Z
2024,261.6468055555556,43.16762,-79.04454,2024-09-17T15:31:24.000000Z
2024,261.64681712962965,43.16763,-79.04455,2024-09-17T15:31:25.000000Z
2024,261.6468287037037,43.16764,-79.04456,2024-09-17T15:31:26.000000Z
2024,261.6468402777778,43.16764,-79.04456,2024-09-17T15:31:27.000000Z
2024,261.64685185185186,43.16765,-79.04457,2024-09-17T15:31:28.000000Z
2024,261.64686342592597,43.16762,-79.04456,2024-09-17T15:31:29.000000Z
2024,261.646875,43.16761,-79.04455,2024-09-17T15:31:30.000000Z
2024,261.6468865740741,43.1676,-79.04455,2024-09-17T15:31:31.000000Z
2024,261.6468981481482,43.16759,-79.04456,2024-09-17T15:31:32.000000Z
2024,261.64690972222223,43.16758,-79.04456,2024-09-17T15:31:33.000000Z
2024,261.64692129629634,43.16758,-79.04456,2024-09-17T15:31:34.000000Z
2024,261.6469328703704,43.16758,-79.04456,2024-09-17T15:31:35.000000Z
2024,261.6571296296296,43.16764,-79.04445,2024-09-17T15:46:16.000000Z
2024,261.6571412037037,43.16763,-79.04446,2024-09-17T15:46:17.000000Z
2024,261.65715277777775,43.16764,-79.04446,2024-09-17T15:46:18.000000Z
2024,261.65716435185186,43.16763,-79.04447,2024-09-17T15:46:19.000000Z
2024,261.6571759259259,43.16763,-79.04447,2024-09-17T15:46:20.000000Z
2024,261.65718749999996,43.16763,-79.04448,2024-09-17T15:46:21.000000Z
2024,261.6571990740741,43.16763,-79.04449,2024-09-17T15:46:22.000000Z
2024,261.6572106481481,43.16763,-79.04449,2024-09-17T15:46:23.000000Z
2024,261.65722222222223,43.16763,-79.0445,2024-09-17T15:46:24.000000Z
2024,261.6572337962963,43.16763,-79.0445,2024-09-17T15:46:25.000000Z
2024,261.65724537037033,43.16764,-79.0445,2024-09-17T15:46:26.000000Z
2024,261.65725694444444,43.16763,-79.0445,2024-09-17T15:46:27.000000Z
2024,261.6572685185185,43.16762,-79.04449,2024-09-17T15:46:28.000000Z
2024,261.6572800925926,43.16762,-79.04449,2024-09-17T15:46:29.000000Z
2024,261.65729166666665,43.16762,-79.04449,2024-09-17T15:46:30.000000Z
2024,261.6573032407407,43.16758,-79.04447,2024-09-17T15:46:31.000000Z
2024,261.6573148148148,43.16757,-79.04446,2024-09-17T15:46:32.000000Z
2024,261.65732638888886,43.16757,-79.04446,2024-09-17T15:46:33.000000Z
2024,261.65733796296297,43.16756,-79.04446,2024-09-17T15:46:34.000000Z
2024,261.657349537037,43.16756,-79.04446,2024-09-17T15:46:35.000000Z
2024,261.66760416666665,43.16756,-79.04443,2024-09-17T16:01:21.000000Z
2024,261.66761574074076,43.16756,-79.04444,2024-09-17T16:01:22.000000Z
2024,261.6676273148148,43.16756,-79.04444,2024-09-17T16:01:23.000000Z
2024,261.6676388888889,43.16756,-79.04444,2024-09-17T16:01:24.000000Z
2024,261.66765046296297,43.16756,-79.04444,2024-09-17T16:01:25.000000Z
2024,261.667662037037,43.16755,-79.04445,2024-09-17T16:01:26.000000Z
2024,261.6676736111111,43.16754,-79.04446,2024-09-17T16:01:27.000000Z
2024,261.6676851851852,43.16754,-79.04447,2024-09-17T16:01:28.000000Z
2024,261.6676967592593,43.16754,-79.04449,2024-09-17T16:01:29.000000Z
2024,261.66770833333334,43.16754,-79.0445,2024-09-17T16:01:30.000000Z
2024,261.6677199074074,43.16754,-79.04449,2024-09-17T16:01:31.000000Z
2024,261.6677314814815,43.16755,-79.04448,2024-09-17T16:01:32.000000Z
2024,261.66774305555555,43.16755,-79.04447,2024-09-17T16:01:33.000000Z
2024,261.66775462962966,43.16754,-79.04447,2024-09-17T16:01:34.000000Z
2024,261.6677662037037,43.16754,-79.04447,2024-09-17T16:01:35.000000Z
2024,261.6677777777778,43.16754,-79.04448,2024-09-17T16:01:36.000000Z
2024,261.66778935185187,43.16754,-79.04448,2024-09-17T16:01:37.000000Z
2024,261.6678009259259,43.16753,-79.04448,2024-09-17T16:01:38.000000Z
2024,261.6678125,43.16753,-79.04448,2024-09-17T16:01:39.000000Z
2024,261.6678240740741,43.16752,-79.04448,2024-09-17T16:01:40.000000Z
2024,261.6779513888889,43.16762,-79.04477,2024-09-17T16:16:15.000000Z
2024,261.67796296296297,43.16762,-79.04476,2024-09-17T16:16:16.000000Z
2024,261.6779745370371,43.16763,-79.04476,2024-09-17T16:16:17.000000Z
2024,261.6779861111111,43.16763,-79.04475,2024-09-17T16:16:18.000000Z
2024,261.67799768518523,43.16762,-79.04475,2024-09-17T16:16:19.000000Z
2024,261.6780092592593,43.16762,-79.04475,2024-09-17T16:16:20.000000Z
2024,261.67802083333333,43.16762,-79.04474,2024-09-17T16:16:21.000000Z
2024,261.67803240740744,43.16763,-79.04473,2024-09-17T16:16:22.000000Z
2024,261.6780439814815,43.16763,-79.04473,2024-09-17T16:16:23.000000Z
2024,261.6780555555556,43.16763,-79.04473,2024-09-17T16:16:24.000000Z
2024,261.67806712962965,43.16764,-79.04473,2024-09-17T16:16:25.000000Z
2024,261.6780787037037,43.16764,-79.04473,2024-09-17T16:16:26.000000Z
2024,261.6780902777778,43.16764,-79.04473,2024-09-17T16:16:27.000000Z
2024,261.67810185185186,43.16764,-79.04473,2024-09-17T16:16:28.000000Z
2024,261.67811342592597,43.16764,-79.04473,2024-09-17T16:16:29.000000Z
2024,261.678125,43.16764,-79.04473,2024-09-17T16:16:30.000000Z
2024,261.6781365740741,43.16764,-79.04472,2024-09-17T16:16:31.000000Z
2024,261.6781481481482,43.16764,-79.04472,2024-09-17T16:16:32.000000Z
2024,261.67815972222223,43.16764,-79.04472,2024-09-17T16:16:33.000000Z
2024,261.67817129629634,43.16764,-79.04472,2024-09-17T16:16:34.000000Z
2024,261.6884375,43.16754,-79.04451,2024-09-17T16:31:21.000000Z
2024,261.68844907407413,43.16754,-79.04451,2024-09-17T16:31:22.000000Z
2024,261.6884606481482,43.16754,-79.04451,2024-09-17T16:31:23.000000Z
2024,261.6884722222223,43.16754,-79.0445,2024-09-17T16:31:24.000000Z
2024,261.68848379629634,43.16754,-79.0445,2024-09-17T16:31:25.000000Z
2024,261.6884953703704,43.16754,-79.0445,2024-09-17T16:31:26.000000Z
2024,261.6885069444445,43.16755,-79.0445,2024-09-17T16:31:27.000000Z
2024,261.68851851851855,43.16754,-79.0445,2024-09-17T16:31:28.000000Z
2024,261.68853009259266,43.16754,-79.0445,2024-09-17T16:31:29.000000Z
2024,261.6885416666667,43.16754,-79.0445,2024-09-17T16:31:30.000000Z
2024,261.68855324074076,43.16754,-79.0445,2024-09-17T16:31:31.000000Z
2024,261.68856481481487,43.16754,-79.04449,2024-09-17T16:31:32.000000Z
2024,261.6885763888889,43.16755,-79.04449,2024-09-17T16:31:33.000000Z
2024,261.688587962963,43.16755,-79.04449,2024-09-17T16:31:34.000000Z
2024,261.6885995370371,43.16755,-79.04449,2024-09-17T16:31:35.000000Z
2024,261.6886111111112,43.16755,-79.04449,2024-09-17T16:31:36.000000Z
2024,261.68862268518524,43.16755,-79.0445,2024-09-17T16:31:37.000000Z
2024,261.6886342592593,43.16755,-79.04449,2024-09-17T16:31:38.000000Z
2024,261.6886458333334,43.16755,-79.0445,2024-09-17T16:31:39.000000Z
2024,261.68865740740745,43.16755,-79.0445,2024-09-17T16:31:40.000000Z
2024,261.6988773148148,43.16744,-79.04445,2024-09-17T16:46:23.000000Z
2024,261.6988888888889,43.16744,-79.04445,2024-09-17T16:46:24.000000Z
2024,261.69890046296297,43.16744,-79.04444,2024-09-17T16:46:25.000000Z
2024,261.698912037037,43.16744,-79.04444,2024-09-17T16:46:26.000000Z
2024,261.6989236111111,43.16744,-79.04444,2024-09-17T16:46:27.000000Z
2024,261.6989351851852,43.16744,-79.04444,2024-09-17T16:46:28.000000Z
2024,261.6989467592593,43.16744,-79.04444,2024-09-17T16:46:29.000000Z
2024,261.69895833333334,43.16744,-79.04444,2024-09-17T16:46:30.000000Z
2024,261.6989699074074,43.16745,-79.04444,2024-09-17T16:46:31.000000Z
2024,261.6989814814815,43.16745,-79.04444,2024-09-17T16:46:32.000000Z
2024,261.69899305555555,43.16745,-79.04444,2024-09-17T16:46:33.000000Z
2024,261.69900462962966,43.16745,-79.04444,2024-09-17T16:46:34.000000Z
2024,261.6990162037037,43.16745,-79.04444,2024-09-17T16:46:35.000000Z
2024,261.6990277777778,43.16745,-79.04444,2024-09-17T16:46:36.000000Z
2024,261.69903935185187,43.16745,-79.04444,2024-09-17T16:46:37.000000Z
2024,261.6990509259259,43.16745,-79.04444,2024-09-17T16:46:38.000000Z
2024,261.6990625,43.16745,-79.04444,2024-09-17T16:46:39.000000Z
2024,261.6990740740741,43.16746,-79.04444,2024-09-17T16:46:40.000000Z
2024,261.6990856481482,43.16746,-79.04444,2024-09-17T16:46:41.000000Z
2024,261.709224537037,43.16743,-79.04442,2024-09-17T17:01:17.000000Z
2024,261.70923611111107,43.16743,-79.04441,2024-09-17T17:01:18.000000Z
2024,261.7092476851852,43.16744,-79.04442,2024-09-17T17:01:19.000000Z
2024,261.7092592592592,43.16744,-79.04442,2024-09-17T17:01:20.000000Z
2024,261.7092708333333,43.16745,-79.04442,2024-09-17T17:01:21.000000Z
2024,261.7092824074074,43.16745,-79.04442,2024-09-17T17:01:22.000000Z
2024,261.70929398148144,43.16745,-79.04441,2024-09-17T17:01:23.000000Z
2024,261.70930555555555,43.16746,-79.04441,2024-09-17T17:01:24.000000Z
2024,261.7093171296296,43.16746,-79.04441,2024-09-17T17:01:25.000000Z
2024,261.70932870370365,43.16747,-79.04441,2024-09-17T17:01:26.000000Z
2024,261.70934027777776,43.16748,-79.04441,2024-09-17T17:01:27.000000Z
2024,261.7093518518518,43.16748,-79.04441,2024-09-17T17:01:28.000000Z
2024,261.7093634259259,43.16748,-79.04441,2024-09-17T17:01:29.000000Z
2024,261.70937499999997,43.16749,-79.04441,2024-09-17T17:01:30.000000Z
2024,261.709386574074,43.16749,-79.04441,2024-09-17T17:01:31.000000Z
2024,261.7093981481481,43.16749,-79.04441,2024-09-17T17:01:32.000000Z
2024,261.7094097222222,43.1675,-79.04441,2024-09-17T17:01:33.000000Z
2024,261.7094212962963,43.1675,-79.04441,2024-09-17T17:01:34.000000Z
2024,261.70943287037034,43.1675,-79.04442,2024-09-17T17:01:35.000000Z
2024,261.70944444444444,43.16751,-79.04442,2024-09-17T17:01:36.000000Z
2024,261.7197106481481,43.16738,-79.04451,2024-09-17T17:16:23.000000Z
2024,261.71972222222223,43.1674,-79.04452,2024-09-17T17:16:24.000000Z
2024,261.7197337962963,43.16741,-79.04453,2024-09-17T17:16:25.000000Z
2024,261.71974537037033,43.16742,-79.04454,2024-09-17T17:16:26.000000Z
2024,261.71975694444444,43.16742,-79.04454,2024-09-17T17:16:27.000000Z
2024,261.7197685185185,43.16743,-79.04454,2024-09-17T17:16:28.000000Z
2024,261.7197800925926,43.16742,-79.04455,2024-09-17T17:16:29.000000Z
2024,261.71979166666665,43.16741,-79.04456,2024-09-17T17:16:30.000000Z
2024,261.7198032407407,43.16741,-79.04456,2024-09-17T17:16:31.000000Z
2024,261.7198148148148,43.16741,-79.04456,2024-09-17T17:16:32.000000Z
2024,261.71982638888886,43.16742,-79.04457,2024-09-17T17:16:33.000000Z
2024,261.71983796296297,43.16742,-79.04457,2024-09-17T17:16:34.000000Z
2024,261.719849537037,43.16742,-79.04457,2024-09-17T17:16:35.000000Z
2024,261.71986111111113,43.16742,-79.04457,2024-09-17T17:16:36.000000Z
2024,261.7198726851852,43.16742,-79.04457,2024-09-17T17:16:37.000000Z
2024,261.71988425925923,43.16742,-79.04457,2024-09-17T17:16:38.000000Z
2024,261.71989583333334,43.16741,-79.04457,2024-09-17T17:16:39.000000Z
2024,261.7199074074074,43.1674,-79.04457,2024-09-17T17:16:40.000000Z
2024,261.7199189814815,43.1674,-79.04457,2024-09-17T17:16:41.000000Z
2024,261.71993055555555,43.1674,-79.04457,2024-09-17T17:16:42.000000Z
2024,261.7301273148148,43.16744,-79.04432,2024-09-17T17:31:23.000000Z
2024,261.7301388888889,43.16743,-79.04431,2024-09-17T17:31:24.000000Z
2024,261.73015046296297,43.16743,-79.04431,2024-09-17T17:31:25.000000Z
2024,261.730162037037,43.16742,-79.04429,2024-09-17T17:31:26.000000Z
2024,261.7301736111111,43.16741,-79.04428,2024-09-17T17:31:27.000000Z
2024,261.7301851851852,43.16741,-79.04428,2024-09-17T17:31:28.000000Z
2024,261.7301967592593,43.1674,-79.04428,2024-09-17T17:31:29.000000Z
2024,261.73020833333334,43.16739,-79.04428,2024-09-17T17:31:30.000000Z
2024,261.7302199074074,43.16738,-79.04428,2024-09-17T17:31:31.000000Z
2024,261.7302314814815,43.16738,-79.04428,2024-09-17T17:31:32.000000Z
2024,261.73024305555555,43.16738,-79.04429,2024-09-17T17:31:33.000000Z
2024,261.73025462962966,43.16737,-79.04428,2024-09-17T17:31:34.000000Z
2024,261.7302662037037,43.16737,-79.04429,2024-09-17T17:31:35.000000Z
2024,261.7302777777778,43.16736,-79.04429,2024-09-17T17:31:36.000000Z
2024,261.73028935185187,43.16736,-79.04429,2024-09-17T17:31:37.000000Z
2024,261.7303009259259,43.16736,-79.04429,2024-09-17T17:31:38.000000Z
2024,261.7303125,43.16735,-79.04429,2024-09-17T17:31:39.000000Z
2024,261.7303240740741,43.16735,-79.04429,2024-09-17T17:31:40.000000Z
2024,261.7303356481482,43.16735,-79.04429,2024-09-17T17:31:41.000000Z
2024,261.74054398148144,43.16745,-79.04447,2024-09-17T17:46:23.000000Z
2024,261.74055555555555,43.16746,-79.04447,2024-09-17T17:46:24.000000Z
2024,261.7405671296296,43.16747,-79.04447,2024-09-17T17:46:25.000000Z
2024,261.74057870370365,43.16748,-79.04447,2024-09-17T17:46:26.000000Z
2024,261.74059027777776,43.16748,-79.04447,2024-09-17T17:46:27.000000Z
2024,261.7406018518518,43.16748,-79.04447,2024-09-17T17:46:28.000000Z
2024,261.7406134259259,43.16748,-79.04446,2024-09-17T17:46:29.000000Z
2024,261.74062499999997,43.16747,-79.04446,2024-09-17T17:46:30.000000Z
2024,261.740636574074,43.16747,-79.04445,2024-09-17T17:46:31.000000Z
2024,261.7406481481481,43.16747,-79.04445,2024-09-17T17:46:32.000000Z
2024,261.7406597222222,43.16746,-79.04444,2024-09-17T17:46:33.000000Z
2024,261.7406712962963,43.16746,-79.04444,2024-09-17T17:46:34.000000Z
2024,261.74068287037034,43.16745,-79.04444,2024-09-17T17:46:35.000000Z
2024,261.74069444444444,43.16745,-79.04444,2024-09-17T17:46:36.000000Z
2024,261.7407060185185,43.16745,-79.04444,2024-09-17T17:46:37.000000Z
2024,261.74071759259255,43.16744,-79.04444,2024-09-17T17:46:38.000000Z
2024,261.74072916666665,43.16744,-79.04444,2024-09-17T17:46:39.000000Z
2024,261.7407407407407,43.16744,-79.04444,2024-09-17T17:46:40.000000Z
2024,261.7407523148148,43.16744,-79.04444,2024-09-17T17:46:41.000000Z
2024,261.74076388888886,43.16744,-79.04444,2024-09-17T17:46:42.000000Z
2024,261.7510185185185,43.16749,-79.04452,2024-09-17T18:01:28.000000Z
2024,261.7510300925926,43.16749,-79.04452,2024-09-17T18:01:29.000000Z
2024,261.75104166666665,43.16749,-79.04451,2024-09-17T18:01:30.000000Z
2024,261.7510532407407,43.16749,-79.04451,2024-09-17T18:01:31.000000Z
2024,261.7510648148148,43.16749,-79.04451,2024-09-17T18:01:32.000000Z
2024,261.75107638888886,43.1675,-79.0445,2024-09-17T18:01:33.000000Z
2024,261.75108796296297,43.1675,-79.0445,2024-09-17T18:01:34.000000Z
2024,261.751099537037,43.1675,-79.0445,2024-09-17T18:01:35.000000Z
2024,261.75111111111113,43.1675,-79.0445,2024-09-17T18:01:36.000000Z
2024,261.7511226851852,43.1675,-79.04449,2024-09-17T18:01:37.000000Z
2024,261.75113425925923,43.1675,-79.04449,2024-09-17T18:01:38.000000Z
2024,261.75114583333334,43.16749,-79.04448,2024-09-17T18:01:39.000000Z
2024,261.7511574074074,43.16749,-79.04448,2024-09-17T18:01:40.000000Z
2024,261.7511689814815,43.16749,-79.04447,2024-09-17T18:01:41.000000Z
2024,261.75118055555555,43.16749,-79.04447,2024-09-17T18:01:42.000000Z
2024,261.7511921296296,43.16748,-79.04447,2024-09-17T18:01:43.000000Z
2024,261.7512037037037,43.16748,-79.04448,2024-09-17T18:01:44.000000Z
2024,261.75121527777776,43.16748,-79.04448,2024-09-17T18:01:45.000000Z
2024,261.75122685185187,43.16747,-79.04448,2024-09-17T18:01:46.000000Z
2024,261.7613773148148,43.16707,-79.04452,2024-09-17T18:16:23.000000Z
2024,261.7613888888889,43.16712,-79.04454,2024-09-17T18:16:24.000000Z
2024,261.76140046296297,43.16717,-79.04454,2024-09-17T18:16:25.000000Z
2024,261.761412037037,43.16725,-79.04456,2024-09-17T18:16:26.000000Z
2024,261.7614236111111,43.16729,-79.04457,2024-09-17T18:16:27.000000Z
2024,261.7614351851852,43.16732,-79.04457,2024-09-17T18:16:28.000000Z
2024,261.7614467592593,43.16734,-79.04457,2024-09-17T18:16:29.000000Z
2024,261.76145833333334,43.16736,-79.04457,2024-09-17T18:16:30.000000Z
2024,261.7614699074074,43.16738,-79.04456,2024-09-17T18:16:31.000000Z
2024,261.7614814814815,43.1674,-79.04455,2024-09-17T18:16:32.000000Z
2024,261.76149305555555,43.1674,-79.04455,2024-09-17T18:16:33.000000Z
2024,261.76150462962966,43.16741,-79.04454,2024-09-17T18:16:34.000000Z
2024,261.7615162037037,43.16741,-79.04453,2024-09-17T18:16:35.000000Z
2024,261.7615277777778,43.16741,-79.04452,2024-09-17T18:16:36.000000Z
2024,261.76153935185187,43.1674,-79.04452,2024-09-17T18:16:37.000000Z
2024,261.7615509259259,43.16741,-79.04451,2024-09-17T18:16:38.000000Z
2024,261.7615625,43.16741,-79.04451,2024-09-17T18:16:39.000000Z
2024,261.7615740740741,43.16742,-79.0445,2024-09-17T18:16:40.000000Z
2024,261.7615856481482,43.16742,-79.0445,2024-09-17T18:16:41.000000Z
2024,261.7717939814815,43.16744,-79.04459,2024-09-17T18:31:23.000000Z
2024,261.7718055555556,43.16744,-79.04458,2024-09-17T18:31:24.000000Z
2024,261.77181712962965,43.16744,-79.04458,2024-09-17T18:31:25.000000Z
2024,261.7718287037037,43.16744,-79.04457,2024-09-17T18:31:26.000000Z
2024,261.7718402777778,43.16745,-79.04456,2024-09-17T18:31:27.000000Z
2024,261.77185185185186,43.16745,-79.04456,2024-09-17T18:31:28.000000Z
2024,261.77186342592597,43.16745,-79.04455,2024-09-17T18:31:29.000000Z
2024,261.771875,43.16745,-79.04455,2024-09-17T18:31:30.000000Z
2024,261.7718865740741,43.16745,-79.04455,2024-09-17T18:31:31.000000Z
2024,261.7718981481482,43.16745,-79.04454,2024-09-17T18:31:32.000000Z
2024,261.77190972222223,43.16745,-79.04454,2024-09-17T18:31:33.000000Z
2024,261.77192129629634,43.16745,-79.04453,2024-09-17T18:31:34.000000Z
2024,261.7719328703704,43.16745,-79.04452,2024-09-17T18:31:35.000000Z
2024,261.7719444444445,43.16745,-79.04451,2024-09-17T18:31:36.000000Z
2024,261.77195601851855,43.16745,-79.0445,2024-09-17T18:31:37.000000Z
2024,261.7719675925926,43.16745,-79.04449,2024-09-17T18:31:38.000000Z
2024,261.7719791666667,43.16746,-79.04449,2024-09-17T18:31:39.000000Z
2024,261.77199074074076,43.16746,-79.04449,2024-09-17T18:31:40.000000Z
2024,261.77200231481487,43.16746,-79.04447,2024-09-17T18:31:41.000000Z
2024,261.78215277777775,43.16766,-79.04415,2024-09-17T18:46:18.000000Z
2024,261.78216435185186,43.16769,-79.04409,2024-09-17T18:46:19.000000Z
2024,261.7821759259259,43.16771,-79.04406,2024-09-17T18:46:20.000000Z
2024,261.78218749999996,43.16772,-79.04405,2024-09-17T18:46:21.000000Z
2024,261.7821990740741,43.16772,-79.04405,2024-09-17T18:46:22.000000Z
2024,261.7822106481481,43.16771,-79.04408,2024-09-17T18:46:23.000000Z
2024,261.78222222222223,43.1677,-79.04409,2024-09-17T18:46:24.000000Z
2024,261.7822337962963,43.16769,-79.04412,2024-09-17T18:46:25.000000Z
2024,261.78224537037033,43.16768,-79.04415,2024-09-17T18:46:26.000000Z
2024,261.78225694444444,43.16767,-79.04418,2024-09-17T18:46:27.000000Z
2024,261.7822685185185,43.16766,-79.04421,2024-09-17T18:46:28.000000Z
2024,261.7822800925926,43.16765,-79.04425,2024-09-17T18:46:29.000000Z
2024,261.78229166666665,43.16763,-79.04428,2024-09-17T18:46:30.000000Z
2024,261.7823032407407,43.16761,-79.04433,2024-09-17T18:46:31.000000Z
2024,261.7823148148148,43.16759,-79.04436,2024-09-17T18:46:32.000000Z
2024,261.78232638888886,43.16758,-79.04438,2024-09-17T18:46:33.000000Z
2024,261.78233796296297,43.16758,-79.04438,2024-09-17T18:46:34.000000Z
2024,261.782349537037,43.16757,-79.04439,2024-09-17T18:46:35.000000Z
2024,261.78236111111113,43.16756,-79.04441,2024-09-17T18:46:36.000000Z
2024,261.7927199074074,43.16746,-79.04459,2024-09-17T19:01:31.000000Z
2024,261.7927314814815,43.16746,-79.04459,2024-09-17T19:01:32.000000Z
2024,261.79274305555555,43.16747,-79.04457,2024-09-17T19:01:33.000000Z
2024,261.79275462962966,43.16747,-79.04456,2024-09-17T19:01:34.000000Z
2024,261.7927662037037,43.16748,-79.04455,2024-09-17T19:01:35.000000Z
2024,261.7927777777778,43.16748,-79.04454,2024-09-17T19:01:36.000000Z
2024,261.79278935185187,43.16748,-79.04454,2024-09-17T19:01:37.000000Z
2024,261.7928009259259,43.16748,-79.04453,2024-09-17T19:01:38.000000Z
2024,261.7928125,43.16748,-79.04453,2024-09-17T19:01:39.000000Z
2024,261.7928240740741,43.16748,-79.04453,2024-09-17T19:01:40.000000Z
2024,261.7928356481482,43.16748,-79.04452,2024-09-17T19:01:41.000000Z
2024,261.79284722222224,43.16748,-79.04451,2024-09-17T19:01:42.000000Z
2024,261.7928587962963,43.16749,-79.04451,2024-09-17T19:01:43.000000Z
2024,261.7928703703704,43.16749,-79.0445,2024-09-17T19:01:44.000000Z
2024,261.79288194444445,43.16749,-79.0445,2024-09-17T19:01:45.000000Z
2024,261.79289351851855,43.16749,-79.0445,2024-09-17T19:01:46.000000Z
2024,261.7929050925926,43.16749,-79.0445,2024-09-17T19:01:47.000000Z
2024,261.79291666666666,43.16749,-79.0445,2024-09-17T19:01:48.000000Z
2024,261.79292824074076,43.16749,-79.0445,2024-09-17T19:01:49.000000Z
2024,261.8030439814815,43.16746,-79.04476,2024-09-17T19:16:23.000000Z
2024,261.8030555555556,43.16746,-79.04478,2024-09-17T19:16:24.000000Z
2024,261.80306712962965,43.16746,-79.04478,2024-09-17T19:16:25.000000Z
2024,261.8030787037037,43.16747,-79.04479,2024-09-17T19:16:26.000000Z
2024,261.8030902777778,43.16747,-79.04478,2024-09-17T19:16:27.000000Z
2024,261.80310185185186,43.16748,-79.04478,2024-09-17T19:16:28.000000Z
2024,261.80311342592597,43.16747,-79.04476,2024-09-17T19:16:29.000000Z
2024,261.803125,43.16747,-79.04475,2024-09-17T19:16:30.000000Z
2024,261.8031365740741,43.16746,-79.04472,2024-09-17T19:16:31.000000Z
2024,261.8031481481482,43.16746,-79.04471,2024-09-17T19:16:32.000000Z
2024,261.80315972222223,43.16747,-79.04471,2024-09-17T19:16:33.000000Z
2024,261.80317129629634,43.16747,-79.04471,2024-09-17T19:16:34.000000Z
2024,261.8031828703704,43.16747,-79.0447,2024-09-17T19:16:35.000000Z
2024,261.8031944444445,43.16748,-79.0447,2024-09-17T19:16:36.000000Z
2024,261.80320601851855,43.16748,-79.0447,2024-09-17T19:16:37.000000Z
2024,261.8032175925926,43.16749,-79.0447,2024-09-17T19:16:38.000000Z
2024,261.8032291666667,43.16749,-79.0447,2024-09-17T19:16:39.000000Z
2024,261.80324074074076,43.16749,-79.0447,2024-09-17T19:16:40.000000Z
2024,261.80325231481487,43.1675,-79.04471,2024-09-17T19:16:41.000000Z
2024,261.8032638888889,43.1675,-79.04471,2024-09-17T19:16:42.000000Z
2024,261.8134606481482,43.16752,-79.04454,2024-09-17T19:31:23.000000Z
2024,261.8134722222223,43.16753,-79.04454,2024-09-17T19:31:24.000000Z
2024,261.81348379629634,43.16753,-79.04453,2024-09-17T19:31:25.000000Z
2024,261.8134953703704,43.16752,-79.04454,2024-09-17T19:31:26.000000Z
2024,261.8135069444445,43.16752,-79.04454,2024-09-17T19:31:27.000000Z
2024,261.81351851851855,43.16751,-79.04456,2024-09-17T19:31:28.000000Z
2024,261.81353009259266,43.16751,-79.04457,2024-09-17T19:31:29.000000Z
2024,261.8135416666667,43.16749,-79.04459,2024-09-17T19:31:30.000000Z
2024,261.81355324074076,43.16749,-79.0446,2024-09-17T19:31:31.000000Z
2024,261.81356481481487,43.16748,-79.0446,2024-09-17T19:31:32.000000Z
2024,261.8135763888889,43.16748,-79.04461,2024-09-17T19:31:33.000000Z
2024,261.813587962963,43.16748,-79.04462,2024-09-17T19:31:34.000000Z
2024,261.8135995370371,43.16747,-79.04462,2024-09-17T19:31:35.000000Z
2024,261.8136111111112,43.16747,-79.04462,2024-09-17T19:31:36.000000Z
2024,261.81362268518524,43.16747,-79.04463,2024-09-17T19:31:37.000000Z
2024,261.8136342592593,43.16747,-79.04462,2024-09-17T19:31:38.000000Z
2024,261.8136458333334,43.16746,-79.04463,2024-09-17T19:31:39.000000Z
2024,261.81365740740745,43.16747,-79.04463,2024-09-17T19:31:40.000000Z
2024,261.81366898148156,43.16747,-79.04463,2024-09-17T19:31:41.000000Z
2024,261.8136805555556,43.16747,-79.04463,2024-09-17T19:31:42.000000Z
2024,261.8238773148148,43.16755,-79.04468,2024-09-17T19:46:23.000000Z
2024,261.8238888888889,43.16755,-79.04467,2024-09-17T19:46:24.000000Z
2024,261.82390046296297,43.16755,-79.04466,2024-09-17T19:46:25.000000Z
2024,261.823912037037,43.16754,-79.04464,2024-09-17T19:46:26.000000Z
2024,261.8239236111111,43.16754,-79.04463,2024-09-17T19:46:27.000000Z
2024,261.8239351851852,43.16753,-79.04463,2024-09-17T19:46:28.000000Z
2024,261.8239467592593,43.16753,-79.04463,2024-09-17T19:46:29.000000Z
2024,261.82395833333334,43.16752,-79.04461,2024-09-17T19:46:30.000000Z
2024,261.8239699074074,43.16751,-79.04459,2024-09-17T19:46:31.000000Z
2024,261.8239814814815,43.1675,-79.04457,2024-09-17T19:46:32.000000Z
2024,261.82399305555555,43.1675,-79.04457,2024-09-17T19:46:33.000000Z
2024,261.82400462962966,43.16749,-79.04457,2024-09-17T19:46:34.000000Z
2024,261.8240162037037,43.16749,-79.04457,2024-09-17T19:46:35.000000Z
2024,261.8240277777778,43.16749,-79.04456,2024-09-17T19:46:36.000000Z
2024,261.82403935185187,43.16749,-79.04456,2024-09-17T19:46:37.000000Z
2024,261.8240509259259,43.16749,-79.04456,2024-09-17T19:46:38.000000Z
2024,261.8240625,43.16749,-79.04456,2024-09-17T19:46:39.000000Z
2024,261.8240740740741,43.16749,-79.04456,2024-09-17T19:46:40.000000Z
2024,261.8240856481482,43.1675,-79.04456,2024-09-17T19:46:41.000000Z
2024,261.83429398148144,43.16745,-79.04457,2024-09-17T20:01:23.000000Z
2024,261.83430555555555,43.16746,-79.04457,2024-09-17T20:01:24.000000Z
2024,261.8343171296296,43.16746,-79.04457,2024-09-17T20:01:25.000000Z
2024,261.83432870370365,43.16746,-79.04457,2024-09-17T20:01:26.000000Z
2024,261.83434027777776,43.16746,-79.04457,2024-09-17T20:01:27.000000Z
2024,261.8343518518518,43.16746,-79.04457,2024-09-17T20:01:28.000000Z
2024,261.8343634259259,43.16746,-79.04457,2024-09-17T20:01:29.000000Z
2024,261.83437499999997,43.16746,-79.04457,2024-09-17T20:01:30.000000Z
2024,261.834386574074,43.16746,-79.04456,2024-09-17T20:01:31.000000Z
2024,261.8343981481481,43.16746,-79.04456,2024-09-17T20:01:32.000000Z
2024,261.8344097222222,43.16746,-79.04456,2024-09-17T20:01:33.000000Z
2024,261.8344212962963,43.16746,-79.04456,2024-09-17T20:01:34.000000Z
2024,261.83443287037034,43.16746,-79.04456,2024-09-17T20:01:35.000000Z
2024,261.83444444444444,43.16746,-79.04456,2024-09-17T20:01:36.000000Z
2024,261.8344560185185,43.16746,-79.04456,2024-09-17T20:01:37.000000Z
2024,261.83446759259255,43.16745,-79.04456,2024-09-17T20:01:38.000000Z
2024,261.83447916666665,43.16745,-79.04455,2024-09-17T20:01:39.000000Z
2024,261.8344907407407,43.16744,-79.04455,2024-09-17T20:01:40.000000Z
2024,261.8345023148148,43.16744,-79.04455,2024-09-17T20:01:41.000000Z
2024,261.8447106481481,43.16749,-79.04463,2024-09-17T20:16:23.000000Z
2024,261.84472222222223,43.16749,-79.04463,2024-09-17T20:16:24.000000Z
2024,261.8447337962963,43.16749,-79.04463,2024-09-17T20:16:25.000000Z
2024,261.84474537037033,43.16749,-79.04463,2024-09-17T20:16:26.000000Z
2024,261.84475694444444,43.1675,-79.04463,2024-09-17T20:16:27.000000Z
2024,261.8447685185185,43.1675,-79.04463,2024-09-17T20:16:28.000000Z
2024,261.8447800925926,43.1675,-79.04463,2024-09-17T20:16:29.000000Z
2024,261.84479166666665,43.1675,-79.04463,2024-09-17T20:16:30.000000Z
2024,261.8448032407407,43.1675,-79.04463,2024-09-17T20:16:31.000000Z
2024,261.8448148148148,43.16751,-79.04462,2024-09-17T20:16:32.000000Z
2024,261.84482638888886,43.16751,-79.04462,2024-09-17T20:16:33.000000Z
2024,261.84483796296297,43.16751,-79.04462,2024-09-17T20:16:34.000000Z
2024,261.844849537037,43.16751,-79.04462,2024-09-17T20:16:35.000000Z
2024,261.84486111111113,43.16751,-79.04461,2024-09-17T20:16:36.000000Z
2024,261.8448726851852,43.16751,-79.04461,2024-09-17T20:16:37.000000Z
2024,261.84488425925923,43.16751,-79.0446,2024-09-17T20:16:38.000000Z
2024,261.84489583333334,43.16751,-79.0446,2024-09-17T20:16:39.000000Z
2024,261.8449074074074,43.16751,-79.0446,2024-09-17T20:16:40.000000Z
2024,261.8449189814815,43.16751,-79.0446,2024-09-17T20:16:41.000000Z
2024,261.85511574074076,43.16742,-79.04457,2024-09-17T20:31:22.000000Z
2024,261.8551273148148,43.16742,-79.04457,2024-09-17T20:31:23.000000Z
2024,261.8551388888889,43.16742,-79.04457,2024-09-17T20:31:24.000000Z
2024,261.85515046296297,43.16741,-79.04457,2024-09-17T20:31:25.000000Z
2024,261.855162037037,43.16741,-79.04457,2024-09-17T20:31:26.000000Z
2024,261.8551736111111,43.16741,-79.04457,2024-09-17T20:31:27.000000Z
2024,261.8551851851852,43.1674,-79.04457,2024-09-17T20:31:28.000000Z
2024,261.8551967592593,43.1674,-79.04457,2024-09-17T20:31:29.000000Z
2024,261.85520833333334,43.1674,-79.04457,2024-09-17T20:31:30.000000Z
2024,261.8552199074074,43.1674,-79.04457,2024-09-17T20:31:31.000000Z
2024,261.8552314814815,43.16739,-79.04457,2024-09-17T20:31:32.000000Z
2024,261.85524305555555,43.16739,-79.04457,2024-09-17T20:31:33.000000Z
2024,261.85525462962966,43.1674,-79.04457,2024-09-17T20:31:34.000000Z
2024,261.8552662037037,43.1674,-79.04457,2024-09-17T20:31:35.000000Z
2024,261.8552777777778,43.1674,-79.04457,2024-09-17T20:31:36.000000Z
2024,261.85528935185187,43.1674,-79.04457,2024-09-17T20:31:37.000000Z
2024,261.8553009259259,43.16741,-79.04457,2024-09-17T20:31:38.000000Z
2024,261.8553125,43.16741,-79.04457,2024-09-17T20:31:39.000000Z
2024,261.8553240740741,43.16741,-79.04457,2024-09-17T20:31:40.000000Z
2024,261.8655324074074,43.16768,-79.0446,2024-09-17T20:46:22.000000Z
2024,261.86554398148144,43.16767,-79.0446,2024-09-17T20:46:23.000000Z
2024,261.86555555555555,43.16766,-79.0446,2024-09-17T20:46:24.000000Z
2024,261.8655671296296,43.16766,-79.0446,2024-09-17T20:46:25.000000Z
2024,261.86557870370365,43.16766,-79.0446,2024-09-17T20:46:26.000000Z
2024,261.86559027777776,43.16765,-79.0446,2024-09-17T20:46:27.000000Z
2024,261.8656018518518,43.16765,-79.0446,2024-09-17T20:46:28.000000Z
2024,261.8656134259259,43.16764,-79.0446,2024-09-17T20:46:29.000000Z
2024,261.86562499999997,43.16763,-79.0446,2024-09-17T20:46:30.000000Z
2024,261.865636574074,43.16762,-79.0446,2024-09-17T20:46:31.000000Z
2024,261.8656481481481,43.16761,-79.0446,2024-09-17T20:46:32.000000Z
2024,261.8656597222222,43.16761,-79.0446,2024-09-17T20:46:33.000000Z
2024,261.8656712962963,43.1676,-79.04459,2024-09-17T20:46:34.000000Z
2024,261.86568287037034,43.16759,-79.04459,2024-09-17T20:46:35.000000Z
2024,261.86569444444444,43.16758,-79.04458,2024-09-17T20:46:36.000000Z
2024,261.8657060185185,43.16757,-79.04458,2024-09-17T20:46:37.000000Z
2024,261.86571759259255,43.16756,-79.04458,2024-09-17T20:46:38.000000Z
2024,261.86572916666665,43.16755,-79.04458,2024-09-17T20:46:39.000000Z
2024,261.8657407407407,43.16753,-79.04458,2024-09-17T20:46:40.000000Z
2024,261.8759490740741,43.16754,-79.04457,2024-09-17T21:01:22.000000Z
2024,261.8759606481481,43.16755,-79.04457,2024-09-17T21:01:23.000000Z
2024,261.87597222222223,43.16755,-79.04457,2024-09-17T21:01:24.000000Z
2024,261.8759837962963,43.16756,-79.04458,2024-09-17T21:01:25.000000Z
2024,261.87599537037033,43.16756,-79.04459,2024-09-17T21:01:26.000000Z
2024,261.87600694444444,43.16757,-79.04459,2024-09-17T21:01:27.000000Z
2024,261.8760185185185,43.16758,-79.0446,2024-09-17T21:01:28.000000Z
2024,261.8760300925926,43.16759,-79.0446,2024-09-17T21:01:29.000000Z
2024,261.87604166666665,43.16759,-79.0446,2024-09-17T21:01:30.000000Z
2024,261.8760532407407,43.16759,-79.0446,2024-09-17T21:01:31.000000Z
2024,261.8760648148148,43.16759,-79.0446,2024-09-17T21:01:32.000000Z
2024,261.87607638888886,43.16759,-79.0446,2024-09-17T21:01:33.000000Z
2024,261.87608796296297,43.16758,-79.0446,2024-09-17T21:01:34.000000Z
2024,261.876099537037,43.16758,-79.0446,2024-09-17T21:01:35.000000Z
2024,261.87611111111113,43.16758,-79.0446,2024-09-17T21:01:36.000000Z
2024,261.8761226851852,43.16758,-79.0446,2024-09-17T21:01:37.000000Z
2024,261.87613425925923,43.16758,-79.0446,2024-09-17T21:01:38.000000Z
2024,261.87614583333334,43.16758,-79.0446,2024-09-17T21:01:39.000000Z
2024,261.8761574074074,43.16758,-79.0446,2024-09-17T21:01:40.000000Z
2024,261.88636574074076,43.16751,-79.04474,2024-09-17T21:16:22.000000Z
2024,261.8863773148148,43.16751,-79.04474,2024-09-17T21:16:23.000000Z
2024,261.8863888888889,43.16751,-79.04474,2024-09-17T21:16:24.000000Z
2024,261.88640046296297,43.16751,-79.04474,2024-09-17T21:16:25.000000Z
2024,261.886412037037,43.16753,-79.04475,2024-09-17T21:16:26.000000Z
2024,261.8864236111111,43.16753,-79.04476,2024-09-17T21:16:27.000000Z
2024,261.8864351851852,43.16754,-79.04476,2024-09-17T21:16:28.000000Z
2024,261.8864467592593,43.16754,-79.04476,2024-09-17T21:16:29.000000Z
2024,261.88645833333334,43.16754,-79.04475,2024-09-17T21:16:30.000000Z
2024,261.8864699074074,43.16754,-79.04475,2024-09-17T21:16:31.000000Z
2024,261.8864814814815,43.16754,-79.04476,2024-09-17T21:16:32.000000Z
2024,261.88649305555555,43.16754,-79.04475,2024-09-17T21:16:33.000000Z
2024,261.88650462962966,43.16754,-79.04476,2024-09-17T21:16:34.000000Z
2024,261.8865162037037,43.16753,-79.04476,2024-09-17T21:16:35.000000Z
2024,261.8865277777778,43.16753,-79.04475,2024-09-17T21:16:36.000000Z
2024,261.88653935185187,43.16752,-79.04475,2024-09-17T21:16:37.000000Z
2024,261.8865509259259,43.16753,-79.04474,2024-09-17T21:16:38.000000Z
2024,261.8865625,43.16753,-79.04474,2024-09-17T21:16:39.000000Z
2024,261.8865740740741,43.16753,-79.04472,2024-09-17T21:16:40.000000Z
2024,261.8865856481482,43.16753,-79.0447,2024-09-17T21:16:41.000000Z
2024,261.89678240740744,43.16742,-79.04454,2024-09-17T21:31:22.000000Z
2024,261.8967939814815,43.16743,-79.04454,2024-09-17T21:31:23.000000Z
2024,261.8968055555556,43.16743,-79.04454,2024-09-17T21:31:24.000000Z
2024,261.89681712962965,43.16744,-79.04454,2024-09-17T21:31:25.000000Z
2024,261.8968287037037,43.16744,-79.04454,2024-09-17T21:31:26.000000Z
2024,261.8968402777778,43.16745,-79.04454,2024-09-17T21:31:27.000000Z
2024,261.89685185185186,43.16746,-79.04454,2024-09-17T21:31:28.000000Z
2024,261.89686342592597,43.16747,-79.04454,2024-09-17T21:31:29.000000Z
2024,261.896875,43.16748,-79.04454,2024-09-17T21:31:30.000000Z
2024,261.8968865740741,43.1675,-79.04454,2024-09-17T21:31:31.000000Z
2024,261.8968981481482,43.16751,-79.04453,2024-09-17T21:31:32.000000Z
2024,261.89690972222223,43.16752,-79.04453,2024-09-17T21:31:33.000000Z
2024,261.89692129629634,43.16753,-79.04453,2024-09-17T21:31:34.000000Z
2024,261.8969328703704,43.16754,-79.04452,2024-09-17T21:31:35.000000Z
2024,261.8969675925926,43.16755,-79.04452,2024-09-17T21:31:38.000000Z
2024,261.8969791666667,43.16755,-79.04452,2024-09-17T21:31:39.000000Z
2024,261.8970138888889,43.16755,-79.04452,2024-09-17T21:31:42.000000Z
2024,261.897025462963,43.16756,-79.04453,2024-09-17T21:31:43.000000Z
2024,261.89712962962966,43.16756,-79.04453,2024-09-17T21:31:52.000000Z
2024,261.8971412037037,43.16756,-79.04453,2024-09-17T21:31:53.000000Z
2024,261.897175925926,43.16756,-79.04453,2024-09-17T21:31:56.000000Z
2024,261.89718750000003,43.16756,-79.04453,2024-09-17T21:31:57.000000Z
2024,261.8971990740741,43.16756,-79.04453,2024-09-17T21:31:58.000000Z
2024,261.8972106481482,43.16756,-79.04453,2024-09-17T21:31:59.000000Z
2024,261.89722222222224,43.16756,-79.04453,2024-09-17T21:32:00.000000Z
2024,261.8972337962963,43.16756,-79.04453,2024-09-17T21:32:01.000000Z
2024,261.8972453703704,43.16756,-79.04453,2024-09-17T21:32:02.000000Z
2024,261.89730324074077,43.16756,-79.04453,2024-09-17T21:32:07.000000Z
2024,261.8973148148148,43.16755,-79.04453,2024-09-17T21:32:08.000000Z
2024,261.8973263888889,43.16755,-79.04453,2024-09-17T21:32:09.000000Z
2024,261.8973842592593,43.16755,-79.04454,2024-09-17T21:32:14.000000Z
2024,261.89739583333335,43.16755,-79.04454,2024-09-17T21:32:15.000000Z
2024,261.8974074074074,43.16755,-79.04454,2024-09-17T21:32:16.000000Z
2024,261.8974189814815,43.16754,-79.04454,2024-09-17T21:32:17.000000Z
2024,261.89743055555556,43.16754,-79.04454,2024-09-17T21:32:18.000000Z
2024,261.89744212962967,43.16754,-79.04454,2024-09-17T21:32:19.000000Z
2024,261.8974537037037,43.16754,-79.04454,2024-09-17T21:32:20.000000Z
2024,261.89746527777777,43.16754,-79.04454,2024-09-17T21:32:21.000000Z
2024,261.9071990740741,43.16761,-79.04467,2024-09-17T21:46:22.000000Z
2024,261.9072106481481,43.16761,-79.04467,2024-09-17T21:46:23.000000Z
2024,261.90722222222223,43.16761,-79.04467,2024-09-17T21:46:24.000000Z
2024,261.9072337962963,43.16761,-79.04467,2024-09-17T21:46:25.000000Z
2024,261.90724537037033,43.16761,-79.04466,2024-09-17T21:46:26.000000Z
2024,261.90725694444444,43.16761,-79.04465,2024-09-17T21:46:27.000000Z
2024,261.9072685185185,43.16761,-79.04464,2024-09-17T21:46:28.000000Z
2024,261.9072800925926,43.16761,-79.04464,2024-09-17T21:46:29.000000Z
2024,261.90729166666665,43.16761,-79.04463,2024-09-17T21:46:30.000000Z
2024,261.9073032407407,43.16759,-79.04458,2024-09-17T21:46:31.000000Z
2024,261.9073148148148,43.16759,-79.04455,2024-09-17T21:46:32.000000Z
2024,261.90732638888886,43.16758,-79.04454,2024-09-17T21:46:33.000000Z
2024,261.90733796296297,43.16757,-79.04453,2024-09-17T21:46:34.000000Z
2024,261.907349537037,43.16757,-79.04452,2024-09-17T21:46:35.000000Z
2024,261.90736111111113,43.16756,-79.04451,2024-09-17T21:46:36.000000Z
2024,261.90739583333334,43.16755,-79.0445,2024-09-17T21:46:39.000000Z
2024,261.9074074074074,43.16755,-79.04449,2024-09-17T21:46:40.000000Z
2024,261.9074189814815,43.16754,-79.04449,2024-09-17T21:46:41.000000Z
2024,261.90743055555555,43.16754,-79.04448,2024-09-17T21:46:42.000000Z
2024,261.91761574074076,43.16765,-79.04497,2024-09-17T22:01:22.000000Z
2024,261.9176273148148,43.16764,-79.04496,2024-09-17T22:01:23.000000Z
2024,261.9176388888889,43.16763,-79.04494,2024-09-17T22:01:24.000000Z
2024,261.91765046296297,43.16763,-79.04494,2024-09-17T22:01:25.000000Z
2024,261.917662037037,43.16762,-79.04493,2024-09-17T22:01:26.000000Z
2024,261.9176736111111,43.16762,-79.04492,2024-09-17T22:01:27.000000Z
2024,261.9176851851852,43.16762,-79.04491,2024-09-17T22:01:28.000000Z
2024,261.9176967592593,43.16762,-79.0449,2024-09-17T22:01:29.000000Z
2024,261.91770833333334,43.16762,-79.0449,2024-09-17T22:01:30.000000Z
2024,261.9177199074074,43.16761,-79.04489,2024-09-17T22:01:31.000000Z
2024,261.9177314814815,43.1676,-79.04481,2024-09-17T22:01:32.000000Z
2024,261.91774305555555,43.16759,-79.04481,2024-09-17T22:01:33.000000Z
2024,261.91775462962966,43.16759,-79.04477,2024-09-17T22:01:34.000000Z
2024,261.9177662037037,43.16758,-79.04474,2024-09-17T22:01:35.000000Z
2024,261.9177777777778,43.16757,-79.0447,2024-09-17T22:01:36.000000Z
2024,261.91778935185187,43.16757,-79.04467,2024-09-17T22:01:37.000000Z
2024,261.9178009259259,43.16757,-79.04467,2024-09-17T22:01:38.000000Z
2024,261.9178125,43.16757,-79.04467,2024-09-17T22:01:39.000000Z
2024,261.9178240740741,43.16757,-79.04467,2024-09-17T22:01:40.000000Z
2024,262.09393518518516,43.16753,-79.04454,2024-09-18T02:15:16.000000Z
2024,262.09394675925927,43.16753,-79.04454,2024-09-18T02:15:17.000000Z
2024,262.0939583333333,43.16753,-79.04455,2024-09-18T02:15:18.000000Z
2024,262.0939699074074,43.16752,-79.04457,2024-09-18T02:15:19.000000Z
2024,262.0939814814815,43.16752,-79.04457,2024-09-18T02:15:20.000000Z
2024,262.09399305555553,43.16751,-79.04458,2024-09-18T02:15:21.000000Z
2024,262.09400462962964,43.16751,-79.04459,2024-09-18T02:15:22.000000Z
2024,262.0940162037037,43.16751,-79.0446,2024-09-18T02:15:23.000000Z
2024,262.0940277777778,43.16751,-79.0446,2024-09-18T02:15:24.000000Z
2024,262.09403935185185,43.1675,-79.0446,2024-09-18T02:15:25.000000Z
2024,262.0940509259259,43.1675,-79.0446,2024-09-18T02:15:26.000000Z
2024,262.0940625,43.1675,-79.0446,2024-09-18T02:15:27.000000Z
2024,262.09407407407406,43.1675,-79.0446,2024-09-18T02:15:28.000000Z
2024,262.09408564814817,43.16749,-79.0446,2024-09-18T02:15:29.000000Z
2024,262.0940972222222,43.16749,-79.0446,2024-09-18T02:15:30.000000Z
2024,262.09410879629627,43.16749,-79.0446,2024-09-18T02:15:31.000000Z
2024,262.0941203703704,43.16749,-79.0446,2024-09-18T02:15:32.000000Z
2024,262.0941319444444,43.16749,-79.0446,2024-09-18T02:15:33.000000Z
2024,262.09414351851854,43.1675,-79.0446,2024-09-18T02:15:34.000000Z
2024,262.0941550925926,43.1675,-79.0446,2024-09-18T02:15:35.000000Z
2024,262.1043518518518,43.16741,-79.04453,2024-09-18T02:30:16.000000Z
2024,262.1043634259259,43.16741,-79.04453,2024-09-18T02:30:17.000000Z
2024,262.10437499999995,43.16741,-79.04453,2024-09-18T02:30:18.000000Z
2024,262.10438657407406,43.16741,-79.04454,2024-09-18T02:30:19.000000Z
2024,262.1043981481481,43.16741,-79.04454,2024-09-18T02:30:20.000000Z
2024,262.10440972222216,43.16741,-79.04454,2024-09-18T02:30:21.000000Z
2024,262.10442129629627,43.16742,-79.04454,2024-09-18T02:30:22.000000Z
2024,262.1044328703703,43.16743,-79.04455,2024-09-18T02:30:23.000000Z
2024,262.1044444444444,43.16743,-79.04455,2024-09-18T02:30:24.000000Z
2024,262.1044560185185,43.16743,-79.04455,2024-09-18T02:30:25.000000Z
2024,262.1044675925925,43.16743,-79.04455,2024-09-18T02:30:26.000000Z
2024,262.10447916666664,43.16743,-79.04455,2024-09-18T02:30:27.000000Z
2024,262.1044907407407,43.16744,-79.04455,2024-09-18T02:30:28.000000Z
2024,262.1045023148148,43.16743,-79.04454,2024-09-18T02:30:29.000000Z
2024,262.10451388888885,43.16743,-79.04454,2024-09-18T02:30:30.000000Z
2024,262.1045254629629,43.16743,-79.04454,2024-09-18T02:30:31.000000Z
2024,262.104537037037,43.16743,-79.04453,2024-09-18T02:30:32.000000Z
2024,262.10454861111106,43.16742,-79.04452,2024-09-18T02:30:33.000000Z
2024,262.10456018518516,43.16742,-79.04451,2024-09-18T02:30:34.000000Z
2024,262.1147685185185,43.1674,-79.04442,2024-09-18T02:45:16.000000Z
2024,262.1147800925926,43.1674,-79.04441,2024-09-18T02:45:17.000000Z
2024,262.11479166666663,43.1674,-79.04442,2024-09-18T02:45:18.000000Z
2024,262.11480324074074,43.1674,-79.04442,2024-09-18T02:45:19.000000Z
2024,262.1148148148148,43.16741,-79.04443,2024-09-18T02:45:20.000000Z
2024,262.11482638888884,43.16741,-79.04442,2024-09-18T02:45:21.000000Z
2024,262.11483796296295,43.1674,-79.04442,2024-09-18T02:45:22.000000Z
2024,262.114849537037,43.1674,-79.04441,2024-09-18T02:45:23.000000Z
2024,262.1148611111111,43.16739,-79.04441,2024-09-18T02:45:24.000000Z
2024,262.11487268518516,43.16739,-79.0444,2024-09-18T02:45:25.000000Z
2024,262.1148842592592,43.16738,-79.04439,2024-09-18T02:45:26.000000Z
2024,262.1148958333333,43.16738,-79.04439,2024-09-18T02:45:27.000000Z
2024,262.1149074074074,43.16738,-79.04438,2024-09-18T02:45:28.000000Z
2024,262.1149189814815,43.16737,-79.04438,2024-09-18T02:45:29.000000Z
2024,262.11493055555553,43.16737,-79.04438,2024-09-18T02:45:30.000000Z
2024,262.1149421296296,43.16737,-79.04437,2024-09-18T02:45:31.000000Z
2024,262.1149537037037,43.16736,-79.04437,2024-09-18T02:45:32.000000Z
2024,262.11496527777774,43.16736,-79.04437,2024-09-18T02:45:33.000000Z
2024,262.11497685185185,43.16736,-79.04437,2024-09-18T02:45:34.000000Z
2024,262.1149884259259,43.16735,-79.04436,2024-09-18T02:45:35.000000Z
2024,262.12518518518516,43.16743,-79.04443,2024-09-18T03:00:16.000000Z
2024,262.12519675925927,43.16744,-79.04444,2024-09-18T03:00:17.000000Z
2024,262.1252083333333,43.16744,-79.04443,2024-09-18T03:00:18.000000Z
2024,262.1252199074074,43.16744,-79.04443,2024-09-18T03:00:19.000000Z
2024,262.1252314814815,43.16744,-79.04442,2024-09-18T03:00:20.000000Z
2024,262.12524305555553,43.16744,-79.04441,2024-09-18T03:00:21.000000Z
2024,262.12525462962964,43.16744,-79.04441,2024-09-18T03:00:22.000000Z
2024,262.1252662037037,43.16744,-79.0444,2024-09-18T03:00:23.000000Z
2024,262.1252777777778,43.16744,-79.04441,2024-09-18T03:00:24.000000Z
2024,262.12528935185185,43.16744,-79.0444,2024-09-18T03:00:25.000000Z
2024,262.1253009259259,43.16744,-79.0444,2024-09-18T03:00:26.000000Z
2024,262.1253125,43.16744,-79.0444,2024-09-18T03:00:27.000000Z
2024,262.12532407407406,43.16744,-79.0444,2024-09-18T03:00:28.000000Z
2024,262.12533564814817,43.16745,-79.04441,2024-09-18T03:00:29.000000Z
2024,262.1253472222222,43.16745,-79.04441,2024-09-18T03:00:30.000000Z
2024,262.12535879629627,43.16745,-79.0444,2024-09-18T03:00:31.000000Z
2024,262.1253703703704,43.16745,-79.0444,2024-09-18T03:00:32.000000Z
2024,262.1253819444444,43.16744,-79.0444,2024-09-18T03:00:33.000000Z
2024,262.12539351851854,43.16744,-79.0444,2024-09-18T03:00:34.000000Z
2024,262.1254050925926,43.16745,-79.04441,2024-09-18T03:00:35.000000Z
2024,262.13564814814816,43.1675,-79.04465,2024-09-18T03:15:20.000000Z
2024,262.1356597222222,43.16741,-79.04457,2024-09-18T03:15:21.000000Z
2024,262.1356712962963,43.16738,-79.04453,2024-09-18T03:15:22.000000Z
2024,262.1356828703704,43.16735,-79.0445,2024-09-18T03:15:23.000000Z
2024,262.1356944444445,43.16734,-79.04449,2024-09-18T03:15:24.000000Z
2024,262.13570601851853,43.16733,-79.04449,2024-09-18T03:15:25.000000Z
2024,262.1357175925926,43.16733,-79.04448,2024-09-18T03:15:26.000000Z
2024,262.1357291666667,43.16733,-79.04448,2024-09-18T03:15:27.000000Z
2024,262.13574074074074,43.16733,-79.04448,2024-09-18T03:15:28.000000Z
2024,262.13575231481485,43.16734,-79.04448,2024-09-18T03:15:29.000000Z
2024,262.1357638888889,43.16734,-79.04448,2024-09-18T03:15:30.000000Z
2024,262.13577546296295,43.16735,-79.04447,2024-09-18T03:15:31.000000Z
2024,262.13578703703706,43.16736,-79.04447,2024-09-18T03:15:32.000000Z
2024,262.1357986111111,43.16736,-79.04447,2024-09-18T03:15:33.000000Z
2024,262.1358101851852,43.16737,-79.04447,2024-09-18T03:15:34.000000Z
2024,262.1358217592593,43.16738,-79.04447,2024-09-18T03:15:35.000000Z
2024,262.1358333333334,43.16738,-79.04447,2024-09-18T03:15:36.000000Z
2024,262.13584490740743,43.16738,-79.04447,2024-09-18T03:15:37.000000Z
2024,262.1358564814815,43.16738,-79.04447,2024-09-18T03:15:38.000000Z
2024,262.1358680555556,43.16739,-79.04447,2024-09-18T03:15:39.000000Z
2024,262.1460069444444,43.16741,-79.04444,2024-09-18T03:30:15.000000Z
2024,262.1460185185185,43.1674,-79.04444,2024-09-18T03:30:16.000000Z
2024,262.1460300925926,43.16741,-79.04444,2024-09-18T03:30:17.000000Z
2024,262.14604166666663,43.16741,-79.04444,2024-09-18T03:30:18.000000Z
2024,262.14605324074074,43.16741,-79.04444,2024-09-18T03:30:19.000000Z
2024,262.1460648148148,43.16741,-79.04444,2024-09-18T03:30:20.000000Z
2024,262.14607638888884,43.16741,-79.04444,2024-09-18T03:30:21.000000Z
2024,262.14608796296295,43.16741,-79.04444,2024-09-18T03:30:22.000000Z
2024,262.146099537037,43.16741,-79.04444,2024-09-18T03:30:23.000000Z
2024,262.1461111111111,43.16741,-79.04445,2024-09-18T03:30:24.000000Z
2024,262.14612268518516,43.16741,-79.04446,2024-09-18T03:30:25.000000Z
2024,262.1461342592592,43.16742,-79.04447,2024-09-18T03:30:26.000000Z
2024,262.1461458333333,43.16742,-79.04447,2024-09-18T03:30:27.000000Z
2024,262.1461574074074,43.16743,-79.04449,2024-09-18T03:30:28.000000Z
2024,262.1461689814815,43.16744,-79.0445,2024-09-18T03:30:29.000000Z
2024,262.14618055555553,43.16744,-79.0445,2024-09-18T03:30:30.000000Z
2024,262.1461921296296,43.16743,-79.04451,2024-09-18T03:30:31.000000Z
2024,262.1462037037037,43.16743,-79.04453,2024-09-18T03:30:32.000000Z
2024,262.14621527777774,43.16743,-79.04454,2024-09-18T03:30:33.000000Z
2024,262.14622685185185,43.16743,-79.04454,2024-09-18T03:30:34.000000Z
2024,262.15643518518516,43.16737,-79.0446,2024-09-18T03:45:16.000000Z
2024,262.15644675925927,43.16737,-79.0446,2024-09-18T03:45:17.000000Z
2024,262.1564583333333,43.16736,-79.0446,2024-09-18T03:45:18.000000Z
2024,262.1564699074074,43.16736,-79.04461,2024-09-18T03:45:19.000000Z
2024,262.1564814814815,43.16736,-79.04461,2024-09-18T03:45:20.000000Z
2024,262.15649305555553,43.16736,-79.04462,2024-09-18T03:45:21.000000Z
2024,262.15650462962964,43.16736,-79.04462,2024-09-18T03:45:22.000000Z
2024,262.1565162037037,43.16737,-79.04462,2024-09-18T03:45:23.000000Z
2024,262.1565277777778,43.16738,-79.04462,2024-09-18T03:45:24.000000Z
2024,262.15653935185185,43.16738,-79.04463,2024-09-18T03:45:25.000000Z
2024,262.1565509259259,43.16738,-79.04463,2024-09-18T03:45:26.000000Z
2024,262.1565625,43.16738,-79.04463,2024-09-18T03:45:27.000000Z
2024,262.15657407407406,43.16739,-79.04463,2024-09-18T03:45:28.000000Z
2024,262.15658564814817,43.16739,-79.04463,2024-09-18T03:45:29.000000Z
2024,262.1565972222222,43.1674,-79.04463,2024-09-18T03:45:30.000000Z
2024,262.15660879629627,43.1674,-79.04463,2024-09-18T03:45:31.000000Z
2024,262.1566203703704,43.16741,-79.04463,2024-09-18T03:45:32.000000Z
2024,262.1566319444444,43.16741,-79.04463,2024-09-18T03:45:33.000000Z
2024,262.15664351851854,43.16742,-79.04463,2024-09-18T03:45:34.000000Z
2024,262.1566550925926,43.16742,-79.04463,2024-09-18T03:45:35.000000Z
2024,262.1668402777778,43.16746,-79.04444,2024-09-18T04:00:15.000000Z
2024,262.16685185185185,43.16746,-79.04444,2024-09-18T04:00:16.000000Z
2024,262.16686342592595,43.16746,-79.04444,2024-09-18T04:00:17.000000Z
2024,262.166875,43.16746,-79.04444,2024-09-18T04:00:18.000000Z
2024,262.1668865740741,43.16746,-79.04444,2024-09-18T04:00:19.000000Z
2024,262.16689814814816,43.16746,-79.04445,2024-09-18T04:00:20.000000Z
2024,262.1669097222222,43.16747,-79.04445,2024-09-18T04:00:21.000000Z
2024,262.1669212962963,43.16747,-79.04446,2024-09-18T04:00:22.000000Z
2024,262.1669328703704,43.16748,-79.04446,2024-09-18T04:00:23.000000Z
2024,262.1669444444445,43.16748,-79.04447,2024-09-18T04:00:24.000000Z
2024,262.16695601851853,43.16748,-79.04447,2024-09-18T04:00:25.000000Z
2024,262.1669675925926,43.16748,-79.04447,2024-09-18T04:00:26.000000Z
2024,262.1669791666667,43.16748,-79.04447,2024-09-18T04:00:27.000000Z
2024,262.16699074074074,43.16748,-79.04447,2024-09-18T04:00:28.000000Z
2024,262.16700231481485,43.16747,-79.04447,2024-09-18T04:00:29.000000Z
2024,262.1670138888889,43.16747,-79.04448,2024-09-18T04:00:30.000000Z
2024,262.16702546296295,43.16748,-79.04448,2024-09-18T04:00:31.000000Z
2024,262.16703703703706,43.16748,-79.04448,2024-09-18T04:00:32.000000Z
2024,262.1670486111111,43.16748,-79.04449,2024-09-18T04:00:33.000000Z
2024,262.1670601851852,43.16748,-79.04449,2024-09-18T04:00:34.000000Z
2024,262.1772569444445,43.16753,-79.04454,2024-09-18T04:15:15.000000Z
2024,262.17726851851853,43.16753,-79.04455,2024-09-18T04:15:16.000000Z
2024,262.17728009259264,43.16753,-79.04455,2024-09-18T04:15:17.000000Z
2024,262.1772916666667,43.16753,-79.04456,2024-09-18T04:15:18.000000Z
2024,262.1773032407408,43.16753,-79.04456,2024-09-18T04:15:19.000000Z
2024,262.17731481481485,43.16753,-79.04456,2024-09-18T04:15:20.000000Z
2024,262.1773263888889,43.16753,-79.04457,2024-09-18T04:15:21.000000Z
2024,262.177337962963,43.16753,-79.04457,2024-09-18T04:15:22.000000Z
2024,262.17734953703706,43.16753,-79.04457,2024-09-18T04:15:23.000000Z
2024,262.17736111111117,43.16753,-79.04456,2024-09-18T04:15:24.000000Z
2024,262.1773726851852,43.16753,-79.04456,2024-09-18T04:15:25.000000Z
2024,262.17738425925927,43.16753,-79.04455,2024-09-18T04:15:26.000000Z
2024,262.1773958333334,43.16753,-79.04455,2024-09-18T04:15:27.000000Z
2024,262.17740740740743,43.16753,-79.04455,2024-09-18T04:15:28.000000Z
2024,262.17741898148154,43.16752,-79.04454,2024-09-18T04:15:29.000000Z
2024,262.1774305555556,43.16752,-79.04454,2024-09-18T04:15:30.000000Z
2024,262.17744212962964,43.16751,-79.04454,2024-09-18T04:15:31.000000Z
2024,262.17745370370375,43.16751,-79.04454,2024-09-18T04:15:32.000000Z
2024,262.1774652777778,43.16751,-79.04454,2024-09-18T04:15:33.000000Z
2024,262.1774768518519,43.16751,-79.04454,2024-09-18T04:15:34.000000Z
2024,262.1876736111111,43.16738,-79.0445,2024-09-18T04:30:15.000000Z
2024,262.18768518518516,43.16738,-79.0445,2024-09-18T04:30:16.000000Z
2024,262.18769675925927,43.16739,-79.0445,2024-09-18T04:30:17.000000Z
2024,262.1877083333333,43.1674,-79.0445,2024-09-18T04:30:18.000000Z
2024,262.1877199074074,43.1674,-79.0445,2024-09-18T04:30:19.000000Z
2024,262.1877314814815,43.16741,-79.0445,2024-09-18T04:30:20.000000Z
2024,262.18774305555553,43.16743,-79.0445,2024-09-18T04:30:21.000000Z
2024,262.18775462962964,43.16743,-79.0445,2024-09-18T04:30:22.000000Z
2024,262.1877662037037,43.16744,-79.0445,2024-09-18T04:30:23.000000Z
2024,262.1877777777778,43.16745,-79.0445,2024-09-18T04:30:24.000000Z
2024,262.18778935185185,43.16746,-79.0445,2024-09-18T04:30:25.000000Z
2024,262.1878009259259,43.16746,-79.04449,2024-09-18T04:30:26.000000Z
2024,262.1878125,43.16746,-79.04449,2024-09-18T04:30:27.000000Z
2024,262.18782407407406,43.16746,-79.0445,2024-09-18T04:30:28.000000Z
2024,262.18783564814817,43.16746,-79.0445,2024-09-18T04:30:29.000000Z
2024,262.1878472222222,43.16746,-79.0445,2024-09-18T04:30:30.000000Z
2024,262.18785879629627,43.16746,-79.0445,2024-09-18T04:30:31.000000Z
2024,262.1878703703704,43.16746,-79.0445,2024-09-18T04:30:32.000000Z
2024,262.1878819444444,43.16746,-79.0445,2024-09-18T04:30:33.000000Z
2024,262.18789351851854,43.16746,-79.0445,2024-09-18T04:30:34.000000Z
2024,262.1980902777778,43.16742,-79.04454,2024-09-18T04:45:15.000000Z
2024,262.19810185185185,43.16742,-79.04454,2024-09-18T04:45:16.000000Z
2024,262.19811342592595,43.16742,-79.04454,2024-09-18T04:45:17.000000Z
2024,262.198125,43.16742,-79.04454,2024-09-18T04:45:18.000000Z
2024,262.1981365740741,43.16743,-79.04454,2024-09-18T04:45:19.000000Z
2024,262.19814814814816,43.16743,-79.04454,2024-09-18T04:45:20.000000Z
2024,262.1981597222222,43.16743,-79.04454,2024-09-18T04:45:21.000000Z
2024,262.1981712962963,43.16743,-79.04454,2024-09-18T04:45:22.000000Z
2024,262.1981828703704,43.16743,-79.04454,2024-09-18T04:45:23.000000Z
2024,262.1981944444445,43.16743,-79.04454,2024-09-18T04:45:24.000000Z
2024,262.19820601851853,43.16743,-79.04454,2024-09-18T04:45:25.000000Z
2024,262.1982175925926,43.16743,-79.04454,2024-09-18T04:45:26.000000Z
2024,262.1982291666667,43.16743,-79.04454,2024-09-18T04:45:27.000000Z
2024,262.19824074074074,43.16744,-79.04454,2024-09-18T04:45:28.000000Z
2024,262.19825231481485,43.16744,-79.04454,2024-09-18T04:45:29.000000Z
2024,262.1982638888889,43.16744,-79.04453,2024-09-18T04:45:30.000000Z
2024,262.19827546296295,43.16744,-79.04453,2024-09-18T04:45:31.000000Z
2024,262.19828703703706,43.16745,-79.04453,2024-09-18T04:45:32.000000Z
2024,262.1982986111111,43.16745,-79.04453,2024-09-18T04:45:33.000000Z
2024,262.1983101851852,43.16745,-79.04453,2024-09-18T04:45:34.000000Z
2024,262.2085069444444,43.16755,-79.04459,2024-09-18T05:00:15.000000Z
2024,262.2085185185185,43.16754,-79.04459,2024-09-18T05:00:16.000000Z
2024,262.2085300925926,43.16754,-79.04459,2024-09-18T05:00:17.000000Z
2024,262.20854166666663,43.16754,-79.04459,2024-09-18T05:00:18.000000Z
2024,262.20855324074074,43.16754,-79.04459,2024-09-18T05:00:19.000000Z
2024,262.2085648148148,43.16754,-79.04459,2024-09-18T05:00:20.000000Z
2024,262.20857638888884,43.16754,-79.04459,2024-09-18T05:00:21.000000Z
2024,262.20858796296295,43.16754,-79.04459,2024-09-18T05:00:22.000000Z
2024,262.208599537037,43.16754,-79.04459,2024-09-18T05:00:23.000000Z
2024,262.2086111111111,43.16754,-79.04458,2024-09-18T05:00:24.000000Z
2024,262.20862268518516,43.16754,-79.04458,2024-09-18T05:00:25.000000Z
2024,262.2086342592592,43.16754,-79.04458,2024-09-18T05:00:26.000000Z
2024,262.2086458333333,43.16754,-79.04458,2024-09-18T05:00:27.000000Z
2024,262.2086574074074,43.16754,-79.04459,2024-09-18T05:00:28.000000Z
2024,262.2086689814815,43.16754,-79.04459,2024-09-18T05:00:29.000000Z
2024,262.20868055555553,43.16754,-79.0446,2024-09-18T05:00:30.000000Z
2024,262.2086921296296,43.16754,-79.0446,2024-09-18T05:00:31.000000Z
2024,262.2087037037037,43.16754,-79.0446,2024-09-18T05:00:32.000000Z
2024,262.20871527777774,43.16754,-79.04459,2024-09-18T05:00:33.000000Z
2024,262.20872685185185,43.16754,-79.04459,2024-09-18T05:00:34.000000Z
2024,262.21894675925927,43.1674,-79.04455,2024-09-18T05:15:17.000000Z
2024,262.2189583333333,43.1674,-79.04454,2024-09-18T05:15:18.000000Z
2024,262.2189699074074,43.1674,-79.04454,2024-09-18T05:15:19.000000Z
2024,262.21899305555553,43.16741,-79.04454,2024-09-18T05:15:21.000000Z
2024,262.21900462962964,43.16742,-79.04454,2024-09-18T05:15:22.000000Z
2024,262.2190162037037,43.16744,-79.04454,2024-09-18T05:15:23.000000Z
2024,262.2190277777778,43.16746,-79.04455,2024-09-18T05:15:24.000000Z
2024,262.21903935185185,43.16747,-79.04455,2024-09-18T05:15:25.000000Z
2024,262.2190509259259,43.16748,-79.04456,2024-09-18T05:15:26.000000Z
2024,262.2190625,43.16748,-79.04456,2024-09-18T05:15:27.000000Z
2024,262.21907407407406,43.16748,-79.04457,2024-09-18T05:15:28.000000Z
2024,262.21908564814817,43.16749,-79.04457,2024-09-18T05:15:29.000000Z
2024,262.2190972222222,43.16749,-79.04457,2024-09-18T05:15:30.000000Z
2024,262.21910879629627,43.16749,-79.04457,2024-09-18T05:15:31.000000Z
2024,262.2191203703704,43.16749,-79.04456,2024-09-18T05:15:32.000000Z
2024,262.2191319444444,43.16749,-79.04456,2024-09-18T05:15:33.000000Z
2024,262.21914351851854,43.16749,-79.04456,2024-09-18T05:15:34.000000Z
2024,262.2191550925926,43.16749,-79.04456,2024-09-18T05:15:35.000000Z
2024,262.2191666666667,43.16749,-79.04456,2024-09-18T05:15:36.000000Z
2024,262.2293634259259,43.16734,-79.04444,2024-09-18T05:30:17.000000Z
2024,262.22937499999995,43.16735,-79.04444,2024-09-18T05:30:18.000000Z
2024,262.22938657407406,43.16736,-79.04445,2024-09-18T05:30:19.000000Z
2024,262.2293981481481,43.16738,-79.04445,2024-09-18T05:30:20.000000Z
2024,262.22940972222216,43.16738,-79.04446,2024-09-18T05:30:21.000000Z
2024,262.22942129629627,43.1674,-79.04447,2024-09-18T05:30:22.000000Z
2024,262.2294328703703,43.16741,-79.04447,2024-09-18T05:30:23.000000Z
2024,262.2294444444444,43.16741,-79.04447,2024-09-18T05:30:24.000000Z
2024,262.2294560185185,43.16741,-79.04448,2024-09-18T05:30:25.000000Z
2024,262.2294675925925,43.16742,-79.04448,2024-09-18T05:30:26.000000Z
2024,262.22947916666664,43.16743,-79.04449,2024-09-18T05:30:27.000000Z
2024,262.2294907407407,43.16745,-79.0445,2024-09-18T05:30:28.000000Z
2024,262.2295023148148,43.16746,-79.04451,2024-09-18T05:30:29.000000Z
2024,262.22951388888885,43.16748,-79.04452,2024-09-18T05:30:30.000000Z
2024,262.2295254629629,43.16749,-79.04453,2024-09-18T05:30:31.000000Z
2024,262.229537037037,43.1675,-79.04453,2024-09-18T05:30:32.000000Z
2024,262.22954861111106,43.16751,-79.04454,2024-09-18T05:30:33.000000Z
2024,262.22956018518516,43.16752,-79.04454,2024-09-18T05:30:34.000000Z
2024,262.2295717592592,43.16753,-79.04455,2024-09-18T05:30:35.000000Z
2024,262.2397800925926,43.16755,-79.04457,2024-09-18T05:45:17.000000Z
2024,262.23979166666663,43.16756,-79.04457,2024-09-18T05:45:18.000000Z
2024,262.23980324074074,43.16756,-79.04457,2024-09-18T05:45:19.000000Z
2024,262.2398148148148,43.16757,-79.04457,2024-09-18T05:45:20.000000Z
2024,262.23982638888884,43.16757,-79.04456,2024-09-18T05:45:21.000000Z
2024,262.23983796296295,43.16757,-79.04456,2024-09-18T05:45:22.000000Z
2024,262.239849537037,43.16757,-79.04455,2024-09-18T05:45:23.000000Z
2024,262.2398611111111,43.16757,-79.04455,2024-09-18T05:45:24.000000Z
2024,262.23987268518516,43.16757,-79.04455,2024-09-18T05:45:25.000000Z
2024,262.2398842592592,43.16757,-79.04454,2024-09-18T05:45:26.000000Z
2024,262.2398958333333,43.16757,-79.04454,2024-09-18T05:45:27.000000Z
2024,262.2399074074074,43.16757,-79.04454,2024-09-18T05:45:28.000000Z
2024,262.2399189814815,43.16756,-79.04454,2024-09-18T05:45:29.000000Z
2024,262.23993055555553,43.16756,-79.04455,2024-09-18T05:45:30.000000Z
2024,262.2399421296296,43.16756,-79.04455,2024-09-18T05:45:31.000000Z
2024,262.23996527777774,43.16756,-79.04456,2024-09-18T05:45:33.000000Z
2024,262.23997685185185,43.16756,-79.04457,2024-09-18T05:45:34.000000Z
2024,262.2399884259259,43.16755,-79.04457,2024-09-18T05:45:35.000000Z
2024,262.25019675925927,43.16751,-79.04451,2024-09-18T06:00:17.000000Z
2024,262.2502199074074,43.16753,-79.04452,2024-09-18T06:00:19.000000Z
2024,262.2502314814815,43.16754,-79.04453,2024-09-18T06:00:20.000000Z
2024,262.25024305555553,43.16754,-79.04453,2024-09-18T06:00:21.000000Z
2024,262.25025462962964,43.16754,-79.04453,2024-09-18T06:00:22.000000Z
2024,262.2502662037037,43.16755,-79.04453,2024-09-18T06:00:23.000000Z
2024,262.2502777777778,43.16755,-79.04453,2024-09-18T06:00:24.000000Z
2024,262.25028935185185,43.16755,-79.04453,2024-09-18T06:00:25.000000Z
2024,262.2503009259259,43.16755,-79.04454,2024-09-18T06:00:26.000000Z
2024,262.2503125,43.16755,-79.04454,2024-09-18T06:00:27.000000Z
2024,262.25032407407406,43.16754,-79.04454,2024-09-18T06:00:28.000000Z
2024,262.25033564814817,43.16754,-79.04454,2024-09-18T06:00:29.000000Z
2024,262.2503472222222,43.16754,-79.04454,2024-09-18T06:00:30.000000Z
2024,262.25035879629627,43.16754,-79.04454,2024-09-18T06:00:31.000000Z
2024,262.2503703703704,43.16754,-79.04454,2024-09-18T06:00:32.000000Z
2024,262.2503819444444,43.16754,-79.04454,2024-09-18T06:00:33.000000Z
2024,262.25039351851854,43.16753,-79.04454,2024-09-18T06:00:34.000000Z
2024,262.2504050925926,43.16753,-79.04454,2024-09-18T06:00:35.000000Z
2024,262.2504166666667,43.16753,-79.04454,2024-09-18T06:00:36.000000Z
2024,262.26061342592595,43.16747,-79.04453,2024-09-18T06:15:17.000000Z
2024,262.260625,43.16747,-79.04454,2024-09-18T06:15:18.000000Z
2024,262.2606365740741,43.16749,-79.04454,2024-09-18T06:15:19.000000Z
2024,262.26064814814816,43.16749,-79.04454,2024-09-18T06:15:20.000000Z
2024,262.2606597222222,43.16748,-79.04454,2024-09-18T06:15:21.000000Z
2024,262.2606712962963,43.16748,-79.04454,2024-09-18T06:15:22.000000Z
2024,262.2606828703704,43.16748,-79.04454,2024-09-18T06:15:23.000000Z
2024,262.2606944444445,43.16749,-79.04454,2024-09-18T06:15:24.000000Z
2024,262.26070601851853,43.1675,-79.04455,2024-09-18T06:15:25.000000Z
2024,262.2607175925926,43.1675,-79.04455,2024-09-18T06:15:26.000000Z
2024,262.2607291666667,43.16751,-79.04456,2024-09-18T06:15:27.000000Z
2024,262.26074074074074,43.16751,-79.04456,2024-09-18T06:15:28.000000Z
2024,262.26075231481485,43.16751,-79.04456,2024-09-18T06:15:29.000000Z
2024,262.2607638888889,43.16751,-79.04456,2024-09-18T06:15:30.000000Z
2024,262.26077546296295,43.16753,-79.04457,2024-09-18T06:15:31.000000Z
2024,262.2607986111111,43.16752,-79.04456,2024-09-18T06:15:33.000000Z
2024,262.2608101851852,43.1675,-79.04454,2024-09-18T06:15:34.000000Z
2024,262.2608217592593,43.1675,-79.04454,2024-09-18T06:15:35.000000Z
2024,262.2608333333334,43.16749,-79.04454,2024-09-18T06:15:36.000000Z
2024,262.26084490740743,43.16748,-79.04454,2024-09-18T06:15:37.000000Z
2024,262.2710300925926,43.16758,-79.04466,2024-09-18T06:30:17.000000Z
2024,262.27104166666663,43.16756,-79.04465,2024-09-18T06:30:18.000000Z
2024,262.27105324074074,43.16755,-79.04465,2024-09-18T06:30:19.000000Z
2024,262.2710648148148,43.16754,-79.04465,2024-09-18T06:30:20.000000Z
2024,262.27107638888884,43.16754,-79.04465,2024-09-18T06:30:21.000000Z
2024,262.27108796296295,43.16753,-79.04464,2024-09-18T06:30:22.000000Z
2024,262.271099537037,43.16753,-79.04464,2024-09-18T06:30:23.000000Z
2024,262.2711111111111,43.16753,-79.04464,2024-09-18T06:30:24.000000Z
2024,262.27112268518516,43.16753,-79.04463,2024-09-18T06:30:25.000000Z
2024,262.2711342592592,43.16754,-79.04463,2024-09-18T06:30:26.000000Z
2024,262.2711458333333,43.16754,-79.04462,2024-09-18T06:30:27.000000Z
2024,262.2711574074074,43.16754,-79.04462,2024-09-18T06:30:28.000000Z
2024,262.2711689814815,43.16754,-79.04462,2024-09-18T06:30:29.000000Z
2024,262.27118055555553,43.16754,-79.04461,2024-09-18T06:30:30.000000Z
2024,262.2711921296296,43.16754,-79.04461,2024-09-18T06:30:31.000000Z
2024,262.2712037037037,43.16756,-79.0446,2024-09-18T06:30:32.000000Z
2024,262.27121527777774,43.16756,-79.0446,2024-09-18T06:30:33.000000Z
2024,262.27122685185185,43.16756,-79.0446,2024-09-18T06:30:34.000000Z
2024,262.2712384259259,43.16756,-79.0446,2024-09-18T06:30:35.000000Z
2024,262.27125,43.16756,-79.0446,2024-09-18T06:30:36.000000Z
2024,262.28144675925927,43.16741,-79.04444,2024-09-18T06:45:17.000000Z
2024,262.2814583333333,43.16741,-79.04444,2024-09-18T06:45:18.000000Z
2024,262.2814699074074,43.1674,-79.04445,2024-09-18T06:45:19.000000Z
2024,262.2814814814815,43.1674,-79.04447,2024-09-18T06:45:20.000000Z
2024,262.28149305555553,43.16741,-79.04449,2024-09-18T06:45:21.000000Z
2024,262.28150462962964,43.16741,-79.04451,2024-09-18T06:45:22.000000Z
2024,262.2815162037037,43.16741,-79.04454,2024-09-18T06:45:23.000000Z
2024,262.2815277777778,43.16742,-79.04455,2024-09-18T06:45:24.000000Z
2024,262.28153935185185,43.16743,-79.04457,2024-09-18T06:45:25.000000Z
2024,262.2815509259259,43.16744,-79.04458,2024-09-18T06:45:26.000000Z
2024,262.2815625,43.16743,-79.0446,2024-09-18T06:45:27.000000Z
2024,262.28157407407406,43.16743,-79.04462,2024-09-18T06:45:28.000000Z
2024,262.28158564814817,43.16743,-79.04464,2024-09-18T06:45:29.000000Z
2024,262.2815972222222,43.16742,-79.04466,2024-09-18T06:45:30.000000Z
2024,262.28160879629627,43.16742,-79.04467,2024-09-18T06:45:31.000000Z
2024,262.2816203703704,43.16742,-79.04467,2024-09-18T06:45:32.000000Z
2024,262.2816319444444,43.16742,-79.04467,2024-09-18T06:45:33.000000Z
2024,262.28164351851854,43.16742,-79.04468,2024-09-18T06:45:34.000000Z
2024,262.2816550925926,43.16742,-79.04468,2024-09-18T06:45:35.000000Z
2024,262.2816666666667,43.16743,-79.04468,2024-09-18T06:45:36.000000Z
2024,262.29186342592595,43.16753,-79.04458,2024-09-18T07:00:17.000000Z
2024,262.291875,43.16753,-79.04458,2024-09-18T07:00:18.000000Z
2024,262.2918865740741,43.16754,-79.04459,2024-09-18T07:00:19.000000Z
2024,262.29189814814816,43.16755,-79.04459,2024-09-18T07:00:20.000000Z
2024,262.2919097222222,43.16756,-79.0446,2024-09-18T07:00:21.000000Z
2024,262.2919212962963,43.16756,-79.0446,2024-09-18T07:00:22.000000Z
2024,262.2919328703704,43.16757,-79.0446,2024-09-18T07:00:23.000000Z
2024,262.2919444444445,43.16757,-79.0446,2024-09-18T07:00:24.000000Z
2024,262.29195601851853,43.16758,-79.0446,2024-09-18T07:00:25.000000Z
2024,262.2919675925926,43.16758,-79.0446,2024-09-18T07:00:26.000000Z
2024,262.2919791666667,43.16758,-79.0446,2024-09-18T07:00:27.000000Z
2024,262.29199074074074,43.16759,-79.04459,2024-09-18T07:00:28.000000Z
2024,262.29200231481485,43.16759,-79.04459,2024-09-18T07:00:29.000000Z
2024,262.2920138888889,43.16759,-79.04459,2024-09-18T07:00:30.000000Z
2024,262.29202546296295,43.16759,-79.0446,2024-09-18T07:00:31.000000Z
2024,262.29203703703706,43.16759,-79.0446,2024-09-18T07:00:32.000000Z
2024,262.2920486111111,43.16759,-79.04461,2024-09-18T07:00:33.000000Z
2024,262.2920601851852,43.16759,-79.04461,2024-09-18T07:00:34.000000Z
2024,262.2920717592593,43.16758,-79.0446,2024-09-18T07:00:35.000000Z
2024,262.2920833333334,43.16757,-79.0446,2024-09-18T07:00:36.000000Z
2024,262.30228009259264,43.16744,-79.04439,2024-09-18T07:15:17.000000Z
2024,262.3022916666667,43.16745,-79.04439,2024-09-18T07:15:18.000000Z
2024,262.3023032407408,43.16745,-79.04439,2024-09-18T07:15:19.000000Z
2024,262.30231481481485,43.16745,-79.04438,2024-09-18T07:15:20.000000Z
2024,262.3023263888889,43.16745,-79.04439,2024-09-18T07:15:21.000000Z
2024,262.302337962963,43.16745,-79.04439,2024-09-18T07:15:22.000000Z
2024,262.30234953703706,43.16746,-79.0444,2024-09-18T07:15:23.000000Z
2024,262.30236111111117,43.16746,-79.0444,2024-09-18T07:15:24.000000Z
2024,262.3023726851852,43.16746,-79.0444,2024-09-18T07:15:25.000000Z
2024,262.30238425925927,43.16745,-79.04439,2024-09-18T07:15:26.000000Z
2024,262.3023958333334,43.16745,-79.04439,2024-09-18T07:15:27.000000Z
2024,262.30240740740743,43.16745,-79.04439,2024-09-18T07:15:28.000000Z
2024,262.30241898148154,43.16745,-79.04438,2024-09-18T07:15:29.000000Z
2024,262.3024305555556,43.16745,-79.04438,2024-09-18T07:15:30.000000Z
2024,262.30244212962964,43.16744,-79.04438,2024-09-18T07:15:31.000000Z
2024,262.30245370370375,43.16744,-79.04438,2024-09-18T07:15:32.000000Z
2024,262.3024652777778,43.16744,-79.04438,2024-09-18T07:15:33.000000Z
2024,262.3024768518519,43.16744,-79.04438,2024-09-18T07:15:34.000000Z
2024,262.30248842592596,43.16744,-79.04438,2024-09-18T07:15:35.000000Z
2024,262.31269675925927,43.16752,-79.04462,2024-09-18T07:30:17.000000Z
2024,262.3127083333333,43.16752,-79.0446,2024-09-18T07:30:18.000000Z
2024,262.3127199074074,43.16752,-79.0446,2024-09-18T07:30:19.000000Z
2024,262.3127314814815,43.16752,-79.04458,2024-09-18T07:30:20.000000Z
2024,262.31274305555553,43.16751,-79.04457,2024-09-18T07:30:21.000000Z
2024,262.31275462962964,43.16751,-79.04456,2024-09-18T07:30:22.000000Z
2024,262.3127662037037,43.16751,-79.04457,2024-09-18T07:30:23.000000Z
2024,262.3127777777778,43.16751,-79.04456,2024-09-18T07:30:24.000000Z
2024,262.31278935185185,43.16751,-79.04456,2024-09-18T07:30:25.000000Z
2024,262.3128009259259,43.16751,-79.04455,2024-09-18T07:30:26.000000Z
2024,262.3128125,43.16751,-79.04454,2024-09-18T07:30:27.000000Z
2024,262.31282407407406,43.16751,-79.04454,2024-09-18T07:30:28.000000Z
2024,262.31283564814817,43.16751,-79.04453,2024-09-18T07:30:29.000000Z
2024,262.3128472222222,43.16751,-79.04453,2024-09-18T07:30:30.000000Z
2024,262.31285879629627,43.16751,-79.04453,2024-09-18T07:30:31.000000Z
2024,262.3128703703704,43.16751,-79.04453,2024-09-18T07:30:32.000000Z
2024,262.3128819444444,43.16751,-79.04453,2024-09-18T07:30:33.000000Z
2024,262.31289351851854,43.16751,-79.04453,2024-09-18T07:30:34.000000Z
2024,262.3129050925926,43.16751,-79.04453,2024-09-18T07:30:35.000000Z
2024,262.3129166666667,43.16751,-79.04453,2024-09-18T07:30:36.000000Z
2024,262.32311342592595,43.16759,-79.0447,2024-09-18T07:45:17.000000Z
2024,262.323125,43.16759,-79.0447,2024-09-18T07:45:18.000000Z
2024,262.3231365740741,43.16759,-79.0447,2024-09-18T07:45:19.000000Z
2024,262.32314814814816,43.16759,-79.0447,2024-09-18T07:45:20.000000Z
2024,262.3231597222222,43.16759,-79.0447,2024-09-18T07:45:21.000000Z
2024,262.3231712962963,43.16759,-79.0447,2024-09-18T07:45:22.000000Z
2024,262.3231828703704,43.16759,-79.0447,2024-09-18T07:45:23.000000Z
2024,262.3231944444445,43.16759,-79.0447,2024-09-18T07:45:24.000000Z
2024,262.32320601851853,43.16759,-79.04469,2024-09-18T07:45:25.000000Z
2024,262.3232175925926,43.16758,-79.04467,2024-09-18T07:45:26.000000Z
2024,262.3232291666667,43.16757,-79.04467,2024-09-18T07:45:27.000000Z
2024,262.32324074074074,43.16757,-79.04467,2024-09-18T07:45:28.000000Z
2024,262.32325231481485,43.16757,-79.04467,2024-09-18T07:45:29.000000Z
2024,262.3232638888889,43.16757,-79.04467,2024-09-18T07:45:30.000000Z
2024,262.32327546296295,43.16754,-79.04463,2024-09-18T07:45:31.000000Z
2024,262.32328703703706,43.16752,-79.04462,2024-09-18T07:45:32.000000Z
2024,262.3232986111111,43.16751,-79.0446,2024-09-18T07:45:33.000000Z
2024,262.3233101851852,43.1675,-79.0446,2024-09-18T07:45:34.000000Z
2024,262.3233217592593,43.16749,-79.04459,2024-09-18T07:45:35.000000Z
2024,262.3233333333334,43.16748,-79.04457,2024-09-18T07:45:36.000000Z
2024,262.3335300925926,43.16755,-79.04449,2024-09-18T08:00:17.000000Z
2024,262.33354166666663,43.16755,-79.04449,2024-09-18T08:00:18.000000Z
2024,262.33355324074074,43.16754,-79.04449,2024-09-18T08:00:19.000000Z
2024,262.3335648148148,43.16754,-79.04449,2024-09-18T08:00:20.000000Z
2024,262.33357638888884,43.16754,-79.0445,2024-09-18T08:00:21.000000Z
2024,262.33358796296295,43.16754,-79.0445,2024-09-18T08:00:22.000000Z
2024,262.333599537037,43.16754,-79.0445,2024-09-18T08:00:23.000000Z
2024,262.3336111111111,43.16754,-79.0445,2024-09-18T08:00:24.000000Z
2024,262.33362268518516,43.16754,-79.0445,2024-09-18T08:00:25.000000Z
2024,262.3336342592592,43.16754,-79.0445,2024-09-18T08:00:26.000000Z
2024,262.3336458333333,43.16754,-79.04449,2024-09-18T08:00:27.000000Z
2024,262.3336574074074,43.16754,-79.04449,2024-09-18T08:00:28.000000Z
2024,262.3336689814815,43.16754,-79.04449,2024-09-18T08:00:29.000000Z
2024,262.33368055555553,43.16754,-79.0445,2024-09-18T08:00:30.000000Z
2024,262.3336921296296,43.16755,-79.0445,2024-09-18T08:00:31.000000Z
2024,262.3337037037037,43.16754,-79.0445,2024-09-18T08:00:32.000000Z
2024,262.33371527777774,43.16754,-79.0445,2024-09-18T08:00:33.000000Z
2024,262.33372685185185,43.16754,-79.0445,2024-09-18T08:00:34.000000Z
2024,262.3337384259259,43.16755,-79.0445,2024-09-18T08:00:35.000000Z
2024,262.33375,43.16755,-79.0445,2024-09-18T08:00:36.000000Z
2024,262.34394675925927,43.16756,-79.04454,2024-09-18T08:15:17.000000Z
2024,262.3439583333333,43.16756,-79.04454,2024-09-18T08:15:18.000000Z
2024,262.3439699074074,43.16756,-79.04454,2024-09-18T08:15:19.000000Z
2024,262.3439814814815,43.16756,-79.04454,2024-09-18T08:15:20.000000Z
2024,262.34399305555553,43.16755,-79.04453,2024-09-18T08:15:21.000000Z
2024,262.34400462962964,43.16754,-79.04452,2024-09-18T08:15:22.000000Z
2024,262.3440162037037,43.16754,-79.04451,2024-09-18T08:15:23.000000Z
2024,262.3440277777778,43.16754,-79.04451,2024-09-18T08:15:24.000000Z
2024,262.34403935185185,43.16753,-79.04451,2024-09-18T08:15:25.000000Z
2024,262.3440509259259,43.16753,-79.0445,2024-09-18T08:15:26.000000Z
2024,262.3440625,43.16753,-79.0445,2024-09-18T08:15:27.000000Z
2024,262.34407407407406,43.16753,-79.0445,2024-09-18T08:15:28.000000Z
2024,262.34408564814817,43.16753,-79.0445,2024-09-18T08:15:29.000000Z
2024,262.3440972222222,43.16752,-79.0445,2024-09-18T08:15:30.000000Z
2024,262.34410879629627,43.16752,-79.0445,2024-09-18T08:15:31.000000Z
2024,262.3441203703704,43.16752,-79.04449,2024-09-18T08:15:32.000000Z
2024,262.3441319444444,43.16752,-79.04449,2024-09-18T08:15:33.000000Z
2024,262.34414351851854,43.16752,-79.04448,2024-09-18T08:15:34.000000Z
2024,262.3441550925926,43.16752,-79.04448,2024-09-18T08:15:35.000000Z
2024,262.3543634259259,43.16753,-79.04452,2024-09-18T08:30:17.000000Z
2024,262.35437499999995,43.16752,-79.04451,2024-09-18T08:30:18.000000Z
2024,262.35438657407406,43.16752,-79.0445,2024-09-18T08:30:19.000000Z
2024,262.3543981481481,43.16752,-79.0445,2024-09-18T08:30:20.000000Z
2024,262.35440972222216,43.16753,-79.04449,2024-09-18T08:30:21.000000Z
2024,262.35442129629627,43.16752,-79.04449,2024-09-18T08:30:22.000000Z
2024,262.3544328703703,43.16752,-79.04449,2024-09-18T08:30:23.000000Z
2024,262.3544444444444,43.16752,-79.04448,2024-09-18T08:30:24.000000Z
2024,262.3544560185185,43.16752,-79.04448,2024-09-18T08:30:25.000000Z
2024,262.3544675925925,43.16751,-79.04448,2024-09-18T08:30:26.000000Z
2024,262.35447916666664,43.16751,-79.04448,2024-09-18T08:30:27.000000Z
2024,262.3544907407407,43.16751,-79.04448,2024-09-18T08:30:28.000000Z
2024,262.3545023148148,43.16751,-79.04448,2024-09-18T08:30:29.000000Z
2024,262.35451388888885,43.16751,-79.04448,2024-09-18T08:30:30.000000Z
2024,262.3545254629629,43.16751,-79.04448,2024-09-18T08:30:31.000000Z
2024,262.354537037037,43.16751,-79.04449,2024-09-18T08:30:32.000000Z
2024,262.35454861111106,43.1675,-79.04449,2024-09-18T08:30:33.000000Z
2024,262.35456018518516,43.1675,-79.04449,2024-09-18T08:30:34.000000Z
2024,262.3545717592592,43.16749,-79.04449,2024-09-18T08:30:35.000000Z
2024,262.3545833333333,43.16749,-79.04449,2024-09-18T08:30:36.000000Z
2024,262.3647800925926,43.16744,-79.0444,2024-09-18T08:45:17.000000Z
2024,262.36479166666663,43.16743,-79.0444,2024-09-18T08:45:18.000000Z
2024,262.36480324074074,43.16743,-79.0444,2024-09-18T08:45:19.000000Z
2024,262.3648148148148,43.16744,-79.0444,2024-09-18T08:45:20.000000Z
2024,262.36482638888884,43.16744,-79.04441,2024-09-18T08:45:21.000000Z
2024,262.36483796296295,43.16744,-79.04441,2024-09-18T08:45:22.000000Z
2024,262.364849537037,43.16744,-79.04441,2024-09-18T08:45:23.000000Z
2024,262.3648611111111,43.16743,-79.04442,2024-09-18T08:45:24.000000Z
2024,262.36487268518516,43.16743,-79.04442,2024-09-18T08:45:25.000000Z
2024,262.3648842592592,43.16743,-79.04442,2024-09-18T08:45:26.000000Z
2024,262.3648958333333,43.16743,-79.04442,2024-09-18T08:45:27.000000Z
2024,262.3649074074074,43.16743,-79.04443,2024-09-18T08:45:28.000000Z
2024,262.3649189814815,43.16742,-79.04443,2024-09-18T08:45:29.000000Z
2024,262.36493055555553,43.16742,-79.04443,2024-09-18T08:45:30.000000Z
2024,262.3649421296296,43.16743,-79.04444,2024-09-18T08:45:31.000000Z
2024,262.3649537037037,43.16743,-79.04444,2024-09-18T08:45:32.000000Z
2024,262.36496527777774,43.16743,-79.04444,2024-09-18T08:45:33.000000Z
2024,262.36497685185185,43.16744,-79.04444,2024-09-18T08:45:34.000000Z
2024,262.3649884259259,43.16744,-79.04445,2024-09-18T08:45:35.000000Z
2024,262.365,43.16744,-79.04446,2024-09-18T08:45:36.000000Z
2024,262.37518518518516,43.16759,-79.04462,2024-09-18T09:00:16.000000Z
2024,262.37519675925927,43.16758,-79.04462,2024-09-18T09:00:17.000000Z
2024,262.3752083333333,43.16759,-79.04462,2024-09-18T09:00:18.000000Z
2024,262.3752199074074,43.16759,-79.04462,2024-09-18T09:00:19.000000Z
2024,262.3752314814815,43.16759,-79.04462,2024-09-18T09:00:20.000000Z
2024,262.37524305555553,43.16759,-79.04462,2024-09-18T09:00:21.000000Z
2024,262.37525462962964,43.16759,-79.04462,2024-09-18T09:00:22.000000Z
2024,262.3752662037037,43.16758,-79.04462,2024-09-18T09:00:23.000000Z
2024,262.3752777777778,43.16758,-79.04462,2024-09-18T09:00:24.000000Z
2024,262.37528935185185,43.16757,-79.04462,2024-09-18T09:00:25.000000Z
2024,262.3753009259259,43.16757,-79.04462,2024-09-18T09:00:26.000000Z
2024,262.3753125,43.16756,-79.04463,2024-09-18T09:00:27.000000Z
2024,262.37532407407406,43.16756,-79.04463,2024-09-18T09:00:28.000000Z
2024,262.37533564814817,43.16754,-79.04463,2024-09-18T09:00:29.000000Z
2024,262.3753472222222,43.16754,-79.04463,2024-09-18T09:00:30.000000Z
2024,262.37535879629627,43.16753,-79.04463,2024-09-18T09:00:31.000000Z
2024,262.3753703703704,43.16753,-79.04463,2024-09-18T09:00:32.000000Z
2024,262.3753819444444,43.16752,-79.04463,2024-09-18T09:00:33.000000Z
2024,262.37539351851854,43.16751,-79.04462,2024-09-18T09:00:34.000000Z
2024,262.3754050925926,43.16751,-79.04462,2024-09-18T09:00:35.000000Z
2024,262.38560185185185,43.16754,-79.04462,2024-09-18T09:15:16.000000Z
2024,262.38561342592595,43.16755,-79.04463,2024-09-18T09:15:17.000000Z
2024,262.385625,43.16755,-79.04462,2024-09-18T09:15:18.000000Z
2024,262.3856365740741,43.16756,-79.04462,2024-09-18T09:15:19.000000Z
2024,262.38564814814816,43.16756,-79.04462,2024-09-18T09:15:20.000000Z
2024,262.3856597222222,43.16756,-79.04462,2024-09-18T09:15:21.000000Z
2024,262.3856712962963,43.16756,-79.04461,2024-09-18T09:15:22.000000Z
2024,262.3856828703704,43.16757,-79.04461,2024-09-18T09:15:23.000000Z
2024,262.3856944444445,43.16757,-79.04461,2024-09-18T09:15:24.000000Z
2024,262.38570601851853,43.16757,-79.0446,2024-09-18T09:15:25.000000Z
2024,262.3857175925926,43.16756,-79.0446,2024-09-18T09:15:26.000000Z
2024,262.3857291666667,43.16757,-79.0446,2024-09-18T09:15:27.000000Z
2024,262.38574074074074,43.16757,-79.0446,2024-09-18T09:15:28.000000Z
2024,262.38575231481485,43.16757,-79.0446,2024-09-18T09:15:29.000000Z
2024,262.3857638888889,43.16757,-79.0446,2024-09-18T09:15:30.000000Z
2024,262.38577546296295,43.16758,-79.0446,2024-09-18T09:15:31.000000Z
2024,262.38578703703706,43.16758,-79.0446,2024-09-18T09:15:32.000000Z
2024,262.3857986111111,43.16758,-79.0446,2024-09-18T09:15:33.000000Z
2024,262.3858101851852,43.16757,-79.04459,2024-09-18T09:15:34.000000Z
2024,262.3858217592593,43.16757,-79.04459,2024-09-18T09:15:35.000000Z
2024,262.3960185185185,43.16748,-79.04464,2024-09-18T09:30:16.000000Z
2024,262.3960300925926,43.16748,-79.04463,2024-09-18T09:30:17.000000Z
2024,262.39604166666663,43.16749,-79.04463,2024-09-18T09:30:18.000000Z
2024,262.39605324074074,43.16749,-79.04463,2024-09-18T09:30:19.000000Z
2024,262.3960648148148,43.1675,-79.04462,2024-09-18T09:30:20.000000Z
2024,262.39608796296295,43.16752,-79.04462,2024-09-18T09:30:22.000000Z
2024,262.396099537037,43.16753,-79.04461,2024-09-18T09:30:23.000000Z
2024,262.3961111111111,43.16753,-79.0446,2024-09-18T09:30:24.000000Z
2024,262.39612268518516,43.16753,-79.0446,2024-09-18T09:30:25.000000Z
2024,262.3961342592592,43.16754,-79.0446,2024-09-18T09:30:26.000000Z
2024,262.3961458333333,43.16754,-79.04459,2024-09-18T09:30:27.000000Z
2024,262.3961574074074,43.16754,-79.04459,2024-09-18T09:30:28.000000Z
2024,262.3961689814815,43.16753,-79.04458,2024-09-18T09:30:29.000000Z
2024,262.39618055555553,43.16752,-79.04458,2024-09-18T09:30:30.000000Z
2024,262.3961921296296,43.16751,-79.04457,2024-09-18T09:30:31.000000Z
2024,262.3962037037037,43.1675,-79.04457,2024-09-18T09:30:32.000000Z
2024,262.39621527777774,43.1675,-79.04457,2024-09-18T09:30:33.000000Z
2024,262.39622685185185,43.16749,-79.04456,2024-09-18T09:30:34.000000Z
2024,262.3962384259259,43.16748,-79.04455,2024-09-18T09:30:35.000000Z
2024,262.40643518518516,43.16741,-79.04455,2024-09-18T09:45:16.000000Z
2024,262.40644675925927,43.16741,-79.04455,2024-09-18T09:45:17.000000Z
2024,262.4064583333333,43.16741,-79.04455,2024-09-18T09:45:18.000000Z
2024,262.4064699074074,43.16741,-79.04455,2024-09-18T09:45:19.000000Z
2024,262.4064814814815,43.16742,-79.04455,2024-09-18T09:45:20.000000Z
2024,262.40649305555553,43.16743,-79.04455,2024-09-18T09:45:21.000000Z
2024,262.40650462962964,43.16744,-79.04455,2024-09-18T09:45:22.000000Z
2024,262.4065162037037,43.16744,-79.04455,2024-09-18T09:45:23.000000Z
2024,262.4065277777778,43.16744,-79.04455,2024-09-18T09:45:24.000000Z
2024,262.40653935185185,43.16745,-79.04455,2024-09-18T09:45:25.000000Z
2024,262.4065509259259,43.16745,-79.04456,2024-09-18T09:45:26.000000Z
2024,262.4065625,43.16746,-79.04457,2024-09-18T09:45:27.000000Z
2024,262.40657407407406,43.16747,-79.04457,2024-09-18T09:45:28.000000Z
2024,262.40658564814817,43.16748,-79.04457,2024-09-18T09:45:29.000000Z
2024,262.4065972222222,43.16748,-79.04457,2024-09-18T09:45:30.000000Z
2024,262.40660879629627,43.16749,-79.04457,2024-09-18T09:45:31.000000Z
2024,262.4066203703704,43.16749,-79.04457,2024-09-18T09:45:32.000000Z
2024,262.4066319444444,43.16749,-79.04457,2024-09-18T09:45:33.000000Z
2024,262.40664351851854,43.16749,-79.04458,2024-09-18T09:45:34.000000Z
2024,262.41685185185185,43.16762,-79.04466,2024-09-18T10:00:16.000000Z
2024,262.41686342592595,43.16761,-79.04463,2024-09-18T10:00:17.000000Z
2024,262.416875,43.16759,-79.0446,2024-09-18T10:00:18.000000Z
2024,262.4168865740741,43.16759,-79.0446,2024-09-18T10:00:19.000000Z
2024,262.41689814814816,43.1676,-79.04462,2024-09-18T10:00:20.000000Z
2024,262.4169097222222,43.16761,-79.04463,2024-09-18T10:00:21.000000Z
2024,262.4169212962963,43.16761,-79.04463,2024-09-18T10:00:22.000000Z
2024,262.4169328703704,43.16761,-79.04463,2024-09-18T10:00:23.000000Z
2024,262.4169444444445,43.1676,-79.04463,2024-09-18T10:00:24.000000Z
2024,262.41695601851853,43.16759,-79.04463,2024-09-18T10:00:25.000000Z
2024,262.4169675925926,43.16759,-79.04462,2024-09-18T10:00:26.000000Z
2024,262.4169791666667,43.16758,-79.04462,2024-09-18T10:00:27.000000Z
2024,262.41699074074074,43.16758,-79.04463,2024-09-18T10:00:28.000000Z
2024,262.41700231481485,43.16757,-79.04463,2024-09-18T10:00:29.000000Z
2024,262.4170138888889,43.16757,-79.04462,2024-09-18T10:00:30.000000Z
2024,262.41702546296295,43.16756,-79.04462,2024-09-18T10:00:31.000000Z
2024,262.41703703703706,43.16756,-79.04461,2024-09-18T10:00:32.000000Z
2024,262.4170601851852,43.16755,-79.04461,2024-09-18T10:00:34.000000Z
2024,262.4170717592593,43.16755,-79.04462,2024-09-18T10:00:35.000000Z
2024,262.42728009259264,43.1673,-79.04446,2024-09-18T10:15:17.000000Z
2024,262.4272916666667,43.1673,-79.04445,2024-09-18T10:15:18.000000Z
2024,262.4273032407408,43.16732,-79.04446,2024-09-18T10:15:19.000000Z
2024,262.42731481481485,43.16733,-79.04446,2024-09-18T10:15:20.000000Z
2024,262.4273263888889,43.16735,-79.04447,2024-09-18T10:15:21.000000Z
2024,262.427337962963,43.16736,-79.04447,2024-09-18T10:15:22.000000Z
2024,262.42734953703706,43.16737,-79.04447,2024-09-18T10:15:23.000000Z
2024,262.42736111111117,43.16738,-79.04447,2024-09-18T10:15:24.000000Z
2024,262.4273726851852,43.16738,-79.04448,2024-09-18T10:15:25.000000Z
2024,262.42738425925927,43.1674,-79.04449,2024-09-18T10:15:26.000000Z
2024,262.4273958333334,43.16741,-79.0445,2024-09-18T10:15:27.000000Z
2024,262.42740740740743,43.16742,-79.0445,2024-09-18T10:15:28.000000Z
2024,262.42741898148154,43.16743,-79.0445,2024-09-18T10:15:29.000000Z
2024,262.4274305555556,43.16744,-79.04451,2024-09-18T10:15:30.000000Z
2024,262.42744212962964,43.16745,-79.04452,2024-09-18T10:15:31.000000Z
2024,262.42745370370375,43.16745,-79.04453,2024-09-18T10:15:32.000000Z
2024,262.4274652777778,43.16745,-79.04453,2024-09-18T10:15:33.000000Z
2024,262.4274768518519,43.16746,-79.04454,2024-09-18T10:15:34.000000Z
2024,262.42748842592596,43.16746,-79.04454,2024-09-18T10:15:35.000000Z
2024,262.42750000000007,43.16746,-79.04454,2024-09-18T10:15:36.000000Z
2024,262.43768518518516,43.16743,-79.0445,2024-09-18T10:30:16.000000Z
2024,262.43769675925927,43.16739,-79.04447,2024-09-18T10:30:17.000000Z
2024,262.4377199074074,43.16748,-79.04455,2024-09-18T10:30:19.000000Z
2024,262.4377314814815,43.16749,-79.04457,2024-09-18T10:30:20.000000Z
2024,262.43774305555553,43.16751,-79.04458,2024-09-18T10:30:21.000000Z
2024,262.43775462962964,43.16751,-79.04459,2024-09-18T10:30:22.000000Z
2024,262.4377662037037,43.16752,-79.0446,2024-09-18T10:30:23.000000Z
2024,262.4377777777778,43.16753,-79.04461,2024-09-18T10:30:24.000000Z
2024,262.43778935185185,43.16754,-79.04461,2024-09-18T10:30:25.000000Z
2024,262.4378009259259,43.16754,-79.04461,2024-09-18T10:30:26.000000Z
2024,262.4378125,43.16754,-79.04462,2024-09-18T10:30:27.000000Z
2024,262.43782407407406,43.16755,-79.04462,2024-09-18T10:30:28.000000Z
2024,262.43783564814817,43.16756,-79.04462,2024-09-18T10:30:29.000000Z
2024,262.4378472222222,43.16756,-79.04462,2024-09-18T10:30:30.000000Z
2024,262.43785879629627,43.16754,-79.04458,2024-09-18T10:30:31.000000Z
2024,262.4378703703704,43.16754,-79.04457,2024-09-18T10:30:32.000000Z
2024,262.4378819444444,43.16753,-79.04457,2024-09-18T10:30:33.000000Z
2024,262.43789351851854,43.16753,-79.04457,2024-09-18T10:30:34.000000Z
2024,262.4379050925926,43.16752,-79.04457,2024-09-18T10:30:35.000000Z
2024,262.44811342592595,43.1675,-79.04453,2024-09-18T10:45:17.000000Z
2024,262.448125,43.1675,-79.04453,2024-09-18T10:45:18.000000Z
2024,262.4481365740741,43.1675,-79.04454,2024-09-18T10:45:19.000000Z
2024,262.44814814814816,43.1675,-79.04453,2024-09-18T10:45:20.000000Z
2024,262.4481597222222,43.16749,-79.04453,2024-09-18T10:45:21.000000Z
2024,262.4481712962963,43.16749,-79.04453,2024-09-18T10:45:22.000000Z
2024,262.4481828703704,43.16749,-79.04453,2024-09-18T10:45:23.000000Z
2024,262.4481944444445,43.16749,-79.04453,2024-09-18T10:45:24.000000Z
2024,262.44820601851853,43.16749,-79.04453,2024-09-18T10:45:25.000000Z
2024,262.4482175925926,43.16749,-79.04453,2024-09-18T10:45:26.000000Z
2024,262.4482291666667,43.16749,-79.04453,2024-09-18T10:45:27.000000Z
2024,262.44824074074074,43.16749,-79.04453,2024-09-18T10:45:28.000000Z
2024,262.44825231481485,43.16749,-79.04453,2024-09-18T10:45:29.000000Z
2024,262.4482638888889,43.16749,-79.04453,2024-09-18T10:45:30.000000Z
2024,262.44827546296295,43.16749,-79.04453,2024-09-18T10:45:31.000000Z
2024,262.44828703703706,43.16749,-79.04453,2024-09-18T10:45:32.000000Z
2024,262.4482986111111,43.16749,-79.04453,2024-09-18T10:45:33.000000Z
2024,262.4483101851852,43.16749,-79.04453,2024-09-18T10:45:34.000000Z
2024,262.4483217592593,43.16749,-79.04453,2024-09-18T10:45:35.000000Z
2024,262.4585185185185,43.16744,-79.04462,2024-09-18T11:00:16.000000Z
2024,262.4585300925926,43.16744,-79.04463,2024-09-18T11:00:17.000000Z
2024,262.45854166666663,43.16744,-79.04463,2024-09-18T11:00:18.000000Z
2024,262.45855324074074,43.16745,-79.04463,2024-09-18T11:00:19.000000Z
2024,262.4585648148148,43.16746,-79.04463,2024-09-18T11:00:20.000000Z
2024,262.45857638888884,43.16746,-79.04464,2024-09-18T11:00:21.000000Z
2024,262.45858796296295,43.16746,-79.04465,2024-09-18T11:00:22.000000Z
2024,262.458599537037,43.16747,-79.04466,2024-09-18T11:00:23.000000Z
2024,262.4586111111111,43.16747,-79.04467,2024-09-18T11:00:24.000000Z
2024,262.45862268518516,43.16748,-79.04467,2024-09-18T11:00:25.000000Z
2024,262.4586342592592,43.16748,-79.04467,2024-09-18T11:00:26.000000Z
2024,262.4586458333333,43.16749,-79.04467,2024-09-18T11:00:27.000000Z
2024,262.4586574074074,43.16749,-79.04467,2024-09-18T11:00:28.000000Z
2024,262.4586689814815,43.16749,-79.04467,2024-09-18T11:00:29.000000Z
2024,262.45868055555553,43.16749,-79.04467,2024-09-18T11:00:30.000000Z
2024,262.4586921296296,43.16749,-79.04467,2024-09-18T11:00:31.000000Z
2024,262.4587037037037,43.16749,-79.04467,2024-09-18T11:00:32.000000Z
2024,262.45871527777774,43.16749,-79.04467,2024-09-18T11:00:33.000000Z
2024,262.45872685185185,43.16749,-79.04467,2024-09-18T11:00:34.000000Z
2024,262.46893518518516,43.16725,-79.04447,2024-09-18T11:15:16.000000Z
2024,262.46894675925927,43.1673,-79.0445,2024-09-18T11:15:17.000000Z
2024,262.4689583333333,43.16734,-79.04454,2024-09-18T11:15:18.000000Z
2024,262.4689699074074,43.16739,-79.04457,2024-09-18T11:15:19.000000Z
2024,262.4689814814815,43.16741,-79.04459,2024-09-18T11:15:20.000000Z
2024,262.46899305555553,43.16743,-79.0446,2024-09-18T11:15:21.000000Z
2024,262.46900462962964,43.16745,-79.04462,2024-09-18T11:15:22.000000Z
2024,262.4690162037037,43.16746,-79.04463,2024-09-18T11:15:23.000000Z
2024,262.4690277777778,43.16746,-79.04462,2024-09-18T11:15:24.000000Z
2024,262.46903935185185,43.16746,-79.04462,2024-09-18T11:15:25.000000Z
2024,262.4690509259259,43.16745,-79.04461,2024-09-18T11:15:26.000000Z
2024,262.4690625,43.16745,-79.0446,2024-09-18T11:15:27.000000Z
2024,262.46907407407406,43.16744,-79.0446,2024-09-18T11:15:28.000000Z
2024,262.46908564814817,43.16744,-79.04459,2024-09-18T11:15:29.000000Z
2024,262.4690972222222,43.16744,-79.04458,2024-09-18T11:15:30.000000Z
2024,262.46910879629627,43.16748,-79.0446,2024-09-18T11:15:31.000000Z
2024,262.4691203703704,43.1675,-79.04461,2024-09-18T11:15:32.000000Z
2024,262.4691319444444,43.16751,-79.04461,2024-09-18T11:15:33.000000Z
2024,262.46914351851854,43.16751,-79.04461,2024-09-18T11:15:34.000000Z
2024,262.4793518518518,43.16746,-79.04448,2024-09-18T11:30:16.000000Z
2024,262.4793634259259,43.16745,-79.04447,2024-09-18T11:30:17.000000Z
2024,262.47937499999995,43.16745,-79.04447,2024-09-18T11:30:18.000000Z
2024,262.47938657407406,43.16745,-79.04448,2024-09-18T11:30:19.000000Z
2024,262.4793981481481,43.16745,-79.04449,2024-09-18T11:30:20.000000Z
2024,262.47940972222216,43.16745,-79.0445,2024-09-18T11:30:21.000000Z
2024,262.47942129629627,43.16745,-79.0445,2024-09-18T11:30:22.000000Z
2024,262.4794328703703,43.16745,-79.0445,2024-09-18T11:30:23.000000Z
2024,262.4794444444444,43.16744,-79.0445,2024-09-18T11:30:24.000000Z
2024,262.4794560185185,43.16744,-79.04451,2024-09-18T11:30:25.000000Z
2024,262.4794675925925,43.16744,-79.04451,2024-09-18T11:30:26.000000Z
2024,262.47947916666664,43.16744,-79.04452,2024-09-18T11:30:27.000000Z
2024,262.4794907407407,43.16744,-79.04453,2024-09-18T11:30:28.000000Z
2024,262.4795023148148,43.16745,-79.04453,2024-09-18T11:30:29.000000Z
2024,262.47951388888885,43.16745,-79.04454,2024-09-18T11:30:30.000000Z
2024,262.4795254629629,43.16745,-79.04454,2024-09-18T11:30:31.000000Z
2024,262.479537037037,43.16745,-79.04454,2024-09-18T11:30:32.000000Z
2024,262.47954861111106,43.16745,-79.04454,2024-09-18T11:30:33.000000Z
2024,262.47956018518516,43.16746,-79.04454,2024-09-18T11:30:34.000000Z
2024,262.4795717592592,43.16746,-79.04454,2024-09-18T11:30:35.000000Z
2024,262.4897685185185,43.16755,-79.04465,2024-09-18T11:45:16.000000Z
2024,262.4897800925926,43.16754,-79.04464,2024-09-18T11:45:17.000000Z
2024,262.48979166666663,43.16753,-79.04463,2024-09-18T11:45:18.000000Z
2024,262.48980324074074,43.16752,-79.04463,2024-09-18T11:45:19.000000Z
2024,262.4898148148148,43.16751,-79.04463,2024-09-18T11:45:20.000000Z
2024,262.48982638888884,43.1675,-79.04462,2024-09-18T11:45:21.000000Z
2024,262.48983796296295,43.16749,-79.04461,2024-09-18T11:45:22.000000Z
2024,262.489849537037,43.16748,-79.0446,2024-09-18T11:45:23.000000Z
2024,262.4898611111111,43.16747,-79.0446,2024-09-18T11:45:24.000000Z
2024,262.48987268518516,43.16746,-79.04459,2024-09-18T11:45:25.000000Z
2024,262.4898842592592,43.16746,-79.04459,2024-09-18T11:45:26.000000Z
2024,262.4898958333333,43.16746,-79.04458,2024-09-18T11:45:27.000000Z
2024,262.4899074074074,43.16745,-79.04457,2024-09-18T11:45:28.000000Z
2024,262.4899189814815,43.16745,-79.04457,2024-09-18T11:45:29.000000Z
2024,262.48993055555553,43.16745,-79.04457,2024-09-18T11:45:30.000000Z
2024,262.4899421296296,43.16745,-79.04456,2024-09-18T11:45:31.000000Z
2024,262.4899537037037,43.16744,-79.04455,2024-09-18T11:45:32.000000Z
2024,262.48996527777774,43.16744,-79.04454,2024-09-18T11:45:33.000000Z
2024,262.48997685185185,43.16744,-79.04454,2024-09-18T11:45:34.000000Z
2024,262.50018518518516,43.16746,-79.04438,2024-09-18T12:00:16.000000Z
2024,262.50019675925927,43.16746,-79.04439,2024-09-18T12:00:17.000000Z
2024,262.5002083333333,43.16746,-79.04439,2024-09-18T12:00:18.000000Z
2024,262.5002199074074,43.16745,-79.04439,2024-09-18T12:00:19.000000Z
2024,262.5002314814815,43.16744,-79.04439,2024-09-18T12:00:20.000000Z
2024,262.50024305555553,43.16743,-79.04439,2024-09-18T12:00:21.000000Z
2024,262.50025462962964,43.16743,-79.04439,2024-09-18T12:00:22.000000Z
2024,262.5002662037037,43.16741,-79.04441,2024-09-18T12:00:23.000000Z
2024,262.5002777777778,43.16741,-79.04441,2024-09-18T12:00:24.000000Z
2024,262.50028935185185,43.16741,-79.04441,2024-09-18T12:00:25.000000Z
2024,262.5003009259259,43.16741,-79.04442,2024-09-18T12:00:26.000000Z
2024,262.5003125,43.16741,-79.04442,2024-09-18T12:00:27.000000Z
2024,262.50032407407406,43.16741,-79.04442,2024-09-18T12:00:28.000000Z
2024,262.50033564814817,43.1674,-79.04442,2024-09-18T12:00:29.000000Z
2024,262.5003472222222,43.1674,-79.04442,2024-09-18T12:00:30.000000Z
2024,262.50035879629627,43.1674,-79.04442,2024-09-18T12:00:31.000000Z
2024,262.5003703703704,43.16739,-79.04441,2024-09-18T12:00:32.000000Z
2024,262.5003819444444,43.16738,-79.04441,2024-09-18T12:00:33.000000Z
2024,262.50039351851854,43.16738,-79.04441,2024-09-18T12:00:34.000000Z
2024,262.5004050925926,43.16738,-79.0444,2024-09-18T12:00:35.000000Z
2024,262.51060185185185,43.16744,-79.04452,2024-09-18T12:15:16.000000Z
2024,262.51061342592595,43.16744,-79.04452,2024-09-18T12:15:17.000000Z
2024,262.510625,43.16744,-79.04453,2024-09-18T12:15:18.000000Z
2024,262.5106365740741,43.16744,-79.04453,2024-09-18T12:15:19.000000Z
2024,262.51064814814816,43.16744,-79.04453,2024-09-18T12:15:20.000000Z
2024,262.5106597222222,43.16745,-79.04453,2024-09-18T12:15:21.000000Z
2024,262.5106712962963,43.16745,-79.04453,2024-09-18T12:15:22.000000Z
2024,262.5106828703704,43.16745,-79.04453,2024-09-18T12:15:23.000000Z
2024,262.5106944444445,43.16745,-79.04453,2024-09-18T12:15:24.000000Z
2024,262.51070601851853,43.16745,-79.04453,2024-09-18T12:15:25.000000Z
2024,262.5107175925926,43.16745,-79.04453,2024-09-18T12:15:26.000000Z
2024,262.5107291666667,43.16745,-79.04453,2024-09-18T12:15:27.000000Z
2024,262.51074074074074,43.16745,-79.04453,2024-09-18T12:15:28.000000Z
2024,262.51075231481485,43.16745,-79.04453,2024-09-18T12:15:29.000000Z
2024,262.5107638888889,43.16745,-79.04453,2024-09-18T12:15:30.000000Z
2024,262.51077546296295,43.16744,-79.04453,2024-09-18T12:15:31.000000Z
2024,262.51078703703706,43.16744,-79.04453,2024-09-18T12:15:32.000000Z
2024,262.5107986111111,43.16744,-79.04452,2024-09-18T12:15:33.000000Z
2024,262.5108101851852,43.16744,-79.04452,2024-09-18T12:15:34.000000Z
2024,262.5210185185185,43.16761,-79.04457,2024-09-18T12:30:16.000000Z
2024,262.5210300925926,43.16762,-79.04457,2024-09-18T12:30:17.000000Z
2024,262.52104166666663,43.16762,-79.04456,2024-09-18T12:30:18.000000Z
2024,262.52105324074074,43.16762,-79.04456,2024-09-18T12:30:19.000000Z
2024,262.5210648148148,43.16762,-79.04456,2024-09-18T12:30:20.000000Z
2024,262.52107638888884,43.16763,-79.04457,2024-09-18T12:30:21.000000Z
2024,262.52108796296295,43.16762,-79.04456,2024-09-18T12:30:22.000000Z
2024,262.521099537037,43.16762,-79.04457,2024-09-18T12:30:23.000000Z
2024,262.5211111111111,43.16764,-79.04457,2024-09-18T12:30:24.000000Z
2024,262.52112268518516,43.16765,-79.04458,2024-09-18T12:30:25.000000Z
2024,262.5211458333333,43.16767,-79.04459,2024-09-18T12:30:27.000000Z
2024,262.5211574074074,43.16767,-79.04459,2024-09-18T12:30:28.000000Z
2024,262.5211689814815,43.16768,-79.0446,2024-09-18T12:30:29.000000Z
2024,262.52118055555553,43.16769,-79.0446,2024-09-18T12:30:30.000000Z
2024,262.5211921296296,43.16767,-79.0446,2024-09-18T12:30:31.000000Z
2024,262.5212037037037,43.16767,-79.0446,2024-09-18T12:30:32.000000Z
2024,262.52121527777774,43.16766,-79.0446,2024-09-18T12:30:33.000000Z
2024,262.52122685185185,43.16766,-79.0446,2024-09-18T12:30:34.000000Z
2024,262.5212384259259,43.16765,-79.04459,2024-09-18T12:30:35.000000Z
2024,262.53143518518516,43.16746,-79.04457,2024-09-18T12:45:16.000000Z
2024,262.53144675925927,43.16747,-79.04458,2024-09-18T12:45:17.000000Z
2024,262.5314583333333,43.16747,-79.04457,2024-09-18T12:45:18.000000Z
2024,262.5314699074074,43.16748,-79.04457,2024-09-18T12:45:19.000000Z
2024,262.5314814814815,43.16748,-79.04456,2024-09-18T12:45:20.000000Z
2024,262.53149305555553,43.16749,-79.04456,2024-09-18T12:45:21.000000Z
2024,262.53150462962964,43.16749,-79.04456,2024-09-18T12:45:22.000000Z
2024,262.5315162037037,43.16749,-79.04456,2024-09-18T12:45:23.000000Z
2024,262.5315277777778,43.1675,-79.04456,2024-09-18T12:45:24.000000Z
2024,262.53153935185185,43.1675,-79.04457,2024-09-18T12:45:25.000000Z
2024,262.5315509259259,43.1675,-79.04456,2024-09-18T12:45:26.000000Z
2024,262.5315625,43.1675,-79.04456,2024-09-18T12:45:27.000000Z
2024,262.53157407407406,43.1675,-79.04455,2024-09-18T12:45:28.000000Z
2024,262.53158564814817,43.1675,-79.04455,2024-09-18T12:45:29.000000Z
2024,262.5315972222222,43.1675,-79.04454,2024-09-18T12:45:30.000000Z
2024,262.53160879629627,43.16745,-79.04452,2024-09-18T12:45:31.000000Z
2024,262.5316203703704,43.16743,-79.04451,2024-09-18T12:45:32.000000Z
2024,262.5316319444444,43.16743,-79.04451,2024-09-18T12:45:33.000000Z
2024,262.53164351851854,43.16742,-79.0445,2024-09-18T12:45:34.000000Z
2024,262.54185185185185,43.16756,-79.04455,2024-09-18T13:00:16.000000Z
2024,262.54186342592595,43.16756,-79.04455,2024-09-18T13:00:17.000000Z
2024,262.541875,43.16755,-79.04456,2024-09-18T13:00:18.000000Z
2024,262.5418865740741,43.16755,-79.04456,2024-09-18T13:00:19.000000Z
2024,262.54189814814816,43.16754,-79.04456,2024-09-18T13:00:20.000000Z
2024,262.5419097222222,43.16754,-79.04457,2024-09-18T13:00:21.000000Z
2024,262.5419212962963,43.16753,-79.04457,2024-09-18T13:00:22.000000Z
2024,262.5419328703704,43.16753,-79.04457,2024-09-18T13:00:23.000000Z
2024,262.5419444444445,43.16753,-79.04457,2024-09-18T13:00:24.000000Z
2024,262.54195601851853,43.16752,-79.04457,2024-09-18T13:00:25.000000Z
2024,262.5419675925926,43.16752,-79.04457,2024-09-18T13:00:26.000000Z
2024,262.5419791666667,43.16751,-79.04457,2024-09-18T13:00:27.000000Z
2024,262.54199074074074,43.16751,-79.04457,2024-09-18T13:00:28.000000Z
2024,262.54200231481485,43.1675,-79.04457,2024-09-18T13:00:29.000000Z
2024,262.5420138888889,43.1675,-79.04457,2024-09-18T13:00:30.000000Z
2024,262.54202546296295,43.1675,-79.04457,2024-09-18T13:00:31.000000Z
2024,262.54203703703706,43.1675,-79.04457,2024-09-18T13:00:32.000000Z
2024,262.5420486111111,43.16749,-79.04457,2024-09-18T13:00:33.000000Z
2024,262.5420601851852,43.16749,-79.04457,2024-09-18T13:00:34.000000Z
2024,262.55226851851853,43.16756,-79.04448,2024-09-18T13:15:16.000000Z
2024,262.55228009259264,43.16756,-79.04448,2024-09-18T13:15:17.000000Z
2024,262.55231481481485,43.16756,-79.04449,2024-09-18T13:15:20.000000Z
2024,262.55234953703706,43.16756,-79.04448,2024-09-18T13:15:23.000000Z
2024,262.55236111111117,43.16756,-79.04448,2024-09-18T13:15:24.000000Z
2024,262.5523726851852,43.16756,-79.04448,2024-09-18T13:15:25.000000Z
2024,262.55238425925927,43.16756,-79.04448,2024-09-18T13:15:26.000000Z
2024,262.5523958333334,43.16755,-79.04448,2024-09-18T13:15:27.000000Z
2024,262.55240740740743,43.16754,-79.04447,2024-09-18T13:15:28.000000Z
2024,262.55241898148154,43.16754,-79.04447,2024-09-18T13:15:29.000000Z
2024,262.5524305555556,43.16753,-79.04447,2024-09-18T13:15:30.000000Z
2024,262.55244212962964,43.16752,-79.04447,2024-09-18T13:15:31.000000Z
2024,262.55245370370375,43.16752,-79.04447,2024-09-18T13:15:32.000000Z
2024,262.5524652777778,43.16751,-79.04447,2024-09-18T13:15:33.000000Z
2024,262.5524768518519,43.16751,-79.04447,2024-09-18T13:15:34.000000Z
2024,262.55248842592596,43.16751,-79.04447,2024-09-18T13:15:35.000000Z
2024,262.55250000000007,43.1675,-79.04447,2024-09-18T13:15:36.000000Z
2024,262.5525115740741,43.1675,-79.04447,2024-09-18T13:15:37.000000Z
2024,262.55252314814817,43.1675,-79.04447,2024-09-18T13:15:38.000000Z
2024,262.56268518518516,43.1675,-79.04449,2024-09-18T13:30:16.000000Z
2024,262.56269675925927,43.1675,-79.04449,2024-09-18T13:30:17.000000Z
2024,262.5627083333333,43.1675,-79.0445,2024-09-18T13:30:18.000000Z
2024,262.5627199074074,43.1675,-79.0445,2024-09-18T13:30:19.000000Z
2024,262.5627314814815,43.1675,-79.0445,2024-09-18T13:30:20.000000Z
2024,262.5627662037037,43.16749,-79.0445,2024-09-18T13:30:23.000000Z
2024,262.5627777777778,43.16749,-79.0445,2024-09-18T13:30:24.000000Z
2024,262.56278935185185,43.16748,-79.0445,2024-09-18T13:30:25.000000Z
2024,262.5628009259259,43.16748,-79.0445,2024-09-18T13:30:26.000000Z
2024,262.5628125,43.16748,-79.04451,2024-09-18T13:30:27.000000Z
2024,262.56283564814817,43.16749,-79.04451,2024-09-18T13:30:29.000000Z
2024,262.5628472222222,43.16749,-79.04452,2024-09-18T13:30:30.000000Z
2024,262.56285879629627,43.16749,-79.04453,2024-09-18T13:30:31.000000Z
2024,262.5628703703704,43.16749,-79.04453,2024-09-18T13:30:32.000000Z
2024,262.5628819444444,43.16749,-79.04454,2024-09-18T13:30:33.000000Z
2024,262.56289351851854,43.16749,-79.04454,2024-09-18T13:30:34.000000Z
2024,262.5629050925926,43.1675,-79.04454,2024-09-18T13:30:35.000000Z
2024,262.5629166666667,43.1675,-79.04454,2024-09-18T13:30:36.000000Z
2024,262.56292824074075,43.1675,-79.04454,2024-09-18T13:30:37.000000Z
2024,262.57310185185185,43.16756,-79.04458,2024-09-18T13:45:16.000000Z
2024,262.57311342592595,43.16757,-79.04458,2024-09-18T13:45:17.000000Z
2024,262.573125,43.16757,-79.04457,2024-09-18T13:45:18.000000Z
2024,262.5731365740741,43.16757,-79.04457,2024-09-18T13:45:19.000000Z
2024,262.57314814814816,43.16757,-79.04458,2024-09-18T13:45:20.000000Z
2024,262.5731597222222,43.16757,-79.04458,2024-09-18T13:45:21.000000Z
2024,262.5731712962963,43.16757,-79.04458,2024-09-18T13:45:22.000000Z
2024,262.5731828703704,43.16758,-79.04458,2024-09-18T13:45:23.000000Z
2024,262.5731944444445,43.16758,-79.04458,2024-09-18T13:45:24.000000Z
2024,262.57320601851853,43.16758,-79.04458,2024-09-18T13:45:25.000000Z
2024,262.5732175925926,43.16758,-79.04458,2024-09-18T13:45:26.000000Z
2024,262.5732291666667,43.16759,-79.04459,2024-09-18T13:45:27.000000Z
2024,262.57324074074074,43.16759,-79.04459,2024-09-18T13:45:28.000000Z
2024,262.57325231481485,43.16759,-79.04459,2024-09-18T13:45:29.000000Z
2024,262.5732638888889,43.16759,-79.0446,2024-09-18T13:45:30.000000Z
2024,262.57327546296295,43.16759,-79.0446,2024-09-18T13:45:31.000000Z
2024,262.57328703703706,43.1676,-79.0446,2024-09-18T13:45:32.000000Z
2024,262.5732986111111,43.1676,-79.0446,2024-09-18T13:45:33.000000Z
2024,262.5733333333334,43.1676,-79.0446,2024-09-18T13:45:36.000000Z
2024,262.57334490740743,43.1676,-79.04461,2024-09-18T13:45:37.000000Z
2024,262.5835185185185,43.1675,-79.0446,2024-09-18T14:00:16.000000Z
2024,262.5835300925926,43.1675,-79.0446,2024-09-18T14:00:17.000000Z
2024,262.58354166666663,43.16749,-79.04459,2024-09-18T14:00:18.000000Z
2024,262.58355324074074,43.16749,-79.04458,2024-09-18T14:00:19.000000Z
2024,262.5835648148148,43.16749,-79.04457,2024-09-18T14:00:20.000000Z
2024,262.58357638888884,43.16749,-79.04457,2024-09-18T14:00:21.000000Z
2024,262.58358796296295,43.16748,-79.04457,2024-09-18T14:00:22.000000Z
2024,262.583599537037,43.16748,-79.04457,2024-09-18T14:00:23.000000Z
2024,262.5836111111111,43.16748,-79.04457,2024-09-18T14:00:24.000000Z
2024,262.58362268518516,43.16748,-79.04457,2024-09-18T14:00:25.000000Z
2024,262.5836574074074,43.16748,-79.04455,2024-09-18T14:00:28.000000Z
2024,262.5836689814815,43.16749,-79.04455,2024-09-18T14:00:29.000000Z
2024,262.58368055555553,43.16749,-79.04455,2024-09-18T14:00:30.000000Z
2024,262.5836921296296,43.16749,-79.04455,2024-09-18T14:00:31.000000Z
2024,262.5837037037037,43.16749,-79.04454,2024-09-18T14:00:32.000000Z
2024,262.58371527777774,43.16749,-79.04454,2024-09-18T14:00:33.000000Z
2024,262.58372685185185,43.16748,-79.04454,2024-09-18T14:00:34.000000Z
2024,262.5837384259259,43.16748,-79.04454,2024-09-18T14:00:35.000000Z
2024,262.58375,43.16748,-79.04454,2024-09-18T14:00:36.000000Z
2024,262.58376157407406,43.16748,-79.04454,2024-09-18T14:00:37.000000Z
2024,262.59393518518516,43.16742,-79.0445,2024-09-18T14:15:16.000000Z
2024,262.59394675925927,43.16743,-79.0445,2024-09-18T14:15:17.000000Z
2024,262.5939583333333,43.16744,-79.0445,2024-09-18T14:15:18.000000Z
2024,262.5939699074074,43.16744,-79.04451,2024-09-18T14:15:19.000000Z
2024,262.5939814814815,43.16744,-79.04451,2024-09-18T14:15:20.000000Z
2024,262.59399305555553,43.16744,-79.04452,2024-09-18T14:15:21.000000Z
2024,262.59400462962964,43.16744,-79.04452,2024-09-18T14:15:22.000000Z
2024,262.5940162037037,43.16744,-79.04453,2024-09-18T14:15:23.000000Z
2024,262.5940277777778,43.16744,-79.04453,2024-09-18T14:15:24.000000Z
2024,262.59403935185185,43.16744,-79.04454,2024-09-18T14:15:25.000000Z
2024,262.5940509259259,43.16744,-79.04454,2024-09-18T14:15:26.000000Z
2024,262.5940625,43.16744,-79.04454,2024-09-18T14:15:27.000000Z
2024,262.59407407407406,43.16744,-79.04453,2024-09-18T14:15:28.000000Z
2024,262.59408564814817,43.16744,-79.04453,2024-09-18T14:15:29.000000Z
2024,262.5940972222222,43.16744,-79.04453,2024-09-18T14:15:30.000000Z
2024,262.59410879629627,43.16744,-79.04453,2024-09-18T14:15:31.000000Z
2024,262.5941203703704,43.16744,-79.04453,2024-09-18T14:15:32.000000Z
2024,262.5941319444444,43.16745,-79.04453,2024-09-18T14:15:33.000000Z
2024,262.59414351851854,43.16745,-79.04454,2024-09-18T14:15:34.000000Z
2024,262.5941550925926,43.16746,-79.04454,2024-09-18T14:15:35.000000Z
2024,262.60434027777774,43.16749,-79.04452,2024-09-18T14:30:15.000000Z
2024,262.6043518518518,43.1675,-79.04453,2024-09-18T14:30:16.000000Z
2024,262.6043634259259,43.16751,-79.04452,2024-09-18T14:30:17.000000Z
2024,262.60437499999995,43.16752,-79.04451,2024-09-18T14:30:18.000000Z
2024,262.60438657407406,43.16753,-79.0445,2024-09-18T14:30:19.000000Z
2024,262.6043981481481,43.16754,-79.0445,2024-09-18T14:30:20.000000Z
2024,262.60440972222216,43.16754,-79.04449,2024-09-18T14:30:21.000000Z
2024,262.60442129629627,43.16755,-79.04448,2024-09-18T14:30:22.000000Z
2024,262.6044328703703,43.16756,-79.04447,2024-09-18T14:30:23.000000Z
2024,262.6044444444444,43.16756,-79.04446,2024-09-18T14:30:24.000000Z
2024,262.6044560185185,43.16757,-79.04444,2024-09-18T14:30:25.000000Z
2024,262.6044675925925,43.16758,-79.04444,2024-09-18T14:30:26.000000Z
2024,262.60447916666664,43.16758,-79.04443,2024-09-18T14:30:27.000000Z
2024,262.6044907407407,43.16758,-79.04442,2024-09-18T14:30:28.000000Z
2024,262.6045023148148,43.16758,-79.04442,2024-09-18T14:30:29.000000Z
2024,262.60451388888885,43.16758,-79.04443,2024-09-18T14:30:30.000000Z
2024,262.6045254629629,43.1676,-79.04444,2024-09-18T14:30:31.000000Z
2024,262.60454861111106,43.16759,-79.04445,2024-09-18T14:30:33.000000Z
2024,262.60456018518516,43.16758,-79.04445,2024-09-18T14:30:34.000000Z
2024,262.6045717592592,43.16757,-79.04447,2024-09-18T14:30:35.000000Z
2024,262.6147569444444,43.16782,-79.04452,2024-09-18T14:45:15.000000Z
2024,262.6147685185185,43.16784,-79.04452,2024-09-18T14:45:16.000000Z
2024,262.6147800925926,43.16785,-79.04452,2024-09-18T14:45:17.000000Z
2024,262.61479166666663,43.16785,-79.04452,2024-09-18T14:45:18.000000Z
2024,262.61480324074074,43.16785,-79.04452,2024-09-18T14:45:19.000000Z
2024,262.6148148148148,43.16785,-79.04453,2024-09-18T14:45:20.000000Z
2024,262.61482638888884,43.16785,-79.04453,2024-09-18T14:45:21.000000Z
2024,262.61483796296295,43.16783,-79.04453,2024-09-18T14:45:22.000000Z
2024,262.614849537037,43.16781,-79.04452,2024-09-18T14:45:23.000000Z
2024,262.6148611111111,43.1678,-79.04452,2024-09-18T14:45:24.000000Z
2024,262.61487268518516,43.16779,-79.04452,2024-09-18T14:45:25.000000Z
2024,262.6148842592592,43.16778,-79.04452,2024-09-18T14:45:26.000000Z
2024,262.6148958333333,43.16778,-79.04452,2024-09-18T14:45:27.000000Z
2024,262.6149074074074,43.16777,-79.04452,2024-09-18T14:45:28.000000Z
2024,262.6149189814815,43.16775,-79.04452,2024-09-18T14:45:29.000000Z
2024,262.61493055555553,43.16775,-79.04452,2024-09-18T14:45:30.000000Z
2024,262.6149421296296,43.16774,-79.04452,2024-09-18T14:45:31.000000Z
2024,262.6149537037037,43.16773,-79.04453,2024-09-18T14:45:32.000000Z
2024,262.61496527777774,43.16772,-79.04453,2024-09-18T14:45:33.000000Z
2024,262.61497685185185,43.16771,-79.04453,2024-09-18T14:45:34.000000Z
2024,262.6251736111111,43.16762,-79.04473,2024-09-18T15:00:15.000000Z
2024,262.62518518518516,43.16759,-79.0447,2024-09-18T15:00:16.000000Z
2024,262.62519675925927,43.16757,-79.04467,2024-09-18T15:00:17.000000Z
2024,262.6252083333333,43.16756,-79.04464,2024-09-18T15:00:18.000000Z
2024,262.6252199074074,43.16755,-79.04463,2024-09-18T15:00:19.000000Z
2024,262.6252314814815,43.16754,-79.04461,2024-09-18T15:00:20.000000Z
2024,262.62524305555553,43.16752,-79.0446,2024-09-18T15:00:21.000000Z
2024,262.62525462962964,43.16751,-79.04457,2024-09-18T15:00:22.000000Z
2024,262.6252662037037,43.1675,-79.04457,2024-09-18T15:00:23.000000Z
2024,262.6252777777778,43.1675,-79.04456,2024-09-18T15:00:24.000000Z
2024,262.62528935185185,43.16749,-79.04455,2024-09-18T15:00:25.000000Z
2024,262.6253009259259,43.16749,-79.04454,2024-09-18T15:00:26.000000Z
2024,262.6253125,43.16748,-79.04454,2024-09-18T15:00:27.000000Z
2024,262.62532407407406,43.16748,-79.04453,2024-09-18T15:00:28.000000Z
2024,262.62533564814817,43.16747,-79.04451,2024-09-18T15:00:29.000000Z
2024,262.6253472222222,43.16747,-79.0445,2024-09-18T15:00:30.000000Z
2024,262.62535879629627,43.16747,-79.0445,2024-09-18T15:00:31.000000Z
2024,262.6253703703704,43.16746,-79.0445,2024-09-18T15:00:32.000000Z
2024,262.6253819444444,43.16747,-79.04449,2024-09-18T15:00:33.000000Z
2024,262.62539351851854,43.16747,-79.04449,2024-09-18T15:00:34.000000Z
2024,262.6355902777778,43.16766,-79.0446,2024-09-18T15:15:15.000000Z
2024,262.63560185185185,43.16767,-79.0446,2024-09-18T15:15:16.000000Z
2024,262.63561342592595,43.16769,-79.04461,2024-09-18T15:15:17.000000Z
2024,262.635625,43.1677,-79.04461,2024-09-18T15:15:18.000000Z
2024,262.6356365740741,43.1677,-79.04461,2024-09-18T15:15:19.000000Z
2024,262.63564814814816,43.16771,-79.04461,2024-09-18T15:15:20.000000Z
2024,262.6356597222222,43.16772,-79.04461,2024-09-18T15:15:21.000000Z
2024,262.6356712962963,43.16777,-79.04463,2024-09-18T15:15:22.000000Z
2024,262.6356828703704,43.16778,-79.04463,2024-09-18T15:15:23.000000Z
2024,262.6356944444445,43.16778,-79.04462,2024-09-18T15:15:24.000000Z
2024,262.63570601851853,43.16778,-79.04462,2024-09-18T15:15:25.000000Z
2024,262.6357175925926,43.16778,-79.0446,2024-09-18T15:15:26.000000Z
2024,262.6357291666667,43.16778,-79.0446,2024-09-18T15:15:27.000000Z
2024,262.63574074074074,43.16778,-79.04459,2024-09-18T15:15:28.000000Z
2024,262.63575231481485,43.16778,-79.04459,2024-09-18T15:15:29.000000Z
2024,262.6357638888889,43.16778,-79.04458,2024-09-18T15:15:30.000000Z
2024,262.63577546296295,43.16776,-79.04457,2024-09-18T15:15:31.000000Z
2024,262.63578703703706,43.16775,-79.04457,2024-09-18T15:15:32.000000Z
2024,262.6357986111111,43.16774,-79.04456,2024-09-18T15:15:33.000000Z
2024,262.6358101851852,43.16773,-79.04456,2024-09-18T15:15:34.000000Z
2024,262.6460069444444,43.16754,-79.04453,2024-09-18T15:30:15.000000Z
2024,262.6460185185185,43.16754,-79.04452,2024-09-18T15:30:16.000000Z
2024,262.6460300925926,43.16754,-79.04452,2024-09-18T15:30:17.000000Z
2024,262.64604166666663,43.16753,-79.04453,2024-09-18T15:30:18.000000Z
2024,262.64605324074074,43.16753,-79.04453,2024-09-18T15:30:19.000000Z
2024,262.6460648148148,43.16753,-79.04453,2024-09-18T15:30:20.000000Z
2024,262.64607638888884,43.16753,-79.04453,2024-09-18T15:30:21.000000Z
2024,262.64608796296295,43.16753,-79.04453,2024-09-18T15:30:22.000000Z
2024,262.646099537037,43.16752,-79.04453,2024-09-18T15:30:23.000000Z
2024,262.6461111111111,43.16752,-79.04452,2024-09-18T15:30:24.000000Z
2024,262.64612268518516,43.16752,-79.04452,2024-09-18T15:30:25.000000Z
2024,262.6461342592592,43.16751,-79.04453,2024-09-18T15:30:26.000000Z
2024,262.6461458333333,43.16751,-79.04452,2024-09-18T15:30:27.000000Z
2024,262.6461574074074,43.16751,-79.04452,2024-09-18T15:30:28.000000Z
2024,262.6461689814815,43.1675,-79.04451,2024-09-18T15:30:29.000000Z
2024,262.64618055555553,43.1675,-79.04451,2024-09-18T15:30:30.000000Z
2024,262.6461921296296,43.16749,-79.04451,2024-09-18T15:30:31.000000Z
2024,262.6462037037037,43.16749,-79.04451,2024-09-18T15:30:32.000000Z
2024,262.64621527777774,43.16749,-79.04451,2024-09-18T15:30:33.000000Z
2024,262.64622685185185,43.16749,-79.04451,2024-09-18T15:30:34.000000Z
2024,262.6564236111111,43.16749,-79.04447,2024-09-18T15:45:15.000000Z
2024,262.65643518518516,43.16748,-79.04447,2024-09-18T15:45:16.000000Z
2024,262.65644675925927,43.16748,-79.04447,2024-09-18T15:45:17.000000Z
2024,262.6564583333333,43.16748,-79.04447,2024-09-18T15:45:18.000000Z
2024,262.6564699074074,43.16748,-79.04447,2024-09-18T15:45:19.000000Z
2024,262.6564814814815,43.16748,-79.04447,2024-09-18T15:45:20.000000Z
2024,262.65649305555553,43.16748,-79.04447,2024-09-18T15:45:21.000000Z
2024,262.65650462962964,43.16748,-79.04447,2024-09-18T15:45:22.000000Z
2024,262.6565162037037,43.16748,-79.04447,2024-09-18T15:45:23.000000Z
2024,262.6565277777778,43.16748,-79.04447,2024-09-18T15:45:24.000000Z
2024,262.65653935185185,43.16748,-79.04447,2024-09-18T15:45:25.000000Z
2024,262.6565509259259,43.16748,-79.04447,2024-09-18T15:45:26.000000Z
2024,262.6565625,43.16748,-79.04447,2024-09-18T15:45:27.000000Z
2024,262.65657407407406,43.16748,-79.04447,2024-09-18T15:45:28.000000Z
2024,262.65658564814817,43.16748,-79.04448,2024-09-18T15:45:29.000000Z
2024,262.6565972222222,43.16749,-79.04448,2024-09-18T15:45:30.000000Z
2024,262.65660879629627,43.16749,-79.04449,2024-09-18T15:45:31.000000Z
2024,262.6566203703704,43.16749,-79.04449,2024-09-18T15:45:32.000000Z
2024,262.6566319444444,43.16749,-79.04449,2024-09-18T15:45:33.000000Z
2024,262.65664351851854,43.1675,-79.04449,2024-09-18T15:45:34.000000Z
2024,262.6668402777778,43.16756,-79.04449,2024-09-18T16:00:15.000000Z
2024,262.66685185185185,43.16756,-79.04447,2024-09-18T16:00:16.000000Z
2024,262.66686342592595,43.16756,-79.04447,2024-09-18T16:00:17.000000Z
2024,262.666875,43.16756,-79.04447,2024-09-18T16:00:18.000000Z
2024,262.6668865740741,43.16755,-79.04447,2024-09-18T16:00:19.000000Z
2024,262.66689814814816,43.16754,-79.04447,2024-09-18T16:00:20.000000Z
2024,262.6669097222222,43.16754,-79.04446,2024-09-18T16:00:21.000000Z
2024,262.6669212962963,43.16753,-79.04444,2024-09-18T16:00:22.000000Z
2024,262.6669328703704,43.16753,-79.04444,2024-09-18T16:00:23.000000Z
2024,262.6669444444445,43.16753,-79.04444,2024-09-18T16:00:24.000000Z
2024,262.66695601851853,43.16752,-79.04444,2024-09-18T16:00:25.000000Z
2024,262.6669675925926,43.16751,-79.04443,2024-09-18T16:00:26.000000Z
2024,262.6669791666667,43.16751,-79.04442,2024-09-18T16:00:27.000000Z
2024,262.66699074074074,43.16751,-79.04442,2024-09-18T16:00:28.000000Z
2024,262.66700231481485,43.16751,-79.04441,2024-09-18T16:00:29.000000Z
2024,262.6670138888889,43.1675,-79.04441,2024-09-18T16:00:30.000000Z
2024,262.66702546296295,43.1675,-79.04441,2024-09-18T16:00:31.000000Z
2024,262.66703703703706,43.1675,-79.04441,2024-09-18T16:00:32.000000Z
2024,262.6670486111111,43.1675,-79.04441,2024-09-18T16:00:33.000000Z
2024,262.6670601851852,43.1675,-79.04441,2024-09-18T16:00:34.000000Z
2024,262.67726851851853,43.16746,-79.04449,2024-09-18T16:15:16.000000Z
2024,262.67728009259264,43.16745,-79.04449,2024-09-18T16:15:17.000000Z
2024,262.6772916666667,43.16745,-79.04449,2024-09-18T16:15:18.000000Z
2024,262.6773032407408,43.16745,-79.0445,2024-09-18T16:15:19.000000Z
2024,262.67731481481485,43.16745,-79.0445,2024-09-18T16:15:20.000000Z
2024,262.6773263888889,43.16744,-79.0445,2024-09-18T16:15:21.000000Z
2024,262.677337962963,43.16743,-79.0445,2024-09-18T16:15:22.000000Z
2024,262.67734953703706,43.16743,-79.04449,2024-09-18T16:15:23.000000Z
2024,262.67736111111117,43.16742,-79.04449,2024-09-18T16:15:24.000000Z
2024,262.6773726851852,43.16742,-79.04449,2024-09-18T16:15:25.000000Z
2024,262.67738425925927,43.16742,-79.04449,2024-09-18T16:15:26.000000Z
2024,262.6773958333334,43.16742,-79.04449,2024-09-18T16:15:27.000000Z
2024,262.67740740740743,43.16742,-79.04449,2024-09-18T16:15:28.000000Z
2024,262.67741898148154,43.16742,-79.0445,2024-09-18T16:15:29.000000Z
2024,262.6774305555556,43.16743,-79.0445,2024-09-18T16:15:30.000000Z
2024,262.67744212962964,43.16743,-79.0445,2024-09-18T16:15:31.000000Z
2024,262.67745370370375,43.16743,-79.0445,2024-09-18T16:15:32.000000Z
2024,262.6774652777778,43.16744,-79.0445,2024-09-18T16:15:33.000000Z
2024,262.6774768518519,43.16744,-79.04451,2024-09-18T16:15:34.000000Z
2024,262.6876736111111,43.16746,-79.04448,2024-09-18T16:30:15.000000Z
2024,262.68768518518516,43.16746,-79.04448,2024-09-18T16:30:16.000000Z
2024,262.68769675925927,43.16746,-79.04448,2024-09-18T16:30:17.000000Z
2024,262.6877083333333,43.16746,-79.04448,2024-09-18T16:30:18.000000Z
2024,262.6877199074074,43.16746,-79.04448,2024-09-18T16:30:19.000000Z
2024,262.6877314814815,43.16746,-79.04447,2024-09-18T16:30:20.000000Z
2024,262.68774305555553,43.16746,-79.04448,2024-09-18T16:30:21.000000Z
2024,262.68775462962964,43.16746,-79.04448,2024-09-18T16:30:22.000000Z
2024,262.6877662037037,43.16746,-79.04448,2024-09-18T16:30:23.000000Z
2024,262.6877777777778,43.16746,-79.04448,2024-09-18T16:30:24.000000Z
2024,262.68778935185185,43.16746,-79.04449,2024-09-18T16:30:25.000000Z
2024,262.6878009259259,43.16746,-79.04449,2024-09-18T16:30:26.000000Z
2024,262.6878125,43.16747,-79.04449,2024-09-18T16:30:27.000000Z
2024,262.68782407407406,43.16747,-79.0445,2024-09-18T16:30:28.000000Z
2024,262.68783564814817,43.16748,-79.0445,2024-09-18T16:30:29.000000Z
2024,262.6878472222222,43.16748,-79.0445,2024-09-18T16:30:30.000000Z
2024,262.68785879629627,43.16747,-79.0445,2024-09-18T16:30:31.000000Z
2024,262.6878703703704,43.16748,-79.0445,2024-09-18T16:30:32.000000Z
2024,262.6878819444444,43.16747,-79.0445,2024-09-18T16:30:33.000000Z
2024,262.68789351851854,43.16748,-79.0445,2024-09-18T16:30:34.000000Z
2024,262.698125,43.16742,-79.04464,2024-09-18T16:45:18.000000Z
2024,262.6981365740741,43.16742,-79.04464,2024-09-18T16:45:19.000000Z
2024,262.69814814814816,43.16743,-79.04463,2024-09-18T16:45:20.000000Z
2024,262.6981597222222,43.16742,-79.04463,2024-09-18T16:45:21.000000Z
2024,262.6981712962963,43.16742,-79.04466,2024-09-18T16:45:22.000000Z
2024,262.6981828703704,43.16742,-79.04466,2024-09-18T16:45:23.000000Z
2024,262.6981944444445,43.16742,-79.04467,2024-09-18T16:45:24.000000Z
2024,262.69820601851853,43.16742,-79.04467,2024-09-18T16:45:25.000000Z
2024,262.6982175925926,43.16742,-79.04467,2024-09-18T16:45:26.000000Z
2024,262.6982291666667,43.16741,-79.04468,2024-09-18T16:45:27.000000Z
2024,262.69824074074074,43.16741,-79.04468,2024-09-18T16:45:28.000000Z
2024,262.69825231481485,43.16741,-79.04468,2024-09-18T16:45:29.000000Z
2024,262.6982638888889,43.16741,-79.04468,2024-09-18T16:45:30.000000Z
2024,262.69827546296295,43.16741,-79.04467,2024-09-18T16:45:31.000000Z
2024,262.69828703703706,43.1674,-79.04467,2024-09-18T16:45:32.000000Z
2024,262.6982986111111,43.1674,-79.04467,2024-09-18T16:45:33.000000Z
2024,262.6983101851852,43.16739,-79.04461,2024-09-18T16:45:34.000000Z
2024,262.6983333333334,43.16738,-79.0446,2024-09-18T16:45:36.000000Z
2024,262.69834490740743,43.16738,-79.0446,2024-09-18T16:45:37.000000Z
2024,262.6983564814815,43.16738,-79.0446,2024-09-18T16:45:38.000000Z
2024,262.7085300925926,43.16741,-79.04451,2024-09-18T17:00:17.000000Z
2024,262.70855324074074,43.16746,-79.04453,2024-09-18T17:00:19.000000Z
2024,262.7085648148148,43.16746,-79.0445,2024-09-18T17:00:20.000000Z
2024,262.70857638888884,43.16747,-79.04449,2024-09-18T17:00:21.000000Z
2024,262.70858796296295,43.16746,-79.04447,2024-09-18T17:00:22.000000Z
2024,262.708599537037,43.16745,-79.04445,2024-09-18T17:00:23.000000Z
2024,262.7086111111111,43.16744,-79.04444,2024-09-18T17:00:24.000000Z
2024,262.70862268518516,43.16744,-79.04443,2024-09-18T17:00:25.000000Z
2024,262.7086342592592,43.16744,-79.04442,2024-09-18T17:00:26.000000Z
2024,262.7086458333333,43.16744,-79.04442,2024-09-18T17:00:27.000000Z
2024,262.7086574074074,43.16744,-79.04442,2024-09-18T17:00:28.000000Z
2024,262.7086689814815,43.16743,-79.04441,2024-09-18T17:00:29.000000Z
2024,262.70868055555553,43.16743,-79.04442,2024-09-18T17:00:30.000000Z
2024,262.7086921296296,43.16743,-79.04442,2024-09-18T17:00:31.000000Z
2024,262.7087037037037,43.16743,-79.04443,2024-09-18T17:00:32.000000Z
2024,262.70871527777774,43.16743,-79.04444,2024-09-18T17:00:33.000000Z
2024,262.70872685185185,43.16743,-79.04444,2024-09-18T17:00:34.000000Z
2024,262.7087384259259,43.16742,-79.04445,2024-09-18T17:00:35.000000Z
2024,262.70875,43.16741,-79.04445,2024-09-18T17:00:36.000000Z
2024,262.70876157407406,43.16741,-79.04445,2024-09-18T17:00:37.000000Z
2024,262.71893518518516,43.16748,-79.04461,2024-09-18T17:15:16.000000Z
2024,262.71894675925927,43.16748,-79.0446,2024-09-18T17:15:17.000000Z
2024,262.7189583333333,43.16748,-79.0446,2024-09-18T17:15:18.000000Z
2024,262.7189699074074,43.16747,-79.04459,2024-09-18T17:15:19.000000Z
2024,262.7189814814815,43.16747,-79.04458,2024-09-18T17:15:20.000000Z
2024,262.71899305555553,43.16746,-79.04458,2024-09-18T17:15:21.000000Z
2024,262.71900462962964,43.16746,-79.04458,2024-09-18T17:15:22.000000Z
2024,262.7190162037037,43.16745,-79.04458,2024-09-18T17:15:23.000000Z
2024,262.7190277777778,43.16746,-79.04458,2024-09-18T17:15:24.000000Z
2024,262.71903935185185,43.16746,-79.04458,2024-09-18T17:15:25.000000Z
2024,262.7190509259259,43.16747,-79.04458,2024-09-18T17:15:26.000000Z
2024,262.7190625,43.16747,-79.04458,2024-09-18T17:15:27.000000Z
2024,262.71907407407406,43.16747,-79.04458,2024-09-18T17:15:28.000000Z
2024,262.71908564814817,43.16748,-79.04458,2024-09-18T17:15:29.000000Z
2024,262.7190972222222,43.16748,-79.04457,2024-09-18T17:15:30.000000Z
2024,262.71910879629627,43.16748,-79.04457,2024-09-18T17:15:31.000000Z
2024,262.7191203703704,43.16748,-79.04457,2024-09-18T17:15:32.000000Z
2024,262.7191319444444,43.16748,-79.04457,2024-09-18T17:15:33.000000Z
2024,262.71914351851854,43.16749,-79.04457,2024-09-18T17:15:34.000000Z
2024,262.7191550925926,43.16749,-79.04458,2024-09-18T17:15:35.000000Z
2024,262.7293518518518,43.16742,-79.04455,2024-09-18T17:30:16.000000Z
2024,262.7293634259259,43.16742,-79.04455,2024-09-18T17:30:17.000000Z
2024,262.72937499999995,43.16744,-79.04455,2024-09-18T17:30:18.000000Z
2024,262.72938657407406,43.16744,-79.04455,2024-09-18T17:30:19.000000Z
2024,262.7293981481481,43.16744,-79.04455,2024-09-18T17:30:20.000000Z
2024,262.72940972222216,43.16744,-79.04455,2024-09-18T17:30:21.000000Z
2024,262.72942129629627,43.16744,-79.04456,2024-09-18T17:30:22.000000Z
2024,262.7294328703703,43.16745,-79.04457,2024-09-18T17:30:23.000000Z
2024,262.7294444444444,43.16745,-79.04457,2024-09-18T17:30:24.000000Z
2024,262.7294560185185,43.16744,-79.04457,2024-09-18T17:30:25.000000Z
2024,262.7294675925925,43.16744,-79.04456,2024-09-18T17:30:26.000000Z
2024,262.72947916666664,43.16744,-79.04456,2024-09-18T17:30:27.000000Z
2024,262.7294907407407,43.16744,-79.04455,2024-09-18T17:30:28.000000Z
2024,262.7295023148148,43.16743,-79.04455,2024-09-18T17:30:29.000000Z
2024,262.72951388888885,43.16743,-79.04455,2024-09-18T17:30:30.000000Z
2024,262.7295254629629,43.16743,-79.04455,2024-09-18T17:30:31.000000Z
2024,262.729537037037,43.16743,-79.04455,2024-09-18T17:30:32.000000Z
2024,262.72954861111106,43.16742,-79.04455,2024-09-18T17:30:33.000000Z
2024,262.72956018518516,43.16742,-79.04455,2024-09-18T17:30:34.000000Z
2024,262.7295717592592,43.16742,-79.04456,2024-09-18T17:30:35.000000Z
2024,262.7397685185185,43.16746,-79.04458,2024-09-18T17:45:16.000000Z
2024,262.7397800925926,43.16747,-79.04458,2024-09-18T17:45:17.000000Z
2024,262.73979166666663,43.16748,-79.04458,2024-09-18T17:45:18.000000Z
2024,262.73980324074074,43.16748,-79.04459,2024-09-18T17:45:19.000000Z
2024,262.7398148148148,43.16748,-79.04459,2024-09-18T17:45:20.000000Z
2024,262.73982638888884,43.16749,-79.04459,2024-09-18T17:45:21.000000Z
2024,262.73983796296295,43.16749,-79.0446,2024-09-18T17:45:22.000000Z
2024,262.739849537037,43.1675,-79.0446,2024-09-18T17:45:23.000000Z
2024,262.7398611111111,43.16751,-79.0446,2024-09-18T17:45:24.000000Z
2024,262.73987268518516,43.16752,-79.0446,2024-09-18T17:45:25.000000Z
2024,262.7398842592592,43.16753,-79.0446,2024-09-18T17:45:26.000000Z
2024,262.7398958333333,43.16753,-79.0446,2024-09-18T17:45:27.000000Z
2024,262.7399074074074,43.16753,-79.0446,2024-09-18T17:45:28.000000Z
2024,262.7399189814815,43.16754,-79.0446,2024-09-18T17:45:29.000000Z
2024,262.73993055555553,43.16754,-79.0446,2024-09-18T17:45:30.000000Z
2024,262.7399421296296,43.16754,-79.0446,2024-09-18T17:45:31.000000Z
2024,262.7399537037037,43.16755,-79.04461,2024-09-18T17:45:32.000000Z
2024,262.73996527777774,43.16756,-79.04461,2024-09-18T17:45:33.000000Z
2024,262.73997685185185,43.16756,-79.04461,2024-09-18T17:45:34.000000Z
2024,262.7399884259259,43.16755,-79.0446,2024-09-18T17:45:35.000000Z
2024,262.75019675925927,43.16748,-79.04455,2024-09-18T18:00:17.000000Z
2024,262.7502083333333,43.16744,-79.04457,2024-09-18T18:00:18.000000Z
2024,262.7502199074074,43.16744,-79.04456,2024-09-18T18:00:19.000000Z
2024,262.7502314814815,43.16744,-79.04455,2024-09-18T18:00:20.000000Z
2024,262.75024305555553,43.16745,-79.04454,2024-09-18T18:00:21.000000Z
2024,262.75025462962964,43.16745,-79.04455,2024-09-18T18:00:22.000000Z
2024,262.7502662037037,43.16744,-79.04455,2024-09-18T18:00:23.000000Z
2024,262.7502777777778,43.16744,-79.04455,2024-09-18T18:00:24.000000Z
2024,262.75028935185185,43.16743,-79.04455,2024-09-18T18:00:25.000000Z
2024,262.7503009259259,43.16742,-79.04454,2024-09-18T18:00:26.000000Z
2024,262.7503125,43.16742,-79.04454,2024-09-18T18:00:27.000000Z
2024,262.75032407407406,43.16741,-79.04454,2024-09-18T18:00:28.000000Z
2024,262.75033564814817,43.16741,-79.04454,2024-09-18T18:00:29.000000Z
2024,262.7503472222222,43.16741,-79.04454,2024-09-18T18:00:30.000000Z
2024,262.75035879629627,43.16741,-79.04454,2024-09-18T18:00:31.000000Z
2024,262.7503703703704,43.1674,-79.04454,2024-09-18T18:00:32.000000Z
2024,262.7503819444444,43.16741,-79.04454,2024-09-18T18:00:33.000000Z
2024,262.75039351851854,43.16741,-79.04454,2024-09-18T18:00:34.000000Z
2024,262.7504050925926,43.16742,-79.04454,2024-09-18T18:00:35.000000Z
2024,262.7504166666667,43.16742,-79.04454,2024-09-18T18:00:36.000000Z
2024,262.76061342592595,43.16754,-79.04463,2024-09-18T18:15:17.000000Z
2024,262.760625,43.16754,-79.04463,2024-09-18T18:15:18.000000Z
2024,262.7606365740741,43.16754,-79.04461,2024-09-18T18:15:19.000000Z
2024,262.76064814814816,43.16754,-79.0446,2024-09-18T18:15:20.000000Z
2024,262.7606597222222,43.16753,-79.0446,2024-09-18T18:15:21.000000Z
2024,262.7606712962963,43.16753,-79.04459,2024-09-18T18:15:22.000000Z
2024,262.7606828703704,43.16752,-79.04458,2024-09-18T18:15:23.000000Z
2024,262.7606944444445,43.16752,-79.04457,2024-09-18T18:15:24.000000Z
2024,262.76070601851853,43.16751,-79.04457,2024-09-18T18:15:25.000000Z
2024,262.7607175925926,43.16751,-79.04456,2024-09-18T18:15:26.000000Z
2024,262.7607291666667,43.16751,-79.04455,2024-09-18T18:15:27.000000Z
2024,262.76074074074074,43.1675,-79.04454,2024-09-18T18:15:28.000000Z
2024,262.76075231481485,43.1675,-79.04454,2024-09-18T18:15:29.000000Z
2024,262.7607638888889,43.1675,-79.04454,2024-09-18T18:15:30.000000Z
2024,262.76077546296295,43.16751,-79.0445,2024-09-18T18:15:31.000000Z
2024,262.7607986111111,43.16751,-79.0445,2024-09-18T18:15:33.000000Z
2024,262.7608101851852,43.16751,-79.0445,2024-09-18T18:15:34.000000Z
2024,262.7608217592593,43.16751,-79.0445,2024-09-18T18:15:35.000000Z
2024,262.7608333333334,43.16751,-79.0445,2024-09-18T18:15:36.000000Z
2024,262.76084490740743,43.16751,-79.0445,2024-09-18T18:15:37.000000Z
2024,262.7710300925926,43.16739,-79.04454,2024-09-18T18:30:17.000000Z
2024,262.77104166666663,43.16739,-79.04454,2024-09-18T18:30:18.000000Z
2024,262.77105324074074,43.1674,-79.04455,2024-09-18T18:30:19.000000Z
2024,262.7710648148148,43.1674,-79.04456,2024-09-18T18:30:20.000000Z
2024,262.77107638888884,43.16741,-79.04455,2024-09-18T18:30:21.000000Z
2024,262.77108796296295,43.16741,-79.04455,2024-09-18T18:30:22.000000Z
2024,262.771099537037,43.16741,-79.04455,2024-09-18T18:30:23.000000Z
2024,262.7711111111111,43.16741,-79.04456,2024-09-18T18:30:24.000000Z
2024,262.77112268518516,43.16742,-79.04457,2024-09-18T18:30:25.000000Z
2024,262.7711342592592,43.16743,-79.04457,2024-09-18T18:30:26.000000Z
2024,262.7711458333333,43.16743,-79.04457,2024-09-18T18:30:27.000000Z
2024,262.7711574074074,43.16743,-79.04458,2024-09-18T18:30:28.000000Z
2024,262.7711689814815,43.16744,-79.04458,2024-09-18T18:30:29.000000Z
2024,262.77118055555553,43.16744,-79.04458,2024-09-18T18:30:30.000000Z
2024,262.7711921296296,43.16744,-79.04458,2024-09-18T18:30:31.000000Z
2024,262.7712037037037,43.16745,-79.04458,2024-09-18T18:30:32.000000Z
2024,262.77121527777774,43.16745,-79.04458,2024-09-18T18:30:33.000000Z
2024,262.77122685185185,43.16746,-79.04458,2024-09-18T18:30:34.000000Z
2024,262.7712384259259,43.16746,-79.04458,2024-09-18T18:30:35.000000Z
2024,262.77125,43.16746,-79.04458,2024-09-18T18:30:36.000000Z
2024,262.78144675925927,43.16756,-79.04454,2024-09-18T18:45:17.000000Z
2024,262.7814583333333,43.16755,-79.04456,2024-09-18T18:45:18.000000Z
2024,262.7814699074074,43.16754,-79.04457,2024-09-18T18:45:19.000000Z
2024,262.7814814814815,43.16754,-79.04457,2024-09-18T18:45:20.000000Z
2024,262.78149305555553,43.16753,-79.04456,2024-09-18T18:45:21.000000Z
2024,262.78150462962964,43.16753,-79.04455,2024-09-18T18:45:22.000000Z
2024,262.7815162037037,43.16752,-79.04455,2024-09-18T18:45:23.000000Z
2024,262.7815277777778,43.16751,-79.04455,2024-09-18T18:45:24.000000Z
2024,262.78153935185185,43.1675,-79.04454,2024-09-18T18:45:25.000000Z
2024,262.7815509259259,43.1675,-79.04454,2024-09-18T18:45:26.000000Z
2024,262.7815625,43.16749,-79.04454,2024-09-18T18:45:27.000000Z
2024,262.78157407407406,43.16749,-79.04454,2024-09-18T18:45:28.000000Z
2024,262.78158564814817,43.16748,-79.04454,2024-09-18T18:45:29.000000Z
2024,262.7815972222222,43.16748,-79.04454,2024-09-18T18:45:30.000000Z
2024,262.78160879629627,43.16748,-79.04454,2024-09-18T18:45:31.000000Z
2024,262.7816203703704,43.16747,-79.04454,2024-09-18T18:45:32.000000Z
2024,262.7816319444444,43.16747,-79.04455,2024-09-18T18:45:33.000000Z
2024,262.78164351851854,43.16746,-79.04455,2024-09-18T18:45:34.000000Z
2024,262.7816550925926,43.16746,-79.04455,2024-09-18T18:45:35.000000Z
2024,262.79186342592595,43.16746,-79.0447,2024-09-18T19:00:17.000000Z
2024,262.791875,43.16746,-79.04471,2024-09-18T19:00:18.000000Z
2024,262.7918865740741,43.16746,-79.04471,2024-09-18T19:00:19.000000Z
2024,262.79189814814816,43.16746,-79.04471,2024-09-18T19:00:20.000000Z
2024,262.7919097222222,43.16746,-79.0447,2024-09-18T19:00:21.000000Z
2024,262.7919212962963,43.16746,-79.0447,2024-09-18T19:00:22.000000Z
2024,262.7919328703704,43.16747,-79.04469,2024-09-18T19:00:23.000000Z
2024,262.7919444444445,43.16747,-79.04469,2024-09-18T19:00:24.000000Z
2024,262.79195601851853,43.16748,-79.04468,2024-09-18T19:00:25.000000Z
2024,262.7919675925926,43.16748,-79.04468,2024-09-18T19:00:26.000000Z
2024,262.7919791666667,43.16748,-79.04467,2024-09-18T19:00:27.000000Z
2024,262.79199074074074,43.16748,-79.04467,2024-09-18T19:00:28.000000Z
2024,262.79200231481485,43.16749,-79.04467,2024-09-18T19:00:29.000000Z
2024,262.7920138888889,43.16749,-79.04467,2024-09-18T19:00:30.000000Z
2024,262.79202546296295,43.16749,-79.04466,2024-09-18T19:00:31.000000Z
2024,262.79203703703706,43.1675,-79.04466,2024-09-18T19:00:32.000000Z
2024,262.7920486111111,43.1675,-79.04466,2024-09-18T19:00:33.000000Z
2024,262.7920601851852,43.1675,-79.04466,2024-09-18T19:00:34.000000Z
2024,262.7920717592593,43.1675,-79.04466,2024-09-18T19:00:35.000000Z
2024,262.80228009259264,43.16739,-79.04475,2024-09-18T19:15:17.000000Z
2024,262.8022916666667,43.16741,-79.04475,2024-09-18T19:15:18.000000Z
2024,262.8023032407408,43.16741,-79.04474,2024-09-18T19:15:19.000000Z
2024,262.8023263888889,43.16743,-79.04473,2024-09-18T19:15:21.000000Z
2024,262.802337962963,43.16743,-79.04474,2024-09-18T19:15:22.000000Z
2024,262.80234953703706,43.16744,-79.04474,2024-09-18T19:15:23.000000Z
2024,262.80236111111117,43.16745,-79.04474,2024-09-18T19:15:24.000000Z
2024,262.8023726851852,43.16745,-79.04475,2024-09-18T19:15:25.000000Z
2024,262.80238425925927,43.16746,-79.04476,2024-09-18T19:15:26.000000Z
2024,262.8023958333334,43.16746,-79.04476,2024-09-18T19:15:27.000000Z
2024,262.80240740740743,43.16747,-79.04476,2024-09-18T19:15:28.000000Z
2024,262.80241898148154,43.16748,-79.04477,2024-09-18T19:15:29.000000Z
2024,262.8024305555556,43.16748,-79.04477,2024-09-18T19:15:30.000000Z
2024,262.80244212962964,43.16751,-79.04457,2024-09-18T19:15:31.000000Z
2024,262.8024652777778,43.1675,-79.04458,2024-09-18T19:15:33.000000Z
2024,262.8024768518519,43.16751,-79.04458,2024-09-18T19:15:34.000000Z
2024,262.80248842592596,43.1675,-79.04458,2024-09-18T19:15:35.000000Z
2024,262.80250000000007,43.16749,-79.04458,2024-09-18T19:15:36.000000Z
2024,262.8127083333333,43.16758,-79.04464,2024-09-18T19:30:18.000000Z
2024,262.8127199074074,43.16757,-79.04465,2024-09-18T19:30:19.000000Z
2024,262.8127314814815,43.16757,-79.04465,2024-09-18T19:30:20.000000Z
2024,262.81274305555553,43.16758,-79.04465,2024-09-18T19:30:21.000000Z
2024,262.81275462962964,43.16757,-79.04466,2024-09-18T19:30:22.000000Z
2024,262.8127662037037,43.16757,-79.04465,2024-09-18T19:30:23.000000Z
2024,262.8127777777778,43.16757,-79.04466,2024-09-18T19:30:24.000000Z
2024,262.81278935185185,43.16757,-79.04467,2024-09-18T19:30:25.000000Z
2024,262.8128009259259,43.16757,-79.04467,2024-09-18T19:30:26.000000Z
2024,262.8128125,43.16757,-79.04468,2024-09-18T19:30:27.000000Z
2024,262.81282407407406,43.16757,-79.04469,2024-09-18T19:30:28.000000Z
2024,262.81283564814817,43.16757,-79.04469,2024-09-18T19:30:29.000000Z
2024,262.8128472222222,43.16757,-79.0447,2024-09-18T19:30:30.000000Z
2024,262.81285879629627,43.16757,-79.0447,2024-09-18T19:30:31.000000Z
2024,262.8128703703704,43.16757,-79.0447,2024-09-18T19:30:32.000000Z
2024,262.8128819444444,43.16757,-79.0447,2024-09-18T19:30:33.000000Z
2024,262.81289351851854,43.16757,-79.0447,2024-09-18T19:30:34.000000Z
2024,262.8129050925926,43.16757,-79.0447,2024-09-18T19:30:35.000000Z
2024,262.8129166666667,43.16757,-79.0447,2024-09-18T19:30:36.000000Z
2024,262.823125,43.16734,-79.04458,2024-09-18T19:45:18.000000Z
2024,262.8231365740741,43.16744,-79.04464,2024-09-18T19:45:19.000000Z
2024,262.82314814814816,43.16747,-79.04467,2024-09-18T19:45:20.000000Z
2024,262.8231597222222,43.1675,-79.04468,2024-09-18T19:45:21.000000Z
2024,262.8231712962963,43.16754,-79.0447,2024-09-18T19:45:22.000000Z
2024,262.8231828703704,43.16756,-79.0447,2024-09-18T19:45:23.000000Z
2024,262.8231944444445,43.16757,-79.0447,2024-09-18T19:45:24.000000Z
2024,262.82320601851853,43.16759,-79.0447,2024-09-18T19:45:25.000000Z
2024,262.8232175925926,43.16761,-79.0447,2024-09-18T19:45:26.000000Z
2024,262.8232291666667,43.16761,-79.0447,2024-09-18T19:45:27.000000Z
2024,262.82324074074074,43.16762,-79.0447,2024-09-18T19:45:28.000000Z
2024,262.82325231481485,43.16764,-79.0447,2024-09-18T19:45:29.000000Z
2024,262.8232638888889,43.16765,-79.0447,2024-09-18T19:45:30.000000Z
2024,262.82327546296295,43.16767,-79.0447,2024-09-18T19:45:31.000000Z
2024,262.8232986111111,43.16767,-79.0447,2024-09-18T19:45:33.000000Z
2024,262.8233101851852,43.16767,-79.0447,2024-09-18T19:45:34.000000Z
2024,262.8233217592593,43.16767,-79.0447,2024-09-18T19:45:35.000000Z
2024,262.8233333333334,43.16767,-79.0447,2024-09-18T19:45:36.000000Z
2024,262.82334490740743,43.16767,-79.04471,2024-09-18T19:45:37.000000Z
2024,262.8335300925926,43.16742,-79.04463,2024-09-18T20:00:17.000000Z
2024,262.83354166666663,43.16741,-79.04463,2024-09-18T20:00:18.000000Z
2024,262.83355324074074,43.1674,-79.04462,2024-09-18T20:00:19.000000Z
2024,262.8335648148148,43.16738,-79.04462,2024-09-18T20:00:20.000000Z
2024,262.83357638888884,43.16736,-79.04462,2024-09-18T20:00:21.000000Z
2024,262.83358796296295,43.16735,-79.0446,2024-09-18T20:00:22.000000Z
2024,262.833599537037,43.16734,-79.0446,2024-09-18T20:00:23.000000Z
2024,262.8336111111111,43.16733,-79.0446,2024-09-18T20:00:24.000000Z
2024,262.83362268518516,43.16732,-79.0446,2024-09-18T20:00:25.000000Z
2024,262.8336342592592,43.16731,-79.04459,2024-09-18T20:00:26.000000Z
2024,262.8336458333333,43.1673,-79.04458,2024-09-18T20:00:27.000000Z
2024,262.8336574074074,43.1673,-79.04457,2024-09-18T20:00:28.000000Z
2024,262.8336689814815,43.16729,-79.04457,2024-09-18T20:00:29.000000Z
2024,262.83368055555553,43.16729,-79.04457,2024-09-18T20:00:30.000000Z
2024,262.8336921296296,43.16742,-79.04463,2024-09-18T20:00:31.000000Z
2024,262.8337037037037,43.16743,-79.04463,2024-09-18T20:00:32.000000Z
2024,262.83371527777774,43.16743,-79.04463,2024-09-18T20:00:33.000000Z
2024,262.83372685185185,43.16742,-79.04463,2024-09-18T20:00:34.000000Z
2024,262.8337384259259,43.16742,-79.04463,2024-09-18T20:00:35.000000Z
2024,262.83375,43.16743,-79.04463,2024-09-18T20:00:36.000000Z
2024,262.84394675925927,43.1676,-79.04463,2024-09-18T20:15:17.000000Z
2024,262.8439583333333,43.1676,-79.04463,2024-09-18T20:15:18.000000Z
2024,262.8439699074074,43.1676,-79.04463,2024-09-18T20:15:19.000000Z
2024,262.8439814814815,43.1676,-79.04463,2024-09-18T20:15:20.000000Z
2024,262.84399305555553,43.16761,-79.04463,2024-09-18T20:15:21.000000Z
2024,262.84400462962964,43.16761,-79.04463,2024-09-18T20:15:22.000000Z
2024,262.8440162037037,43.16761,-79.04463,2024-09-18T20:15:23.000000Z
2024,262.8440277777778,43.16761,-79.04463,2024-09-18T20:15:24.000000Z
2024,262.84403935185185,43.16761,-79.04463,2024-09-18T20:15:25.000000Z
2024,262.8440509259259,43.16761,-79.04463,2024-09-18T20:15:26.000000Z
2024,262.8440625,43.16761,-79.04463,2024-09-18T20:15:27.000000Z
2024,262.84407407407406,43.16761,-79.04462,2024-09-18T20:15:28.000000Z
2024,262.84408564814817,43.1676,-79.04462,2024-09-18T20:15:29.000000Z
2024,262.8440972222222,43.16759,-79.04461,2024-09-18T20:15:30.000000Z
2024,262.84410879629627,43.16759,-79.04461,2024-09-18T20:15:31.000000Z
2024,262.8441203703704,43.16759,-79.04461,2024-09-18T20:15:32.000000Z
2024,262.8441319444444,43.16759,-79.04462,2024-09-18T20:15:33.000000Z
2024,262.84414351851854,43.16759,-79.04462,2024-09-18T20:15:34.000000Z
2024,262.8441550925926,43.16759,-79.04462,2024-09-18T20:15:35.000000Z
2024,262.8441666666667,43.16759,-79.04462,2024-09-18T20:15:36.000000Z
2024,262.8543634259259,43.16758,-79.04463,2024-09-18T20:30:17.000000Z
2024,262.85437499999995,43.16758,-79.04463,2024-09-18T20:30:18.000000Z
2024,262.85438657407406,43.16759,-79.04464,2024-09-18T20:30:19.000000Z
2024,262.8543981481481,43.16759,-79.04464,2024-09-18T20:30:20.000000Z
2024,262.85440972222216,43.16759,-79.04464,2024-09-18T20:30:21.000000Z
2024,262.85442129629627,43.1676,-79.04464,2024-09-18T20:30:22.000000Z
2024,262.8544328703703,43.1676,-79.04465,2024-09-18T20:30:23.000000Z
2024,262.8544444444444,43.1676,-79.04465,2024-09-18T20:30:24.000000Z
2024,262.8544560185185,43.16761,-79.04465,2024-09-18T20:30:25.000000Z
2024,262.8544675925925,43.16761,-79.04465,2024-09-18T20:30:26.000000Z
2024,262.85447916666664,43.16761,-79.04465,2024-09-18T20:30:27.000000Z
2024,262.8544907407407,43.16761,-79.04465,2024-09-18T20:30:28.000000Z
2024,262.8545023148148,43.16761,-79.04465,2024-09-18T20:30:29.000000Z
2024,262.85451388888885,43.1676,-79.04465,2024-09-18T20:30:30.000000Z
2024,262.8545254629629,43.1676,-79.04465,2024-09-18T20:30:31.000000Z
2024,262.854537037037,43.16759,-79.04464,2024-09-18T20:30:32.000000Z
2024,262.85454861111106,43.16759,-79.04464,2024-09-18T20:30:33.000000Z
2024,262.85456018518516,43.16759,-79.04463,2024-09-18T20:30:34.000000Z
2024,262.8545717592592,43.16758,-79.04463,2024-09-18T20:30:35.000000Z
2024,262.8647800925926,43.16741,-79.04453,2024-09-18T20:45:17.000000Z
2024,262.86479166666663,43.16742,-79.04453,2024-09-18T20:45:18.000000Z
2024,262.86480324074074,43.16743,-79.04454,2024-09-18T20:45:19.000000Z
2024,262.8648148148148,43.16744,-79.04455,2024-09-18T20:45:20.000000Z
2024,262.86482638888884,43.16744,-79.04456,2024-09-18T20:45:21.000000Z
2024,262.86483796296295,43.16744,-79.04457,2024-09-18T20:45:22.000000Z
2024,262.864849537037,43.16746,-79.04457,2024-09-18T20:45:23.000000Z
2024,262.8648611111111,43.16748,-79.04458,2024-09-18T20:45:24.000000Z
2024,262.86487268518516,43.16748,-79.04458,2024-09-18T20:45:25.000000Z
2024,262.8648842592592,43.16749,-79.0446,2024-09-18T20:45:26.000000Z
2024,262.8648958333333,43.16749,-79.0446,2024-09-18T20:45:27.000000Z
2024,262.8649074074074,43.16751,-79.0446,2024-09-18T20:45:28.000000Z
2024,262.8649189814815,43.16753,-79.04461,2024-09-18T20:45:29.000000Z
2024,262.86493055555553,43.16754,-79.04462,2024-09-18T20:45:30.000000Z
2024,262.8649421296296,43.16753,-79.04462,2024-09-18T20:45:31.000000Z
2024,262.8649537037037,43.16753,-79.04462,2024-09-18T20:45:32.000000Z
2024,262.86496527777774,43.16753,-79.04461,2024-09-18T20:45:33.000000Z
2024,262.86497685185185,43.16752,-79.04461,2024-09-18T20:45:34.000000Z
2024,262.8649884259259,43.16752,-79.0446,2024-09-18T20:45:35.000000Z
2024,262.865,43.16752,-79.0446,2024-09-18T20:45:36.000000Z
2024,262.87519675925927,43.16753,-79.04466,2024-09-18T21:00:17.000000Z
2024,262.8752083333333,43.16753,-79.04465,2024-09-18T21:00:18.000000Z
2024,262.8752199074074,43.16753,-79.04465,2024-09-18T21:00:19.000000Z
2024,262.8752314814815,43.16753,-79.04464,2024-09-18T21:00:20.000000Z
2024,262.87524305555553,43.16753,-79.04464,2024-09-18T21:00:21.000000Z
2024,262.87525462962964,43.16754,-79.04463,2024-09-18T21:00:22.000000Z
2024,262.8752662037037,43.16754,-79.04463,2024-09-18T21:00:23.000000Z
2024,262.8752777777778,43.16754,-79.04463,2024-09-18T21:00:24.000000Z
2024,262.87528935185185,43.16754,-79.04462,2024-09-18T21:00:25.000000Z
2024,262.8753009259259,43.16754,-79.04462,2024-09-18T21:00:26.000000Z
2024,262.8753125,43.16754,-79.04461,2024-09-18T21:00:27.000000Z
2024,262.87532407407406,43.16753,-79.04461,2024-09-18T21:00:28.000000Z
2024,262.87533564814817,43.16753,-79.0446,2024-09-18T21:00:29.000000Z
2024,262.8753472222222,43.16753,-79.0446,2024-09-18T21:00:30.000000Z
2024,262.87535879629627,43.16754,-79.0446,2024-09-18T21:00:31.000000Z
2024,262.8753703703704,43.16754,-79.0446,2024-09-18T21:00:32.000000Z
2024,262.8753819444444,43.16754,-79.0446,2024-09-18T21:00:33.000000Z
2024,262.87539351851854,43.16754,-79.0446,2024-09-18T21:00:34.000000Z
2024,262.8754050925926,43.16754,-79.0446,2024-09-18T21:00:35.000000Z
2024,262.88561342592595,43.16752,-79.04457,2024-09-18T21:15:17.000000Z
2024,262.8856365740741,43.16753,-79.04459,2024-09-18T21:15:19.000000Z
2024,262.88564814814816,43.16755,-79.04459,2024-09-18T21:15:20.000000Z
2024,262.8856597222222,43.16754,-79.04458,2024-09-18T21:15:21.000000Z
2024,262.8856712962963,43.16754,-79.04457,2024-09-18T21:15:22.000000Z
2024,262.8856828703704,43.16753,-79.04457,2024-09-18T21:15:23.000000Z
2024,262.8856944444445,43.16753,-79.04458,2024-09-18T21:15:24.000000Z
2024,262.88570601851853,43.16753,-79.04458,2024-09-18T21:15:25.000000Z
2024,262.8857175925926,43.16754,-79.04459,2024-09-18T21:15:26.000000Z
2024,262.8857291666667,43.16755,-79.04459,2024-09-18T21:15:27.000000Z
2024,262.88574074074074,43.16756,-79.04459,2024-09-18T21:15:28.000000Z
2024,262.88575231481485,43.16756,-79.04459,2024-09-18T21:15:29.000000Z
2024,262.8857638888889,43.16757,-79.04459,2024-09-18T21:15:30.000000Z
2024,262.88577546296295,43.16757,-79.04458,2024-09-18T21:15:31.000000Z
2024,262.88578703703706,43.16758,-79.04459,2024-09-18T21:15:32.000000Z
2024,262.8857986111111,43.16759,-79.04459,2024-09-18T21:15:33.000000Z
2024,262.8858101851852,43.16758,-79.04458,2024-09-18T21:15:34.000000Z
2024,262.8858217592593,43.16759,-79.04457,2024-09-18T21:15:35.000000Z
2024,262.8858333333334,43.16759,-79.04457,2024-09-18T21:15:36.000000Z
2024,262.88584490740743,43.16759,-79.04457,2024-09-18T21:15:37.000000Z
2024,262.89608796296295,43.1675,-79.04453,2024-09-18T21:30:22.000000Z
2024,262.896099537037,43.16749,-79.04453,2024-09-18T21:30:23.000000Z
2024,262.8961111111111,43.16748,-79.04454,2024-09-18T21:30:24.000000Z
2024,262.89612268518516,43.16748,-79.04454,2024-09-18T21:30:25.000000Z
2024,262.8961342592592,43.16748,-79.04454,2024-09-18T21:30:26.000000Z
2024,262.8961458333333,43.16748,-79.04455,2024-09-18T21:30:27.000000Z
2024,262.8961574074074,43.16747,-79.04455,2024-09-18T21:30:28.000000Z
2024,262.8961689814815,43.16748,-79.04455,2024-09-18T21:30:29.000000Z
2024,262.89618055555553,43.16748,-79.04456,2024-09-18T21:30:30.000000Z
2024,262.8961921296296,43.16749,-79.04456,2024-09-18T21:30:31.000000Z
2024,262.8962037037037,43.1675,-79.04457,2024-09-18T21:30:32.000000Z
2024,262.89621527777774,43.16751,-79.04457,2024-09-18T21:30:33.000000Z
2024,262.89622685185185,43.16751,-79.04457,2024-09-18T21:30:34.000000Z
2024,262.8962384259259,43.16751,-79.04457,2024-09-18T21:30:35.000000Z
2024,262.89625,43.16751,-79.04458,2024-09-18T21:30:36.000000Z
2024,262.89626157407406,43.16751,-79.04458,2024-09-18T21:30:37.000000Z
2024,262.8962731481481,43.16751,-79.04458,2024-09-18T21:30:38.000000Z
2024,262.8962847222222,43.1675,-79.04458,2024-09-18T21:30:39.000000Z
2024,262.8963078703704,43.1675,-79.04458,2024-09-18T21:30:41.000000Z
2024,262.90643518518516,43.1676,-79.04438,2024-09-18T21:45:16.000000Z
2024,262.90644675925927,43.1676,-79.04438,2024-09-18T21:45:17.000000Z
2024,262.9064583333333,43.1676,-79.04439,2024-09-18T21:45:18.000000Z
2024,262.9064699074074,43.1676,-79.04441,2024-09-18T21:45:19.000000Z
2024,262.9064814814815,43.16761,-79.04443,2024-09-18T21:45:20.000000Z
2024,262.90649305555553,43.16761,-79.04444,2024-09-18T21:45:21.000000Z
2024,262.90650462962964,43.16761,-79.04447,2024-09-18T21:45:22.000000Z
2024,262.9065162037037,43.16761,-79.04447,2024-09-18T21:45:23.000000Z
2024,262.9065277777778,43.16761,-79.04448,2024-09-18T21:45:24.000000Z
2024,262.90653935185185,43.16761,-79.04448,2024-09-18T21:45:25.000000Z
2024,262.9065509259259,43.16761,-79.04449,2024-09-18T21:45:26.000000Z
2024,262.9065625,43.16761,-79.0445,2024-09-18T21:45:27.000000Z
2024,262.90657407407406,43.16761,-79.0445,2024-09-18T21:45:28.000000Z
2024,262.90658564814817,43.1676,-79.04451,2024-09-18T21:45:29.000000Z
2024,262.9065972222222,43.1676,-79.04452,2024-09-18T21:45:30.000000Z
2024,262.90660879629627,43.1676,-79.04453,2024-09-18T21:45:31.000000Z
2024,262.9066203703704,43.16759,-79.04454,2024-09-18T21:45:32.000000Z
2024,262.9066319444444,43.16759,-79.04454,2024-09-18T21:45:33.000000Z
2024,262.90664351851854,43.16759,-79.04454,2024-09-18T21:45:34.000000Z
2024,262.91685185185185,43.16767,-79.04468,2024-09-18T22:00:16.000000Z
2024,262.91686342592595,43.16768,-79.04467,2024-09-18T22:00:17.000000Z
2024,262.916875,43.16769,-79.04466,2024-09-18T22:00:18.000000Z
2024,262.9168865740741,43.16769,-79.04465,2024-09-18T22:00:19.000000Z
2024,262.91689814814816,43.16769,-79.04465,2024-09-18T22:00:20.000000Z
2024,262.9169097222222,43.16769,-79.04464,2024-09-18T22:00:21.000000Z
2024,262.9169212962963,43.16769,-79.04464,2024-09-18T22:00:22.000000Z
2024,262.9169328703704,43.16769,-79.04463,2024-09-18T22:00:23.000000Z
2024,262.9169444444445,43.16769,-79.04463,2024-09-18T22:00:24.000000Z
2024,262.91695601851853,43.16769,-79.04463,2024-09-18T22:00:25.000000Z
2024,262.9169675925926,43.16769,-79.04463,2024-09-18T22:00:26.000000Z
2024,262.9169791666667,43.16768,-79.04463,2024-09-18T22:00:27.000000Z
2024,262.91699074074074,43.16768,-79.04463,2024-09-18T22:00:28.000000Z
2024,262.91700231481485,43.16767,-79.04462,2024-09-18T22:00:29.000000Z
2024,262.9170138888889,43.16767,-79.04462,2024-09-18T22:00:30.000000Z
2024,262.91702546296295,43.16761,-79.04464,2024-09-18T22:00:31.000000Z
2024,262.91703703703706,43.16758,-79.04465,2024-09-18T22:00:32.000000Z
2024,262.9170486111111,43.16756,-79.04466,2024-09-18T22:00:33.000000Z
2024,262.9170601851852,43.16754,-79.04467,2024-09-18T22:00:34.000000Z
2024,262.9170717592593,43.16752,-79.04467,2024-09-18T22:00:35.000000Z
2024,262.92726851851853,43.16753,-79.04454,2024-09-18T22:15:16.000000Z
2024,262.92728009259264,43.16754,-79.04455,2024-09-18T22:15:17.000000Z
2024,262.9272916666667,43.16756,-79.04457,2024-09-18T22:15:18.000000Z
2024,262.92731481481485,43.16754,-79.04454,2024-09-18T22:15:20.000000Z
2024,262.9273263888889,43.16754,-79.04455,2024-09-18T22:15:21.000000Z
2024,262.927337962963,43.16753,-79.04455,2024-09-18T22:15:22.000000Z
2024,262.92734953703706,43.16753,-79.04455,2024-09-18T22:15:23.000000Z
2024,262.92736111111117,43.16753,-79.04455,2024-09-18T22:15:24.000000Z
2024,262.9273726851852,43.16753,-79.04454,2024-09-18T22:15:25.000000Z
2024,262.92738425925927,43.16752,-79.04454,2024-09-18T22:15:26.000000Z
2024,262.9273958333334,43.16751,-79.04454,2024-09-18T22:15:27.000000Z
2024,262.92740740740743,43.16751,-79.04454,2024-09-18T22:15:28.000000Z
2024,262.92741898148154,43.16751,-79.04455,2024-09-18T22:15:29.000000Z
2024,262.9274305555556,43.1675,-79.04455,2024-09-18T22:15:30.000000Z
2024,262.92744212962964,43.1675,-79.04455,2024-09-18T22:15:31.000000Z
2024,262.92745370370375,43.1675,-79.04456,2024-09-18T22:15:32.000000Z
2024,262.9274652777778,43.1675,-79.04456,2024-09-18T22:15:33.000000Z
2024,262.9274768518519,43.1675,-79.04457,2024-09-18T22:15:34.000000Z
2024,262.92748842592596,43.1675,-79.04457,2024-09-18T22:15:35.000000Z
2024,262.93768518518516,43.16745,-79.0445,2024-09-18T22:30:16.000000Z
2024,262.93769675925927,43.16745,-79.0445,2024-09-18T22:30:17.000000Z
2024,262.9377083333333,43.16745,-79.04449,2024-09-18T22:30:18.000000Z
2024,262.9377199074074,43.16745,-79.04448,2024-09-18T22:30:19.000000Z
2024,262.9377314814815,43.16745,-79.04448,2024-09-18T22:30:20.000000Z
2024,262.93774305555553,43.16745,-79.04448,2024-09-18T22:30:21.000000Z
2024,262.93775462962964,43.16746,-79.04448,2024-09-18T22:30:22.000000Z
2024,262.9377662037037,43.16746,-79.04448,2024-09-18T22:30:23.000000Z
2024,262.9377777777778,43.16746,-79.04448,2024-09-18T22:30:24.000000Z
2024,262.93778935185185,43.16746,-79.04449,2024-09-18T22:30:25.000000Z
2024,262.9378009259259,43.16747,-79.0445,2024-09-18T22:30:26.000000Z
2024,262.9378125,43.16747,-79.0445,2024-09-18T22:30:27.000000Z
2024,262.93782407407406,43.16747,-79.0445,2024-09-18T22:30:28.000000Z
2024,262.93783564814817,43.16747,-79.0445,2024-09-18T22:30:29.000000Z
2024,262.9378472222222,43.16747,-79.0445,2024-09-18T22:30:30.000000Z
2024,262.93785879629627,43.16747,-79.0445,2024-09-18T22:30:31.000000Z
2024,262.9378703703704,43.16747,-79.0445,2024-09-18T22:30:32.000000Z
2024,262.9378819444444,43.16747,-79.0445,2024-09-18T22:30:33.000000Z
2024,262.93789351851854,43.16747,-79.0445,2024-09-18T22:30:34.000000Z
2024,262.9379050925926,43.16747,-79.0445,2024-09-18T22:30:35.000000Z
2024,262.94810185185185,43.16745,-79.04449,2024-09-18T22:45:16.000000Z
2024,262.94811342592595,43.16744,-79.04449,2024-09-18T22:45:17.000000Z
2024,262.948125,43.16744,-79.0445,2024-09-18T22:45:18.000000Z
2024,262.9481365740741,43.16743,-79.0445,2024-09-18T22:45:19.000000Z
2024,262.94814814814816,43.16743,-79.0445,2024-09-18T22:45:20.000000Z
2024,262.9481597222222,43.16743,-79.0445,2024-09-18T22:45:21.000000Z
2024,262.9481712962963,43.16742,-79.04449,2024-09-18T22:45:22.000000Z
2024,262.9481828703704,43.16742,-79.04449,2024-09-18T22:45:23.000000Z
2024,262.9481944444445,43.16742,-79.04449,2024-09-18T22:45:24.000000Z
2024,262.94820601851853,43.16741,-79.04448,2024-09-18T22:45:25.000000Z
2024,262.9482175925926,43.16741,-79.04448,2024-09-18T22:45:26.000000Z
2024,262.9482291666667,43.16741,-79.04448,2024-09-18T22:45:27.000000Z
2024,262.94824074074074,43.16741,-79.04447,2024-09-18T22:45:28.000000Z
2024,262.94825231481485,43.16741,-79.04447,2024-09-18T22:45:29.000000Z
2024,262.9482638888889,43.16741,-79.04447,2024-09-18T22:45:30.000000Z
2024,262.94827546296295,43.16742,-79.04448,2024-09-18T22:45:31.000000Z
2024,262.94828703703706,43.16742,-79.04448,2024-09-18T22:45:32.000000Z
2024,262.9482986111111,43.16742,-79.04448,2024-09-18T22:45:33.000000Z
2024,262.9483101851852,43.16742,-79.04448,2024-09-18T22:45:34.000000Z
2024,262.9483217592593,43.16742,-79.04448,2024-09-18T22:45:35.000000Z
2024,262.9585185185185,43.16744,-79.04452,2024-09-18T23:00:16.000000Z
2024,262.9585300925926,43.16744,-79.04452,2024-09-18T23:00:17.000000Z
2024,262.95854166666663,43.16744,-79.04452,2024-09-18T23:00:18.000000Z
2024,262.95855324074074,43.16745,-79.04453,2024-09-18T23:00:19.000000Z
2024,262.9585648148148,43.16745,-79.04453,2024-09-18T23:00:20.000000Z
2024,262.95857638888884,43.16744,-79.04453,2024-09-18T23:00:21.000000Z
2024,262.95858796296295,43.16744,-79.04453,2024-09-18T23:00:22.000000Z
2024,262.958599537037,43.16744,-79.04453,2024-09-18T23:00:23.000000Z
2024,262.9586111111111,43.16743,-79.04453,2024-09-18T23:00:24.000000Z
2024,262.95862268518516,43.16743,-79.04453,2024-09-18T23:00:25.000000Z
2024,262.9586342592592,43.16743,-79.04452,2024-09-18T23:00:26.000000Z
2024,262.9586458333333,43.16743,-79.04452,2024-09-18T23:00:27.000000Z
2024,262.9586574074074,43.16743,-79.04452,2024-09-18T23:00:28.000000Z
2024,262.9586689814815,43.16743,-79.04452,2024-09-18T23:00:29.000000Z
2024,262.95868055555553,43.16743,-79.04452,2024-09-18T23:00:30.000000Z
2024,262.9586921296296,43.16743,-79.04451,2024-09-18T23:00:31.000000Z
2024,262.9587037037037,43.16744,-79.04451,2024-09-18T23:00:32.000000Z
2024,262.95871527777774,43.16744,-79.04451,2024-09-18T23:00:33.000000Z
2024,262.95872685185185,43.16744,-79.04451,2024-09-18T23:00:34.000000Z
2024,262.96893518518516,43.16745,-79.04452,2024-09-18T23:15:16.000000Z
2024,262.96894675925927,43.16747,-79.04454,2024-09-18T23:15:17.000000Z
2024,262.9689583333333,43.16748,-79.04456,2024-09-18T23:15:18.000000Z
2024,262.9689699074074,43.1675,-79.04458,2024-09-18T23:15:19.000000Z
2024,262.9689814814815,43.16753,-79.0446,2024-09-18T23:15:20.000000Z
2024,262.96899305555553,43.16753,-79.0446,2024-09-18T23:15:21.000000Z
2024,262.96900462962964,43.16754,-79.04461,2024-09-18T23:15:22.000000Z
2024,262.9690162037037,43.16755,-79.04462,2024-09-18T23:15:23.000000Z
2024,262.9690277777778,43.16756,-79.04463,2024-09-18T23:15:24.000000Z
2024,262.96903935185185,43.16756,-79.04464,2024-09-18T23:15:25.000000Z
2024,262.9690509259259,43.16757,-79.04466,2024-09-18T23:15:26.000000Z
2024,262.9690625,43.16757,-79.04467,2024-09-18T23:15:27.000000Z
2024,262.96907407407406,43.16757,-79.04467,2024-09-18T23:15:28.000000Z
2024,262.96908564814817,43.16757,-79.04467,2024-09-18T23:15:29.000000Z
2024,262.9690972222222,43.16757,-79.04467,2024-09-18T23:15:30.000000Z
2024,262.96910879629627,43.16754,-79.04465,2024-09-18T23:15:31.000000Z
2024,262.9691203703704,43.16753,-79.04464,2024-09-18T23:15:32.000000Z
2024,262.9691319444444,43.16751,-79.04463,2024-09-18T23:15:33.000000Z
2024,262.96914351851854,43.16749,-79.04462,2024-09-18T23:15:34.000000Z
2024,262.9793518518518,43.16742,-79.04452,2024-09-18T23:30:16.000000Z
2024,262.9793634259259,43.16742,-79.04452,2024-09-18T23:30:17.000000Z
2024,262.97937499999995,43.16742,-79.04452,2024-09-18T23:30:18.000000Z
2024,262.97938657407406,43.16742,-79.04452,2024-09-18T23:30:19.000000Z
2024,262.9793981481481,43.16742,-79.04451,2024-09-18T23:30:20.000000Z
2024,262.97940972222216,43.16742,-79.04452,2024-09-18T23:30:21.000000Z
2024,262.97942129629627,43.16742,-79.04451,2024-09-18T23:30:22.000000Z
2024,262.9794328703703,43.16741,-79.04451,2024-09-18T23:30:23.000000Z
2024,262.9794444444444,43.16741,-79.0445,2024-09-18T23:30:24.000000Z
2024,262.9794560185185,43.16741,-79.0445,2024-09-18T23:30:25.000000Z
2024,262.9794675925925,43.16741,-79.0445,2024-09-18T23:30:26.000000Z
2024,262.97947916666664,43.16741,-79.0445,2024-09-18T23:30:27.000000Z
2024,262.9794907407407,43.16741,-79.04451,2024-09-18T23:30:28.000000Z
2024,262.9795023148148,43.16741,-79.04451,2024-09-18T23:30:29.000000Z
2024,262.97951388888885,43.16741,-79.04452,2024-09-18T23:30:30.000000Z
2024,262.979537037037,43.16742,-79.04454,2024-09-18T23:30:32.000000Z
2024,262.97954861111106,43.16743,-79.04454,2024-09-18T23:30:33.000000Z
2024,262.97956018518516,43.16743,-79.04455,2024-09-18T23:30:34.000000Z
2024,262.9795717592592,43.16743,-79.04456,2024-09-18T23:30:35.000000Z
2024,262.9897685185185,43.16736,-79.04452,2024-09-18T23:45:16.000000Z
2024,262.9897800925926,43.16738,-79.04453,2024-09-18T23:45:17.000000Z
2024,262.98979166666663,43.16738,-79.04453,2024-09-18T23:45:18.000000Z
2024,262.98980324074074,43.1674,-79.04453,2024-09-18T23:45:19.000000Z
2024,262.9898148148148,43.1674,-79.04453,2024-09-18T23:45:20.000000Z
2024,262.98982638888884,43.16741,-79.04454,2024-09-18T23:45:21.000000Z
2024,262.98983796296295,43.16742,-79.04454,2024-09-18T23:45:22.000000Z
2024,262.989849537037,43.16743,-79.04454,2024-09-18T23:45:23.000000Z
2024,262.9898611111111,43.16744,-79.04455,2024-09-18T23:45:24.000000Z
2024,262.98987268518516,43.16744,-79.04455,2024-09-18T23:45:25.000000Z
2024,262.9898842592592,43.16745,-79.04456,2024-09-18T23:45:26.000000Z
2024,262.9898958333333,43.16745,-79.04456,2024-09-18T23:45:27.000000Z
2024,262.9899074074074,43.16745,-79.04456,2024-09-18T23:45:28.000000Z
2024,262.9899189814815,43.16745,-79.04456,2024-09-18T23:45:29.000000Z
2024,262.98993055555553,43.16744,-79.04456,2024-09-18T23:45:30.000000Z
2024,262.9899421296296,43.16744,-79.04456,2024-09-18T23:45:31.000000Z
2024,262.9899537037037,43.16744,-79.04456,2024-09-18T23:45:32.000000Z
2024,262.98996527777774,43.16744,-79.04456,2024-09-18T23:45:33.000000Z
2024,262.98997685185185,43.16744,-79.04456,2024-09-18T23:45:34.000000Z
2024,263.00018518518516,43.16757,-79.04466,2024-09-19T00:00:16.000000Z
2024,263.00019675925927,43.16756,-79.04464,2024-09-19T00:00:17.000000Z
2024,263.0002083333333,43.16757,-79.04464,2024-09-19T00:00:18.000000Z
2024,263.0002199074074,43.16756,-79.04463,2024-09-19T00:00:19.000000Z
2024,263.0002314814815,43.16755,-79.04463,2024-09-19T00:00:20.000000Z
2024,263.00024305555553,43.16754,-79.04462,2024-09-19T00:00:21.000000Z
2024,263.00025462962964,43.16754,-79.04462,2024-09-19T00:00:22.000000Z
2024,263.0002662037037,43.16754,-79.04461,2024-09-19T00:00:23.000000Z
2024,263.0002777777778,43.16753,-79.0446,2024-09-19T00:00:24.000000Z
2024,263.00028935185185,43.16753,-79.0446,2024-09-19T00:00:25.000000Z
2024,263.0003009259259,43.16752,-79.0446,2024-09-19T00:00:26.000000Z
2024,263.0003125,43.16751,-79.0446,2024-09-19T00:00:27.000000Z
2024,263.00032407407406,43.16751,-79.0446,2024-09-19T00:00:28.000000Z
2024,263.00033564814817,43.16751,-79.0446,2024-09-19T00:00:29.000000Z
2024,263.0003472222222,43.16751,-79.0446,2024-09-19T00:00:30.000000Z
2024,263.00035879629627,43.1675,-79.04459,2024-09-19T00:00:31.000000Z
2024,263.0003703703704,43.16751,-79.04459,2024-09-19T00:00:32.000000Z
2024,263.0003819444444,43.1675,-79.04459,2024-09-19T00:00:33.000000Z
2024,263.00039351851854,43.1675,-79.04458,2024-09-19T00:00:34.000000Z
2024,263.01060185185185,43.16792,-79.04476,2024-09-19T00:15:16.000000Z
2024,263.01061342592595,43.16791,-79.04476,2024-09-19T00:15:17.000000Z
2024,263.010625,43.16791,-79.04476,2024-09-19T00:15:18.000000Z
2024,263.0106365740741,43.16792,-79.04476,2024-09-19T00:15:19.000000Z
2024,263.01064814814816,43.16792,-79.04477,2024-09-19T00:15:20.000000Z
2024,263.0106597222222,43.16791,-79.04476,2024-09-19T00:15:21.000000Z
2024,263.0106712962963,43.1679,-79.04476,2024-09-19T00:15:22.000000Z
2024,263.0106828703704,43.16789,-79.04476,2024-09-19T00:15:23.000000Z
2024,263.0106944444445,43.16789,-79.04476,2024-09-19T00:15:24.000000Z
2024,263.01070601851853,43.16789,-79.04476,2024-09-19T00:15:25.000000Z
2024,263.0107175925926,43.16788,-79.04476,2024-09-19T00:15:26.000000Z
2024,263.0107291666667,43.16788,-79.04476,2024-09-19T00:15:27.000000Z
2024,263.01074074074074,43.16788,-79.04476,2024-09-19T00:15:28.000000Z
2024,263.01075231481485,43.16788,-79.04476,2024-09-19T00:15:29.000000Z
2024,263.0107638888889,43.16786,-79.04476,2024-09-19T00:15:30.000000Z
2024,263.01077546296295,43.16781,-79.04473,2024-09-19T00:15:31.000000Z
2024,263.01078703703706,43.16779,-79.04472,2024-09-19T00:15:32.000000Z
2024,263.0107986111111,43.16775,-79.0447,2024-09-19T00:15:33.000000Z
2024,263.0108101851852,43.16771,-79.04468,2024-09-19T00:15:34.000000Z
2024,263.0108217592593,43.16769,-79.04467,2024-09-19T00:15:35.000000Z
2024,263.0210185185185,43.16796,-79.04477,2024-09-19T00:30:16.000000Z
2024,263.0210300925926,43.16789,-79.04475,2024-09-19T00:30:17.000000Z
2024,263.0210648148148,43.16753,-79.04456,2024-09-19T00:30:20.000000Z
2024,263.02107638888884,43.16753,-79.04456,2024-09-19T00:30:21.000000Z
2024,263.02108796296295,43.16754,-79.04456,2024-09-19T00:30:22.000000Z
2024,263.021099537037,43.16754,-79.04457,2024-09-19T00:30:23.000000Z
2024,263.0211111111111,43.16755,-79.04457,2024-09-19T00:30:24.000000Z
2024,263.02112268518516,43.16755,-79.04457,2024-09-19T00:30:25.000000Z
2024,263.0211342592592,43.16755,-79.04457,2024-09-19T00:30:26.000000Z
2024,263.0211458333333,43.16755,-79.04457,2024-09-19T00:30:27.000000Z
2024,263.0211574074074,43.16754,-79.04457,2024-09-19T00:30:28.000000Z
2024,263.0211689814815,43.16754,-79.04457,2024-09-19T00:30:29.000000Z
2024,263.02118055555553,43.1675,-79.0445,2024-09-19T00:30:30.000000Z
2024,263.0211921296296,43.16749,-79.04449,2024-09-19T00:30:31.000000Z
2024,263.0212037037037,43.16748,-79.04448,2024-09-19T00:30:32.000000Z
2024,263.02121527777774,43.16748,-79.04449,2024-09-19T00:30:33.000000Z
2024,263.02122685185185,43.16746,-79.04449,2024-09-19T00:30:34.000000Z
2024,263.0212384259259,43.16746,-79.04449,2024-09-19T00:30:35.000000Z
2024,263.02125,43.16745,-79.0445,2024-09-19T00:30:36.000000Z
2024,263.02126157407406,43.16745,-79.0445,2024-09-19T00:30:37.000000Z
2024,263.03143518518516,43.16736,-79.04431,2024-09-19T00:45:16.000000Z
2024,263.03144675925927,43.16736,-79.04431,2024-09-19T00:45:17.000000Z
2024,263.0314583333333,43.16736,-79.04431,2024-09-19T00:45:18.000000Z
2024,263.0314699074074,43.16737,-79.04431,2024-09-19T00:45:19.000000Z
2024,263.0314814814815,43.16738,-79.04431,2024-09-19T00:45:20.000000Z
2024,263.03149305555553,43.16738,-79.04432,2024-09-19T00:45:21.000000Z
2024,263.03150462962964,43.1674,-79.04434,2024-09-19T00:45:22.000000Z
2024,263.0315162037037,43.16741,-79.04435,2024-09-19T00:45:23.000000Z
2024,263.0315277777778,43.16741,-79.04436,2024-09-19T00:45:24.000000Z
2024,263.03153935185185,43.16742,-79.04437,2024-09-19T00:45:25.000000Z
2024,263.0315509259259,43.16743,-79.04438,2024-09-19T00:45:26.000000Z
2024,263.0315625,43.16743,-79.04439,2024-09-19T00:45:27.000000Z
2024,263.03157407407406,43.16744,-79.04439,2024-09-19T00:45:28.000000Z
2024,263.03158564814817,43.16744,-79.0444,2024-09-19T00:45:29.000000Z
2024,263.0315972222222,43.16744,-79.04441,2024-09-19T00:45:30.000000Z
2024,263.03160879629627,43.16745,-79.04441,2024-09-19T00:45:31.000000Z
2024,263.0316203703704,43.16746,-79.04441,2024-09-19T00:45:32.000000Z
2024,263.0316319444444,43.16746,-79.04442,2024-09-19T00:45:33.000000Z
2024,263.03164351851854,43.16746,-79.04442,2024-09-19T00:45:34.000000Z
2024,263.04185185185185,43.16755,-79.04454,2024-09-19T01:00:16.000000Z
2024,263.04186342592595,43.16754,-79.04453,2024-09-19T01:00:17.000000Z
2024,263.041875,43.16754,-79.04453,2024-09-19T01:00:18.000000Z
2024,263.0418865740741,43.16753,-79.04452,2024-09-19T01:00:19.000000Z
2024,263.04189814814816,43.16753,-79.04452,2024-09-19T01:00:20.000000Z
2024,263.0419097222222,43.16752,-79.04451,2024-09-19T01:00:21.000000Z
2024,263.0419212962963,43.16752,-79.04451,2024-09-19T01:00:22.000000Z
2024,263.0419328703704,43.16751,-79.0445,2024-09-19T01:00:23.000000Z
2024,263.0419444444445,43.16751,-79.0445,2024-09-19T01:00:24.000000Z
2024,263.04195601851853,43.1675,-79.04449,2024-09-19T01:00:25.000000Z
2024,263.0419675925926,43.16749,-79.04448,2024-09-19T01:00:26.000000Z
2024,263.0419791666667,43.16748,-79.04448,2024-09-19T01:00:27.000000Z
2024,263.04199074074074,43.16748,-79.04448,2024-09-19T01:00:28.000000Z
2024,263.04200231481485,43.16748,-79.04448,2024-09-19T01:00:29.000000Z
2024,263.0420138888889,43.16749,-79.04448,2024-09-19T01:00:30.000000Z
2024,263.04202546296295,43.16749,-79.04449,2024-09-19T01:00:31.000000Z
2024,263.04203703703706,43.16749,-79.04449,2024-09-19T01:00:32.000000Z
2024,263.0420486111111,43.16749,-79.04449,2024-09-19T01:00:33.000000Z
2024,263.0420601851852,43.16751,-79.0445,2024-09-19T01:00:34.000000Z
2024,263.0420717592593,43.16753,-79.04451,2024-09-19T01:00:35.000000Z
2024,263.05226851851853,43.16757,-79.04441,2024-09-19T01:15:16.000000Z
2024,263.05228009259264,43.16757,-79.04444,2024-09-19T01:15:17.000000Z
2024,263.0522916666667,43.16757,-79.04447,2024-09-19T01:15:18.000000Z
2024,263.0523032407408,43.16758,-79.04449,2024-09-19T01:15:19.000000Z
2024,263.05231481481485,43.16758,-79.04448,2024-09-19T01:15:20.000000Z
2024,263.0523263888889,43.16758,-79.04447,2024-09-19T01:15:21.000000Z
2024,263.052337962963,43.16758,-79.04446,2024-09-19T01:15:22.000000Z
2024,263.05234953703706,43.16758,-79.04445,2024-09-19T01:15:23.000000Z
2024,263.05236111111117,43.16758,-79.04444,2024-09-19T01:15:24.000000Z
2024,263.0523726851852,43.16759,-79.04444,2024-09-19T01:15:25.000000Z
2024,263.05238425925927,43.16759,-79.04444,2024-09-19T01:15:26.000000Z
2024,263.0523958333334,43.16759,-79.04445,2024-09-19T01:15:27.000000Z
2024,263.05240740740743,43.16759,-79.04446,2024-09-19T01:15:28.000000Z
2024,263.05241898148154,43.1676,-79.04447,2024-09-19T01:15:29.000000Z
2024,263.0524305555556,43.16742,-79.04463,2024-09-19T01:15:30.000000Z
2024,263.05245370370375,43.16741,-79.0446,2024-09-19T01:15:32.000000Z
2024,263.0524652777778,43.16741,-79.04457,2024-09-19T01:15:33.000000Z
2024,263.0524768518519,43.16741,-79.04457,2024-09-19T01:15:34.000000Z
2024,263.05248842592596,43.16741,-79.04457,2024-09-19T01:15:35.000000Z
2024,263.05250000000007,43.16744,-79.04456,2024-09-19T01:15:36.000000Z
2024,263.06268518518516,43.16757,-79.04458,2024-09-19T01:30:16.000000Z
2024,263.06269675925927,43.16757,-79.04459,2024-09-19T01:30:17.000000Z
2024,263.0627083333333,43.16757,-79.0446,2024-09-19T01:30:18.000000Z
2024,263.0627199074074,43.16758,-79.0446,2024-09-19T01:30:19.000000Z
2024,263.0627314814815,43.16758,-79.0446,2024-09-19T01:30:20.000000Z
2024,263.06274305555553,43.16759,-79.0446,2024-09-19T01:30:21.000000Z
2024,263.06275462962964,43.16759,-79.0446,2024-09-19T01:30:22.000000Z
2024,263.0627662037037,43.1676,-79.04459,2024-09-19T01:30:23.000000Z
2024,263.0627777777778,43.1676,-79.04458,2024-09-19T01:30:24.000000Z
2024,263.06278935185185,43.1676,-79.04458,2024-09-19T01:30:25.000000Z
2024,263.0628009259259,43.1676,-79.04459,2024-09-19T01:30:26.000000Z
2024,263.0628125,43.1676,-79.04459,2024-09-19T01:30:27.000000Z
2024,263.06282407407406,43.1676,-79.0446,2024-09-19T01:30:28.000000Z
2024,263.06283564814817,43.1676,-79.0446,2024-09-19T01:30:29.000000Z
2024,263.0628472222222,43.1676,-79.0446,2024-09-19T01:30:30.000000Z
2024,263.06285879629627,43.16758,-79.04458,2024-09-19T01:30:31.000000Z
2024,263.0628703703704,43.16757,-79.04457,2024-09-19T01:30:32.000000Z
2024,263.0628819444444,43.16757,-79.04457,2024-09-19T01:30:33.000000Z
2024,263.06289351851854,43.16757,-79.04457,2024-09-19T01:30:34.000000Z
2024,263.0629050925926,43.16756,-79.04457,2024-09-19T01:30:35.000000Z
2024,263.07310185185185,43.16745,-79.04454,2024-09-19T01:45:16.000000Z
2024,263.07311342592595,43.16745,-79.04454,2024-09-19T01:45:17.000000Z
2024,263.073125,43.16745,-79.04454,2024-09-19T01:45:18.000000Z
2024,263.0731365740741,43.16745,-79.04453,2024-09-19T01:45:19.000000Z
2024,263.07314814814816,43.16745,-79.04453,2024-09-19T01:45:20.000000Z
2024,263.0731597222222,43.16745,-79.04452,2024-09-19T01:45:21.000000Z
2024,263.0731712962963,43.16745,-79.04452,2024-09-19T01:45:22.000000Z
2024,263.0731828703704,43.16745,-79.04451,2024-09-19T01:45:23.000000Z
2024,263.0731944444445,43.16744,-79.04451,2024-09-19T01:45:24.000000Z
2024,263.07320601851853,43.16745,-79.0445,2024-09-19T01:45:25.000000Z
2024,263.0732175925926,43.16745,-79.0445,2024-09-19T01:45:26.000000Z
2024,263.0732291666667,43.16745,-79.0445,2024-09-19T01:45:27.000000Z
2024,263.07324074074074,43.16745,-79.0445,2024-09-19T01:45:28.000000Z
2024,263.07325231481485,43.16745,-79.0445,2024-09-19T01:45:29.000000Z
2024,263.0732638888889,43.16745,-79.0445,2024-09-19T01:45:30.000000Z
2024,263.07327546296295,43.16745,-79.0445,2024-09-19T01:45:31.000000Z
2024,263.07328703703706,43.16746,-79.0445,2024-09-19T01:45:32.000000Z
2024,263.0732986111111,43.16746,-79.0445,2024-09-19T01:45:33.000000Z
2024,263.0733101851852,43.16746,-79.0445,2024-09-19T01:45:34.000000Z
2024,263.0835185185185,43.16764,-79.04466,2024-09-19T02:00:16.000000Z
2024,263.0835300925926,43.16763,-79.04466,2024-09-19T02:00:17.000000Z
2024,263.08354166666663,43.16763,-79.04465,2024-09-19T02:00:18.000000Z
2024,263.08355324074074,43.16762,-79.04465,2024-09-19T02:00:19.000000Z
2024,263.0835648148148,43.16762,-79.04465,2024-09-19T02:00:20.000000Z
2024,263.08357638888884,43.16762,-79.04465,2024-09-19T02:00:21.000000Z
2024,263.08358796296295,43.16762,-79.04464,2024-09-19T02:00:22.000000Z
2024,263.083599537037,43.16761,-79.04464,2024-09-19T02:00:23.000000Z
2024,263.0836111111111,43.16761,-79.04464,2024-09-19T02:00:24.000000Z
2024,263.08362268518516,43.16761,-79.04464,2024-09-19T02:00:25.000000Z
2024,263.0836342592592,43.16761,-79.04464,2024-09-19T02:00:26.000000Z
2024,263.0836458333333,43.16761,-79.04464,2024-09-19T02:00:27.000000Z
2024,263.0836574074074,43.16761,-79.04464,2024-09-19T02:00:28.000000Z
2024,263.0836689814815,43.16761,-79.04464,2024-09-19T02:00:29.000000Z
2024,263.08368055555553,43.1676,-79.04464,2024-09-19T02:00:30.000000Z
2024,263.0836921296296,43.1676,-79.04464,2024-09-19T02:00:31.000000Z
2024,263.0837037037037,43.1676,-79.04464,2024-09-19T02:00:32.000000Z
2024,263.0837384259259,43.1676,-79.04464,2024-09-19T02:00:35.000000Z
2024,263.08375,43.1676,-79.04464,2024-09-19T02:00:36.000000Z
2024,263.09393518518516,43.16757,-79.04458,2024-09-19T02:15:16.000000Z
2024,263.09394675925927,43.16756,-79.04457,2024-09-19T02:15:17.000000Z
2024,263.0939583333333,43.16756,-79.04457,2024-09-19T02:15:18.000000Z
2024,263.0939699074074,43.16756,-79.04457,2024-09-19T02:15:19.000000Z
2024,263.0939814814815,43.16756,-79.04457,2024-09-19T02:15:20.000000Z
2024,263.09399305555553,43.16756,-79.04458,2024-09-19T02:15:21.000000Z
2024,263.09400462962964,43.16756,-79.04458,2024-09-19T02:15:22.000000Z
2024,263.0940162037037,43.16756,-79.04459,2024-09-19T02:15:23.000000Z
2024,263.0940277777778,43.16757,-79.04459,2024-09-19T02:15:24.000000Z
2024,263.09403935185185,43.16757,-79.0446,2024-09-19T02:15:25.000000Z
2024,263.0940509259259,43.16757,-79.0446,2024-09-19T02:15:26.000000Z
2024,263.0940625,43.16757,-79.0446,2024-09-19T02:15:27.000000Z
2024,263.09407407407406,43.16757,-79.0446,2024-09-19T02:15:28.000000Z
2024,263.09408564814817,43.16757,-79.0446,2024-09-19T02:15:29.000000Z
2024,263.0940972222222,43.16757,-79.0446,2024-09-19T02:15:30.000000Z
2024,263.09410879629627,43.16757,-79.0446,2024-09-19T02:15:31.000000Z
2024,263.0941203703704,43.16757,-79.04459,2024-09-19T02:15:32.000000Z
2024,263.0941319444444,43.16757,-79.04458,2024-09-19T02:15:33.000000Z
2024,263.09414351851854,43.16757,-79.04458,2024-09-19T02:15:34.000000Z
2024,263.0941550925926,43.16757,-79.04457,2024-09-19T02:15:35.000000Z
2024,263.1043518518518,43.16757,-79.04459,2024-09-19T02:30:16.000000Z
2024,263.1043634259259,43.16758,-79.0446,2024-09-19T02:30:17.000000Z
2024,263.10437499999995,43.16759,-79.04461,2024-09-19T02:30:18.000000Z
2024,263.10438657407406,43.16761,-79.04462,2024-09-19T02:30:19.000000Z
2024,263.1043981481481,43.16762,-79.04463,2024-09-19T02:30:20.000000Z
2024,263.10440972222216,43.16763,-79.04463,2024-09-19T02:30:21.000000Z
2024,263.10442129629627,43.16764,-79.04464,2024-09-19T02:30:22.000000Z
2024,263.1044328703703,43.16765,-79.04465,2024-09-19T02:30:23.000000Z
2024,263.1044444444444,43.16765,-79.04465,2024-09-19T02:30:24.000000Z
2024,263.1044560185185,43.16765,-79.04465,2024-09-19T02:30:25.000000Z
2024,263.1044675925925,43.16765,-79.04465,2024-09-19T02:30:26.000000Z
2024,263.10447916666664,43.16765,-79.04465,2024-09-19T02:30:27.000000Z
2024,263.1044907407407,43.16765,-79.04464,2024-09-19T02:30:28.000000Z
2024,263.1045023148148,43.16765,-79.04464,2024-09-19T02:30:29.000000Z
2024,263.10451388888885,43.16765,-79.04465,2024-09-19T02:30:30.000000Z
2024,263.1045254629629,43.16765,-79.04465,2024-09-19T02:30:31.000000Z
2024,263.104537037037,43.16765,-79.04465,2024-09-19T02:30:32.000000Z
2024,263.10454861111106,43.16766,-79.04465,2024-09-19T02:30:33.000000Z
2024,263.10456018518516,43.16766,-79.04465,2024-09-19T02:30:34.000000Z
2024,263.1045717592592,43.16766,-79.04465,2024-09-19T02:30:35.000000Z
2024,263.1147569444444,43.16801,-79.04456,2024-09-19T02:45:15.000000Z
2024,263.1147685185185,43.168,-79.04463,2024-09-19T02:45:16.000000Z
2024,263.1147800925926,43.16799,-79.04467,2024-09-19T02:45:17.000000Z
2024,263.11479166666663,43.168,-79.04472,2024-09-19T02:45:18.000000Z
2024,263.11480324074074,43.168,-79.04474,2024-09-19T02:45:19.000000Z
2024,263.1148148148148,43.16801,-79.04476,2024-09-19T02:45:20.000000Z
2024,263.11482638888884,43.16801,-79.04478,2024-09-19T02:45:21.000000Z
2024,263.11483796296295,43.16801,-79.04479,2024-09-19T02:45:22.000000Z
2024,263.114849537037,43.16801,-79.04481,2024-09-19T02:45:23.000000Z
2024,263.1148611111111,43.16802,-79.04482,2024-09-19T02:45:24.000000Z
2024,263.11487268518516,43.16802,-79.04483,2024-09-19T02:45:25.000000Z
2024,263.1148842592592,43.16802,-79.04483,2024-09-19T02:45:26.000000Z
2024,263.1148958333333,43.16803,-79.04484,2024-09-19T02:45:27.000000Z
2024,263.1149074074074,43.16803,-79.04485,2024-09-19T02:45:28.000000Z
2024,263.1149189814815,43.16804,-79.04486,2024-09-19T02:45:29.000000Z
2024,263.11493055555553,43.16804,-79.04486,2024-09-19T02:45:30.000000Z
2024,263.1149421296296,43.16764,-79.04465,2024-09-19T02:45:31.000000Z
2024,263.11496527777774,43.16765,-79.04467,2024-09-19T02:45:33.000000Z
2024,263.11497685185185,43.16765,-79.04466,2024-09-19T02:45:34.000000Z
2024,263.1149884259259,43.16765,-79.04467,2024-09-19T02:45:35.000000Z
2024,263.12519675925927,43.16762,-79.04459,2024-09-19T03:00:17.000000Z
2024,263.1252083333333,43.16762,-79.0446,2024-09-19T03:00:18.000000Z
2024,263.1252199074074,43.16762,-79.0446,2024-09-19T03:00:19.000000Z
2024,263.1252314814815,43.16762,-79.0446,2024-09-19T03:00:20.000000Z
2024,263.12524305555553,43.16762,-79.0446,2024-09-19T03:00:21.000000Z
2024,263.12525462962964,43.16762,-79.0446,2024-09-19T03:00:22.000000Z
2024,263.1252662037037,43.16763,-79.0446,2024-09-19T03:00:23.000000Z
2024,263.1252777777778,43.16763,-79.0446,2024-09-19T03:00:24.000000Z
2024,263.12528935185185,43.16763,-79.0446,2024-09-19T03:00:25.000000Z
2024,263.1253009259259,43.16762,-79.0446,2024-09-19T03:00:26.000000Z
2024,263.12533564814817,43.16762,-79.0446,2024-09-19T03:00:29.000000Z
2024,263.1253472222222,43.16762,-79.0446,2024-09-19T03:00:30.000000Z
2024,263.1253819444444,43.16761,-79.0446,2024-09-19T03:00:33.000000Z
2024,263.12539351851854,43.16761,-79.0446,2024-09-19T03:00:34.000000Z
2024,263.1254050925926,43.16761,-79.04459,2024-09-19T03:00:35.000000Z
2024,263.1254166666667,43.1676,-79.04459,2024-09-19T03:00:36.000000Z
2024,263.12542824074075,43.1676,-79.04459,2024-09-19T03:00:37.000000Z
2024,263.1254398148148,43.16759,-79.04459,2024-09-19T03:00:38.000000Z
2024,263.1254513888889,43.16759,-79.04459,2024-09-19T03:00:39.000000Z
2024,263.12546296296296,43.16759,-79.04459,2024-09-19T03:00:40.000000Z
2024,263.1356712962963,43.1676,-79.04467,2024-09-19T03:15:22.000000Z
2024,263.1356828703704,43.16761,-79.04467,2024-09-19T03:15:23.000000Z
2024,263.1356944444445,43.16761,-79.04466,2024-09-19T03:15:24.000000Z
2024,263.13570601851853,43.16761,-79.04465,2024-09-19T03:15:25.000000Z
2024,263.1357175925926,43.1676,-79.04464,2024-09-19T03:15:26.000000Z
2024,263.1357291666667,43.1676,-79.04463,2024-09-19T03:15:27.000000Z
2024,263.13574074074074,43.16759,-79.04463,2024-09-19T03:15:28.000000Z
2024,263.13575231481485,43.16759,-79.04463,2024-09-19T03:15:29.000000Z
2024,263.1357638888889,43.16759,-79.04461,2024-09-19T03:15:30.000000Z
2024,263.1357986111111,43.16758,-79.0446,2024-09-19T03:15:33.000000Z
2024,263.1358101851852,43.16758,-79.04459,2024-09-19T03:15:34.000000Z
2024,263.1358217592593,43.16758,-79.04458,2024-09-19T03:15:35.000000Z
2024,263.1358333333334,43.16757,-79.04458,2024-09-19T03:15:36.000000Z
2024,263.13584490740743,43.16757,-79.04458,2024-09-19T03:15:37.000000Z
2024,263.1358564814815,43.16757,-79.04457,2024-09-19T03:15:38.000000Z
2024,263.1358680555556,43.16757,-79.04457,2024-09-19T03:15:39.000000Z
2024,263.13587962962964,43.16756,-79.04456,2024-09-19T03:15:40.000000Z
2024,263.13589120370375,43.16756,-79.04455,2024-09-19T03:15:41.000000Z
2024,263.1359027777778,43.16756,-79.04455,2024-09-19T03:15:42.000000Z
2024,263.13591435185185,43.16756,-79.04454,2024-09-19T03:15:43.000000Z
2024,263.1460069444444,43.16756,-79.04451,2024-09-19T03:30:15.000000Z
2024,263.1460185185185,43.16755,-79.04452,2024-09-19T03:30:16.000000Z
2024,263.1460300925926,43.16754,-79.04453,2024-09-19T03:30:17.000000Z
2024,263.14604166666663,43.16754,-79.04453,2024-09-19T03:30:18.000000Z
2024,263.14605324074074,43.16754,-79.04453,2024-09-19T03:30:19.000000Z
2024,263.1460648148148,43.16754,-79.04452,2024-09-19T03:30:20.000000Z
2024,263.14607638888884,43.16753,-79.04453,2024-09-19T03:30:21.000000Z
2024,263.14608796296295,43.16753,-79.04453,2024-09-19T03:30:22.000000Z
2024,263.146099537037,43.16752,-79.04454,2024-09-19T03:30:23.000000Z
2024,263.1461111111111,43.16751,-79.04453,2024-09-19T03:30:24.000000Z
2024,263.14612268518516,43.16751,-79.04453,2024-09-19T03:30:25.000000Z
2024,263.1461342592592,43.16751,-79.04453,2024-09-19T03:30:26.000000Z
2024,263.1461458333333,43.1675,-79.04453,2024-09-19T03:30:27.000000Z
2024,263.1461574074074,43.1675,-79.04453,2024-09-19T03:30:28.000000Z
2024,263.1461689814815,43.1675,-79.04454,2024-09-19T03:30:29.000000Z
2024,263.14618055555553,43.16749,-79.04454,2024-09-19T03:30:30.000000Z
2024,263.1461921296296,43.16749,-79.04454,2024-09-19T03:30:31.000000Z
2024,263.1462037037037,43.16749,-79.04454,2024-09-19T03:30:32.000000Z
2024,263.14621527777774,43.16749,-79.04454,2024-09-19T03:30:33.000000Z
2024,263.14625,43.16748,-79.04455,2024-09-19T03:30:36.000000Z
2024,263.15643518518516,43.16758,-79.04446,2024-09-19T03:45:16.000000Z
2024,263.15644675925927,43.16756,-79.04447,2024-09-19T03:45:17.000000Z
2024,263.1564583333333,43.16754,-79.04447,2024-09-19T03:45:18.000000Z
2024,263.1564699074074,43.16753,-79.04448,2024-09-19T03:45:19.000000Z
2024,263.1564814814815,43.16752,-79.04448,2024-09-19T03:45:20.000000Z
2024,263.15649305555553,43.16751,-79.04449,2024-09-19T03:45:21.000000Z
2024,263.1565162037037,43.16749,-79.0445,2024-09-19T03:45:23.000000Z
2024,263.1565277777778,43.16749,-79.0445,2024-09-19T03:45:24.000000Z
2024,263.15653935185185,43.16748,-79.0445,2024-09-19T03:45:25.000000Z
2024,263.1565509259259,43.16748,-79.0445,2024-09-19T03:45:26.000000Z
2024,263.1565625,43.16748,-79.0445,2024-09-19T03:45:27.000000Z
2024,263.15657407407406,43.16748,-79.04451,2024-09-19T03:45:28.000000Z
2024,263.15658564814817,43.16747,-79.04451,2024-09-19T03:45:29.000000Z
2024,263.1565972222222,43.16748,-79.04451,2024-09-19T03:45:30.000000Z
2024,263.1566319444444,43.16748,-79.04451,2024-09-19T03:45:33.000000Z
2024,263.15664351851854,43.16749,-79.04452,2024-09-19T03:45:34.000000Z
2024,263.1566550925926,43.16749,-79.04452,2024-09-19T03:45:35.000000Z
2024,263.1566666666667,43.16749,-79.04452,2024-09-19T03:45:36.000000Z
2024,263.15667824074075,43.1675,-79.04452,2024-09-19T03:45:37.000000Z
2024,263.16686342592595,43.16764,-79.04431,2024-09-19T04:00:17.000000Z
2024,263.166875,43.16762,-79.04432,2024-09-19T04:00:18.000000Z
2024,263.1668865740741,43.16761,-79.04433,2024-09-19T04:00:19.000000Z
2024,263.16689814814816,43.16759,-79.04435,2024-09-19T04:00:20.000000Z
2024,263.1669328703704,43.16754,-79.04441,2024-09-19T04:00:23.000000Z
2024,263.1669444444445,43.16753,-79.04441,2024-09-19T04:00:24.000000Z
2024,263.16695601851853,43.16751,-79.04442,2024-09-19T04:00:25.000000Z
2024,263.1669675925926,43.1675,-79.04444,2024-09-19T04:00:26.000000Z
2024,263.1669791666667,43.16749,-79.04444,2024-09-19T04:00:27.000000Z
2024,263.16699074074074,43.16748,-79.04445,2024-09-19T04:00:28.000000Z
2024,263.16700231481485,43.16747,-79.04446,2024-09-19T04:00:29.000000Z
2024,263.1670138888889,43.16746,-79.04447,2024-09-19T04:00:30.000000Z
2024,263.16702546296295,43.16745,-79.04447,2024-09-19T04:00:31.000000Z
2024,263.16703703703706,43.16745,-79.04447,2024-09-19T04:00:32.000000Z
2024,263.1670486111111,43.16744,-79.04447,2024-09-19T04:00:33.000000Z
2024,263.1670601851852,43.16744,-79.04448,2024-09-19T04:00:34.000000Z
2024,263.1670717592593,43.16743,-79.04448,2024-09-19T04:00:35.000000Z
2024,263.1670833333334,43.16743,-79.04448,2024-09-19T04:00:36.000000Z
2024,263.16709490740743,43.16743,-79.04448,2024-09-19T04:00:37.000000Z
2024,263.1671064814815,43.16743,-79.04449,2024-09-19T04:00:38.000000Z
2024,263.1772569444445,43.1675,-79.04454,2024-09-19T04:15:15.000000Z
2024,263.17726851851853,43.16751,-79.04454,2024-09-19T04:15:16.000000Z
2024,263.17728009259264,43.16751,-79.04454,2024-09-19T04:15:17.000000Z
2024,263.1772916666667,43.16751,-79.04454,2024-09-19T04:15:18.000000Z
2024,263.1773032407408,43.16751,-79.04454,2024-09-19T04:15:19.000000Z
2024,263.17731481481485,43.16751,-79.04454,2024-09-19T04:15:20.000000Z
2024,263.1773263888889,43.16751,-79.04454,2024-09-19T04:15:21.000000Z
2024,263.177337962963,43.16751,-79.04454,2024-09-19T04:15:22.000000Z
2024,263.17734953703706,43.16751,-79.04454,2024-09-19T04:15:23.000000Z
2024,263.17736111111117,43.16752,-79.04454,2024-09-19T04:15:24.000000Z
2024,263.1773726851852,43.16752,-79.04454,2024-09-19T04:15:25.000000Z
2024,263.17738425925927,43.16753,-79.04454,2024-09-19T04:15:26.000000Z
2024,263.1773958333334,43.16753,-79.04454,2024-09-19T04:15:27.000000Z
2024,263.17740740740743,43.16753,-79.04454,2024-09-19T04:15:28.000000Z
2024,263.17741898148154,43.16753,-79.04454,2024-09-19T04:15:29.000000Z
2024,263.1774305555556,43.16754,-79.04454,2024-09-19T04:15:30.000000Z
2024,263.17744212962964,43.16754,-79.04454,2024-09-19T04:15:31.000000Z
2024,263.17745370370375,43.16754,-79.04454,2024-09-19T04:15:32.000000Z
2024,263.1774652777778,43.16754,-79.04454,2024-09-19T04:15:33.000000Z
2024,263.1774768518519,43.16754,-79.04454,2024-09-19T04:15:34.000000Z
2024,263.18768518518516,43.16756,-79.04445,2024-09-19T04:30:16.000000Z
2024,263.18769675925927,43.16755,-79.04444,2024-09-19T04:30:17.000000Z
2024,263.1877083333333,43.16754,-79.04443,2024-09-19T04:30:18.000000Z
2024,263.1877199074074,43.16754,-79.04442,2024-09-19T04:30:19.000000Z
2024,263.1877314814815,43.16753,-79.04441,2024-09-19T04:30:20.000000Z
2024,263.18774305555553,43.16752,-79.04441,2024-09-19T04:30:21.000000Z
2024,263.18775462962964,43.16752,-79.04441,2024-09-19T04:30:22.000000Z
2024,263.1877662037037,43.16752,-79.0444,2024-09-19T04:30:23.000000Z
2024,263.1877777777778,43.16752,-79.0444,2024-09-19T04:30:24.000000Z
2024,263.18778935185185,43.16752,-79.0444,2024-09-19T04:30:25.000000Z
2024,263.1878009259259,43.16752,-79.04441,2024-09-19T04:30:26.000000Z
2024,263.1878125,43.16752,-79.04441,2024-09-19T04:30:27.000000Z
2024,263.18782407407406,43.16752,-79.04441,2024-09-19T04:30:28.000000Z
2024,263.18783564814817,43.16752,-79.04441,2024-09-19T04:30:29.000000Z
2024,263.1878472222222,43.16752,-79.04442,2024-09-19T04:30:30.000000Z
2024,263.18785879629627,43.16753,-79.04442,2024-09-19T04:30:31.000000Z
2024,263.1878703703704,43.16752,-79.04443,2024-09-19T04:30:32.000000Z
2024,263.1878819444444,43.16752,-79.04444,2024-09-19T04:30:33.000000Z
2024,263.18789351851854,43.16752,-79.04444,2024-09-19T04:30:34.000000Z
2024,263.19810185185185,43.16754,-79.04457,2024-09-19T04:45:16.000000Z
2024,263.19811342592595,43.16755,-79.04456,2024-09-19T04:45:17.000000Z
2024,263.198125,43.16756,-79.04456,2024-09-19T04:45:18.000000Z
2024,263.1981365740741,43.16755,-79.04455,2024-09-19T04:45:19.000000Z
2024,263.19814814814816,43.16756,-79.04455,2024-09-19T04:45:20.000000Z
2024,263.1981597222222,43.16756,-79.04455,2024-09-19T04:45:21.000000Z
2024,263.1981712962963,43.16756,-79.04454,2024-09-19T04:45:22.000000Z
2024,263.1981828703704,43.16756,-79.04454,2024-09-19T04:45:23.000000Z
2024,263.1981944444445,43.16757,-79.04453,2024-09-19T04:45:24.000000Z
2024,263.19820601851853,43.16757,-79.04453,2024-09-19T04:45:25.000000Z
2024,263.1982175925926,43.16757,-79.04452,2024-09-19T04:45:26.000000Z
2024,263.1982291666667,43.16758,-79.04451,2024-09-19T04:45:27.000000Z
2024,263.19824074074074,43.16758,-79.0445,2024-09-19T04:45:28.000000Z
2024,263.19825231481485,43.16759,-79.0445,2024-09-19T04:45:29.000000Z
2024,263.1982638888889,43.16759,-79.0445,2024-09-19T04:45:30.000000Z
2024,263.19827546296295,43.16759,-79.0445,2024-09-19T04:45:31.000000Z
2024,263.19828703703706,43.1676,-79.0445,2024-09-19T04:45:32.000000Z
2024,263.1982986111111,43.16761,-79.0445,2024-09-19T04:45:33.000000Z
2024,263.1983101851852,43.16761,-79.04449,2024-09-19T04:45:34.000000Z
2024,263.2085069444444,43.16754,-79.04457,2024-09-19T05:00:15.000000Z
2024,263.2085185185185,43.16753,-79.04455,2024-09-19T05:00:16.000000Z
2024,263.2085300925926,43.16753,-79.04454,2024-09-19T05:00:17.000000Z
2024,263.20854166666663,43.16752,-79.04454,2024-09-19T05:00:18.000000Z
2024,263.20855324074074,43.16752,-79.04453,2024-09-19T05:00:19.000000Z
2024,263.2085648148148,43.16752,-79.04452,2024-09-19T05:00:20.000000Z
2024,263.20857638888884,43.16752,-79.04452,2024-09-19T05:00:21.000000Z
2024,263.20858796296295,43.16752,-79.04452,2024-09-19T05:00:22.000000Z
2024,263.208599537037,43.16752,-79.04452,2024-09-19T05:00:23.000000Z
2024,263.2086111111111,43.16753,-79.04452,2024-09-19T05:00:24.000000Z
2024,263.20862268518516,43.16753,-79.04452,2024-09-19T05:00:25.000000Z
2024,263.2086342592592,43.16753,-79.04452,2024-09-19T05:00:26.000000Z
2024,263.2086458333333,43.16753,-79.04453,2024-09-19T05:00:27.000000Z
2024,263.2086574074074,43.16753,-79.04453,2024-09-19T05:00:28.000000Z
2024,263.2086689814815,43.16753,-79.04453,2024-09-19T05:00:29.000000Z
2024,263.20868055555553,43.16753,-79.04453,2024-09-19T05:00:30.000000Z
2024,263.2086921296296,43.16753,-79.04453,2024-09-19T05:00:31.000000Z
2024,263.2087037037037,43.16753,-79.04453,2024-09-19T05:00:32.000000Z
2024,263.20871527777774,43.16753,-79.04452,2024-09-19T05:00:33.000000Z
2024,263.20872685185185,43.16753,-79.04452,2024-09-19T05:00:34.000000Z
2024,263.21893518518516,43.16758,-79.04453,2024-09-19T05:15:16.000000Z
2024,263.21894675925927,43.16758,-79.04453,2024-09-19T05:15:17.000000Z
2024,263.2189583333333,43.16759,-79.04453,2024-09-19T05:15:18.000000Z
2024,263.2189699074074,43.16759,-79.04453,2024-09-19T05:15:19.000000Z
2024,263.2189814814815,43.16759,-79.04453,2024-09-19T05:15:20.000000Z
2024,263.21899305555553,43.16759,-79.04454,2024-09-19T05:15:21.000000Z
2024,263.21900462962964,43.16759,-79.04454,2024-09-19T05:15:22.000000Z
2024,263.2190162037037,43.16759,-79.04454,2024-09-19T05:15:23.000000Z
2024,263.2190277777778,43.1676,-79.04454,2024-09-19T05:15:24.000000Z
2024,263.21903935185185,43.1676,-79.04454,2024-09-19T05:15:25.000000Z
2024,263.2190509259259,43.1676,-79.04454,2024-09-19T05:15:26.000000Z
2024,263.2190625,43.1676,-79.04454,2024-09-19T05:15:27.000000Z
2024,263.21907407407406,43.1676,-79.04455,2024-09-19T05:15:28.000000Z
2024,263.21908564814817,43.16761,-79.04455,2024-09-19T05:15:29.000000Z
2024,263.2190972222222,43.16761,-79.04455,2024-09-19T05:15:30.000000Z
2024,263.21910879629627,43.16761,-79.04455,2024-09-19T05:15:31.000000Z
2024,263.2191203703704,43.16761,-79.04455,2024-09-19T05:15:32.000000Z
2024,263.2191319444444,43.16761,-79.04455,2024-09-19T05:15:33.000000Z
2024,263.21914351851854,43.16761,-79.04455,2024-09-19T05:15:34.000000Z
2024,263.2191550925926,43.16762,-79.04454,2024-09-19T05:15:35.000000Z
2024,263.22934027777774,43.16773,-79.04467,2024-09-19T05:30:15.000000Z
2024,263.2293518518518,43.16772,-79.04466,2024-09-19T05:30:16.000000Z
2024,263.2293634259259,43.16771,-79.04464,2024-09-19T05:30:17.000000Z
2024,263.22937499999995,43.16771,-79.04464,2024-09-19T05:30:18.000000Z
2024,263.22938657407406,43.1677,-79.04463,2024-09-19T05:30:19.000000Z
2024,263.2293981481481,43.1677,-79.04463,2024-09-19T05:30:20.000000Z
2024,263.22940972222216,43.16769,-79.04462,2024-09-19T05:30:21.000000Z
2024,263.22942129629627,43.16769,-79.04461,2024-09-19T05:30:22.000000Z
2024,263.2294328703703,43.16767,-79.0446,2024-09-19T05:30:23.000000Z
2024,263.2294444444444,43.16766,-79.04458,2024-09-19T05:30:24.000000Z
2024,263.2294560185185,43.16765,-79.04457,2024-09-19T05:30:25.000000Z
2024,263.2294675925925,43.16764,-79.04457,2024-09-19T05:30:26.000000Z
2024,263.22947916666664,43.16763,-79.04456,2024-09-19T05:30:27.000000Z
2024,263.2294907407407,43.16762,-79.04455,2024-09-19T05:30:28.000000Z
2024,263.2295023148148,43.16762,-79.04455,2024-09-19T05:30:29.000000Z
2024,263.22951388888885,43.16761,-79.04454,2024-09-19T05:30:30.000000Z
2024,263.2295254629629,43.1676,-79.04454,2024-09-19T05:30:31.000000Z
2024,263.229537037037,43.16759,-79.04454,2024-09-19T05:30:32.000000Z
2024,263.22954861111106,43.16759,-79.04453,2024-09-19T05:30:33.000000Z
2024,263.22956018518516,43.16758,-79.04453,2024-09-19T05:30:34.000000Z
2024,263.2397685185185,43.16764,-79.0446,2024-09-19T05:45:16.000000Z
2024,263.2397800925926,43.16764,-79.0446,2024-09-19T05:45:17.000000Z
2024,263.23979166666663,43.16764,-79.0446,2024-09-19T05:45:18.000000Z
2024,263.23980324074074,43.16764,-79.0446,2024-09-19T05:45:19.000000Z
2024,263.2398148148148,43.16764,-79.0446,2024-09-19T05:45:20.000000Z
2024,263.23982638888884,43.16764,-79.0446,2024-09-19T05:45:21.000000Z
2024,263.23983796296295,43.16764,-79.04461,2024-09-19T05:45:22.000000Z
2024,263.239849537037,43.16763,-79.0446,2024-09-19T05:45:23.000000Z
2024,263.2398611111111,43.16763,-79.04461,2024-09-19T05:45:24.000000Z
2024,263.23987268518516,43.16763,-79.04461,2024-09-19T05:45:25.000000Z
2024,263.2398842592592,43.16763,-79.04461,2024-09-19T05:45:26.000000Z
2024,263.2398958333333,43.16763,-79.04462,2024-09-19T05:45:27.000000Z
2024,263.2399074074074,43.16763,-79.04461,2024-09-19T05:45:28.000000Z
2024,263.2399189814815,43.16762,-79.04461,2024-09-19T05:45:29.000000Z
2024,263.23993055555553,43.16762,-79.04461,2024-09-19T05:45:30.000000Z
2024,263.2399421296296,43.16762,-79.04461,2024-09-19T05:45:31.000000Z
2024,263.2399537037037,43.16762,-79.04461,2024-09-19T05:45:32.000000Z
2024,263.23996527777774,43.16762,-79.04461,2024-09-19T05:45:33.000000Z
2024,263.23997685185185,43.16762,-79.04461,2024-09-19T05:45:34.000000Z
2024,263.2399884259259,43.16762,-79.04461,2024-09-19T05:45:35.000000Z
2024,263.2501736111111,43.16762,-79.04467,2024-09-19T06:00:15.000000Z
2024,263.25018518518516,43.16763,-79.04468,2024-09-19T06:00:16.000000Z
2024,263.25019675925927,43.16764,-79.04468,2024-09-19T06:00:17.000000Z
2024,263.2502083333333,43.16764,-79.04468,2024-09-19T06:00:18.000000Z
2024,263.2502199074074,43.16764,-79.04468,2024-09-19T06:00:19.000000Z
2024,263.2502314814815,43.16763,-79.04468,2024-09-19T06:00:20.000000Z
2024,263.25024305555553,43.16762,-79.04468,2024-09-19T06:00:21.000000Z
2024,263.25025462962964,43.16762,-79.04467,2024-09-19T06:00:22.000000Z
2024,263.2502662037037,43.16761,-79.04467,2024-09-19T06:00:23.000000Z
2024,263.2502777777778,43.1676,-79.04467,2024-09-19T06:00:24.000000Z
2024,263.25028935185185,43.16759,-79.04466,2024-09-19T06:00:25.000000Z
2024,263.2503009259259,43.16759,-79.04466,2024-09-19T06:00:26.000000Z
2024,263.2503125,43.16758,-79.04465,2024-09-19T06:00:27.000000Z
2024,263.25032407407406,43.16758,-79.04465,2024-09-19T06:00:28.000000Z
2024,263.25033564814817,43.16757,-79.04465,2024-09-19T06:00:29.000000Z
2024,263.2503472222222,43.16757,-79.04464,2024-09-19T06:00:30.000000Z
2024,263.25035879629627,43.16756,-79.04464,2024-09-19T06:00:31.000000Z
2024,263.2503703703704,43.16756,-79.04463,2024-09-19T06:00:32.000000Z
2024,263.2503819444444,43.16756,-79.04463,2024-09-19T06:00:33.000000Z
2024,263.25039351851854,43.16756,-79.04463,2024-09-19T06:00:34.000000Z
2024,263.26060185185185,43.16748,-79.04454,2024-09-19T06:15:16.000000Z
2024,263.26061342592595,43.16749,-79.04455,2024-09-19T06:15:17.000000Z
2024,263.260625,43.1675,-79.04457,2024-09-19T06:15:18.000000Z
2024,263.26064814814816,43.16753,-79.04459,2024-09-19T06:15:20.000000Z
2024,263.2606597222222,43.16754,-79.04458,2024-09-19T06:15:21.000000Z
2024,263.2606712962963,43.16754,-79.04458,2024-09-19T06:15:22.000000Z
2024,263.2606828703704,43.16754,-79.04458,2024-09-19T06:15:23.000000Z
2024,263.2606944444445,43.16755,-79.04459,2024-09-19T06:15:24.000000Z
2024,263.26070601851853,43.16756,-79.04459,2024-09-19T06:15:25.000000Z
2024,263.2607175925926,43.16756,-79.04458,2024-09-19T06:15:26.000000Z
2024,263.2607291666667,43.16756,-79.04458,2024-09-19T06:15:27.000000Z
2024,263.26074074074074,43.16757,-79.04458,2024-09-19T06:15:28.000000Z
2024,263.26075231481485,43.16757,-79.04458,2024-09-19T06:15:29.000000Z
2024,263.2607638888889,43.16758,-79.04458,2024-09-19T06:15:30.000000Z
2024,263.26077546296295,43.16758,-79.04458,2024-09-19T06:15:31.000000Z
2024,263.26078703703706,43.16759,-79.04458,2024-09-19T06:15:32.000000Z
2024,263.2607986111111,43.16759,-79.04458,2024-09-19T06:15:33.000000Z
2024,263.2608101851852,43.16759,-79.04458,2024-09-19T06:15:34.000000Z
2024,263.2608217592593,43.16759,-79.04459,2024-09-19T06:15:35.000000Z
2024,263.2710185185185,43.16739,-79.04454,2024-09-19T06:30:16.000000Z
2024,263.2710300925926,43.16739,-79.04454,2024-09-19T06:30:17.000000Z
2024,263.27104166666663,43.16739,-79.04454,2024-09-19T06:30:18.000000Z
2024,263.27105324074074,43.16739,-79.04453,2024-09-19T06:30:19.000000Z
2024,263.2710648148148,43.1674,-79.04453,2024-09-19T06:30:20.000000Z
2024,263.27107638888884,43.16741,-79.04452,2024-09-19T06:30:21.000000Z
2024,263.27108796296295,43.16742,-79.04452,2024-09-19T06:30:22.000000Z
2024,263.271099537037,43.16743,-79.04451,2024-09-19T06:30:23.000000Z
2024,263.2711111111111,43.16743,-79.04451,2024-09-19T06:30:24.000000Z
2024,263.27112268518516,43.16743,-79.04451,2024-09-19T06:30:25.000000Z
2024,263.2711342592592,43.16743,-79.0445,2024-09-19T06:30:26.000000Z
2024,263.2711458333333,43.16744,-79.0445,2024-09-19T06:30:27.000000Z
2024,263.2711574074074,43.16745,-79.0445,2024-09-19T06:30:28.000000Z
2024,263.2711689814815,43.16745,-79.0445,2024-09-19T06:30:29.000000Z
2024,263.27118055555553,43.16746,-79.0445,2024-09-19T06:30:30.000000Z
2024,263.2711921296296,43.16746,-79.0445,2024-09-19T06:30:31.000000Z
2024,263.2712037037037,43.16748,-79.0445,2024-09-19T06:30:32.000000Z
2024,263.27121527777774,43.16748,-79.0445,2024-09-19T06:30:33.000000Z
2024,263.27122685185185,43.16749,-79.0445,2024-09-19T06:30:34.000000Z
2024,263.2712384259259,43.16749,-79.0445,2024-09-19T06:30:35.000000Z
2024,263.28144675925927,43.16753,-79.04454,2024-09-19T06:45:17.000000Z
2024,263.2814583333333,43.16754,-79.04455,2024-09-19T06:45:18.000000Z
2024,263.2814699074074,43.16753,-79.04454,2024-09-19T06:45:19.000000Z
2024,263.2814814814815,43.16753,-79.04453,2024-09-19T06:45:20.000000Z
2024,263.28149305555553,43.16753,-79.04453,2024-09-19T06:45:21.000000Z
2024,263.28150462962964,43.16753,-79.04453,2024-09-19T06:45:22.000000Z
2024,263.2815162037037,43.16753,-79.04453,2024-09-19T06:45:23.000000Z
2024,263.2815277777778,43.16752,-79.04453,2024-09-19T06:45:24.000000Z
2024,263.28153935185185,43.16752,-79.04453,2024-09-19T06:45:25.000000Z
2024,263.2815509259259,43.16752,-79.04452,2024-09-19T06:45:26.000000Z
2024,263.28157407407406,43.16752,-79.04451,2024-09-19T06:45:28.000000Z
2024,263.28158564814817,43.16752,-79.04451,2024-09-19T06:45:29.000000Z
2024,263.2815972222222,43.16751,-79.0445,2024-09-19T06:45:30.000000Z
2024,263.28160879629627,43.16751,-79.0445,2024-09-19T06:45:31.000000Z
2024,263.2816203703704,43.16751,-79.0445,2024-09-19T06:45:32.000000Z
2024,263.2816319444444,43.16751,-79.0445,2024-09-19T06:45:33.000000Z
2024,263.28164351851854,43.16751,-79.04451,2024-09-19T06:45:34.000000Z
2024,263.2816550925926,43.1675,-79.04451,2024-09-19T06:45:35.000000Z
2024,263.2816666666667,43.1675,-79.04451,2024-09-19T06:45:36.000000Z
2024,263.29186342592595,43.1675,-79.04441,2024-09-19T07:00:17.000000Z
2024,263.291875,43.1675,-79.04442,2024-09-19T07:00:18.000000Z
2024,263.2918865740741,43.16749,-79.04443,2024-09-19T07:00:19.000000Z
2024,263.29189814814816,43.1675,-79.04444,2024-09-19T07:00:20.000000Z
2024,263.2919097222222,43.16749,-79.04444,2024-09-19T07:00:21.000000Z
2024,263.2919212962963,43.16749,-79.04444,2024-09-19T07:00:22.000000Z
2024,263.2919328703704,43.16749,-79.04446,2024-09-19T07:00:23.000000Z
2024,263.2919444444445,43.1675,-79.04446,2024-09-19T07:00:24.000000Z
2024,263.29195601851853,43.1675,-79.04447,2024-09-19T07:00:25.000000Z
2024,263.2919675925926,43.16749,-79.04447,2024-09-19T07:00:26.000000Z
2024,263.2919791666667,43.16749,-79.04446,2024-09-19T07:00:27.000000Z
2024,263.29199074074074,43.16748,-79.04445,2024-09-19T07:00:28.000000Z
2024,263.29200231481485,43.16747,-79.04446,2024-09-19T07:00:29.000000Z
2024,263.2920138888889,43.16747,-79.04445,2024-09-19T07:00:30.000000Z
2024,263.29202546296295,43.16753,-79.04443,2024-09-19T07:00:31.000000Z
2024,263.29203703703706,43.16754,-79.04444,2024-09-19T07:00:32.000000Z
2024,263.2920486111111,43.16754,-79.04444,2024-09-19T07:00:33.000000Z
2024,263.2920601851852,43.16755,-79.04444,2024-09-19T07:00:34.000000Z
2024,263.2920717592593,43.16755,-79.04445,2024-09-19T07:00:35.000000Z
2024,263.2920833333334,43.16755,-79.04447,2024-09-19T07:00:36.000000Z
2024,263.30228009259264,43.16752,-79.04448,2024-09-19T07:15:17.000000Z
2024,263.3022916666667,43.16751,-79.04453,2024-09-19T07:15:18.000000Z
2024,263.3023032407408,43.16751,-79.04452,2024-09-19T07:15:19.000000Z
2024,263.30231481481485,43.16753,-79.0445,2024-09-19T07:15:20.000000Z
2024,263.3023263888889,43.16753,-79.04449,2024-09-19T07:15:21.000000Z
2024,263.302337962963,43.16754,-79.04447,2024-09-19T07:15:22.000000Z
2024,263.30234953703706,43.16754,-79.04447,2024-09-19T07:15:23.000000Z
2024,263.30236111111117,43.16755,-79.04449,2024-09-19T07:15:24.000000Z
2024,263.3023726851852,43.16757,-79.04466,2024-09-19T07:15:25.000000Z
2024,263.3023958333334,43.16753,-79.04473,2024-09-19T07:15:27.000000Z
2024,263.30240740740743,43.16753,-79.0447,2024-09-19T07:15:28.000000Z
2024,263.30241898148154,43.16753,-79.04467,2024-09-19T07:15:29.000000Z
2024,263.3024305555556,43.16753,-79.04465,2024-09-19T07:15:30.000000Z
2024,263.30244212962964,43.16754,-79.04463,2024-09-19T07:15:31.000000Z
2024,263.30245370370375,43.16754,-79.04463,2024-09-19T07:15:32.000000Z
2024,263.3024652777778,43.16754,-79.04463,2024-09-19T07:15:33.000000Z
2024,263.3024768518519,43.16753,-79.04464,2024-09-19T07:15:34.000000Z
2024,263.30248842592596,43.16753,-79.04466,2024-09-19T07:15:35.000000Z
2024,263.30250000000007,43.16753,-79.04464,2024-09-19T07:15:36.000000Z
2024,263.3025115740741,43.16753,-79.04463,2024-09-19T07:15:37.000000Z
2024,263.31269675925927,43.16753,-79.04462,2024-09-19T07:30:17.000000Z
2024,263.3127083333333,43.16753,-79.04462,2024-09-19T07:30:18.000000Z
2024,263.3127199074074,43.16752,-79.04462,2024-09-19T07:30:19.000000Z
2024,263.3127314814815,43.16753,-79.04463,2024-09-19T07:30:20.000000Z
2024,263.31274305555553,43.16753,-79.04463,2024-09-19T07:30:21.000000Z
2024,263.31275462962964,43.16752,-79.04464,2024-09-19T07:30:22.000000Z
2024,263.3127662037037,43.16752,-79.04464,2024-09-19T07:30:23.000000Z
2024,263.3127777777778,43.16752,-79.04464,2024-09-19T07:30:24.000000Z
2024,263.31278935185185,43.16752,-79.04465,2024-09-19T07:30:25.000000Z
2024,263.3128009259259,43.16752,-79.04465,2024-09-19T07:30:26.000000Z
2024,263.3128125,43.16752,-79.04466,2024-09-19T07:30:27.000000Z
2024,263.31282407407406,43.16752,-79.04466,2024-09-19T07:30:28.000000Z
2024,263.31283564814817,43.16752,-79.04466,2024-09-19T07:30:29.000000Z
2024,263.3128472222222,43.16753,-79.04466,2024-09-19T07:30:30.000000Z
2024,263.31285879629627,43.16753,-79.04467,2024-09-19T07:30:31.000000Z
2024,263.3128703703704,43.16753,-79.04467,2024-09-19T07:30:32.000000Z
2024,263.3128819444444,43.16753,-79.04466,2024-09-19T07:30:33.000000Z
2024,263.31289351851854,43.16753,-79.04466,2024-09-19T07:30:34.000000Z
2024,263.3129050925926,43.16753,-79.04466,2024-09-19T07:30:35.000000Z
2024,263.3129166666667,43.16753,-79.04466,2024-09-19T07:30:36.000000Z
2024,263.32311342592595,43.16754,-79.0445,2024-09-19T07:45:17.000000Z
2024,263.323125,43.16754,-79.0445,2024-09-19T07:45:18.000000Z
2024,263.3231365740741,43.16754,-79.04451,2024-09-19T07:45:19.000000Z
2024,263.32314814814816,43.16754,-79.04452,2024-09-19T07:45:20.000000Z
2024,263.3231597222222,43.16753,-79.04452,2024-09-19T07:45:21.000000Z
2024,263.3231712962963,43.16753,-79.04453,2024-09-19T07:45:22.000000Z
2024,263.3231828703704,43.16753,-79.04453,2024-09-19T07:45:23.000000Z
2024,263.3231944444445,43.16753,-79.04453,2024-09-19T07:45:24.000000Z
2024,263.32320601851853,43.16753,-79.04454,2024-09-19T07:45:25.000000Z
2024,263.3232175925926,43.16753,-79.04454,2024-09-19T07:45:26.000000Z
2024,263.3232291666667,43.16753,-79.04454,2024-09-19T07:45:27.000000Z
2024,263.32324074074074,43.16753,-79.04455,2024-09-19T07:45:28.000000Z
2024,263.32325231481485,43.16753,-79.04455,2024-09-19T07:45:29.000000Z
2024,263.3232638888889,43.16753,-79.04456,2024-09-19T07:45:30.000000Z
2024,263.32327546296295,43.16753,-79.04457,2024-09-19T07:45:31.000000Z
2024,263.32328703703706,43.16753,-79.04457,2024-09-19T07:45:32.000000Z
2024,263.3232986111111,43.16753,-79.04457,2024-09-19T07:45:33.000000Z
2024,263.3233101851852,43.16753,-79.04457,2024-09-19T07:45:34.000000Z
2024,263.3233217592593,43.16753,-79.04457,2024-09-19T07:45:35.000000Z
2024,263.3335300925926,43.16766,-79.04469,2024-09-19T08:00:17.000000Z
2024,263.33354166666663,43.16765,-79.04467,2024-09-19T08:00:18.000000Z
2024,263.33355324074074,43.16764,-79.04467,2024-09-19T08:00:19.000000Z
2024,263.3335648148148,43.16764,-79.04466,2024-09-19T08:00:20.000000Z
2024,263.33357638888884,43.16764,-79.04466,2024-09-19T08:00:21.000000Z
2024,263.33358796296295,43.16763,-79.04465,2024-09-19T08:00:22.000000Z
2024,263.333599537037,43.16763,-79.04465,2024-09-19T08:00:23.000000Z
2024,263.3336111111111,43.16762,-79.04464,2024-09-19T08:00:24.000000Z
2024,263.33362268518516,43.16762,-79.04463,2024-09-19T08:00:25.000000Z
2024,263.3336342592592,43.16762,-79.04463,2024-09-19T08:00:26.000000Z
2024,263.3336458333333,43.16762,-79.04462,2024-09-19T08:00:27.000000Z
2024,263.3336574074074,43.16761,-79.04462,2024-09-19T08:00:28.000000Z
2024,263.3336689814815,43.16761,-79.04461,2024-09-19T08:00:29.000000Z
2024,263.33368055555553,43.16761,-79.0446,2024-09-19T08:00:30.000000Z
2024,263.3336921296296,43.1676,-79.0446,2024-09-19T08:00:31.000000Z
2024,263.3337037037037,43.16759,-79.0446,2024-09-19T08:00:32.000000Z
2024,263.33371527777774,43.16759,-79.04459,2024-09-19T08:00:33.000000Z
2024,263.33372685185185,43.16758,-79.04458,2024-09-19T08:00:34.000000Z
2024,263.3337384259259,43.16757,-79.04457,2024-09-19T08:00:35.000000Z
2024,263.33375,43.16756,-79.04457,2024-09-19T08:00:36.000000Z
2024,263.34394675925927,43.16756,-79.04462,2024-09-19T08:15:17.000000Z
2024,263.3439583333333,43.16756,-79.04462,2024-09-19T08:15:18.000000Z
2024,263.3439699074074,43.16757,-79.04461,2024-09-19T08:15:19.000000Z
2024,263.3439814814815,43.16756,-79.04461,2024-09-19T08:15:20.000000Z
2024,263.34399305555553,43.16756,-79.0446,2024-09-19T08:15:21.000000Z
2024,263.34400462962964,43.16757,-79.04462,2024-09-19T08:15:22.000000Z
2024,263.3440162037037,43.16757,-79.04462,2024-09-19T08:15:23.000000Z
2024,263.3440277777778,43.16758,-79.04461,2024-09-19T08:15:24.000000Z
2024,263.34403935185185,43.16757,-79.0446,2024-09-19T08:15:25.000000Z
2024,263.3440509259259,43.16757,-79.04459,2024-09-19T08:15:26.000000Z
2024,263.3440625,43.16757,-79.04458,2024-09-19T08:15:27.000000Z
2024,263.34407407407406,43.16757,-79.04457,2024-09-19T08:15:28.000000Z
2024,263.34408564814817,43.16756,-79.04457,2024-09-19T08:15:29.000000Z
2024,263.3440972222222,43.16756,-79.04457,2024-09-19T08:15:30.000000Z
2024,263.34410879629627,43.16756,-79.04457,2024-09-19T08:15:31.000000Z
2024,263.3441203703704,43.16756,-79.04456,2024-09-19T08:15:32.000000Z
2024,263.3441319444444,43.16755,-79.04456,2024-09-19T08:15:33.000000Z
2024,263.34414351851854,43.16755,-79.04457,2024-09-19T08:15:34.000000Z
2024,263.3441550925926,43.16755,-79.04457,2024-09-19T08:15:35.000000Z
2024,263.3441666666667,43.16755,-79.04457,2024-09-19T08:15:36.000000Z
2024,263.3543634259259,43.16755,-79.04455,2024-09-19T08:30:17.000000Z
2024,263.35437499999995,43.16754,-79.04455,2024-09-19T08:30:18.000000Z
2024,263.35438657407406,43.16754,-79.04455,2024-09-19T08:30:19.000000Z
2024,263.3543981481481,43.16753,-79.04455,2024-09-19T08:30:20.000000Z
2024,263.35440972222216,43.16753,-79.04455,2024-09-19T08:30:21.000000Z
2024,263.35442129629627,43.16753,-79.04454,2024-09-19T08:30:22.000000Z
2024,263.3544328703703,43.16752,-79.04454,2024-09-19T08:30:23.000000Z
2024,263.3544444444444,43.16752,-79.04454,2024-09-19T08:30:24.000000Z
2024,263.3544560185185,43.16751,-79.04454,2024-09-19T08:30:25.000000Z
2024,263.3544675925925,43.16751,-79.04454,2024-09-19T08:30:26.000000Z
2024,263.35447916666664,43.16751,-79.04454,2024-09-19T08:30:27.000000Z
2024,263.3544907407407,43.16751,-79.04454,2024-09-19T08:30:28.000000Z
2024,263.3545023148148,43.16751,-79.04454,2024-09-19T08:30:29.000000Z
2024,263.35451388888885,43.1675,-79.04454,2024-09-19T08:30:30.000000Z
2024,263.3545254629629,43.1675,-79.04454,2024-09-19T08:30:31.000000Z
2024,263.354537037037,43.1675,-79.04454,2024-09-19T08:30:32.000000Z
2024,263.35454861111106,43.1675,-79.04454,2024-09-19T08:30:33.000000Z
2024,263.35456018518516,43.16749,-79.04454,2024-09-19T08:30:34.000000Z
2024,263.3545717592592,43.16749,-79.04454,2024-09-19T08:30:35.000000Z
2024,263.3647800925926,43.16735,-79.04446,2024-09-19T08:45:17.000000Z
2024,263.36479166666663,43.16735,-79.04446,2024-09-19T08:45:18.000000Z
2024,263.36480324074074,43.16736,-79.04446,2024-09-19T08:45:19.000000Z
2024,263.3648148148148,43.16737,-79.04446,2024-09-19T08:45:20.000000Z
2024,263.36482638888884,43.16737,-79.04446,2024-09-19T08:45:21.000000Z
2024,263.36483796296295,43.16738,-79.04446,2024-09-19T08:45:22.000000Z
2024,263.364849537037,43.16738,-79.04446,2024-09-19T08:45:23.000000Z
2024,263.3648611111111,43.16739,-79.04447,2024-09-19T08:45:24.000000Z
2024,263.36487268518516,43.16739,-79.04447,2024-09-19T08:45:25.000000Z
2024,263.3648842592592,43.1674,-79.04447,2024-09-19T08:45:26.000000Z
2024,263.3648958333333,43.1674,-79.04448,2024-09-19T08:45:27.000000Z
2024,263.3649074074074,43.1674,-79.04448,2024-09-19T08:45:28.000000Z
2024,263.3649189814815,43.1674,-79.04449,2024-09-19T08:45:29.000000Z
2024,263.36493055555553,43.1674,-79.04449,2024-09-19T08:45:30.000000Z
2024,263.3649421296296,43.1674,-79.04449,2024-09-19T08:45:31.000000Z
2024,263.3649537037037,43.16741,-79.0445,2024-09-19T08:45:32.000000Z
2024,263.36496527777774,43.16741,-79.0445,2024-09-19T08:45:33.000000Z
2024,263.36497685185185,43.16741,-79.0445,2024-09-19T08:45:34.000000Z
2024,263.3649884259259,43.16742,-79.04451,2024-09-19T08:45:35.000000Z
2024,263.37519675925927,43.16751,-79.04454,2024-09-19T09:00:17.000000Z
2024,263.3752083333333,43.16752,-79.04454,2024-09-19T09:00:18.000000Z
2024,263.3752199074074,43.16752,-79.04454,2024-09-19T09:00:19.000000Z
2024,263.3752314814815,43.16753,-79.04455,2024-09-19T09:00:20.000000Z
2024,263.37524305555553,43.16752,-79.04455,2024-09-19T09:00:21.000000Z
2024,263.37525462962964,43.16752,-79.04455,2024-09-19T09:00:22.000000Z
2024,263.3752662037037,43.16751,-79.04454,2024-09-19T09:00:23.000000Z
2024,263.3752777777778,43.1675,-79.04454,2024-09-19T09:00:24.000000Z
2024,263.37528935185185,43.16749,-79.04454,2024-09-19T09:00:25.000000Z
2024,263.3753009259259,43.16748,-79.04454,2024-09-19T09:00:26.000000Z
2024,263.3753125,43.16748,-79.04454,2024-09-19T09:00:27.000000Z
2024,263.37532407407406,43.16747,-79.04454,2024-09-19T09:00:28.000000Z
2024,263.37533564814817,43.16746,-79.04454,2024-09-19T09:00:29.000000Z
2024,263.3753472222222,43.16745,-79.04454,2024-09-19T09:00:30.000000Z
2024,263.37535879629627,43.16745,-79.04454,2024-09-19T09:00:31.000000Z
2024,263.3753703703704,43.16744,-79.04454,2024-09-19T09:00:32.000000Z
2024,263.3753819444444,43.16744,-79.04454,2024-09-19T09:00:33.000000Z
2024,263.37539351851854,43.16743,-79.04454,2024-09-19T09:00:34.000000Z
2024,263.3754050925926,43.16743,-79.04454,2024-09-19T09:00:35.000000Z
2024,263.38561342592595,43.16749,-79.04463,2024-09-19T09:15:17.000000Z
2024,263.385625,43.16748,-79.04463,2024-09-19T09:15:18.000000Z
2024,263.3856365740741,43.16748,-79.04463,2024-09-19T09:15:19.000000Z
2024,263.38564814814816,43.16746,-79.04462,2024-09-19T09:15:20.000000Z
2024,263.3856597222222,43.16746,-79.04462,2024-09-19T09:15:21.000000Z
2024,263.3856712962963,43.16746,-79.04462,2024-09-19T09:15:22.000000Z
2024,263.3856828703704,43.16746,-79.04462,2024-09-19T09:15:23.000000Z
2024,263.3856944444445,43.16745,-79.04461,2024-09-19T09:15:24.000000Z
2024,263.38570601851853,43.16745,-79.04461,2024-09-19T09:15:25.000000Z
2024,263.3857175925926,43.16745,-79.0446,2024-09-19T09:15:26.000000Z
2024,263.3857291666667,43.16745,-79.0446,2024-09-19T09:15:27.000000Z
2024,263.38574074074074,43.16745,-79.0446,2024-09-19T09:15:28.000000Z
2024,263.38575231481485,43.16745,-79.0446,2024-09-19T09:15:29.000000Z
2024,263.3857638888889,43.16745,-79.0446,2024-09-19T09:15:30.000000Z
2024,263.38577546296295,43.16745,-79.0446,2024-09-19T09:15:31.000000Z
2024,263.38578703703706,43.16745,-79.04459,2024-09-19T09:15:32.000000Z
2024,263.3857986111111,43.16745,-79.04459,2024-09-19T09:15:33.000000Z
2024,263.3858101851852,43.16746,-79.04459,2024-09-19T09:15:34.000000Z
2024,263.3858217592593,43.16746,-79.04459,2024-09-19T09:15:35.000000Z
2024,263.3960300925926,43.1675,-79.04455,2024-09-19T09:30:17.000000Z
2024,263.39604166666663,43.16749,-79.04456,2024-09-19T09:30:18.000000Z
2024,263.39605324074074,43.16748,-79.04457,2024-09-19T09:30:19.000000Z
2024,263.3960648148148,43.16748,-79.04457,2024-09-19T09:30:20.000000Z
2024,263.39607638888884,43.16748,-79.04457,2024-09-19T09:30:21.000000Z
2024,263.39608796296295,43.16749,-79.04457,2024-09-19T09:30:22.000000Z
2024,263.396099537037,43.16749,-79.04457,2024-09-19T09:30:23.000000Z
2024,263.3961111111111,43.16749,-79.04457,2024-09-19T09:30:24.000000Z
2024,263.39612268518516,43.16749,-79.04458,2024-09-19T09:30:25.000000Z
2024,263.3961342592592,43.16749,-79.04458,2024-09-19T09:30:26.000000Z
2024,263.3961458333333,43.16749,-79.04458,2024-09-19T09:30:27.000000Z
2024,263.3961574074074,43.16749,-79.04458,2024-09-19T09:30:28.000000Z
2024,263.3961689814815,43.16749,-79.04457,2024-09-19T09:30:29.000000Z
2024,263.39618055555553,43.16749,-79.04457,2024-09-19T09:30:30.000000Z
2024,263.3961921296296,43.16749,-79.04457,2024-09-19T09:30:31.000000Z
2024,263.3962037037037,43.16748,-79.04457,2024-09-19T09:30:32.000000Z
2024,263.39621527777774,43.16748,-79.04457,2024-09-19T09:30:33.000000Z
2024,263.39622685185185,43.16748,-79.04457,2024-09-19T09:30:34.000000Z
2024,263.3962384259259,43.16747,-79.04457,2024-09-19T09:30:35.000000Z
2024,263.4065162037037,43.16746,-79.04464,2024-09-19T09:45:23.000000Z
2024,263.4065277777778,43.16746,-79.04464,2024-09-19T09:45:24.000000Z
2024,263.40653935185185,43.16745,-79.04463,2024-09-19T09:45:25.000000Z
2024,263.4065509259259,43.16745,-79.04463,2024-09-19T09:45:26.000000Z
2024,263.4065625,43.16745,-79.04463,2024-09-19T09:45:27.000000Z
2024,263.40657407407406,43.16745,-79.04464,2024-09-19T09:45:28.000000Z
2024,263.40658564814817,43.16746,-79.04464,2024-09-19T09:45:29.000000Z
2024,263.4065972222222,43.16746,-79.04465,2024-09-19T09:45:30.000000Z
2024,263.40660879629627,43.16748,-79.04465,2024-09-19T09:45:31.000000Z
2024,263.4066203703704,43.16749,-79.04466,2024-09-19T09:45:32.000000Z
2024,263.4066319444444,43.1675,-79.04466,2024-09-19T09:45:33.000000Z
2024,263.40664351851854,43.16751,-79.04466,2024-09-19T09:45:34.000000Z
2024,263.4066550925926,43.16749,-79.04465,2024-09-19T09:45:35.000000Z
2024,263.4066666666667,43.16749,-79.04465,2024-09-19T09:45:36.000000Z
2024,263.40667824074075,43.16749,-79.04464,2024-09-19T09:45:37.000000Z
2024,263.4066898148148,43.16748,-79.04464,2024-09-19T09:45:38.000000Z
2024,263.4067013888889,43.16748,-79.04464,2024-09-19T09:45:39.000000Z
2024,263.40671296296296,43.16748,-79.04464,2024-09-19T09:45:40.000000Z
2024,263.40672453703706,43.16748,-79.04464,2024-09-19T09:45:41.000000Z
2024,263.4067361111111,43.16748,-79.04464,2024-09-19T09:45:42.000000Z
2024,263.41686342592595,43.16736,-79.04456,2024-09-19T10:00:17.000000Z
2024,263.416875,43.16737,-79.04457,2024-09-19T10:00:18.000000Z
2024,263.4168865740741,43.16736,-79.04457,2024-09-19T10:00:19.000000Z
2024,263.41689814814816,43.16736,-79.04457,2024-09-19T10:00:20.000000Z
2024,263.4169097222222,43.16736,-79.04457,2024-09-19T10:00:21.000000Z
2024,263.4169212962963,43.16736,-79.04457,2024-09-19T10:00:22.000000Z
2024,263.4169328703704,43.16736,-79.04457,2024-09-19T10:00:23.000000Z
2024,263.4169444444445,43.16736,-79.04457,2024-09-19T10:00:24.000000Z
2024,263.41695601851853,43.16737,-79.04457,2024-09-19T10:00:25.000000Z
2024,263.4169675925926,43.16737,-79.04457,2024-09-19T10:00:26.000000Z
2024,263.4169791666667,43.16738,-79.04457,2024-09-19T10:00:27.000000Z
2024,263.41699074074074,43.16738,-79.04457,2024-09-19T10:00:28.000000Z
2024,263.41700231481485,43.16739,-79.04457,2024-09-19T10:00:29.000000Z
2024,263.4170138888889,43.1674,-79.04457,2024-09-19T10:00:30.000000Z
2024,263.41702546296295,43.1674,-79.04457,2024-09-19T10:00:31.000000Z
2024,263.41703703703706,43.1674,-79.04457,2024-09-19T10:00:32.000000Z
2024,263.4170486111111,43.16741,-79.04457,2024-09-19T10:00:33.000000Z
2024,263.4170601851852,43.16741,-79.04457,2024-09-19T10:00:34.000000Z
2024,263.4170717592593,43.16742,-79.04456,2024-09-19T10:00:35.000000Z
2024,263.4170833333334,43.16743,-79.04456,2024-09-19T10:00:36.000000Z
2024,263.42728009259264,43.16747,-79.0446,2024-09-19T10:15:17.000000Z
2024,263.4272916666667,43.16747,-79.0446,2024-09-19T10:15:18.000000Z
2024,263.4273032407408,43.16748,-79.0446,2024-09-19T10:15:19.000000Z
2024,263.42731481481485,43.16749,-79.0446,2024-09-19T10:15:20.000000Z
2024,263.4273263888889,43.16749,-79.0446,2024-09-19T10:15:21.000000Z
2024,263.427337962963,43.1675,-79.0446,2024-09-19T10:15:22.000000Z
2024,263.42734953703706,43.1675,-79.04459,2024-09-19T10:15:23.000000Z
2024,263.42736111111117,43.1675,-79.04459,2024-09-19T10:15:24.000000Z
2024,263.4273726851852,43.1675,-79.04459,2024-09-19T10:15:25.000000Z
2024,263.42738425925927,43.1675,-79.04459,2024-09-19T10:15:26.000000Z
2024,263.4273958333334,43.1675,-79.04458,2024-09-19T10:15:27.000000Z
2024,263.42740740740743,43.1675,-79.04458,2024-09-19T10:15:28.000000Z
2024,263.42741898148154,43.1675,-79.04458,2024-09-19T10:15:29.000000Z
2024,263.4274305555556,43.16751,-79.04458,2024-09-19T10:15:30.000000Z
2024,263.42744212962964,43.16749,-79.04458,2024-09-19T10:15:31.000000Z
2024,263.42745370370375,43.16749,-79.04458,2024-09-19T10:15:32.000000Z
2024,263.4274652777778,43.16749,-79.04457,2024-09-19T10:15:33.000000Z
2024,263.4274768518519,43.16748,-79.04457,2024-09-19T10:15:34.000000Z
2024,263.42748842592596,43.16747,-79.04458,2024-09-19T10:15:35.000000Z
2024,263.42750000000007,43.16747,-79.04458,2024-09-19T10:15:36.000000Z
2024,263.43775462962964,43.16746,-79.04456,2024-09-19T10:30:22.000000Z
2024,263.4377662037037,43.16746,-79.04455,2024-09-19T10:30:23.000000Z
2024,263.4377777777778,43.16747,-79.04455,2024-09-19T10:30:24.000000Z
2024,263.43778935185185,43.16747,-79.04454,2024-09-19T10:30:25.000000Z
2024,263.4378009259259,43.16747,-79.04454,2024-09-19T10:30:26.000000Z
2024,263.4378125,43.16748,-79.04454,2024-09-19T10:30:27.000000Z
2024,263.43782407407406,43.16748,-79.04454,2024-09-19T10:30:28.000000Z
2024,263.43783564814817,43.16748,-79.04454,2024-09-19T10:30:29.000000Z
2024,263.4378472222222,43.16748,-79.04454,2024-09-19T10:30:30.000000Z
2024,263.43785879629627,43.16748,-79.04454,2024-09-19T10:30:31.000000Z
2024,263.4378703703704,43.16748,-79.04454,2024-09-19T10:30:32.000000Z
2024,263.4378819444444,43.16748,-79.04454,2024-09-19T10:30:33.000000Z
2024,263.43789351851854,43.16748,-79.04454,2024-09-19T10:30:34.000000Z
2024,263.4379050925926,43.16748,-79.04454,2024-09-19T10:30:35.000000Z
2024,263.4379166666667,43.16748,-79.04454,2024-09-19T10:30:36.000000Z
2024,263.43792824074075,43.16748,-79.04454,2024-09-19T10:30:37.000000Z
2024,263.4379398148148,43.16748,-79.04454,2024-09-19T10:30:38.000000Z
2024,263.4379513888889,43.16748,-79.04454,2024-09-19T10:30:39.000000Z
2024,263.43796296296296,43.16748,-79.04453,2024-09-19T10:30:40.000000Z
2024,263.44810185185185,43.16746,-79.04463,2024-09-19T10:45:16.000000Z
2024,263.44811342592595,43.16745,-79.04463,2024-09-19T10:45:17.000000Z
2024,263.448125,43.16745,-79.04463,2024-09-19T10:45:18.000000Z
2024,263.4481365740741,43.16745,-79.04463,2024-09-19T10:45:19.000000Z
2024,263.44814814814816,43.16745,-79.04463,2024-09-19T10:45:20.000000Z
2024,263.4481597222222,43.16745,-79.04464,2024-09-19T10:45:21.000000Z
2024,263.4481712962963,43.16745,-79.04464,2024-09-19T10:45:22.000000Z
2024,263.4481828703704,43.16746,-79.04464,2024-09-19T10:45:23.000000Z
2024,263.4481944444445,43.16746,-79.04465,2024-09-19T10:45:24.000000Z
2024,263.44820601851853,43.16746,-79.04466,2024-09-19T10:45:25.000000Z
2024,263.4482175925926,43.16746,-79.04466,2024-09-19T10:45:26.000000Z
2024,263.4482291666667,43.16747,-79.04466,2024-09-19T10:45:27.000000Z
2024,263.44824074074074,43.16747,-79.04466,2024-09-19T10:45:28.000000Z
2024,263.44825231481485,43.16747,-79.04466,2024-09-19T10:45:29.000000Z
2024,263.4482638888889,43.16746,-79.04465,2024-09-19T10:45:30.000000Z
2024,263.44827546296295,43.16747,-79.04464,2024-09-19T10:45:31.000000Z
2024,263.44828703703706,43.16746,-79.04464,2024-09-19T10:45:32.000000Z
2024,263.4482986111111,43.16746,-79.04463,2024-09-19T10:45:33.000000Z
2024,263.4483101851852,43.16746,-79.04463,2024-09-19T10:45:34.000000Z
2024,263.4585300925926,43.16738,-79.04447,2024-09-19T11:00:17.000000Z
2024,263.45854166666663,43.16738,-79.04448,2024-09-19T11:00:18.000000Z
2024,263.45855324074074,43.16739,-79.04449,2024-09-19T11:00:19.000000Z
2024,263.4585648148148,43.16739,-79.04449,2024-09-19T11:00:20.000000Z
2024,263.45857638888884,43.16739,-79.04448,2024-09-19T11:00:21.000000Z
2024,263.45858796296295,43.1674,-79.04448,2024-09-19T11:00:22.000000Z
2024,263.458599537037,43.16739,-79.04448,2024-09-19T11:00:23.000000Z
2024,263.4586111111111,43.16739,-79.04447,2024-09-19T11:00:24.000000Z
2024,263.45862268518516,43.1674,-79.04447,2024-09-19T11:00:25.000000Z
2024,263.4586342592592,43.1674,-79.04447,2024-09-19T11:00:26.000000Z
2024,263.4586458333333,43.1674,-79.04447,2024-09-19T11:00:27.000000Z
2024,263.4586574074074,43.1674,-79.04447,2024-09-19T11:00:28.000000Z
2024,263.4586689814815,43.1674,-79.04447,2024-09-19T11:00:29.000000Z
2024,263.45868055555553,43.1674,-79.04447,2024-09-19T11:00:30.000000Z
2024,263.4586921296296,43.1674,-79.04446,2024-09-19T11:00:31.000000Z
2024,263.4587037037037,43.1674,-79.04446,2024-09-19T11:00:32.000000Z
2024,263.45871527777774,43.1674,-79.04445,2024-09-19T11:00:33.000000Z
2024,263.45872685185185,43.1674,-79.04445,2024-09-19T11:00:34.000000Z
2024,263.4587384259259,43.1674,-79.04445,2024-09-19T11:00:35.000000Z
2024,263.46893518518516,43.16745,-79.04446,2024-09-19T11:15:16.000000Z
2024,263.46894675925927,43.16743,-79.04446,2024-09-19T11:15:17.000000Z
2024,263.4689583333333,43.16742,-79.04445,2024-09-19T11:15:18.000000Z
2024,263.4689699074074,43.16742,-79.04442,2024-09-19T11:15:19.000000Z
2024,263.4689814814815,43.16741,-79.0444,2024-09-19T11:15:20.000000Z
2024,263.46899305555553,43.16741,-79.04439,2024-09-19T11:15:21.000000Z
2024,263.46900462962964,43.16741,-79.04439,2024-09-19T11:15:22.000000Z
2024,263.4690162037037,43.16741,-79.04439,2024-09-19T11:15:23.000000Z
2024,263.4690277777778,43.16741,-79.0444,2024-09-19T11:15:24.000000Z
2024,263.46903935185185,43.16741,-79.04439,2024-09-19T11:15:25.000000Z
2024,263.4690509259259,43.16741,-79.04439,2024-09-19T11:15:26.000000Z
2024,263.4690625,43.16741,-79.0444,2024-09-19T11:15:27.000000Z
2024,263.46907407407406,43.16741,-79.04441,2024-09-19T11:15:28.000000Z
2024,263.46908564814817,43.16741,-79.04441,2024-09-19T11:15:29.000000Z
2024,263.4690972222222,43.16741,-79.04442,2024-09-19T11:15:30.000000Z
2024,263.46910879629627,43.16741,-79.04443,2024-09-19T11:15:31.000000Z
2024,263.4691203703704,43.16742,-79.04444,2024-09-19T11:15:32.000000Z
2024,263.4691319444444,43.16741,-79.04444,2024-09-19T11:15:33.000000Z
2024,263.46914351851854,43.16741,-79.04444,2024-09-19T11:15:34.000000Z
2024,263.47942129629627,43.16743,-79.04447,2024-09-19T11:30:22.000000Z
2024,263.4794328703703,43.16744,-79.04447,2024-09-19T11:30:23.000000Z
2024,263.4794444444444,43.16744,-79.04447,2024-09-19T11:30:24.000000Z
2024,263.4794560185185,43.16744,-79.04448,2024-09-19T11:30:25.000000Z
2024,263.4794675925925,43.16745,-79.04449,2024-09-19T11:30:26.000000Z
2024,263.47947916666664,43.16745,-79.04449,2024-09-19T11:30:27.000000Z
2024,263.4794907407407,43.16746,-79.0445,2024-09-19T11:30:28.000000Z
2024,263.4795023148148,43.16746,-79.0445,2024-09-19T11:30:29.000000Z
2024,263.47951388888885,43.16747,-79.04451,2024-09-19T11:30:30.000000Z
2024,263.4795254629629,43.16747,-79.04453,2024-09-19T11:30:31.000000Z
2024,263.479537037037,43.16748,-79.04453,2024-09-19T11:30:32.000000Z
2024,263.47954861111106,43.16748,-79.04454,2024-09-19T11:30:33.000000Z
2024,263.47956018518516,43.16748,-79.04454,2024-09-19T11:30:34.000000Z
2024,263.4795717592592,43.16748,-79.04454,2024-09-19T11:30:35.000000Z
2024,263.4795833333333,43.16748,-79.04455,2024-09-19T11:30:36.000000Z
2024,263.4795949074074,43.16749,-79.04456,2024-09-19T11:30:37.000000Z
2024,263.4796064814814,43.16749,-79.04457,2024-09-19T11:30:38.000000Z
2024,263.47961805555553,43.16749,-79.04457,2024-09-19T11:30:39.000000Z
2024,263.48983796296295,43.1675,-79.04455,2024-09-19T11:45:22.000000Z
2024,263.489849537037,43.16749,-79.04455,2024-09-19T11:45:23.000000Z
2024,263.4898611111111,43.16749,-79.04455,2024-09-19T11:45:24.000000Z
2024,263.48987268518516,43.16748,-79.04454,2024-09-19T11:45:25.000000Z
2024,263.4898842592592,43.16748,-79.04454,2024-09-19T11:45:26.000000Z
2024,263.4898958333333,43.16748,-79.04454,2024-09-19T11:45:27.000000Z
2024,263.4899074074074,43.16748,-79.04454,2024-09-19T11:45:28.000000Z
2024,263.4899189814815,43.16746,-79.04453,2024-09-19T11:45:29.000000Z
2024,263.48993055555553,43.16746,-79.04453,2024-09-19T11:45:30.000000Z
2024,263.4899421296296,43.16742,-79.0445,2024-09-19T11:45:31.000000Z
2024,263.4899537037037,43.1674,-79.0445,2024-09-19T11:45:32.000000Z
2024,263.48996527777774,43.1674,-79.0445,2024-09-19T11:45:33.000000Z
2024,263.48997685185185,43.1674,-79.04451,2024-09-19T11:45:34.000000Z
2024,263.4899884259259,43.1674,-79.04452,2024-09-19T11:45:35.000000Z
2024,263.49,43.16741,-79.04453,2024-09-19T11:45:36.000000Z
2024,263.4900347222222,43.16742,-79.04455,2024-09-19T11:45:39.000000Z
2024,263.49004629629627,43.16743,-79.04455,2024-09-19T11:45:40.000000Z
2024,263.4900810185185,43.16743,-79.04455,2024-09-19T11:45:43.000000Z
2024,263.4900925925926,43.16743,-79.04454,2024-09-19T11:45:44.000000Z
2024,263.50033564814817,43.16776,-79.04486,2024-09-19T12:00:29.000000Z
2024,263.5003472222222,43.16777,-79.0449,2024-09-19T12:00:30.000000Z
2024,263.50035879629627,43.16779,-79.04492,2024-09-19T12:00:31.000000Z
2024,263.5003703703704,43.16778,-79.04491,2024-09-19T12:00:32.000000Z
2024,263.5003819444444,43.16777,-79.0449,2024-09-19T12:00:33.000000Z
2024,263.50039351851854,43.16776,-79.04489,2024-09-19T12:00:34.000000Z
2024,263.5004050925926,43.16775,-79.04488,2024-09-19T12:00:35.000000Z
2024,263.5004166666667,43.16774,-79.04486,2024-09-19T12:00:36.000000Z
2024,263.50042824074075,43.16774,-79.04486,2024-09-19T12:00:37.000000Z
2024,263.5004398148148,43.16773,-79.04483,2024-09-19T12:00:38.000000Z
2024,263.5004513888889,43.16764,-79.04471,2024-09-19T12:00:39.000000Z
2024,263.50046296296296,43.16763,-79.0447,2024-09-19T12:00:40.000000Z
2024,263.50047453703706,43.1676,-79.04466,2024-09-19T12:00:41.000000Z
2024,263.5004861111111,43.1676,-79.04466,2024-09-19T12:00:42.000000Z
2024,263.50049768518517,43.16759,-79.04465,2024-09-19T12:00:43.000000Z
2024,263.5005092592593,43.16757,-79.04463,2024-09-19T12:00:44.000000Z
2024,263.5005208333333,43.16757,-79.04463,2024-09-19T12:00:45.000000Z
2024,263.50053240740743,43.16756,-79.04462,2024-09-19T12:00:46.000000Z
2024,263.5005439814815,43.16756,-79.04462,2024-09-19T12:00:47.000000Z
2024,263.50055555555554,43.16755,-79.04462,2024-09-19T12:00:48.000000Z
2024,263.51060185185185,43.16744,-79.04454,2024-09-19T12:15:16.000000Z
2024,263.51061342592595,43.16743,-79.04454,2024-09-19T12:15:17.000000Z
2024,263.510625,43.16741,-79.04453,2024-09-19T12:15:18.000000Z
2024,263.5106365740741,43.16741,-79.04453,2024-09-19T12:15:19.000000Z
2024,263.51064814814816,43.1674,-79.04452,2024-09-19T12:15:20.000000Z
2024,263.5106597222222,43.16739,-79.04451,2024-09-19T12:15:21.000000Z
2024,263.5106712962963,43.16738,-79.04451,2024-09-19T12:15:22.000000Z
2024,263.5106828703704,43.16738,-79.0445,2024-09-19T12:15:23.000000Z
2024,263.5106944444445,43.16738,-79.0445,2024-09-19T12:15:24.000000Z
2024,263.51070601851853,43.16738,-79.0445,2024-09-19T12:15:25.000000Z
2024,263.5107175925926,43.16738,-79.0445,2024-09-19T12:15:26.000000Z
2024,263.5107291666667,43.16738,-79.0445,2024-09-19T12:15:27.000000Z
2024,263.51074074074074,43.16738,-79.0445,2024-09-19T12:15:28.000000Z
2024,263.51075231481485,43.16739,-79.0445,2024-09-19T12:15:29.000000Z
2024,263.5107638888889,43.1674,-79.0445,2024-09-19T12:15:30.000000Z
2024,263.51077546296295,43.1674,-79.0445,2024-09-19T12:15:31.000000Z
2024,263.51078703703706,43.1674,-79.0445,2024-09-19T12:15:32.000000Z
2024,263.5107986111111,43.16741,-79.0445,2024-09-19T12:15:33.000000Z
2024,263.5108101851852,43.16741,-79.0445,2024-09-19T12:15:34.000000Z
2024,263.52108796296295,43.16746,-79.04467,2024-09-19T12:30:22.000000Z
2024,263.521099537037,43.16746,-79.04467,2024-09-19T12:30:23.000000Z
2024,263.5211111111111,43.16748,-79.04467,2024-09-19T12:30:24.000000Z
2024,263.52112268518516,43.16748,-79.04468,2024-09-19T12:30:25.000000Z
2024,263.5211342592592,43.16749,-79.04469,2024-09-19T12:30:26.000000Z
2024,263.5211458333333,43.1675,-79.04469,2024-09-19T12:30:27.000000Z
2024,263.5211574074074,43.1675,-79.04469,2024-09-19T12:30:28.000000Z
2024,263.5211689814815,43.16751,-79.0447,2024-09-19T12:30:29.000000Z
2024,263.52118055555553,43.16751,-79.04469,2024-09-19T12:30:30.000000Z
2024,263.5211921296296,43.16752,-79.04468,2024-09-19T12:30:31.000000Z
2024,263.5212037037037,43.16752,-79.04467,2024-09-19T12:30:32.000000Z
2024,263.52121527777774,43.16752,-79.04467,2024-09-19T12:30:33.000000Z
2024,263.52122685185185,43.16752,-79.04466,2024-09-19T12:30:34.000000Z
2024,263.5212384259259,43.16751,-79.04465,2024-09-19T12:30:35.000000Z
2024,263.52125,43.16752,-79.04464,2024-09-19T12:30:36.000000Z
2024,263.52126157407406,43.16752,-79.04464,2024-09-19T12:30:37.000000Z
2024,263.5212731481481,43.16751,-79.04463,2024-09-19T12:30:38.000000Z
2024,263.5212847222222,43.16751,-79.04461,2024-09-19T12:30:39.000000Z
2024,263.52129629629627,43.16751,-79.04461,2024-09-19T12:30:40.000000Z
2024,263.5213078703704,43.1675,-79.0446,2024-09-19T12:30:41.000000Z
2024,263.53150462962964,43.16725,-79.04447,2024-09-19T12:45:22.000000Z
2024,263.5315162037037,43.16725,-79.04447,2024-09-19T12:45:23.000000Z
2024,263.5315277777778,43.16725,-79.04446,2024-09-19T12:45:24.000000Z
2024,263.53153935185185,43.16726,-79.04445,2024-09-19T12:45:25.000000Z
2024,263.5315509259259,43.16726,-79.04445,2024-09-19T12:45:26.000000Z
2024,263.5315625,43.16728,-79.04445,2024-09-19T12:45:27.000000Z
2024,263.53157407407406,43.16728,-79.04444,2024-09-19T12:45:28.000000Z
2024,263.53158564814817,43.16729,-79.04444,2024-09-19T12:45:29.000000Z
2024,263.5315972222222,43.16729,-79.04444,2024-09-19T12:45:30.000000Z
2024,263.53160879629627,43.1673,-79.04444,2024-09-19T12:45:31.000000Z
2024,263.5316203703704,43.16731,-79.04444,2024-09-19T12:45:32.000000Z
2024,263.5316319444444,43.16732,-79.04444,2024-09-19T12:45:33.000000Z
2024,263.53164351851854,43.16733,-79.04444,2024-09-19T12:45:34.000000Z
2024,263.5316550925926,43.16734,-79.04444,2024-09-19T12:45:35.000000Z
2024,263.5316666666667,43.16735,-79.04444,2024-09-19T12:45:36.000000Z
2024,263.53167824074075,43.16735,-79.04444,2024-09-19T12:45:37.000000Z
2024,263.5316898148148,43.16736,-79.04445,2024-09-19T12:45:38.000000Z
2024,263.5317013888889,43.16737,-79.04445,2024-09-19T12:45:39.000000Z
2024,263.53171296296296,43.16738,-79.04445,2024-09-19T12:45:40.000000Z
2024,263.5419212962963,43.16752,-79.04453,2024-09-19T13:00:22.000000Z
2024,263.5419328703704,43.16753,-79.04453,2024-09-19T13:00:23.000000Z
2024,263.5419444444445,43.16753,-79.04453,2024-09-19T13:00:24.000000Z
2024,263.54195601851853,43.16753,-79.04454,2024-09-19T13:00:25.000000Z
2024,263.5419675925926,43.16754,-79.04454,2024-09-19T13:00:26.000000Z
2024,263.5419791666667,43.16754,-79.04454,2024-09-19T13:00:27.000000Z
2024,263.54199074074074,43.16755,-79.04454,2024-09-19T13:00:28.000000Z
2024,263.54200231481485,43.16755,-79.04454,2024-09-19T13:00:29.000000Z
2024,263.5420138888889,43.16755,-79.04454,2024-09-19T13:00:30.000000Z
2024,263.54202546296295,43.16756,-79.04454,2024-09-19T13:00:31.000000Z
2024,263.54203703703706,43.16756,-79.04454,2024-09-19T13:00:32.000000Z
2024,263.5420486111111,43.16756,-79.04454,2024-09-19T13:00:33.000000Z
2024,263.5420601851852,43.16756,-79.04454,2024-09-19T13:00:34.000000Z
2024,263.5420717592593,43.16756,-79.04455,2024-09-19T13:00:35.000000Z
2024,263.5420833333334,43.16756,-79.04455,2024-09-19T13:00:36.000000Z
2024,263.54209490740743,43.16756,-79.04455,2024-09-19T13:00:37.000000Z
2024,263.5421064814815,43.16756,-79.04456,2024-09-19T13:00:38.000000Z
2024,263.5421180555556,43.16756,-79.04456,2024-09-19T13:00:39.000000Z
2024,263.54212962962964,43.16756,-79.04456,2024-09-19T13:00:40.000000Z
2024,263.552337962963,43.16744,-79.04452,2024-09-19T13:15:22.000000Z
2024,263.55234953703706,43.16744,-79.04452,2024-09-19T13:15:23.000000Z
2024,263.55236111111117,43.16743,-79.04452,2024-09-19T13:15:24.000000Z
2024,263.5523726851852,43.16743,-79.04452,2024-09-19T13:15:25.000000Z
2024,263.55238425925927,43.16743,-79.04452,2024-09-19T13:15:26.000000Z
2024,263.5523958333334,43.16743,-79.04451,2024-09-19T13:15:27.000000Z
2024,263.55240740740743,43.16743,-79.04451,2024-09-19T13:15:28.000000Z
2024,263.55241898148154,43.16743,-79.04451,2024-09-19T13:15:29.000000Z
2024,263.5524305555556,43.16743,-79.04451,2024-09-19T13:15:30.000000Z
2024,263.55244212962964,43.16744,-79.04451,2024-09-19T13:15:31.000000Z
2024,263.55245370370375,43.16743,-79.0445,2024-09-19T13:15:32.000000Z
2024,263.5524652777778,43.16743,-79.0445,2024-09-19T13:15:33.000000Z
2024,263.5524768518519,43.16743,-79.0445,2024-09-19T13:15:34.000000Z
2024,263.55248842592596,43.16743,-79.0445,2024-09-19T13:15:35.000000Z
2024,263.55250000000007,43.16743,-79.0445,2024-09-19T13:15:36.000000Z
2024,263.5525115740741,43.16743,-79.0445,2024-09-19T13:15:37.000000Z
2024,263.55252314814817,43.16743,-79.0445,2024-09-19T13:15:38.000000Z
2024,263.5525347222223,43.16743,-79.0445,2024-09-19T13:15:39.000000Z
2024,263.5525462962963,43.16743,-79.0445,2024-09-19T13:15:40.000000Z
2024,263.56268518518516,43.16748,-79.04453,2024-09-19T13:30:16.000000Z
2024,263.56269675925927,43.16748,-79.04453,2024-09-19T13:30:17.000000Z
2024,263.5627083333333,43.16748,-79.04453,2024-09-19T13:30:18.000000Z
2024,263.5627199074074,43.16748,-79.04452,2024-09-19T13:30:19.000000Z
2024,263.5627314814815,43.16748,-79.04452,2024-09-19T13:30:20.000000Z
2024,263.56275462962964,43.16747,-79.04451,2024-09-19T13:30:22.000000Z
2024,263.5627662037037,43.16747,-79.0445,2024-09-19T13:30:23.000000Z
2024,263.5627777777778,43.16746,-79.0445,2024-09-19T13:30:24.000000Z
2024,263.56278935185185,43.16746,-79.0445,2024-09-19T13:30:25.000000Z
2024,263.5628009259259,43.16746,-79.04449,2024-09-19T13:30:26.000000Z
2024,263.5628125,43.16746,-79.04449,2024-09-19T13:30:27.000000Z
2024,263.56282407407406,43.16746,-79.04448,2024-09-19T13:30:28.000000Z
2024,263.56283564814817,43.16746,-79.04448,2024-09-19T13:30:29.000000Z
2024,263.5628472222222,43.16746,-79.04448,2024-09-19T13:30:30.000000Z
2024,263.56285879629627,43.16746,-79.04448,2024-09-19T13:30:31.000000Z
2024,263.5628703703704,43.16746,-79.04448,2024-09-19T13:30:32.000000Z
2024,263.5628819444444,43.16746,-79.04448,2024-09-19T13:30:33.000000Z
2024,263.56289351851854,43.16746,-79.04448,2024-09-19T13:30:34.000000Z
2024,263.57310185185185,43.16756,-79.0446,2024-09-19T13:45:16.000000Z
2024,263.57311342592595,43.16756,-79.0446,2024-09-19T13:45:17.000000Z
2024,263.573125,43.16757,-79.0446,2024-09-19T13:45:18.000000Z
2024,263.5731365740741,43.16757,-79.04461,2024-09-19T13:45:19.000000Z
2024,263.57314814814816,43.16759,-79.04462,2024-09-19T13:45:20.000000Z
2024,263.5731597222222,43.16759,-79.04463,2024-09-19T13:45:21.000000Z
2024,263.5731712962963,43.16759,-79.04463,2024-09-19T13:45:22.000000Z
2024,263.5731828703704,43.16759,-79.04463,2024-09-19T13:45:23.000000Z
2024,263.5731944444445,43.16759,-79.04463,2024-09-19T13:45:24.000000Z
2024,263.57320601851853,43.16759,-79.04464,2024-09-19T13:45:25.000000Z
2024,263.5732175925926,43.16759,-79.04464,2024-09-19T13:45:26.000000Z
2024,263.5732291666667,43.16759,-79.04464,2024-09-19T13:45:27.000000Z
2024,263.57324074074074,43.16759,-79.04464,2024-09-19T13:45:28.000000Z
2024,263.57325231481485,43.16759,-79.04464,2024-09-19T13:45:29.000000Z
2024,263.5732638888889,43.16759,-79.04464,2024-09-19T13:45:30.000000Z
2024,263.57327546296295,43.16759,-79.04463,2024-09-19T13:45:31.000000Z
2024,263.57328703703706,43.16758,-79.04463,2024-09-19T13:45:32.000000Z
2024,263.5732986111111,43.16758,-79.04463,2024-09-19T13:45:33.000000Z
2024,263.5733101851852,43.16756,-79.0446,2024-09-19T13:45:34.000000Z
2024,263.58358796296295,43.16741,-79.04444,2024-09-19T14:00:22.000000Z
2024,263.583599537037,43.1674,-79.04444,2024-09-19T14:00:23.000000Z
2024,263.5836111111111,43.1674,-79.04443,2024-09-19T14:00:24.000000Z
2024,263.58362268518516,43.1674,-79.04442,2024-09-19T14:00:25.000000Z
2024,263.5836342592592,43.1674,-79.04442,2024-09-19T14:00:26.000000Z
2024,263.5836458333333,43.1674,-79.04442,2024-09-19T14:00:27.000000Z
2024,263.5836574074074,43.16741,-79.04443,2024-09-19T14:00:28.000000Z
2024,263.5836689814815,43.16741,-79.04443,2024-09-19T14:00:29.000000Z
2024,263.58368055555553,43.16741,-79.04444,2024-09-19T14:00:30.000000Z
2024,263.5836921296296,43.16741,-79.04444,2024-09-19T14:00:31.000000Z
2024,263.5837037037037,43.16742,-79.04444,2024-09-19T14:00:32.000000Z
2024,263.58372685185185,43.16742,-79.04444,2024-09-19T14:00:34.000000Z
2024,263.5837384259259,43.16743,-79.04444,2024-09-19T14:00:35.000000Z
2024,263.58375,43.16743,-79.04444,2024-09-19T14:00:36.000000Z
2024,263.58376157407406,43.16743,-79.04444,2024-09-19T14:00:37.000000Z
2024,263.5837731481481,43.16743,-79.04444,2024-09-19T14:00:38.000000Z
2024,263.5837847222222,43.16743,-79.04444,2024-09-19T14:00:39.000000Z
2024,263.58379629629627,43.16743,-79.04444,2024-09-19T14:00:40.000000Z
2024,263.59393518518516,43.1676,-79.04459,2024-09-19T14:15:16.000000Z
2024,263.59394675925927,43.1676,-79.04458,2024-09-19T14:15:17.000000Z
2024,263.5939583333333,43.16761,-79.04457,2024-09-19T14:15:18.000000Z
2024,263.5939699074074,43.16762,-79.04457,2024-09-19T14:15:19.000000Z
2024,263.5939814814815,43.16763,-79.04456,2024-09-19T14:15:20.000000Z
2024,263.59399305555553,43.16764,-79.04456,2024-09-19T14:15:21.000000Z
2024,263.59400462962964,43.16764,-79.04456,2024-09-19T14:15:22.000000Z
2024,263.5940162037037,43.16764,-79.04456,2024-09-19T14:15:23.000000Z
2024,263.5940277777778,43.16763,-79.04456,2024-09-19T14:15:24.000000Z
2024,263.59403935185185,43.16762,-79.04457,2024-09-19T14:15:25.000000Z
2024,263.5940509259259,43.16762,-79.04457,2024-09-19T14:15:26.000000Z
2024,263.5940625,43.16762,-79.04457,2024-09-19T14:15:27.000000Z
2024,263.59407407407406,43.16761,-79.04456,2024-09-19T14:15:28.000000Z
2024,263.59408564814817,43.16761,-79.04456,2024-09-19T14:15:29.000000Z
2024,263.5940972222222,43.16761,-79.04455,2024-09-19T14:15:30.000000Z
2024,263.59410879629627,43.16761,-79.04455,2024-09-19T14:15:31.000000Z
2024,263.5941203703704,43.16761,-79.04454,2024-09-19T14:15:32.000000Z
2024,263.5941319444444,43.16761,-79.04454,2024-09-19T14:15:33.000000Z
2024,263.59414351851854,43.16761,-79.04454,2024-09-19T14:15:34.000000Z
2024,263.5941550925926,43.16761,-79.04454,2024-09-19T14:15:35.000000Z
2024,263.6043518518518,43.16759,-79.04454,2024-09-19T14:30:16.000000Z
2024,263.6043634259259,43.16759,-79.04455,2024-09-19T14:30:17.000000Z
2024,263.60437499999995,43.16759,-79.04455,2024-09-19T14:30:18.000000Z
2024,263.60438657407406,43.1676,-79.04456,2024-09-19T14:30:19.000000Z
2024,263.6043981481481,43.1676,-79.04457,2024-09-19T14:30:20.000000Z
2024,263.60440972222216,43.1676,-79.04457,2024-09-19T14:30:21.000000Z
2024,263.60442129629627,43.16759,-79.04457,2024-09-19T14:30:22.000000Z
2024,263.6044328703703,43.16759,-79.04458,2024-09-19T14:30:23.000000Z
2024,263.6044444444444,43.16758,-79.04459,2024-09-19T14:30:24.000000Z
2024,263.6044560185185,43.16758,-79.0446,2024-09-19T14:30:25.000000Z
2024,263.6044675925925,43.16757,-79.0446,2024-09-19T14:30:26.000000Z
2024,263.60447916666664,43.16757,-79.04461,2024-09-19T14:30:27.000000Z
2024,263.6044907407407,43.16757,-79.04462,2024-09-19T14:30:28.000000Z
2024,263.60451388888885,43.16757,-79.04462,2024-09-19T14:30:30.000000Z
2024,263.6045254629629,43.16756,-79.04463,2024-09-19T14:30:31.000000Z
2024,263.604537037037,43.16756,-79.04463,2024-09-19T14:30:32.000000Z
2024,263.60454861111106,43.16756,-79.04463,2024-09-19T14:30:33.000000Z
2024,263.60456018518516,43.16756,-79.04463,2024-09-19T14:30:34.000000Z
2024,263.6045717592592,43.16756,-79.04463,2024-09-19T14:30:35.000000Z
2024,263.6045833333333,43.16756,-79.04463,2024-09-19T14:30:36.000000Z
2024,263.6147685185185,43.16765,-79.0445,2024-09-19T14:45:16.000000Z
2024,263.6147800925926,43.16765,-79.04451,2024-09-19T14:45:17.000000Z
2024,263.61479166666663,43.16767,-79.04451,2024-09-19T14:45:18.000000Z
2024,263.61480324074074,43.16767,-79.04451,2024-09-19T14:45:19.000000Z
2024,263.6148148148148,43.16766,-79.04451,2024-09-19T14:45:20.000000Z
2024,263.61482638888884,43.16767,-79.0445,2024-09-19T14:45:21.000000Z
2024,263.61483796296295,43.16767,-79.04451,2024-09-19T14:45:22.000000Z
2024,263.614849537037,43.16768,-79.04451,2024-09-19T14:45:23.000000Z
2024,263.6148611111111,43.16769,-79.04452,2024-09-19T14:45:24.000000Z
2024,263.61487268518516,43.16769,-79.04453,2024-09-19T14:45:25.000000Z
2024,263.6148842592592,43.1677,-79.04453,2024-09-19T14:45:26.000000Z
2024,263.6148958333333,43.1677,-79.04453,2024-09-19T14:45:27.000000Z
2024,263.6149074074074,43.16771,-79.04453,2024-09-19T14:45:28.000000Z
2024,263.6149189814815,43.16771,-79.04454,2024-09-19T14:45:29.000000Z
2024,263.61493055555553,43.16772,-79.04454,2024-09-19T14:45:30.000000Z
2024,263.6149421296296,43.16772,-79.04454,2024-09-19T14:45:31.000000Z
2024,263.6149537037037,43.16772,-79.04454,2024-09-19T14:45:32.000000Z
2024,263.61496527777774,43.16773,-79.04454,2024-09-19T14:45:33.000000Z
2024,263.61497685185185,43.16773,-79.04454,2024-09-19T14:45:34.000000Z
2024,263.6149884259259,43.16773,-79.04454,2024-09-19T14:45:35.000000Z
2024,263.62518518518516,43.16751,-79.04448,2024-09-19T15:00:16.000000Z
2024,263.62519675925927,43.1675,-79.04447,2024-09-19T15:00:17.000000Z
2024,263.6252083333333,43.1675,-79.04447,2024-09-19T15:00:18.000000Z
2024,263.6252199074074,43.1675,-79.04447,2024-09-19T15:00:19.000000Z
2024,263.6252314814815,43.1675,-79.04446,2024-09-19T15:00:20.000000Z
2024,263.62524305555553,43.16751,-79.04446,2024-09-19T15:00:21.000000Z
2024,263.62525462962964,43.16751,-79.04446,2024-09-19T15:00:22.000000Z
2024,263.6252662037037,43.16751,-79.04446,2024-09-19T15:00:23.000000Z
2024,263.6252777777778,43.16751,-79.04446,2024-09-19T15:00:24.000000Z
2024,263.62528935185185,43.16751,-79.04446,2024-09-19T15:00:25.000000Z
2024,263.6253009259259,43.16751,-79.04446,2024-09-19T15:00:26.000000Z
2024,263.6253125,43.1675,-79.04446,2024-09-19T15:00:27.000000Z
2024,263.62532407407406,43.1675,-79.04446,2024-09-19T15:00:28.000000Z
2024,263.62533564814817,43.1675,-79.04446,2024-09-19T15:00:29.000000Z
2024,263.6253472222222,43.1675,-79.04446,2024-09-19T15:00:30.000000Z
2024,263.62535879629627,43.1675,-79.04446,2024-09-19T15:00:31.000000Z
2024,263.6253703703704,43.1675,-79.04446,2024-09-19T15:00:32.000000Z
2024,263.6253819444444,43.1675,-79.04446,2024-09-19T15:00:33.000000Z
2024,263.62539351851854,43.1675,-79.04446,2024-09-19T15:00:34.000000Z
2024,263.6254050925926,43.16751,-79.04447,2024-09-19T15:00:35.000000Z
2024,263.63560185185185,43.16763,-79.04454,2024-09-19T15:15:16.000000Z
2024,263.63561342592595,43.16764,-79.04454,2024-09-19T15:15:17.000000Z
2024,263.635625,43.16765,-79.04454,2024-09-19T15:15:18.000000Z
2024,263.6356365740741,43.16766,-79.04454,2024-09-19T15:15:19.000000Z
2024,263.63564814814816,43.16766,-79.04455,2024-09-19T15:15:20.000000Z
2024,263.6356597222222,43.16766,-79.04455,2024-09-19T15:15:21.000000Z
2024,263.6356712962963,43.16766,-79.04455,2024-09-19T15:15:22.000000Z
2024,263.6356828703704,43.16765,-79.04454,2024-09-19T15:15:23.000000Z
2024,263.6356944444445,43.16765,-79.04454,2024-09-19T15:15:24.000000Z
2024,263.63570601851853,43.16766,-79.04454,2024-09-19T15:15:25.000000Z
2024,263.6357175925926,43.16765,-79.04454,2024-09-19T15:15:26.000000Z
2024,263.6357291666667,43.16765,-79.04454,2024-09-19T15:15:27.000000Z
2024,263.63574074074074,43.16765,-79.04454,2024-09-19T15:15:28.000000Z
2024,263.6357638888889,43.16766,-79.04454,2024-09-19T15:15:30.000000Z
2024,263.63577546296295,43.16765,-79.04454,2024-09-19T15:15:31.000000Z
2024,263.63578703703706,43.16765,-79.04454,2024-09-19T15:15:32.000000Z
2024,263.6357986111111,43.16765,-79.04455,2024-09-19T15:15:33.000000Z
2024,263.6358333333334,43.16765,-79.04457,2024-09-19T15:15:36.000000Z
2024,263.63584490740743,43.16765,-79.04457,2024-09-19T15:15:37.000000Z
2024,263.6460185185185,43.16764,-79.0447,2024-09-19T15:30:16.000000Z
2024,263.6460300925926,43.16764,-79.0447,2024-09-19T15:30:17.000000Z
2024,263.64604166666663,43.16764,-79.04469,2024-09-19T15:30:18.000000Z
2024,263.64605324074074,43.16763,-79.04468,2024-09-19T15:30:19.000000Z
2024,263.6460648148148,43.16763,-79.04468,2024-09-19T15:30:20.000000Z
2024,263.64607638888884,43.16762,-79.04467,2024-09-19T15:30:21.000000Z
2024,263.64608796296295,43.16762,-79.04467,2024-09-19T15:30:22.000000Z
2024,263.646099537037,43.16762,-79.04467,2024-09-19T15:30:23.000000Z
2024,263.6461111111111,43.16763,-79.04467,2024-09-19T15:30:24.000000Z
2024,263.64612268518516,43.16762,-79.04467,2024-09-19T15:30:25.000000Z
2024,263.6461342592592,43.16762,-79.04467,2024-09-19T15:30:26.000000Z
2024,263.6461458333333,43.16762,-79.04467,2024-09-19T15:30:27.000000Z
2024,263.6461574074074,43.16762,-79.04467,2024-09-19T15:30:28.000000Z
2024,263.6461689814815,43.16761,-79.04468,2024-09-19T15:30:29.000000Z
2024,263.64618055555553,43.16761,-79.04468,2024-09-19T15:30:30.000000Z
2024,263.6461921296296,43.1676,-79.04467,2024-09-19T15:30:31.000000Z
2024,263.6462037037037,43.1676,-79.04466,2024-09-19T15:30:32.000000Z
2024,263.64621527777774,43.16759,-79.04465,2024-09-19T15:30:33.000000Z
2024,263.64622685185185,43.16754,-79.04454,2024-09-19T15:30:34.000000Z
2024,263.6462384259259,43.16753,-79.04453,2024-09-19T15:30:35.000000Z
2024,263.65649305555553,43.16756,-79.04447,2024-09-19T15:45:21.000000Z
2024,263.65650462962964,43.16756,-79.04447,2024-09-19T15:45:22.000000Z
2024,263.6565162037037,43.16756,-79.04447,2024-09-19T15:45:23.000000Z
2024,263.6565277777778,43.16756,-79.04447,2024-09-19T15:45:24.000000Z
2024,263.65653935185185,43.16756,-79.04448,2024-09-19T15:45:25.000000Z
2024,263.6565509259259,43.16755,-79.04448,2024-09-19T15:45:26.000000Z
2024,263.6565625,43.16754,-79.04449,2024-09-19T15:45:27.000000Z
2024,263.65657407407406,43.16754,-79.04449,2024-09-19T15:45:28.000000Z
2024,263.65658564814817,43.16753,-79.0445,2024-09-19T15:45:29.000000Z
2024,263.6565972222222,43.16753,-79.0445,2024-09-19T15:45:30.000000Z
2024,263.6566550925926,43.16752,-79.04453,2024-09-19T15:45:35.000000Z
2024,263.6566898148148,43.16752,-79.04454,2024-09-19T15:45:38.000000Z
2024,263.6567013888889,43.16752,-79.04455,2024-09-19T15:45:39.000000Z
2024,263.65671296296296,43.16752,-79.04455,2024-09-19T15:45:40.000000Z
2024,263.6567361111111,43.16753,-79.04456,2024-09-19T15:45:42.000000Z
2024,263.65674768518517,43.16753,-79.04456,2024-09-19T15:45:43.000000Z
2024,263.6567592592593,43.16753,-79.04456,2024-09-19T15:45:44.000000Z
2024,263.6567708333333,43.16753,-79.04455,2024-09-19T15:45:45.000000Z
2024,263.65678240740743,43.16753,-79.04456,2024-09-19T15:45:46.000000Z
2024,263.6668402777778,43.16757,-79.04434,2024-09-19T16:00:15.000000Z
2024,263.66685185185185,43.16757,-79.04434,2024-09-19T16:00:16.000000Z
2024,263.66686342592595,43.16758,-79.04433,2024-09-19T16:00:17.000000Z
2024,263.666875,43.16758,-79.04433,2024-09-19T16:00:18.000000Z
2024,263.6668865740741,43.16758,-79.04433,2024-09-19T16:00:19.000000Z
2024,263.66689814814816,43.16758,-79.04433,2024-09-19T16:00:20.000000Z
2024,263.6669097222222,43.16758,-79.04432,2024-09-19T16:00:21.000000Z
2024,263.6669212962963,43.16754,-79.04431,2024-09-19T16:00:22.000000Z
2024,263.6669444444445,43.16756,-79.04431,2024-09-19T16:00:24.000000Z
2024,263.66695601851853,43.16756,-79.04431,2024-09-19T16:00:25.000000Z
2024,263.6669675925926,43.16756,-79.04431,2024-09-19T16:00:26.000000Z
2024,263.6669791666667,43.16755,-79.04431,2024-09-19T16:00:27.000000Z
2024,263.66699074074074,43.16756,-79.04431,2024-09-19T16:00:28.000000Z
2024,263.66700231481485,43.16755,-79.04431,2024-09-19T16:00:29.000000Z
2024,263.6670138888889,43.16755,-79.04431,2024-09-19T16:00:30.000000Z
2024,263.66702546296295,43.16755,-79.04431,2024-09-19T16:00:31.000000Z
2024,263.66703703703706,43.16755,-79.04431,2024-09-19T16:00:32.000000Z
2024,263.6670717592593,43.16755,-79.04431,2024-09-19T16:00:35.000000Z
2024,263.6670833333334,43.16754,-79.04431,2024-09-19T16:00:36.000000Z
2024,263.6671180555556,43.16754,-79.04431,2024-09-19T16:00:39.000000Z
2024,263.67726851851853,43.16757,-79.04461,2024-09-19T16:15:16.000000Z
2024,263.67728009259264,43.16755,-79.0446,2024-09-19T16:15:17.000000Z
2024,263.6772916666667,43.16754,-79.0446,2024-09-19T16:15:18.000000Z
2024,263.6773032407408,43.16754,-79.0446,2024-09-19T16:15:19.000000Z
2024,263.67731481481485,43.16754,-79.0446,2024-09-19T16:15:20.000000Z
2024,263.6773263888889,43.16754,-79.0446,2024-09-19T16:15:21.000000Z
2024,263.677337962963,43.16754,-79.0446,2024-09-19T16:15:22.000000Z
2024,263.67734953703706,43.16754,-79.0446,2024-09-19T16:15:23.000000Z
2024,263.67736111111117,43.16753,-79.04459,2024-09-19T16:15:24.000000Z
2024,263.6773726851852,43.16753,-79.04458,2024-09-19T16:15:25.000000Z
2024,263.67738425925927,43.16752,-79.04458,2024-09-19T16:15:26.000000Z
2024,263.6773958333334,43.16752,-79.04457,2024-09-19T16:15:27.000000Z
2024,263.67740740740743,43.16752,-79.04456,2024-09-19T16:15:28.000000Z
2024,263.67741898148154,43.16752,-79.04455,2024-09-19T16:15:29.000000Z
2024,263.6774305555556,43.16752,-79.04454,2024-09-19T16:15:30.000000Z
2024,263.67744212962964,43.16752,-79.04454,2024-09-19T16:15:31.000000Z
2024,263.67745370370375,43.16752,-79.04454,2024-09-19T16:15:32.000000Z
2024,263.6774652777778,43.16752,-79.04453,2024-09-19T16:15:33.000000Z
2024,263.6774768518519,43.16753,-79.04453,2024-09-19T16:15:34.000000Z
2024,263.67748842592596,43.16753,-79.04453,2024-09-19T16:15:35.000000Z
2024,263.68774305555553,43.16745,-79.04447,2024-09-19T16:30:21.000000Z
2024,263.68775462962964,43.16746,-79.04447,2024-09-19T16:30:22.000000Z
2024,263.6877662037037,43.16746,-79.04447,2024-09-19T16:30:23.000000Z
2024,263.6877777777778,43.16746,-79.04446,2024-09-19T16:30:24.000000Z
2024,263.68778935185185,43.16746,-79.04446,2024-09-19T16:30:25.000000Z
2024,263.6878009259259,43.16747,-79.04445,2024-09-19T16:30:26.000000Z
2024,263.6878125,43.16747,-79.04444,2024-09-19T16:30:27.000000Z
2024,263.68782407407406,43.16747,-79.04444,2024-09-19T16:30:28.000000Z
2024,263.68783564814817,43.16747,-79.04444,2024-09-19T16:30:29.000000Z
2024,263.6878472222222,43.16747,-79.04444,2024-09-19T16:30:30.000000Z
2024,263.68785879629627,43.16747,-79.04442,2024-09-19T16:30:31.000000Z
2024,263.6878703703704,43.16747,-79.04442,2024-09-19T16:30:32.000000Z
2024,263.6878819444444,43.16747,-79.04441,2024-09-19T16:30:33.000000Z
2024,263.68789351851854,43.16748,-79.04441,2024-09-19T16:30:34.000000Z
2024,263.6879050925926,43.16748,-79.04441,2024-09-19T16:30:35.000000Z
2024,263.6879166666667,43.16748,-79.0444,2024-09-19T16:30:36.000000Z
2024,263.68792824074075,43.16748,-79.04439,2024-09-19T16:30:37.000000Z
2024,263.6879398148148,43.16748,-79.04438,2024-09-19T16:30:38.000000Z
2024,263.6879513888889,43.16748,-79.04438,2024-09-19T16:30:39.000000Z
2024,263.68796296296296,43.16748,-79.04438,2024-09-19T16:30:40.000000Z
2024,263.69810185185185,43.16752,-79.04446,2024-09-19T16:45:16.000000Z
2024,263.69811342592595,43.16751,-79.04447,2024-09-19T16:45:17.000000Z
2024,263.698125,43.16751,-79.04446,2024-09-19T16:45:18.000000Z
2024,263.6981365740741,43.16751,-79.04446,2024-09-19T16:45:19.000000Z
2024,263.69814814814816,43.1675,-79.04446,2024-09-19T16:45:20.000000Z
2024,263.6981597222222,43.1675,-79.04445,2024-09-19T16:45:21.000000Z
2024,263.6981712962963,43.16751,-79.04447,2024-09-19T16:45:22.000000Z
2024,263.6981828703704,43.16751,-79.04447,2024-09-19T16:45:23.000000Z
2024,263.6981944444445,43.1675,-79.04447,2024-09-19T16:45:24.000000Z
2024,263.69820601851853,43.1675,-79.04447,2024-09-19T16:45:25.000000Z
2024,263.6982175925926,43.1675,-79.04447,2024-09-19T16:45:26.000000Z
2024,263.6982291666667,43.1675,-79.04447,2024-09-19T16:45:27.000000Z
2024,263.69824074074074,43.16751,-79.04448,2024-09-19T16:45:28.000000Z
2024,263.69825231481485,43.1675,-79.04448,2024-09-19T16:45:29.000000Z
2024,263.6982638888889,43.1675,-79.04449,2024-09-19T16:45:30.000000Z
2024,263.69827546296295,43.1675,-79.04449,2024-09-19T16:45:31.000000Z
2024,263.69828703703706,43.16751,-79.04449,2024-09-19T16:45:32.000000Z
2024,263.6982986111111,43.16751,-79.04449,2024-09-19T16:45:33.000000Z
2024,263.6983101851852,43.16751,-79.04449,2024-09-19T16:45:34.000000Z
2024,263.6983217592593,43.16751,-79.0445,2024-09-19T16:45:35.000000Z
2024,263.70858796296295,43.16751,-79.04453,2024-09-19T17:00:22.000000Z
2024,263.708599537037,43.16752,-79.04453,2024-09-19T17:00:23.000000Z
2024,263.7086111111111,43.16753,-79.04453,2024-09-19T17:00:24.000000Z
2024,263.70862268518516,43.16753,-79.04452,2024-09-19T17:00:25.000000Z
2024,263.7086342592592,43.16754,-79.04451,2024-09-19T17:00:26.000000Z
2024,263.7086458333333,43.16754,-79.04451,2024-09-19T17:00:27.000000Z
2024,263.7086574074074,43.16754,-79.0445,2024-09-19T17:00:28.000000Z
2024,263.7086689814815,43.16754,-79.04449,2024-09-19T17:00:29.000000Z
2024,263.70868055555553,43.16754,-79.04449,2024-09-19T17:00:30.000000Z
2024,263.7086921296296,43.16753,-79.0445,2024-09-19T17:00:31.000000Z
2024,263.7087037037037,43.16751,-79.0445,2024-09-19T17:00:32.000000Z
2024,263.70871527777774,43.1675,-79.04451,2024-09-19T17:00:33.000000Z
2024,263.70872685185185,43.1675,-79.0445,2024-09-19T17:00:34.000000Z
2024,263.7087384259259,43.16749,-79.04451,2024-09-19T17:00:35.000000Z
2024,263.70875,43.16749,-79.04451,2024-09-19T17:00:36.000000Z
2024,263.70876157407406,43.16749,-79.0445,2024-09-19T17:00:37.000000Z
2024,263.7087731481481,43.16749,-79.0445,2024-09-19T17:00:38.000000Z
2024,263.7087847222222,43.16749,-79.0445,2024-09-19T17:00:39.000000Z
2024,263.70879629629627,43.1675,-79.0445,2024-09-19T17:00:40.000000Z
2024,263.7088078703704,43.1675,-79.0445,2024-09-19T17:00:41.000000Z
2024,263.71900462962964,43.1671,-79.04479,2024-09-19T17:15:22.000000Z
2024,263.7190162037037,43.1671,-79.04479,2024-09-19T17:15:23.000000Z
2024,263.7190277777778,43.16712,-79.04479,2024-09-19T17:15:24.000000Z
2024,263.71903935185185,43.16714,-79.04479,2024-09-19T17:15:25.000000Z
2024,263.7190509259259,43.16731,-79.04458,2024-09-19T17:15:26.000000Z
2024,263.71907407407406,43.16731,-79.0446,2024-09-19T17:15:28.000000Z
2024,263.71908564814817,43.16731,-79.0446,2024-09-19T17:15:29.000000Z
2024,263.7190972222222,43.16729,-79.0446,2024-09-19T17:15:30.000000Z
2024,263.71910879629627,43.16728,-79.0446,2024-09-19T17:15:31.000000Z
2024,263.7191203703704,43.16728,-79.0446,2024-09-19T17:15:32.000000Z
2024,263.7191319444444,43.16728,-79.0446,2024-09-19T17:15:33.000000Z
2024,263.71914351851854,43.16729,-79.0446,2024-09-19T17:15:34.000000Z
2024,263.7191550925926,43.1673,-79.0446,2024-09-19T17:15:35.000000Z
2024,263.7191666666667,43.1673,-79.0446,2024-09-19T17:15:36.000000Z
2024,263.71917824074075,43.1673,-79.04459,2024-09-19T17:15:37.000000Z
2024,263.7191898148148,43.16731,-79.04459,2024-09-19T17:15:38.000000Z
2024,263.7192013888889,43.16731,-79.04458,2024-09-19T17:15:39.000000Z
2024,263.71921296296296,43.16732,-79.04458,2024-09-19T17:15:40.000000Z
2024,263.71922453703706,43.16732,-79.04457,2024-09-19T17:15:41.000000Z
2024,263.7192361111111,43.16733,-79.04457,2024-09-19T17:15:42.000000Z
2024,263.72942129629627,43.16758,-79.04457,2024-09-19T17:30:22.000000Z
2024,263.7294328703703,43.16757,-79.04457,2024-09-19T17:30:23.000000Z
2024,263.7294444444444,43.16757,-79.04458,2024-09-19T17:30:24.000000Z
2024,263.7294560185185,43.16758,-79.04458,2024-09-19T17:30:25.000000Z
2024,263.7294675925925,43.16757,-79.04458,2024-09-19T17:30:26.000000Z
2024,263.72947916666664,43.16756,-79.04458,2024-09-19T17:30:27.000000Z
2024,263.7294907407407,43.16755,-79.04458,2024-09-19T17:30:28.000000Z
2024,263.7295023148148,43.16754,-79.04458,2024-09-19T17:30:29.000000Z
2024,263.72951388888885,43.16753,-79.04458,2024-09-19T17:30:30.000000Z
2024,263.7295254629629,43.16752,-79.04458,2024-09-19T17:30:31.000000Z
2024,263.729537037037,43.16752,-79.04458,2024-09-19T17:30:32.000000Z
2024,263.72954861111106,43.16751,-79.04458,2024-09-19T17:30:33.000000Z
2024,263.72956018518516,43.16751,-79.04457,2024-09-19T17:30:34.000000Z
2024,263.7295717592592,43.1675,-79.04457,2024-09-19T17:30:35.000000Z
2024,263.7295833333333,43.16748,-79.04457,2024-09-19T17:30:36.000000Z
2024,263.7295949074074,43.16746,-79.04456,2024-09-19T17:30:37.000000Z
2024,263.7296064814814,43.16743,-79.04456,2024-09-19T17:30:38.000000Z
2024,263.72961805555553,43.16741,-79.04455,2024-09-19T17:30:39.000000Z
2024,263.7296296296296,43.1674,-79.04454,2024-09-19T17:30:40.000000Z
2024,263.7397685185185,43.16736,-79.04447,2024-09-19T17:45:16.000000Z
2024,263.7397800925926,43.16737,-79.04447,2024-09-19T17:45:17.000000Z
2024,263.73979166666663,43.16741,-79.04447,2024-09-19T17:45:18.000000Z
2024,263.7398148148148,43.16741,-79.04447,2024-09-19T17:45:20.000000Z
2024,263.73982638888884,43.16742,-79.04448,2024-09-19T17:45:21.000000Z
2024,263.739849537037,43.16744,-79.04449,2024-09-19T17:45:23.000000Z
2024,263.7398611111111,43.16744,-79.04449,2024-09-19T17:45:24.000000Z
2024,263.73987268518516,43.16746,-79.0445,2024-09-19T17:45:25.000000Z
2024,263.7398842592592,43.16746,-79.0445,2024-09-19T17:45:26.000000Z
2024,263.7398958333333,43.16747,-79.0445,2024-09-19T17:45:27.000000Z
2024,263.7399074074074,43.16748,-79.04451,2024-09-19T17:45:28.000000Z
2024,263.7399189814815,43.16749,-79.04451,2024-09-19T17:45:29.000000Z
2024,263.73993055555553,43.1675,-79.04452,2024-09-19T17:45:30.000000Z
2024,263.7399421296296,43.16751,-79.04452,2024-09-19T17:45:31.000000Z
2024,263.7399537037037,43.16751,-79.04452,2024-09-19T17:45:32.000000Z
2024,263.73996527777774,43.16751,-79.04452,2024-09-19T17:45:33.000000Z
2024,263.73997685185185,43.16751,-79.04452,2024-09-19T17:45:34.000000Z
2024,263.7399884259259,43.16752,-79.04453,2024-09-19T17:45:35.000000Z
2024,263.74,43.16753,-79.04453,2024-09-19T17:45:36.000000Z
2024,263.75024305555553,43.16766,-79.04453,2024-09-19T18:00:21.000000Z
2024,263.75025462962964,43.16765,-79.04452,2024-09-19T18:00:22.000000Z
2024,263.7502662037037,43.16765,-79.04452,2024-09-19T18:00:23.000000Z
2024,263.7502777777778,43.16764,-79.04453,2024-09-19T18:00:24.000000Z
2024,263.75028935185185,43.16756,-79.04455,2024-09-19T18:00:25.000000Z
2024,263.7503125,43.16755,-79.04455,2024-09-19T18:00:27.000000Z
2024,263.75032407407406,43.16755,-79.04455,2024-09-19T18:00:28.000000Z
2024,263.75033564814817,43.16754,-79.04454,2024-09-19T18:00:29.000000Z
2024,263.7503472222222,43.16754,-79.04455,2024-09-19T18:00:30.000000Z
2024,263.75035879629627,43.16753,-79.04454,2024-09-19T18:00:31.000000Z
2024,263.7503703703704,43.16752,-79.04454,2024-09-19T18:00:32.000000Z
2024,263.7503819444444,43.16751,-79.04454,2024-09-19T18:00:33.000000Z
2024,263.75039351851854,43.1675,-79.04454,2024-09-19T18:00:34.000000Z
2024,263.7504050925926,43.1675,-79.04454,2024-09-19T18:00:35.000000Z
2024,263.7504166666667,43.1675,-79.04454,2024-09-19T18:00:36.000000Z
2024,263.75042824074075,43.1675,-79.04454,2024-09-19T18:00:37.000000Z
2024,263.7504398148148,43.1675,-79.04454,2024-09-19T18:00:38.000000Z
2024,263.7504513888889,43.1675,-79.04453,2024-09-19T18:00:39.000000Z
2024,263.75046296296296,43.16751,-79.04453,2024-09-19T18:00:40.000000Z
2024,263.75047453703706,43.16751,-79.04452,2024-09-19T18:00:41.000000Z
2024,263.7606712962963,43.16725,-79.04481,2024-09-19T18:15:22.000000Z
2024,263.7606828703704,43.16724,-79.0448,2024-09-19T18:15:23.000000Z
2024,263.7606944444445,43.16722,-79.04479,2024-09-19T18:15:24.000000Z
2024,263.76070601851853,43.16722,-79.04478,2024-09-19T18:15:25.000000Z
2024,263.7607175925926,43.16722,-79.04476,2024-09-19T18:15:26.000000Z
2024,263.7607291666667,43.16721,-79.04476,2024-09-19T18:15:27.000000Z
2024,263.76074074074074,43.16721,-79.04475,2024-09-19T18:15:28.000000Z
2024,263.76075231481485,43.16722,-79.04474,2024-09-19T18:15:29.000000Z
2024,263.7607638888889,43.16722,-79.04474,2024-09-19T18:15:30.000000Z
2024,263.76077546296295,43.16736,-79.0446,2024-09-19T18:15:31.000000Z
2024,263.7607986111111,43.16743,-79.04454,2024-09-19T18:15:33.000000Z
2024,263.7608101851852,43.16743,-79.04454,2024-09-19T18:15:34.000000Z
2024,263.7608217592593,43.16744,-79.04455,2024-09-19T18:15:35.000000Z
2024,263.7608333333334,43.16744,-79.04455,2024-09-19T18:15:36.000000Z
2024,263.76084490740743,43.16744,-79.04454,2024-09-19T18:15:37.000000Z
2024,263.7608564814815,43.16744,-79.04453,2024-09-19T18:15:38.000000Z
2024,263.7608680555556,43.16744,-79.04452,2024-09-19T18:15:39.000000Z
2024,263.76087962962964,43.16744,-79.04452,2024-09-19T18:15:40.000000Z
2024,263.76089120370375,43.16744,-79.04451,2024-09-19T18:15:41.000000Z
2024,263.7609027777778,43.16743,-79.04451,2024-09-19T18:15:42.000000Z
2024,263.77108796296295,43.16744,-79.04466,2024-09-19T18:30:22.000000Z
2024,263.771099537037,43.16741,-79.04467,2024-09-19T18:30:23.000000Z
2024,263.7711111111111,43.16743,-79.04469,2024-09-19T18:30:24.000000Z
2024,263.77112268518516,43.16744,-79.0447,2024-09-19T18:30:25.000000Z
2024,263.7711342592592,43.16744,-79.0447,2024-09-19T18:30:26.000000Z
2024,263.7711458333333,43.16744,-79.0447,2024-09-19T18:30:27.000000Z
2024,263.7711574074074,43.16745,-79.04471,2024-09-19T18:30:28.000000Z
2024,263.7711689814815,43.16745,-79.04471,2024-09-19T18:30:29.000000Z
2024,263.77118055555553,43.16745,-79.04471,2024-09-19T18:30:30.000000Z
2024,263.7711921296296,43.16746,-79.04471,2024-09-19T18:30:31.000000Z
2024,263.7712037037037,43.16746,-79.04472,2024-09-19T18:30:32.000000Z
2024,263.77121527777774,43.16747,-79.04473,2024-09-19T18:30:33.000000Z
2024,263.77122685185185,43.16747,-79.04473,2024-09-19T18:30:34.000000Z
2024,263.7712384259259,43.16748,-79.04473,2024-09-19T18:30:35.000000Z
2024,263.77125,43.16748,-79.04473,2024-09-19T18:30:36.000000Z
2024,263.77126157407406,43.16748,-79.04473,2024-09-19T18:30:37.000000Z
2024,263.7712731481481,43.16748,-79.04473,2024-09-19T18:30:38.000000Z
2024,263.7712847222222,43.16748,-79.04473,2024-09-19T18:30:39.000000Z
2024,263.77129629629627,43.16748,-79.04473,2024-09-19T18:30:40.000000Z
2024,263.7713078703704,43.16748,-79.04473,2024-09-19T18:30:41.000000Z
2024,263.78143518518516,43.16749,-79.04453,2024-09-19T18:45:16.000000Z
2024,263.78144675925927,43.16749,-79.04454,2024-09-19T18:45:17.000000Z
2024,263.7814583333333,43.16749,-79.04454,2024-09-19T18:45:18.000000Z
2024,263.7814699074074,43.16749,-79.04454,2024-09-19T18:45:19.000000Z
2024,263.7814814814815,43.16749,-79.04455,2024-09-19T18:45:20.000000Z
2024,263.78149305555553,43.16749,-79.04455,2024-09-19T18:45:21.000000Z
2024,263.78150462962964,43.1675,-79.04456,2024-09-19T18:45:22.000000Z
2024,263.7815162037037,43.1675,-79.04456,2024-09-19T18:45:23.000000Z
2024,263.7815277777778,43.16751,-79.04455,2024-09-19T18:45:24.000000Z
2024,263.78153935185185,43.16751,-79.04455,2024-09-19T18:45:25.000000Z
2024,263.7815509259259,43.16751,-79.04455,2024-09-19T18:45:26.000000Z
2024,263.7815625,43.16751,-79.04455,2024-09-19T18:45:27.000000Z
2024,263.78157407407406,43.16751,-79.04455,2024-09-19T18:45:28.000000Z
2024,263.78158564814817,43.16751,-79.04455,2024-09-19T18:45:29.000000Z
2024,263.7815972222222,43.16751,-79.04455,2024-09-19T18:45:30.000000Z
2024,263.78160879629627,43.16751,-79.04454,2024-09-19T18:45:31.000000Z
2024,263.7816203703704,43.16751,-79.04454,2024-09-19T18:45:32.000000Z
2024,263.7816319444444,43.16751,-79.04454,2024-09-19T18:45:33.000000Z
2024,263.78164351851854,43.16751,-79.04455,2024-09-19T18:45:34.000000Z
2024,263.7816550925926,43.16751,-79.04454,2024-09-19T18:45:35.000000Z
2024,263.7918402777778,43.1674,-79.04477,2024-09-19T19:00:15.000000Z
2024,263.79185185185185,43.1674,-79.04475,2024-09-19T19:00:16.000000Z
2024,263.79186342592595,43.1674,-79.04473,2024-09-19T19:00:17.000000Z
2024,263.791875,43.1674,-79.04471,2024-09-19T19:00:18.000000Z
2024,263.7918865740741,43.1674,-79.04469,2024-09-19T19:00:19.000000Z
2024,263.79189814814816,43.1674,-79.04467,2024-09-19T19:00:20.000000Z
2024,263.7919097222222,43.1674,-79.04466,2024-09-19T19:00:21.000000Z
2024,263.7919212962963,43.16741,-79.04463,2024-09-19T19:00:22.000000Z
2024,263.7919328703704,43.16741,-79.04463,2024-09-19T19:00:23.000000Z
2024,263.7919444444445,43.16742,-79.04462,2024-09-19T19:00:24.000000Z
2024,263.79195601851853,43.16742,-79.04461,2024-09-19T19:00:25.000000Z
2024,263.7919675925926,43.16742,-79.04461,2024-09-19T19:00:26.000000Z
2024,263.7919791666667,43.16743,-79.0446,2024-09-19T19:00:27.000000Z
2024,263.79199074074074,43.16743,-79.0446,2024-09-19T19:00:28.000000Z
2024,263.79200231481485,43.16743,-79.0446,2024-09-19T19:00:29.000000Z
2024,263.7920138888889,43.16744,-79.0446,2024-09-19T19:00:30.000000Z
2024,263.79202546296295,43.16744,-79.04459,2024-09-19T19:00:31.000000Z
2024,263.79203703703706,43.16745,-79.04458,2024-09-19T19:00:32.000000Z
2024,263.7920486111111,43.16744,-79.04458,2024-09-19T19:00:33.000000Z
2024,263.7920601851852,43.16745,-79.04458,2024-09-19T19:00:34.000000Z
2024,263.8023263888889,43.16748,-79.04457,2024-09-19T19:15:21.000000Z
2024,263.802337962963,43.16748,-79.04456,2024-09-19T19:15:22.000000Z
2024,263.80234953703706,43.16748,-79.04455,2024-09-19T19:15:23.000000Z
2024,263.80236111111117,43.16748,-79.04455,2024-09-19T19:15:24.000000Z
2024,263.8023726851852,43.16749,-79.04454,2024-09-19T19:15:25.000000Z
2024,263.80238425925927,43.16748,-79.04454,2024-09-19T19:15:26.000000Z
2024,263.8023958333334,43.16749,-79.04454,2024-09-19T19:15:27.000000Z
2024,263.80240740740743,43.16749,-79.04453,2024-09-19T19:15:28.000000Z
2024,263.80241898148154,43.16749,-79.04454,2024-09-19T19:15:29.000000Z
2024,263.8024305555556,43.16749,-79.04454,2024-09-19T19:15:30.000000Z
2024,263.80244212962964,43.16749,-79.04457,2024-09-19T19:15:31.000000Z
2024,263.80245370370375,43.16749,-79.04457,2024-09-19T19:15:32.000000Z
2024,263.8024652777778,43.16748,-79.04459,2024-09-19T19:15:33.000000Z
2024,263.8024768518519,43.16748,-79.0446,2024-09-19T19:15:34.000000Z
2024,263.80248842592596,43.16748,-79.0446,2024-09-19T19:15:35.000000Z
2024,263.80250000000007,43.16748,-79.04462,2024-09-19T19:15:36.000000Z
2024,263.8025115740741,43.16748,-79.04463,2024-09-19T19:15:37.000000Z
2024,263.80252314814817,43.16748,-79.04463,2024-09-19T19:15:38.000000Z
2024,263.8025347222223,43.16748,-79.04464,2024-09-19T19:15:39.000000Z
2024,263.8025462962963,43.16748,-79.04464,2024-09-19T19:15:40.000000Z
2024,263.8127662037037,43.16746,-79.04463,2024-09-19T19:30:23.000000Z
2024,263.8127777777778,43.16747,-79.04463,2024-09-19T19:30:24.000000Z
2024,263.81278935185185,43.16748,-79.04463,2024-09-19T19:30:25.000000Z
2024,263.8128009259259,43.16748,-79.04463,2024-09-19T19:30:26.000000Z
2024,263.8128125,43.16749,-79.04463,2024-09-19T19:30:27.000000Z
2024,263.81282407407406,43.16749,-79.04464,2024-09-19T19:30:28.000000Z
2024,263.81283564814817,43.16749,-79.04464,2024-09-19T19:30:29.000000Z
2024,263.8128472222222,43.1675,-79.04464,2024-09-19T19:30:30.000000Z
2024,263.81285879629627,43.16751,-79.04464,2024-09-19T19:30:31.000000Z
2024,263.8128703703704,43.16751,-79.04464,2024-09-19T19:30:32.000000Z
2024,263.8128819444444,43.16751,-79.04464,2024-09-19T19:30:33.000000Z
2024,263.81289351851854,43.16752,-79.04465,2024-09-19T19:30:34.000000Z
2024,263.8129050925926,43.16753,-79.04465,2024-09-19T19:30:35.000000Z
2024,263.8129166666667,43.16753,-79.04465,2024-09-19T19:30:36.000000Z
2024,263.81292824074075,43.16753,-79.04465,2024-09-19T19:30:37.000000Z
2024,263.8129398148148,43.16753,-79.04465,2024-09-19T19:30:38.000000Z
2024,263.8129513888889,43.16753,-79.04465,2024-09-19T19:30:39.000000Z
2024,263.81296296296296,43.16753,-79.04465,2024-09-19T19:30:40.000000Z
2024,263.81297453703706,43.16752,-79.04464,2024-09-19T19:30:41.000000Z
2024,263.8231828703704,43.16755,-79.04465,2024-09-19T19:45:23.000000Z
2024,263.8231944444445,43.16755,-79.04465,2024-09-19T19:45:24.000000Z
2024,263.82320601851853,43.16756,-79.04464,2024-09-19T19:45:25.000000Z
2024,263.8232175925926,43.16755,-79.04463,2024-09-19T19:45:26.000000Z
2024,263.8232291666667,43.16754,-79.04463,2024-09-19T19:45:27.000000Z
2024,263.82324074074074,43.16754,-79.04463,2024-09-19T19:45:28.000000Z
2024,263.82325231481485,43.16753,-79.04462,2024-09-19T19:45:29.000000Z
2024,263.8232638888889,43.16752,-79.04461,2024-09-19T19:45:30.000000Z
2024,263.82327546296295,43.16753,-79.04462,2024-09-19T19:45:31.000000Z
2024,263.82328703703706,43.16753,-79.04462,2024-09-19T19:45:32.000000Z
2024,263.8232986111111,43.16753,-79.04462,2024-09-19T19:45:33.000000Z
2024,263.8233101851852,43.16753,-79.04462,2024-09-19T19:45:34.000000Z
2024,263.8233217592593,43.16753,-79.04462,2024-09-19T19:45:35.000000Z
2024,263.8233333333334,43.16753,-79.04461,2024-09-19T19:45:36.000000Z
2024,263.82334490740743,43.16753,-79.04461,2024-09-19T19:45:37.000000Z
2024,263.8233564814815,43.16753,-79.04462,2024-09-19T19:45:38.000000Z
2024,263.8233680555556,43.16754,-79.04462,2024-09-19T19:45:39.000000Z
2024,263.82337962962964,43.16754,-79.04462,2024-09-19T19:45:40.000000Z
2024,263.82339120370375,43.16753,-79.04461,2024-09-19T19:45:41.000000Z
2024,263.8234027777778,43.16753,-79.04462,2024-09-19T19:45:42.000000Z
2024,263.833599537037,43.16754,-79.04465,2024-09-19T20:00:23.000000Z
2024,263.8336111111111,43.16754,-79.04464,2024-09-19T20:00:24.000000Z
2024,263.83362268518516,43.16754,-79.04464,2024-09-19T20:00:25.000000Z
2024,263.8336342592592,43.16754,-79.04464,2024-09-19T20:00:26.000000Z
2024,263.8336458333333,43.16755,-79.04464,2024-09-19T20:00:27.000000Z
2024,263.8336574074074,43.16756,-79.04465,2024-09-19T20:00:28.000000Z
2024,263.8336689814815,43.16756,-79.04465,2024-09-19T20:00:29.000000Z
2024,263.83368055555553,43.16756,-79.04466,2024-09-19T20:00:30.000000Z
2024,263.8336921296296,43.16757,-79.04466,2024-09-19T20:00:31.000000Z
2024,263.8337037037037,43.16757,-79.04466,2024-09-19T20:00:32.000000Z
2024,263.83371527777774,43.16757,-79.04467,2024-09-19T20:00:33.000000Z
2024,263.83372685185185,43.16757,-79.04467,2024-09-19T20:00:34.000000Z
2024,263.8337384259259,43.16757,-79.04467,2024-09-19T20:00:35.000000Z
2024,263.83375,43.16757,-79.04467,2024-09-19T20:00:36.000000Z
2024,263.83376157407406,43.16757,-79.04467,2024-09-19T20:00:37.000000Z
2024,263.8337731481481,43.16757,-79.04468,2024-09-19T20:00:38.000000Z
2024,263.8337847222222,43.16757,-79.04468,2024-09-19T20:00:39.000000Z
2024,263.83379629629627,43.16758,-79.04469,2024-09-19T20:00:40.000000Z
2024,263.8338078703704,43.16758,-79.04469,2024-09-19T20:00:41.000000Z
2024,263.8440162037037,43.16741,-79.04454,2024-09-19T20:15:23.000000Z
2024,263.8440277777778,43.16742,-79.04454,2024-09-19T20:15:24.000000Z
2024,263.84403935185185,43.16742,-79.04454,2024-09-19T20:15:25.000000Z
2024,263.8440509259259,43.16743,-79.04454,2024-09-19T20:15:26.000000Z
2024,263.8440625,43.16746,-79.04456,2024-09-19T20:15:27.000000Z
2024,263.84407407407406,43.16749,-79.04457,2024-09-19T20:15:28.000000Z
2024,263.84408564814817,43.16751,-79.04458,2024-09-19T20:15:29.000000Z
2024,263.8440972222222,43.16751,-79.04458,2024-09-19T20:15:30.000000Z
2024,263.84410879629627,43.16753,-79.04459,2024-09-19T20:15:31.000000Z
2024,263.8441203703704,43.16753,-79.0446,2024-09-19T20:15:32.000000Z
2024,263.8441319444444,43.16754,-79.0446,2024-09-19T20:15:33.000000Z
2024,263.84414351851854,43.16754,-79.0446,2024-09-19T20:15:34.000000Z
2024,263.8441550925926,43.16754,-79.04459,2024-09-19T20:15:35.000000Z
2024,263.8441666666667,43.16755,-79.0446,2024-09-19T20:15:36.000000Z
2024,263.84417824074075,43.16757,-79.0446,2024-09-19T20:15:37.000000Z
2024,263.8441898148148,43.16757,-79.0446,2024-09-19T20:15:38.000000Z
2024,263.8442013888889,43.16757,-79.0446,2024-09-19T20:15:39.000000Z
2024,263.84421296296296,43.16757,-79.0446,2024-09-19T20:15:40.000000Z
2024,263.84422453703706,43.16757,-79.0446,2024-09-19T20:15:41.000000Z
2024,263.8544328703703,43.16756,-79.04464,2024-09-19T20:30:23.000000Z
2024,263.8544444444444,43.16756,-79.04463,2024-09-19T20:30:24.000000Z
2024,263.8544560185185,43.16756,-79.04463,2024-09-19T20:30:25.000000Z
2024,263.8544675925925,43.16756,-79.04463,2024-09-19T20:30:26.000000Z
2024,263.85447916666664,43.16755,-79.04462,2024-09-19T20:30:27.000000Z
2024,263.8544907407407,43.16755,-79.04462,2024-09-19T20:30:28.000000Z
2024,263.8545023148148,43.16755,-79.04462,2024-09-19T20:30:29.000000Z
2024,263.85451388888885,43.16755,-79.04461,2024-09-19T20:30:30.000000Z
2024,263.8545254629629,43.16754,-79.0446,2024-09-19T20:30:31.000000Z
2024,263.854537037037,43.16754,-79.0446,2024-09-19T20:30:32.000000Z
2024,263.85454861111106,43.16753,-79.0446,2024-09-19T20:30:33.000000Z
2024,263.85456018518516,43.16753,-79.04459,2024-09-19T20:30:34.000000Z
2024,263.8545717592592,43.16753,-79.04459,2024-09-19T20:30:35.000000Z
2024,263.8545833333333,43.16754,-79.04459,2024-09-19T20:30:36.000000Z
2024,263.8545949074074,43.16754,-79.04459,2024-09-19T20:30:37.000000Z
2024,263.8546064814814,43.16754,-79.04459,2024-09-19T20:30:38.000000Z
2024,263.85461805555553,43.16754,-79.04458,2024-09-19T20:30:39.000000Z
2024,263.8546296296296,43.16754,-79.04458,2024-09-19T20:30:40.000000Z
2024,263.8546412037037,43.16754,-79.04458,2024-09-19T20:30:41.000000Z
2024,263.864849537037,43.16752,-79.04458,2024-09-19T20:45:23.000000Z
2024,263.8648611111111,43.16752,-79.04458,2024-09-19T20:45:24.000000Z
2024,263.86487268518516,43.16752,-79.04458,2024-09-19T20:45:25.000000Z
2024,263.8648842592592,43.16753,-79.04457,2024-09-19T20:45:26.000000Z
2024,263.8648958333333,43.16753,-79.04457,2024-09-19T20:45:27.000000Z
2024,263.8649074074074,43.16752,-79.04457,2024-09-19T20:45:28.000000Z
2024,263.8649189814815,43.16752,-79.04457,2024-09-19T20:45:29.000000Z
2024,263.86493055555553,43.16752,-79.04457,2024-09-19T20:45:30.000000Z
2024,263.8649421296296,43.16752,-79.04458,2024-09-19T20:45:31.000000Z
2024,263.8649537037037,43.16752,-79.04458,2024-09-19T20:45:32.000000Z
2024,263.86496527777774,43.16752,-79.04458,2024-09-19T20:45:33.000000Z
2024,263.86497685185185,43.16753,-79.04458,2024-09-19T20:45:34.000000Z
2024,263.8649884259259,43.16753,-79.04459,2024-09-19T20:45:35.000000Z
2024,263.865,43.16753,-79.04459,2024-09-19T20:45:36.000000Z
2024,263.86501157407406,43.16753,-79.04458,2024-09-19T20:45:37.000000Z
2024,263.8650231481481,43.16753,-79.04458,2024-09-19T20:45:38.000000Z
2024,263.8650347222222,43.16752,-79.04459,2024-09-19T20:45:39.000000Z
2024,263.86504629629627,43.16752,-79.04459,2024-09-19T20:45:40.000000Z
2024,263.8650578703704,43.16752,-79.04459,2024-09-19T20:45:41.000000Z
2024,263.8752662037037,43.16755,-79.04463,2024-09-19T21:00:23.000000Z
2024,263.8752777777778,43.16756,-79.04463,2024-09-19T21:00:24.000000Z
2024,263.87528935185185,43.16756,-79.04463,2024-09-19T21:00:25.000000Z
2024,263.8753009259259,43.16757,-79.04462,2024-09-19T21:00:26.000000Z
2024,263.8753125,43.16756,-79.04461,2024-09-19T21:00:27.000000Z
2024,263.87532407407406,43.16756,-79.0446,2024-09-19T21:00:28.000000Z
2024,263.87533564814817,43.16756,-79.0446,2024-09-19T21:00:29.000000Z
2024,263.8753472222222,43.16756,-79.0446,2024-09-19T21:00:30.000000Z
2024,263.87535879629627,43.16756,-79.04461,2024-09-19T21:00:31.000000Z
2024,263.8753703703704,43.16756,-79.04461,2024-09-19T21:00:32.000000Z
2024,263.8753819444444,43.16756,-79.04461,2024-09-19T21:00:33.000000Z
2024,263.87539351851854,43.16755,-79.04462,2024-09-19T21:00:34.000000Z
2024,263.8754050925926,43.16755,-79.04462,2024-09-19T21:00:35.000000Z
2024,263.8754166666667,43.16756,-79.04462,2024-09-19T21:00:36.000000Z
2024,263.87542824074075,43.16755,-79.04463,2024-09-19T21:00:37.000000Z
2024,263.8754398148148,43.16755,-79.04463,2024-09-19T21:00:38.000000Z
2024,263.8754513888889,43.16755,-79.04463,2024-09-19T21:00:39.000000Z
2024,263.87546296296296,43.16755,-79.04463,2024-09-19T21:00:40.000000Z
2024,263.87547453703706,43.16755,-79.04463,2024-09-19T21:00:41.000000Z
2024,263.8856828703704,43.16751,-79.04465,2024-09-19T21:15:23.000000Z
2024,263.8856944444445,43.16753,-79.04464,2024-09-19T21:15:24.000000Z
2024,263.88570601851853,43.16754,-79.04464,2024-09-19T21:15:25.000000Z
2024,263.8857175925926,43.16755,-79.04464,2024-09-19T21:15:26.000000Z
2024,263.8857291666667,43.16756,-79.04465,2024-09-19T21:15:27.000000Z
2024,263.88574074074074,43.16757,-79.04464,2024-09-19T21:15:28.000000Z
2024,263.88575231481485,43.16758,-79.04464,2024-09-19T21:15:29.000000Z
2024,263.8857638888889,43.16759,-79.04463,2024-09-19T21:15:30.000000Z
2024,263.88577546296295,43.16759,-79.04463,2024-09-19T21:15:31.000000Z
2024,263.88578703703706,43.16759,-79.04463,2024-09-19T21:15:32.000000Z
2024,263.8857986111111,43.16758,-79.04462,2024-09-19T21:15:33.000000Z
2024,263.8858101851852,43.16758,-79.04461,2024-09-19T21:15:34.000000Z
2024,263.8858217592593,43.16758,-79.0446,2024-09-19T21:15:35.000000Z
2024,263.8858333333334,43.16759,-79.0446,2024-09-19T21:15:36.000000Z
2024,263.88584490740743,43.16759,-79.04459,2024-09-19T21:15:37.000000Z
2024,263.8858564814815,43.16761,-79.04459,2024-09-19T21:15:38.000000Z
2024,263.8858680555556,43.16762,-79.04459,2024-09-19T21:15:39.000000Z
2024,263.88587962962964,43.16762,-79.04458,2024-09-19T21:15:40.000000Z
2024,263.88589120370375,43.16763,-79.04459,2024-09-19T21:15:41.000000Z
2024,263.8859027777778,43.16764,-79.0446,2024-09-19T21:15:42.000000Z
2024,263.896099537037,43.16733,-79.04441,2024-09-19T21:30:23.000000Z
2024,263.8961111111111,43.16733,-79.0444,2024-09-19T21:30:24.000000Z
2024,263.89612268518516,43.16733,-79.0444,2024-09-19T21:30:25.000000Z
2024,263.8961342592592,43.16734,-79.04439,2024-09-19T21:30:26.000000Z
2024,263.8961458333333,43.16736,-79.04438,2024-09-19T21:30:27.000000Z
2024,263.8961574074074,43.16735,-79.04438,2024-09-19T21:30:28.000000Z
2024,263.8961689814815,43.16735,-79.04438,2024-09-19T21:30:29.000000Z
2024,263.8962037037037,43.16749,-79.0445,2024-09-19T21:30:32.000000Z
2024,263.89621527777774,43.16751,-79.04451,2024-09-19T21:30:33.000000Z
2024,263.89622685185185,43.16751,-79.04451,2024-09-19T21:30:34.000000Z
2024,263.8962384259259,43.1676,-79.04455,2024-09-19T21:30:35.000000Z
2024,263.89625,43.16761,-79.04455,2024-09-19T21:30:36.000000Z
2024,263.89626157407406,43.16763,-79.04457,2024-09-19T21:30:37.000000Z
2024,263.8962731481481,43.16764,-79.04457,2024-09-19T21:30:38.000000Z
2024,263.8962847222222,43.16764,-79.04458,2024-09-19T21:30:39.000000Z
2024,263.89629629629627,43.16763,-79.04458,2024-09-19T21:30:40.000000Z
2024,263.8963078703704,43.16764,-79.0446,2024-09-19T21:30:41.000000Z
2024,263.89631944444443,43.16764,-79.0446,2024-09-19T21:30:42.000000Z
2024,263.8963310185185,43.16764,-79.0446,2024-09-19T21:30:43.000000Z
2024,263.9065162037037,43.16764,-79.04447,2024-09-19T21:45:23.000000Z
2024,263.9065277777778,43.16764,-79.04447,2024-09-19T21:45:24.000000Z
2024,263.90653935185185,43.16764,-79.04447,2024-09-19T21:45:25.000000Z
2024,263.9065509259259,43.16764,-79.04447,2024-09-19T21:45:26.000000Z
2024,263.9065625,43.16765,-79.0445,2024-09-19T21:45:27.000000Z
2024,263.90657407407406,43.16764,-79.0445,2024-09-19T21:45:28.000000Z
2024,263.90658564814817,43.16764,-79.04449,2024-09-19T21:45:29.000000Z
2024,263.9065972222222,43.16764,-79.0445,2024-09-19T21:45:30.000000Z
2024,263.90660879629627,43.16763,-79.0445,2024-09-19T21:45:31.000000Z
2024,263.9066203703704,43.16763,-79.0445,2024-09-19T21:45:32.000000Z
2024,263.9066319444444,43.16762,-79.0445,2024-09-19T21:45:33.000000Z
2024,263.90664351851854,43.16762,-79.0445,2024-09-19T21:45:34.000000Z
2024,263.9066550925926,43.16761,-79.0445,2024-09-19T21:45:35.000000Z
2024,263.9066666666667,43.16761,-79.0445,2024-09-19T21:45:36.000000Z
2024,263.90667824074075,43.16761,-79.0445,2024-09-19T21:45:37.000000Z
2024,263.9066898148148,43.1676,-79.04451,2024-09-19T21:45:38.000000Z
2024,263.9067013888889,43.1676,-79.04453,2024-09-19T21:45:39.000000Z
2024,263.90671296296296,43.16759,-79.04454,2024-09-19T21:45:40.000000Z
2024,263.90672453703706,43.16759,-79.04455,2024-09-19T21:45:41.000000Z
2024,263.9067361111111,43.16759,-79.04456,2024-09-19T21:45:42.000000Z
2024,263.9169444444445,43.16757,-79.04446,2024-09-19T22:00:24.000000Z
2024,263.91695601851853,43.16759,-79.04445,2024-09-19T22:00:25.000000Z
2024,263.9169675925926,43.1676,-79.04445,2024-09-19T22:00:26.000000Z
2024,263.9169791666667,43.16761,-79.04444,2024-09-19T22:00:27.000000Z
2024,263.91699074074074,43.16761,-79.04444,2024-09-19T22:00:28.000000Z
2024,263.91700231481485,43.1676,-79.04442,2024-09-19T22:00:29.000000Z
2024,263.9170138888889,43.16759,-79.04441,2024-09-19T22:00:30.000000Z
2024,263.91702546296295,43.16759,-79.04441,2024-09-19T22:00:31.000000Z
2024,263.91703703703706,43.16759,-79.04442,2024-09-19T22:00:32.000000Z
2024,263.9170486111111,43.16759,-79.04443,2024-09-19T22:00:33.000000Z
2024,263.9170601851852,43.16758,-79.04443,2024-09-19T22:00:34.000000Z
2024,263.9170717592593,43.16758,-79.04443,2024-09-19T22:00:35.000000Z
2024,263.9170833333334,43.16757,-79.04444,2024-09-19T22:00:36.000000Z
2024,263.91709490740743,43.16757,-79.04444,2024-09-19T22:00:37.000000Z
2024,263.9171064814815,43.16757,-79.04444,2024-09-19T22:00:38.000000Z
2024,263.9171180555556,43.16757,-79.04444,2024-09-19T22:00:39.000000Z
2024,263.91712962962964,43.16757,-79.04444,2024-09-19T22:00:40.000000Z
2024,263.91714120370375,43.16757,-79.04444,2024-09-19T22:00:41.000000Z
2024,263.9171527777778,43.16757,-79.04444,2024-09-19T22:00:42.000000Z
2024,263.92734953703706,43.16754,-79.04453,2024-09-19T22:15:23.000000Z
2024,263.92736111111117,43.16754,-79.04453,2024-09-19T22:15:24.000000Z
2024,263.9273726851852,43.16753,-79.04453,2024-09-19T22:15:25.000000Z
2024,263.92738425925927,43.16753,-79.04453,2024-09-19T22:15:26.000000Z
2024,263.9273958333334,43.16752,-79.04452,2024-09-19T22:15:27.000000Z
2024,263.92740740740743,43.16751,-79.04451,2024-09-19T22:15:28.000000Z
2024,263.92741898148154,43.16751,-79.04451,2024-09-19T22:15:29.000000Z
2024,263.9274305555556,43.16751,-79.04451,2024-09-19T22:15:30.000000Z
2024,263.92744212962964,43.16751,-79.04451,2024-09-19T22:15:31.000000Z
2024,263.92745370370375,43.16751,-79.0445,2024-09-19T22:15:32.000000Z
2024,263.9274652777778,43.16751,-79.04451,2024-09-19T22:15:33.000000Z
2024,263.9274768518519,43.16751,-79.04451,2024-09-19T22:15:34.000000Z
2024,263.92748842592596,43.16751,-79.04451,2024-09-19T22:15:35.000000Z
2024,263.92750000000007,43.16751,-79.04452,2024-09-19T22:15:36.000000Z
2024,263.9275115740741,43.16751,-79.04452,2024-09-19T22:15:37.000000Z
2024,263.92752314814817,43.16751,-79.04453,2024-09-19T22:15:38.000000Z
2024,263.9275347222223,43.16751,-79.04453,2024-09-19T22:15:39.000000Z
2024,263.9275462962963,43.16751,-79.04453,2024-09-19T22:15:40.000000Z
2024,263.92755787037044,43.16751,-79.04453,2024-09-19T22:15:41.000000Z
2024,263.9377662037037,43.16745,-79.0445,2024-09-19T22:30:23.000000Z
2024,263.9377777777778,43.16745,-79.0445,2024-09-19T22:30:24.000000Z
2024,263.93778935185185,43.16746,-79.04451,2024-09-19T22:30:25.000000Z
2024,263.9378009259259,43.16747,-79.04453,2024-09-19T22:30:26.000000Z
2024,263.9378125,43.16748,-79.04454,2024-09-19T22:30:27.000000Z
2024,263.93782407407406,43.16748,-79.04454,2024-09-19T22:30:28.000000Z
2024,263.93783564814817,43.16749,-79.04455,2024-09-19T22:30:29.000000Z
2024,263.9378472222222,43.1675,-79.04456,2024-09-19T22:30:30.000000Z
2024,263.93785879629627,43.1675,-79.04457,2024-09-19T22:30:31.000000Z
2024,263.9378703703704,43.16751,-79.04457,2024-09-19T22:30:32.000000Z
2024,263.9378819444444,43.16751,-79.04457,2024-09-19T22:30:33.000000Z
2024,263.93789351851854,43.16751,-79.04458,2024-09-19T22:30:34.000000Z
2024,263.9379166666667,43.16753,-79.04459,2024-09-19T22:30:36.000000Z
2024,263.93792824074075,43.16753,-79.0446,2024-09-19T22:30:37.000000Z
2024,263.9379398148148,43.16753,-79.0446,2024-09-19T22:30:38.000000Z
2024,263.9379513888889,43.16754,-79.0446,2024-09-19T22:30:39.000000Z
2024,263.93796296296296,43.16754,-79.0446,2024-09-19T22:30:40.000000Z
2024,263.93797453703706,43.16754,-79.0446,2024-09-19T22:30:41.000000Z
2024,263.9379861111111,43.16754,-79.04461,2024-09-19T22:30:42.000000Z
2024,263.9481944444445,43.16767,-79.04454,2024-09-19T22:45:24.000000Z
2024,263.94820601851853,43.16767,-79.04455,2024-09-19T22:45:25.000000Z
2024,263.9482175925926,43.16767,-79.04457,2024-09-19T22:45:26.000000Z
2024,263.9482291666667,43.16766,-79.04457,2024-09-19T22:45:27.000000Z
2024,263.94824074074074,43.16766,-79.04455,2024-09-19T22:45:28.000000Z
2024,263.94825231481485,43.16765,-79.04455,2024-09-19T22:45:29.000000Z
2024,263.9482638888889,43.16765,-79.04453,2024-09-19T22:45:30.000000Z
2024,263.94827546296295,43.16765,-79.04458,2024-09-19T22:45:31.000000Z
2024,263.94828703703706,43.16764,-79.04459,2024-09-19T22:45:32.000000Z
2024,263.9482986111111,43.16764,-79.04459,2024-09-19T22:45:33.000000Z
2024,263.9483101851852,43.16764,-79.0446,2024-09-19T22:45:34.000000Z
2024,263.9483217592593,43.16764,-79.0446,2024-09-19T22:45:35.000000Z
2024,263.9483333333334,43.16764,-79.0446,2024-09-19T22:45:36.000000Z
2024,263.94834490740743,43.16764,-79.0446,2024-09-19T22:45:37.000000Z
2024,263.9483564814815,43.16764,-79.0446,2024-09-19T22:45:38.000000Z
2024,263.9483680555556,43.16764,-79.04461,2024-09-19T22:45:39.000000Z
2024,263.94837962962964,43.16764,-79.04461,2024-09-19T22:45:40.000000Z
2024,263.94839120370375,43.16764,-79.04461,2024-09-19T22:45:41.000000Z
2024,263.9484027777778,43.16764,-79.04462,2024-09-19T22:45:42.000000Z
2024,263.95858796296295,43.16765,-79.04464,2024-09-19T23:00:22.000000Z
2024,263.958599537037,43.16762,-79.04462,2024-09-19T23:00:23.000000Z
2024,263.9586111111111,43.16761,-79.0446,2024-09-19T23:00:24.000000Z
2024,263.95862268518516,43.16761,-79.0446,2024-09-19T23:00:25.000000Z
2024,263.9586342592592,43.16761,-79.0446,2024-09-19T23:00:26.000000Z
2024,263.9586458333333,43.16762,-79.0446,2024-09-19T23:00:27.000000Z
2024,263.9586574074074,43.16762,-79.0446,2024-09-19T23:00:28.000000Z
2024,263.9586689814815,43.16762,-79.0446,2024-09-19T23:00:29.000000Z
2024,263.95868055555553,43.16762,-79.0446,2024-09-19T23:00:30.000000Z
2024,263.9586921296296,43.16762,-79.0446,2024-09-19T23:00:31.000000Z
2024,263.9587037037037,43.16762,-79.0446,2024-09-19T23:00:32.000000Z
2024,263.95871527777774,43.16762,-79.0446,2024-09-19T23:00:33.000000Z
2024,263.95872685185185,43.16762,-79.0446,2024-09-19T23:00:34.000000Z
2024,263.9587384259259,43.16762,-79.0446,2024-09-19T23:00:35.000000Z
2024,263.95875,43.16761,-79.0446,2024-09-19T23:00:36.000000Z
2024,263.95876157407406,43.16761,-79.04459,2024-09-19T23:00:37.000000Z
2024,263.9587731481481,43.16759,-79.04458,2024-09-19T23:00:38.000000Z
2024,263.9587847222222,43.16759,-79.04457,2024-09-19T23:00:39.000000Z
2024,263.95879629629627,43.16758,-79.04457,2024-09-19T23:00:40.000000Z
2024,263.9588078703704,43.16758,-79.04457,2024-09-19T23:00:41.000000Z
2024,263.96900462962964,43.16738,-79.04454,2024-09-19T23:15:22.000000Z
2024,263.9690162037037,43.16737,-79.04453,2024-09-19T23:15:23.000000Z
2024,263.9690277777778,43.16736,-79.04454,2024-09-19T23:15:24.000000Z
2024,263.96903935185185,43.16736,-79.04454,2024-09-19T23:15:25.000000Z
2024,263.9690509259259,43.16736,-79.04454,2024-09-19T23:15:26.000000Z
2024,263.9690625,43.16737,-79.04454,2024-09-19T23:15:27.000000Z
2024,263.96907407407406,43.16737,-79.04454,2024-09-19T23:15:28.000000Z
2024,263.96908564814817,43.16737,-79.04454,2024-09-19T23:15:29.000000Z
2024,263.9690972222222,43.16737,-79.04455,2024-09-19T23:15:30.000000Z
2024,263.96910879629627,43.16737,-79.04455,2024-09-19T23:15:31.000000Z
2024,263.9691203703704,43.16737,-79.04455,2024-09-19T23:15:32.000000Z
2024,263.9691319444444,43.16737,-79.04455,2024-09-19T23:15:33.000000Z
2024,263.96914351851854,43.16737,-79.04455,2024-09-19T23:15:34.000000Z
2024,263.9691550925926,43.16737,-79.04455,2024-09-19T23:15:35.000000Z
2024,263.9691666666667,43.16737,-79.04455,2024-09-19T23:15:36.000000Z
2024,263.96917824074075,43.16737,-79.04455,2024-09-19T23:15:37.000000Z
2024,263.9691898148148,43.16738,-79.04455,2024-09-19T23:15:38.000000Z
2024,263.9692013888889,43.16738,-79.04454,2024-09-19T23:15:39.000000Z
2024,263.96921296296296,43.16738,-79.04454,2024-09-19T23:15:40.000000Z
2024,263.96922453703706,43.16738,-79.04454,2024-09-19T23:15:41.000000Z
2024,263.97942129629627,43.16748,-79.0446,2024-09-19T23:30:22.000000Z
2024,263.9794328703703,43.16748,-79.04459,2024-09-19T23:30:23.000000Z
2024,263.9794444444444,43.16748,-79.04458,2024-09-19T23:30:24.000000Z
2024,263.9794560185185,43.16748,-79.04458,2024-09-19T23:30:25.000000Z
2024,263.9794675925925,43.16748,-79.04458,2024-09-19T23:30:26.000000Z
2024,263.97947916666664,43.16748,-79.04458,2024-09-19T23:30:27.000000Z
2024,263.9794907407407,43.16747,-79.04458,2024-09-19T23:30:28.000000Z
2024,263.9795023148148,43.16747,-79.04457,2024-09-19T23:30:29.000000Z
2024,263.97951388888885,43.16747,-79.04458,2024-09-19T23:30:30.000000Z
2024,263.9795254629629,43.16747,-79.04457,2024-09-19T23:30:31.000000Z
2024,263.979537037037,43.16747,-79.04457,2024-09-19T23:30:32.000000Z
2024,263.97954861111106,43.16746,-79.04457,2024-09-19T23:30:33.000000Z
2024,263.97956018518516,43.16746,-79.04457,2024-09-19T23:30:34.000000Z
2024,263.9795717592592,43.16746,-79.04457,2024-09-19T23:30:35.000000Z
2024,263.9795833333333,43.16746,-79.04457,2024-09-19T23:30:36.000000Z
2024,263.9795949074074,43.16746,-79.04457,2024-09-19T23:30:37.000000Z
2024,263.9796064814814,43.16746,-79.04456,2024-09-19T23:30:38.000000Z
2024,263.97961805555553,43.16746,-79.04456,2024-09-19T23:30:39.000000Z
2024,263.9796296296296,43.16746,-79.04456,2024-09-19T23:30:40.000000Z
2024,263.98983796296295,43.16738,-79.04457,2024-09-19T23:45:22.000000Z
2024,263.989849537037,43.16738,-79.04457,2024-09-19T23:45:23.000000Z
2024,263.9898611111111,43.16739,-79.04457,2024-09-19T23:45:24.000000Z
2024,263.98987268518516,43.1674,-79.04458,2024-09-19T23:45:25.000000Z
2024,263.9898842592592,43.16741,-79.04458,2024-09-19T23:45:26.000000Z
2024,263.9898958333333,43.16741,-79.04458,2024-09-19T23:45:27.000000Z
2024,263.9899074074074,43.16742,-79.04459,2024-09-19T23:45:28.000000Z
2024,263.9899189814815,43.16743,-79.04459,2024-09-19T23:45:29.000000Z
2024,263.98993055555553,43.16744,-79.0446,2024-09-19T23:45:30.000000Z
2024,263.9899421296296,43.16744,-79.04459,2024-09-19T23:45:31.000000Z
2024,263.9899537037037,43.16744,-79.04459,2024-09-19T23:45:32.000000Z
2024,263.98996527777774,43.16745,-79.04459,2024-09-19T23:45:33.000000Z
2024,263.98997685185185,43.16745,-79.04459,2024-09-19T23:45:34.000000Z
2024,263.9899884259259,43.16746,-79.04459,2024-09-19T23:45:35.000000Z
2024,263.99,43.16746,-79.0446,2024-09-19T23:45:36.000000Z
2024,263.99001157407406,43.16746,-79.04459,2024-09-19T23:45:37.000000Z
2024,263.9900231481481,43.16746,-79.04459,2024-09-19T23:45:38.000000Z
2024,263.9900347222222,43.16746,-79.04459,2024-09-19T23:45:39.000000Z
2024,263.99004629629627,43.16747,-79.04459,2024-09-19T23:45:40.000000Z
2024,264.00025462962964,43.16749,-79.04455,2024-09-20T00:00:22.000000Z
2024,264.0002662037037,43.1675,-79.04455,2024-09-20T00:00:23.000000Z
2024,264.0002777777778,43.16751,-79.04456,2024-09-20T00:00:24.000000Z
2024,264.00028935185185,43.16751,-79.04457,2024-09-20T00:00:25.000000Z
2024,264.0003009259259,43.16752,-79.04457,2024-09-20T00:00:26.000000Z
2024,264.0003125,43.16752,-79.04457,2024-09-20T00:00:27.000000Z
2024,264.00032407407406,43.16752,-79.04457,2024-09-20T00:00:28.000000Z
2024,264.00033564814817,43.16752,-79.04458,2024-09-20T00:00:29.000000Z
2024,264.0003472222222,43.16752,-79.04458,2024-09-20T00:00:30.000000Z
2024,264.00035879629627,43.16752,-79.04458,2024-09-20T00:00:31.000000Z
2024,264.0003703703704,43.16753,-79.04458,2024-09-20T00:00:32.000000Z
2024,264.0003819444444,43.16753,-79.04458,2024-09-20T00:00:33.000000Z
2024,264.00039351851854,43.16753,-79.04458,2024-09-20T00:00:34.000000Z
2024,264.0004050925926,43.16752,-79.04457,2024-09-20T00:00:35.000000Z
2024,264.0004166666667,43.16752,-79.04457,2024-09-20T00:00:36.000000Z
2024,264.00042824074075,43.16752,-79.04457,2024-09-20T00:00:37.000000Z
2024,264.0004398148148,43.16752,-79.04457,2024-09-20T00:00:38.000000Z
2024,264.0004513888889,43.16752,-79.04457,2024-09-20T00:00:39.000000Z
2024,264.00046296296296,43.16751,-79.04457,2024-09-20T00:00:40.000000Z
2024,264.0106712962963,43.1673,-79.04444,2024-09-20T00:15:22.000000Z
2024,264.0106828703704,43.16731,-79.04444,2024-09-20T00:15:23.000000Z
2024,264.0106944444445,43.16732,-79.04444,2024-09-20T00:15:24.000000Z
2024,264.01070601851853,43.16733,-79.04446,2024-09-20T00:15:25.000000Z
2024,264.0107175925926,43.16733,-79.04446,2024-09-20T00:15:26.000000Z
2024,264.0107291666667,43.16733,-79.04446,2024-09-20T00:15:27.000000Z
2024,264.01074074074074,43.16733,-79.04446,2024-09-20T00:15:28.000000Z
2024,264.01075231481485,43.16733,-79.04445,2024-09-20T00:15:29.000000Z
2024,264.0107638888889,43.16733,-79.04445,2024-09-20T00:15:30.000000Z
2024,264.01077546296295,43.16736,-79.04447,2024-09-20T00:15:31.000000Z
2024,264.01078703703706,43.16737,-79.04448,2024-09-20T00:15:32.000000Z
2024,264.0107986111111,43.16738,-79.04449,2024-09-20T00:15:33.000000Z
2024,264.0108101851852,43.16739,-79.04449,2024-09-20T00:15:34.000000Z
2024,264.01087962962964,43.16742,-79.04452,2024-09-20T00:15:40.000000Z
2024,264.01089120370375,43.16743,-79.04452,2024-09-20T00:15:41.000000Z
2024,264.0109027777778,43.16743,-79.04452,2024-09-20T00:15:42.000000Z
2024,264.01091435185185,43.16743,-79.04452,2024-09-20T00:15:43.000000Z
2024,264.01092592592596,43.16744,-79.04453,2024-09-20T00:15:44.000000Z
2024,264.0109375,43.16744,-79.04453,2024-09-20T00:15:45.000000Z
2024,264.02108796296295,43.1675,-79.04462,2024-09-20T00:30:22.000000Z
2024,264.021099537037,43.1675,-79.04462,2024-09-20T00:30:23.000000Z
2024,264.0211111111111,43.16749,-79.04461,2024-09-20T00:30:24.000000Z
2024,264.02112268518516,43.16749,-79.04461,2024-09-20T00:30:25.000000Z
2024,264.0211342592592,43.16749,-79.0446,2024-09-20T00:30:26.000000Z
2024,264.0211458333333,43.1675,-79.0446,2024-09-20T00:30:27.000000Z
2024,264.0211574074074,43.1675,-79.0446,2024-09-20T00:30:28.000000Z
2024,264.0211689814815,43.16749,-79.0446,2024-09-20T00:30:29.000000Z
2024,264.02118055555553,43.16749,-79.0446,2024-09-20T00:30:30.000000Z
2024,264.0211921296296,43.16749,-79.0446,2024-09-20T00:30:31.000000Z
2024,264.0212037037037,43.16749,-79.0446,2024-09-20T00:30:32.000000Z
2024,264.02121527777774,43.16749,-79.0446,2024-09-20T00:30:33.000000Z
2024,264.02122685185185,43.16749,-79.04459,2024-09-20T00:30:34.000000Z
2024,264.0212384259259,43.16749,-79.04459,2024-09-20T00:30:35.000000Z
2024,264.02125,43.16749,-79.04458,2024-09-20T00:30:36.000000Z
2024,264.02126157407406,43.1675,-79.04458,2024-09-20T00:30:37.000000Z
2024,264.0212731481481,43.1675,-79.04458,2024-09-20T00:30:38.000000Z
2024,264.0212847222222,43.1675,-79.04458,2024-09-20T00:30:39.000000Z
2024,264.02129629629627,43.1675,-79.04457,2024-09-20T00:30:40.000000Z
2024,264.03150462962964,43.16754,-79.04463,2024-09-20T00:45:22.000000Z
2024,264.0315162037037,43.16756,-79.04463,2024-09-20T00:45:23.000000Z
2024,264.0315277777778,43.16757,-79.04463,2024-09-20T00:45:24.000000Z
2024,264.03153935185185,43.16758,-79.04463,2024-09-20T00:45:25.000000Z
2024,264.0315509259259,43.16759,-79.04463,2024-09-20T00:45:26.000000Z
2024,264.0315625,43.16759,-79.04462,2024-09-20T00:45:27.000000Z
2024,264.03157407407406,43.1676,-79.04462,2024-09-20T00:45:28.000000Z
2024,264.03158564814817,43.16761,-79.04463,2024-09-20T00:45:29.000000Z
2024,264.0315972222222,43.16761,-79.04463,2024-09-20T00:45:30.000000Z
2024,264.03160879629627,43.16761,-79.04463,2024-09-20T00:45:31.000000Z
2024,264.0316203703704,43.16762,-79.04463,2024-09-20T00:45:32.000000Z
2024,264.0316319444444,43.16762,-79.04463,2024-09-20T00:45:33.000000Z
2024,264.03164351851854,43.16761,-79.04463,2024-09-20T00:45:34.000000Z
2024,264.0316550925926,43.16761,-79.04463,2024-09-20T00:45:35.000000Z
2024,264.0316666666667,43.16761,-79.04463,2024-09-20T00:45:36.000000Z
2024,264.03167824074075,43.16761,-79.04463,2024-09-20T00:45:37.000000Z
2024,264.0316898148148,43.1676,-79.04463,2024-09-20T00:45:38.000000Z
2024,264.0317013888889,43.1676,-79.04462,2024-09-20T00:45:39.000000Z
2024,264.03171296296296,43.16759,-79.04462,2024-09-20T00:45:40.000000Z
2024,264.03172453703706,43.16759,-79.04462,2024-09-20T00:45:41.000000Z
2024,264.0419212962963,43.16749,-79.04456,2024-09-20T01:00:22.000000Z
2024,264.0419328703704,43.16749,-79.04455,2024-09-20T01:00:23.000000Z
2024,264.0419444444445,43.16749,-79.04455,2024-09-20T01:00:24.000000Z
2024,264.04195601851853,43.16749,-79.04455,2024-09-20T01:00:25.000000Z
2024,264.0419675925926,43.16749,-79.04455,2024-09-20T01:00:26.000000Z
2024,264.0419791666667,43.16749,-79.04455,2024-09-20T01:00:27.000000Z
2024,264.04200231481485,43.16749,-79.04455,2024-09-20T01:00:29.000000Z
2024,264.0420138888889,43.16749,-79.04454,2024-09-20T01:00:30.000000Z
2024,264.04202546296295,43.16749,-79.04454,2024-09-20T01:00:31.000000Z
2024,264.04203703703706,43.16749,-79.04454,2024-09-20T01:00:32.000000Z
2024,264.0420486111111,43.16749,-79.04454,2024-09-20T01:00:33.000000Z
2024,264.0420601851852,43.16748,-79.04454,2024-09-20T01:00:34.000000Z
2024,264.0420717592593,43.16748,-79.04454,2024-09-20T01:00:35.000000Z
2024,264.0420833333334,43.16748,-79.04454,2024-09-20T01:00:36.000000Z
2024,264.04209490740743,43.16748,-79.04454,2024-09-20T01:00:37.000000Z
2024,264.0421064814815,43.16747,-79.04454,2024-09-20T01:00:38.000000Z
2024,264.0421180555556,43.16747,-79.04454,2024-09-20T01:00:39.000000Z
2024,264.04212962962964,43.16747,-79.04454,2024-09-20T01:00:40.000000Z
2024,264.052337962963,43.16757,-79.0446,2024-09-20T01:15:22.000000Z
2024,264.05234953703706,43.16758,-79.04461,2024-09-20T01:15:23.000000Z
2024,264.05236111111117,43.16759,-79.04462,2024-09-20T01:15:24.000000Z
2024,264.0523726851852,43.16759,-79.04463,2024-09-20T01:15:25.000000Z
2024,264.05238425925927,43.16759,-79.04463,2024-09-20T01:15:26.000000Z
2024,264.0523958333334,43.16759,-79.04463,2024-09-20T01:15:27.000000Z
2024,264.05240740740743,43.16759,-79.04463,2024-09-20T01:15:28.000000Z
2024,264.05241898148154,43.16759,-79.04463,2024-09-20T01:15:29.000000Z
2024,264.0524305555556,43.16759,-79.04463,2024-09-20T01:15:30.000000Z
2024,264.05244212962964,43.16759,-79.04463,2024-09-20T01:15:31.000000Z
2024,264.05245370370375,43.16759,-79.04462,2024-09-20T01:15:32.000000Z
2024,264.0524652777778,43.16759,-79.04462,2024-09-20T01:15:33.000000Z
2024,264.0524768518519,43.16759,-79.04461,2024-09-20T01:15:34.000000Z
2024,264.05248842592596,43.16759,-79.04461,2024-09-20T01:15:35.000000Z
2024,264.05250000000007,43.16759,-79.04461,2024-09-20T01:15:36.000000Z
2024,264.0525115740741,43.16759,-79.0446,2024-09-20T01:15:37.000000Z
2024,264.05252314814817,43.16758,-79.0446,2024-09-20T01:15:38.000000Z
2024,264.0525347222223,43.16758,-79.0446,2024-09-20T01:15:39.000000Z
2024,264.0525462962963,43.16758,-79.0446,2024-09-20T01:15:40.000000Z
2024,264.06275462962964,43.16761,-79.04452,2024-09-20T01:30:22.000000Z
2024,264.0627662037037,43.1676,-79.04453,2024-09-20T01:30:23.000000Z
2024,264.0627777777778,43.16759,-79.04454,2024-09-20T01:30:24.000000Z
2024,264.06278935185185,43.16759,-79.04454,2024-09-20T01:30:25.000000Z
2024,264.0628009259259,43.16758,-79.04454,2024-09-20T01:30:26.000000Z
2024,264.0628125,43.16757,-79.04456,2024-09-20T01:30:27.000000Z
2024,264.06282407407406,43.16756,-79.04457,2024-09-20T01:30:28.000000Z
2024,264.06283564814817,43.16754,-79.04458,2024-09-20T01:30:29.000000Z
2024,264.0628472222222,43.16753,-79.04459,2024-09-20T01:30:30.000000Z
2024,264.06285879629627,43.16753,-79.04459,2024-09-20T01:30:31.000000Z
2024,264.0628703703704,43.16752,-79.0446,2024-09-20T01:30:32.000000Z
2024,264.0628819444444,43.16752,-79.0446,2024-09-20T01:30:33.000000Z
2024,264.06289351851854,43.16751,-79.0446,2024-09-20T01:30:34.000000Z
2024,264.0629050925926,43.16751,-79.0446,2024-09-20T01:30:35.000000Z
2024,264.0629166666667,43.16751,-79.04461,2024-09-20T01:30:36.000000Z
2024,264.06292824074075,43.1675,-79.04461,2024-09-20T01:30:37.000000Z
2024,264.0629398148148,43.1675,-79.04461,2024-09-20T01:30:38.000000Z
2024,264.0629513888889,43.1675,-79.04461,2024-09-20T01:30:39.000000Z
2024,264.06296296296296,43.1675,-79.04462,2024-09-20T01:30:40.000000Z
2024,264.0731712962963,43.16743,-79.04444,2024-09-20T01:45:22.000000Z
2024,264.0731828703704,43.16742,-79.04444,2024-09-20T01:45:23.000000Z
2024,264.0731944444445,43.16742,-79.04444,2024-09-20T01:45:24.000000Z
2024,264.07320601851853,43.16742,-79.04444,2024-09-20T01:45:25.000000Z
2024,264.0732175925926,43.16742,-79.04443,2024-09-20T01:45:26.000000Z
2024,264.0732291666667,43.16742,-79.04443,2024-09-20T01:45:27.000000Z
2024,264.07324074074074,43.16742,-79.04443,2024-09-20T01:45:28.000000Z
2024,264.07325231481485,43.16742,-79.04442,2024-09-20T01:45:29.000000Z
2024,264.0732638888889,43.16741,-79.04442,2024-09-20T01:45:30.000000Z
2024,264.07327546296295,43.16741,-79.04442,2024-09-20T01:45:31.000000Z
2024,264.07328703703706,43.16741,-79.04442,2024-09-20T01:45:32.000000Z
2024,264.0732986111111,43.16741,-79.04442,2024-09-20T01:45:33.000000Z
2024,264.0733101851852,43.16741,-79.04442,2024-09-20T01:45:34.000000Z
2024,264.0733217592593,43.16741,-79.04442,2024-09-20T01:45:35.000000Z
2024,264.0733333333334,43.16741,-79.04442,2024-09-20T01:45:36.000000Z
2024,264.07334490740743,43.16741,-79.04441,2024-09-20T01:45:37.000000Z
2024,264.0733564814815,43.16741,-79.04442,2024-09-20T01:45:38.000000Z
2024,264.0733680555556,43.16741,-79.04442,2024-09-20T01:45:39.000000Z
2024,264.07337962962964,43.16741,-79.04442,2024-09-20T01:45:40.000000Z
2024,264.08358796296295,43.16744,-79.04449,2024-09-20T02:00:22.000000Z
2024,264.083599537037,43.16744,-79.04447,2024-09-20T02:00:23.000000Z
2024,264.0836111111111,43.16744,-79.04446,2024-09-20T02:00:24.000000Z
2024,264.08362268518516,43.16744,-79.04446,2024-09-20T02:00:25.000000Z
2024,264.0836342592592,43.16744,-79.04444,2024-09-20T02:00:26.000000Z
2024,264.0836458333333,43.16745,-79.04444,2024-09-20T02:00:27.000000Z
2024,264.0836574074074,43.16745,-79.04444,2024-09-20T02:00:28.000000Z
2024,264.0836689814815,43.16745,-79.04443,2024-09-20T02:00:29.000000Z
2024,264.08368055555553,43.16746,-79.04442,2024-09-20T02:00:30.000000Z
2024,264.0836921296296,43.16746,-79.04442,2024-09-20T02:00:31.000000Z
2024,264.0837037037037,43.16746,-79.04441,2024-09-20T02:00:32.000000Z
2024,264.08371527777774,43.16746,-79.04441,2024-09-20T02:00:33.000000Z
2024,264.08372685185185,43.16747,-79.04441,2024-09-20T02:00:34.000000Z
2024,264.0837384259259,43.16747,-79.04441,2024-09-20T02:00:35.000000Z
2024,264.08375,43.16747,-79.0444,2024-09-20T02:00:36.000000Z
2024,264.08376157407406,43.16747,-79.04441,2024-09-20T02:00:37.000000Z
2024,264.0837731481481,43.16747,-79.04441,2024-09-20T02:00:38.000000Z
2024,264.0837847222222,43.16747,-79.04441,2024-09-20T02:00:39.000000Z
2024,264.08379629629627,43.16748,-79.04442,2024-09-20T02:00:40.000000Z
2024,264.0838078703704,43.16748,-79.04442,2024-09-20T02:00:41.000000Z
2024,264.09400462962964,43.16751,-79.04463,2024-09-20T02:15:22.000000Z
2024,264.0940162037037,43.16751,-79.04463,2024-09-20T02:15:23.000000Z
2024,264.0940277777778,43.16751,-79.04463,2024-09-20T02:15:24.000000Z
2024,264.09403935185185,43.16751,-79.04462,2024-09-20T02:15:25.000000Z
2024,264.0940509259259,43.1675,-79.04461,2024-09-20T02:15:26.000000Z
2024,264.0940625,43.1675,-79.0446,2024-09-20T02:15:27.000000Z
2024,264.09407407407406,43.1675,-79.0446,2024-09-20T02:15:28.000000Z
2024,264.09408564814817,43.1675,-79.0446,2024-09-20T02:15:29.000000Z
2024,264.0940972222222,43.1675,-79.04459,2024-09-20T02:15:30.000000Z
2024,264.09410879629627,43.16749,-79.04459,2024-09-20T02:15:31.000000Z
2024,264.0941203703704,43.16749,-79.04459,2024-09-20T02:15:32.000000Z
2024,264.0941319444444,43.16749,-79.04459,2024-09-20T02:15:33.000000Z
2024,264.09414351851854,43.16749,-79.04459,2024-09-20T02:15:34.000000Z
2024,264.0941550925926,43.16749,-79.04459,2024-09-20T02:15:35.000000Z
2024,264.0941666666667,43.16749,-79.0446,2024-09-20T02:15:36.000000Z
2024,264.09417824074075,43.16749,-79.0446,2024-09-20T02:15:37.000000Z
2024,264.0941898148148,43.16749,-79.0446,2024-09-20T02:15:38.000000Z
2024,264.0942013888889,43.16749,-79.0446,2024-09-20T02:15:39.000000Z
2024,264.09421296296296,43.16749,-79.0446,2024-09-20T02:15:40.000000Z
2024,264.10442129629627,43.16759,-79.04457,2024-09-20T02:30:22.000000Z
2024,264.1044328703703,43.16759,-79.04457,2024-09-20T02:30:23.000000Z
2024,264.1044444444444,43.16759,-79.04457,2024-09-20T02:30:24.000000Z
2024,264.1044560185185,43.16759,-79.04456,2024-09-20T02:30:25.000000Z
2024,264.1044675925925,43.16759,-79.04456,2024-09-20T02:30:26.000000Z
2024,264.10447916666664,43.16759,-79.04457,2024-09-20T02:30:27.000000Z
2024,264.1044907407407,43.16759,-79.04457,2024-09-20T02:30:28.000000Z
2024,264.1045023148148,43.16759,-79.04458,2024-09-20T02:30:29.000000Z
2024,264.10451388888885,43.16759,-79.04458,2024-09-20T02:30:30.000000Z
2024,264.1045254629629,43.16758,-79.04458,2024-09-20T02:30:31.000000Z
2024,264.104537037037,43.16758,-79.04458,2024-09-20T02:30:32.000000Z
2024,264.10454861111106,43.16758,-79.04459,2024-09-20T02:30:33.000000Z
2024,264.10456018518516,43.16757,-79.0446,2024-09-20T02:30:34.000000Z
2024,264.1045717592592,43.16757,-79.0446,2024-09-20T02:30:35.000000Z
2024,264.1045833333333,43.16757,-79.0446,2024-09-20T02:30:36.000000Z
2024,264.1045949074074,43.16756,-79.04459,2024-09-20T02:30:37.000000Z
2024,264.1046064814814,43.16756,-79.04459,2024-09-20T02:30:38.000000Z
2024,264.10461805555553,43.16756,-79.04459,2024-09-20T02:30:39.000000Z
2024,264.1046296296296,43.16755,-79.04458,2024-09-20T02:30:40.000000Z
2024,264.1046412037037,43.16755,-79.04458,2024-09-20T02:30:41.000000Z
2024,264.11483796296295,43.16743,-79.04447,2024-09-20T02:45:22.000000Z
2024,264.114849537037,43.16742,-79.04445,2024-09-20T02:45:23.000000Z
2024,264.1148611111111,43.16742,-79.04444,2024-09-20T02:45:24.000000Z
2024,264.11487268518516,43.16741,-79.04444,2024-09-20T02:45:25.000000Z
2024,264.1148842592592,43.1674,-79.04444,2024-09-20T02:45:26.000000Z
2024,264.1148958333333,43.1674,-79.04442,2024-09-20T02:45:27.000000Z
2024,264.1149074074074,43.16738,-79.04441,2024-09-20T02:45:28.000000Z
2024,264.1149189814815,43.16738,-79.04441,2024-09-20T02:45:29.000000Z
2024,264.11493055555553,43.16738,-79.04442,2024-09-20T02:45:30.000000Z
2024,264.1149421296296,43.16738,-79.04442,2024-09-20T02:45:31.000000Z
2024,264.1149537037037,43.16737,-79.04441,2024-09-20T02:45:32.000000Z
2024,264.11496527777774,43.16737,-79.04441,2024-09-20T02:45:33.000000Z
2024,264.11497685185185,43.16736,-79.04441,2024-09-20T02:45:34.000000Z
2024,264.1149884259259,43.16736,-79.04441,2024-09-20T02:45:35.000000Z
2024,264.115,43.16736,-79.04441,2024-09-20T02:45:36.000000Z
2024,264.11501157407406,43.16736,-79.04441,2024-09-20T02:45:37.000000Z
2024,264.1150231481481,43.16736,-79.04441,2024-09-20T02:45:38.000000Z
2024,264.1150347222222,43.16736,-79.04441,2024-09-20T02:45:39.000000Z
2024,264.11504629629627,43.16736,-79.04441,2024-09-20T02:45:40.000000Z
2024,264.1150578703704,43.16736,-79.04441,2024-09-20T02:45:41.000000Z
2024,264.12525462962964,43.16696,-79.0445,2024-09-20T03:00:22.000000Z
2024,264.1252662037037,43.16697,-79.04451,2024-09-20T03:00:23.000000Z
2024,264.1252777777778,43.16699,-79.04451,2024-09-20T03:00:24.000000Z
2024,264.12528935185185,43.16701,-79.04451,2024-09-20T03:00:25.000000Z
2024,264.1253009259259,43.16703,-79.04452,2024-09-20T03:00:26.000000Z
2024,264.1253125,43.16704,-79.04453,2024-09-20T03:00:27.000000Z
2024,264.12532407407406,43.16705,-79.04453,2024-09-20T03:00:28.000000Z
2024,264.12533564814817,43.16707,-79.04454,2024-09-20T03:00:29.000000Z
2024,264.1253472222222,43.1671,-79.04454,2024-09-20T03:00:30.000000Z
2024,264.12535879629627,43.16712,-79.04454,2024-09-20T03:00:31.000000Z
2024,264.1253703703704,43.16714,-79.04454,2024-09-20T03:00:32.000000Z
2024,264.1253819444444,43.16717,-79.04454,2024-09-20T03:00:33.000000Z
2024,264.12539351851854,43.16718,-79.04455,2024-09-20T03:00:34.000000Z
2024,264.1254050925926,43.1672,-79.04455,2024-09-20T03:00:35.000000Z
2024,264.1254166666667,43.16721,-79.04455,2024-09-20T03:00:36.000000Z
2024,264.12542824074075,43.16723,-79.04455,2024-09-20T03:00:37.000000Z
2024,264.1254398148148,43.16724,-79.04454,2024-09-20T03:00:38.000000Z
2024,264.1254513888889,43.16725,-79.04454,2024-09-20T03:00:39.000000Z
2024,264.12546296296296,43.16722,-79.04454,2024-09-20T03:00:40.000000Z
2024,264.1254861111111,43.16724,-79.04454,2024-09-20T03:00:42.000000Z
2024,264.1356712962963,43.16743,-79.04442,2024-09-20T03:15:22.000000Z
2024,264.1356828703704,43.16744,-79.04443,2024-09-20T03:15:23.000000Z
2024,264.1356944444445,43.16743,-79.04443,2024-09-20T03:15:24.000000Z
2024,264.13570601851853,43.16744,-79.04444,2024-09-20T03:15:25.000000Z
2024,264.1357175925926,43.16744,-79.04444,2024-09-20T03:15:26.000000Z
2024,264.1357291666667,43.16744,-79.04444,2024-09-20T03:15:27.000000Z
2024,264.13574074074074,43.16744,-79.04444,2024-09-20T03:15:28.000000Z
2024,264.13575231481485,43.16745,-79.04445,2024-09-20T03:15:29.000000Z
2024,264.1357638888889,43.16745,-79.04445,2024-09-20T03:15:30.000000Z
2024,264.13577546296295,43.16748,-79.04446,2024-09-20T03:15:31.000000Z
2024,264.13578703703706,43.16748,-79.04446,2024-09-20T03:15:32.000000Z
2024,264.1357986111111,43.16749,-79.04446,2024-09-20T03:15:33.000000Z
2024,264.1358101851852,43.16749,-79.04447,2024-09-20T03:15:34.000000Z
2024,264.1358217592593,43.1675,-79.04447,2024-09-20T03:15:35.000000Z
2024,264.1358333333334,43.1675,-79.04447,2024-09-20T03:15:36.000000Z
2024,264.13584490740743,43.1675,-79.04447,2024-09-20T03:15:37.000000Z
2024,264.1358564814815,43.1675,-79.04447,2024-09-20T03:15:38.000000Z
2024,264.1358680555556,43.1675,-79.04447,2024-09-20T03:15:39.000000Z
2024,264.13587962962964,43.1675,-79.04448,2024-09-20T03:15:40.000000Z
2024,264.13589120370375,43.16751,-79.04448,2024-09-20T03:15:41.000000Z
2024,264.14608796296295,43.16739,-79.04452,2024-09-20T03:30:22.000000Z
2024,264.146099537037,43.1674,-79.04451,2024-09-20T03:30:23.000000Z
2024,264.1461111111111,43.1674,-79.04451,2024-09-20T03:30:24.000000Z
2024,264.14612268518516,43.16741,-79.04451,2024-09-20T03:30:25.000000Z
2024,264.1461342592592,43.16741,-79.04451,2024-09-20T03:30:26.000000Z
2024,264.1461458333333,43.16741,-79.04451,2024-09-20T03:30:27.000000Z
2024,264.1461574074074,43.16741,-79.04452,2024-09-20T03:30:28.000000Z
2024,264.1461689814815,43.16741,-79.04452,2024-09-20T03:30:29.000000Z
2024,264.14618055555553,43.16741,-79.04453,2024-09-20T03:30:30.000000Z
2024,264.1461921296296,43.16741,-79.04453,2024-09-20T03:30:31.000000Z
2024,264.1462037037037,43.16741,-79.04453,2024-09-20T03:30:32.000000Z
2024,264.14621527777774,43.16742,-79.04453,2024-09-20T03:30:33.000000Z
2024,264.14622685185185,43.16742,-79.04454,2024-09-20T03:30:34.000000Z
2024,264.1462384259259,43.16742,-79.04454,2024-09-20T03:30:35.000000Z
2024,264.14625,43.16743,-79.04454,2024-09-20T03:30:36.000000Z
2024,264.14626157407406,43.16743,-79.04454,2024-09-20T03:30:37.000000Z
2024,264.1462731481481,43.16743,-79.04454,2024-09-20T03:30:38.000000Z
2024,264.1462847222222,43.16743,-79.04454,2024-09-20T03:30:39.000000Z
2024,264.14629629629627,43.16744,-79.04454,2024-09-20T03:30:40.000000Z
2024,264.15650462962964,43.16757,-79.04456,2024-09-20T03:45:22.000000Z
2024,264.1565162037037,43.16756,-79.04455,2024-09-20T03:45:23.000000Z
2024,264.1565277777778,43.16754,-79.04455,2024-09-20T03:45:24.000000Z
2024,264.15653935185185,43.16753,-79.04455,2024-09-20T03:45:25.000000Z
2024,264.1565509259259,43.16752,-79.04455,2024-09-20T03:45:26.000000Z
2024,264.1565625,43.16751,-79.04454,2024-09-20T03:45:27.000000Z
2024,264.15657407407406,43.1675,-79.04454,2024-09-20T03:45:28.000000Z
2024,264.15658564814817,43.16749,-79.04455,2024-09-20T03:45:29.000000Z
2024,264.1565972222222,43.16749,-79.04455,2024-09-20T03:45:30.000000Z
2024,264.15660879629627,43.16748,-79.04456,2024-09-20T03:45:31.000000Z
2024,264.1566203703704,43.16748,-79.04456,2024-09-20T03:45:32.000000Z
2024,264.1566319444444,43.16747,-79.04457,2024-09-20T03:45:33.000000Z
2024,264.15664351851854,43.16747,-79.04457,2024-09-20T03:45:34.000000Z
2024,264.1566550925926,43.16747,-79.04457,2024-09-20T03:45:35.000000Z
2024,264.1566666666667,43.16747,-79.04457,2024-09-20T03:45:36.000000Z
2024,264.15667824074075,43.16747,-79.04457,2024-09-20T03:45:37.000000Z
2024,264.1566898148148,43.16748,-79.04457,2024-09-20T03:45:38.000000Z
2024,264.1567013888889,43.16748,-79.04458,2024-09-20T03:45:39.000000Z
2024,264.15671296296296,43.16748,-79.04458,2024-09-20T03:45:40.000000Z
2024,264.1669097222222,43.16733,-79.04457,2024-09-20T04:00:21.000000Z
2024,264.1669212962963,43.16734,-79.04457,2024-09-20T04:00:22.000000Z
2024,264.1669328703704,43.16733,-79.04458,2024-09-20T04:00:23.000000Z
2024,264.1669444444445,43.16734,-79.04458,2024-09-20T04:00:24.000000Z
2024,264.16695601851853,43.16734,-79.04459,2024-09-20T04:00:25.000000Z
2024,264.1669675925926,43.16734,-79.04459,2024-09-20T04:00:26.000000Z
2024,264.1669791666667,43.16734,-79.04459,2024-09-20T04:00:27.000000Z
2024,264.16699074074074,43.16734,-79.04459,2024-09-20T04:00:28.000000Z
2024,264.16700231481485,43.16734,-79.04459,2024-09-20T04:00:29.000000Z
2024,264.1670138888889,43.16734,-79.04459,2024-09-20T04:00:30.000000Z
2024,264.16702546296295,43.16737,-79.04458,2024-09-20T04:00:31.000000Z
2024,264.16703703703706,43.16738,-79.04457,2024-09-20T04:00:32.000000Z
2024,264.1670486111111,43.1674,-79.04457,2024-09-20T04:00:33.000000Z
2024,264.1670601851852,43.1674,-79.04457,2024-09-20T04:00:34.000000Z
2024,264.1670717592593,43.16741,-79.04457,2024-09-20T04:00:35.000000Z
2024,264.1670833333334,43.16741,-79.04456,2024-09-20T04:00:36.000000Z
2024,264.16709490740743,43.16741,-79.04456,2024-09-20T04:00:37.000000Z
2024,264.1671064814815,43.16742,-79.04456,2024-09-20T04:00:38.000000Z
2024,264.1671180555556,43.16743,-79.04456,2024-09-20T04:00:39.000000Z
2024,264.16712962962964,43.16743,-79.04456,2024-09-20T04:00:40.000000Z
2024,264.1773263888889,43.16732,-79.04457,2024-09-20T04:15:21.000000Z
2024,264.177337962963,43.16732,-79.04457,2024-09-20T04:15:22.000000Z
2024,264.17734953703706,43.16732,-79.04457,2024-09-20T04:15:23.000000Z
2024,264.17736111111117,43.1673,-79.04457,2024-09-20T04:15:24.000000Z
2024,264.1773726851852,43.1673,-79.04456,2024-09-20T04:15:25.000000Z
2024,264.17738425925927,43.1673,-79.04455,2024-09-20T04:15:26.000000Z
2024,264.1773958333334,43.1673,-79.04455,2024-09-20T04:15:27.000000Z
2024,264.17740740740743,43.1673,-79.04454,2024-09-20T04:15:28.000000Z
2024,264.17741898148154,43.16729,-79.04454,2024-09-20T04:15:29.000000Z
2024,264.1774305555556,43.16728,-79.04453,2024-09-20T04:15:30.000000Z
2024,264.17744212962964,43.16728,-79.04452,2024-09-20T04:15:31.000000Z
2024,264.17745370370375,43.16727,-79.04451,2024-09-20T04:15:32.000000Z
2024,264.1774652777778,43.16728,-79.04451,2024-09-20T04:15:33.000000Z
2024,264.1774768518519,43.16728,-79.04451,2024-09-20T04:15:34.000000Z
2024,264.17748842592596,43.16728,-79.04451,2024-09-20T04:15:35.000000Z
2024,264.17750000000007,43.16729,-79.04452,2024-09-20T04:15:36.000000Z
2024,264.1775115740741,43.16729,-79.04452,2024-09-20T04:15:37.000000Z
2024,264.17752314814817,43.1673,-79.04452,2024-09-20T04:15:38.000000Z
2024,264.1775347222223,43.1673,-79.04453,2024-09-20T04:15:39.000000Z
2024,264.1775462962963,43.16731,-79.04453,2024-09-20T04:15:40.000000Z
2024,264.18774305555553,43.16751,-79.0445,2024-09-20T04:30:21.000000Z
2024,264.18775462962964,43.16751,-79.0445,2024-09-20T04:30:22.000000Z
2024,264.1877662037037,43.16751,-79.04451,2024-09-20T04:30:23.000000Z
2024,264.1877777777778,43.16751,-79.04451,2024-09-20T04:30:24.000000Z
2024,264.18778935185185,43.16752,-79.04452,2024-09-20T04:30:25.000000Z
2024,264.1878009259259,43.16752,-79.04453,2024-09-20T04:30:26.000000Z
2024,264.1878125,43.16753,-79.04453,2024-09-20T04:30:27.000000Z
2024,264.18782407407406,43.16753,-79.04453,2024-09-20T04:30:28.000000Z
2024,264.18785879629627,43.16753,-79.04453,2024-09-20T04:30:31.000000Z
2024,264.1878703703704,43.16753,-79.04453,2024-09-20T04:30:32.000000Z
2024,264.1878819444444,43.16753,-79.04453,2024-09-20T04:30:33.000000Z
2024,264.18789351851854,43.16753,-79.04453,2024-09-20T04:30:34.000000Z
2024,264.1879050925926,43.16753,-79.04453,2024-09-20T04:30:35.000000Z
2024,264.1879166666667,43.16753,-79.04453,2024-09-20T04:30:36.000000Z
2024,264.18792824074075,43.16753,-79.04453,2024-09-20T04:30:37.000000Z
2024,264.1879398148148,43.16753,-79.04453,2024-09-20T04:30:38.000000Z
2024,264.1879513888889,43.16753,-79.04453,2024-09-20T04:30:39.000000Z
2024,264.18796296296296,43.16753,-79.04453,2024-09-20T04:30:40.000000Z
2024,264.18797453703706,43.16753,-79.04453,2024-09-20T04:30:41.000000Z
2024,264.1879861111111,43.16752,-79.04453,2024-09-20T04:30:42.000000Z
2024,264.1981712962963,43.16752,-79.04458,2024-09-20T04:45:22.000000Z
2024,264.1981828703704,43.16752,-79.04458,2024-09-20T04:45:23.000000Z
2024,264.1981944444445,43.16751,-79.04459,2024-09-20T04:45:24.000000Z
2024,264.19820601851853,43.16751,-79.04458,2024-09-20T04:45:25.000000Z
2024,264.1982175925926,43.16751,-79.04458,2024-09-20T04:45:26.000000Z
2024,264.1982291666667,43.16751,-79.04457,2024-09-20T04:45:27.000000Z
2024,264.19824074074074,43.16751,-79.04457,2024-09-20T04:45:28.000000Z
2024,264.19825231481485,43.16751,-79.04457,2024-09-20T04:45:29.000000Z
2024,264.1982638888889,43.16751,-79.04457,2024-09-20T04:45:30.000000Z
2024,264.19827546296295,43.16751,-79.04457,2024-09-20T04:45:31.000000Z
2024,264.19828703703706,43.1675,-79.04456,2024-09-20T04:45:32.000000Z
2024,264.1982986111111,43.1675,-79.04455,2024-09-20T04:45:33.000000Z
2024,264.1983101851852,43.1675,-79.04455,2024-09-20T04:45:34.000000Z
2024,264.1983217592593,43.1675,-79.04454,2024-09-20T04:45:35.000000Z
2024,264.1983333333334,43.1675,-79.04454,2024-09-20T04:45:36.000000Z
2024,264.19834490740743,43.16749,-79.04454,2024-09-20T04:45:37.000000Z
2024,264.1983564814815,43.16749,-79.04454,2024-09-20T04:45:38.000000Z
2024,264.1983680555556,43.16749,-79.04454,2024-09-20T04:45:39.000000Z
2024,264.19837962962964,43.16749,-79.04454,2024-09-20T04:45:40.000000Z
2024,264.20857638888884,43.16753,-79.04445,2024-09-20T05:00:21.000000Z
2024,264.20858796296295,43.16751,-79.04444,2024-09-20T05:00:22.000000Z
2024,264.208599537037,43.16751,-79.04444,2024-09-20T05:00:23.000000Z
2024,264.2086111111111,43.1675,-79.04444,2024-09-20T05:00:24.000000Z
2024,264.20862268518516,43.16749,-79.04444,2024-09-20T05:00:25.000000Z
2024,264.2086342592592,43.16748,-79.04444,2024-09-20T05:00:26.000000Z
2024,264.2086458333333,43.16748,-79.04444,2024-09-20T05:00:27.000000Z
2024,264.2086574074074,43.16748,-79.04445,2024-09-20T05:00:28.000000Z
2024,264.2086689814815,43.16747,-79.04445,2024-09-20T05:00:29.000000Z
2024,264.20868055555553,43.16747,-79.04445,2024-09-20T05:00:30.000000Z
2024,264.2086921296296,43.16746,-79.04445,2024-09-20T05:00:31.000000Z
2024,264.2087037037037,43.16746,-79.04446,2024-09-20T05:00:32.000000Z
2024,264.20871527777774,43.16746,-79.04447,2024-09-20T05:00:33.000000Z
2024,264.20872685185185,43.16746,-79.04447,2024-09-20T05:00:34.000000Z
2024,264.2087384259259,43.16747,-79.04447,2024-09-20T05:00:35.000000Z
2024,264.20875,43.16747,-79.04448,2024-09-20T05:00:36.000000Z
2024,264.20876157407406,43.16748,-79.04449,2024-09-20T05:00:37.000000Z
2024,264.2087731481481,43.16748,-79.0445,2024-09-20T05:00:38.000000Z
2024,264.2087847222222,43.16749,-79.0445,2024-09-20T05:00:39.000000Z
2024,264.20879629629627,43.16749,-79.04451,2024-09-20T05:00:40.000000Z
2024,264.21899305555553,43.16764,-79.04466,2024-09-20T05:15:21.000000Z
2024,264.21900462962964,43.16763,-79.04466,2024-09-20T05:15:22.000000Z
2024,264.2190162037037,43.16762,-79.04466,2024-09-20T05:15:23.000000Z
2024,264.2190277777778,43.16761,-79.04465,2024-09-20T05:15:24.000000Z
2024,264.21903935185185,43.16761,-79.04465,2024-09-20T05:15:25.000000Z
2024,264.2190509259259,43.16761,-79.04464,2024-09-20T05:15:26.000000Z
2024,264.2190625,43.16761,-79.04464,2024-09-20T05:15:27.000000Z
2024,264.21907407407406,43.16761,-79.04463,2024-09-20T05:15:28.000000Z
2024,264.2190972222222,43.1676,-79.04462,2024-09-20T05:15:30.000000Z
2024,264.21910879629627,43.16759,-79.04461,2024-09-20T05:15:31.000000Z
2024,264.2191203703704,43.16759,-79.0446,2024-09-20T05:15:32.000000Z
2024,264.2191319444444,43.16759,-79.0446,2024-09-20T05:15:33.000000Z
2024,264.21914351851854,43.16759,-79.0446,2024-09-20T05:15:34.000000Z
2024,264.2191550925926,43.16759,-79.0446,2024-09-20T05:15:35.000000Z
2024,264.2191666666667,43.16759,-79.0446,2024-09-20T05:15:36.000000Z
2024,264.21917824074075,43.16759,-79.04459,2024-09-20T05:15:37.000000Z
2024,264.2191898148148,43.16759,-79.04459,2024-09-20T05:15:38.000000Z
2024,264.2192013888889,43.16758,-79.04458,2024-09-20T05:15:39.000000Z
2024,264.21921296296296,43.16758,-79.04458,2024-09-20T05:15:40.000000Z
2024,264.22940972222216,43.16747,-79.04449,2024-09-20T05:30:21.000000Z
2024,264.22942129629627,43.16747,-79.0445,2024-09-20T05:30:22.000000Z
2024,264.2294328703703,43.16748,-79.0445,2024-09-20T05:30:23.000000Z
2024,264.2294444444444,43.16748,-79.0445,2024-09-20T05:30:24.000000Z
2024,264.2294560185185,43.16748,-79.04451,2024-09-20T05:30:25.000000Z
2024,264.2294675925925,43.16748,-79.04451,2024-09-20T05:30:26.000000Z
2024,264.22947916666664,43.16749,-79.04451,2024-09-20T05:30:27.000000Z
2024,264.2294907407407,43.16749,-79.04452,2024-09-20T05:30:28.000000Z
2024,264.2295023148148,43.16749,-79.04452,2024-09-20T05:30:29.000000Z
2024,264.22951388888885,43.1675,-79.04452,2024-09-20T05:30:30.000000Z
2024,264.2295254629629,43.1675,-79.04453,2024-09-20T05:30:31.000000Z
2024,264.229537037037,43.1675,-79.04453,2024-09-20T05:30:32.000000Z
2024,264.22954861111106,43.16751,-79.04454,2024-09-20T05:30:33.000000Z
2024,264.22956018518516,43.16751,-79.04454,2024-09-20T05:30:34.000000Z
2024,264.2295717592592,43.16751,-79.04454,2024-09-20T05:30:35.000000Z
2024,264.2295833333333,43.16752,-79.04454,2024-09-20T05:30:36.000000Z
2024,264.2295949074074,43.16752,-79.04455,2024-09-20T05:30:37.000000Z
2024,264.2296064814814,43.16753,-79.04455,2024-09-20T05:30:38.000000Z
2024,264.22961805555553,43.16753,-79.04455,2024-09-20T05:30:39.000000Z
2024,264.2296296296296,43.16753,-79.04456,2024-09-20T05:30:40.000000Z
2024,264.23983796296295,43.16749,-79.04452,2024-09-20T05:45:22.000000Z
2024,264.239849537037,43.16749,-79.04453,2024-09-20T05:45:23.000000Z
2024,264.2398611111111,43.16749,-79.04453,2024-09-20T05:45:24.000000Z
2024,264.23987268518516,43.16749,-79.04453,2024-09-20T05:45:25.000000Z
2024,264.2398842592592,43.16748,-79.04453,2024-09-20T05:45:26.000000Z
2024,264.2398958333333,43.16748,-79.04453,2024-09-20T05:45:27.000000Z
2024,264.2399074074074,43.16748,-79.04453,2024-09-20T05:45:28.000000Z
2024,264.2399189814815,43.16748,-79.04453,2024-09-20T05:45:29.000000Z
2024,264.23993055555553,43.16748,-79.04453,2024-09-20T05:45:30.000000Z
2024,264.2399421296296,43.16748,-79.04453,2024-09-20T05:45:31.000000Z
2024,264.2399537037037,43.16748,-79.04453,2024-09-20T05:45:32.000000Z
2024,264.23996527777774,43.16748,-79.04453,2024-09-20T05:45:33.000000Z
2024,264.23997685185185,43.16748,-79.04452,2024-09-20T05:45:34.000000Z
2024,264.2399884259259,43.16748,-79.04452,2024-09-20T05:45:35.000000Z
2024,264.24,43.16748,-79.04452,2024-09-20T05:45:36.000000Z
2024,264.24001157407406,43.16748,-79.04452,2024-09-20T05:45:37.000000Z
2024,264.2400231481481,43.16748,-79.04452,2024-09-20T05:45:38.000000Z
2024,264.2400347222222,43.16749,-79.04452,2024-09-20T05:45:39.000000Z
2024,264.24004629629627,43.16749,-79.04452,2024-09-20T05:45:40.000000Z
2024,264.25024305555553,43.16757,-79.04454,2024-09-20T06:00:21.000000Z
2024,264.25025462962964,43.16757,-79.04453,2024-09-20T06:00:22.000000Z
2024,264.2502662037037,43.16757,-79.04453,2024-09-20T06:00:23.000000Z
2024,264.2502777777778,43.16757,-79.04453,2024-09-20T06:00:24.000000Z
2024,264.25028935185185,43.16757,-79.04453,2024-09-20T06:00:25.000000Z
2024,264.2503009259259,43.16757,-79.04453,2024-09-20T06:00:26.000000Z
2024,264.2503125,43.16757,-79.04453,2024-09-20T06:00:27.000000Z
2024,264.25032407407406,43.16757,-79.04453,2024-09-20T06:00:28.000000Z
2024,264.25033564814817,43.16757,-79.04453,2024-09-20T06:00:29.000000Z
2024,264.2503472222222,43.16757,-79.04453,2024-09-20T06:00:30.000000Z
2024,264.25035879629627,43.16757,-79.04454,2024-09-20T06:00:31.000000Z
2024,264.2503703703704,43.16757,-79.04454,2024-09-20T06:00:32.000000Z
2024,264.2503819444444,43.16758,-79.04454,2024-09-20T06:00:33.000000Z
2024,264.25039351851854,43.16758,-79.04454,2024-09-20T06:00:34.000000Z
2024,264.2504050925926,43.16758,-79.04454,2024-09-20T06:00:35.000000Z
2024,264.2504166666667,43.16758,-79.04454,2024-09-20T06:00:36.000000Z
2024,264.25042824074075,43.16758,-79.04454,2024-09-20T06:00:37.000000Z
2024,264.2504398148148,43.16758,-79.04455,2024-09-20T06:00:38.000000Z
2024,264.2504513888889,43.16758,-79.04455,2024-09-20T06:00:39.000000Z
2024,264.2504861111111,43.16758,-79.04455,2024-09-20T06:00:42.000000Z
2024,264.2606712962963,43.16759,-79.04466,2024-09-20T06:15:22.000000Z
2024,264.2606828703704,43.16756,-79.04469,2024-09-20T06:15:23.000000Z
2024,264.2606944444445,43.16755,-79.04471,2024-09-20T06:15:24.000000Z
2024,264.26070601851853,43.16747,-79.04479,2024-09-20T06:15:25.000000Z
2024,264.2607175925926,43.16751,-79.04473,2024-09-20T06:15:26.000000Z
2024,264.2607291666667,43.16754,-79.04469,2024-09-20T06:15:27.000000Z
2024,264.26074074074074,43.16756,-79.04467,2024-09-20T06:15:28.000000Z
2024,264.26075231481485,43.16756,-79.04467,2024-09-20T06:15:29.000000Z
2024,264.2607638888889,43.16759,-79.04465,2024-09-20T06:15:30.000000Z
2024,264.26077546296295,43.16758,-79.04464,2024-09-20T06:15:31.000000Z
2024,264.26078703703706,43.16759,-79.04463,2024-09-20T06:15:32.000000Z
2024,264.2607986111111,43.16759,-79.04463,2024-09-20T06:15:33.000000Z
2024,264.2608101851852,43.16759,-79.04463,2024-09-20T06:15:34.000000Z
2024,264.2608217592593,43.16759,-79.04462,2024-09-20T06:15:35.000000Z
2024,264.2608333333334,43.16759,-79.04461,2024-09-20T06:15:36.000000Z
2024,264.26084490740743,43.16759,-79.04461,2024-09-20T06:15:37.000000Z
2024,264.2608564814815,43.16759,-79.0446,2024-09-20T06:15:38.000000Z
2024,264.2608680555556,43.16758,-79.0446,2024-09-20T06:15:39.000000Z
2024,264.26087962962964,43.16758,-79.0446,2024-09-20T06:15:40.000000Z
2024,264.26089120370375,43.16758,-79.0446,2024-09-20T06:15:41.000000Z
2024,264.27107638888884,43.16754,-79.04444,2024-09-20T06:30:21.000000Z
2024,264.27108796296295,43.16753,-79.04442,2024-09-20T06:30:22.000000Z
2024,264.271099537037,43.16753,-79.04441,2024-09-20T06:30:23.000000Z
2024,264.2711111111111,43.16753,-79.04441,2024-09-20T06:30:24.000000Z
2024,264.27112268518516,43.16753,-79.04441,2024-09-20T06:30:25.000000Z
2024,264.2711342592592,43.16755,-79.04445,2024-09-20T06:30:26.000000Z
2024,264.2711574074074,43.16754,-79.04445,2024-09-20T06:30:28.000000Z
2024,264.2711689814815,43.16753,-79.04446,2024-09-20T06:30:29.000000Z
2024,264.27118055555553,43.16752,-79.04447,2024-09-20T06:30:30.000000Z
2024,264.2711921296296,43.16751,-79.04447,2024-09-20T06:30:31.000000Z
2024,264.2712037037037,43.16751,-79.04447,2024-09-20T06:30:32.000000Z
2024,264.27121527777774,43.16751,-79.04448,2024-09-20T06:30:33.000000Z
2024,264.27122685185185,43.1675,-79.04448,2024-09-20T06:30:34.000000Z
2024,264.2712384259259,43.1675,-79.04449,2024-09-20T06:30:35.000000Z
2024,264.27125,43.1675,-79.0445,2024-09-20T06:30:36.000000Z
2024,264.27126157407406,43.16749,-79.0445,2024-09-20T06:30:37.000000Z
2024,264.2712731481481,43.16749,-79.04451,2024-09-20T06:30:38.000000Z
2024,264.2712847222222,43.16749,-79.04451,2024-09-20T06:30:39.000000Z
2024,264.27129629629627,43.16749,-79.04452,2024-09-20T06:30:40.000000Z
2024,264.2713078703704,43.16749,-79.04452,2024-09-20T06:30:41.000000Z
2024,264.28149305555553,43.16742,-79.04443,2024-09-20T06:45:21.000000Z
2024,264.28150462962964,43.16742,-79.04444,2024-09-20T06:45:22.000000Z
2024,264.2815162037037,43.16742,-79.04444,2024-09-20T06:45:23.000000Z
2024,264.2815277777778,43.16742,-79.04444,2024-09-20T06:45:24.000000Z
2024,264.28153935185185,43.16742,-79.04444,2024-09-20T06:45:25.000000Z
2024,264.2815509259259,43.16742,-79.04444,2024-09-20T06:45:26.000000Z
2024,264.2815625,43.16742,-79.04444,2024-09-20T06:45:27.000000Z
2024,264.28157407407406,43.16743,-79.04444,2024-09-20T06:45:28.000000Z
2024,264.28158564814817,43.16743,-79.04445,2024-09-20T06:45:29.000000Z
2024,264.2815972222222,43.16744,-79.04445,2024-09-20T06:45:30.000000Z
2024,264.28160879629627,43.16744,-79.04446,2024-09-20T06:45:31.000000Z
2024,264.2816203703704,43.16744,-79.04447,2024-09-20T06:45:32.000000Z
2024,264.2816319444444,43.16745,-79.04447,2024-09-20T06:45:33.000000Z
2024,264.28164351851854,43.16745,-79.04448,2024-09-20T06:45:34.000000Z
2024,264.2816550925926,43.16745,-79.04448,2024-09-20T06:45:35.000000Z
2024,264.2816666666667,43.16745,-79.04449,2024-09-20T06:45:36.000000Z
2024,264.28167824074075,43.16746,-79.04449,2024-09-20T06:45:37.000000Z
2024,264.2816898148148,43.16746,-79.04449,2024-09-20T06:45:38.000000Z
2024,264.2817013888889,43.16746,-79.0445,2024-09-20T06:45:39.000000Z
2024,264.28171296296296,43.16746,-79.0445,2024-09-20T06:45:40.000000Z
2024,264.2919097222222,43.1675,-79.04457,2024-09-20T07:00:21.000000Z
2024,264.2919212962963,43.16749,-79.04454,2024-09-20T07:00:22.000000Z
2024,264.2919328703704,43.16749,-79.04453,2024-09-20T07:00:23.000000Z
2024,264.2919444444445,43.16749,-79.04452,2024-09-20T07:00:24.000000Z
2024,264.29195601851853,43.16748,-79.04452,2024-09-20T07:00:25.000000Z
2024,264.2919675925926,43.16748,-79.04451,2024-09-20T07:00:26.000000Z
2024,264.2919791666667,43.16748,-79.0445,2024-09-20T07:00:27.000000Z
2024,264.29199074074074,43.16747,-79.0445,2024-09-20T07:00:28.000000Z
2024,264.29200231481485,43.16747,-79.0445,2024-09-20T07:00:29.000000Z
2024,264.2920138888889,43.16747,-79.0445,2024-09-20T07:00:30.000000Z
2024,264.29202546296295,43.16748,-79.0445,2024-09-20T07:00:31.000000Z
2024,264.29203703703706,43.16748,-79.0445,2024-09-20T07:00:32.000000Z
2024,264.2920486111111,43.16747,-79.0445,2024-09-20T07:00:33.000000Z
2024,264.2920601851852,43.16747,-79.0445,2024-09-20T07:00:34.000000Z
2024,264.2920717592593,43.16747,-79.0445,2024-09-20T07:00:35.000000Z
2024,264.2920833333334,43.16747,-79.0445,2024-09-20T07:00:36.000000Z
2024,264.29209490740743,43.16747,-79.04449,2024-09-20T07:00:37.000000Z
2024,264.2921064814815,43.16747,-79.04449,2024-09-20T07:00:38.000000Z
2024,264.2921180555556,43.16747,-79.04449,2024-09-20T07:00:39.000000Z
2024,264.29212962962964,43.16747,-79.04449,2024-09-20T07:00:40.000000Z
2024,264.302337962963,43.16747,-79.0445,2024-09-20T07:15:22.000000Z
2024,264.30234953703706,43.16745,-79.04448,2024-09-20T07:15:23.000000Z
2024,264.30236111111117,43.16744,-79.04449,2024-09-20T07:15:24.000000Z
2024,264.3023726851852,43.16743,-79.04448,2024-09-20T07:15:25.000000Z
2024,264.30238425925927,43.16743,-79.04448,2024-09-20T07:15:26.000000Z
2024,264.3023958333334,43.16743,-79.04449,2024-09-20T07:15:27.000000Z
2024,264.30240740740743,43.16743,-79.04448,2024-09-20T07:15:28.000000Z
2024,264.30241898148154,43.16743,-79.04448,2024-09-20T07:15:29.000000Z
2024,264.3024305555556,43.16743,-79.04447,2024-09-20T07:15:30.000000Z
2024,264.30244212962964,43.16743,-79.04447,2024-09-20T07:15:31.000000Z
2024,264.30245370370375,43.16743,-79.04446,2024-09-20T07:15:32.000000Z
2024,264.3024652777778,43.16743,-79.04444,2024-09-20T07:15:33.000000Z
2024,264.3024768518519,43.16743,-79.04444,2024-09-20T07:15:34.000000Z
2024,264.30248842592596,43.16744,-79.04442,2024-09-20T07:15:35.000000Z
2024,264.30250000000007,43.16744,-79.04444,2024-09-20T07:15:36.000000Z
2024,264.3025115740741,43.16744,-79.04442,2024-09-20T07:15:37.000000Z
2024,264.30252314814817,43.16744,-79.04441,2024-09-20T07:15:38.000000Z
2024,264.3025347222223,43.16745,-79.04441,2024-09-20T07:15:39.000000Z
2024,264.3025462962963,43.16745,-79.04441,2024-09-20T07:15:40.000000Z
2024,264.30255787037044,43.16745,-79.04441,2024-09-20T07:15:41.000000Z
2024,264.3126736111111,43.16757,-79.04425,2024-09-20T07:30:15.000000Z
2024,264.31275462962964,43.16763,-79.0445,2024-09-20T07:30:22.000000Z
2024,264.3127662037037,43.16763,-79.0445,2024-09-20T07:30:23.000000Z
2024,264.3127777777778,43.16763,-79.0445,2024-09-20T07:30:24.000000Z
2024,264.31278935185185,43.16762,-79.0445,2024-09-20T07:30:25.000000Z
2024,264.3128009259259,43.16762,-79.0445,2024-09-20T07:30:26.000000Z
2024,264.3128125,43.16761,-79.04451,2024-09-20T07:30:27.000000Z
2024,264.31282407407406,43.16761,-79.04452,2024-09-20T07:30:28.000000Z
2024,264.31283564814817,43.16761,-79.04453,2024-09-20T07:30:29.000000Z
2024,264.3128472222222,43.16761,-79.04454,2024-09-20T07:30:30.000000Z
2024,264.31285879629627,43.16761,-79.04457,2024-09-20T07:30:31.000000Z
2024,264.3128703703704,43.16762,-79.04457,2024-09-20T07:30:32.000000Z
2024,264.3128819444444,43.16762,-79.04459,2024-09-20T07:30:33.000000Z
2024,264.31289351851854,43.16762,-79.0446,2024-09-20T07:30:34.000000Z
2024,264.3129050925926,43.16763,-79.0446,2024-09-20T07:30:35.000000Z
2024,264.3129166666667,43.16764,-79.04461,2024-09-20T07:30:36.000000Z
2024,264.31292824074075,43.16764,-79.04462,2024-09-20T07:30:37.000000Z
2024,264.3129398148148,43.16765,-79.04463,2024-09-20T07:30:38.000000Z
2024,264.3129513888889,43.16766,-79.04464,2024-09-20T07:30:39.000000Z
2024,264.31296296296296,43.16766,-79.04465,2024-09-20T07:30:40.000000Z
2024,264.3231597222222,43.16753,-79.04452,2024-09-20T07:45:21.000000Z
2024,264.3231828703704,43.16754,-79.04454,2024-09-20T07:45:23.000000Z
2024,264.3231944444445,43.16754,-79.04455,2024-09-20T07:45:24.000000Z
2024,264.32320601851853,43.16754,-79.04455,2024-09-20T07:45:25.000000Z
2024,264.3232175925926,43.16754,-79.04456,2024-09-20T07:45:26.000000Z
2024,264.3232291666667,43.16754,-79.04456,2024-09-20T07:45:27.000000Z
2024,264.32324074074074,43.16754,-79.04456,2024-09-20T07:45:28.000000Z
2024,264.32325231481485,43.16753,-79.04456,2024-09-20T07:45:29.000000Z
2024,264.3232638888889,43.16753,-79.04456,2024-09-20T07:45:30.000000Z
2024,264.32327546296295,43.16753,-79.04456,2024-09-20T07:45:31.000000Z
2024,264.32328703703706,43.16752,-79.04455,2024-09-20T07:45:32.000000Z
2024,264.3232986111111,43.16751,-79.04455,2024-09-20T07:45:33.000000Z
2024,264.3233101851852,43.16751,-79.04454,2024-09-20T07:45:34.000000Z
2024,264.3233217592593,43.1675,-79.04454,2024-09-20T07:45:35.000000Z
2024,264.3233333333334,43.1675,-79.04453,2024-09-20T07:45:36.000000Z
2024,264.32334490740743,43.16749,-79.04453,2024-09-20T07:45:37.000000Z
2024,264.3233564814815,43.16749,-79.04452,2024-09-20T07:45:38.000000Z
2024,264.3233680555556,43.16749,-79.04452,2024-09-20T07:45:39.000000Z
2024,264.32337962962964,43.16749,-79.04451,2024-09-20T07:45:40.000000Z
2024,264.333599537037,43.16753,-79.04457,2024-09-20T08:00:23.000000Z
2024,264.3336111111111,43.16752,-79.04457,2024-09-20T08:00:24.000000Z
2024,264.33362268518516,43.16752,-79.04457,2024-09-20T08:00:25.000000Z
2024,264.3336342592592,43.16751,-79.04457,2024-09-20T08:00:26.000000Z
2024,264.3336458333333,43.16751,-79.04457,2024-09-20T08:00:27.000000Z
2024,264.3336574074074,43.16751,-79.04457,2024-09-20T08:00:28.000000Z
2024,264.3336689814815,43.16751,-79.04457,2024-09-20T08:00:29.000000Z
2024,264.33368055555553,43.16751,-79.04457,2024-09-20T08:00:30.000000Z
2024,264.3336921296296,43.16751,-79.04457,2024-09-20T08:00:31.000000Z
2024,264.3337037037037,43.1675,-79.04457,2024-09-20T08:00:32.000000Z
2024,264.33371527777774,43.1675,-79.04457,2024-09-20T08:00:33.000000Z
2024,264.33372685185185,43.16749,-79.04457,2024-09-20T08:00:34.000000Z
2024,264.3337384259259,43.16749,-79.04457,2024-09-20T08:00:35.000000Z
2024,264.33375,43.16749,-79.04457,2024-09-20T08:00:36.000000Z
2024,264.33376157407406,43.16749,-79.04457,2024-09-20T08:00:37.000000Z
2024,264.3337731481481,43.16749,-79.04457,2024-09-20T08:00:38.000000Z
2024,264.3337847222222,43.16749,-79.04458,2024-09-20T08:00:39.000000Z
2024,264.33379629629627,43.16749,-79.04458,2024-09-20T08:00:40.000000Z
2024,264.3338078703704,43.16749,-79.04458,2024-09-20T08:00:41.000000Z
2024,264.3440162037037,43.16748,-79.04438,2024-09-20T08:15:23.000000Z
2024,264.3440277777778,43.16748,-79.04438,2024-09-20T08:15:24.000000Z
2024,264.34403935185185,43.16748,-79.04438,2024-09-20T08:15:25.000000Z
2024,264.3440509259259,43.16748,-79.04438,2024-09-20T08:15:26.000000Z
2024,264.3440625,43.16748,-79.04438,2024-09-20T08:15:27.000000Z
2024,264.34407407407406,43.16748,-79.04438,2024-09-20T08:15:28.000000Z
2024,264.34408564814817,43.16749,-79.04438,2024-09-20T08:15:29.000000Z
2024,264.3440972222222,43.16749,-79.04438,2024-09-20T08:15:30.000000Z
2024,264.34410879629627,43.1675,-79.04439,2024-09-20T08:15:31.000000Z
2024,264.3441203703704,43.1675,-79.04439,2024-09-20T08:15:32.000000Z
2024,264.3441319444444,43.1675,-79.0444,2024-09-20T08:15:33.000000Z
2024,264.3441550925926,43.16749,-79.04441,2024-09-20T08:15:35.000000Z
2024,264.3441666666667,43.16749,-79.04441,2024-09-20T08:15:36.000000Z
2024,264.34417824074075,43.16749,-79.04442,2024-09-20T08:15:37.000000Z
2024,264.3441898148148,43.16749,-79.04442,2024-09-20T08:15:38.000000Z
2024,264.3442013888889,43.16749,-79.04442,2024-09-20T08:15:39.000000Z
2024,264.34421296296296,43.16749,-79.04442,2024-09-20T08:15:40.000000Z
2024,264.34422453703706,43.16749,-79.04442,2024-09-20T08:15:41.000000Z
2024,264.3544328703703,43.16768,-79.04434,2024-09-20T08:30:23.000000Z
2024,264.3544444444444,43.16768,-79.04434,2024-09-20T08:30:24.000000Z
2024,264.3544560185185,43.16768,-79.04435,2024-09-20T08:30:25.000000Z
2024,264.3544675925925,43.16769,-79.04435,2024-09-20T08:30:26.000000Z
2024,264.35447916666664,43.16769,-79.04436,2024-09-20T08:30:27.000000Z
2024,264.3544907407407,43.16769,-79.04436,2024-09-20T08:30:28.000000Z
2024,264.3545023148148,43.16769,-79.04438,2024-09-20T08:30:29.000000Z
2024,264.35451388888885,43.16769,-79.04438,2024-09-20T08:30:30.000000Z
2024,264.3545254629629,43.1677,-79.04439,2024-09-20T08:30:31.000000Z
2024,264.354537037037,43.1677,-79.0444,2024-09-20T08:30:32.000000Z
2024,264.35454861111106,43.1677,-79.04441,2024-09-20T08:30:33.000000Z
2024,264.35456018518516,43.1677,-79.04441,2024-09-20T08:30:34.000000Z
2024,264.3545717592592,43.1677,-79.04443,2024-09-20T08:30:35.000000Z
2024,264.3545833333333,43.1677,-79.04444,2024-09-20T08:30:36.000000Z
2024,264.3545949074074,43.16769,-79.04445,2024-09-20T08:30:37.000000Z
2024,264.3546064814814,43.16769,-79.04447,2024-09-20T08:30:38.000000Z
2024,264.35461805555553,43.16768,-79.04447,2024-09-20T08:30:39.000000Z
2024,264.3546296296296,43.16768,-79.04447,2024-09-20T08:30:40.000000Z
2024,264.3546412037037,43.16767,-79.04448,2024-09-20T08:30:41.000000Z
2024,264.35465277777774,43.16767,-79.04448,2024-09-20T08:30:42.000000Z
2024,264.364849537037,43.16754,-79.04447,2024-09-20T08:45:23.000000Z
2024,264.3648611111111,43.16751,-79.04447,2024-09-20T08:45:24.000000Z
2024,264.36487268518516,43.16749,-79.04446,2024-09-20T08:45:25.000000Z
2024,264.3648842592592,43.16748,-79.04446,2024-09-20T08:45:26.000000Z
2024,264.3648958333333,43.16746,-79.04446,2024-09-20T08:45:27.000000Z
2024,264.3649074074074,43.16744,-79.04445,2024-09-20T08:45:28.000000Z
2024,264.3649189814815,43.16742,-79.04445,2024-09-20T08:45:29.000000Z
2024,264.36493055555553,43.1674,-79.04444,2024-09-20T08:45:30.000000Z
2024,264.3649421296296,43.16736,-79.04444,2024-09-20T08:45:31.000000Z
2024,264.3649537037037,43.16734,-79.04444,2024-09-20T08:45:32.000000Z
2024,264.36496527777774,43.16732,-79.04444,2024-09-20T08:45:33.000000Z
2024,264.36497685185185,43.16732,-79.04443,2024-09-20T08:45:34.000000Z
2024,264.3649884259259,43.1673,-79.04444,2024-09-20T08:45:35.000000Z
2024,264.365,43.16728,-79.04444,2024-09-20T08:45:36.000000Z
2024,264.36501157407406,43.16726,-79.04445,2024-09-20T08:45:37.000000Z
2024,264.3650231481481,43.16726,-79.04446,2024-09-20T08:45:38.000000Z
2024,264.3650347222222,43.16725,-79.04447,2024-09-20T08:45:39.000000Z
2024,264.36504629629627,43.16726,-79.04447,2024-09-20T08:45:40.000000Z
2024,264.3650578703704,43.16727,-79.04447,2024-09-20T08:45:41.000000Z
2024,264.36506944444443,43.16728,-79.04449,2024-09-20T08:45:42.000000Z
2024,264.3752662037037,43.16728,-79.04454,2024-09-20T09:00:23.000000Z
2024,264.3752777777778,43.1673,-79.04454,2024-09-20T09:00:24.000000Z
2024,264.37528935185185,43.16732,-79.04454,2024-09-20T09:00:25.000000Z
2024,264.3753009259259,43.16729,-79.04454,2024-09-20T09:00:26.000000Z
2024,264.3753125,43.16727,-79.04454,2024-09-20T09:00:27.000000Z
2024,264.37532407407406,43.16727,-79.04454,2024-09-20T09:00:28.000000Z
2024,264.37533564814817,43.16725,-79.04454,2024-09-20T09:00:29.000000Z
2024,264.3753472222222,43.16725,-79.04454,2024-09-20T09:00:30.000000Z
2024,264.37535879629627,43.16738,-79.04454,2024-09-20T09:00:31.000000Z
2024,264.3753703703704,43.16741,-79.04454,2024-09-20T09:00:32.000000Z
2024,264.3753819444444,43.16742,-79.04454,2024-09-20T09:00:33.000000Z
2024,264.37539351851854,43.16743,-79.04454,2024-09-20T09:00:34.000000Z
2024,264.3754050925926,43.16743,-79.04454,2024-09-20T09:00:35.000000Z
2024,264.3754166666667,43.16744,-79.04454,2024-09-20T09:00:36.000000Z
2024,264.37542824074075,43.16744,-79.04454,2024-09-20T09:00:37.000000Z
2024,264.3754398148148,43.16745,-79.04454,2024-09-20T09:00:38.000000Z
2024,264.3754513888889,43.16745,-79.04454,2024-09-20T09:00:39.000000Z
2024,264.37546296296296,43.16745,-79.04454,2024-09-20T09:00:40.000000Z
2024,264.37547453703706,43.16745,-79.04454,2024-09-20T09:00:41.000000Z
2024,264.3754861111111,43.16746,-79.04455,2024-09-20T09:00:42.000000Z
2024,264.3856828703704,43.1675,-79.04461,2024-09-20T09:15:23.000000Z
2024,264.3856944444445,43.1675,-79.04462,2024-09-20T09:15:24.000000Z
2024,264.38570601851853,43.1675,-79.04462,2024-09-20T09:15:25.000000Z
2024,264.3857175925926,43.16748,-79.04463,2024-09-20T09:15:26.000000Z
2024,264.3857291666667,43.16746,-79.04463,2024-09-20T09:15:27.000000Z
2024,264.38574074074074,43.16746,-79.04463,2024-09-20T09:15:28.000000Z
2024,264.38575231481485,43.16746,-79.04463,2024-09-20T09:15:29.000000Z
2024,264.3857638888889,43.16747,-79.04462,2024-09-20T09:15:30.000000Z
2024,264.38577546296295,43.16746,-79.04462,2024-09-20T09:15:31.000000Z
2024,264.38578703703706,43.16746,-79.04462,2024-09-20T09:15:32.000000Z
2024,264.3857986111111,43.16746,-79.04462,2024-09-20T09:15:33.000000Z
2024,264.3858101851852,43.16746,-79.04461,2024-09-20T09:15:34.000000Z
2024,264.3858217592593,43.16746,-79.04461,2024-09-20T09:15:35.000000Z
2024,264.3858333333334,43.16745,-79.0446,2024-09-20T09:15:36.000000Z
2024,264.38584490740743,43.16745,-79.0446,2024-09-20T09:15:37.000000Z
2024,264.3858564814815,43.16745,-79.0446,2024-09-20T09:15:38.000000Z
2024,264.3858680555556,43.16745,-79.04461,2024-09-20T09:15:39.000000Z
2024,264.38587962962964,43.16745,-79.0446,2024-09-20T09:15:40.000000Z
2024,264.38589120370375,43.16745,-79.0446,2024-09-20T09:15:41.000000Z
2024,264.3859027777778,43.16745,-79.0446,2024-09-20T09:15:42.000000Z
2024,264.396099537037,43.1673,-79.04459,2024-09-20T09:30:23.000000Z
2024,264.3961111111111,43.1673,-79.0446,2024-09-20T09:30:24.000000Z
2024,264.39612268518516,43.1673,-79.04459,2024-09-20T09:30:25.000000Z
2024,264.3961342592592,43.16729,-79.04459,2024-09-20T09:30:26.000000Z
2024,264.3961458333333,43.16728,-79.04459,2024-09-20T09:30:27.000000Z
2024,264.3961574074074,43.16728,-79.04459,2024-09-20T09:30:28.000000Z
2024,264.3961689814815,43.16728,-79.04459,2024-09-20T09:30:29.000000Z
2024,264.3961921296296,43.16732,-79.04458,2024-09-20T09:30:31.000000Z
2024,264.3962037037037,43.16733,-79.04457,2024-09-20T09:30:32.000000Z
2024,264.39621527777774,43.16734,-79.04457,2024-09-20T09:30:33.000000Z
2024,264.39622685185185,43.16735,-79.04457,2024-09-20T09:30:34.000000Z
2024,264.3962384259259,43.16735,-79.04457,2024-09-20T09:30:35.000000Z
2024,264.39625,43.16736,-79.04457,2024-09-20T09:30:36.000000Z
2024,264.39626157407406,43.16736,-79.04457,2024-09-20T09:30:37.000000Z
2024,264.3962731481481,43.16736,-79.04456,2024-09-20T09:30:38.000000Z
2024,264.3962847222222,43.16736,-79.04456,2024-09-20T09:30:39.000000Z
2024,264.39629629629627,43.16737,-79.04456,2024-09-20T09:30:40.000000Z
2024,264.3963078703704,43.16737,-79.04457,2024-09-20T09:30:41.000000Z
2024,264.4065162037037,43.16744,-79.04451,2024-09-20T09:45:23.000000Z
2024,264.4065277777778,43.16744,-79.04451,2024-09-20T09:45:24.000000Z
2024,264.40653935185185,43.16744,-79.04451,2024-09-20T09:45:25.000000Z
2024,264.4065509259259,43.16745,-79.04451,2024-09-20T09:45:26.000000Z
2024,264.4065625,43.16745,-79.04451,2024-09-20T09:45:27.000000Z
2024,264.40657407407406,43.16748,-79.04452,2024-09-20T09:45:28.000000Z
2024,264.40658564814817,43.16749,-79.04453,2024-09-20T09:45:29.000000Z
2024,264.4065972222222,43.1675,-79.04453,2024-09-20T09:45:30.000000Z
2024,264.40660879629627,43.16751,-79.04454,2024-09-20T09:45:31.000000Z
2024,264.4066203703704,43.16751,-79.04454,2024-09-20T09:45:32.000000Z
2024,264.4066319444444,43.16751,-79.04454,2024-09-20T09:45:33.000000Z
2024,264.40664351851854,43.16751,-79.04455,2024-09-20T09:45:34.000000Z
2024,264.4066550925926,43.16751,-79.04455,2024-09-20T09:45:35.000000Z
2024,264.4066666666667,43.16751,-79.04455,2024-09-20T09:45:36.000000Z
2024,264.40667824074075,43.16751,-79.04455,2024-09-20T09:45:37.000000Z
2024,264.4066898148148,43.1675,-79.04455,2024-09-20T09:45:38.000000Z
2024,264.4067013888889,43.1675,-79.04455,2024-09-20T09:45:39.000000Z
2024,264.40671296296296,43.16749,-79.04455,2024-09-20T09:45:40.000000Z
2024,264.40672453703706,43.16749,-79.04455,2024-09-20T09:45:41.000000Z
2024,264.4067361111111,43.16748,-79.04455,2024-09-20T09:45:42.000000Z
2024,264.4169328703704,43.16743,-79.04456,2024-09-20T10:00:23.000000Z
2024,264.4169444444445,43.16744,-79.04456,2024-09-20T10:00:24.000000Z
2024,264.41695601851853,43.16744,-79.04457,2024-09-20T10:00:25.000000Z
2024,264.4169675925926,43.16744,-79.04457,2024-09-20T10:00:26.000000Z
2024,264.4169791666667,43.16745,-79.04457,2024-09-20T10:00:27.000000Z
2024,264.41699074074074,43.16746,-79.04457,2024-09-20T10:00:28.000000Z
2024,264.41700231481485,43.16746,-79.04457,2024-09-20T10:00:29.000000Z
2024,264.4170138888889,43.16747,-79.04457,2024-09-20T10:00:30.000000Z
2024,264.41702546296295,43.16748,-79.04457,2024-09-20T10:00:31.000000Z
2024,264.41703703703706,43.16748,-79.04457,2024-09-20T10:00:32.000000Z
2024,264.4170486111111,43.16748,-79.04457,2024-09-20T10:00:33.000000Z
2024,264.4170601851852,43.16749,-79.04457,2024-09-20T10:00:34.000000Z
2024,264.4170717592593,43.16749,-79.04457,2024-09-20T10:00:35.000000Z
2024,264.4170833333334,43.16749,-79.04457,2024-09-20T10:00:36.000000Z
2024,264.41709490740743,43.16749,-79.04457,2024-09-20T10:00:37.000000Z
2024,264.4171064814815,43.16749,-79.04457,2024-09-20T10:00:38.000000Z
2024,264.4171180555556,43.16749,-79.04457,2024-09-20T10:00:39.000000Z
2024,264.41712962962964,43.16749,-79.04457,2024-09-20T10:00:40.000000Z
2024,264.41714120370375,43.16749,-79.04457,2024-09-20T10:00:41.000000Z
2024,264.42734953703706,43.1675,-79.04449,2024-09-20T10:15:23.000000Z
2024,264.42736111111117,43.16749,-79.04449,2024-09-20T10:15:24.000000Z
2024,264.4273726851852,43.16748,-79.04449,2024-09-20T10:15:25.000000Z
2024,264.42738425925927,43.16748,-79.04449,2024-09-20T10:15:26.000000Z
2024,264.4273958333334,43.16747,-79.04449,2024-09-20T10:15:27.000000Z
2024,264.42740740740743,43.16747,-79.0445,2024-09-20T10:15:28.000000Z
2024,264.42741898148154,43.16746,-79.0445,2024-09-20T10:15:29.000000Z
2024,264.4274305555556,43.16745,-79.0445,2024-09-20T10:15:30.000000Z
2024,264.42744212962964,43.16745,-79.0445,2024-09-20T10:15:31.000000Z
2024,264.42745370370375,43.16745,-79.0445,2024-09-20T10:15:32.000000Z
2024,264.4274652777778,43.16744,-79.0445,2024-09-20T10:15:33.000000Z
2024,264.4274768518519,43.16744,-79.04451,2024-09-20T10:15:34.000000Z
2024,264.42748842592596,43.16744,-79.04451,2024-09-20T10:15:35.000000Z
2024,264.42750000000007,43.16744,-79.04452,2024-09-20T10:15:36.000000Z
2024,264.4275115740741,43.16744,-79.04453,2024-09-20T10:15:37.000000Z
2024,264.42752314814817,43.16744,-79.04454,2024-09-20T10:15:38.000000Z
2024,264.4275347222223,43.16745,-79.04454,2024-09-20T10:15:39.000000Z
2024,264.4275462962963,43.16745,-79.04455,2024-09-20T10:15:40.000000Z
2024,264.42755787037044,43.16745,-79.04456,2024-09-20T10:15:41.000000Z
2024,264.4377662037037,43.16752,-79.04454,2024-09-20T10:30:23.000000Z
2024,264.4377777777778,43.16751,-79.04453,2024-09-20T10:30:24.000000Z
2024,264.43778935185185,43.1675,-79.04453,2024-09-20T10:30:25.000000Z
2024,264.4378009259259,43.16749,-79.04451,2024-09-20T10:30:26.000000Z
2024,264.4378125,43.16748,-79.0445,2024-09-20T10:30:27.000000Z
2024,264.43782407407406,43.16748,-79.0445,2024-09-20T10:30:28.000000Z
2024,264.43783564814817,43.16747,-79.0445,2024-09-20T10:30:29.000000Z
2024,264.4378472222222,43.16746,-79.04449,2024-09-20T10:30:30.000000Z
2024,264.43785879629627,43.16745,-79.04448,2024-09-20T10:30:31.000000Z
2024,264.4378703703704,43.16744,-79.04448,2024-09-20T10:30:32.000000Z
2024,264.4378819444444,43.16744,-79.04447,2024-09-20T10:30:33.000000Z
2024,264.43789351851854,43.16743,-79.04447,2024-09-20T10:30:34.000000Z
2024,264.4379050925926,43.16743,-79.04447,2024-09-20T10:30:35.000000Z
2024,264.4379166666667,43.16742,-79.04447,2024-09-20T10:30:36.000000Z
2024,264.43792824074075,43.16742,-79.04447,2024-09-20T10:30:37.000000Z
2024,264.4379398148148,43.16741,-79.04447,2024-09-20T10:30:38.000000Z
2024,264.4379513888889,43.16741,-79.04446,2024-09-20T10:30:39.000000Z
2024,264.43796296296296,43.16741,-79.04446,2024-09-20T10:30:40.000000Z
2024,264.43797453703706,43.16741,-79.04445,2024-09-20T10:30:41.000000Z
2024,264.4481828703704,43.16741,-79.04446,2024-09-20T10:45:23.000000Z
2024,264.4481944444445,43.16741,-79.04447,2024-09-20T10:45:24.000000Z
2024,264.44820601851853,43.1674,-79.04447,2024-09-20T10:45:25.000000Z
2024,264.4482175925926,43.1674,-79.04447,2024-09-20T10:45:26.000000Z
2024,264.4482291666667,43.1674,-79.04448,2024-09-20T10:45:27.000000Z
2024,264.44824074074074,43.1674,-79.04449,2024-09-20T10:45:28.000000Z
2024,264.44825231481485,43.1674,-79.04449,2024-09-20T10:45:29.000000Z
2024,264.4482638888889,43.1674,-79.0445,2024-09-20T10:45:30.000000Z
2024,264.44827546296295,43.1674,-79.0445,2024-09-20T10:45:31.000000Z
2024,264.44828703703706,43.1674,-79.0445,2024-09-20T10:45:32.000000Z
2024,264.4482986111111,43.16741,-79.0445,2024-09-20T10:45:33.000000Z
2024,264.4483101851852,43.16741,-79.04451,2024-09-20T10:45:34.000000Z
2024,264.4483217592593,43.16741,-79.04451,2024-09-20T10:45:35.000000Z
2024,264.4483333333334,43.16741,-79.04451,2024-09-20T10:45:36.000000Z
2024,264.44834490740743,43.16741,-79.04451,2024-09-20T10:45:37.000000Z
2024,264.4483564814815,43.16741,-79.04452,2024-09-20T10:45:38.000000Z
2024,264.4483680555556,43.16742,-79.04452,2024-09-20T10:45:39.000000Z
2024,264.44837962962964,43.16742,-79.04452,2024-09-20T10:45:40.000000Z
2024,264.44839120370375,43.16742,-79.04453,2024-09-20T10:45:41.000000Z
2024,264.458599537037,43.16741,-79.0445,2024-09-20T11:00:23.000000Z
2024,264.4586111111111,43.16742,-79.04452,2024-09-20T11:00:24.000000Z
2024,264.45862268518516,43.16745,-79.04454,2024-09-20T11:00:25.000000Z
2024,264.4586342592592,43.16747,-79.04455,2024-09-20T11:00:26.000000Z
2024,264.4586458333333,43.16748,-79.04456,2024-09-20T11:00:27.000000Z
2024,264.4586574074074,43.16751,-79.04458,2024-09-20T11:00:28.000000Z
2024,264.4586689814815,43.16751,-79.04458,2024-09-20T11:00:29.000000Z
2024,264.45868055555553,43.16752,-79.04458,2024-09-20T11:00:30.000000Z
2024,264.4586921296296,43.16753,-79.04459,2024-09-20T11:00:31.000000Z
2024,264.4587037037037,43.16752,-79.04459,2024-09-20T11:00:32.000000Z
2024,264.45871527777774,43.16752,-79.04459,2024-09-20T11:00:33.000000Z
2024,264.45872685185185,43.16751,-79.04459,2024-09-20T11:00:34.000000Z
2024,264.4587384259259,43.16751,-79.04458,2024-09-20T11:00:35.000000Z
2024,264.45875,43.1675,-79.04458,2024-09-20T11:00:36.000000Z
2024,264.45876157407406,43.16748,-79.04457,2024-09-20T11:00:37.000000Z
2024,264.4587731481481,43.16747,-79.04457,2024-09-20T11:00:38.000000Z
2024,264.4587847222222,43.16746,-79.04455,2024-09-20T11:00:39.000000Z
2024,264.45879629629627,43.16746,-79.04454,2024-09-20T11:00:40.000000Z
2024,264.4588078703704,43.16744,-79.04454,2024-09-20T11:00:41.000000Z
2024,264.45881944444443,43.16743,-79.04452,2024-09-20T11:00:42.000000Z
2024,264.4690162037037,43.16741,-79.04451,2024-09-20T11:15:23.000000Z
2024,264.4690277777778,43.16741,-79.04451,2024-09-20T11:15:24.000000Z
2024,264.46903935185185,43.16741,-79.04451,2024-09-20T11:15:25.000000Z
2024,264.4690509259259,43.16741,-79.04451,2024-09-20T11:15:26.000000Z
2024,264.4690625,43.16741,-79.04451,2024-09-20T11:15:27.000000Z
2024,264.46907407407406,43.16741,-79.0445,2024-09-20T11:15:28.000000Z
2024,264.46908564814817,43.16741,-79.0445,2024-09-20T11:15:29.000000Z
2024,264.4690972222222,43.16741,-79.0445,2024-09-20T11:15:30.000000Z
2024,264.46910879629627,43.1674,-79.0445,2024-09-20T11:15:31.000000Z
2024,264.4691203703704,43.1674,-79.0445,2024-09-20T11:15:32.000000Z
2024,264.4691319444444,43.1674,-79.04449,2024-09-20T11:15:33.000000Z
2024,264.46914351851854,43.1674,-79.04449,2024-09-20T11:15:34.000000Z
2024,264.4691550925926,43.1674,-79.04449,2024-09-20T11:15:35.000000Z
2024,264.4691666666667,43.1674,-79.04449,2024-09-20T11:15:36.000000Z
2024,264.46917824074075,43.16741,-79.04449,2024-09-20T11:15:37.000000Z
2024,264.4691898148148,43.16741,-79.04449,2024-09-20T11:15:38.000000Z
2024,264.4692013888889,43.16741,-79.04449,2024-09-20T11:15:39.000000Z
2024,264.46921296296296,43.16741,-79.04449,2024-09-20T11:15:40.000000Z
2024,264.46922453703706,43.16741,-79.04449,2024-09-20T11:15:41.000000Z
2024,264.4794328703703,43.16733,-79.04444,2024-09-20T11:30:23.000000Z
2024,264.4794444444444,43.16733,-79.04443,2024-09-20T11:30:24.000000Z
2024,264.4794560185185,43.16733,-79.04444,2024-09-20T11:30:25.000000Z
2024,264.4794675925925,43.16733,-79.04445,2024-09-20T11:30:26.000000Z
2024,264.47947916666664,43.16733,-79.04447,2024-09-20T11:30:27.000000Z
2024,264.4794907407407,43.16733,-79.04447,2024-09-20T11:30:28.000000Z
2024,264.4795023148148,43.16732,-79.04447,2024-09-20T11:30:29.000000Z
2024,264.47951388888885,43.16733,-79.04449,2024-09-20T11:30:30.000000Z
2024,264.4795254629629,43.16733,-79.04449,2024-09-20T11:30:31.000000Z
2024,264.479537037037,43.16732,-79.0445,2024-09-20T11:30:32.000000Z
2024,264.47954861111106,43.16731,-79.0445,2024-09-20T11:30:33.000000Z
2024,264.47956018518516,43.16731,-79.04451,2024-09-20T11:30:34.000000Z
2024,264.4795717592592,43.16732,-79.04451,2024-09-20T11:30:35.000000Z
2024,264.4795833333333,43.16731,-79.0445,2024-09-20T11:30:36.000000Z
2024,264.4795949074074,43.16732,-79.04451,2024-09-20T11:30:37.000000Z
2024,264.4796064814814,43.16733,-79.04452,2024-09-20T11:30:38.000000Z
2024,264.47961805555553,43.16733,-79.04452,2024-09-20T11:30:39.000000Z
2024,264.4796296296296,43.16733,-79.04453,2024-09-20T11:30:40.000000Z
2024,264.4796412037037,43.16734,-79.04453,2024-09-20T11:30:41.000000Z
2024,264.47965277777774,43.16734,-79.04453,2024-09-20T11:30:42.000000Z
2024,264.48983796296295,43.16733,-79.04448,2024-09-20T11:45:22.000000Z
2024,264.489849537037,43.16733,-79.04448,2024-09-20T11:45:23.000000Z
2024,264.4898611111111,43.16733,-79.04449,2024-09-20T11:45:24.000000Z
2024,264.48987268518516,43.16733,-79.04449,2024-09-20T11:45:25.000000Z
2024,264.4898842592592,43.16733,-79.0445,2024-09-20T11:45:26.000000Z
2024,264.4898958333333,43.16735,-79.0445,2024-09-20T11:45:27.000000Z
2024,264.4899074074074,43.16741,-79.04454,2024-09-20T11:45:28.000000Z
2024,264.4899189814815,43.16744,-79.04456,2024-09-20T11:45:29.000000Z
2024,264.48993055555553,43.16745,-79.04456,2024-09-20T11:45:30.000000Z
2024,264.4899421296296,43.16745,-79.04456,2024-09-20T11:45:31.000000Z
2024,264.4899537037037,43.16745,-79.04456,2024-09-20T11:45:32.000000Z
2024,264.48996527777774,43.16745,-79.04455,2024-09-20T11:45:33.000000Z
2024,264.48997685185185,43.16745,-79.04455,2024-09-20T11:45:34.000000Z
2024,264.4899884259259,43.16745,-79.04454,2024-09-20T11:45:35.000000Z
2024,264.49,43.16744,-79.04454,2024-09-20T11:45:36.000000Z
2024,264.49001157407406,43.16744,-79.04454,2024-09-20T11:45:37.000000Z
2024,264.4900231481481,43.16744,-79.04454,2024-09-20T11:45:38.000000Z
2024,264.4900347222222,43.16744,-79.04454,2024-09-20T11:45:39.000000Z
2024,264.49004629629627,43.16744,-79.04453,2024-09-20T11:45:40.000000Z
2024,264.4900578703704,43.16744,-79.04452,2024-09-20T11:45:41.000000Z
2024,264.50025462962964,43.16738,-79.0445,2024-09-20T12:00:22.000000Z
2024,264.5002662037037,43.16739,-79.0445,2024-09-20T12:00:23.000000Z
2024,264.5002777777778,43.16738,-79.0445,2024-09-20T12:00:24.000000Z
2024,264.50028935185185,43.16739,-79.0445,2024-09-20T12:00:25.000000Z
2024,264.5003009259259,43.1674,-79.04451,2024-09-20T12:00:26.000000Z
2024,264.5003125,43.1674,-79.04451,2024-09-20T12:00:27.000000Z
2024,264.50032407407406,43.16741,-79.04451,2024-09-20T12:00:28.000000Z
2024,264.50033564814817,43.16741,-79.04452,2024-09-20T12:00:29.000000Z
2024,264.5003472222222,43.16741,-79.04452,2024-09-20T12:00:30.000000Z
2024,264.50035879629627,43.16742,-79.04452,2024-09-20T12:00:31.000000Z
2024,264.5003703703704,43.16742,-79.04452,2024-09-20T12:00:32.000000Z
2024,264.5003819444444,43.16742,-79.04453,2024-09-20T12:00:33.000000Z
2024,264.50039351851854,43.16743,-79.04452,2024-09-20T12:00:34.000000Z
2024,264.5004050925926,43.16743,-79.04453,2024-09-20T12:00:35.000000Z
2024,264.5004166666667,43.16742,-79.04453,2024-09-20T12:00:36.000000Z
2024,264.50042824074075,43.16742,-79.04454,2024-09-20T12:00:37.000000Z
2024,264.5004398148148,43.16742,-79.04454,2024-09-20T12:00:38.000000Z
2024,264.5004513888889,43.16742,-79.04455,2024-09-20T12:00:39.000000Z
2024,264.50046296296296,43.16742,-79.04457,2024-09-20T12:00:40.000000Z
2024,264.5106828703704,43.16733,-79.04448,2024-09-20T12:15:23.000000Z
2024,264.5106944444445,43.16732,-79.04448,2024-09-20T12:15:24.000000Z
2024,264.51070601851853,43.16732,-79.04449,2024-09-20T12:15:25.000000Z
2024,264.5107175925926,43.16734,-79.04449,2024-09-20T12:15:26.000000Z
2024,264.5107291666667,43.16735,-79.0445,2024-09-20T12:15:27.000000Z
2024,264.51074074074074,43.16735,-79.0445,2024-09-20T12:15:28.000000Z
2024,264.51075231481485,43.16732,-79.0445,2024-09-20T12:15:29.000000Z
2024,264.5107638888889,43.16732,-79.04451,2024-09-20T12:15:30.000000Z
2024,264.51077546296295,43.16732,-79.04451,2024-09-20T12:15:31.000000Z
2024,264.51078703703706,43.16733,-79.04452,2024-09-20T12:15:32.000000Z
2024,264.5107986111111,43.16733,-79.04452,2024-09-20T12:15:33.000000Z
2024,264.5108101851852,43.16735,-79.04453,2024-09-20T12:15:34.000000Z
2024,264.5108217592593,43.16736,-79.04453,2024-09-20T12:15:35.000000Z
2024,264.5108333333334,43.16736,-79.04454,2024-09-20T12:15:36.000000Z
2024,264.51084490740743,43.16737,-79.04454,2024-09-20T12:15:37.000000Z
2024,264.5108564814815,43.16738,-79.04454,2024-09-20T12:15:38.000000Z
2024,264.5108680555556,43.16739,-79.04454,2024-09-20T12:15:39.000000Z
2024,264.51087962962964,43.1674,-79.04454,2024-09-20T12:15:40.000000Z
2024,264.51089120370375,43.16741,-79.04454,2024-09-20T12:15:41.000000Z
2024,264.5109027777778,43.16741,-79.04454,2024-09-20T12:15:42.000000Z
2024,264.52108796296295,43.16717,-79.04447,2024-09-20T12:30:22.000000Z
2024,264.521099537037,43.16721,-79.04448,2024-09-20T12:30:23.000000Z
2024,264.5211111111111,43.16725,-79.0445,2024-09-20T12:30:24.000000Z
2024,264.52112268518516,43.1673,-79.04453,2024-09-20T12:30:25.000000Z
2024,264.5211342592592,43.16735,-79.04455,2024-09-20T12:30:26.000000Z
2024,264.5211458333333,43.16738,-79.04457,2024-09-20T12:30:27.000000Z
2024,264.5211574074074,43.16741,-79.04459,2024-09-20T12:30:28.000000Z
2024,264.5211689814815,43.16743,-79.0446,2024-09-20T12:30:29.000000Z
2024,264.52118055555553,43.16744,-79.0446,2024-09-20T12:30:30.000000Z
2024,264.5211921296296,43.16744,-79.04461,2024-09-20T12:30:31.000000Z
2024,264.5212037037037,43.16743,-79.0446,2024-09-20T12:30:32.000000Z
2024,264.52125,43.16717,-79.04455,2024-09-20T12:30:36.000000Z
2024,264.52126157407406,43.16719,-79.04456,2024-09-20T12:30:37.000000Z
2024,264.5212731481481,43.16721,-79.04457,2024-09-20T12:30:38.000000Z
2024,264.5212847222222,43.16722,-79.04458,2024-09-20T12:30:39.000000Z
2024,264.52129629629627,43.16724,-79.04459,2024-09-20T12:30:40.000000Z
2024,264.5213078703704,43.16726,-79.0446,2024-09-20T12:30:41.000000Z
2024,264.52131944444443,43.16728,-79.04461,2024-09-20T12:30:42.000000Z
2024,264.53150462962964,43.16764,-79.04473,2024-09-20T12:45:22.000000Z
2024,264.5315162037037,43.16765,-79.04474,2024-09-20T12:45:23.000000Z
2024,264.5315277777778,43.16766,-79.04475,2024-09-20T12:45:24.000000Z
2024,264.53153935185185,43.16767,-79.04476,2024-09-20T12:45:25.000000Z
2024,264.5315509259259,43.16768,-79.04478,2024-09-20T12:45:26.000000Z
2024,264.5315625,43.16769,-79.04479,2024-09-20T12:45:27.000000Z
2024,264.53157407407406,43.1677,-79.0448,2024-09-20T12:45:28.000000Z
2024,264.53158564814817,43.16771,-79.04481,2024-09-20T12:45:29.000000Z
2024,264.5315972222222,43.16772,-79.04482,2024-09-20T12:45:30.000000Z
2024,264.53160879629627,43.16754,-79.04462,2024-09-20T12:45:31.000000Z
2024,264.5316319444444,43.16752,-79.04461,2024-09-20T12:45:33.000000Z
2024,264.53164351851854,43.16752,-79.04462,2024-09-20T12:45:34.000000Z
2024,264.5316550925926,43.16752,-79.04463,2024-09-20T12:45:35.000000Z
2024,264.5316666666667,43.16752,-79.04463,2024-09-20T12:45:36.000000Z
2024,264.53167824074075,43.16752,-79.04463,2024-09-20T12:45:37.000000Z
2024,264.5316898148148,43.16752,-79.04464,2024-09-20T12:45:38.000000Z
2024,264.5317013888889,43.16752,-79.04463,2024-09-20T12:45:39.000000Z
2024,264.53171296296296,43.16752,-79.04463,2024-09-20T12:45:40.000000Z
2024,264.53172453703706,43.16753,-79.04463,2024-09-20T12:45:41.000000Z
2024,264.5419212962963,43.16763,-79.04467,2024-09-20T13:00:22.000000Z
2024,264.5419328703704,43.16763,-79.04469,2024-09-20T13:00:23.000000Z
2024,264.5419444444445,43.16763,-79.0447,2024-09-20T13:00:24.000000Z
2024,264.54195601851853,43.16763,-79.0447,2024-09-20T13:00:25.000000Z
2024,264.5419675925926,43.16762,-79.0447,2024-09-20T13:00:26.000000Z
2024,264.5419791666667,43.16762,-79.04469,2024-09-20T13:00:27.000000Z
2024,264.54199074074074,43.16762,-79.0447,2024-09-20T13:00:28.000000Z
2024,264.54200231481485,43.16762,-79.0447,2024-09-20T13:00:29.000000Z
2024,264.5420138888889,43.16762,-79.0447,2024-09-20T13:00:30.000000Z
2024,264.54202546296295,43.16761,-79.0447,2024-09-20T13:00:31.000000Z
2024,264.54203703703706,43.16761,-79.0447,2024-09-20T13:00:32.000000Z
2024,264.5420486111111,43.16761,-79.0447,2024-09-20T13:00:33.000000Z
2024,264.5420601851852,43.16761,-79.0447,2024-09-20T13:00:34.000000Z
2024,264.5420717592593,43.1676,-79.0447,2024-09-20T13:00:35.000000Z
2024,264.5420833333334,43.16759,-79.0447,2024-09-20T13:00:36.000000Z
2024,264.54209490740743,43.16758,-79.0447,2024-09-20T13:00:37.000000Z
2024,264.5421064814815,43.16758,-79.04469,2024-09-20T13:00:38.000000Z
2024,264.5421180555556,43.16757,-79.04469,2024-09-20T13:00:39.000000Z
2024,264.54212962962964,43.16757,-79.04469,2024-09-20T13:00:40.000000Z
2024,264.54214120370375,43.16757,-79.04469,2024-09-20T13:00:41.000000Z
2024,264.552337962963,43.16762,-79.04467,2024-09-20T13:15:22.000000Z
2024,264.55234953703706,43.16762,-79.04467,2024-09-20T13:15:23.000000Z
2024,264.55236111111117,43.16761,-79.04466,2024-09-20T13:15:24.000000Z
2024,264.5523726851852,43.1676,-79.04465,2024-09-20T13:15:25.000000Z
2024,264.55238425925927,43.16759,-79.04463,2024-09-20T13:15:26.000000Z
2024,264.5523958333334,43.16759,-79.04463,2024-09-20T13:15:27.000000Z
2024,264.55240740740743,43.16758,-79.04463,2024-09-20T13:15:28.000000Z
2024,264.55241898148154,43.16757,-79.04462,2024-09-20T13:15:29.000000Z
2024,264.5524305555556,43.16757,-79.04461,2024-09-20T13:15:30.000000Z
2024,264.55244212962964,43.16757,-79.04462,2024-09-20T13:15:31.000000Z
2024,264.55245370370375,43.16756,-79.04462,2024-09-20T13:15:32.000000Z
2024,264.5524652777778,43.16756,-79.04463,2024-09-20T13:15:33.000000Z
2024,264.5524768518519,43.16756,-79.04463,2024-09-20T13:15:34.000000Z
2024,264.55248842592596,43.16755,-79.04463,2024-09-20T13:15:35.000000Z
2024,264.55250000000007,43.16754,-79.04463,2024-09-20T13:15:36.000000Z
2024,264.5525115740741,43.16753,-79.04463,2024-09-20T13:15:37.000000Z
2024,264.5526157407408,43.16749,-79.0446,2024-09-20T13:15:46.000000Z
2024,264.5526736111112,43.16748,-79.04459,2024-09-20T13:15:51.000000Z
2024,264.5526851851852,43.16748,-79.04459,2024-09-20T13:15:52.000000Z
2024,264.5526967592593,43.16748,-79.04459,2024-09-20T13:15:53.000000Z
2024,264.5527083333334,43.16748,-79.04459,2024-09-20T13:15:54.000000Z
2024,264.5527430555556,43.16748,-79.04459,2024-09-20T13:15:57.000000Z
2024,264.55275462962965,43.16748,-79.04459,2024-09-20T13:15:58.000000Z
2024,264.5528356481482,43.16746,-79.04457,2024-09-20T13:16:05.000000Z
2024,264.5528472222222,43.16746,-79.04457,2024-09-20T13:16:06.000000Z
2024,264.5528819444445,43.16746,-79.04457,2024-09-20T13:16:09.000000Z
2024,264.55289351851854,43.16746,-79.04457,2024-09-20T13:16:10.000000Z
2024,264.5529050925926,43.16746,-79.04457,2024-09-20T13:16:11.000000Z
2024,264.5529166666667,43.16746,-79.04457,2024-09-20T13:16:12.000000Z
2024,264.55292824074075,43.16746,-79.04457,2024-09-20T13:16:13.000000Z
2024,264.55293981481486,43.16745,-79.04457,2024-09-20T13:16:14.000000Z
2024,264.5529745370371,43.16745,-79.04457,2024-09-20T13:16:17.000000Z
2024,264.5530092592593,43.16745,-79.04457,2024-09-20T13:16:20.000000Z
2024,264.55302083333333,43.16745,-79.04457,2024-09-20T13:16:21.000000Z
2024,264.55303240740744,43.16745,-79.04457,2024-09-20T13:16:22.000000Z
2024,264.5530439814815,43.16745,-79.04457,2024-09-20T13:16:23.000000Z
2024,264.5530555555556,43.16745,-79.04457,2024-09-20T13:16:24.000000Z
2024,264.56275462962964,43.16757,-79.0446,2024-09-20T13:30:22.000000Z
2024,264.5627662037037,43.16757,-79.0446,2024-09-20T13:30:23.000000Z
2024,264.5627777777778,43.16756,-79.0446,2024-09-20T13:30:24.000000Z
2024,264.56278935185185,43.16756,-79.0446,2024-09-20T13:30:25.000000Z
2024,264.5628009259259,43.16747,-79.04447,2024-09-20T13:30:26.000000Z
2024,264.56282407407406,43.16747,-79.04448,2024-09-20T13:30:28.000000Z
2024,264.56283564814817,43.16748,-79.04449,2024-09-20T13:30:29.000000Z
2024,264.5628472222222,43.16748,-79.0445,2024-09-20T13:30:30.000000Z
2024,264.56285879629627,43.16749,-79.0445,2024-09-20T13:30:31.000000Z
2024,264.5628703703704,43.16749,-79.0445,2024-09-20T13:30:32.000000Z
2024,264.5628819444444,43.16749,-79.0445,2024-09-20T13:30:33.000000Z
2024,264.56289351851854,43.16749,-79.0445,2024-09-20T13:30:34.000000Z
2024,264.5629050925926,43.16749,-79.04452,2024-09-20T13:30:35.000000Z
2024,264.5629166666667,43.1675,-79.04453,2024-09-20T13:30:36.000000Z
2024,264.56292824074075,43.1675,-79.04453,2024-09-20T13:30:37.000000Z
2024,264.5629398148148,43.16751,-79.04454,2024-09-20T13:30:38.000000Z
2024,264.5629513888889,43.16751,-79.04454,2024-09-20T13:30:39.000000Z
2024,264.56296296296296,43.16752,-79.04455,2024-09-20T13:30:40.000000Z
2024,264.56297453703706,43.16752,-79.04456,2024-09-20T13:30:41.000000Z
2024,264.5731712962963,43.16749,-79.04453,2024-09-20T13:45:22.000000Z
2024,264.5731828703704,43.16749,-79.04453,2024-09-20T13:45:23.000000Z
2024,264.5731944444445,43.16749,-79.04453,2024-09-20T13:45:24.000000Z
2024,264.57320601851853,43.16749,-79.04454,2024-09-20T13:45:25.000000Z
2024,264.5732175925926,43.16749,-79.04454,2024-09-20T13:45:26.000000Z
2024,264.5732291666667,43.16749,-79.04454,2024-09-20T13:45:27.000000Z
2024,264.57324074074074,43.16749,-79.04454,2024-09-20T13:45:28.000000Z
2024,264.57325231481485,43.16749,-79.04454,2024-09-20T13:45:29.000000Z
2024,264.5732638888889,43.16749,-79.04454,2024-09-20T13:45:30.000000Z
2024,264.57327546296295,43.16749,-79.04455,2024-09-20T13:45:31.000000Z
2024,264.57328703703706,43.16749,-79.04455,2024-09-20T13:45:32.000000Z
2024,264.5732986111111,43.1675,-79.04455,2024-09-20T13:45:33.000000Z
2024,264.5733101851852,43.1675,-79.04455,2024-09-20T13:45:34.000000Z
2024,264.5733217592593,43.1675,-79.04455,2024-09-20T13:45:35.000000Z
2024,264.5733333333334,43.1675,-79.04455,2024-09-20T13:45:36.000000Z
2024,264.57334490740743,43.1675,-79.04456,2024-09-20T13:45:37.000000Z
2024,264.5733564814815,43.16751,-79.04456,2024-09-20T13:45:38.000000Z
2024,264.5733680555556,43.16751,-79.04456,2024-09-20T13:45:39.000000Z
2024,264.57337962962964,43.16751,-79.04455,2024-09-20T13:45:40.000000Z
2024,264.58358796296295,43.16733,-79.04446,2024-09-20T14:00:22.000000Z
2024,264.583599537037,43.16733,-79.04446,2024-09-20T14:00:23.000000Z
2024,264.5836111111111,43.16734,-79.04447,2024-09-20T14:00:24.000000Z
2024,264.58362268518516,43.16734,-79.04447,2024-09-20T14:00:25.000000Z
2024,264.5836342592592,43.16734,-79.04447,2024-09-20T14:00:26.000000Z
2024,264.5836458333333,43.16735,-79.04447,2024-09-20T14:00:27.000000Z
2024,264.5836574074074,43.16735,-79.04449,2024-09-20T14:00:28.000000Z
2024,264.5836689814815,43.16736,-79.04449,2024-09-20T14:00:29.000000Z
2024,264.58368055555553,43.16736,-79.0445,2024-09-20T14:00:30.000000Z
2024,264.5836921296296,43.16737,-79.0445,2024-09-20T14:00:31.000000Z
2024,264.5837037037037,43.16738,-79.04451,2024-09-20T14:00:32.000000Z
2024,264.58371527777774,43.16739,-79.04452,2024-09-20T14:00:33.000000Z
2024,264.58372685185185,43.1674,-79.04453,2024-09-20T14:00:34.000000Z
2024,264.5837384259259,43.16741,-79.04454,2024-09-20T14:00:35.000000Z
2024,264.58375,43.16742,-79.04454,2024-09-20T14:00:36.000000Z
2024,264.58376157407406,43.16743,-79.04454,2024-09-20T14:00:37.000000Z
2024,264.5837731481481,43.16744,-79.04455,2024-09-20T14:00:38.000000Z
2024,264.5837847222222,43.16745,-79.04456,2024-09-20T14:00:39.000000Z
2024,264.58379629629627,43.16746,-79.04457,2024-09-20T14:00:40.000000Z
2024,264.5838078703704,43.16746,-79.04457,2024-09-20T14:00:41.000000Z
2024,264.59400462962964,43.16747,-79.04455,2024-09-20T14:15:22.000000Z
2024,264.5940162037037,43.16748,-79.04456,2024-09-20T14:15:23.000000Z
2024,264.5940277777778,43.16748,-79.04456,2024-09-20T14:15:24.000000Z
2024,264.59403935185185,43.16748,-79.04456,2024-09-20T14:15:25.000000Z
2024,264.5940509259259,43.16749,-79.04456,2024-09-20T14:15:26.000000Z
2024,264.5940625,43.16749,-79.04455,2024-09-20T14:15:27.000000Z
2024,264.59407407407406,43.1675,-79.04455,2024-09-20T14:15:28.000000Z
2024,264.59408564814817,43.16751,-79.04455,2024-09-20T14:15:29.000000Z
2024,264.5940972222222,43.16751,-79.04455,2024-09-20T14:15:30.000000Z
2024,264.59410879629627,43.16751,-79.04455,2024-09-20T14:15:31.000000Z
2024,264.5941203703704,43.16752,-79.04455,2024-09-20T14:15:32.000000Z
2024,264.5941319444444,43.16752,-79.04455,2024-09-20T14:15:33.000000Z
2024,264.59414351851854,43.16753,-79.04455,2024-09-20T14:15:34.000000Z
2024,264.5941550925926,43.16753,-79.04455,2024-09-20T14:15:35.000000Z
2024,264.5941666666667,43.16753,-79.04455,2024-09-20T14:15:36.000000Z
2024,264.59417824074075,43.16754,-79.04455,2024-09-20T14:15:37.000000Z
2024,264.5941898148148,43.16754,-79.04456,2024-09-20T14:15:38.000000Z
2024,264.5942013888889,43.16754,-79.04456,2024-09-20T14:15:39.000000Z
2024,264.59421296296296,43.16755,-79.04455,2024-09-20T14:15:40.000000Z
2024,264.59422453703706,43.16756,-79.04455,2024-09-20T14:15:41.000000Z
2024,264.60442129629627,43.16749,-79.04457,2024-09-20T14:30:22.000000Z
2024,264.6044328703703,43.16748,-79.04457,2024-09-20T14:30:23.000000Z
2024,264.6044444444444,43.16747,-79.04457,2024-09-20T14:30:24.000000Z
2024,264.6044560185185,43.16746,-79.04457,2024-09-20T14:30:25.000000Z
2024,264.6044675925925,43.16746,-79.04457,2024-09-20T14:30:26.000000Z
2024,264.60447916666664,43.16746,-79.04456,2024-09-20T14:30:27.000000Z
2024,264.6044907407407,43.16747,-79.04456,2024-09-20T14:30:28.000000Z
2024,264.6045023148148,43.16747,-79.04457,2024-09-20T14:30:29.000000Z
2024,264.60451388888885,43.16748,-79.04457,2024-09-20T14:30:30.000000Z
2024,264.6045254629629,43.16748,-79.04457,2024-09-20T14:30:31.000000Z
2024,264.604537037037,43.16748,-79.04457,2024-09-20T14:30:32.000000Z
2024,264.60454861111106,43.16749,-79.04457,2024-09-20T14:30:33.000000Z
2024,264.60456018518516,43.16749,-79.04457,2024-09-20T14:30:34.000000Z
2024,264.6045717592592,43.1675,-79.04457,2024-09-20T14:30:35.000000Z
2024,264.6045833333333,43.16751,-79.04458,2024-09-20T14:30:36.000000Z
2024,264.6045949074074,43.16752,-79.04458,2024-09-20T14:30:37.000000Z
2024,264.6046064814814,43.16753,-79.04458,2024-09-20T14:30:38.000000Z
2024,264.60461805555553,43.16754,-79.04458,2024-09-20T14:30:39.000000Z
2024,264.6046296296296,43.16754,-79.04459,2024-09-20T14:30:40.000000Z
2024,264.6046412037037,43.16755,-79.0446,2024-09-20T14:30:41.000000Z
2024,264.61483796296295,43.16744,-79.04459,2024-09-20T14:45:22.000000Z
2024,264.614849537037,43.16744,-79.04458,2024-09-20T14:45:23.000000Z
2024,264.6148611111111,43.16745,-79.04458,2024-09-20T14:45:24.000000Z
2024,264.61487268518516,43.16746,-79.04458,2024-09-20T14:45:25.000000Z
2024,264.6148842592592,43.16746,-79.04458,2024-09-20T14:45:26.000000Z
2024,264.6148958333333,43.16746,-79.04458,2024-09-20T14:45:27.000000Z
2024,264.6149074074074,43.16746,-79.04458,2024-09-20T14:45:28.000000Z
2024,264.6149189814815,43.16747,-79.04458,2024-09-20T14:45:29.000000Z
2024,264.61493055555553,43.16748,-79.04458,2024-09-20T14:45:30.000000Z
2024,264.6149421296296,43.16748,-79.04458,2024-09-20T14:45:31.000000Z
2024,264.6149537037037,43.16748,-79.04458,2024-09-20T14:45:32.000000Z
2024,264.61496527777774,43.16749,-79.04458,2024-09-20T14:45:33.000000Z
2024,264.61497685185185,43.16749,-79.04457,2024-09-20T14:45:34.000000Z
2024,264.6149884259259,43.16749,-79.04457,2024-09-20T14:45:35.000000Z
2024,264.615,43.16749,-79.04457,2024-09-20T14:45:36.000000Z
2024,264.61501157407406,43.16749,-79.04457,2024-09-20T14:45:37.000000Z
2024,264.6150231481481,43.16749,-79.04457,2024-09-20T14:45:38.000000Z
2024,264.6150347222222,43.1675,-79.04457,2024-09-20T14:45:39.000000Z
2024,264.61504629629627,43.1675,-79.04456,2024-09-20T14:45:40.000000Z
2024,264.6150578703704,43.1675,-79.04456,2024-09-20T14:45:41.000000Z
2024,264.62525462962964,43.16753,-79.04461,2024-09-20T15:00:22.000000Z
2024,264.6252662037037,43.16753,-79.04461,2024-09-20T15:00:23.000000Z
2024,264.6252777777778,43.16753,-79.04462,2024-09-20T15:00:24.000000Z
2024,264.62528935185185,43.16753,-79.04463,2024-09-20T15:00:25.000000Z
2024,264.6253009259259,43.16754,-79.04463,2024-09-20T15:00:26.000000Z
2024,264.6253125,43.16754,-79.04461,2024-09-20T15:00:27.000000Z
2024,264.62532407407406,43.16754,-79.04461,2024-09-20T15:00:28.000000Z
2024,264.62533564814817,43.16756,-79.0446,2024-09-20T15:00:29.000000Z
2024,264.6253472222222,43.16757,-79.0446,2024-09-20T15:00:30.000000Z
2024,264.62535879629627,43.16757,-79.04459,2024-09-20T15:00:31.000000Z
2024,264.6253703703704,43.16757,-79.04458,2024-09-20T15:00:32.000000Z
2024,264.6253819444444,43.16757,-79.04458,2024-09-20T15:00:33.000000Z
2024,264.62539351851854,43.16757,-79.04457,2024-09-20T15:00:34.000000Z
2024,264.6254050925926,43.16757,-79.04457,2024-09-20T15:00:35.000000Z
2024,264.6254166666667,43.16757,-79.04457,2024-09-20T15:00:36.000000Z
2024,264.62542824074075,43.16757,-79.04457,2024-09-20T15:00:37.000000Z
2024,264.6254398148148,43.16757,-79.04456,2024-09-20T15:00:38.000000Z
2024,264.6254513888889,43.16756,-79.04456,2024-09-20T15:00:39.000000Z
2024,264.62546296296296,43.16756,-79.04456,2024-09-20T15:00:40.000000Z
2024,264.62547453703706,43.16757,-79.04456,2024-09-20T15:00:41.000000Z
2024,264.6356712962963,43.16739,-79.04454,2024-09-20T15:15:22.000000Z
2024,264.6356828703704,43.16738,-79.04453,2024-09-20T15:15:23.000000Z
2024,264.6356944444445,43.16736,-79.04453,2024-09-20T15:15:24.000000Z
2024,264.63570601851853,43.16736,-79.04453,2024-09-20T15:15:25.000000Z
2024,264.6357175925926,43.16735,-79.04453,2024-09-20T15:15:26.000000Z
2024,264.6357291666667,43.16735,-79.04453,2024-09-20T15:15:27.000000Z
2024,264.63574074074074,43.16733,-79.04453,2024-09-20T15:15:28.000000Z
2024,264.63575231481485,43.16733,-79.04454,2024-09-20T15:15:29.000000Z
2024,264.6357638888889,43.16734,-79.04454,2024-09-20T15:15:30.000000Z
2024,264.63577546296295,43.16735,-79.04454,2024-09-20T15:15:31.000000Z
2024,264.63578703703706,43.16735,-79.04454,2024-09-20T15:15:32.000000Z
2024,264.6357986111111,43.16736,-79.04454,2024-09-20T15:15:33.000000Z
2024,264.6358101851852,43.16737,-79.04455,2024-09-20T15:15:34.000000Z
2024,264.6358217592593,43.16739,-79.04455,2024-09-20T15:15:35.000000Z
2024,264.6358333333334,43.1674,-79.04455,2024-09-20T15:15:36.000000Z
2024,264.63584490740743,43.16741,-79.04455,2024-09-20T15:15:37.000000Z
2024,264.6358564814815,43.16742,-79.04456,2024-09-20T15:15:38.000000Z
2024,264.6358680555556,43.16743,-79.04457,2024-09-20T15:15:39.000000Z
2024,264.63587962962964,43.16744,-79.04457,2024-09-20T15:15:40.000000Z
2024,264.63589120370375,43.16745,-79.04458,2024-09-20T15:15:41.000000Z
2024,264.64608796296295,43.16751,-79.04446,2024-09-20T15:30:22.000000Z
2024,264.646099537037,43.16751,-79.04446,2024-09-20T15:30:23.000000Z
2024,264.6461111111111,43.16751,-79.04446,2024-09-20T15:30:24.000000Z
2024,264.64612268518516,43.16751,-79.04447,2024-09-20T15:30:25.000000Z
2024,264.6461342592592,43.1675,-79.04448,2024-09-20T15:30:26.000000Z
2024,264.6461574074074,43.16749,-79.04448,2024-09-20T15:30:28.000000Z
2024,264.6461689814815,43.16749,-79.04448,2024-09-20T15:30:29.000000Z
2024,264.64618055555553,43.16749,-79.04448,2024-09-20T15:30:30.000000Z
2024,264.6461921296296,43.1675,-79.04449,2024-09-20T15:30:31.000000Z
2024,264.6462037037037,43.1675,-79.0445,2024-09-20T15:30:32.000000Z
2024,264.64621527777774,43.16751,-79.0445,2024-09-20T15:30:33.000000Z
2024,264.64622685185185,43.16751,-79.0445,2024-09-20T15:30:34.000000Z
2024,264.6462384259259,43.16751,-79.04451,2024-09-20T15:30:35.000000Z
2024,264.64625,43.16751,-79.04451,2024-09-20T15:30:36.000000Z
2024,264.64626157407406,43.1675,-79.04451,2024-09-20T15:30:37.000000Z
2024,264.6462731481481,43.1675,-79.04451,2024-09-20T15:30:38.000000Z
2024,264.6462847222222,43.1675,-79.04451,2024-09-20T15:30:39.000000Z
2024,264.64629629629627,43.1675,-79.04451,2024-09-20T15:30:40.000000Z
2024,264.6463078703704,43.1675,-79.04451,2024-09-20T15:30:41.000000Z
2024,264.65650462962964,43.1674,-79.04454,2024-09-20T15:45:22.000000Z
2024,264.6565162037037,43.16745,-79.04454,2024-09-20T15:45:23.000000Z
2024,264.65653935185185,43.16746,-79.04451,2024-09-20T15:45:25.000000Z
2024,264.6565509259259,43.16747,-79.0445,2024-09-20T15:45:26.000000Z
2024,264.6565625,43.16748,-79.04451,2024-09-20T15:45:27.000000Z
2024,264.65657407407406,43.16748,-79.0445,2024-09-20T15:45:28.000000Z
2024,264.65658564814817,43.16749,-79.0445,2024-09-20T15:45:29.000000Z
2024,264.6565972222222,43.1675,-79.0445,2024-09-20T15:45:30.000000Z
2024,264.65660879629627,43.1675,-79.0445,2024-09-20T15:45:31.000000Z
2024,264.6566203703704,43.16751,-79.04449,2024-09-20T15:45:32.000000Z
2024,264.6566319444444,43.1675,-79.04449,2024-09-20T15:45:33.000000Z
2024,264.65664351851854,43.1675,-79.04449,2024-09-20T15:45:34.000000Z
2024,264.6566550925926,43.1675,-79.04449,2024-09-20T15:45:35.000000Z
2024,264.6566666666667,43.1675,-79.04449,2024-09-20T15:45:36.000000Z
2024,264.65667824074075,43.16751,-79.04449,2024-09-20T15:45:37.000000Z
2024,264.6566898148148,43.16751,-79.04449,2024-09-20T15:45:38.000000Z
2024,264.6567013888889,43.16751,-79.04449,2024-09-20T15:45:39.000000Z
2024,264.65671296296296,43.16751,-79.04449,2024-09-20T15:45:40.000000Z
2024,264.65672453703706,43.16751,-79.04448,2024-09-20T15:45:41.000000Z
2024,264.6567361111111,43.16751,-79.04448,2024-09-20T15:45:42.000000Z
2024,264.6669212962963,43.16762,-79.04434,2024-09-20T16:00:22.000000Z
2024,264.6669328703704,43.16763,-79.04434,2024-09-20T16:00:23.000000Z
2024,264.6669444444445,43.16763,-79.04435,2024-09-20T16:00:24.000000Z
2024,264.66695601851853,43.16764,-79.04436,2024-09-20T16:00:25.000000Z
2024,264.6669675925926,43.16764,-79.04437,2024-09-20T16:00:26.000000Z
2024,264.6669791666667,43.16764,-79.04438,2024-09-20T16:00:27.000000Z
2024,264.66699074074074,43.16765,-79.04439,2024-09-20T16:00:28.000000Z
2024,264.66700231481485,43.16765,-79.04441,2024-09-20T16:00:29.000000Z
2024,264.6670138888889,43.16765,-79.04441,2024-09-20T16:00:30.000000Z
2024,264.66702546296295,43.16764,-79.04444,2024-09-20T16:00:31.000000Z
2024,264.66703703703706,43.16764,-79.04445,2024-09-20T16:00:32.000000Z
2024,264.6670486111111,43.16764,-79.04446,2024-09-20T16:00:33.000000Z
2024,264.6670601851852,43.16764,-79.04447,2024-09-20T16:00:34.000000Z
2024,264.6670717592593,43.16764,-79.04447,2024-09-20T16:00:35.000000Z
2024,264.6670833333334,43.16764,-79.04448,2024-09-20T16:00:36.000000Z
2024,264.66709490740743,43.16763,-79.04449,2024-09-20T16:00:37.000000Z
2024,264.6671064814815,43.16763,-79.0445,2024-09-20T16:00:38.000000Z
2024,264.6671180555556,43.16762,-79.0445,2024-09-20T16:00:39.000000Z
2024,264.66712962962964,43.16762,-79.0445,2024-09-20T16:00:40.000000Z
2024,264.66714120370375,43.16761,-79.04451,2024-09-20T16:00:41.000000Z
2024,264.677337962963,43.16745,-79.04443,2024-09-20T16:15:22.000000Z
2024,264.67734953703706,43.16746,-79.04443,2024-09-20T16:15:23.000000Z
2024,264.67736111111117,43.16746,-79.04444,2024-09-20T16:15:24.000000Z
2024,264.6773726851852,43.16745,-79.04444,2024-09-20T16:15:25.000000Z
2024,264.67738425925927,43.16746,-79.04444,2024-09-20T16:15:26.000000Z
2024,264.6773958333334,43.16746,-79.04444,2024-09-20T16:15:27.000000Z
2024,264.67740740740743,43.16746,-79.04444,2024-09-20T16:15:28.000000Z
2024,264.67741898148154,43.16746,-79.04444,2024-09-20T16:15:29.000000Z
2024,264.6774305555556,43.16747,-79.04445,2024-09-20T16:15:30.000000Z
2024,264.67744212962964,43.16748,-79.04446,2024-09-20T16:15:31.000000Z
2024,264.67745370370375,43.16749,-79.04447,2024-09-20T16:15:32.000000Z
2024,264.6774652777778,43.1675,-79.04448,2024-09-20T16:15:33.000000Z
2024,264.6774768518519,43.16751,-79.04449,2024-09-20T16:15:34.000000Z
2024,264.67748842592596,43.16751,-79.0445,2024-09-20T16:15:35.000000Z
2024,264.67750000000007,43.16752,-79.0445,2024-09-20T16:15:36.000000Z
2024,264.6775115740741,43.16753,-79.0445,2024-09-20T16:15:37.000000Z
2024,264.67752314814817,43.16753,-79.04451,2024-09-20T16:15:38.000000Z
2024,264.6775347222223,43.16753,-79.04451,2024-09-20T16:15:39.000000Z
2024,264.6775462962963,43.16754,-79.04451,2024-09-20T16:15:40.000000Z
2024,264.68775462962964,43.16735,-79.04467,2024-09-20T16:30:22.000000Z
2024,264.6877662037037,43.16735,-79.04468,2024-09-20T16:30:23.000000Z
2024,264.6877777777778,43.16735,-79.0447,2024-09-20T16:30:24.000000Z
2024,264.68778935185185,43.16727,-79.04492,2024-09-20T16:30:25.000000Z
2024,264.6878125,43.16737,-79.04473,2024-09-20T16:30:27.000000Z
2024,264.68782407407406,43.1674,-79.04467,2024-09-20T16:30:28.000000Z
2024,264.68783564814817,43.16742,-79.04463,2024-09-20T16:30:29.000000Z
2024,264.6878472222222,43.16742,-79.04465,2024-09-20T16:30:30.000000Z
2024,264.68785879629627,43.16742,-79.04466,2024-09-20T16:30:31.000000Z
2024,264.68789351851854,43.16746,-79.0446,2024-09-20T16:30:34.000000Z
2024,264.6879050925926,43.16747,-79.0446,2024-09-20T16:30:35.000000Z
2024,264.6879166666667,43.16748,-79.04458,2024-09-20T16:30:36.000000Z
2024,264.68792824074075,43.16748,-79.04457,2024-09-20T16:30:37.000000Z
2024,264.6879398148148,43.16749,-79.04456,2024-09-20T16:30:38.000000Z
2024,264.6879513888889,43.16749,-79.04455,2024-09-20T16:30:39.000000Z
2024,264.68796296296296,43.16749,-79.04454,2024-09-20T16:30:40.000000Z
2024,264.68799768518517,43.16749,-79.04454,2024-09-20T16:30:43.000000Z
2024,264.6880092592593,43.16749,-79.04454,2024-09-20T16:30:44.000000Z
2024,264.6880208333333,43.16748,-79.04453,2024-09-20T16:30:45.000000Z
2024,264.6981712962963,43.16746,-79.04446,2024-09-20T16:45:22.000000Z
2024,264.69820601851853,43.1675,-79.04447,2024-09-20T16:45:25.000000Z
2024,264.69824074074074,43.16751,-79.04451,2024-09-20T16:45:28.000000Z
2024,264.69825231481485,43.16751,-79.04453,2024-09-20T16:45:29.000000Z
2024,264.6982638888889,43.16751,-79.04452,2024-09-20T16:45:30.000000Z
2024,264.69827546296295,43.16752,-79.04454,2024-09-20T16:45:31.000000Z
2024,264.69828703703706,43.16752,-79.04454,2024-09-20T16:45:32.000000Z
2024,264.6982986111111,43.16752,-79.04455,2024-09-20T16:45:33.000000Z
2024,264.6983101851852,43.16752,-79.04455,2024-09-20T16:45:34.000000Z
2024,264.6983217592593,43.16751,-79.04456,2024-09-20T16:45:35.000000Z
2024,264.6983564814815,43.16746,-79.04458,2024-09-20T16:45:38.000000Z
2024,264.6983680555556,43.16746,-79.0446,2024-09-20T16:45:39.000000Z
2024,264.69837962962964,43.16745,-79.0446,2024-09-20T16:45:40.000000Z
2024,264.69839120370375,43.16745,-79.04461,2024-09-20T16:45:41.000000Z
2024,264.6984027777778,43.16745,-79.04462,2024-09-20T16:45:42.000000Z
2024,264.69841435185185,43.16744,-79.04463,2024-09-20T16:45:43.000000Z
2024,264.69842592592596,43.16744,-79.04463,2024-09-20T16:45:44.000000Z
2024,264.6984375,43.16743,-79.04464,2024-09-20T16:45:45.000000Z
2024,264.6984490740741,43.16743,-79.04464,2024-09-20T16:45:46.000000Z
2024,264.70858796296295,43.16741,-79.04465,2024-09-20T17:00:22.000000Z
2024,264.708599537037,43.16741,-79.04464,2024-09-20T17:00:23.000000Z
2024,264.7086111111111,43.16742,-79.04463,2024-09-20T17:00:24.000000Z
2024,264.70862268518516,43.16743,-79.04463,2024-09-20T17:00:25.000000Z
2024,264.7086342592592,43.16743,-79.04462,2024-09-20T17:00:26.000000Z
2024,264.7086458333333,43.16744,-79.04461,2024-09-20T17:00:27.000000Z
2024,264.7086574074074,43.16744,-79.04461,2024-09-20T17:00:28.000000Z
2024,264.7086689814815,43.16744,-79.0446,2024-09-20T17:00:29.000000Z
2024,264.70868055555553,43.16744,-79.0446,2024-09-20T17:00:30.000000Z
2024,264.7086921296296,43.16744,-79.0446,2024-09-20T17:00:31.000000Z
2024,264.7087037037037,43.16744,-79.0446,2024-09-20T17:00:32.000000Z
2024,264.70871527777774,43.16744,-79.04459,2024-09-20T17:00:33.000000Z
2024,264.70872685185185,43.16743,-79.04459,2024-09-20T17:00:34.000000Z
2024,264.7087384259259,43.16743,-79.04458,2024-09-20T17:00:35.000000Z
2024,264.70875,43.16742,-79.04457,2024-09-20T17:00:36.000000Z
2024,264.70876157407406,43.16742,-79.04457,2024-09-20T17:00:37.000000Z
2024,264.7087731481481,43.16742,-79.04457,2024-09-20T17:00:38.000000Z
2024,264.7087847222222,43.16742,-79.04457,2024-09-20T17:00:39.000000Z
2024,264.70879629629627,43.16741,-79.04457,2024-09-20T17:00:40.000000Z
2024,264.7088078703704,43.16741,-79.04457,2024-09-20T17:00:41.000000Z
2024,264.71900462962964,43.16758,-79.04451,2024-09-20T17:15:22.000000Z
2024,264.7190162037037,43.16758,-79.04451,2024-09-20T17:15:23.000000Z
2024,264.7190277777778,43.16757,-79.04451,2024-09-20T17:15:24.000000Z
2024,264.71903935185185,43.16757,-79.04451,2024-09-20T17:15:25.000000Z
2024,264.7190509259259,43.16756,-79.04451,2024-09-20T17:15:26.000000Z
2024,264.7190625,43.16756,-79.04451,2024-09-20T17:15:27.000000Z
2024,264.71907407407406,43.16756,-79.04452,2024-09-20T17:15:28.000000Z
2024,264.71908564814817,43.16755,-79.04453,2024-09-20T17:15:29.000000Z
2024,264.7190972222222,43.16754,-79.04454,2024-09-20T17:15:30.000000Z
2024,264.71910879629627,43.16753,-79.04454,2024-09-20T17:15:31.000000Z
2024,264.7191203703704,43.16752,-79.04454,2024-09-20T17:15:32.000000Z
2024,264.7191319444444,43.16751,-79.04454,2024-09-20T17:15:33.000000Z
2024,264.71914351851854,43.1675,-79.04455,2024-09-20T17:15:34.000000Z
2024,264.7191550925926,43.1675,-79.04455,2024-09-20T17:15:35.000000Z
2024,264.7191666666667,43.16749,-79.04456,2024-09-20T17:15:36.000000Z
2024,264.71917824074075,43.16749,-79.04456,2024-09-20T17:15:37.000000Z
2024,264.7191898148148,43.16749,-79.04456,2024-09-20T17:15:38.000000Z
2024,264.7192013888889,43.16749,-79.04456,2024-09-20T17:15:39.000000Z
2024,264.71921296296296,43.16749,-79.04456,2024-09-20T17:15:40.000000Z
2024,264.71922453703706,43.16749,-79.04457,2024-09-20T17:15:41.000000Z
2024,264.72940972222216,43.16746,-79.04456,2024-09-20T17:30:21.000000Z
2024,264.72942129629627,43.16746,-79.04456,2024-09-20T17:30:22.000000Z
2024,264.7294328703703,43.16747,-79.04456,2024-09-20T17:30:23.000000Z
2024,264.7294444444444,43.16747,-79.04455,2024-09-20T17:30:24.000000Z
2024,264.7294560185185,43.16747,-79.04455,2024-09-20T17:30:25.000000Z
2024,264.7294675925925,43.16747,-79.04454,2024-09-20T17:30:26.000000Z
2024,264.72947916666664,43.16747,-79.04454,2024-09-20T17:30:27.000000Z
2024,264.7294907407407,43.16748,-79.04454,2024-09-20T17:30:28.000000Z
2024,264.7295023148148,43.16748,-79.04454,2024-09-20T17:30:29.000000Z
2024,264.72951388888885,43.16748,-79.04454,2024-09-20T17:30:30.000000Z
2024,264.7295254629629,43.16749,-79.04454,2024-09-20T17:30:31.000000Z
2024,264.729537037037,43.16749,-79.04454,2024-09-20T17:30:32.000000Z
2024,264.72954861111106,43.16749,-79.04454,2024-09-20T17:30:33.000000Z
2024,264.72956018518516,43.16749,-79.04453,2024-09-20T17:30:34.000000Z
2024,264.7295717592592,43.16749,-79.04453,2024-09-20T17:30:35.000000Z
2024,264.7295833333333,43.16748,-79.04453,2024-09-20T17:30:36.000000Z
2024,264.7295949074074,43.16747,-79.04454,2024-09-20T17:30:37.000000Z
2024,264.7296064814814,43.16746,-79.04454,2024-09-20T17:30:38.000000Z
2024,264.72961805555553,43.16745,-79.04454,2024-09-20T17:30:39.000000Z
2024,264.7296296296296,43.16744,-79.04455,2024-09-20T17:30:40.000000Z
2024,264.73983796296295,43.16736,-79.0446,2024-09-20T17:45:22.000000Z
2024,264.739849537037,43.16736,-79.04459,2024-09-20T17:45:23.000000Z
2024,264.7398611111111,43.16736,-79.04459,2024-09-20T17:45:24.000000Z
2024,264.73987268518516,43.16735,-79.04458,2024-09-20T17:45:25.000000Z
2024,264.7398842592592,43.16736,-79.04457,2024-09-20T17:45:26.000000Z
2024,264.7398958333333,43.16736,-79.04457,2024-09-20T17:45:27.000000Z
2024,264.7399074074074,43.16736,-79.04457,2024-09-20T17:45:28.000000Z
2024,264.7399189814815,43.16736,-79.04457,2024-09-20T17:45:29.000000Z
2024,264.73993055555553,43.16737,-79.04456,2024-09-20T17:45:30.000000Z
2024,264.7399421296296,43.16737,-79.04455,2024-09-20T17:45:31.000000Z
2024,264.7399537037037,43.16737,-79.04455,2024-09-20T17:45:32.000000Z
2024,264.73996527777774,43.16737,-79.04454,2024-09-20T17:45:33.000000Z
2024,264.73997685185185,43.16737,-79.04454,2024-09-20T17:45:34.000000Z
2024,264.7399884259259,43.16736,-79.04453,2024-09-20T17:45:35.000000Z
2024,264.74,43.16736,-79.04453,2024-09-20T17:45:36.000000Z
2024,264.7400347222222,43.16736,-79.04451,2024-09-20T17:45:39.000000Z
2024,264.74004629629627,43.16735,-79.04451,2024-09-20T17:45:40.000000Z
2024,264.7400578703704,43.16735,-79.04451,2024-09-20T17:45:41.000000Z
2024,264.74006944444443,43.16735,-79.04451,2024-09-20T17:45:42.000000Z
2024,264.7400810185185,43.16735,-79.04451,2024-09-20T17:45:43.000000Z
2024,264.75025462962964,43.16736,-79.04441,2024-09-20T18:00:22.000000Z
2024,264.7502662037037,43.16736,-79.04441,2024-09-20T18:00:23.000000Z
2024,264.7502777777778,43.16736,-79.04441,2024-09-20T18:00:24.000000Z
2024,264.75028935185185,43.16735,-79.04441,2024-09-20T18:00:25.000000Z
2024,264.7503009259259,43.16735,-79.04441,2024-09-20T18:00:26.000000Z
2024,264.75033564814817,43.16735,-79.04441,2024-09-20T18:00:29.000000Z
2024,264.7503819444444,43.16746,-79.04438,2024-09-20T18:00:33.000000Z
2024,264.75039351851854,43.16745,-79.0444,2024-09-20T18:00:34.000000Z
2024,264.7504050925926,43.16744,-79.0444,2024-09-20T18:00:35.000000Z
2024,264.7504166666667,43.16744,-79.04441,2024-09-20T18:00:36.000000Z
2024,264.75042824074075,43.16744,-79.04441,2024-09-20T18:00:37.000000Z
2024,264.7504398148148,43.16744,-79.04442,2024-09-20T18:00:38.000000Z
2024,264.7504513888889,43.16743,-79.04442,2024-09-20T18:00:39.000000Z
2024,264.75046296296296,43.16742,-79.04442,2024-09-20T18:00:40.000000Z
2024,264.75047453703706,43.16742,-79.04443,2024-09-20T18:00:41.000000Z
2024,264.7504861111111,43.16741,-79.04444,2024-09-20T18:00:42.000000Z
2024,264.75049768518517,43.16741,-79.04444,2024-09-20T18:00:43.000000Z
2024,264.7505092592593,43.16741,-79.04444,2024-09-20T18:00:44.000000Z
2024,264.7505208333333,43.16741,-79.04444,2024-09-20T18:00:45.000000Z
2024,264.75053240740743,43.16741,-79.04444,2024-09-20T18:00:46.000000Z
2024,264.7606712962963,43.16736,-79.04452,2024-09-20T18:15:22.000000Z
2024,264.7606828703704,43.16736,-79.04452,2024-09-20T18:15:23.000000Z
2024,264.7606944444445,43.16737,-79.04453,2024-09-20T18:15:24.000000Z
2024,264.76070601851853,43.16738,-79.04454,2024-09-20T18:15:25.000000Z
2024,264.7607175925926,43.16738,-79.04454,2024-09-20T18:15:26.000000Z
2024,264.7607291666667,43.16739,-79.04455,2024-09-20T18:15:27.000000Z
2024,264.76074074074074,43.1674,-79.04455,2024-09-20T18:15:28.000000Z
2024,264.76075231481485,43.16741,-79.04455,2024-09-20T18:15:29.000000Z
2024,264.7607638888889,43.16742,-79.04455,2024-09-20T18:15:30.000000Z
2024,264.76077546296295,43.16743,-79.04456,2024-09-20T18:15:31.000000Z
2024,264.76078703703706,43.16743,-79.04456,2024-09-20T18:15:32.000000Z
2024,264.7607986111111,43.16743,-79.04456,2024-09-20T18:15:33.000000Z
2024,264.7608101851852,43.16744,-79.04456,2024-09-20T18:15:34.000000Z
2024,264.7608217592593,43.16744,-79.04456,2024-09-20T18:15:35.000000Z
2024,264.7608333333334,43.16744,-79.04457,2024-09-20T18:15:36.000000Z
2024,264.76084490740743,43.16744,-79.04457,2024-09-20T18:15:37.000000Z
2024,264.7608564814815,43.16744,-79.04457,2024-09-20T18:15:38.000000Z
2024,264.7608680555556,43.16744,-79.04457,2024-09-20T18:15:39.000000Z
2024,264.76087962962964,43.16744,-79.04457,2024-09-20T18:15:40.000000Z
2024,264.77108796296295,43.16742,-79.04454,2024-09-20T18:30:22.000000Z
2024,264.771099537037,43.16742,-79.04454,2024-09-20T18:30:23.000000Z
2024,264.7711111111111,43.16742,-79.04456,2024-09-20T18:30:24.000000Z
2024,264.77112268518516,43.16742,-79.04455,2024-09-20T18:30:25.000000Z
2024,264.7711342592592,43.16741,-79.04456,2024-09-20T18:30:26.000000Z
2024,264.7711458333333,43.16741,-79.04456,2024-09-20T18:30:27.000000Z
2024,264.7711574074074,43.16741,-79.04457,2024-09-20T18:30:28.000000Z
2024,264.7711689814815,43.16741,-79.04457,2024-09-20T18:30:29.000000Z
2024,264.77118055555553,43.16741,-79.04457,2024-09-20T18:30:30.000000Z
2024,264.7711921296296,43.16741,-79.04457,2024-09-20T18:30:31.000000Z
2024,264.7712037037037,43.16742,-79.04457,2024-09-20T18:30:32.000000Z
2024,264.77121527777774,43.16742,-79.04457,2024-09-20T18:30:33.000000Z
2024,264.77122685185185,43.16743,-79.04458,2024-09-20T18:30:34.000000Z
2024,264.7712384259259,43.16743,-79.04458,2024-09-20T18:30:35.000000Z
2024,264.77125,43.16743,-79.04458,2024-09-20T18:30:36.000000Z
2024,264.77126157407406,43.16743,-79.04458,2024-09-20T18:30:37.000000Z
2024,264.7712731481481,43.16743,-79.04459,2024-09-20T18:30:38.000000Z
2024,264.7712847222222,43.16743,-79.0446,2024-09-20T18:30:39.000000Z
2024,264.77129629629627,43.16743,-79.04459,2024-09-20T18:30:40.000000Z
2024,264.7713078703704,43.16743,-79.04459,2024-09-20T18:30:41.000000Z
2024,264.7815277777778,43.16745,-79.04457,2024-09-20T18:45:24.000000Z
2024,264.78153935185185,43.16744,-79.04457,2024-09-20T18:45:25.000000Z
2024,264.7815509259259,43.16744,-79.0446,2024-09-20T18:45:26.000000Z
2024,264.78158564814817,43.16744,-79.04463,2024-09-20T18:45:29.000000Z
2024,264.7815972222222,43.16744,-79.04463,2024-09-20T18:45:30.000000Z
2024,264.78160879629627,43.16744,-79.04464,2024-09-20T18:45:31.000000Z
2024,264.7816203703704,43.16744,-79.04465,2024-09-20T18:45:32.000000Z
2024,264.7816319444444,43.16745,-79.04467,2024-09-20T18:45:33.000000Z
2024,264.78164351851854,43.16746,-79.04467,2024-09-20T18:45:34.000000Z
2024,264.7816550925926,43.16746,-79.04468,2024-09-20T18:45:35.000000Z
2024,264.7816666666667,43.16746,-79.04468,2024-09-20T18:45:36.000000Z
2024,264.78167824074075,43.16746,-79.04469,2024-09-20T18:45:37.000000Z
2024,264.7816898148148,43.16746,-79.0447,2024-09-20T18:45:38.000000Z
2024,264.7817013888889,43.16746,-79.0447,2024-09-20T18:45:39.000000Z
2024,264.78171296296296,43.16746,-79.0447,2024-09-20T18:45:40.000000Z
2024,264.78172453703706,43.16746,-79.0447,2024-09-20T18:45:41.000000Z
2024,264.7817361111111,43.16746,-79.04471,2024-09-20T18:45:42.000000Z
2024,264.78174768518517,43.16746,-79.04471,2024-09-20T18:45:43.000000Z
2024,264.7817592592593,43.16746,-79.04471,2024-09-20T18:45:44.000000Z
2024,264.7817708333333,43.16746,-79.04471,2024-09-20T18:45:45.000000Z
2024,264.7919097222222,43.16744,-79.04457,2024-09-20T19:00:21.000000Z
2024,264.7919212962963,43.16744,-79.04457,2024-09-20T19:00:22.000000Z
2024,264.7919328703704,43.16744,-79.04457,2024-09-20T19:00:23.000000Z
2024,264.7919444444445,43.16744,-79.04458,2024-09-20T19:00:24.000000Z
2024,264.79195601851853,43.16744,-79.04458,2024-09-20T19:00:25.000000Z
2024,264.7919675925926,43.16745,-79.04459,2024-09-20T19:00:26.000000Z
2024,264.7919791666667,43.16745,-79.04459,2024-09-20T19:00:27.000000Z
2024,264.79199074074074,43.16745,-79.0446,2024-09-20T19:00:28.000000Z
2024,264.79200231481485,43.16746,-79.0446,2024-09-20T19:00:29.000000Z
2024,264.7920138888889,43.16746,-79.04461,2024-09-20T19:00:30.000000Z
2024,264.79202546296295,43.16746,-79.04462,2024-09-20T19:00:31.000000Z
2024,264.79203703703706,43.16747,-79.04463,2024-09-20T19:00:32.000000Z
2024,264.7920486111111,43.16746,-79.04463,2024-09-20T19:00:33.000000Z
2024,264.7920601851852,43.16746,-79.04464,2024-09-20T19:00:34.000000Z
2024,264.7920717592593,43.16747,-79.04465,2024-09-20T19:00:35.000000Z
2024,264.7920833333334,43.16747,-79.04466,2024-09-20T19:00:36.000000Z
2024,264.79209490740743,43.16747,-79.04466,2024-09-20T19:00:37.000000Z
2024,264.7921064814815,43.16747,-79.04465,2024-09-20T19:00:38.000000Z
2024,264.7921180555556,43.16747,-79.04465,2024-09-20T19:00:39.000000Z
2024,264.79212962962964,43.16747,-79.04465,2024-09-20T19:00:40.000000Z
2024,264.802337962963,43.16743,-79.0447,2024-09-20T19:15:22.000000Z
2024,264.80234953703706,43.16743,-79.04469,2024-09-20T19:15:23.000000Z
2024,264.80236111111117,43.16743,-79.04468,2024-09-20T19:15:24.000000Z
2024,264.8023726851852,43.16743,-79.04467,2024-09-20T19:15:25.000000Z
2024,264.80238425925927,43.16743,-79.04468,2024-09-20T19:15:26.000000Z
2024,264.8023958333334,43.16743,-79.04468,2024-09-20T19:15:27.000000Z
2024,264.80240740740743,43.16743,-79.04468,2024-09-20T19:15:28.000000Z
2024,264.8024305555556,43.16742,-79.04468,2024-09-20T19:15:30.000000Z
2024,264.80244212962964,43.16742,-79.04469,2024-09-20T19:15:31.000000Z
2024,264.80245370370375,43.16743,-79.0447,2024-09-20T19:15:32.000000Z
2024,264.8024652777778,43.16742,-79.04469,2024-09-20T19:15:33.000000Z
2024,264.8024768518519,43.16742,-79.04469,2024-09-20T19:15:34.000000Z
2024,264.80248842592596,43.16742,-79.0447,2024-09-20T19:15:35.000000Z
2024,264.80250000000007,43.16742,-79.0447,2024-09-20T19:15:36.000000Z
2024,264.8025115740741,43.16743,-79.0447,2024-09-20T19:15:37.000000Z
2024,264.80252314814817,43.16743,-79.0447,2024-09-20T19:15:38.000000Z
2024,264.8025347222223,43.16743,-79.0447,2024-09-20T19:15:39.000000Z
2024,264.8025462962963,43.16744,-79.04471,2024-09-20T19:15:40.000000Z
2024,264.80255787037044,43.16744,-79.04471,2024-09-20T19:15:41.000000Z
2024,264.81275462962964,43.16742,-79.04466,2024-09-20T19:30:22.000000Z
2024,264.8127662037037,43.16744,-79.04467,2024-09-20T19:30:23.000000Z
2024,264.81278935185185,43.16744,-79.04471,2024-09-20T19:30:25.000000Z
2024,264.8128009259259,43.16745,-79.0447,2024-09-20T19:30:26.000000Z
2024,264.8128125,43.16745,-79.0447,2024-09-20T19:30:27.000000Z
2024,264.81282407407406,43.16746,-79.04469,2024-09-20T19:30:28.000000Z
2024,264.81283564814817,43.16747,-79.04468,2024-09-20T19:30:29.000000Z
2024,264.8128472222222,43.16747,-79.04468,2024-09-20T19:30:30.000000Z
2024,264.81285879629627,43.16747,-79.04468,2024-09-20T19:30:31.000000Z
2024,264.8128703703704,43.16748,-79.04468,2024-09-20T19:30:32.000000Z
2024,264.8128819444444,43.16748,-79.04467,2024-09-20T19:30:33.000000Z
2024,264.81289351851854,43.16748,-79.04467,2024-09-20T19:30:34.000000Z
2024,264.8129050925926,43.16748,-79.04467,2024-09-20T19:30:35.000000Z
2024,264.8129166666667,43.16749,-79.04467,2024-09-20T19:30:36.000000Z
2024,264.81292824074075,43.16749,-79.04466,2024-09-20T19:30:37.000000Z
2024,264.8129398148148,43.16749,-79.04465,2024-09-20T19:30:38.000000Z
2024,264.8129513888889,43.16749,-79.04465,2024-09-20T19:30:39.000000Z
2024,264.81296296296296,43.16749,-79.04465,2024-09-20T19:30:40.000000Z
2024,264.81297453703706,43.1675,-79.04464,2024-09-20T19:30:41.000000Z
2024,264.8129861111111,43.1675,-79.04464,2024-09-20T19:30:42.000000Z
2024,264.8231597222222,43.16741,-79.0448,2024-09-20T19:45:21.000000Z
2024,264.8231712962963,43.16741,-79.0448,2024-09-20T19:45:22.000000Z
2024,264.8231828703704,43.16742,-79.04481,2024-09-20T19:45:23.000000Z
2024,264.8231944444445,43.16742,-79.04482,2024-09-20T19:45:24.000000Z
2024,264.82320601851853,43.16743,-79.04482,2024-09-20T19:45:25.000000Z
2024,264.8232175925926,43.16743,-79.04483,2024-09-20T19:45:26.000000Z
2024,264.8232291666667,43.16743,-79.04483,2024-09-20T19:45:27.000000Z
2024,264.82324074074074,43.16743,-79.04483,2024-09-20T19:45:28.000000Z
2024,264.82325231481485,43.16743,-79.04483,2024-09-20T19:45:29.000000Z
2024,264.8232638888889,43.16743,-79.04482,2024-09-20T19:45:30.000000Z
2024,264.82327546296295,43.16744,-79.04482,2024-09-20T19:45:31.000000Z
2024,264.82328703703706,43.16744,-79.04482,2024-09-20T19:45:32.000000Z
2024,264.8232986111111,43.16744,-79.04481,2024-09-20T19:45:33.000000Z
2024,264.8233101851852,43.16744,-79.0448,2024-09-20T19:45:34.000000Z
2024,264.8233217592593,43.16744,-79.04479,2024-09-20T19:45:35.000000Z
2024,264.8233333333334,43.16744,-79.04479,2024-09-20T19:45:36.000000Z
2024,264.82334490740743,43.16744,-79.04478,2024-09-20T19:45:37.000000Z
2024,264.8233564814815,43.16744,-79.04477,2024-09-20T19:45:38.000000Z
2024,264.8233680555556,43.16743,-79.04476,2024-09-20T19:45:39.000000Z
2024,264.82337962962964,43.16743,-79.04476,2024-09-20T19:45:40.000000Z
2024,264.83357638888884,43.16738,-79.04457,2024-09-20T20:00:21.000000Z
2024,264.83358796296295,43.16738,-79.04457,2024-09-20T20:00:22.000000Z
2024,264.833599537037,43.16738,-79.04457,2024-09-20T20:00:23.000000Z
2024,264.8336111111111,43.16738,-79.04457,2024-09-20T20:00:24.000000Z
2024,264.83362268518516,43.16738,-79.04457,2024-09-20T20:00:25.000000Z
2024,264.8336342592592,43.16739,-79.04457,2024-09-20T20:00:26.000000Z
2024,264.8336458333333,43.16739,-79.04457,2024-09-20T20:00:27.000000Z
2024,264.8336574074074,43.16739,-79.04457,2024-09-20T20:00:28.000000Z
2024,264.8336689814815,43.1674,-79.04457,2024-09-20T20:00:29.000000Z
2024,264.83368055555553,43.16741,-79.04456,2024-09-20T20:00:30.000000Z
2024,264.8336921296296,43.16741,-79.04455,2024-09-20T20:00:31.000000Z
2024,264.8337037037037,43.16741,-79.04455,2024-09-20T20:00:32.000000Z
2024,264.83371527777774,43.16741,-79.04455,2024-09-20T20:00:33.000000Z
2024,264.83372685185185,43.16741,-79.04454,2024-09-20T20:00:34.000000Z
2024,264.8337384259259,43.16742,-79.04454,2024-09-20T20:00:35.000000Z
2024,264.83375,43.16742,-79.04454,2024-09-20T20:00:36.000000Z
2024,264.83376157407406,43.16742,-79.04454,2024-09-20T20:00:37.000000Z
2024,264.8337731481481,43.16743,-79.04454,2024-09-20T20:00:38.000000Z
2024,264.8337847222222,43.16743,-79.04454,2024-09-20T20:00:39.000000Z
2024,264.83379629629627,43.16743,-79.04454,2024-09-20T20:00:40.000000Z
2024,264.84399305555553,43.16754,-79.04459,2024-09-20T20:15:21.000000Z
2024,264.84400462962964,43.16753,-79.04459,2024-09-20T20:15:22.000000Z
2024,264.8440162037037,43.16753,-79.04459,2024-09-20T20:15:23.000000Z
2024,264.8440277777778,43.16755,-79.04459,2024-09-20T20:15:24.000000Z
2024,264.84403935185185,43.16756,-79.0446,2024-09-20T20:15:25.000000Z
2024,264.8440509259259,43.16756,-79.0446,2024-09-20T20:15:26.000000Z
2024,264.8440625,43.16758,-79.0446,2024-09-20T20:15:27.000000Z
2024,264.84407407407406,43.16759,-79.0446,2024-09-20T20:15:28.000000Z
2024,264.84408564814817,43.16765,-79.04463,2024-09-20T20:15:29.000000Z
2024,264.8440972222222,43.16765,-79.04463,2024-09-20T20:15:30.000000Z
2024,264.84410879629627,43.16765,-79.04463,2024-09-20T20:15:31.000000Z
2024,264.8441203703704,43.16764,-79.04463,2024-09-20T20:15:32.000000Z
2024,264.8441319444444,43.16764,-79.04463,2024-09-20T20:15:33.000000Z
2024,264.84414351851854,43.16764,-79.04464,2024-09-20T20:15:34.000000Z
2024,264.8441550925926,43.16764,-79.04464,2024-09-20T20:15:35.000000Z
2024,264.8441666666667,43.16764,-79.04464,2024-09-20T20:15:36.000000Z
2024,264.84417824074075,43.16763,-79.04463,2024-09-20T20:15:37.000000Z
2024,264.8441898148148,43.16762,-79.04463,2024-09-20T20:15:38.000000Z
2024,264.8442013888889,43.16761,-79.04463,2024-09-20T20:15:39.000000Z
2024,264.84421296296296,43.16759,-79.04462,2024-09-20T20:15:40.000000Z
2024,264.85440972222216,43.16783,-79.04476,2024-09-20T20:30:21.000000Z
2024,264.85442129629627,43.16785,-79.04478,2024-09-20T20:30:22.000000Z
2024,264.8544328703703,43.16786,-79.04479,2024-09-20T20:30:23.000000Z
2024,264.8544444444444,43.16785,-79.04479,2024-09-20T20:30:24.000000Z
2024,264.8544560185185,43.16785,-79.04479,2024-09-20T20:30:25.000000Z
2024,264.8544675925925,43.16783,-79.04479,2024-09-20T20:30:26.000000Z
2024,264.85447916666664,43.16783,-79.04479,2024-09-20T20:30:27.000000Z
2024,264.8544907407407,43.16782,-79.04479,2024-09-20T20:30:28.000000Z
2024,264.8545023148148,43.1678,-79.04478,2024-09-20T20:30:29.000000Z
2024,264.85451388888885,43.16779,-79.04478,2024-09-20T20:30:30.000000Z
2024,264.8545254629629,43.16778,-79.04477,2024-09-20T20:30:31.000000Z
2024,264.854537037037,43.16778,-79.04476,2024-09-20T20:30:32.000000Z
2024,264.85454861111106,43.16777,-79.04476,2024-09-20T20:30:33.000000Z
2024,264.85456018518516,43.16777,-79.04477,2024-09-20T20:30:34.000000Z
2024,264.8545717592592,43.16777,-79.04477,2024-09-20T20:30:35.000000Z
2024,264.8545833333333,43.16777,-79.04477,2024-09-20T20:30:36.000000Z
2024,264.8545949074074,43.16777,-79.04477,2024-09-20T20:30:37.000000Z
2024,264.8546064814814,43.16777,-79.04477,2024-09-20T20:30:38.000000Z
2024,264.85461805555553,43.16776,-79.04476,2024-09-20T20:30:39.000000Z
2024,264.8546296296296,43.16775,-79.04476,2024-09-20T20:30:40.000000Z
2024,264.864849537037,43.16754,-79.04459,2024-09-20T20:45:23.000000Z
2024,264.8648611111111,43.16754,-79.04459,2024-09-20T20:45:24.000000Z
2024,264.86487268518516,43.16755,-79.0446,2024-09-20T20:45:25.000000Z
2024,264.8648842592592,43.16755,-79.0446,2024-09-20T20:45:26.000000Z
2024,264.8648958333333,43.16756,-79.0446,2024-09-20T20:45:27.000000Z
2024,264.8649074074074,43.16756,-79.04461,2024-09-20T20:45:28.000000Z
2024,264.8649189814815,43.16756,-79.04462,2024-09-20T20:45:29.000000Z
2024,264.86493055555553,43.16757,-79.04463,2024-09-20T20:45:30.000000Z
2024,264.8649421296296,43.16755,-79.04461,2024-09-20T20:45:31.000000Z
2024,264.8649537037037,43.16753,-79.0446,2024-09-20T20:45:32.000000Z
2024,264.86496527777774,43.16753,-79.0446,2024-09-20T20:45:33.000000Z
2024,264.86497685185185,43.16753,-79.0446,2024-09-20T20:45:34.000000Z
2024,264.8649884259259,43.16753,-79.0446,2024-09-20T20:45:35.000000Z
2024,264.865,43.16752,-79.0446,2024-09-20T20:45:36.000000Z
2024,264.86501157407406,43.16752,-79.0446,2024-09-20T20:45:37.000000Z
2024,264.8650231481481,43.16752,-79.0446,2024-09-20T20:45:38.000000Z
2024,264.8650347222222,43.16751,-79.04459,2024-09-20T20:45:39.000000Z
2024,264.86504629629627,43.16751,-79.04458,2024-09-20T20:45:40.000000Z
2024,264.8650578703704,43.16751,-79.04458,2024-09-20T20:45:41.000000Z
2024,264.8752662037037,43.16765,-79.0447,2024-09-20T21:00:23.000000Z
2024,264.8752777777778,43.16764,-79.0447,2024-09-20T21:00:24.000000Z
2024,264.87528935185185,43.16764,-79.04469,2024-09-20T21:00:25.000000Z
2024,264.8753009259259,43.16764,-79.04469,2024-09-20T21:00:26.000000Z
2024,264.8753125,43.16764,-79.04468,2024-09-20T21:00:27.000000Z
2024,264.87532407407406,43.16763,-79.04468,2024-09-20T21:00:28.000000Z
2024,264.87533564814817,43.16762,-79.04467,2024-09-20T21:00:29.000000Z
2024,264.8753472222222,43.16762,-79.04467,2024-09-20T21:00:30.000000Z
2024,264.87535879629627,43.16762,-79.04467,2024-09-20T21:00:31.000000Z
2024,264.8753703703704,43.16762,-79.04467,2024-09-20T21:00:32.000000Z
2024,264.8753819444444,43.16762,-79.04467,2024-09-20T21:00:33.000000Z
2024,264.87539351851854,43.16762,-79.04467,2024-09-20T21:00:34.000000Z
2024,264.8754050925926,43.16761,-79.04466,2024-09-20T21:00:35.000000Z
2024,264.8754166666667,43.16761,-79.04466,2024-09-20T21:00:36.000000Z
2024,264.87542824074075,43.16761,-79.04466,2024-09-20T21:00:37.000000Z
2024,264.8754398148148,43.16761,-79.04466,2024-09-20T21:00:38.000000Z
2024,264.8754513888889,43.1676,-79.04466,2024-09-20T21:00:39.000000Z
2024,264.87546296296296,43.1676,-79.04466,2024-09-20T21:00:40.000000Z
2024,264.87547453703706,43.16759,-79.04466,2024-09-20T21:00:41.000000Z
2024,264.8856828703704,43.16741,-79.04431,2024-09-20T21:15:23.000000Z
2024,264.8856944444445,43.16741,-79.04429,2024-09-20T21:15:24.000000Z
2024,264.88570601851853,43.1674,-79.04429,2024-09-20T21:15:25.000000Z
2024,264.8857175925926,43.1674,-79.04429,2024-09-20T21:15:26.000000Z
2024,264.8857291666667,43.1674,-79.04428,2024-09-20T21:15:27.000000Z
2024,264.88574074074074,43.1674,-79.04427,2024-09-20T21:15:28.000000Z
2024,264.88575231481485,43.16739,-79.04426,2024-09-20T21:15:29.000000Z
2024,264.8857638888889,43.16739,-79.04429,2024-09-20T21:15:30.000000Z
2024,264.88577546296295,43.1674,-79.04431,2024-09-20T21:15:31.000000Z
2024,264.88578703703706,43.1674,-79.04432,2024-09-20T21:15:32.000000Z
2024,264.8857986111111,43.16741,-79.04436,2024-09-20T21:15:33.000000Z
2024,264.8858101851852,43.16742,-79.04437,2024-09-20T21:15:34.000000Z
2024,264.8858217592593,43.16743,-79.04438,2024-09-20T21:15:35.000000Z
2024,264.8858333333334,43.16743,-79.04438,2024-09-20T21:15:36.000000Z
2024,264.88584490740743,43.16744,-79.04438,2024-09-20T21:15:37.000000Z
2024,264.8858564814815,43.16744,-79.04438,2024-09-20T21:15:38.000000Z
2024,264.8858680555556,43.16744,-79.04438,2024-09-20T21:15:39.000000Z
2024,264.88587962962964,43.16744,-79.04438,2024-09-20T21:15:40.000000Z
2024,264.88589120370375,43.16744,-79.04439,2024-09-20T21:15:41.000000Z
2024,264.8859027777778,43.16744,-79.04439,2024-09-20T21:15:42.000000Z
2024,264.896099537037,43.16746,-79.04442,2024-09-20T21:30:23.000000Z
2024,264.8961111111111,43.16747,-79.04442,2024-09-20T21:30:24.000000Z
2024,264.89612268518516,43.16747,-79.04442,2024-09-20T21:30:25.000000Z
2024,264.8961342592592,43.16747,-79.04442,2024-09-20T21:30:26.000000Z
2024,264.8961458333333,43.16747,-79.04442,2024-09-20T21:30:27.000000Z
2024,264.8961574074074,43.16747,-79.04442,2024-09-20T21:30:28.000000Z
2024,264.8961689814815,43.16747,-79.04441,2024-09-20T21:30:29.000000Z
2024,264.89618055555553,43.16747,-79.04441,2024-09-20T21:30:30.000000Z
2024,264.8961921296296,43.16747,-79.04439,2024-09-20T21:30:31.000000Z
2024,264.8962037037037,43.16747,-79.04439,2024-09-20T21:30:32.000000Z
2024,264.89621527777774,43.16748,-79.04438,2024-09-20T21:30:33.000000Z
2024,264.89622685185185,43.16748,-79.04438,2024-09-20T21:30:34.000000Z
2024,264.8962384259259,43.16749,-79.04438,2024-09-20T21:30:35.000000Z
2024,264.89625,43.1675,-79.04437,2024-09-20T21:30:36.000000Z
2024,264.89626157407406,43.16751,-79.04436,2024-09-20T21:30:37.000000Z
2024,264.8962731481481,43.16751,-79.04436,2024-09-20T21:30:38.000000Z
2024,264.8962847222222,43.16751,-79.04436,2024-09-20T21:30:39.000000Z
2024,264.89629629629627,43.16751,-79.04437,2024-09-20T21:30:40.000000Z
2024,264.8963078703704,43.16751,-79.04437,2024-09-20T21:30:41.000000Z
2024,264.89631944444443,43.16751,-79.04438,2024-09-20T21:30:42.000000Z
2024,264.9065162037037,43.16759,-79.0444,2024-09-20T21:45:23.000000Z
2024,264.9065277777778,43.16756,-79.04446,2024-09-20T21:45:24.000000Z
2024,264.9065509259259,43.16756,-79.04454,2024-09-20T21:45:26.000000Z
2024,264.9065625,43.16757,-79.0446,2024-09-20T21:45:27.000000Z
2024,264.90657407407406,43.16758,-79.04463,2024-09-20T21:45:28.000000Z
2024,264.90658564814817,43.16758,-79.04466,2024-09-20T21:45:29.000000Z
2024,264.9065972222222,43.16757,-79.0447,2024-09-20T21:45:30.000000Z
2024,264.90660879629627,43.16757,-79.04462,2024-09-20T21:45:31.000000Z
2024,264.9066203703704,43.16757,-79.0446,2024-09-20T21:45:32.000000Z
2024,264.9066319444444,43.16757,-79.0446,2024-09-20T21:45:33.000000Z
2024,264.90664351851854,43.16757,-79.0446,2024-09-20T21:45:34.000000Z
2024,264.9066550925926,43.16757,-79.0446,2024-09-20T21:45:35.000000Z
2024,264.9066666666667,43.16757,-79.0446,2024-09-20T21:45:36.000000Z
2024,264.90667824074075,43.16758,-79.04461,2024-09-20T21:45:37.000000Z
2024,264.9066898148148,43.16758,-79.0446,2024-09-20T21:45:38.000000Z
2024,264.9067013888889,43.16758,-79.0446,2024-09-20T21:45:39.000000Z
2024,264.90671296296296,43.16759,-79.0446,2024-09-20T21:45:40.000000Z
2024,264.90672453703706,43.16759,-79.0446,2024-09-20T21:45:41.000000Z
2024,264.9067361111111,43.16759,-79.0446,2024-09-20T21:45:42.000000Z
2024,264.90674768518517,43.16759,-79.0446,2024-09-20T21:45:43.000000Z
2024,264.9169791666667,43.16757,-79.0448,2024-09-20T22:00:27.000000Z
2024,264.91699074074074,43.16758,-79.04479,2024-09-20T22:00:28.000000Z
2024,264.91700231481485,43.16758,-79.04476,2024-09-20T22:00:29.000000Z
2024,264.9170138888889,43.16758,-79.04475,2024-09-20T22:00:30.000000Z
2024,264.91702546296295,43.16759,-79.04475,2024-09-20T22:00:31.000000Z
2024,264.91703703703706,43.16759,-79.04474,2024-09-20T22:00:32.000000Z
2024,264.9170486111111,43.16759,-79.04474,2024-09-20T22:00:33.000000Z
2024,264.9170601851852,43.1676,-79.04475,2024-09-20T22:00:34.000000Z
2024,264.9170717592593,43.1676,-79.04474,2024-09-20T22:00:35.000000Z
2024,264.9170833333334,43.16761,-79.04475,2024-09-20T22:00:36.000000Z
2024,264.91709490740743,43.16761,-79.04476,2024-09-20T22:00:37.000000Z
2024,264.9171064814815,43.16761,-79.04476,2024-09-20T22:00:38.000000Z
2024,264.9171180555556,43.16761,-79.04478,2024-09-20T22:00:39.000000Z
2024,264.91712962962964,43.16762,-79.04478,2024-09-20T22:00:40.000000Z
2024,264.91714120370375,43.16762,-79.04479,2024-09-20T22:00:41.000000Z
2024,264.9171527777778,43.16762,-79.04479,2024-09-20T22:00:42.000000Z
2024,264.91716435185185,43.16762,-79.04479,2024-09-20T22:00:43.000000Z
2024,264.91717592592596,43.16762,-79.04479,2024-09-20T22:00:44.000000Z
2024,264.9171875,43.16762,-79.04479,2024-09-20T22:00:45.000000Z
2024,264.9171990740741,43.16762,-79.04479,2024-09-20T22:00:46.000000Z
2024,264.92734953703706,43.16764,-79.04484,2024-09-20T22:15:23.000000Z
2024,264.92736111111117,43.16763,-79.04483,2024-09-20T22:15:24.000000Z
2024,264.9273726851852,43.16763,-79.04484,2024-09-20T22:15:25.000000Z
2024,264.92738425925927,43.16762,-79.04484,2024-09-20T22:15:26.000000Z
2024,264.9273958333334,43.16762,-79.04486,2024-09-20T22:15:27.000000Z
2024,264.92740740740743,43.16762,-79.04487,2024-09-20T22:15:28.000000Z
2024,264.92741898148154,43.16762,-79.04488,2024-09-20T22:15:29.000000Z
2024,264.9274305555556,43.16763,-79.04487,2024-09-20T22:15:30.000000Z
2024,264.92744212962964,43.16758,-79.04466,2024-09-20T22:15:31.000000Z
2024,264.92745370370375,43.16757,-79.04462,2024-09-20T22:15:32.000000Z
2024,264.9274652777778,43.16757,-79.04461,2024-09-20T22:15:33.000000Z
2024,264.9274768518519,43.16757,-79.0446,2024-09-20T22:15:34.000000Z
2024,264.92748842592596,43.16757,-79.0446,2024-09-20T22:15:35.000000Z
2024,264.92750000000007,43.16757,-79.0446,2024-09-20T22:15:36.000000Z
2024,264.9275115740741,43.16757,-79.04459,2024-09-20T22:15:37.000000Z
2024,264.92752314814817,43.16758,-79.04459,2024-09-20T22:15:38.000000Z
2024,264.9275347222223,43.16758,-79.04458,2024-09-20T22:15:39.000000Z
2024,264.9275462962963,43.16757,-79.04457,2024-09-20T22:15:40.000000Z
2024,264.92755787037044,43.16757,-79.04457,2024-09-20T22:15:41.000000Z
2024,264.9275694444445,43.16757,-79.04457,2024-09-20T22:15:42.000000Z
2024,264.9377662037037,43.16749,-79.04447,2024-09-20T22:30:23.000000Z
2024,264.9377777777778,43.16749,-79.04447,2024-09-20T22:30:24.000000Z
2024,264.93778935185185,43.16748,-79.04447,2024-09-20T22:30:25.000000Z
2024,264.9378009259259,43.16749,-79.04447,2024-09-20T22:30:26.000000Z
2024,264.9378125,43.16749,-79.04448,2024-09-20T22:30:27.000000Z
2024,264.93782407407406,43.16749,-79.04449,2024-09-20T22:30:28.000000Z
2024,264.93783564814817,43.16749,-79.04449,2024-09-20T22:30:29.000000Z
2024,264.9378472222222,43.16749,-79.0445,2024-09-20T22:30:30.000000Z
2024,264.93785879629627,43.16749,-79.0445,2024-09-20T22:30:31.000000Z
2024,264.9378703703704,43.1675,-79.0445,2024-09-20T22:30:32.000000Z
2024,264.9378819444444,43.16749,-79.0445,2024-09-20T22:30:33.000000Z
2024,264.93789351851854,43.16749,-79.0445,2024-09-20T22:30:34.000000Z
2024,264.9379050925926,43.16748,-79.0445,2024-09-20T22:30:35.000000Z
2024,264.9379166666667,43.16749,-79.0445,2024-09-20T22:30:36.000000Z
2024,264.93792824074075,43.16749,-79.04451,2024-09-20T22:30:37.000000Z
2024,264.9379398148148,43.16749,-79.04451,2024-09-20T22:30:38.000000Z
2024,264.9379513888889,43.16749,-79.04452,2024-09-20T22:30:39.000000Z
2024,264.93796296296296,43.16749,-79.04452,2024-09-20T22:30:40.000000Z
2024,264.93797453703706,43.16749,-79.04452,2024-09-20T22:30:41.000000Z
2024,264.9379861111111,43.1675,-79.04452,2024-09-20T22:30:42.000000Z
2024,264.9481828703704,43.1677,-79.04473,2024-09-20T22:45:23.000000Z
2024,264.9481944444445,43.16772,-79.04473,2024-09-20T22:45:24.000000Z
2024,264.94820601851853,43.16772,-79.04473,2024-09-20T22:45:25.000000Z
2024,264.9482175925926,43.1677,-79.04472,2024-09-20T22:45:26.000000Z
2024,264.9482291666667,43.1677,-79.04473,2024-09-20T22:45:27.000000Z
2024,264.94824074074074,43.16769,-79.04472,2024-09-20T22:45:28.000000Z
2024,264.94825231481485,43.16768,-79.04472,2024-09-20T22:45:29.000000Z
2024,264.9482638888889,43.16767,-79.04471,2024-09-20T22:45:30.000000Z
2024,264.94827546296295,43.16766,-79.04471,2024-09-20T22:45:31.000000Z
2024,264.94828703703706,43.16765,-79.04471,2024-09-20T22:45:32.000000Z
2024,264.9482986111111,43.16765,-79.0447,2024-09-20T22:45:33.000000Z
2024,264.9483101851852,43.16764,-79.0447,2024-09-20T22:45:34.000000Z
2024,264.9483217592593,43.16764,-79.0447,2024-09-20T22:45:35.000000Z
2024,264.9483333333334,43.16763,-79.0447,2024-09-20T22:45:36.000000Z
2024,264.94834490740743,43.16763,-79.0447,2024-09-20T22:45:37.000000Z
2024,264.9483564814815,43.16763,-79.0447,2024-09-20T22:45:38.000000Z
2024,264.9483680555556,43.16763,-79.04471,2024-09-20T22:45:39.000000Z
2024,264.94837962962964,43.16764,-79.04471,2024-09-20T22:45:40.000000Z
2024,264.94839120370375,43.16764,-79.04471,2024-09-20T22:45:41.000000Z
2024,264.9484027777778,43.16764,-79.04472,2024-09-20T22:45:42.000000Z
2024,264.958599537037,43.16755,-79.0445,2024-09-20T23:00:23.000000Z
2024,264.9586111111111,43.16756,-79.0445,2024-09-20T23:00:24.000000Z
2024,264.95862268518516,43.16756,-79.0445,2024-09-20T23:00:25.000000Z
2024,264.9586342592592,43.16756,-79.0445,2024-09-20T23:00:26.000000Z
2024,264.9586458333333,43.16756,-79.0445,2024-09-20T23:00:27.000000Z
2024,264.9586574074074,43.16756,-79.0445,2024-09-20T23:00:28.000000Z
2024,264.9586689814815,43.16756,-79.0445,2024-09-20T23:00:29.000000Z
2024,264.95868055555553,43.16756,-79.0445,2024-09-20T23:00:30.000000Z
2024,264.9586921296296,43.16756,-79.0445,2024-09-20T23:00:31.000000Z
2024,264.9587037037037,43.16756,-79.0445,2024-09-20T23:00:32.000000Z
2024,264.95871527777774,43.16756,-79.0445,2024-09-20T23:00:33.000000Z
2024,264.95872685185185,43.16755,-79.0445,2024-09-20T23:00:34.000000Z
2024,264.9587384259259,43.16755,-79.0445,2024-09-20T23:00:35.000000Z
2024,264.95875,43.16754,-79.0445,2024-09-20T23:00:36.000000Z
2024,264.95876157407406,43.16754,-79.0445,2024-09-20T23:00:37.000000Z
2024,264.9587731481481,43.16754,-79.0445,2024-09-20T23:00:38.000000Z
2024,264.9587847222222,43.16754,-79.0445,2024-09-20T23:00:39.000000Z
2024,264.95879629629627,43.16754,-79.0445,2024-09-20T23:00:40.000000Z
2024,264.9588078703704,43.16754,-79.0445,2024-09-20T23:00:41.000000Z
2024,264.9690162037037,43.16738,-79.0446,2024-09-20T23:15:23.000000Z
2024,264.9690277777778,43.16737,-79.04461,2024-09-20T23:15:24.000000Z
2024,264.96903935185185,43.16737,-79.04461,2024-09-20T23:15:25.000000Z
2024,264.9690509259259,43.16736,-79.04461,2024-09-20T23:15:26.000000Z
2024,264.9690625,43.16736,-79.04461,2024-09-20T23:15:27.000000Z
2024,264.96907407407406,43.16735,-79.0446,2024-09-20T23:15:28.000000Z
2024,264.96908564814817,43.16735,-79.0446,2024-09-20T23:15:29.000000Z
2024,264.9690972222222,43.16735,-79.0446,2024-09-20T23:15:30.000000Z
2024,264.96910879629627,43.16734,-79.0446,2024-09-20T23:15:31.000000Z
2024,264.9691203703704,43.16734,-79.04459,2024-09-20T23:15:32.000000Z
2024,264.9691319444444,43.16735,-79.04458,2024-09-20T23:15:33.000000Z
2024,264.96914351851854,43.16735,-79.04458,2024-09-20T23:15:34.000000Z
2024,264.9691550925926,43.16735,-79.04457,2024-09-20T23:15:35.000000Z
2024,264.9691666666667,43.16735,-79.04457,2024-09-20T23:15:36.000000Z
2024,264.96917824074075,43.16735,-79.04457,2024-09-20T23:15:37.000000Z
2024,264.9691898148148,43.16736,-79.04457,2024-09-20T23:15:38.000000Z
2024,264.9692013888889,43.16736,-79.04457,2024-09-20T23:15:39.000000Z
2024,264.96921296296296,43.16736,-79.04456,2024-09-20T23:15:40.000000Z
2024,264.96922453703706,43.16736,-79.04455,2024-09-20T23:15:41.000000Z
2024,264.9794328703703,43.1674,-79.04451,2024-09-20T23:30:23.000000Z
2024,264.9794444444444,43.1674,-79.04451,2024-09-20T23:30:24.000000Z
2024,264.9794560185185,43.16741,-79.04451,2024-09-20T23:30:25.000000Z
2024,264.9794675925925,43.16741,-79.04451,2024-09-20T23:30:26.000000Z
2024,264.97947916666664,43.16741,-79.04451,2024-09-20T23:30:27.000000Z
2024,264.9794907407407,43.16742,-79.04452,2024-09-20T23:30:28.000000Z
2024,264.9795023148148,43.16742,-79.04452,2024-09-20T23:30:29.000000Z
2024,264.9795254629629,43.16743,-79.04452,2024-09-20T23:30:31.000000Z
2024,264.979537037037,43.16742,-79.04452,2024-09-20T23:30:32.000000Z
2024,264.97954861111106,43.16742,-79.04451,2024-09-20T23:30:33.000000Z
2024,264.97956018518516,43.16741,-79.0445,2024-09-20T23:30:34.000000Z
2024,264.9795717592592,43.16741,-79.0445,2024-09-20T23:30:35.000000Z
2024,264.9795833333333,43.16741,-79.0445,2024-09-20T23:30:36.000000Z
2024,264.9795949074074,43.16741,-79.0445,2024-09-20T23:30:37.000000Z
2024,264.9796064814814,43.16741,-79.04449,2024-09-20T23:30:38.000000Z
2024,264.97961805555553,43.1674,-79.04449,2024-09-20T23:30:39.000000Z
2024,264.9796296296296,43.1674,-79.04448,2024-09-20T23:30:40.000000Z
2024,264.9796412037037,43.1674,-79.04448,2024-09-20T23:30:41.000000Z
2024,264.97965277777774,43.1674,-79.04447,2024-09-20T23:30:42.000000Z
2024,264.989849537037,43.1671,-79.04441,2024-09-20T23:45:23.000000Z
2024,264.9898611111111,43.16712,-79.04441,2024-09-20T23:45:24.000000Z
2024,264.98987268518516,43.16714,-79.04442,2024-09-20T23:45:25.000000Z
2024,264.9898842592592,43.16717,-79.04443,2024-09-20T23:45:26.000000Z
2024,264.9898958333333,43.16718,-79.04444,2024-09-20T23:45:27.000000Z
2024,264.9899074074074,43.16719,-79.04444,2024-09-20T23:45:28.000000Z
2024,264.9899189814815,43.16721,-79.04446,2024-09-20T23:45:29.000000Z
2024,264.98993055555553,43.16722,-79.04447,2024-09-20T23:45:30.000000Z
2024,264.9899421296296,43.16727,-79.0445,2024-09-20T23:45:31.000000Z
2024,264.9899537037037,43.16729,-79.04451,2024-09-20T23:45:32.000000Z
2024,264.98996527777774,43.1673,-79.04452,2024-09-20T23:45:33.000000Z
2024,264.98997685185185,43.16732,-79.04453,2024-09-20T23:45:34.000000Z
2024,264.9899884259259,43.16733,-79.04454,2024-09-20T23:45:35.000000Z
2024,264.99,43.16734,-79.04454,2024-09-20T23:45:36.000000Z
2024,264.99001157407406,43.16735,-79.04454,2024-09-20T23:45:37.000000Z
2024,264.9900231481481,43.16735,-79.04454,2024-09-20T23:45:38.000000Z
2024,264.9900347222222,43.16736,-79.04455,2024-09-20T23:45:39.000000Z
2024,264.99004629629627,43.16737,-79.04455,2024-09-20T23:45:40.000000Z
2024,264.9900578703704,43.16737,-79.04456,2024-09-20T23:45:41.000000Z
2024,265.0002662037037,43.16741,-79.04449,2024-09-21T00:00:23.000000Z
2024,265.0002777777778,43.16741,-79.04449,2024-09-21T00:00:24.000000Z
2024,265.00028935185185,43.16742,-79.0445,2024-09-21T00:00:25.000000Z
2024,265.0003009259259,43.16744,-79.0445,2024-09-21T00:00:26.000000Z
2024,265.0003125,43.16744,-79.04451,2024-09-21T00:00:27.000000Z
2024,265.00032407407406,43.16745,-79.04451,2024-09-21T00:00:28.000000Z
2024,265.00033564814817,43.16745,-79.04451,2024-09-21T00:00:29.000000Z
2024,265.0003472222222,43.16745,-79.04451,2024-09-21T00:00:30.000000Z
2024,265.00035879629627,43.16745,-79.04451,2024-09-21T00:00:31.000000Z
2024,265.0003703703704,43.16745,-79.04451,2024-09-21T00:00:32.000000Z
2024,265.0003819444444,43.16744,-79.04451,2024-09-21T00:00:33.000000Z
2024,265.00039351851854,43.16744,-79.0445,2024-09-21T00:00:34.000000Z
2024,265.0004050925926,43.16744,-79.0445,2024-09-21T00:00:35.000000Z
2024,265.0004166666667,43.16744,-79.0445,2024-09-21T00:00:36.000000Z
2024,265.00042824074075,43.16744,-79.0445,2024-09-21T00:00:37.000000Z
2024,265.0004398148148,43.16744,-79.0445,2024-09-21T00:00:38.000000Z
2024,265.0004513888889,43.16744,-79.0445,2024-09-21T00:00:39.000000Z
2024,265.00046296296296,43.16744,-79.0445,2024-09-21T00:00:40.000000Z
2024,265.00047453703706,43.16744,-79.0445,2024-09-21T00:00:41.000000Z
2024,265.0106828703704,43.16744,-79.0446,2024-09-21T00:15:23.000000Z
2024,265.0106944444445,43.16744,-79.04459,2024-09-21T00:15:24.000000Z
2024,265.01070601851853,43.16745,-79.04458,2024-09-21T00:15:25.000000Z
2024,265.0107175925926,43.16746,-79.04458,2024-09-21T00:15:26.000000Z
2024,265.0107291666667,43.16746,-79.04457,2024-09-21T00:15:27.000000Z
2024,265.01074074074074,43.16745,-79.04457,2024-09-21T00:15:28.000000Z
2024,265.01075231481485,43.16746,-79.04457,2024-09-21T00:15:29.000000Z
2024,265.0107638888889,43.16747,-79.04457,2024-09-21T00:15:30.000000Z
2024,265.01077546296295,43.1675,-79.04456,2024-09-21T00:15:31.000000Z
2024,265.01078703703706,43.16751,-79.04456,2024-09-21T00:15:32.000000Z
2024,265.0107986111111,43.16751,-79.04457,2024-09-21T00:15:33.000000Z
2024,265.0108101851852,43.16751,-79.04457,2024-09-21T00:15:34.000000Z
2024,265.0108217592593,43.16751,-79.04456,2024-09-21T00:15:35.000000Z
2024,265.0108333333334,43.16751,-79.04456,2024-09-21T00:15:36.000000Z
2024,265.01084490740743,43.16752,-79.04456,2024-09-21T00:15:37.000000Z
2024,265.0108564814815,43.16752,-79.04456,2024-09-21T00:15:38.000000Z
2024,265.0108680555556,43.16752,-79.04456,2024-09-21T00:15:39.000000Z
2024,265.01087962962964,43.16752,-79.04456,2024-09-21T00:15:40.000000Z
2024,265.01089120370375,43.16752,-79.04456,2024-09-21T00:15:41.000000Z
2024,265.02108796296295,43.16754,-79.04449,2024-09-21T00:30:22.000000Z
2024,265.021099537037,43.16754,-79.04449,2024-09-21T00:30:23.000000Z
2024,265.0211111111111,43.16754,-79.04449,2024-09-21T00:30:24.000000Z
2024,265.02112268518516,43.16754,-79.04448,2024-09-21T00:30:25.000000Z
2024,265.0211342592592,43.16753,-79.04447,2024-09-21T00:30:26.000000Z
2024,265.0211458333333,43.16753,-79.04447,2024-09-21T00:30:27.000000Z
2024,265.0211574074074,43.16753,-79.04447,2024-09-21T00:30:28.000000Z
2024,265.0211689814815,43.16748,-79.04447,2024-09-21T00:30:29.000000Z
2024,265.0211921296296,43.16749,-79.04446,2024-09-21T00:30:31.000000Z
2024,265.0212037037037,43.1675,-79.04446,2024-09-21T00:30:32.000000Z
2024,265.02121527777774,43.16751,-79.04446,2024-09-21T00:30:33.000000Z
2024,265.02122685185185,43.16751,-79.04446,2024-09-21T00:30:34.000000Z
2024,265.0212384259259,43.16751,-79.04446,2024-09-21T00:30:35.000000Z
2024,265.02125,43.16751,-79.04446,2024-09-21T00:30:36.000000Z
2024,265.02126157407406,43.16751,-79.04446,2024-09-21T00:30:37.000000Z
2024,265.0212731481481,43.16751,-79.04446,2024-09-21T00:30:38.000000Z
2024,265.0212847222222,43.16751,-79.04446,2024-09-21T00:30:39.000000Z
2024,265.02129629629627,43.16751,-79.04446,2024-09-21T00:30:40.000000Z
2024,265.0213078703704,43.16751,-79.04446,2024-09-21T00:30:41.000000Z
2024,265.03150462962964,43.16745,-79.04444,2024-09-21T00:45:22.000000Z
2024,265.0315162037037,43.16745,-79.04444,2024-09-21T00:45:23.000000Z
2024,265.0315277777778,43.16745,-79.04444,2024-09-21T00:45:24.000000Z
2024,265.03153935185185,43.16745,-79.04445,2024-09-21T00:45:25.000000Z
2024,265.0315509259259,43.16745,-79.04446,2024-09-21T00:45:26.000000Z
2024,265.0315625,43.16746,-79.04447,2024-09-21T00:45:27.000000Z
2024,265.03157407407406,43.16746,-79.04449,2024-09-21T00:45:28.000000Z
2024,265.03158564814817,43.16746,-79.0445,2024-09-21T00:45:29.000000Z
2024,265.0315972222222,43.16747,-79.0445,2024-09-21T00:45:30.000000Z
2024,265.03160879629627,43.16748,-79.04451,2024-09-21T00:45:31.000000Z
2024,265.0316203703704,43.16748,-79.04453,2024-09-21T00:45:32.000000Z
2024,265.0316319444444,43.16748,-79.04454,2024-09-21T00:45:33.000000Z
2024,265.03164351851854,43.16749,-79.04455,2024-09-21T00:45:34.000000Z
2024,265.0316550925926,43.16749,-79.04456,2024-09-21T00:45:35.000000Z
2024,265.0316666666667,43.1675,-79.04457,2024-09-21T00:45:36.000000Z
2024,265.03167824074075,43.1675,-79.04457,2024-09-21T00:45:37.000000Z
2024,265.0316898148148,43.1675,-79.04458,2024-09-21T00:45:38.000000Z
2024,265.0317013888889,43.16751,-79.04459,2024-09-21T00:45:39.000000Z
2024,265.03171296296296,43.16751,-79.04459,2024-09-21T00:45:40.000000Z
2024,265.0419212962963,43.1675,-79.04454,2024-09-21T01:00:22.000000Z
2024,265.0419328703704,43.1675,-79.04454,2024-09-21T01:00:23.000000Z
2024,265.0419444444445,43.16749,-79.04454,2024-09-21T01:00:24.000000Z
2024,265.04195601851853,43.1675,-79.04453,2024-09-21T01:00:25.000000Z
2024,265.0419675925926,43.16749,-79.04453,2024-09-21T01:00:26.000000Z
2024,265.0419791666667,43.16749,-79.04452,2024-09-21T01:00:27.000000Z
2024,265.04199074074074,43.16749,-79.04452,2024-09-21T01:00:28.000000Z
2024,265.04200231481485,43.16749,-79.04451,2024-09-21T01:00:29.000000Z
2024,265.0420138888889,43.16748,-79.04451,2024-09-21T01:00:30.000000Z
2024,265.04202546296295,43.16748,-79.04451,2024-09-21T01:00:31.000000Z
2024,265.04203703703706,43.16748,-79.04451,2024-09-21T01:00:32.000000Z
2024,265.0420486111111,43.16748,-79.04451,2024-09-21T01:00:33.000000Z
2024,265.0420601851852,43.16748,-79.04451,2024-09-21T01:00:34.000000Z
2024,265.0420717592593,43.16749,-79.04451,2024-09-21T01:00:35.000000Z
2024,265.0420833333334,43.16749,-79.04451,2024-09-21T01:00:36.000000Z
2024,265.04209490740743,43.16749,-79.04451,2024-09-21T01:00:37.000000Z
2024,265.0421064814815,43.16749,-79.04451,2024-09-21T01:00:38.000000Z
2024,265.0421180555556,43.16749,-79.04451,2024-09-21T01:00:39.000000Z
2024,265.04212962962964,43.16749,-79.04451,2024-09-21T01:00:40.000000Z
2024,265.052337962963,43.16736,-79.04466,2024-09-21T01:15:22.000000Z
2024,265.05234953703706,43.16754,-79.04458,2024-09-21T01:15:23.000000Z
2024,265.0523726851852,43.16754,-79.0446,2024-09-21T01:15:25.000000Z
2024,265.05238425925927,43.16753,-79.0446,2024-09-21T01:15:26.000000Z
2024,265.0523958333334,43.16752,-79.0446,2024-09-21T01:15:27.000000Z
2024,265.05240740740743,43.16752,-79.0446,2024-09-21T01:15:28.000000Z
2024,265.05241898148154,43.16751,-79.04461,2024-09-21T01:15:29.000000Z
2024,265.0524305555556,43.16751,-79.04462,2024-09-21T01:15:30.000000Z
2024,265.05244212962964,43.1675,-79.04463,2024-09-21T01:15:31.000000Z
2024,265.05245370370375,43.1675,-79.04463,2024-09-21T01:15:32.000000Z
2024,265.0524652777778,43.1675,-79.04463,2024-09-21T01:15:33.000000Z
2024,265.0524768518519,43.1675,-79.04463,2024-09-21T01:15:34.000000Z
2024,265.05248842592596,43.1675,-79.04463,2024-09-21T01:15:35.000000Z
2024,265.05250000000007,43.16749,-79.04463,2024-09-21T01:15:36.000000Z
2024,265.0525115740741,43.16749,-79.04463,2024-09-21T01:15:37.000000Z
2024,265.05252314814817,43.16749,-79.04462,2024-09-21T01:15:38.000000Z
2024,265.0525347222223,43.1675,-79.04462,2024-09-21T01:15:39.000000Z
2024,265.0525462962963,43.1675,-79.04462,2024-09-21T01:15:40.000000Z
2024,265.05255787037044,43.1675,-79.04461,2024-09-21T01:15:41.000000Z
2024,265.06275462962964,43.1677,-79.04455,2024-09-21T01:30:22.000000Z
2024,265.0627662037037,43.16769,-79.04455,2024-09-21T01:30:23.000000Z
2024,265.0627777777778,43.16766,-79.04456,2024-09-21T01:30:24.000000Z
2024,265.06278935185185,43.16765,-79.04456,2024-09-21T01:30:25.000000Z
2024,265.0628009259259,43.16764,-79.04456,2024-09-21T01:30:26.000000Z
2024,265.0628125,43.16763,-79.04456,2024-09-21T01:30:27.000000Z
2024,265.06282407407406,43.16762,-79.04455,2024-09-21T01:30:28.000000Z
2024,265.06283564814817,43.16759,-79.04454,2024-09-21T01:30:29.000000Z
2024,265.0628472222222,43.16758,-79.04454,2024-09-21T01:30:30.000000Z
2024,265.06285879629627,43.16757,-79.04453,2024-09-21T01:30:31.000000Z
2024,265.0628703703704,43.16756,-79.04453,2024-09-21T01:30:32.000000Z
2024,265.0628819444444,43.16754,-79.04451,2024-09-21T01:30:33.000000Z
2024,265.06289351851854,43.16754,-79.04451,2024-09-21T01:30:34.000000Z
2024,265.0629050925926,43.16753,-79.0445,2024-09-21T01:30:35.000000Z
2024,265.0629398148148,43.16752,-79.04449,2024-09-21T01:30:38.000000Z
2024,265.0629513888889,43.16751,-79.04449,2024-09-21T01:30:39.000000Z
2024,265.06296296296296,43.16751,-79.04449,2024-09-21T01:30:40.000000Z
2024,265.06297453703706,43.16751,-79.04449,2024-09-21T01:30:41.000000Z
2024,265.0629861111111,43.16751,-79.04449,2024-09-21T01:30:42.000000Z
2024,265.06299768518517,43.16751,-79.04449,2024-09-21T01:30:43.000000Z
2024,265.07324074074074,43.16753,-79.0446,2024-09-21T01:45:28.000000Z
2024,265.07325231481485,43.16753,-79.0446,2024-09-21T01:45:29.000000Z
2024,265.0732638888889,43.16753,-79.04459,2024-09-21T01:45:30.000000Z
2024,265.07327546296295,43.16752,-79.04459,2024-09-21T01:45:31.000000Z
2024,265.07328703703706,43.16752,-79.04458,2024-09-21T01:45:32.000000Z
2024,265.0732986111111,43.16752,-79.04458,2024-09-21T01:45:33.000000Z
2024,265.0733101851852,43.16752,-79.04458,2024-09-21T01:45:34.000000Z
2024,265.0733217592593,43.16752,-79.04457,2024-09-21T01:45:35.000000Z
2024,265.0733333333334,43.16752,-79.04457,2024-09-21T01:45:36.000000Z
2024,265.07334490740743,43.16752,-79.04457,2024-09-21T01:45:37.000000Z
2024,265.0733564814815,43.16752,-79.04457,2024-09-21T01:45:38.000000Z
2024,265.0733680555556,43.16751,-79.04457,2024-09-21T01:45:39.000000Z
2024,265.07337962962964,43.16752,-79.04457,2024-09-21T01:45:40.000000Z
2024,265.07339120370375,43.16752,-79.04457,2024-09-21T01:45:41.000000Z
2024,265.0734027777778,43.16752,-79.04457,2024-09-21T01:45:42.000000Z
2024,265.07341435185185,43.16752,-79.04457,2024-09-21T01:45:43.000000Z
2024,265.07342592592596,43.16752,-79.04457,2024-09-21T01:45:44.000000Z
2024,265.0734375,43.16752,-79.04457,2024-09-21T01:45:45.000000Z
2024,265.0734490740741,43.16752,-79.04457,2024-09-21T01:45:46.000000Z
2024,265.07346064814817,43.16752,-79.04457,2024-09-21T01:45:47.000000Z
2024,265.08358796296295,43.16747,-79.04457,2024-09-21T02:00:22.000000Z
2024,265.0836111111111,43.16747,-79.04457,2024-09-21T02:00:24.000000Z
2024,265.08362268518516,43.16747,-79.04457,2024-09-21T02:00:25.000000Z
2024,265.0836342592592,43.16747,-79.04457,2024-09-21T02:00:26.000000Z
2024,265.0836458333333,43.16747,-79.04457,2024-09-21T02:00:27.000000Z
2024,265.0836574074074,43.16747,-79.04457,2024-09-21T02:00:28.000000Z
2024,265.0836689814815,43.16747,-79.04458,2024-09-21T02:00:29.000000Z
2024,265.08368055555553,43.16747,-79.04459,2024-09-21T02:00:30.000000Z
2024,265.0836921296296,43.16748,-79.04459,2024-09-21T02:00:31.000000Z
2024,265.0837037037037,43.16748,-79.0446,2024-09-21T02:00:32.000000Z
2024,265.08371527777774,43.16749,-79.0446,2024-09-21T02:00:33.000000Z
2024,265.08372685185185,43.16749,-79.0446,2024-09-21T02:00:34.000000Z
2024,265.0837384259259,43.16749,-79.0446,2024-09-21T02:00:35.000000Z
2024,265.08375,43.1675,-79.0446,2024-09-21T02:00:36.000000Z
2024,265.08376157407406,43.1675,-79.04461,2024-09-21T02:00:37.000000Z
2024,265.0837731481481,43.16751,-79.04461,2024-09-21T02:00:38.000000Z
2024,265.0837847222222,43.16751,-79.04462,2024-09-21T02:00:39.000000Z
2024,265.08379629629627,43.16751,-79.04463,2024-09-21T02:00:40.000000Z
2024,265.0838078703704,43.16752,-79.04463,2024-09-21T02:00:41.000000Z
2024,265.09400462962964,43.16753,-79.0447,2024-09-21T02:15:22.000000Z
2024,265.0940162037037,43.16752,-79.04469,2024-09-21T02:15:23.000000Z
2024,265.0940277777778,43.16751,-79.04467,2024-09-21T02:15:24.000000Z
2024,265.09403935185185,43.16751,-79.04467,2024-09-21T02:15:25.000000Z
2024,265.0940509259259,43.1675,-79.04466,2024-09-21T02:15:26.000000Z
2024,265.0940625,43.1675,-79.04464,2024-09-21T02:15:27.000000Z
2024,265.09407407407406,43.16751,-79.04463,2024-09-21T02:15:28.000000Z
2024,265.09408564814817,43.16751,-79.04463,2024-09-21T02:15:29.000000Z
2024,265.0940972222222,43.16751,-79.04463,2024-09-21T02:15:30.000000Z
2024,265.09410879629627,43.16751,-79.04462,2024-09-21T02:15:31.000000Z
2024,265.0941203703704,43.16751,-79.04462,2024-09-21T02:15:32.000000Z
2024,265.0941319444444,43.16751,-79.04461,2024-09-21T02:15:33.000000Z
2024,265.09414351851854,43.16751,-79.0446,2024-09-21T02:15:34.000000Z
2024,265.0941550925926,43.16751,-79.0446,2024-09-21T02:15:35.000000Z
2024,265.0941666666667,43.16751,-79.0446,2024-09-21T02:15:36.000000Z
2024,265.09417824074075,43.16751,-79.0446,2024-09-21T02:15:37.000000Z
2024,265.0941898148148,43.16751,-79.0446,2024-09-21T02:15:38.000000Z
2024,265.0942013888889,43.16751,-79.04459,2024-09-21T02:15:39.000000Z
2024,265.09421296296296,43.16751,-79.04458,2024-09-21T02:15:40.000000Z
2024,265.10442129629627,43.16747,-79.04447,2024-09-21T02:30:22.000000Z
2024,265.1044328703703,43.16747,-79.04448,2024-09-21T02:30:23.000000Z
2024,265.1044444444444,43.16747,-79.04447,2024-09-21T02:30:24.000000Z
2024,265.1044560185185,43.16747,-79.04447,2024-09-21T02:30:25.000000Z
2024,265.1044675925925,43.16746,-79.04447,2024-09-21T02:30:26.000000Z
2024,265.10447916666664,43.16745,-79.04447,2024-09-21T02:30:27.000000Z
2024,265.1044907407407,43.16744,-79.04446,2024-09-21T02:30:28.000000Z
2024,265.1045023148148,43.16744,-79.04446,2024-09-21T02:30:29.000000Z
2024,265.10451388888885,43.16743,-79.04445,2024-09-21T02:30:30.000000Z
2024,265.1045254629629,43.16742,-79.04445,2024-09-21T02:30:31.000000Z
2024,265.104537037037,43.16742,-79.04445,2024-09-21T02:30:32.000000Z
2024,265.10454861111106,43.16742,-79.04445,2024-09-21T02:30:33.000000Z
2024,265.10456018518516,43.16742,-79.04446,2024-09-21T02:30:34.000000Z
2024,265.1045833333333,43.16743,-79.04447,2024-09-21T02:30:36.000000Z
2024,265.1045949074074,43.16744,-79.04448,2024-09-21T02:30:37.000000Z
2024,265.1046064814814,43.16744,-79.04449,2024-09-21T02:30:38.000000Z
2024,265.10461805555553,43.16744,-79.0445,2024-09-21T02:30:39.000000Z
2024,265.1046296296296,43.16745,-79.0445,2024-09-21T02:30:40.000000Z
2024,265.1046412037037,43.16745,-79.04451,2024-09-21T02:30:41.000000Z
2024,265.11483796296295,43.16744,-79.04451,2024-09-21T02:45:22.000000Z
2024,265.114849537037,43.16743,-79.04451,2024-09-21T02:45:23.000000Z
2024,265.1148611111111,43.16743,-79.0445,2024-09-21T02:45:24.000000Z
2024,265.11487268518516,43.16742,-79.0445,2024-09-21T02:45:25.000000Z
2024,265.1148842592592,43.16742,-79.0445,2024-09-21T02:45:26.000000Z
2024,265.1148958333333,43.16741,-79.04451,2024-09-21T02:45:27.000000Z
2024,265.1149074074074,43.16741,-79.0445,2024-09-21T02:45:28.000000Z
2024,265.1149189814815,43.1674,-79.0445,2024-09-21T02:45:29.000000Z
2024,265.11493055555553,43.1674,-79.0445,2024-09-21T02:45:30.000000Z
2024,265.1149421296296,43.16739,-79.0445,2024-09-21T02:45:31.000000Z
2024,265.1149537037037,43.16738,-79.04449,2024-09-21T02:45:32.000000Z
2024,265.11496527777774,43.16738,-79.04449,2024-09-21T02:45:33.000000Z
2024,265.11497685185185,43.16738,-79.04449,2024-09-21T02:45:34.000000Z
2024,265.1149884259259,43.16738,-79.04449,2024-09-21T02:45:35.000000Z
2024,265.115,43.16739,-79.0445,2024-09-21T02:45:36.000000Z
2024,265.11501157407406,43.16739,-79.0445,2024-09-21T02:45:37.000000Z
2024,265.1150231481481,43.16739,-79.0445,2024-09-21T02:45:38.000000Z
2024,265.1150347222222,43.16739,-79.0445,2024-09-21T02:45:39.000000Z
2024,265.11504629629627,43.16739,-79.0445,2024-09-21T02:45:40.000000Z
2024,265.1150578703704,43.16739,-79.0445,2024-09-21T02:45:41.000000Z
2024,265.12525462962964,43.16744,-79.04454,2024-09-21T03:00:22.000000Z
2024,265.1252662037037,43.16744,-79.04455,2024-09-21T03:00:23.000000Z
2024,265.1252777777778,43.16743,-79.04456,2024-09-21T03:00:24.000000Z
2024,265.12528935185185,43.16742,-79.04457,2024-09-21T03:00:25.000000Z
2024,265.1253009259259,43.16741,-79.04457,2024-09-21T03:00:26.000000Z
2024,265.1253125,43.16741,-79.04457,2024-09-21T03:00:27.000000Z
2024,265.12532407407406,43.1674,-79.04457,2024-09-21T03:00:28.000000Z
2024,265.12533564814817,43.1674,-79.04457,2024-09-21T03:00:29.000000Z
2024,265.1253472222222,43.1674,-79.04457,2024-09-21T03:00:30.000000Z
2024,265.12535879629627,43.1674,-79.04456,2024-09-21T03:00:31.000000Z
2024,265.1253703703704,43.1674,-79.04456,2024-09-21T03:00:32.000000Z
2024,265.1253819444444,43.1674,-79.04455,2024-09-21T03:00:33.000000Z
2024,265.12539351851854,43.1674,-79.04455,2024-09-21T03:00:34.000000Z
2024,265.1254050925926,43.1674,-79.04454,2024-09-21T03:00:35.000000Z
2024,265.1254166666667,43.1674,-79.04454,2024-09-21T03:00:36.000000Z
2024,265.12542824074075,43.1674,-79.04454,2024-09-21T03:00:37.000000Z
2024,265.1254398148148,43.1674,-79.04454,2024-09-21T03:00:38.000000Z
2024,265.1254513888889,43.16739,-79.04454,2024-09-21T03:00:39.000000Z
2024,265.12546296296296,43.16739,-79.04453,2024-09-21T03:00:40.000000Z
2024,265.1356712962963,43.16745,-79.04447,2024-09-21T03:15:22.000000Z
2024,265.1356828703704,43.16745,-79.04447,2024-09-21T03:15:23.000000Z
2024,265.1356944444445,43.16744,-79.04447,2024-09-21T03:15:24.000000Z
2024,265.13570601851853,43.16744,-79.04447,2024-09-21T03:15:25.000000Z
2024,265.1357175925926,43.16744,-79.04447,2024-09-21T03:15:26.000000Z
2024,265.1357291666667,43.16744,-79.04447,2024-09-21T03:15:27.000000Z
2024,265.13574074074074,43.16744,-79.04447,2024-09-21T03:15:28.000000Z
2024,265.13575231481485,43.16743,-79.04447,2024-09-21T03:15:29.000000Z
2024,265.1357638888889,43.16742,-79.04447,2024-09-21T03:15:30.000000Z
2024,265.13577546296295,43.16741,-79.0445,2024-09-21T03:15:31.000000Z
2024,265.13578703703706,43.16741,-79.04451,2024-09-21T03:15:32.000000Z
2024,265.1357986111111,43.1674,-79.04452,2024-09-21T03:15:33.000000Z
2024,265.1358101851852,43.1674,-79.04453,2024-09-21T03:15:34.000000Z
2024,265.1358217592593,43.1674,-79.04453,2024-09-21T03:15:35.000000Z
2024,265.1358333333334,43.16739,-79.04453,2024-09-21T03:15:36.000000Z
2024,265.13584490740743,43.16739,-79.04453,2024-09-21T03:15:37.000000Z
2024,265.1358564814815,43.16738,-79.04453,2024-09-21T03:15:38.000000Z
2024,265.1358680555556,43.16737,-79.04453,2024-09-21T03:15:39.000000Z
2024,265.13587962962964,43.16737,-79.04453,2024-09-21T03:15:40.000000Z
2024,265.13589120370375,43.16737,-79.04453,2024-09-21T03:15:41.000000Z
2024,265.14608796296295,43.16744,-79.04458,2024-09-21T03:30:22.000000Z
2024,265.146099537037,43.16744,-79.04458,2024-09-21T03:30:23.000000Z
2024,265.1461111111111,43.16743,-79.04458,2024-09-21T03:30:24.000000Z
2024,265.14612268518516,43.16743,-79.04457,2024-09-21T03:30:25.000000Z
2024,265.1461342592592,43.16744,-79.04457,2024-09-21T03:30:26.000000Z
2024,265.1461458333333,43.16743,-79.04457,2024-09-21T03:30:27.000000Z
2024,265.1461574074074,43.16743,-79.04456,2024-09-21T03:30:28.000000Z
2024,265.1461689814815,43.16744,-79.04456,2024-09-21T03:30:29.000000Z
2024,265.14618055555553,43.16744,-79.04455,2024-09-21T03:30:30.000000Z
2024,265.1461921296296,43.16744,-79.04455,2024-09-21T03:30:31.000000Z
2024,265.1462037037037,43.16744,-79.04455,2024-09-21T03:30:32.000000Z
2024,265.14621527777774,43.16743,-79.04455,2024-09-21T03:30:33.000000Z
2024,265.14622685185185,43.16743,-79.04455,2024-09-21T03:30:34.000000Z
2024,265.1462384259259,43.16743,-79.04456,2024-09-21T03:30:35.000000Z
2024,265.14625,43.16743,-79.04456,2024-09-21T03:30:36.000000Z
2024,265.14626157407406,43.16742,-79.04456,2024-09-21T03:30:37.000000Z
2024,265.1462731481481,43.16742,-79.04456,2024-09-21T03:30:38.000000Z
2024,265.1462847222222,43.16742,-79.04456,2024-09-21T03:30:39.000000Z
2024,265.14629629629627,43.16741,-79.04456,2024-09-21T03:30:40.000000Z
2024,265.1463078703704,43.16741,-79.04457,2024-09-21T03:30:41.000000Z
2024,265.15650462962964,43.16749,-79.04449,2024-09-21T03:45:22.000000Z
2024,265.1565162037037,43.16749,-79.0445,2024-09-21T03:45:23.000000Z
2024,265.1565277777778,43.16749,-79.0445,2024-09-21T03:45:24.000000Z
2024,265.15653935185185,43.16749,-79.04449,2024-09-21T03:45:25.000000Z
2024,265.1565509259259,43.16749,-79.04449,2024-09-21T03:45:26.000000Z
2024,265.1565625,43.16748,-79.04449,2024-09-21T03:45:27.000000Z
2024,265.15657407407406,43.16748,-79.04449,2024-09-21T03:45:28.000000Z
2024,265.15658564814817,43.16748,-79.04449,2024-09-21T03:45:29.000000Z
2024,265.1565972222222,43.16748,-79.04449,2024-09-21T03:45:30.000000Z
2024,265.15660879629627,43.16747,-79.04449,2024-09-21T03:45:31.000000Z
2024,265.1566203703704,43.16747,-79.04449,2024-09-21T03:45:32.000000Z
2024,265.1566319444444,43.16747,-79.04449,2024-09-21T03:45:33.000000Z
2024,265.15664351851854,43.16746,-79.04449,2024-09-21T03:45:34.000000Z
2024,265.1566550925926,43.16746,-79.04449,2024-09-21T03:45:35.000000Z
2024,265.1566666666667,43.16746,-79.0445,2024-09-21T03:45:36.000000Z
2024,265.15667824074075,43.16746,-79.0445,2024-09-21T03:45:37.000000Z
2024,265.1566898148148,43.16745,-79.0445,2024-09-21T03:45:38.000000Z
2024,265.1567013888889,43.16745,-79.0445,2024-09-21T03:45:39.000000Z
2024,265.15671296296296,43.16745,-79.0445,2024-09-21T03:45:40.000000Z
2024,265.15672453703706,43.16745,-79.0445,2024-09-21T03:45:41.000000Z
2024,265.1669212962963,43.16725,-79.04452,2024-09-21T04:00:22.000000Z
2024,265.1669328703704,43.16726,-79.04452,2024-09-21T04:00:23.000000Z
2024,265.1669444444445,43.16727,-79.04451,2024-09-21T04:00:24.000000Z
2024,265.16695601851853,43.16727,-79.0445,2024-09-21T04:00:25.000000Z
2024,265.1669675925926,43.16727,-79.0445,2024-09-21T04:00:26.000000Z
2024,265.1669791666667,43.16728,-79.0445,2024-09-21T04:00:27.000000Z
2024,265.16699074074074,43.16728,-79.04449,2024-09-21T04:00:28.000000Z
2024,265.16700231481485,43.1673,-79.04449,2024-09-21T04:00:29.000000Z
2024,265.1670138888889,43.16732,-79.04449,2024-09-21T04:00:30.000000Z
2024,265.16702546296295,43.16733,-79.04448,2024-09-21T04:00:31.000000Z
2024,265.16703703703706,43.16734,-79.04448,2024-09-21T04:00:32.000000Z
2024,265.1670486111111,43.16735,-79.04448,2024-09-21T04:00:33.000000Z
2024,265.1670601851852,43.16737,-79.04448,2024-09-21T04:00:34.000000Z
2024,265.1670717592593,43.16738,-79.04447,2024-09-21T04:00:35.000000Z
2024,265.1670833333334,43.16739,-79.04448,2024-09-21T04:00:36.000000Z
2024,265.16709490740743,43.1674,-79.04448,2024-09-21T04:00:37.000000Z
2024,265.1671064814815,43.16741,-79.04448,2024-09-21T04:00:38.000000Z
2024,265.1671180555556,43.16742,-79.04448,2024-09-21T04:00:39.000000Z
2024,265.16712962962964,43.16743,-79.04448,2024-09-21T04:00:40.000000Z
2024,265.177337962963,43.16748,-79.04449,2024-09-21T04:15:22.000000Z
2024,265.17734953703706,43.16748,-79.04449,2024-09-21T04:15:23.000000Z
2024,265.17736111111117,43.16748,-79.04449,2024-09-21T04:15:24.000000Z
2024,265.1773726851852,43.16747,-79.04448,2024-09-21T04:15:25.000000Z
2024,265.17738425925927,43.16748,-79.04448,2024-09-21T04:15:26.000000Z
2024,265.1773958333334,43.16747,-79.04449,2024-09-21T04:15:27.000000Z
2024,265.17740740740743,43.16747,-79.04449,2024-09-21T04:15:28.000000Z
2024,265.17741898148154,43.16746,-79.04449,2024-09-21T04:15:29.000000Z
2024,265.1774305555556,43.16746,-79.0445,2024-09-21T04:15:30.000000Z
2024,265.17744212962964,43.16746,-79.0445,2024-09-21T04:15:31.000000Z
2024,265.17745370370375,43.16746,-79.04451,2024-09-21T04:15:32.000000Z
2024,265.1774652777778,43.16746,-79.04452,2024-09-21T04:15:33.000000Z
2024,265.1774768518519,43.16746,-79.04452,2024-09-21T04:15:34.000000Z
2024,265.17748842592596,43.16745,-79.04452,2024-09-21T04:15:35.000000Z
2024,265.17750000000007,43.16745,-79.04453,2024-09-21T04:15:36.000000Z
2024,265.1775115740741,43.16745,-79.04453,2024-09-21T04:15:37.000000Z
2024,265.17752314814817,43.16745,-79.04453,2024-09-21T04:15:38.000000Z
2024,265.1775347222223,43.16745,-79.04453,2024-09-21T04:15:39.000000Z
2024,265.1775462962963,43.16744,-79.04454,2024-09-21T04:15:40.000000Z
2024,265.17755787037044,43.16744,-79.04454,2024-09-21T04:15:41.000000Z
2024,265.18775462962964,43.16743,-79.04455,2024-09-21T04:30:22.000000Z
2024,265.1877662037037,43.16743,-79.04455,2024-09-21T04:30:23.000000Z
2024,265.1877777777778,43.16743,-79.04455,2024-09-21T04:30:24.000000Z
2024,265.18778935185185,43.16743,-79.04454,2024-09-21T04:30:25.000000Z
2024,265.1878009259259,43.16743,-79.04454,2024-09-21T04:30:26.000000Z
2024,265.1878125,43.16743,-79.04453,2024-09-21T04:30:27.000000Z
2024,265.18782407407406,43.16743,-79.04452,2024-09-21T04:30:28.000000Z
2024,265.18783564814817,43.16743,-79.0445,2024-09-21T04:30:29.000000Z
2024,265.1878472222222,43.16743,-79.0445,2024-09-21T04:30:30.000000Z
2024,265.18785879629627,43.16744,-79.04449,2024-09-21T04:30:31.000000Z
2024,265.1878703703704,43.16744,-79.04449,2024-09-21T04:30:32.000000Z
2024,265.1878819444444,43.16744,-79.04449,2024-09-21T04:30:33.000000Z
2024,265.18789351851854,43.16744,-79.04449,2024-09-21T04:30:34.000000Z
2024,265.1879050925926,43.16744,-79.04449,2024-09-21T04:30:35.000000Z
2024,265.1879166666667,43.16745,-79.04448,2024-09-21T04:30:36.000000Z
2024,265.18792824074075,43.16745,-79.04448,2024-09-21T04:30:37.000000Z
2024,265.1879398148148,43.16745,-79.04447,2024-09-21T04:30:38.000000Z
2024,265.1879513888889,43.16745,-79.04447,2024-09-21T04:30:39.000000Z
2024,265.18796296296296,43.16745,-79.04447,2024-09-21T04:30:40.000000Z
2024,265.18797453703706,43.16745,-79.04447,2024-09-21T04:30:41.000000Z
2024,265.1981712962963,43.1675,-79.04459,2024-09-21T04:45:22.000000Z
2024,265.1981828703704,43.16751,-79.04459,2024-09-21T04:45:23.000000Z
2024,265.1981944444445,43.16751,-79.04459,2024-09-21T04:45:24.000000Z
2024,265.19820601851853,43.16751,-79.0446,2024-09-21T04:45:25.000000Z
2024,265.1982175925926,43.16752,-79.0446,2024-09-21T04:45:26.000000Z
2024,265.1982291666667,43.16753,-79.0446,2024-09-21T04:45:27.000000Z
2024,265.19824074074074,43.16753,-79.04461,2024-09-21T04:45:28.000000Z
2024,265.19825231481485,43.16754,-79.04461,2024-09-21T04:45:29.000000Z
2024,265.1982638888889,43.16754,-79.04461,2024-09-21T04:45:30.000000Z
2024,265.19827546296295,43.16754,-79.04462,2024-09-21T04:45:31.000000Z
2024,265.19828703703706,43.16754,-79.04462,2024-09-21T04:45:32.000000Z
2024,265.1982986111111,43.16754,-79.04462,2024-09-21T04:45:33.000000Z
2024,265.1983101851852,43.16754,-79.04462,2024-09-21T04:45:34.000000Z
2024,265.1983217592593,43.16755,-79.04462,2024-09-21T04:45:35.000000Z
2024,265.1983333333334,43.16755,-79.04462,2024-09-21T04:45:36.000000Z
2024,265.19834490740743,43.16755,-79.04462,2024-09-21T04:45:37.000000Z
2024,265.1983564814815,43.16756,-79.04462,2024-09-21T04:45:38.000000Z
2024,265.1983680555556,43.16756,-79.04462,2024-09-21T04:45:39.000000Z
2024,265.19837962962964,43.16756,-79.04462,2024-09-21T04:45:40.000000Z
2024,265.19839120370375,43.16756,-79.04462,2024-09-21T04:45:41.000000Z
2024,265.20858796296295,43.16747,-79.04456,2024-09-21T05:00:22.000000Z
2024,265.208599537037,43.16748,-79.04457,2024-09-21T05:00:23.000000Z
2024,265.2086111111111,43.16748,-79.04457,2024-09-21T05:00:24.000000Z
2024,265.20862268518516,43.16748,-79.04457,2024-09-21T05:00:25.000000Z
2024,265.2086342592592,43.16749,-79.04457,2024-09-21T05:00:26.000000Z
2024,265.2086458333333,43.16749,-79.04458,2024-09-21T05:00:27.000000Z
2024,265.2086574074074,43.16749,-79.04458,2024-09-21T05:00:28.000000Z
2024,265.2086689814815,43.16749,-79.04458,2024-09-21T05:00:29.000000Z
2024,265.20868055555553,43.16749,-79.04458,2024-09-21T05:00:30.000000Z
2024,265.2086921296296,43.16749,-79.04458,2024-09-21T05:00:31.000000Z
2024,265.2087037037037,43.16749,-79.04458,2024-09-21T05:00:32.000000Z
2024,265.20871527777774,43.1675,-79.04458,2024-09-21T05:00:33.000000Z
2024,265.20872685185185,43.1675,-79.04457,2024-09-21T05:00:34.000000Z
2024,265.2087384259259,43.1675,-79.04457,2024-09-21T05:00:35.000000Z
2024,265.20875,43.16751,-79.04457,2024-09-21T05:00:36.000000Z
2024,265.20876157407406,43.16751,-79.04457,2024-09-21T05:00:37.000000Z
2024,265.2087731481481,43.16752,-79.04456,2024-09-21T05:00:38.000000Z
2024,265.2087847222222,43.16753,-79.04456,2024-09-21T05:00:39.000000Z
2024,265.20879629629627,43.16753,-79.04455,2024-09-21T05:00:40.000000Z
2024,265.2088078703704,43.16753,-79.04455,2024-09-21T05:00:41.000000Z
2024,265.21900462962964,43.16728,-79.04438,2024-09-21T05:15:22.000000Z
2024,265.2190162037037,43.1672,-79.04433,2024-09-21T05:15:23.000000Z
2024,265.2190277777778,43.16713,-79.04428,2024-09-21T05:15:24.000000Z
2024,265.21903935185185,43.16706,-79.04423,2024-09-21T05:15:25.000000Z
2024,265.2190509259259,43.167,-79.0442,2024-09-21T05:15:26.000000Z
2024,265.2190625,43.16696,-79.04418,2024-09-21T05:15:27.000000Z
2024,265.21907407407406,43.1669,-79.04415,2024-09-21T05:15:28.000000Z
2024,265.21908564814817,43.16688,-79.04415,2024-09-21T05:15:29.000000Z
2024,265.2190972222222,43.16687,-79.04415,2024-09-21T05:15:30.000000Z
2024,265.21910879629627,43.16687,-79.04415,2024-09-21T05:15:31.000000Z
2024,265.2191203703704,43.16688,-79.04416,2024-09-21T05:15:32.000000Z
2024,265.2191319444444,43.1669,-79.04417,2024-09-21T05:15:33.000000Z
2024,265.21914351851854,43.16692,-79.04418,2024-09-21T05:15:34.000000Z
2024,265.2191550925926,43.16692,-79.04418,2024-09-21T05:15:35.000000Z
2024,265.2191666666667,43.16693,-79.04418,2024-09-21T05:15:36.000000Z
2024,265.21917824074075,43.16694,-79.04418,2024-09-21T05:15:37.000000Z
2024,265.2191898148148,43.16693,-79.04417,2024-09-21T05:15:38.000000Z
2024,265.2192013888889,43.16694,-79.04417,2024-09-21T05:15:39.000000Z
2024,265.21921296296296,43.16693,-79.04416,2024-09-21T05:15:40.000000Z
2024,265.21922453703706,43.16692,-79.04415,2024-09-21T05:15:41.000000Z
2024,265.22940972222216,43.16762,-79.04443,2024-09-21T05:30:21.000000Z
2024,265.22942129629627,43.16761,-79.04444,2024-09-21T05:30:22.000000Z
2024,265.2294328703703,43.16761,-79.04444,2024-09-21T05:30:23.000000Z
2024,265.2294444444444,43.16761,-79.04454,2024-09-21T05:30:24.000000Z
2024,265.2294675925925,43.16764,-79.04453,2024-09-21T05:30:26.000000Z
2024,265.22947916666664,43.16762,-79.04453,2024-09-21T05:30:27.000000Z
2024,265.2294907407407,43.16762,-79.04453,2024-09-21T05:30:28.000000Z
2024,265.2295023148148,43.16762,-79.04453,2024-09-21T05:30:29.000000Z
2024,265.22951388888885,43.16761,-79.04453,2024-09-21T05:30:30.000000Z
2024,265.2295254629629,43.1676,-79.04452,2024-09-21T05:30:31.000000Z
2024,265.22956018518516,43.16758,-79.0445,2024-09-21T05:30:34.000000Z
2024,265.2295949074074,43.16756,-79.0445,2024-09-21T05:30:37.000000Z
2024,265.2296064814814,43.16755,-79.04449,2024-09-21T05:30:38.000000Z
2024,265.22961805555553,43.16754,-79.04449,2024-09-21T05:30:39.000000Z
2024,265.2296296296296,43.16754,-79.04449,2024-09-21T05:30:40.000000Z
2024,265.2296412037037,43.16754,-79.0445,2024-09-21T05:30:41.000000Z
2024,265.22965277777774,43.16754,-79.0445,2024-09-21T05:30:42.000000Z
2024,265.2296643518518,43.16754,-79.0445,2024-09-21T05:30:43.000000Z
2024,265.2296759259259,43.16754,-79.04451,2024-09-21T05:30:44.000000Z
2024,265.22968749999995,43.16754,-79.04451,2024-09-21T05:30:45.000000Z
2024,265.2398611111111,43.16757,-79.04443,2024-09-21T05:45:24.000000Z
2024,265.23987268518516,43.16757,-79.04444,2024-09-21T05:45:25.000000Z
2024,265.2398842592592,43.16756,-79.04444,2024-09-21T05:45:26.000000Z
2024,265.2398958333333,43.16756,-79.04444,2024-09-21T05:45:27.000000Z
2024,265.2399074074074,43.16756,-79.04445,2024-09-21T05:45:28.000000Z
2024,265.2399189814815,43.16756,-79.04446,2024-09-21T05:45:29.000000Z
2024,265.23993055555553,43.16756,-79.04446,2024-09-21T05:45:30.000000Z
2024,265.2399421296296,43.16756,-79.04447,2024-09-21T05:45:31.000000Z
2024,265.2399537037037,43.16755,-79.04447,2024-09-21T05:45:32.000000Z
2024,265.23996527777774,43.16755,-79.04447,2024-09-21T05:45:33.000000Z
2024,265.23997685185185,43.16755,-79.04448,2024-09-21T05:45:34.000000Z
2024,265.2399884259259,43.16755,-79.04448,2024-09-21T05:45:35.000000Z
2024,265.24,43.16755,-79.04449,2024-09-21T05:45:36.000000Z
2024,265.24001157407406,43.16754,-79.04449,2024-09-21T05:45:37.000000Z
2024,265.2400231481481,43.16754,-79.04449,2024-09-21T05:45:38.000000Z
2024,265.2400347222222,43.16754,-79.0445,2024-09-21T05:45:39.000000Z
2024,265.24004629629627,43.16754,-79.0445,2024-09-21T05:45:40.000000Z
2024,265.2400578703704,43.16755,-79.0445,2024-09-21T05:45:41.000000Z
2024,265.24006944444443,43.16755,-79.0445,2024-09-21T05:45:42.000000Z
2024,265.2400810185185,43.16756,-79.0445,2024-09-21T05:45:43.000000Z
2024,265.25024305555553,43.16753,-79.04464,2024-09-21T06:00:21.000000Z
2024,265.25025462962964,43.16754,-79.04463,2024-09-21T06:00:22.000000Z
2024,265.2502662037037,43.16753,-79.04462,2024-09-21T06:00:23.000000Z
2024,265.2502777777778,43.16753,-79.0446,2024-09-21T06:00:24.000000Z
2024,265.25028935185185,43.16752,-79.0446,2024-09-21T06:00:25.000000Z
2024,265.2503009259259,43.16753,-79.0446,2024-09-21T06:00:26.000000Z
2024,265.2503125,43.16753,-79.04459,2024-09-21T06:00:27.000000Z
2024,265.25032407407406,43.16753,-79.04459,2024-09-21T06:00:28.000000Z
2024,265.25033564814817,43.16754,-79.04459,2024-09-21T06:00:29.000000Z
2024,265.2503703703704,43.16754,-79.04457,2024-09-21T06:00:32.000000Z
2024,265.2503819444444,43.16754,-79.04457,2024-09-21T06:00:33.000000Z
2024,265.25039351851854,43.16754,-79.04457,2024-09-21T06:00:34.000000Z
2024,265.2504050925926,43.16754,-79.04456,2024-09-21T06:00:35.000000Z
2024,265.2504166666667,43.16754,-79.04456,2024-09-21T06:00:36.000000Z
2024,265.25042824074075,43.16754,-79.04455,2024-09-21T06:00:37.000000Z
2024,265.2504398148148,43.16755,-79.04455,2024-09-21T06:00:38.000000Z
2024,265.2504513888889,43.16755,-79.04455,2024-09-21T06:00:39.000000Z
2024,265.25046296296296,43.16755,-79.04454,2024-09-21T06:00:40.000000Z
2024,265.25047453703706,43.16755,-79.04454,2024-09-21T06:00:41.000000Z
2024,265.2504861111111,43.16754,-79.04454,2024-09-21T06:00:42.000000Z
2024,265.2606712962963,43.16758,-79.04457,2024-09-21T06:15:22.000000Z
2024,265.2606828703704,43.16758,-79.04458,2024-09-21T06:15:23.000000Z
2024,265.26070601851853,43.16758,-79.04457,2024-09-21T06:15:25.000000Z
2024,265.2607175925926,43.16757,-79.04457,2024-09-21T06:15:26.000000Z
2024,265.2607291666667,43.16757,-79.04457,2024-09-21T06:15:27.000000Z
2024,265.26074074074074,43.16757,-79.04456,2024-09-21T06:15:28.000000Z
2024,265.26075231481485,43.16757,-79.04456,2024-09-21T06:15:29.000000Z
2024,265.2607638888889,43.16757,-79.04457,2024-09-21T06:15:30.000000Z
2024,265.26077546296295,43.16757,-79.04457,2024-09-21T06:15:31.000000Z
2024,265.26078703703706,43.16757,-79.04457,2024-09-21T06:15:32.000000Z
2024,265.2607986111111,43.16756,-79.04457,2024-09-21T06:15:33.000000Z
2024,265.2608101851852,43.16756,-79.04457,2024-09-21T06:15:34.000000Z
2024,265.2608217592593,43.16756,-79.04457,2024-09-21T06:15:35.000000Z
2024,265.2608333333334,43.16756,-79.04457,2024-09-21T06:15:36.000000Z
2024,265.26084490740743,43.16756,-79.04457,2024-09-21T06:15:37.000000Z
2024,265.2608564814815,43.16755,-79.04457,2024-09-21T06:15:38.000000Z
2024,265.2608680555556,43.16754,-79.04457,2024-09-21T06:15:39.000000Z
2024,265.26087962962964,43.16754,-79.04457,2024-09-21T06:15:40.000000Z
2024,265.26089120370375,43.16754,-79.04457,2024-09-21T06:15:41.000000Z
2024,265.27108796296295,43.16754,-79.0446,2024-09-21T06:30:22.000000Z
2024,265.271099537037,43.16753,-79.0446,2024-09-21T06:30:23.000000Z
2024,265.2711111111111,43.16753,-79.04459,2024-09-21T06:30:24.000000Z
2024,265.27112268518516,43.16753,-79.04458,2024-09-21T06:30:25.000000Z
2024,265.2711342592592,43.16752,-79.04457,2024-09-21T06:30:26.000000Z
2024,265.2711458333333,43.16751,-79.04457,2024-09-21T06:30:27.000000Z
2024,265.2711574074074,43.1675,-79.04457,2024-09-21T06:30:28.000000Z
2024,265.2711689814815,43.1675,-79.04457,2024-09-21T06:30:29.000000Z
2024,265.27118055555553,43.16749,-79.04456,2024-09-21T06:30:30.000000Z
2024,265.2711921296296,43.16754,-79.04456,2024-09-21T06:30:31.000000Z
2024,265.2712037037037,43.16755,-79.04456,2024-09-21T06:30:32.000000Z
2024,265.27121527777774,43.16756,-79.04455,2024-09-21T06:30:33.000000Z
2024,265.27122685185185,43.16756,-79.04455,2024-09-21T06:30:34.000000Z
2024,265.2712384259259,43.16756,-79.04456,2024-09-21T06:30:35.000000Z
2024,265.27125,43.16756,-79.04455,2024-09-21T06:30:36.000000Z
2024,265.27126157407406,43.16756,-79.04455,2024-09-21T06:30:37.000000Z
2024,265.2712731481481,43.16756,-79.04455,2024-09-21T06:30:38.000000Z
2024,265.2712847222222,43.16756,-79.04455,2024-09-21T06:30:39.000000Z
2024,265.27129629629627,43.16756,-79.04455,2024-09-21T06:30:40.000000Z
2024,265.2713078703704,43.16756,-79.04455,2024-09-21T06:30:41.000000Z
2024,265.28150462962964,43.16751,-79.04444,2024-09-21T06:45:22.000000Z
2024,265.2815162037037,43.16751,-79.04445,2024-09-21T06:45:23.000000Z
2024,265.2815277777778,43.16751,-79.04446,2024-09-21T06:45:24.000000Z
2024,265.28153935185185,43.16752,-79.04446,2024-09-21T06:45:25.000000Z
2024,265.2815509259259,43.16752,-79.04446,2024-09-21T06:45:26.000000Z
2024,265.2815625,43.16753,-79.04446,2024-09-21T06:45:27.000000Z
2024,265.28157407407406,43.16753,-79.04447,2024-09-21T06:45:28.000000Z
2024,265.28158564814817,43.16753,-79.04447,2024-09-21T06:45:29.000000Z
2024,265.2815972222222,43.16754,-79.04447,2024-09-21T06:45:30.000000Z
2024,265.28160879629627,43.16755,-79.04448,2024-09-21T06:45:31.000000Z
2024,265.2816203703704,43.16756,-79.04449,2024-09-21T06:45:32.000000Z
2024,265.2816319444444,43.16756,-79.0445,2024-09-21T06:45:33.000000Z
2024,265.28164351851854,43.16757,-79.0445,2024-09-21T06:45:34.000000Z
2024,265.2816550925926,43.16757,-79.04451,2024-09-21T06:45:35.000000Z
2024,265.2816666666667,43.16757,-79.04452,2024-09-21T06:45:36.000000Z
2024,265.28167824074075,43.16758,-79.04452,2024-09-21T06:45:37.000000Z
2024,265.2816898148148,43.16758,-79.04453,2024-09-21T06:45:38.000000Z
2024,265.2817013888889,43.16758,-79.04453,2024-09-21T06:45:39.000000Z
2024,265.28171296296296,43.16759,-79.04453,2024-09-21T06:45:40.000000Z
2024,265.2919212962963,43.1674,-79.0445,2024-09-21T07:00:22.000000Z
2024,265.2919328703704,43.1674,-79.0445,2024-09-21T07:00:23.000000Z
2024,265.2919444444445,43.16741,-79.04449,2024-09-21T07:00:24.000000Z
2024,265.29195601851853,43.16741,-79.04448,2024-09-21T07:00:25.000000Z
2024,265.2919675925926,43.1674,-79.04448,2024-09-21T07:00:26.000000Z
2024,265.2919791666667,43.1674,-79.04448,2024-09-21T07:00:27.000000Z
2024,265.29199074074074,43.1674,-79.04448,2024-09-21T07:00:28.000000Z
2024,265.29200231481485,43.1674,-79.04448,2024-09-21T07:00:29.000000Z
2024,265.2920138888889,43.1674,-79.04447,2024-09-21T07:00:30.000000Z
2024,265.29202546296295,43.1674,-79.04447,2024-09-21T07:00:31.000000Z
2024,265.29203703703706,43.16741,-79.04447,2024-09-21T07:00:32.000000Z
2024,265.2920486111111,43.16741,-79.04447,2024-09-21T07:00:33.000000Z
2024,265.2920601851852,43.16741,-79.04447,2024-09-21T07:00:34.000000Z
2024,265.2920717592593,43.16741,-79.04447,2024-09-21T07:00:35.000000Z
2024,265.2920833333334,43.16742,-79.04447,2024-09-21T07:00:36.000000Z
2024,265.29209490740743,43.16742,-79.04447,2024-09-21T07:00:37.000000Z
2024,265.2921064814815,43.16743,-79.04447,2024-09-21T07:00:38.000000Z
2024,265.2921180555556,43.16743,-79.04447,2024-09-21T07:00:39.000000Z
2024,265.29212962962964,43.16744,-79.04447,2024-09-21T07:00:40.000000Z
2024,265.29214120370375,43.16744,-79.04448,2024-09-21T07:00:41.000000Z
2024,265.302337962963,43.16751,-79.04454,2024-09-21T07:15:22.000000Z
2024,265.30234953703706,43.16752,-79.04454,2024-09-21T07:15:23.000000Z
2024,265.30236111111117,43.16752,-79.04454,2024-09-21T07:15:24.000000Z
2024,265.3023726851852,43.16753,-79.04453,2024-09-21T07:15:25.000000Z
2024,265.30238425925927,43.16753,-79.04454,2024-09-21T07:15:26.000000Z
2024,265.3023958333334,43.16753,-79.04454,2024-09-21T07:15:27.000000Z
2024,265.30240740740743,43.16753,-79.04455,2024-09-21T07:15:28.000000Z
2024,265.30241898148154,43.16753,-79.04455,2024-09-21T07:15:29.000000Z
2024,265.3024305555556,43.16754,-79.04455,2024-09-21T07:15:30.000000Z
2024,265.30244212962964,43.16754,-79.04456,2024-09-21T07:15:31.000000Z
2024,265.30245370370375,43.16754,-79.04456,2024-09-21T07:15:32.000000Z
2024,265.3024652777778,43.16754,-79.04457,2024-09-21T07:15:33.000000Z
2024,265.3024768518519,43.16754,-79.04456,2024-09-21T07:15:34.000000Z
2024,265.30248842592596,43.16754,-79.04457,2024-09-21T07:15:35.000000Z
2024,265.30250000000007,43.16754,-79.04457,2024-09-21T07:15:36.000000Z
2024,265.3025115740741,43.16754,-79.04457,2024-09-21T07:15:37.000000Z
2024,265.30252314814817,43.16753,-79.04457,2024-09-21T07:15:38.000000Z
2024,265.3025347222223,43.16753,-79.04457,2024-09-21T07:15:39.000000Z
2024,265.3025462962963,43.16753,-79.04458,2024-09-21T07:15:40.000000Z
2024,265.30255787037044,43.16753,-79.04459,2024-09-21T07:15:41.000000Z
2024,265.31274305555553,43.16752,-79.04455,2024-09-21T07:30:21.000000Z
2024,265.31275462962964,43.16753,-79.04455,2024-09-21T07:30:22.000000Z
2024,265.3127662037037,43.16751,-79.0445,2024-09-21T07:30:23.000000Z
2024,265.3127777777778,43.16751,-79.04449,2024-09-21T07:30:24.000000Z
2024,265.31278935185185,43.16752,-79.0445,2024-09-21T07:30:25.000000Z
2024,265.3128009259259,43.16753,-79.04451,2024-09-21T07:30:26.000000Z
2024,265.3128125,43.16753,-79.04452,2024-09-21T07:30:27.000000Z
2024,265.31282407407406,43.16753,-79.04453,2024-09-21T07:30:28.000000Z
2024,265.31283564814817,43.16754,-79.04454,2024-09-21T07:30:29.000000Z
2024,265.3128472222222,43.16754,-79.04454,2024-09-21T07:30:30.000000Z
2024,265.31285879629627,43.16755,-79.04455,2024-09-21T07:30:31.000000Z
2024,265.3128703703704,43.16755,-79.04456,2024-09-21T07:30:32.000000Z
2024,265.3128819444444,43.16756,-79.04457,2024-09-21T07:30:33.000000Z
2024,265.31289351851854,43.16756,-79.04455,2024-09-21T07:30:34.000000Z
2024,265.3129050925926,43.16756,-79.04456,2024-09-21T07:30:35.000000Z
2024,265.3129166666667,43.16756,-79.04455,2024-09-21T07:30:36.000000Z
2024,265.31292824074075,43.16757,-79.04455,2024-09-21T07:30:37.000000Z
2024,265.3129398148148,43.16757,-79.04455,2024-09-21T07:30:38.000000Z
2024,265.3129513888889,43.16757,-79.04455,2024-09-21T07:30:39.000000Z
2024,265.31296296296296,43.16757,-79.04455,2024-09-21T07:30:40.000000Z
2024,265.3231712962963,43.1675,-79.04452,2024-09-21T07:45:22.000000Z
2024,265.3231828703704,43.16751,-79.04454,2024-09-21T07:45:23.000000Z
2024,265.3231944444445,43.16751,-79.04455,2024-09-21T07:45:24.000000Z
2024,265.32320601851853,43.1675,-79.04454,2024-09-21T07:45:25.000000Z
2024,265.3232175925926,43.1675,-79.04454,2024-09-21T07:45:26.000000Z
2024,265.3232291666667,43.1675,-79.04454,2024-09-21T07:45:27.000000Z
2024,265.32324074074074,43.1675,-79.04454,2024-09-21T07:45:28.000000Z
2024,265.32325231481485,43.16749,-79.04454,2024-09-21T07:45:29.000000Z
2024,265.3232638888889,43.16749,-79.04454,2024-09-21T07:45:30.000000Z
2024,265.32327546296295,43.16749,-79.04454,2024-09-21T07:45:31.000000Z
2024,265.32328703703706,43.16749,-79.04453,2024-09-21T07:45:32.000000Z
2024,265.3232986111111,43.16749,-79.04453,2024-09-21T07:45:33.000000Z
2024,265.3233101851852,43.16748,-79.04453,2024-09-21T07:45:34.000000Z
2024,265.3233217592593,43.16748,-79.04452,2024-09-21T07:45:35.000000Z
2024,265.3233333333334,43.16748,-79.04452,2024-09-21T07:45:36.000000Z
2024,265.32334490740743,43.16747,-79.04452,2024-09-21T07:45:37.000000Z
2024,265.3233564814815,43.16747,-79.04452,2024-09-21T07:45:38.000000Z
2024,265.3233680555556,43.16747,-79.04452,2024-09-21T07:45:39.000000Z
2024,265.32337962962964,43.16747,-79.04452,2024-09-21T07:45:40.000000Z
2024,265.32339120370375,43.16747,-79.04453,2024-09-21T07:45:41.000000Z
2024,265.33357638888884,43.16746,-79.04454,2024-09-21T08:00:21.000000Z
2024,265.33358796296295,43.16746,-79.04454,2024-09-21T08:00:22.000000Z
2024,265.333599537037,43.16746,-79.04455,2024-09-21T08:00:23.000000Z
2024,265.3336111111111,43.16746,-79.04454,2024-09-21T08:00:24.000000Z
2024,265.33362268518516,43.16746,-79.04454,2024-09-21T08:00:25.000000Z
2024,265.3336342592592,43.16746,-79.04455,2024-09-21T08:00:26.000000Z
2024,265.3336458333333,43.16747,-79.04455,2024-09-21T08:00:27.000000Z
2024,265.3336574074074,43.16748,-79.04455,2024-09-21T08:00:28.000000Z
2024,265.3336689814815,43.16748,-79.04455,2024-09-21T08:00:29.000000Z
2024,265.33368055555553,43.16749,-79.04455,2024-09-21T08:00:30.000000Z
2024,265.3336921296296,43.16749,-79.04455,2024-09-21T08:00:31.000000Z
2024,265.3337037037037,43.16749,-79.04455,2024-09-21T08:00:32.000000Z
2024,265.33371527777774,43.1675,-79.04455,2024-09-21T08:00:33.000000Z
2024,265.33372685185185,43.16751,-79.04455,2024-09-21T08:00:34.000000Z
2024,265.3337384259259,43.16751,-79.04455,2024-09-21T08:00:35.000000Z
2024,265.33375,43.16751,-79.04455,2024-09-21T08:00:36.000000Z
2024,265.33376157407406,43.16752,-79.04455,2024-09-21T08:00:37.000000Z
2024,265.3337731481481,43.16753,-79.04455,2024-09-21T08:00:38.000000Z
2024,265.3337847222222,43.16753,-79.04455,2024-09-21T08:00:39.000000Z
2024,265.33379629629627,43.16754,-79.04454,2024-09-21T08:00:40.000000Z
2024,265.34399305555553,43.16746,-79.04447,2024-09-21T08:15:21.000000Z
2024,265.34400462962964,43.16746,-79.04447,2024-09-21T08:15:22.000000Z
2024,265.3440162037037,43.16746,-79.04447,2024-09-21T08:15:23.000000Z
2024,265.3440277777778,43.16746,-79.04447,2024-09-21T08:15:24.000000Z
2024,265.34403935185185,43.16745,-79.04447,2024-09-21T08:15:25.000000Z
2024,265.3440509259259,43.16745,-79.04446,2024-09-21T08:15:26.000000Z
2024,265.3440625,43.16745,-79.04446,2024-09-21T08:15:27.000000Z
2024,265.34407407407406,43.16746,-79.04446,2024-09-21T08:15:28.000000Z
2024,265.34408564814817,43.16746,-79.04446,2024-09-21T08:15:29.000000Z
2024,265.3440972222222,43.16745,-79.04446,2024-09-21T08:15:30.000000Z
2024,265.34410879629627,43.16745,-79.04445,2024-09-21T08:15:31.000000Z
2024,265.3441203703704,43.16745,-79.04445,2024-09-21T08:15:32.000000Z
2024,265.3441319444444,43.16745,-79.04445,2024-09-21T08:15:33.000000Z
2024,265.34414351851854,43.16745,-79.04444,2024-09-21T08:15:34.000000Z
2024,265.3441550925926,43.16746,-79.04444,2024-09-21T08:15:35.000000Z
2024,265.3441666666667,43.16746,-79.04444,2024-09-21T08:15:36.000000Z
2024,265.34417824074075,43.16746,-79.04444,2024-09-21T08:15:37.000000Z
2024,265.3441898148148,43.16746,-79.04444,2024-09-21T08:15:38.000000Z
2024,265.3442013888889,43.16746,-79.04444,2024-09-21T08:15:39.000000Z
2024,265.34421296296296,43.16747,-79.04444,2024-09-21T08:15:40.000000Z
2024,265.35442129629627,43.16748,-79.0447,2024-09-21T08:30:22.000000Z
2024,265.3544328703703,43.16748,-79.04469,2024-09-21T08:30:23.000000Z
2024,265.3544444444444,43.16747,-79.04469,2024-09-21T08:30:24.000000Z
2024,265.3544560185185,43.16746,-79.0447,2024-09-21T08:30:25.000000Z
2024,265.3544675925925,43.16746,-79.04469,2024-09-21T08:30:26.000000Z
2024,265.35447916666664,43.16745,-79.04469,2024-09-21T08:30:27.000000Z
2024,265.3544907407407,43.16744,-79.04469,2024-09-21T08:30:28.000000Z
2024,265.3545023148148,43.16745,-79.04467,2024-09-21T08:30:29.000000Z
2024,265.35451388888885,43.16745,-79.04467,2024-09-21T08:30:30.000000Z
2024,265.3545254629629,43.16746,-79.04466,2024-09-21T08:30:31.000000Z
2024,265.354537037037,43.16746,-79.04465,2024-09-21T08:30:32.000000Z
2024,265.35454861111106,43.16746,-79.04464,2024-09-21T08:30:33.000000Z
2024,265.35456018518516,43.16746,-79.04463,2024-09-21T08:30:34.000000Z
2024,265.3545717592592,43.16746,-79.04463,2024-09-21T08:30:35.000000Z
2024,265.3545833333333,43.16746,-79.04462,2024-09-21T08:30:36.000000Z
2024,265.3545949074074,43.16746,-79.04461,2024-09-21T08:30:37.000000Z
2024,265.3546064814814,43.16746,-79.0446,2024-09-21T08:30:38.000000Z
2024,265.35461805555553,43.16746,-79.0446,2024-09-21T08:30:39.000000Z
2024,265.3546296296296,43.16747,-79.0446,2024-09-21T08:30:40.000000Z
2024,265.36482638888884,43.16753,-79.04457,2024-09-21T08:45:21.000000Z
2024,265.36483796296295,43.16753,-79.04456,2024-09-21T08:45:22.000000Z
2024,265.364849537037,43.16753,-79.04456,2024-09-21T08:45:23.000000Z
2024,265.3648611111111,43.16754,-79.04456,2024-09-21T08:45:24.000000Z
2024,265.36487268518516,43.16754,-79.04455,2024-09-21T08:45:25.000000Z
2024,265.3648842592592,43.16754,-79.04455,2024-09-21T08:45:26.000000Z
2024,265.3648958333333,43.16754,-79.04454,2024-09-21T08:45:27.000000Z
2024,265.3649074074074,43.16755,-79.04454,2024-09-21T08:45:28.000000Z
2024,265.3649189814815,43.16755,-79.04453,2024-09-21T08:45:29.000000Z
2024,265.36493055555553,43.16756,-79.04453,2024-09-21T08:45:30.000000Z
2024,265.3649421296296,43.16756,-79.04453,2024-09-21T08:45:31.000000Z
2024,265.3649537037037,43.16756,-79.04453,2024-09-21T08:45:32.000000Z
2024,265.36496527777774,43.16756,-79.04453,2024-09-21T08:45:33.000000Z
2024,265.36497685185185,43.16756,-79.04453,2024-09-21T08:45:34.000000Z
2024,265.3649884259259,43.16756,-79.04452,2024-09-21T08:45:35.000000Z
2024,265.365,43.16756,-79.04452,2024-09-21T08:45:36.000000Z
2024,265.36501157407406,43.16756,-79.04452,2024-09-21T08:45:37.000000Z
2024,265.3650231481481,43.16756,-79.04452,2024-09-21T08:45:38.000000Z
2024,265.3650347222222,43.16756,-79.04452,2024-09-21T08:45:39.000000Z
2024,265.36504629629627,43.16755,-79.04452,2024-09-21T08:45:40.000000Z
2024,265.37525462962964,43.16737,-79.04457,2024-09-21T09:00:22.000000Z
2024,265.3752662037037,43.16737,-79.04457,2024-09-21T09:00:23.000000Z
2024,265.3752777777778,43.16736,-79.04458,2024-09-21T09:00:24.000000Z
2024,265.37528935185185,43.16736,-79.04458,2024-09-21T09:00:25.000000Z
2024,265.3753009259259,43.16735,-79.04458,2024-09-21T09:00:26.000000Z
2024,265.3753125,43.16735,-79.04458,2024-09-21T09:00:27.000000Z
2024,265.37532407407406,43.16734,-79.04458,2024-09-21T09:00:28.000000Z
2024,265.37533564814817,43.16734,-79.04458,2024-09-21T09:00:29.000000Z
2024,265.3753472222222,43.16734,-79.04458,2024-09-21T09:00:30.000000Z
2024,265.37535879629627,43.16734,-79.04458,2024-09-21T09:00:31.000000Z
2024,265.3753703703704,43.16733,-79.04458,2024-09-21T09:00:32.000000Z
2024,265.3753819444444,43.16734,-79.04458,2024-09-21T09:00:33.000000Z
2024,265.37539351851854,43.16733,-79.04458,2024-09-21T09:00:34.000000Z
2024,265.3754050925926,43.16734,-79.04458,2024-09-21T09:00:35.000000Z
2024,265.3754166666667,43.16734,-79.04457,2024-09-21T09:00:36.000000Z
2024,265.37542824074075,43.16734,-79.04457,2024-09-21T09:00:37.000000Z
2024,265.3754398148148,43.16734,-79.04457,2024-09-21T09:00:38.000000Z
2024,265.3754513888889,43.16734,-79.04457,2024-09-21T09:00:39.000000Z
2024,265.37546296296296,43.16734,-79.04456,2024-09-21T09:00:40.000000Z
2024,265.37547453703706,43.16735,-79.04455,2024-09-21T09:00:41.000000Z
2024,265.3856712962963,43.16742,-79.04466,2024-09-21T09:15:22.000000Z
2024,265.3856828703704,43.16741,-79.04464,2024-09-21T09:15:23.000000Z
2024,265.3856944444445,43.16741,-79.04464,2024-09-21T09:15:24.000000Z
2024,265.38570601851853,43.16742,-79.04463,2024-09-21T09:15:25.000000Z
2024,265.3857175925926,43.16743,-79.04463,2024-09-21T09:15:26.000000Z
2024,265.3857291666667,43.16744,-79.04463,2024-09-21T09:15:27.000000Z
2024,265.38574074074074,43.16745,-79.04463,2024-09-21T09:15:28.000000Z
2024,265.38575231481485,43.16746,-79.04463,2024-09-21T09:15:29.000000Z
2024,265.3857638888889,43.16748,-79.04463,2024-09-21T09:15:30.000000Z
2024,265.38577546296295,43.16748,-79.04463,2024-09-21T09:15:31.000000Z
2024,265.38578703703706,43.16749,-79.04463,2024-09-21T09:15:32.000000Z
2024,265.3857986111111,43.16749,-79.04463,2024-09-21T09:15:33.000000Z
2024,265.3858101851852,43.1675,-79.04463,2024-09-21T09:15:34.000000Z
2024,265.3858217592593,43.1675,-79.04463,2024-09-21T09:15:35.000000Z
2024,265.3858333333334,43.16751,-79.04463,2024-09-21T09:15:36.000000Z
2024,265.38584490740743,43.16751,-79.04463,2024-09-21T09:15:37.000000Z
2024,265.3858564814815,43.16752,-79.04464,2024-09-21T09:15:38.000000Z
2024,265.3858680555556,43.16751,-79.04464,2024-09-21T09:15:39.000000Z
2024,265.38587962962964,43.16751,-79.04464,2024-09-21T09:15:40.000000Z
2024,265.38589120370375,43.1675,-79.04463,2024-09-21T09:15:41.000000Z
2024,265.396099537037,43.16737,-79.04464,2024-09-21T09:30:23.000000Z
2024,265.3961111111111,43.16737,-79.04464,2024-09-21T09:30:24.000000Z
2024,265.39612268518516,43.16737,-79.04464,2024-09-21T09:30:25.000000Z
2024,265.3961342592592,43.16738,-79.04464,2024-09-21T09:30:26.000000Z
2024,265.3961458333333,43.16739,-79.04464,2024-09-21T09:30:27.000000Z
2024,265.3961574074074,43.16741,-79.04464,2024-09-21T09:30:28.000000Z
2024,265.3961689814815,43.16742,-79.04464,2024-09-21T09:30:29.000000Z
2024,265.39618055555553,43.16743,-79.04464,2024-09-21T09:30:30.000000Z
2024,265.3961921296296,43.16744,-79.04464,2024-09-21T09:30:31.000000Z
2024,265.3962037037037,43.16744,-79.04463,2024-09-21T09:30:32.000000Z
2024,265.39621527777774,43.16744,-79.04463,2024-09-21T09:30:33.000000Z
2024,265.39622685185185,43.16745,-79.04463,2024-09-21T09:30:34.000000Z
2024,265.3962384259259,43.16745,-79.04463,2024-09-21T09:30:35.000000Z
2024,265.39625,43.16746,-79.04463,2024-09-21T09:30:36.000000Z
2024,265.39626157407406,43.16746,-79.04463,2024-09-21T09:30:37.000000Z
2024,265.3962731481481,43.16746,-79.04463,2024-09-21T09:30:38.000000Z
2024,265.3962847222222,43.16747,-79.04463,2024-09-21T09:30:39.000000Z
2024,265.39629629629627,43.16747,-79.04463,2024-09-21T09:30:40.000000Z
2024,265.3963078703704,43.16747,-79.04462,2024-09-21T09:30:41.000000Z
2024,265.39631944444443,43.16746,-79.04461,2024-09-21T09:30:42.000000Z
2024,265.4065162037037,43.1674,-79.04453,2024-09-21T09:45:23.000000Z
2024,265.4065277777778,43.1674,-79.04453,2024-09-21T09:45:24.000000Z
2024,265.40653935185185,43.16741,-79.04454,2024-09-21T09:45:25.000000Z
2024,265.4065509259259,43.16742,-79.04454,2024-09-21T09:45:26.000000Z
2024,265.4065625,43.16743,-79.04455,2024-09-21T09:45:27.000000Z
2024,265.40657407407406,43.16744,-79.04456,2024-09-21T09:45:28.000000Z
2024,265.40658564814817,43.16745,-79.04456,2024-09-21T09:45:29.000000Z
2024,265.4065972222222,43.16745,-79.04456,2024-09-21T09:45:30.000000Z
2024,265.40660879629627,43.16746,-79.04456,2024-09-21T09:45:31.000000Z
2024,265.4066203703704,43.16746,-79.04457,2024-09-21T09:45:32.000000Z
2024,265.4066319444444,43.16748,-79.04457,2024-09-21T09:45:33.000000Z
2024,265.40664351851854,43.16748,-79.04457,2024-09-21T09:45:34.000000Z
2024,265.4066550925926,43.16749,-79.04457,2024-09-21T09:45:35.000000Z
2024,265.4066666666667,43.16749,-79.04457,2024-09-21T09:45:36.000000Z
2024,265.40667824074075,43.16749,-79.04457,2024-09-21T09:45:37.000000Z
2024,265.4066898148148,43.1675,-79.04457,2024-09-21T09:45:38.000000Z
2024,265.4067013888889,43.1675,-79.04457,2024-09-21T09:45:39.000000Z
2024,265.40671296296296,43.1675,-79.04457,2024-09-21T09:45:40.000000Z
2024,265.40672453703706,43.1675,-79.04457,2024-09-21T09:45:41.000000Z
2024,265.4169328703704,43.16753,-79.04458,2024-09-21T10:00:23.000000Z
2024,265.4169444444445,43.16753,-79.04458,2024-09-21T10:00:24.000000Z
2024,265.41695601851853,43.16753,-79.04458,2024-09-21T10:00:25.000000Z
2024,265.4169675925926,43.16753,-79.0446,2024-09-21T10:00:26.000000Z
2024,265.4169791666667,43.16753,-79.0446,2024-09-21T10:00:27.000000Z
2024,265.41699074074074,43.16753,-79.0446,2024-09-21T10:00:28.000000Z
2024,265.41700231481485,43.16754,-79.04461,2024-09-21T10:00:29.000000Z
2024,265.4170138888889,43.16754,-79.04461,2024-09-21T10:00:30.000000Z
2024,265.41702546296295,43.16754,-79.04461,2024-09-21T10:00:31.000000Z
2024,265.41703703703706,43.16754,-79.04461,2024-09-21T10:00:32.000000Z
2024,265.4170486111111,43.16754,-79.04461,2024-09-21T10:00:33.000000Z
2024,265.4170601851852,43.16754,-79.04462,2024-09-21T10:00:34.000000Z
2024,265.4170717592593,43.16754,-79.04462,2024-09-21T10:00:35.000000Z
2024,265.4170833333334,43.16755,-79.04462,2024-09-21T10:00:36.000000Z
2024,265.41709490740743,43.16755,-79.04462,2024-09-21T10:00:37.000000Z
2024,265.4171064814815,43.16755,-79.04462,2024-09-21T10:00:38.000000Z
2024,265.4171180555556,43.16755,-79.04462,2024-09-21T10:00:39.000000Z
2024,265.41712962962964,43.16755,-79.04461,2024-09-21T10:00:40.000000Z
2024,265.41714120370375,43.16754,-79.04461,2024-09-21T10:00:41.000000Z
2024,265.42734953703706,43.16759,-79.04484,2024-09-21T10:15:23.000000Z
2024,265.42736111111117,43.1676,-79.04484,2024-09-21T10:15:24.000000Z
2024,265.4273726851852,43.16759,-79.04482,2024-09-21T10:15:25.000000Z
2024,265.42738425925927,43.16759,-79.04482,2024-09-21T10:15:26.000000Z
2024,265.4273958333334,43.16758,-79.04482,2024-09-21T10:15:27.000000Z
2024,265.42740740740743,43.16757,-79.04482,2024-09-21T10:15:28.000000Z
2024,265.42741898148154,43.16756,-79.04482,2024-09-21T10:15:29.000000Z
2024,265.4274305555556,43.16756,-79.04482,2024-09-21T10:15:30.000000Z
2024,265.42744212962964,43.16754,-79.04481,2024-09-21T10:15:31.000000Z
2024,265.42745370370375,43.16754,-79.0448,2024-09-21T10:15:32.000000Z
2024,265.4274652777778,43.16753,-79.04479,2024-09-21T10:15:33.000000Z
2024,265.4274768518519,43.16751,-79.04479,2024-09-21T10:15:34.000000Z
2024,265.42748842592596,43.16751,-79.04479,2024-09-21T10:15:35.000000Z
2024,265.42750000000007,43.1675,-79.04478,2024-09-21T10:15:36.000000Z
2024,265.4275115740741,43.16749,-79.04477,2024-09-21T10:15:37.000000Z
2024,265.42752314814817,43.16749,-79.04476,2024-09-21T10:15:38.000000Z
2024,265.4275347222223,43.16748,-79.04476,2024-09-21T10:15:39.000000Z
2024,265.4275462962963,43.16748,-79.04476,2024-09-21T10:15:40.000000Z
2024,265.42755787037044,43.16748,-79.04476,2024-09-21T10:15:41.000000Z
2024,265.4377662037037,43.16744,-79.04453,2024-09-21T10:30:23.000000Z
2024,265.4377777777778,43.16743,-79.04454,2024-09-21T10:30:24.000000Z
2024,265.4378009259259,43.16743,-79.04454,2024-09-21T10:30:26.000000Z
2024,265.4378125,43.16743,-79.04454,2024-09-21T10:30:27.000000Z
2024,265.43782407407406,43.16743,-79.04454,2024-09-21T10:30:28.000000Z
2024,265.43783564814817,43.16743,-79.04455,2024-09-21T10:30:29.000000Z
2024,265.4378472222222,43.16744,-79.04455,2024-09-21T10:30:30.000000Z
2024,265.43785879629627,43.16745,-79.04456,2024-09-21T10:30:31.000000Z
2024,265.4378703703704,43.16745,-79.04457,2024-09-21T10:30:32.000000Z
2024,265.4378819444444,43.16746,-79.04457,2024-09-21T10:30:33.000000Z
2024,265.43789351851854,43.16746,-79.04457,2024-09-21T10:30:34.000000Z
2024,265.4379050925926,43.16746,-79.04457,2024-09-21T10:30:35.000000Z
2024,265.4379166666667,43.16745,-79.04457,2024-09-21T10:30:36.000000Z
2024,265.43792824074075,43.16744,-79.04457,2024-09-21T10:30:37.000000Z
2024,265.4379398148148,43.16744,-79.04457,2024-09-21T10:30:38.000000Z
2024,265.4379513888889,43.16744,-79.04457,2024-09-21T10:30:39.000000Z
2024,265.43796296296296,43.16744,-79.04457,2024-09-21T10:30:40.000000Z
2024,265.43797453703706,43.16744,-79.04456,2024-09-21T10:30:41.000000Z
2024,265.4481828703704,43.16742,-79.04474,2024-09-21T10:45:23.000000Z
2024,265.4481944444445,43.16742,-79.04473,2024-09-21T10:45:24.000000Z
2024,265.44820601851853,43.16742,-79.04473,2024-09-21T10:45:25.000000Z
2024,265.4482175925926,43.16741,-79.04473,2024-09-21T10:45:26.000000Z
2024,265.4482291666667,43.16741,-79.04472,2024-09-21T10:45:27.000000Z
2024,265.44824074074074,43.16741,-79.04469,2024-09-21T10:45:28.000000Z
2024,265.44825231481485,43.16741,-79.04468,2024-09-21T10:45:29.000000Z
2024,265.4482638888889,43.16741,-79.04466,2024-09-21T10:45:30.000000Z
2024,265.44827546296295,43.16741,-79.04465,2024-09-21T10:45:31.000000Z
2024,265.44828703703706,43.16741,-79.04465,2024-09-21T10:45:32.000000Z
2024,265.4482986111111,43.1674,-79.04465,2024-09-21T10:45:33.000000Z
2024,265.4483101851852,43.1674,-79.04464,2024-09-21T10:45:34.000000Z
2024,265.4483217592593,43.1674,-79.04464,2024-09-21T10:45:35.000000Z
2024,265.4483333333334,43.1674,-79.04463,2024-09-21T10:45:36.000000Z
2024,265.44834490740743,43.1674,-79.04463,2024-09-21T10:45:37.000000Z
2024,265.4483564814815,43.1674,-79.04463,2024-09-21T10:45:38.000000Z
2024,265.4483680555556,43.1674,-79.04463,2024-09-21T10:45:39.000000Z
2024,265.44837962962964,43.1674,-79.04463,2024-09-21T10:45:40.000000Z
2024,265.44839120370375,43.1674,-79.04463,2024-09-21T10:45:41.000000Z
2024,265.458599537037,43.16749,-79.04455,2024-09-21T11:00:23.000000Z
2024,265.4586111111111,43.1675,-79.04455,2024-09-21T11:00:24.000000Z
2024,265.45862268518516,43.1675,-79.04455,2024-09-21T11:00:25.000000Z
2024,265.4586342592592,43.1675,-79.04454,2024-09-21T11:00:26.000000Z
2024,265.4586458333333,43.1675,-79.04454,2024-09-21T11:00:27.000000Z
2024,265.4586574074074,43.1675,-79.04454,2024-09-21T11:00:28.000000Z
2024,265.4586689814815,43.1675,-79.04454,2024-09-21T11:00:29.000000Z
2024,265.45868055555553,43.1675,-79.04455,2024-09-21T11:00:30.000000Z
2024,265.4586921296296,43.1675,-79.04455,2024-09-21T11:00:31.000000Z
2024,265.4587037037037,43.1675,-79.04455,2024-09-21T11:00:32.000000Z
2024,265.45871527777774,43.1675,-79.04454,2024-09-21T11:00:33.000000Z
2024,265.45872685185185,43.1675,-79.04454,2024-09-21T11:00:34.000000Z
2024,265.4587384259259,43.16749,-79.04454,2024-09-21T11:00:35.000000Z
2024,265.45875,43.16749,-79.04452,2024-09-21T11:00:36.000000Z
2024,265.4587731481481,43.16749,-79.0445,2024-09-21T11:00:38.000000Z
2024,265.4587847222222,43.16749,-79.0445,2024-09-21T11:00:39.000000Z
2024,265.45879629629627,43.16749,-79.04449,2024-09-21T11:00:40.000000Z
2024,265.4588078703704,43.16749,-79.04448,2024-09-21T11:00:41.000000Z
2024,265.45881944444443,43.16749,-79.04447,2024-09-21T11:00:42.000000Z
2024,265.4690162037037,43.16741,-79.04454,2024-09-21T11:15:23.000000Z
2024,265.4690277777778,43.16742,-79.04454,2024-09-21T11:15:24.000000Z
2024,265.46903935185185,43.16743,-79.04455,2024-09-21T11:15:25.000000Z
2024,265.4690509259259,43.16743,-79.04455,2024-09-21T11:15:26.000000Z
2024,265.4690625,43.16743,-79.04454,2024-09-21T11:15:27.000000Z
2024,265.46907407407406,43.16743,-79.04454,2024-09-21T11:15:28.000000Z
2024,265.46908564814817,43.16744,-79.04455,2024-09-21T11:15:29.000000Z
2024,265.4690972222222,43.16744,-79.04456,2024-09-21T11:15:30.000000Z
2024,265.46910879629627,43.16744,-79.04456,2024-09-21T11:15:31.000000Z
2024,265.4691203703704,43.16744,-79.04457,2024-09-21T11:15:32.000000Z
2024,265.4691319444444,43.16745,-79.04457,2024-09-21T11:15:33.000000Z
2024,265.46914351851854,43.16745,-79.04457,2024-09-21T11:15:34.000000Z
2024,265.4691550925926,43.16745,-79.04457,2024-09-21T11:15:35.000000Z
2024,265.4691666666667,43.16745,-79.04457,2024-09-21T11:15:36.000000Z
2024,265.46917824074075,43.16746,-79.04457,2024-09-21T11:15:37.000000Z
2024,265.4691898148148,43.16746,-79.04457,2024-09-21T11:15:38.000000Z
2024,265.4692013888889,43.16746,-79.04457,2024-09-21T11:15:39.000000Z
2024,265.46921296296296,43.16746,-79.04458,2024-09-21T11:15:40.000000Z
2024,265.46922453703706,43.16746,-79.04457,2024-09-21T11:15:41.000000Z
2024,265.4794328703703,43.16742,-79.04444,2024-09-21T11:30:23.000000Z
2024,265.4794560185185,43.16741,-79.0445,2024-09-21T11:30:25.000000Z
2024,265.4794675925925,43.16741,-79.0445,2024-09-21T11:30:26.000000Z
2024,265.47947916666664,43.16741,-79.04451,2024-09-21T11:30:27.000000Z
2024,265.4794907407407,43.16741,-79.04451,2024-09-21T11:30:28.000000Z
2024,265.4795023148148,43.16741,-79.0445,2024-09-21T11:30:29.000000Z
2024,265.47951388888885,43.1674,-79.04451,2024-09-21T11:30:30.000000Z
2024,265.4795254629629,43.1674,-79.04452,2024-09-21T11:30:31.000000Z
2024,265.479537037037,43.1674,-79.04452,2024-09-21T11:30:32.000000Z
2024,265.47954861111106,43.1674,-79.04453,2024-09-21T11:30:33.000000Z
2024,265.47956018518516,43.1674,-79.04453,2024-09-21T11:30:34.000000Z
2024,265.4795717592592,43.16739,-79.04453,2024-09-21T11:30:35.000000Z
2024,265.4795833333333,43.16739,-79.04453,2024-09-21T11:30:36.000000Z
2024,265.4795949074074,43.16739,-79.04453,2024-09-21T11:30:37.000000Z
2024,265.4796064814814,43.16739,-79.04453,2024-09-21T11:30:38.000000Z
2024,265.47961805555553,43.16738,-79.04453,2024-09-21T11:30:39.000000Z
2024,265.4796296296296,43.16738,-79.04453,2024-09-21T11:30:40.000000Z
2024,265.4796412037037,43.16738,-79.04453,2024-09-21T11:30:41.000000Z
2024,265.47965277777774,43.16738,-79.04453,2024-09-21T11:30:42.000000Z
2024,265.489849537037,43.16749,-79.04454,2024-09-21T11:45:23.000000Z
2024,265.4898611111111,43.16749,-79.04455,2024-09-21T11:45:24.000000Z
2024,265.48987268518516,43.16748,-79.04456,2024-09-21T11:45:25.000000Z
2024,265.4898842592592,43.16748,-79.04457,2024-09-21T11:45:26.000000Z
2024,265.4898958333333,43.16748,-79.04457,2024-09-21T11:45:27.000000Z
2024,265.4899074074074,43.16748,-79.04457,2024-09-21T11:45:28.000000Z
2024,265.4899189814815,43.16748,-79.04457,2024-09-21T11:45:29.000000Z
2024,265.48993055555553,43.16748,-79.04457,2024-09-21T11:45:30.000000Z
2024,265.4899421296296,43.16748,-79.04457,2024-09-21T11:45:31.000000Z
2024,265.4899537037037,43.16748,-79.04457,2024-09-21T11:45:32.000000Z
2024,265.48996527777774,43.16748,-79.04457,2024-09-21T11:45:33.000000Z
2024,265.48997685185185,43.16747,-79.04457,2024-09-21T11:45:34.000000Z
2024,265.4899884259259,43.16747,-79.04457,2024-09-21T11:45:35.000000Z
2024,265.49,43.16747,-79.04457,2024-09-21T11:45:36.000000Z
2024,265.49001157407406,43.16747,-79.04457,2024-09-21T11:45:37.000000Z
2024,265.4900231481481,43.16747,-79.04457,2024-09-21T11:45:38.000000Z
2024,265.4900347222222,43.16747,-79.04457,2024-09-21T11:45:39.000000Z
2024,265.49004629629627,43.16746,-79.04457,2024-09-21T11:45:40.000000Z
2024,265.4900578703704,43.16746,-79.04457,2024-09-21T11:45:41.000000Z
2024,265.49006944444443,43.16746,-79.04457,2024-09-21T11:45:42.000000Z
2024,265.5002662037037,43.16741,-79.0445,2024-09-21T12:00:23.000000Z
2024,265.5002777777778,43.1674,-79.04449,2024-09-21T12:00:24.000000Z
2024,265.50028935185185,43.16738,-79.04449,2024-09-21T12:00:25.000000Z
2024,265.5003009259259,43.16738,-79.04449,2024-09-21T12:00:26.000000Z
2024,265.5003125,43.16738,-79.0445,2024-09-21T12:00:27.000000Z
2024,265.50032407407406,43.16738,-79.0445,2024-09-21T12:00:28.000000Z
2024,265.50033564814817,43.16737,-79.0445,2024-09-21T12:00:29.000000Z
2024,265.5003472222222,43.16736,-79.0445,2024-09-21T12:00:30.000000Z
2024,265.50035879629627,43.16736,-79.0445,2024-09-21T12:00:31.000000Z
2024,265.5003703703704,43.16736,-79.0445,2024-09-21T12:00:32.000000Z
2024,265.5003819444444,43.16736,-79.04451,2024-09-21T12:00:33.000000Z
2024,265.50039351851854,43.16736,-79.04451,2024-09-21T12:00:34.000000Z
2024,265.5004050925926,43.16736,-79.04451,2024-09-21T12:00:35.000000Z
2024,265.5004166666667,43.16736,-79.04451,2024-09-21T12:00:36.000000Z
2024,265.50042824074075,43.16736,-79.04452,2024-09-21T12:00:37.000000Z
2024,265.5004398148148,43.16737,-79.04452,2024-09-21T12:00:38.000000Z
2024,265.5004513888889,43.16737,-79.04452,2024-09-21T12:00:39.000000Z
2024,265.50046296296296,43.16737,-79.04452,2024-09-21T12:00:40.000000Z
2024,265.50047453703706,43.16738,-79.04452,2024-09-21T12:00:41.000000Z
2024,265.5106828703704,43.16749,-79.04455,2024-09-21T12:15:23.000000Z
2024,265.5106944444445,43.16747,-79.04456,2024-09-21T12:15:24.000000Z
2024,265.51070601851853,43.16742,-79.04457,2024-09-21T12:15:25.000000Z
2024,265.5107175925926,43.1674,-79.04458,2024-09-21T12:15:26.000000Z
2024,265.5107291666667,43.16738,-79.04459,2024-09-21T12:15:27.000000Z
2024,265.51074074074074,43.16736,-79.0446,2024-09-21T12:15:28.000000Z
2024,265.51075231481485,43.16735,-79.0446,2024-09-21T12:15:29.000000Z
2024,265.5107638888889,43.16734,-79.04461,2024-09-21T12:15:30.000000Z
2024,265.51077546296295,43.16733,-79.04461,2024-09-21T12:15:31.000000Z
2024,265.51078703703706,43.16733,-79.0446,2024-09-21T12:15:32.000000Z
2024,265.5107986111111,43.16733,-79.0446,2024-09-21T12:15:33.000000Z
2024,265.5108101851852,43.16732,-79.0446,2024-09-21T12:15:34.000000Z
2024,265.5108217592593,43.16732,-79.0446,2024-09-21T12:15:35.000000Z
2024,265.5108333333334,43.16732,-79.0446,2024-09-21T12:15:36.000000Z
2024,265.51084490740743,43.16731,-79.04459,2024-09-21T12:15:37.000000Z
2024,265.5108564814815,43.16731,-79.04458,2024-09-21T12:15:38.000000Z
2024,265.5108680555556,43.16732,-79.04457,2024-09-21T12:15:39.000000Z
2024,265.51087962962964,43.16732,-79.04457,2024-09-21T12:15:40.000000Z
2024,265.51089120370375,43.16733,-79.04457,2024-09-21T12:15:41.000000Z
2024,265.5109027777778,43.16733,-79.04456,2024-09-21T12:15:42.000000Z
