year,date,lat,lon,t
2024,260.5686689814815,43.08036,-79.06909,2024-09-16T13:38:53.000000Z
2024,260.5686805555556,43.08035,-79.06909,2024-09-16T13:38:54.000000Z
2024,260.56869212962965,43.08035,-79.06909,2024-09-16T13:38:55.000000Z
2024,260.56870370370376,43.08035,-79.06909,2024-09-16T13:38:56.000000Z
2024,260.5687152777778,43.08035,-79.06908,2024-09-16T13:38:57.000000Z
2024,260.56872685185186,43.08035,-79.06908,2024-09-16T13:38:58.000000Z
2024,260.56873842592597,43.08036,-79.06907,2024-09-16T13:38:59.000000Z
2024,260.56875,43.08036,-79.06907,2024-09-16T13:39:00.000000Z
2024,260.5687615740741,43.08036,-79.06907,2024-09-16T13:39:01.000000Z
2024,260.5687731481482,43.08036,-79.06907,2024-09-16T13:39:02.000000Z
2024,260.56878472222223,43.08036,-79.06907,2024-09-16T13:39:03.000000Z
2024,260.56879629629634,43.08036,-79.06907,2024-09-16T13:39:04.000000Z
2024,260.5688078703704,43.08036,-79.06907,2024-09-16T13:39:05.000000Z
2024,260.56881944444444,43.08036,-79.06907,2024-09-16T13:39:06.000000Z
2024,260.56883101851855,43.08036,-79.06907,2024-09-16T13:39:07.000000Z
2024,260.5688425925926,43.08036,-79.06907,2024-09-16T13:39:08.000000Z
2024,260.5688541666667,43.08036,-79.06907,2024-09-16T13:39:09.000000Z
2024,260.56886574074076,43.08036,-79.06906,2024-09-16T13:39:10.000000Z
2024,260.5688773148148,43.08036,-79.06906,2024-09-16T13:39:11.000000Z
2024,260.5688888888889,43.08036,-79.06906,2024-09-16T13:39:12.000000Z
2024,260.568900462963,43.08036,-79.06907,2024-09-16T13:39:13.000000Z
2024,260.5689120370371,43.08036,-79.06906,2024-09-16T13:39:14.000000Z
2024,260.56892361111113,43.08036,-79.06906,2024-09-16T13:39:15.000000Z
2024,260.5689351851852,43.08036,-79.06907,2024-09-16T13:39:16.000000Z
2024,260.5689467592593,43.08036,-79.06906,2024-09-16T13:39:17.000000Z
2024,260.56895833333334,43.08036,-79.06906,2024-09-16T13:39:18.000000Z
2024,260.56896990740745,43.08036,-79.06906,2024-09-16T13:39:19.000000Z
2024,260.5689814814815,43.08036,-79.06906,2024-09-16T13:39:20.000000Z
2024,260.56899305555555,43.08036,-79.06906,2024-09-16T13:39:21.000000Z
2024,260.56900462962966,43.08036,-79.06906,2024-09-16T13:39:22.000000Z
2024,260.5690162037037,43.08036,-79.06906,2024-09-16T13:39:23.000000Z
2024,260.5690277777778,43.08036,-79.06906,2024-09-16T13:39:24.000000Z
2024,260.56903935185187,43.08036,-79.06906,2024-09-16T13:39:25.000000Z
2024,260.5690509259259,43.08037,-79.06906,2024-09-16T13:39:26.000000Z
2024,260.56906250000003,43.08037,-79.06906,2024-09-16T13:39:27.000000Z
2024,260.5690740740741,43.08037,-79.06906,2024-09-16T13:39:28.000000Z
2024,260.5690856481482,43.08037,-79.06906,2024-09-16T13:39:29.000000Z
2024,260.56909722222224,43.08037,-79.06906,2024-09-16T13:39:30.000000Z
2024,260.5691087962963,43.08037,-79.06906,2024-09-16T13:39:31.000000Z
2024,260.5691203703704,43.08037,-79.06906,2024-09-16T13:39:32.000000Z
2024,260.56913194444445,43.08037,-79.06906,2024-09-16T13:39:33.000000Z
2024,260.56914351851856,43.08037,-79.06906,2024-09-16T13:39:34.000000Z
2024,260.5691550925926,43.08037,-79.06906,2024-09-16T13:39:35.000000Z
2024,260.5691666666667,43.08037,-79.06906,2024-09-16T13:39:36.000000Z
2024,260.56917824074077,43.08037,-79.06906,2024-09-16T13:39:37.000000Z
2024,260.5691898148148,43.08037,-79.06906,2024-09-16T13:39:38.000000Z
2024,260.5692013888889,43.08037,-79.06906,2024-09-16T13:39:39.000000Z
2024,260.569212962963,43.08037,-79.06906,2024-09-16T13:39:40.000000Z
2024,260.5692245370371,43.08037,-79.06906,2024-09-16T13:39:41.000000Z
2024,260.56923611111114,43.08037,-79.06906,2024-09-16T13:39:42.000000Z
2024,260.5692476851852,43.08037,-79.06906,2024-09-16T13:39:43.000000Z
2024,260.5692592592593,43.08037,-79.06906,2024-09-16T13:39:44.000000Z
2024,260.56927083333335,43.08037,-79.06906,2024-09-16T13:39:45.000000Z
2024,260.56928240740746,43.08037,-79.06906,2024-09-16T13:39:46.000000Z
2024,260.5692939814815,43.08037,-79.06906,2024-09-16T13:39:47.000000Z
2024,260.56930555555556,43.08037,-79.06906,2024-09-16T13:39:48.000000Z
2024,260.56931712962967,43.08037,-79.06906,2024-09-16T13:39:49.000000Z
2024,260.5693287037037,43.08037,-79.06906,2024-09-16T13:39:50.000000Z
2024,260.5693402777778,43.08037,-79.06906,2024-09-16T13:39:51.000000Z
2024,260.5693518518519,43.08037,-79.06906,2024-09-16T13:39:52.000000Z
2024,260.5693634259259,43.08037,-79.06906,2024-09-16T13:39:53.000000Z
2024,260.56937500000004,43.08037,-79.06906,2024-09-16T13:39:54.000000Z
2024,260.5693865740741,43.08037,-79.06906,2024-09-16T13:39:55.000000Z
2024,260.5693981481482,43.08037,-79.06906,2024-09-16T13:39:56.000000Z
2024,260.56940972222225,43.08037,-79.06906,2024-09-16T13:39:57.000000Z
2024,260.5694212962963,43.08037,-79.06906,2024-09-16T13:39:58.000000Z
2024,260.5694328703704,43.08037,-79.06906,2024-09-16T13:39:59.000000Z
2024,260.56944444444446,43.08037,-79.06906,2024-09-16T13:40:00.000000Z
2024,260.5694560185185,43.08037,-79.06906,2024-09-16T13:40:01.000000Z
2024,260.5694675925926,43.08037,-79.06906,2024-09-16T13:40:02.000000Z
2024,260.56947916666667,43.08037,-79.06906,2024-09-16T13:40:03.000000Z
2024,260.5694907407408,43.08037,-79.06906,2024-09-16T13:40:04.000000Z
2024,260.5695023148148,43.08037,-79.06906,2024-09-16T13:40:05.000000Z
2024,260.5695138888889,43.08037,-79.06906,2024-09-16T13:40:06.000000Z
2024,260.569525462963,43.08037,-79.06906,2024-09-16T13:40:07.000000Z
2024,260.56953703703704,43.08037,-79.06906,2024-09-16T13:40:08.000000Z
2024,260.56954861111114,43.08037,-79.06906,2024-09-16T13:40:09.000000Z
2024,260.5695601851852,43.08037,-79.06906,2024-09-16T13:40:10.000000Z
2024,260.56957175925925,43.08037,-79.06906,2024-09-16T13:40:11.000000Z
2024,260.56958333333336,43.08037,-79.06906,2024-09-16T13:40:12.000000Z
2024,260.5695949074074,43.08037,-79.06906,2024-09-16T13:40:13.000000Z
2024,260.5696064814815,43.08037,-79.06906,2024-09-16T13:40:14.000000Z
2024,260.56961805555557,43.08037,-79.06906,2024-09-16T13:40:15.000000Z
2024,260.5696296296296,43.08037,-79.06906,2024-09-16T13:40:16.000000Z
2024,260.5696412037037,43.08037,-79.06906,2024-09-16T13:40:17.000000Z
2024,260.5696527777778,43.08037,-79.06906,2024-09-16T13:40:18.000000Z
2024,260.5696643518519,43.08037,-79.06906,2024-09-16T13:40:19.000000Z
2024,260.56967592592594,43.08037,-79.06906,2024-09-16T13:40:20.000000Z
2024,260.5696875,43.08037,-79.06906,2024-09-16T13:40:21.000000Z
2024,260.5696990740741,43.08037,-79.06906,2024-09-16T13:40:22.000000Z
2024,260.56971064814815,43.08037,-79.06906,2024-09-16T13:40:23.000000Z
2024,260.56972222222225,43.08037,-79.06906,2024-09-16T13:40:24.000000Z
2024,260.5697337962963,43.08037,-79.06906,2024-09-16T13:40:25.000000Z
2024,260.56974537037036,43.08037,-79.06906,2024-09-16T13:40:26.000000Z
2024,260.56975694444446,43.08037,-79.06906,2024-09-16T13:40:27.000000Z
2024,260.5697685185185,43.08037,-79.06906,2024-09-16T13:40:28.000000Z
2024,260.5697800925926,43.08037,-79.06906,2024-09-16T13:40:29.000000Z
2024,260.5697916666667,43.08037,-79.06906,2024-09-16T13:40:30.000000Z
2024,260.5698032407407,43.08037,-79.06906,2024-09-16T13:40:31.000000Z
2024,260.56981481481483,43.08037,-79.06906,2024-09-16T13:40:32.000000Z
2024,260.5698263888889,43.08037,-79.06906,2024-09-16T13:40:33.000000Z
2024,260.569837962963,43.08037,-79.06906,2024-09-16T13:40:34.000000Z
2024,260.56984953703704,43.08037,-79.06906,2024-09-16T13:40:35.000000Z
2024,260.56986111111115,43.08037,-79.06906,2024-09-16T13:40:36.000000Z
2024,260.5698726851852,43.08037,-79.06906,2024-09-16T13:40:37.000000Z
2024,260.56988425925925,43.08037,-79.06906,2024-09-16T13:40:38.000000Z
2024,260.56989583333336,43.08037,-79.06906,2024-09-16T13:40:39.000000Z
2024,260.5699074074074,43.08037,-79.06906,2024-09-16T13:40:40.000000Z
2024,260.5699189814815,43.08037,-79.06906,2024-09-16T13:40:41.000000Z
2024,260.5699305555556,43.08037,-79.06906,2024-09-16T13:40:42.000000Z
2024,260.5699421296296,43.08037,-79.06906,2024-09-16T13:40:43.000000Z
2024,260.56995370370373,43.08037,-79.06906,2024-09-16T13:40:44.000000Z
2024,260.5699652777778,43.08037,-79.06906,2024-09-16T13:40:45.000000Z
2024,260.5699768518519,43.08037,-79.06906,2024-09-16T13:40:46.000000Z
2024,260.56998842592594,43.08037,-79.06906,2024-09-16T13:40:47.000000Z
2024,260.57,43.08037,-79.06906,2024-09-16T13:40:48.000000Z
2024,260.5700115740741,43.08037,-79.06906,2024-09-16T13:40:49.000000Z
2024,260.57002314814815,43.08037,-79.06906,2024-09-16T13:40:50.000000Z
2024,260.57003472222226,43.08037,-79.06906,2024-09-16T13:40:51.000000Z
2024,260.5700462962963,43.08037,-79.06906,2024-09-16T13:40:52.000000Z
2024,260.57005787037036,43.08037,-79.06906,2024-09-16T13:40:53.000000Z
2024,260.57006944444447,43.08037,-79.06906,2024-09-16T13:40:54.000000Z
2024,260.5700810185185,43.08037,-79.06906,2024-09-16T13:40:55.000000Z
2024,260.57009259259263,43.08037,-79.06906,2024-09-16T13:40:56.000000Z
2024,260.5701041666667,43.08037,-79.06906,2024-09-16T13:40:57.000000Z
2024,260.57011574074073,43.08037,-79.06906,2024-09-16T13:40:58.000000Z
2024,260.57012731481484,43.08037,-79.06906,2024-09-16T13:40:59.000000Z
2024,260.5701388888889,43.08037,-79.06906,2024-09-16T13:41:00.000000Z
2024,260.57015046296294,43.08037,-79.06906,2024-09-16T13:41:01.000000Z
2024,260.57016203703705,43.08037,-79.06906,2024-09-16T13:41:02.000000Z
2024,260.5701736111111,43.08037,-79.06906,2024-09-16T13:41:03.000000Z
2024,260.5701851851852,43.08037,-79.06906,2024-09-16T13:41:04.000000Z
2024,260.57019675925926,43.08037,-79.06906,2024-09-16T13:41:05.000000Z
2024,260.5702083333333,43.08037,-79.06906,2024-09-16T13:41:06.000000Z
2024,260.5702199074074,43.08037,-79.06906,2024-09-16T13:41:07.000000Z
2024,260.57023148148147,43.08037,-79.06906,2024-09-16T13:41:08.000000Z
2024,260.5702430555556,43.08037,-79.06906,2024-09-16T13:41:09.000000Z
2024,260.57025462962963,43.08037,-79.06906,2024-09-16T13:41:10.000000Z
2024,260.5702662037037,43.08037,-79.06906,2024-09-16T13:41:11.000000Z
2024,260.5702777777778,43.08037,-79.06906,2024-09-16T13:41:12.000000Z
2024,260.57028935185184,43.08037,-79.06906,2024-09-16T13:41:13.000000Z
2024,260.57030092592595,43.08037,-79.06906,2024-09-16T13:41:14.000000Z
2024,260.5703125,43.08037,-79.06906,2024-09-16T13:41:15.000000Z
2024,260.57032407407405,43.08037,-79.06906,2024-09-16T13:41:16.000000Z
2024,260.57033564814816,43.08037,-79.06906,2024-09-16T13:41:17.000000Z
2024,260.5703472222222,43.08037,-79.06906,2024-09-16T13:41:18.000000Z
2024,260.5703587962963,43.08037,-79.06906,2024-09-16T13:41:19.000000Z
2024,260.57037037037037,43.08037,-79.06906,2024-09-16T13:41:20.000000Z
2024,260.5703819444444,43.08037,-79.06906,2024-09-16T13:41:21.000000Z
2024,260.57039351851853,43.08037,-79.06906,2024-09-16T13:41:22.000000Z
2024,260.5704050925926,43.08037,-79.06906,2024-09-16T13:41:23.000000Z
2024,260.5704166666667,43.08037,-79.06906,2024-09-16T13:41:24.000000Z
2024,260.57042824074074,43.08037,-79.06906,2024-09-16T13:41:25.000000Z
2024,260.5704398148148,43.08037,-79.06906,2024-09-16T13:41:26.000000Z
2024,260.5704513888889,43.08037,-79.06906,2024-09-16T13:41:27.000000Z
2024,260.57046296296295,43.08037,-79.06906,2024-09-16T13:41:28.000000Z
2024,260.57047453703706,43.08037,-79.06906,2024-09-16T13:41:29.000000Z
2024,260.5704861111111,43.08037,-79.06906,2024-09-16T13:41:30.000000Z
2024,260.57049768518516,43.08037,-79.06906,2024-09-16T13:41:31.000000Z
2024,260.57050925925927,43.08037,-79.06906,2024-09-16T13:41:32.000000Z
2024,260.5705208333333,43.08037,-79.06906,2024-09-16T13:41:33.000000Z
2024,260.5705324074074,43.08037,-79.06906,2024-09-16T13:41:34.000000Z
2024,260.5705439814815,43.08037,-79.06906,2024-09-16T13:41:35.000000Z
2024,260.5705555555556,43.08037,-79.06906,2024-09-16T13:41:36.000000Z
2024,260.57056712962964,43.08037,-79.06906,2024-09-16T13:41:37.000000Z
2024,260.5705787037037,43.08037,-79.06906,2024-09-16T13:41:38.000000Z
2024,260.5705902777778,43.08037,-79.06906,2024-09-16T13:41:39.000000Z
2024,260.57060185185185,43.08037,-79.06906,2024-09-16T13:41:40.000000Z
2024,260.57061342592596,43.08037,-79.06906,2024-09-16T13:41:41.000000Z
2024,260.570625,43.08037,-79.06906,2024-09-16T13:41:42.000000Z
2024,260.57063657407406,43.08037,-79.06906,2024-09-16T13:41:43.000000Z
2024,260.57064814814817,43.08037,-79.06906,2024-09-16T13:41:44.000000Z
2024,260.5706597222222,43.08037,-79.06906,2024-09-16T13:41:45.000000Z
2024,260.5706712962963,43.08037,-79.06906,2024-09-16T13:41:46.000000Z
2024,260.5706828703704,43.08037,-79.06906,2024-09-16T13:41:47.000000Z
2024,260.5706944444444,43.08037,-79.06906,2024-09-16T13:41:48.000000Z
2024,260.57070601851854,43.08037,-79.06906,2024-09-16T13:41:49.000000Z
2024,260.5707175925926,43.08037,-79.06906,2024-09-16T13:41:50.000000Z
2024,260.5707291666667,43.08037,-79.06906,2024-09-16T13:41:51.000000Z
2024,260.57074074074075,43.08037,-79.06906,2024-09-16T13:41:52.000000Z
2024,260.5707523148148,43.08037,-79.06906,2024-09-16T13:41:53.000000Z
2024,260.5707638888889,43.08037,-79.06906,2024-09-16T13:41:54.000000Z
2024,260.57077546296296,43.08037,-79.06906,2024-09-16T13:41:55.000000Z
2024,260.57078703703706,43.08037,-79.06906,2024-09-16T13:41:56.000000Z
2024,260.5707986111111,43.08037,-79.06906,2024-09-16T13:41:57.000000Z
2024,260.57081018518517,43.08037,-79.06906,2024-09-16T13:41:58.000000Z
2024,260.5708217592593,43.08037,-79.06906,2024-09-16T13:41:59.000000Z
2024,260.5708333333333,43.08037,-79.06906,2024-09-16T13:42:00.000000Z
2024,260.5708449074074,43.08037,-79.06906,2024-09-16T13:42:01.000000Z
2024,260.5708564814815,43.08037,-79.06906,2024-09-16T13:42:02.000000Z
2024,260.57086805555554,43.08037,-79.06906,2024-09-16T13:42:03.000000Z
2024,260.57087962962964,43.08037,-79.06906,2024-09-16T13:42:04.000000Z
2024,260.5708912037037,43.08037,-79.06906,2024-09-16T13:42:05.000000Z
2024,260.57090277777775,43.08037,-79.06906,2024-09-16T13:42:06.000000Z
2024,260.57091435185185,43.08037,-79.06906,2024-09-16T13:42:07.000000Z
2024,260.5709259259259,43.08037,-79.06906,2024-09-16T13:42:08.000000Z
2024,260.5709375,43.08037,-79.06906,2024-09-16T13:42:09.000000Z
2024,260.57094907407406,43.08037,-79.06906,2024-09-16T13:42:10.000000Z
2024,260.5709606481481,43.08037,-79.06906,2024-09-16T13:42:11.000000Z
2024,260.5709722222222,43.08037,-79.06906,2024-09-16T13:42:12.000000Z
2024,260.5709837962963,43.08037,-79.06906,2024-09-16T13:42:13.000000Z
2024,260.5709953703704,43.08037,-79.06906,2024-09-16T13:42:14.000000Z
2024,260.57100694444443,43.08037,-79.06906,2024-09-16T13:42:15.000000Z
2024,260.5710185185185,43.08037,-79.06906,2024-09-16T13:42:16.000000Z
2024,260.5710300925926,43.08037,-79.06906,2024-09-16T13:42:17.000000Z
2024,260.57104166666664,43.08037,-79.06906,2024-09-16T13:42:18.000000Z
2024,260.57105324074075,43.08037,-79.06906,2024-09-16T13:42:19.000000Z
2024,260.5710648148148,43.08037,-79.06906,2024-09-16T13:42:20.000000Z
2024,260.57107638888886,43.08037,-79.06906,2024-09-16T13:42:21.000000Z
2024,260.57108796296296,43.08037,-79.06906,2024-09-16T13:42:22.000000Z
2024,260.571099537037,43.08037,-79.06906,2024-09-16T13:42:23.000000Z
2024,260.5711111111111,43.08037,-79.06906,2024-09-16T13:42:24.000000Z
2024,260.5711226851852,43.08037,-79.06906,2024-09-16T13:42:25.000000Z
2024,260.5711342592592,43.08037,-79.06906,2024-09-16T13:42:26.000000Z
2024,260.57114583333333,43.08037,-79.06906,2024-09-16T13:42:27.000000Z
2024,260.5711574074074,43.08037,-79.06906,2024-09-16T13:42:28.000000Z
2024,260.5711689814815,43.08037,-79.06906,2024-09-16T13:42:29.000000Z
2024,260.57118055555554,43.08037,-79.06906,2024-09-16T13:42:30.000000Z
2024,260.5711921296296,43.08037,-79.06906,2024-09-16T13:42:31.000000Z
2024,260.5712037037037,43.08037,-79.06906,2024-09-16T13:42:32.000000Z
2024,260.57121527777775,43.08037,-79.06906,2024-09-16T13:42:33.000000Z
2024,260.57122685185186,43.08037,-79.06906,2024-09-16T13:42:34.000000Z
2024,260.5712384259259,43.08037,-79.06906,2024-09-16T13:42:35.000000Z
2024,260.57125,43.08037,-79.06906,2024-09-16T13:42:36.000000Z
2024,260.5712615740741,43.08037,-79.06906,2024-09-16T13:42:37.000000Z
2024,260.5712731481481,43.08037,-79.06906,2024-09-16T13:42:38.000000Z
2024,260.57128472222223,43.08037,-79.06906,2024-09-16T13:42:39.000000Z
2024,260.5712962962963,43.08037,-79.06906,2024-09-16T13:42:40.000000Z
2024,260.5713078703704,43.08037,-79.06906,2024-09-16T13:42:41.000000Z
2024,260.57131944444444,43.08037,-79.06906,2024-09-16T13:42:42.000000Z
2024,260.5713310185185,43.08037,-79.06906,2024-09-16T13:42:43.000000Z
2024,260.5713425925926,43.08037,-79.06906,2024-09-16T13:42:44.000000Z
2024,260.57135416666665,43.08037,-79.06906,2024-09-16T13:42:45.000000Z
2024,260.57136574074076,43.08037,-79.06906,2024-09-16T13:42:46.000000Z
2024,260.5713773148148,43.08037,-79.06906,2024-09-16T13:42:47.000000Z
2024,260.57138888888886,43.08037,-79.06906,2024-09-16T13:42:48.000000Z
2024,260.57140046296297,43.08037,-79.06906,2024-09-16T13:42:49.000000Z
2024,260.571412037037,43.08037,-79.06906,2024-09-16T13:42:50.000000Z
2024,260.57142361111113,43.08037,-79.06906,2024-09-16T13:42:51.000000Z
2024,260.5714351851852,43.08037,-79.06906,2024-09-16T13:42:52.000000Z
2024,260.57144675925923,43.08037,-79.06906,2024-09-16T13:42:53.000000Z
2024,260.57145833333334,43.08037,-79.06906,2024-09-16T13:42:54.000000Z
2024,260.5714699074074,43.08037,-79.06907,2024-09-16T13:42:55.000000Z
2024,260.5714814814815,43.08037,-79.06907,2024-09-16T13:42:56.000000Z
2024,260.57149305555555,43.08037,-79.06907,2024-09-16T13:42:57.000000Z
2024,260.5715046296296,43.08037,-79.06907,2024-09-16T13:42:58.000000Z
2024,260.5715162037037,43.08037,-79.06907,2024-09-16T13:42:59.000000Z
2024,260.5715277777778,43.08037,-79.06907,2024-09-16T13:43:00.000000Z
2024,260.57153935185187,43.08037,-79.06907,2024-09-16T13:43:01.000000Z
2024,260.571550925926,43.08037,-79.06907,2024-09-16T13:43:02.000000Z
2024,260.5715625,43.08037,-79.06907,2024-09-16T13:43:03.000000Z
2024,260.57157407407414,43.08037,-79.06907,2024-09-16T13:43:04.000000Z
2024,260.5715856481482,43.08037,-79.06907,2024-09-16T13:43:05.000000Z
2024,260.57159722222224,43.08037,-79.06907,2024-09-16T13:43:06.000000Z
2024,260.57160879629635,43.08037,-79.06907,2024-09-16T13:43:07.000000Z
2024,260.5716203703704,43.08037,-79.06907,2024-09-16T13:43:08.000000Z
2024,260.5716319444445,43.08037,-79.06907,2024-09-16T13:43:09.000000Z
2024,260.57164351851856,43.08037,-79.06907,2024-09-16T13:43:10.000000Z
2024,260.5716550925926,43.08037,-79.06907,2024-09-16T13:43:11.000000Z
2024,260.5716666666667,43.08037,-79.06907,2024-09-16T13:43:12.000000Z
2024,260.57167824074077,43.08037,-79.06907,2024-09-16T13:43:13.000000Z
2024,260.5716898148149,43.08037,-79.06907,2024-09-16T13:43:14.000000Z
2024,260.5717013888889,43.08037,-79.06907,2024-09-16T13:43:15.000000Z
2024,260.571712962963,43.08037,-79.06907,2024-09-16T13:43:16.000000Z
2024,260.5717245370371,43.08037,-79.06907,2024-09-16T13:43:17.000000Z
2024,260.57173611111114,43.08037,-79.06907,2024-09-16T13:43:18.000000Z
2024,260.57174768518524,43.08037,-79.06907,2024-09-16T13:43:19.000000Z
2024,260.5717592592593,43.08037,-79.06907,2024-09-16T13:43:20.000000Z
2024,260.57177083333335,43.08037,-79.06907,2024-09-16T13:43:21.000000Z
2024,260.57178240740745,43.08037,-79.06907,2024-09-16T13:43:22.000000Z
2024,260.5717939814815,43.08037,-79.06907,2024-09-16T13:43:23.000000Z
2024,260.5718055555556,43.08037,-79.06907,2024-09-16T13:43:24.000000Z
2024,260.57181712962966,43.08037,-79.06907,2024-09-16T13:43:25.000000Z
2024,260.5718287037037,43.08037,-79.06907,2024-09-16T13:43:26.000000Z
2024,260.5718402777778,43.08037,-79.06907,2024-09-16T13:43:27.000000Z
2024,260.5718518518519,43.08037,-79.06907,2024-09-16T13:43:28.000000Z
2024,260.571863425926,43.08037,-79.06907,2024-09-16T13:43:29.000000Z
2024,260.57187500000003,43.08037,-79.06907,2024-09-16T13:43:30.000000Z
2024,260.5718865740741,43.08037,-79.06907,2024-09-16T13:43:31.000000Z
2024,260.5718981481482,43.08037,-79.06907,2024-09-16T13:43:32.000000Z
2024,260.57190972222224,43.08037,-79.06907,2024-09-16T13:43:33.000000Z
2024,260.57192129629635,43.08037,-79.06907,2024-09-16T13:43:34.000000Z
2024,260.5719328703704,43.08037,-79.06907,2024-09-16T13:43:35.000000Z
2024,260.5719444444445,43.08037,-79.06908,2024-09-16T13:43:36.000000Z
2024,260.57195601851856,43.08037,-79.06908,2024-09-16T13:43:37.000000Z
2024,260.5719675925926,43.08037,-79.06908,2024-09-16T13:43:38.000000Z
2024,260.5719791666667,43.08037,-79.06908,2024-09-16T13:43:39.000000Z
2024,260.5719907407408,43.08037,-79.06907,2024-09-16T13:43:40.000000Z
2024,260.5720023148149,43.08037,-79.06907,2024-09-16T13:43:41.000000Z
2024,260.57201388888893,43.08037,-79.06907,2024-09-16T13:43:42.000000Z
2024,260.572025462963,43.08037,-79.06907,2024-09-16T13:43:43.000000Z
2024,260.5720370370371,43.08037,-79.06907,2024-09-16T13:43:44.000000Z
2024,260.57204861111114,43.08037,-79.06908,2024-09-16T13:43:45.000000Z
2024,260.57206018518525,43.08037,-79.06907,2024-09-16T13:43:46.000000Z
2024,260.5720717592593,43.08037,-79.06907,2024-09-16T13:43:47.000000Z
2024,260.57208333333335,43.08037,-79.06907,2024-09-16T13:43:48.000000Z
2024,260.57209490740746,43.08037,-79.06908,2024-09-16T13:43:49.000000Z
2024,260.5721064814815,43.08037,-79.06908,2024-09-16T13:43:50.000000Z
2024,260.5721180555556,43.08037,-79.06908,2024-09-16T13:43:51.000000Z
2024,260.57212962962967,43.08037,-79.06908,2024-09-16T13:43:52.000000Z
2024,260.5721412037037,43.08037,-79.06908,2024-09-16T13:43:53.000000Z
2024,260.57215277777783,43.08037,-79.06908,2024-09-16T13:43:54.000000Z
2024,260.5721643518519,43.08037,-79.06908,2024-09-16T13:43:55.000000Z
2024,260.572175925926,43.08037,-79.06908,2024-09-16T13:43:56.000000Z
2024,260.57218750000004,43.08037,-79.06908,2024-09-16T13:43:57.000000Z
2024,260.5721990740741,43.08037,-79.06908,2024-09-16T13:43:58.000000Z
2024,260.5722106481482,43.08037,-79.06908,2024-09-16T13:43:59.000000Z
2024,260.57222222222225,43.08037,-79.06908,2024-09-16T13:44:00.000000Z
2024,260.5722337962963,43.08037,-79.06908,2024-09-16T13:44:01.000000Z
2024,260.5722453703704,43.08037,-79.06908,2024-09-16T13:44:02.000000Z
2024,260.57225694444446,43.08037,-79.06908,2024-09-16T13:44:03.000000Z
2024,260.57226851851857,43.08037,-79.06908,2024-09-16T13:44:04.000000Z
2024,260.5722800925926,43.08037,-79.06908,2024-09-16T13:44:05.000000Z
2024,260.5722916666667,43.08037,-79.06908,2024-09-16T13:44:06.000000Z
2024,260.5723032407408,43.08037,-79.06908,2024-09-16T13:44:07.000000Z
2024,260.57231481481483,43.08037,-79.06908,2024-09-16T13:44:08.000000Z
2024,260.57232638888894,43.08037,-79.06908,2024-09-16T13:44:09.000000Z
2024,260.572337962963,43.08037,-79.06908,2024-09-16T13:44:10.000000Z
2024,260.57234953703704,43.08037,-79.06908,2024-09-16T13:44:11.000000Z
2024,260.57236111111115,43.08037,-79.06908,2024-09-16T13:44:12.000000Z
2024,260.5723726851852,43.08037,-79.06908,2024-09-16T13:44:13.000000Z
2024,260.5723842592593,43.08037,-79.06908,2024-09-16T13:44:14.000000Z
2024,260.57239583333336,43.08037,-79.06908,2024-09-16T13:44:15.000000Z
2024,260.5724074074074,43.08037,-79.06908,2024-09-16T13:44:16.000000Z
2024,260.5724189814815,43.08037,-79.06908,2024-09-16T13:44:17.000000Z
2024,260.57243055555557,43.08037,-79.06908,2024-09-16T13:44:18.000000Z
2024,260.5724421296297,43.08037,-79.06908,2024-09-16T13:44:19.000000Z
2024,260.57245370370373,43.08037,-79.06908,2024-09-16T13:44:20.000000Z
2024,260.5724652777778,43.08037,-79.06908,2024-09-16T13:44:21.000000Z
2024,260.5724768518519,43.08037,-79.06908,2024-09-16T13:44:22.000000Z
2024,260.57248842592594,43.08037,-79.06908,2024-09-16T13:44:23.000000Z
2024,260.57250000000005,43.08037,-79.06908,2024-09-16T13:44:24.000000Z
2024,260.5725115740741,43.08037,-79.06908,2024-09-16T13:44:25.000000Z
2024,260.57252314814815,43.08037,-79.06908,2024-09-16T13:44:26.000000Z
2024,260.57253472222226,43.08037,-79.06908,2024-09-16T13:44:27.000000Z
2024,260.5725462962963,43.08037,-79.06908,2024-09-16T13:44:28.000000Z
2024,260.5725578703704,43.08037,-79.06908,2024-09-16T13:44:29.000000Z
2024,260.57256944444447,43.08037,-79.06908,2024-09-16T13:44:30.000000Z
2024,260.5725810185185,43.08037,-79.06908,2024-09-16T13:44:31.000000Z
2024,260.5725925925926,43.08037,-79.06908,2024-09-16T13:44:32.000000Z
2024,260.5726041666667,43.08037,-79.06908,2024-09-16T13:44:33.000000Z
2024,260.5726157407408,43.08037,-79.06908,2024-09-16T13:44:34.000000Z
2024,260.57262731481484,43.08037,-79.06908,2024-09-16T13:44:35.000000Z
2024,260.57263888888895,43.08037,-79.06908,2024-09-16T13:44:36.000000Z
2024,260.572650462963,43.08037,-79.06908,2024-09-16T13:44:37.000000Z
2024,260.57266203703705,43.08037,-79.06908,2024-09-16T13:44:38.000000Z
2024,260.57267361111116,43.08037,-79.06908,2024-09-16T13:44:39.000000Z
2024,260.5726851851852,43.08037,-79.06908,2024-09-16T13:44:40.000000Z
2024,260.5726967592593,43.08037,-79.06908,2024-09-16T13:44:41.000000Z
2024,260.57270833333337,43.08037,-79.06908,2024-09-16T13:44:42.000000Z
2024,260.5727199074074,43.08037,-79.06908,2024-09-16T13:44:43.000000Z
2024,260.5727314814815,43.08037,-79.06908,2024-09-16T13:44:44.000000Z
2024,260.5727430555556,43.08037,-79.06908,2024-09-16T13:44:45.000000Z
2024,260.5727546296297,43.08037,-79.06908,2024-09-16T13:44:46.000000Z
2024,260.57276620370374,43.08037,-79.06908,2024-09-16T13:44:47.000000Z
2024,260.5727777777778,43.08037,-79.06908,2024-09-16T13:44:48.000000Z
2024,260.5727893518519,43.08037,-79.06908,2024-09-16T13:44:49.000000Z
2024,260.57280092592595,43.08037,-79.06908,2024-09-16T13:44:50.000000Z
2024,260.57281250000005,43.08037,-79.06908,2024-09-16T13:44:51.000000Z
2024,260.5728240740741,43.08037,-79.06908,2024-09-16T13:44:52.000000Z
2024,260.57283564814816,43.08037,-79.06908,2024-09-16T13:44:53.000000Z
2024,260.57284722222226,43.08038,-79.06908,2024-09-16T13:44:54.000000Z
2024,260.5728587962963,43.08038,-79.06908,2024-09-16T13:44:55.000000Z
2024,260.5728703703704,43.08038,-79.06908,2024-09-16T13:44:56.000000Z
2024,260.5728819444445,43.08038,-79.06908,2024-09-16T13:44:57.000000Z
2024,260.5728935185185,43.08038,-79.06908,2024-09-16T13:44:58.000000Z
2024,260.57290509259263,43.08038,-79.06908,2024-09-16T13:44:59.000000Z
2024,260.5729166666667,43.08038,-79.06908,2024-09-16T13:45:00.000000Z
2024,260.57292824074074,43.08038,-79.06908,2024-09-16T13:45:01.000000Z
2024,260.57293981481484,43.08038,-79.06908,2024-09-16T13:45:02.000000Z
2024,260.5729513888889,43.08038,-79.06908,2024-09-16T13:45:03.000000Z
2024,260.572962962963,43.08038,-79.06908,2024-09-16T13:45:04.000000Z
2024,260.57297453703706,43.08038,-79.06908,2024-09-16T13:45:05.000000Z
2024,260.5729861111111,43.08038,-79.06908,2024-09-16T13:45:06.000000Z
2024,260.5729976851852,43.08038,-79.06908,2024-09-16T13:45:07.000000Z
2024,260.57300925925927,43.08038,-79.06907,2024-09-16T13:45:08.000000Z
2024,260.5730208333334,43.08038,-79.06907,2024-09-16T13:45:09.000000Z
2024,260.5730324074074,43.08038,-79.06907,2024-09-16T13:45:10.000000Z
2024,260.5730439814815,43.08038,-79.06907,2024-09-16T13:45:11.000000Z
2024,260.5730555555556,43.08038,-79.06907,2024-09-16T13:45:12.000000Z
2024,260.57306712962964,43.08038,-79.06907,2024-09-16T13:45:13.000000Z
2024,260.57307870370374,43.08038,-79.06907,2024-09-16T13:45:14.000000Z
2024,260.5730902777778,43.08038,-79.06907,2024-09-16T13:45:15.000000Z
2024,260.57310185185185,43.08038,-79.06907,2024-09-16T13:45:16.000000Z
2024,260.57311342592595,43.08038,-79.06907,2024-09-16T13:45:17.000000Z
2024,260.573125,43.08038,-79.06907,2024-09-16T13:45:18.000000Z
2024,260.5731365740741,43.08038,-79.06907,2024-09-16T13:45:19.000000Z
2024,260.57314814814816,43.08038,-79.06907,2024-09-16T13:45:20.000000Z
2024,260.5731597222222,43.08038,-79.06907,2024-09-16T13:45:21.000000Z
2024,260.5731712962963,43.08038,-79.06907,2024-09-16T13:45:22.000000Z
2024,260.5731828703704,43.08038,-79.06907,2024-09-16T13:45:23.000000Z
2024,260.5731944444445,43.08038,-79.06907,2024-09-16T13:45:24.000000Z
2024,260.57320601851853,43.08038,-79.06907,2024-09-16T13:45:25.000000Z
2024,260.5732175925926,43.08038,-79.06907,2024-09-16T13:45:26.000000Z
2024,260.5732291666667,43.08038,-79.06907,2024-09-16T13:45:27.000000Z
2024,260.57324074074074,43.08038,-79.06907,2024-09-16T13:45:28.000000Z
2024,260.57325231481485,43.08038,-79.06907,2024-09-16T13:45:29.000000Z
2024,260.5732638888889,43.08038,-79.06907,2024-09-16T13:45:30.000000Z
2024,260.57327546296295,43.08038,-79.06907,2024-09-16T13:45:31.000000Z
2024,260.57328703703706,43.08038,-79.06907,2024-09-16T13:45:32.000000Z
2024,260.5732986111111,43.08038,-79.06907,2024-09-16T13:45:33.000000Z
2024,260.5733101851852,43.08038,-79.06907,2024-09-16T13:45:34.000000Z
2024,260.5733217592593,43.08038,-79.06907,2024-09-16T13:45:35.000000Z
2024,260.5733333333334,43.08038,-79.06907,2024-09-16T13:45:36.000000Z
2024,260.57334490740743,43.08038,-79.06907,2024-09-16T13:45:37.000000Z
2024,260.5733564814815,43.08038,-79.06907,2024-09-16T13:45:38.000000Z
2024,260.5733680555556,43.08038,-79.06907,2024-09-16T13:45:39.000000Z
2024,260.57337962962964,43.08038,-79.06907,2024-09-16T13:45:40.000000Z
2024,260.57339120370375,43.08038,-79.06907,2024-09-16T13:45:41.000000Z
2024,260.5734027777778,43.08038,-79.06907,2024-09-16T13:45:42.000000Z
2024,260.57341435185185,43.08038,-79.06907,2024-09-16T13:45:43.000000Z
2024,260.57342592592596,43.08038,-79.06907,2024-09-16T13:45:44.000000Z
2024,260.5734375,43.08038,-79.06907,2024-09-16T13:45:45.000000Z
2024,260.5734490740741,43.08038,-79.06907,2024-09-16T13:45:46.000000Z
2024,260.57346064814817,43.08038,-79.06907,2024-09-16T13:45:47.000000Z
2024,260.5734722222222,43.08038,-79.06907,2024-09-16T13:45:48.000000Z
2024,260.57348379629633,43.08038,-79.06907,2024-09-16T13:45:49.000000Z
2024,260.5734953703704,43.08038,-79.06907,2024-09-16T13:45:50.000000Z
2024,260.5735069444445,43.08038,-79.06907,2024-09-16T13:45:51.000000Z
2024,260.57351851851854,43.08038,-79.06907,2024-09-16T13:45:52.000000Z
2024,260.5735300925926,43.08038,-79.06907,2024-09-16T13:45:53.000000Z
2024,260.5735416666667,43.08038,-79.06907,2024-09-16T13:45:54.000000Z
2024,260.57355324074075,43.08038,-79.06907,2024-09-16T13:45:55.000000Z
2024,260.57356481481486,43.08038,-79.06907,2024-09-16T13:45:56.000000Z
2024,260.5735763888889,43.08038,-79.06907,2024-09-16T13:45:57.000000Z
2024,260.57358796296296,43.08038,-79.06907,2024-09-16T13:45:58.000000Z
2024,260.57359953703707,43.08038,-79.06907,2024-09-16T13:45:59.000000Z
2024,260.5736111111111,43.08038,-79.06907,2024-09-16T13:46:00.000000Z
2024,260.57362268518517,43.08038,-79.06907,2024-09-16T13:46:01.000000Z
2024,260.5737962962963,43.08038,-79.06907,2024-09-16T13:46:16.000000Z
2024,260.5738078703704,43.08038,-79.06907,2024-09-16T13:46:17.000000Z
2024,260.57381944444444,43.08038,-79.06907,2024-09-16T13:46:18.000000Z
2024,260.57383101851855,43.08038,-79.06907,2024-09-16T13:46:19.000000Z
2024,260.5738425925926,43.08038,-79.06907,2024-09-16T13:46:20.000000Z
2024,260.57385416666665,43.08038,-79.06907,2024-09-16T13:46:21.000000Z
2024,260.57386574074076,43.08038,-79.06907,2024-09-16T13:46:22.000000Z
2024,260.5738773148148,43.08038,-79.06907,2024-09-16T13:46:23.000000Z
2024,260.5738888888889,43.08038,-79.06907,2024-09-16T13:46:24.000000Z
2024,260.57390046296297,43.08038,-79.06906,2024-09-16T13:46:25.000000Z
2024,260.573912037037,43.08038,-79.06906,2024-09-16T13:46:26.000000Z
2024,260.5739236111111,43.08038,-79.06906,2024-09-16T13:46:27.000000Z
2024,260.5739351851852,43.08038,-79.06906,2024-09-16T13:46:28.000000Z
2024,260.5739467592593,43.08038,-79.06906,2024-09-16T13:46:29.000000Z
2024,260.57395833333334,43.08038,-79.06906,2024-09-16T13:46:30.000000Z
2024,260.5739814814815,43.08038,-79.06906,2024-09-16T13:46:32.000000Z
2024,260.57399305555555,43.08038,-79.06906,2024-09-16T13:46:33.000000Z
2024,260.57400462962966,43.08038,-79.06906,2024-09-16T13:46:34.000000Z
2024,260.5740162037037,43.08038,-79.06906,2024-09-16T13:46:35.000000Z
2024,260.5740277777778,43.08038,-79.06906,2024-09-16T13:46:36.000000Z
2024,260.57403935185187,43.08038,-79.06906,2024-09-16T13:46:37.000000Z
2024,260.5740509259259,43.08038,-79.06906,2024-09-16T13:46:38.000000Z
2024,260.5740625,43.08038,-79.06906,2024-09-16T13:46:39.000000Z
2024,260.5740740740741,43.08038,-79.06906,2024-09-16T13:46:40.000000Z
2024,260.5740856481482,43.08038,-79.06906,2024-09-16T13:46:41.000000Z
2024,260.57409722222224,43.08038,-79.06906,2024-09-16T13:46:42.000000Z
2024,260.5741087962963,43.08038,-79.06906,2024-09-16T13:46:43.000000Z
2024,260.5741203703704,43.08038,-79.06906,2024-09-16T13:46:44.000000Z
2024,260.57413194444445,43.08038,-79.06906,2024-09-16T13:46:45.000000Z
2024,260.57414351851855,43.08038,-79.06906,2024-09-16T13:46:46.000000Z
2024,260.5741550925926,43.08038,-79.06906,2024-09-16T13:46:47.000000Z
2024,260.57416666666666,43.08038,-79.06906,2024-09-16T13:46:48.000000Z
2024,260.57417824074076,43.08038,-79.06906,2024-09-16T13:46:49.000000Z
2024,260.5741898148148,43.08038,-79.06906,2024-09-16T13:46:50.000000Z
2024,260.5742013888889,43.08038,-79.06906,2024-09-16T13:46:51.000000Z
2024,260.574212962963,43.08038,-79.06906,2024-09-16T13:46:52.000000Z
2024,260.574224537037,43.08038,-79.06906,2024-09-16T13:46:53.000000Z
2024,260.57423611111113,43.08038,-79.06906,2024-09-16T13:46:54.000000Z
2024,260.5742476851852,43.08038,-79.06906,2024-09-16T13:46:55.000000Z
2024,260.5742592592593,43.08038,-79.06906,2024-09-16T13:46:56.000000Z
2024,260.57427083333334,43.08038,-79.06906,2024-09-16T13:46:57.000000Z
2024,260.5742824074074,43.08038,-79.06906,2024-09-16T13:46:58.000000Z
2024,260.5742939814815,43.08038,-79.06906,2024-09-16T13:46:59.000000Z
2024,260.57430555555555,43.08038,-79.06906,2024-09-16T13:47:00.000000Z
2024,260.5743171296296,43.08038,-79.06906,2024-09-16T13:47:01.000000Z
2024,260.5743287037037,43.08038,-79.06906,2024-09-16T13:47:02.000000Z
2024,260.57434027777776,43.08038,-79.06906,2024-09-16T13:47:03.000000Z
2024,260.5743518518519,43.08038,-79.06906,2024-09-16T13:47:04.000000Z
2024,260.5743634259259,43.08038,-79.06906,2024-09-16T13:47:05.000000Z
2024,260.574375,43.08038,-79.06906,2024-09-16T13:47:06.000000Z
2024,260.5743865740741,43.08038,-79.06906,2024-09-16T13:47:07.000000Z
2024,260.57439814814813,43.08038,-79.06906,2024-09-16T13:47:08.000000Z
2024,260.57440972222224,43.08038,-79.06906,2024-09-16T13:47:09.000000Z
2024,260.5744212962963,43.08038,-79.06906,2024-09-16T13:47:10.000000Z
2024,260.57443287037034,43.08038,-79.06906,2024-09-16T13:47:11.000000Z
2024,260.57444444444445,43.08038,-79.06906,2024-09-16T13:47:12.000000Z
2024,260.5744560185185,43.08038,-79.06906,2024-09-16T13:47:13.000000Z
2024,260.5744675925926,43.08038,-79.06906,2024-09-16T13:47:14.000000Z
2024,260.57447916666666,43.08038,-79.06906,2024-09-16T13:47:15.000000Z
2024,260.5744907407407,43.08038,-79.06906,2024-09-16T13:47:16.000000Z
2024,260.5745023148148,43.08038,-79.06906,2024-09-16T13:47:17.000000Z
2024,260.5745138888889,43.08038,-79.06906,2024-09-16T13:47:18.000000Z
2024,260.574525462963,43.08038,-79.06906,2024-09-16T13:47:19.000000Z
2024,260.57453703703703,43.08038,-79.06906,2024-09-16T13:47:20.000000Z
2024,260.5745486111111,43.08038,-79.06906,2024-09-16T13:47:21.000000Z
2024,260.5745601851852,43.08038,-79.06906,2024-09-16T13:47:22.000000Z
2024,260.57457175925924,43.08038,-79.06906,2024-09-16T13:47:23.000000Z
2024,260.57458333333335,43.08038,-79.06906,2024-09-16T13:47:24.000000Z
2024,260.5745949074074,43.08038,-79.06906,2024-09-16T13:47:25.000000Z
2024,260.57460648148145,43.08038,-79.06906,2024-09-16T13:47:26.000000Z
2024,260.57461805555556,43.08038,-79.06906,2024-09-16T13:47:27.000000Z
2024,260.5746296296296,43.08038,-79.06906,2024-09-16T13:47:28.000000Z
2024,260.5746412037037,43.08038,-79.06906,2024-09-16T13:47:29.000000Z
2024,260.57465277777777,43.08038,-79.06906,2024-09-16T13:47:30.000000Z
2024,260.5746643518518,43.08038,-79.06906,2024-09-16T13:47:31.000000Z
2024,260.57467592592593,43.08038,-79.06906,2024-09-16T13:47:32.000000Z
2024,260.5746875,43.08038,-79.06906,2024-09-16T13:47:33.000000Z
2024,260.5746990740741,43.08038,-79.06906,2024-09-16T13:47:34.000000Z
2024,260.57471064814814,43.08038,-79.06906,2024-09-16T13:47:35.000000Z
2024,260.57472222222225,43.08038,-79.06906,2024-09-16T13:47:36.000000Z
2024,260.5747337962963,43.08038,-79.06906,2024-09-16T13:47:37.000000Z
2024,260.57475694444446,43.08038,-79.06906,2024-09-16T13:47:39.000000Z
2024,260.5747685185185,43.08038,-79.06906,2024-09-16T13:47:40.000000Z
2024,260.5747800925926,43.08038,-79.06906,2024-09-16T13:47:41.000000Z
2024,260.57479166666667,43.08038,-79.06906,2024-09-16T13:47:42.000000Z
2024,260.5748032407407,43.08038,-79.06906,2024-09-16T13:47:43.000000Z
2024,260.57481481481483,43.08038,-79.06906,2024-09-16T13:47:44.000000Z
2024,260.5748263888889,43.08038,-79.06906,2024-09-16T13:47:45.000000Z
2024,260.574837962963,43.08038,-79.06906,2024-09-16T13:47:46.000000Z
2024,260.57484953703704,43.08038,-79.06906,2024-09-16T13:47:47.000000Z
2024,260.5748611111111,43.08038,-79.06906,2024-09-16T13:47:48.000000Z
2024,260.5748726851852,43.08038,-79.06906,2024-09-16T13:47:49.000000Z
2024,260.57488425925925,43.08038,-79.06906,2024-09-16T13:47:50.000000Z
2024,260.57489583333336,43.08038,-79.06906,2024-09-16T13:47:51.000000Z
2024,260.5749074074074,43.08039,-79.06906,2024-09-16T13:47:52.000000Z
2024,260.57491898148146,43.08038,-79.06906,2024-09-16T13:47:53.000000Z
2024,260.57493055555557,43.08038,-79.06906,2024-09-16T13:47:54.000000Z
2024,260.5749421296296,43.08038,-79.06906,2024-09-16T13:47:55.000000Z
2024,260.5749537037037,43.08038,-79.06906,2024-09-16T13:47:56.000000Z
2024,260.5749652777778,43.08038,-79.06906,2024-09-16T13:47:57.000000Z
2024,260.57497685185183,43.08038,-79.06906,2024-09-16T13:47:58.000000Z
2024,260.57498842592594,43.08038,-79.06906,2024-09-16T13:47:59.000000Z
2024,260.57500000000005,43.08038,-79.06906,2024-09-16T13:48:00.000000Z
2024,260.5750115740741,43.08038,-79.06906,2024-09-16T13:48:01.000000Z
2024,260.5750231481482,43.08038,-79.06906,2024-09-16T13:48:02.000000Z
2024,260.57503472222226,43.08038,-79.06906,2024-09-16T13:48:03.000000Z
2024,260.57504629629636,43.08038,-79.06906,2024-09-16T13:48:04.000000Z
2024,260.5750578703704,43.08038,-79.06906,2024-09-16T13:48:05.000000Z
2024,260.57506944444447,43.08038,-79.06906,2024-09-16T13:48:06.000000Z
2024,260.5750810185186,43.08038,-79.06906,2024-09-16T13:48:07.000000Z
2024,260.5750925925926,43.08038,-79.06906,2024-09-16T13:48:08.000000Z
2024,260.57510416666673,43.08038,-79.06906,2024-09-16T13:48:09.000000Z
2024,260.5751157407408,43.08038,-79.06906,2024-09-16T13:48:10.000000Z
2024,260.57512731481484,43.08038,-79.06906,2024-09-16T13:48:11.000000Z
2024,260.57513888888894,43.08038,-79.06906,2024-09-16T13:48:12.000000Z
2024,260.575150462963,43.08038,-79.06906,2024-09-16T13:48:13.000000Z
2024,260.5751620370371,43.08038,-79.06906,2024-09-16T13:48:14.000000Z
2024,260.57517361111115,43.08038,-79.06906,2024-09-16T13:48:15.000000Z
2024,260.5751851851852,43.08038,-79.06906,2024-09-16T13:48:16.000000Z
2024,260.5751967592593,43.08038,-79.06906,2024-09-16T13:48:17.000000Z
2024,260.57520833333336,43.08038,-79.06906,2024-09-16T13:48:18.000000Z
2024,260.5752199074075,43.08038,-79.06906,2024-09-16T13:48:19.000000Z
2024,260.5752314814815,43.08038,-79.06906,2024-09-16T13:48:20.000000Z
2024,260.5752430555556,43.08038,-79.06906,2024-09-16T13:48:21.000000Z
2024,260.5752546296297,43.08038,-79.06906,2024-09-16T13:48:22.000000Z
2024,260.57526620370373,43.08038,-79.06906,2024-09-16T13:48:23.000000Z
2024,260.57527777777784,43.08038,-79.06906,2024-09-16T13:48:24.000000Z
2024,260.5752893518519,43.08038,-79.06906,2024-09-16T13:48:25.000000Z
2024,260.57530092592594,43.08038,-79.06906,2024-09-16T13:48:26.000000Z
2024,260.57531250000005,43.08038,-79.06906,2024-09-16T13:48:27.000000Z
2024,260.5753240740741,43.08038,-79.06906,2024-09-16T13:48:28.000000Z
2024,260.5753356481482,43.08038,-79.06906,2024-09-16T13:48:29.000000Z
2024,260.57534722222226,43.08038,-79.06906,2024-09-16T13:48:30.000000Z
2024,260.5753587962963,43.08038,-79.06906,2024-09-16T13:48:31.000000Z
2024,260.5753703703704,43.08038,-79.06906,2024-09-16T13:48:32.000000Z
2024,260.5753819444445,43.08038,-79.06906,2024-09-16T13:48:33.000000Z
2024,260.5753935185186,43.08038,-79.06906,2024-09-16T13:48:34.000000Z
2024,260.57540509259263,43.08038,-79.06906,2024-09-16T13:48:35.000000Z
2024,260.57541666666674,43.08038,-79.06906,2024-09-16T13:48:36.000000Z
2024,260.5754282407408,43.08038,-79.06906,2024-09-16T13:48:37.000000Z
2024,260.57543981481484,43.08038,-79.06906,2024-09-16T13:48:38.000000Z
2024,260.57545138888895,43.08038,-79.06906,2024-09-16T13:48:39.000000Z
2024,260.575462962963,43.08038,-79.06906,2024-09-16T13:48:40.000000Z
2024,260.5754745370371,43.08038,-79.06906,2024-09-16T13:48:41.000000Z
2024,260.57548611111116,43.08038,-79.06906,2024-09-16T13:48:42.000000Z
2024,260.5754976851852,43.08038,-79.06906,2024-09-16T13:48:43.000000Z
2024,260.5755092592593,43.08038,-79.06906,2024-09-16T13:48:44.000000Z
2024,260.5755324074075,43.08038,-79.06906,2024-09-16T13:48:46.000000Z
2024,260.57554398148153,43.08038,-79.06906,2024-09-16T13:48:47.000000Z
2024,260.5755555555556,43.08038,-79.06906,2024-09-16T13:48:48.000000Z
2024,260.5755671296297,43.08038,-79.06906,2024-09-16T13:48:49.000000Z
2024,260.57557870370374,43.08038,-79.06906,2024-09-16T13:48:50.000000Z
2024,260.57559027777785,43.08038,-79.06906,2024-09-16T13:48:51.000000Z
2024,260.5756018518519,43.08038,-79.06906,2024-09-16T13:48:52.000000Z
2024,260.57561342592595,43.08038,-79.06906,2024-09-16T13:48:53.000000Z
2024,260.57562500000006,43.08038,-79.06906,2024-09-16T13:48:54.000000Z
2024,260.5756365740741,43.08038,-79.06906,2024-09-16T13:48:55.000000Z
2024,260.5756481481482,43.08038,-79.06906,2024-09-16T13:48:56.000000Z
2024,260.57565972222227,43.08038,-79.06906,2024-09-16T13:48:57.000000Z
2024,260.5756712962963,43.08038,-79.06906,2024-09-16T13:48:58.000000Z
2024,260.57568287037043,43.08038,-79.06906,2024-09-16T13:48:59.000000Z
2024,260.5756944444445,43.08038,-79.06906,2024-09-16T13:49:00.000000Z
2024,260.57570601851853,43.08038,-79.06906,2024-09-16T13:49:01.000000Z
2024,260.57571759259264,43.08038,-79.06906,2024-09-16T13:49:02.000000Z
2024,260.5757291666667,43.08038,-79.06906,2024-09-16T13:49:03.000000Z
2024,260.5757407407408,43.08038,-79.06906,2024-09-16T13:49:04.000000Z
2024,260.57575231481485,43.08038,-79.06906,2024-09-16T13:49:05.000000Z
2024,260.5757638888889,43.08038,-79.06906,2024-09-16T13:49:06.000000Z
2024,260.575775462963,43.08038,-79.06906,2024-09-16T13:49:07.000000Z
2024,260.57578703703706,43.08038,-79.06906,2024-09-16T13:49:08.000000Z
2024,260.57579861111117,43.08038,-79.06906,2024-09-16T13:49:09.000000Z
2024,260.5758101851852,43.08038,-79.06906,2024-09-16T13:49:10.000000Z
2024,260.57582175925927,43.08038,-79.06906,2024-09-16T13:49:11.000000Z
2024,260.5758333333334,43.08038,-79.06906,2024-09-16T13:49:12.000000Z
2024,260.57584490740743,43.08038,-79.06906,2024-09-16T13:49:13.000000Z
2024,260.57585648148154,43.08038,-79.06906,2024-09-16T13:49:14.000000Z
2024,260.5758680555556,43.08038,-79.06906,2024-09-16T13:49:15.000000Z
2024,260.57587962962964,43.08038,-79.06906,2024-09-16T13:49:16.000000Z
2024,260.57589120370375,43.08038,-79.06906,2024-09-16T13:49:17.000000Z
2024,260.5759027777778,43.08038,-79.06906,2024-09-16T13:49:18.000000Z
2024,260.5759143518519,43.08038,-79.06906,2024-09-16T13:49:19.000000Z
2024,260.57592592592596,43.08038,-79.06906,2024-09-16T13:49:20.000000Z
2024,260.5759375,43.08038,-79.06906,2024-09-16T13:49:21.000000Z
2024,260.5759490740741,43.08038,-79.06906,2024-09-16T13:49:22.000000Z
2024,260.57596064814817,43.08038,-79.06906,2024-09-16T13:49:23.000000Z
2024,260.5759722222223,43.08038,-79.06906,2024-09-16T13:49:24.000000Z
2024,260.5759837962963,43.08038,-79.06906,2024-09-16T13:49:25.000000Z
2024,260.5759953703704,43.08038,-79.06906,2024-09-16T13:49:26.000000Z
2024,260.5760069444445,43.08038,-79.06906,2024-09-16T13:49:27.000000Z
2024,260.57601851851854,43.08038,-79.06906,2024-09-16T13:49:28.000000Z
2024,260.57603009259265,43.08038,-79.06906,2024-09-16T13:49:29.000000Z
2024,260.5760416666667,43.08038,-79.06906,2024-09-16T13:49:30.000000Z
2024,260.57605324074075,43.08038,-79.06906,2024-09-16T13:49:31.000000Z
2024,260.57606481481486,43.08038,-79.06906,2024-09-16T13:49:32.000000Z
2024,260.5760763888889,43.08038,-79.06906,2024-09-16T13:49:33.000000Z
2024,260.576087962963,43.08038,-79.06906,2024-09-16T13:49:34.000000Z
2024,260.57609953703707,43.08038,-79.06906,2024-09-16T13:49:35.000000Z
2024,260.5761111111112,43.08038,-79.06906,2024-09-16T13:49:36.000000Z
2024,260.5761226851852,43.08038,-79.06906,2024-09-16T13:49:37.000000Z
2024,260.5761342592593,43.08038,-79.06906,2024-09-16T13:49:38.000000Z
2024,260.5761458333334,43.08038,-79.06906,2024-09-16T13:49:39.000000Z
2024,260.57615740740744,43.08038,-79.06906,2024-09-16T13:49:40.000000Z
2024,260.57616898148154,43.08038,-79.06906,2024-09-16T13:49:41.000000Z
2024,260.5761805555556,43.08038,-79.06906,2024-09-16T13:49:42.000000Z
2024,260.57619212962965,43.08038,-79.06906,2024-09-16T13:49:43.000000Z
2024,260.57620370370375,43.08038,-79.06906,2024-09-16T13:49:44.000000Z
2024,260.5762152777778,43.08038,-79.06906,2024-09-16T13:49:45.000000Z
2024,260.5762268518519,43.08038,-79.06906,2024-09-16T13:49:46.000000Z
2024,260.57623842592596,43.08038,-79.06906,2024-09-16T13:49:47.000000Z
2024,260.57625,43.08038,-79.06906,2024-09-16T13:49:48.000000Z
2024,260.5762615740741,43.08038,-79.06906,2024-09-16T13:49:49.000000Z
2024,260.5762731481482,43.08038,-79.06906,2024-09-16T13:49:50.000000Z
2024,260.5762847222223,43.08038,-79.06906,2024-09-16T13:49:51.000000Z
2024,260.57629629629633,43.08038,-79.06906,2024-09-16T13:49:52.000000Z
2024,260.5763078703704,43.08038,-79.06906,2024-09-16T13:49:53.000000Z
2024,260.5763194444445,43.08038,-79.06906,2024-09-16T13:49:54.000000Z
2024,260.57633101851854,43.08038,-79.06906,2024-09-16T13:49:55.000000Z
2024,260.57634259259265,43.08038,-79.06906,2024-09-16T13:49:56.000000Z
2024,260.5763541666667,43.08038,-79.06906,2024-09-16T13:49:57.000000Z
2024,260.57636574074075,43.08038,-79.06906,2024-09-16T13:49:58.000000Z
2024,260.57637731481486,43.08038,-79.06906,2024-09-16T13:49:59.000000Z
2024,260.5763888888889,43.08038,-79.06906,2024-09-16T13:50:00.000000Z
2024,260.57640046296297,43.08038,-79.06906,2024-09-16T13:50:01.000000Z
2024,260.5764120370371,43.08038,-79.06906,2024-09-16T13:50:02.000000Z
2024,260.5764236111111,43.08038,-79.06906,2024-09-16T13:50:03.000000Z
2024,260.57643518518523,43.08038,-79.06906,2024-09-16T13:50:04.000000Z
2024,260.5764467592593,43.08038,-79.06906,2024-09-16T13:50:05.000000Z
2024,260.57645833333333,43.08038,-79.06906,2024-09-16T13:50:06.000000Z
2024,260.57646990740744,43.08038,-79.06906,2024-09-16T13:50:07.000000Z
2024,260.5764814814815,43.08038,-79.06906,2024-09-16T13:50:08.000000Z
2024,260.5764930555556,43.08038,-79.06906,2024-09-16T13:50:09.000000Z
2024,260.57650462962965,43.08038,-79.06906,2024-09-16T13:50:10.000000Z
2024,260.5765162037037,43.08038,-79.06906,2024-09-16T13:50:11.000000Z
2024,260.5765277777778,43.08038,-79.06906,2024-09-16T13:50:12.000000Z
2024,260.57653935185186,43.08038,-79.06906,2024-09-16T13:50:13.000000Z
2024,260.57655092592597,43.08038,-79.06906,2024-09-16T13:50:14.000000Z
2024,260.5765625,43.08038,-79.06906,2024-09-16T13:50:15.000000Z
2024,260.5765740740741,43.08038,-79.06906,2024-09-16T13:50:16.000000Z
2024,260.5765856481482,43.08038,-79.06906,2024-09-16T13:50:17.000000Z
2024,260.57659722222223,43.08038,-79.06906,2024-09-16T13:50:18.000000Z
2024,260.57660879629634,43.08038,-79.06906,2024-09-16T13:50:19.000000Z
2024,260.5766203703704,43.08038,-79.06906,2024-09-16T13:50:20.000000Z
2024,260.57663194444444,43.08038,-79.06906,2024-09-16T13:50:21.000000Z
2024,260.57664351851855,43.08038,-79.06906,2024-09-16T13:50:22.000000Z
2024,260.5766550925926,43.08038,-79.06906,2024-09-16T13:50:23.000000Z
2024,260.5766666666667,43.08038,-79.06906,2024-09-16T13:50:24.000000Z
2024,260.57667824074076,43.08038,-79.06906,2024-09-16T13:50:25.000000Z
2024,260.5766898148148,43.08038,-79.06906,2024-09-16T13:50:26.000000Z
2024,260.5767013888889,43.08038,-79.06906,2024-09-16T13:50:27.000000Z
2024,260.576712962963,43.08038,-79.06906,2024-09-16T13:50:28.000000Z
2024,260.5767245370371,43.08038,-79.06906,2024-09-16T13:50:29.000000Z
2024,260.57673611111113,43.08038,-79.06906,2024-09-16T13:50:30.000000Z
2024,260.5767476851852,43.08038,-79.06906,2024-09-16T13:50:31.000000Z
2024,260.5767592592593,43.08038,-79.06906,2024-09-16T13:50:32.000000Z
2024,260.57677083333334,43.08038,-79.06906,2024-09-16T13:50:33.000000Z
2024,260.57678240740745,43.08038,-79.06906,2024-09-16T13:50:34.000000Z
2024,260.5767939814815,43.08038,-79.06906,2024-09-16T13:50:35.000000Z
2024,260.5768055555556,43.08038,-79.06906,2024-09-16T13:50:36.000000Z
2024,260.57681712962966,43.08038,-79.06906,2024-09-16T13:50:37.000000Z
2024,260.5768287037037,43.08038,-79.06906,2024-09-16T13:50:38.000000Z
2024,260.5768402777778,43.08038,-79.06906,2024-09-16T13:50:39.000000Z
2024,260.57685185185187,43.08038,-79.06906,2024-09-16T13:50:40.000000Z
2024,260.576863425926,43.08038,-79.06906,2024-09-16T13:50:41.000000Z
2024,260.57687500000003,43.08038,-79.06906,2024-09-16T13:50:42.000000Z
2024,260.5768865740741,43.08038,-79.06906,2024-09-16T13:50:43.000000Z
2024,260.5768981481482,43.08038,-79.06906,2024-09-16T13:50:44.000000Z
2024,260.57690972222224,43.08038,-79.06906,2024-09-16T13:50:45.000000Z
2024,260.57692129629635,43.08038,-79.06906,2024-09-16T13:50:46.000000Z
2024,260.5769328703704,43.08038,-79.06906,2024-09-16T13:50:47.000000Z
2024,260.57694444444445,43.08038,-79.06906,2024-09-16T13:50:48.000000Z
2024,260.57695601851856,43.08038,-79.06906,2024-09-16T13:50:49.000000Z
2024,260.5769675925926,43.08038,-79.06906,2024-09-16T13:50:50.000000Z
2024,260.5769791666667,43.08038,-79.06906,2024-09-16T13:50:51.000000Z
2024,260.57699074074077,43.08038,-79.06906,2024-09-16T13:50:52.000000Z
2024,260.5770023148148,43.08038,-79.06906,2024-09-16T13:50:53.000000Z
2024,260.5770138888889,43.08038,-79.06906,2024-09-16T13:50:54.000000Z
2024,260.577025462963,43.08038,-79.06906,2024-09-16T13:50:55.000000Z
2024,260.5770370370371,43.08038,-79.06906,2024-09-16T13:50:56.000000Z
2024,260.57704861111114,43.08038,-79.06906,2024-09-16T13:50:57.000000Z
2024,260.5770601851852,43.08038,-79.06906,2024-09-16T13:50:58.000000Z
2024,260.5770717592593,43.08038,-79.06906,2024-09-16T13:50:59.000000Z
2024,260.57708333333335,43.08038,-79.06906,2024-09-16T13:51:00.000000Z
2024,260.5770949074074,43.08038,-79.06906,2024-09-16T13:51:01.000000Z
2024,260.5771064814815,43.08038,-79.06906,2024-09-16T13:51:02.000000Z
2024,260.57711805555556,43.08038,-79.06906,2024-09-16T13:51:03.000000Z
2024,260.57712962962967,43.08038,-79.06906,2024-09-16T13:51:04.000000Z
2024,260.5771412037037,43.08038,-79.06906,2024-09-16T13:51:05.000000Z
2024,260.57715277777777,43.08038,-79.06906,2024-09-16T13:51:06.000000Z
2024,260.5771643518519,43.08038,-79.06906,2024-09-16T13:51:07.000000Z
2024,260.5771759259259,43.08038,-79.06906,2024-09-16T13:51:08.000000Z
2024,260.57718750000004,43.08038,-79.06906,2024-09-16T13:51:09.000000Z
2024,260.5771990740741,43.08038,-79.06906,2024-09-16T13:51:10.000000Z
2024,260.57721064814814,43.08038,-79.06906,2024-09-16T13:51:11.000000Z
2024,260.57722222222225,43.08038,-79.06906,2024-09-16T13:51:12.000000Z
2024,260.5772337962963,43.08038,-79.06906,2024-09-16T13:51:13.000000Z
2024,260.5772453703704,43.08038,-79.06906,2024-09-16T13:51:14.000000Z
2024,260.57725694444446,43.08038,-79.06906,2024-09-16T13:51:15.000000Z
2024,260.5772685185185,43.08038,-79.06906,2024-09-16T13:51:16.000000Z
2024,260.5772800925926,43.08038,-79.06906,2024-09-16T13:51:17.000000Z
2024,260.57729166666667,43.08038,-79.06906,2024-09-16T13:51:18.000000Z
2024,260.5773032407408,43.08038,-79.06906,2024-09-16T13:51:19.000000Z
2024,260.5773148148148,43.08038,-79.06906,2024-09-16T13:51:20.000000Z
2024,260.5773263888889,43.08038,-79.06906,2024-09-16T13:51:21.000000Z
2024,260.577337962963,43.08038,-79.06906,2024-09-16T13:51:22.000000Z
2024,260.57734953703704,43.08038,-79.06906,2024-09-16T13:51:23.000000Z
2024,260.57736111111114,43.08038,-79.06906,2024-09-16T13:51:24.000000Z
2024,260.5773726851852,43.08038,-79.06906,2024-09-16T13:51:25.000000Z
2024,260.57738425925925,43.08038,-79.06906,2024-09-16T13:51:26.000000Z
2024,260.57739583333336,43.08038,-79.06906,2024-09-16T13:51:27.000000Z
2024,260.5774074074074,43.08038,-79.06906,2024-09-16T13:51:28.000000Z
2024,260.5774189814815,43.08038,-79.06906,2024-09-16T13:51:29.000000Z
2024,260.57743055555557,43.08038,-79.06906,2024-09-16T13:51:30.000000Z
2024,260.5774421296296,43.08038,-79.06906,2024-09-16T13:51:31.000000Z
2024,260.5774537037037,43.08038,-79.06906,2024-09-16T13:51:32.000000Z
2024,260.5774652777778,43.08038,-79.06906,2024-09-16T13:51:33.000000Z
2024,260.5774768518519,43.08038,-79.06906,2024-09-16T13:51:34.000000Z
2024,260.57748842592594,43.08038,-79.06906,2024-09-16T13:51:35.000000Z
2024,260.57750000000004,43.08038,-79.06906,2024-09-16T13:51:36.000000Z
2024,260.5775115740741,43.08038,-79.06906,2024-09-16T13:51:37.000000Z
2024,260.57752314814815,43.08038,-79.06906,2024-09-16T13:51:38.000000Z
2024,260.57753472222225,43.08038,-79.06906,2024-09-16T13:51:39.000000Z
2024,260.5775462962963,43.08038,-79.06906,2024-09-16T13:51:40.000000Z
2024,260.5775578703704,43.08038,-79.06906,2024-09-16T13:51:41.000000Z
2024,260.57756944444446,43.08038,-79.06906,2024-09-16T13:51:42.000000Z
2024,260.5775810185185,43.08038,-79.06906,2024-09-16T13:51:43.000000Z
2024,260.5775925925926,43.08038,-79.06906,2024-09-16T13:51:44.000000Z
2024,260.5776041666667,43.08038,-79.06906,2024-09-16T13:51:45.000000Z
2024,260.5776157407408,43.08038,-79.06906,2024-09-16T13:51:46.000000Z
2024,260.57762731481483,43.08038,-79.06906,2024-09-16T13:51:47.000000Z
2024,260.5776388888889,43.08038,-79.06906,2024-09-16T13:51:48.000000Z
2024,260.577650462963,43.08038,-79.06906,2024-09-16T13:51:49.000000Z
2024,260.57766203703704,43.08038,-79.06906,2024-09-16T13:51:50.000000Z
2024,260.57767361111115,43.08038,-79.06906,2024-09-16T13:51:51.000000Z
2024,260.5776851851852,43.08038,-79.06906,2024-09-16T13:51:52.000000Z
2024,260.57769675925925,43.08038,-79.06906,2024-09-16T13:51:53.000000Z
2024,260.57770833333336,43.08038,-79.06906,2024-09-16T13:51:54.000000Z
2024,260.5777199074074,43.08038,-79.06906,2024-09-16T13:51:55.000000Z
2024,260.5777314814815,43.08038,-79.06906,2024-09-16T13:51:56.000000Z
2024,260.5777430555556,43.08038,-79.06906,2024-09-16T13:51:57.000000Z
2024,260.5777546296296,43.08038,-79.06906,2024-09-16T13:51:58.000000Z
2024,260.57776620370373,43.08038,-79.06906,2024-09-16T13:51:59.000000Z
2024,260.5777777777778,43.08038,-79.06906,2024-09-16T13:52:00.000000Z
2024,260.57778935185183,43.08038,-79.06906,2024-09-16T13:52:01.000000Z
2024,260.57780092592594,43.08038,-79.06906,2024-09-16T13:52:02.000000Z
2024,260.5778125,43.08038,-79.06906,2024-09-16T13:52:03.000000Z
2024,260.5778240740741,43.08038,-79.06906,2024-09-16T13:52:04.000000Z
2024,260.57783564814815,43.08038,-79.06906,2024-09-16T13:52:05.000000Z
2024,260.5778472222222,43.08038,-79.06906,2024-09-16T13:52:06.000000Z
2024,260.5778587962963,43.08038,-79.06906,2024-09-16T13:52:07.000000Z
2024,260.57787037037036,43.08038,-79.06906,2024-09-16T13:52:08.000000Z
2024,260.57788194444447,43.08038,-79.06906,2024-09-16T13:52:09.000000Z
2024,260.5778935185185,43.08038,-79.06906,2024-09-16T13:52:10.000000Z
2024,260.5779050925926,43.08038,-79.06906,2024-09-16T13:52:11.000000Z
2024,260.5779166666667,43.08038,-79.06906,2024-09-16T13:52:12.000000Z
2024,260.57792824074073,43.08038,-79.06906,2024-09-16T13:52:13.000000Z
2024,260.57793981481484,43.08038,-79.06906,2024-09-16T13:52:14.000000Z
2024,260.5779513888889,43.08038,-79.06906,2024-09-16T13:52:15.000000Z
2024,260.57796296296294,43.08038,-79.06906,2024-09-16T13:52:16.000000Z
2024,260.57797453703705,43.08038,-79.06906,2024-09-16T13:52:17.000000Z
2024,260.5779861111111,43.08038,-79.06906,2024-09-16T13:52:18.000000Z
2024,260.5779976851852,43.08038,-79.06906,2024-09-16T13:52:19.000000Z
2024,260.57800925925926,43.08038,-79.06906,2024-09-16T13:52:20.000000Z
2024,260.5780208333333,43.08038,-79.06906,2024-09-16T13:52:21.000000Z
2024,260.5780324074074,43.08038,-79.06906,2024-09-16T13:52:22.000000Z
2024,260.57804398148147,43.08038,-79.06906,2024-09-16T13:52:23.000000Z
2024,260.5780555555556,43.08038,-79.06906,2024-09-16T13:52:24.000000Z
2024,260.57806712962963,43.08038,-79.06906,2024-09-16T13:52:25.000000Z
2024,260.5780787037037,43.08038,-79.06906,2024-09-16T13:52:26.000000Z
2024,260.5780902777778,43.08038,-79.06906,2024-09-16T13:52:27.000000Z
2024,260.57810185185184,43.08038,-79.06906,2024-09-16T13:52:28.000000Z
2024,260.57811342592595,43.08038,-79.06906,2024-09-16T13:52:29.000000Z
2024,260.578125,43.08038,-79.06906,2024-09-16T13:52:30.000000Z
2024,260.57813657407405,43.08038,-79.06906,2024-09-16T13:52:31.000000Z
2024,260.57814814814816,43.08038,-79.06906,2024-09-16T13:52:32.000000Z
2024,260.5781597222222,43.08038,-79.06906,2024-09-16T13:52:33.000000Z
2024,260.5781712962963,43.08038,-79.06906,2024-09-16T13:52:34.000000Z
2024,260.57818287037037,43.08038,-79.06906,2024-09-16T13:52:35.000000Z
2024,260.5781944444445,43.08038,-79.06906,2024-09-16T13:52:36.000000Z
2024,260.57820601851853,43.08038,-79.06906,2024-09-16T13:52:37.000000Z
2024,260.5782175925926,43.08038,-79.06906,2024-09-16T13:52:38.000000Z
2024,260.5782291666667,43.08038,-79.06906,2024-09-16T13:52:39.000000Z
2024,260.57824074074074,43.08038,-79.06906,2024-09-16T13:52:40.000000Z
2024,260.57825231481485,43.08038,-79.06906,2024-09-16T13:52:41.000000Z
2024,260.5782638888889,43.08038,-79.06906,2024-09-16T13:52:42.000000Z
2024,260.57827546296295,43.08038,-79.06906,2024-09-16T13:52:43.000000Z
2024,260.57828703703706,43.08038,-79.06906,2024-09-16T13:52:44.000000Z
2024,260.5782986111111,43.08038,-79.06906,2024-09-16T13:52:45.000000Z
2024,260.5783101851852,43.08038,-79.06906,2024-09-16T13:52:46.000000Z
2024,260.57832175925927,43.08038,-79.06906,2024-09-16T13:52:47.000000Z
2024,260.5783333333333,43.08038,-79.06906,2024-09-16T13:52:48.000000Z
2024,260.5783449074074,43.08038,-79.06906,2024-09-16T13:52:49.000000Z
2024,260.5783564814815,43.08038,-79.06906,2024-09-16T13:52:50.000000Z
2024,260.5783680555556,43.08038,-79.06906,2024-09-16T13:52:51.000000Z
2024,260.57837962962964,43.08038,-79.06906,2024-09-16T13:52:52.000000Z
2024,260.5783912037037,43.08038,-79.06906,2024-09-16T13:52:53.000000Z
2024,260.5784027777778,43.08038,-79.06906,2024-09-16T13:52:54.000000Z
2024,260.57841435185185,43.08038,-79.06906,2024-09-16T13:52:55.000000Z
2024,260.57842592592596,43.08038,-79.06906,2024-09-16T13:52:56.000000Z
2024,260.5784375,43.08038,-79.06906,2024-09-16T13:52:57.000000Z
2024,260.57844907407406,43.08038,-79.06906,2024-09-16T13:52:58.000000Z
2024,260.57846064814817,43.08038,-79.06906,2024-09-16T13:52:59.000000Z
2024,260.5784722222222,43.08038,-79.06906,2024-09-16T13:53:00.000000Z
2024,260.57848379629627,43.08038,-79.06906,2024-09-16T13:53:01.000000Z
2024,260.5784953703704,43.08038,-79.06906,2024-09-16T13:53:02.000000Z
2024,260.5785069444444,43.08038,-79.06906,2024-09-16T13:53:03.000000Z
2024,260.57851851851854,43.08038,-79.06906,2024-09-16T13:53:04.000000Z
2024,260.5785300925926,43.08038,-79.06906,2024-09-16T13:53:05.000000Z
2024,260.57854166666664,43.08038,-79.06906,2024-09-16T13:53:06.000000Z
2024,260.57855324074075,43.08038,-79.06906,2024-09-16T13:53:07.000000Z
2024,260.5785648148148,43.08038,-79.06906,2024-09-16T13:53:08.000000Z
2024,260.5785763888889,43.08038,-79.06906,2024-09-16T13:53:09.000000Z
2024,260.57858796296296,43.08038,-79.06906,2024-09-16T13:53:10.000000Z
2024,260.578599537037,43.08038,-79.06906,2024-09-16T13:53:11.000000Z
2024,260.5786111111111,43.08038,-79.06906,2024-09-16T13:53:12.000000Z
2024,260.57862268518517,43.08038,-79.06906,2024-09-16T13:53:13.000000Z
2024,260.5786342592593,43.08038,-79.06906,2024-09-16T13:53:14.000000Z
2024,260.5786458333333,43.08038,-79.06906,2024-09-16T13:53:15.000000Z
2024,260.5786574074074,43.08038,-79.06906,2024-09-16T13:53:16.000000Z
2024,260.5786689814815,43.08038,-79.06906,2024-09-16T13:53:17.000000Z
2024,260.57868055555554,43.08038,-79.06906,2024-09-16T13:53:18.000000Z
2024,260.57869212962964,43.08038,-79.06906,2024-09-16T13:53:19.000000Z
2024,260.5787037037037,43.08038,-79.06906,2024-09-16T13:53:20.000000Z
2024,260.57871527777775,43.08038,-79.06906,2024-09-16T13:53:21.000000Z
2024,260.57872685185185,43.08038,-79.06906,2024-09-16T13:53:22.000000Z
2024,260.5787384259259,43.08038,-79.06906,2024-09-16T13:53:23.000000Z
2024,260.57875,43.08038,-79.06906,2024-09-16T13:53:24.000000Z
2024,260.57876157407406,43.08038,-79.06906,2024-09-16T13:53:25.000000Z
2024,260.5787731481481,43.08038,-79.06906,2024-09-16T13:53:26.000000Z
2024,260.5787847222222,43.08038,-79.06906,2024-09-16T13:53:27.000000Z
2024,260.5787962962963,43.08038,-79.06906,2024-09-16T13:53:28.000000Z
2024,260.5788078703704,43.08038,-79.06906,2024-09-16T13:53:29.000000Z
2024,260.57881944444443,43.08038,-79.06906,2024-09-16T13:53:30.000000Z
2024,260.5788310185185,43.08038,-79.06906,2024-09-16T13:53:31.000000Z
2024,260.5788425925926,43.08038,-79.06906,2024-09-16T13:53:32.000000Z
2024,260.57885416666664,43.08038,-79.06906,2024-09-16T13:53:33.000000Z
2024,260.57886574074075,43.08038,-79.06906,2024-09-16T13:53:34.000000Z
2024,260.5788773148148,43.08038,-79.06906,2024-09-16T13:53:35.000000Z
2024,260.5788888888889,43.08038,-79.06906,2024-09-16T13:53:36.000000Z
2024,260.57890046296296,43.08038,-79.06906,2024-09-16T13:53:37.000000Z
2024,260.578912037037,43.08038,-79.06906,2024-09-16T13:53:38.000000Z
2024,260.5789236111111,43.08038,-79.06906,2024-09-16T13:53:39.000000Z
2024,260.5789351851852,43.08038,-79.06906,2024-09-16T13:53:40.000000Z
2024,260.5789467592593,43.08038,-79.06906,2024-09-16T13:53:41.000000Z
2024,260.57895833333333,43.08038,-79.06906,2024-09-16T13:53:42.000000Z
2024,260.5789699074074,43.08038,-79.06906,2024-09-16T13:53:43.000000Z
2024,260.5789814814815,43.08038,-79.06906,2024-09-16T13:53:44.000000Z
2024,260.57899305555554,43.08038,-79.06906,2024-09-16T13:53:45.000000Z
2024,260.57900462962965,43.08038,-79.06906,2024-09-16T13:53:46.000000Z
2024,260.5790162037037,43.08038,-79.06906,2024-09-16T13:53:47.000000Z
2024,260.57902777777775,43.08038,-79.06906,2024-09-16T13:53:48.000000Z
2024,260.57903935185186,43.08038,-79.06906,2024-09-16T13:53:49.000000Z
2024,260.5790509259259,43.08038,-79.06906,2024-09-16T13:53:50.000000Z
2024,260.5790625,43.08038,-79.06906,2024-09-16T13:53:51.000000Z
2024,260.5790740740741,43.08038,-79.06906,2024-09-16T13:53:52.000000Z
2024,260.5790856481481,43.08038,-79.06906,2024-09-16T13:53:53.000000Z
2024,260.57909722222223,43.08038,-79.06906,2024-09-16T13:53:54.000000Z
2024,260.5791087962963,43.08038,-79.06906,2024-09-16T13:53:55.000000Z
2024,260.5791203703704,43.08038,-79.06906,2024-09-16T13:53:56.000000Z
2024,260.57913194444444,43.08038,-79.06906,2024-09-16T13:53:57.000000Z
2024,260.5791435185185,43.08038,-79.06906,2024-09-16T13:53:58.000000Z
2024,260.5791550925926,43.08038,-79.06906,2024-09-16T13:53:59.000000Z
2024,260.5791666666667,43.08038,-79.06906,2024-09-16T13:54:00.000000Z
2024,260.57917824074076,43.08038,-79.06906,2024-09-16T13:54:01.000000Z
2024,260.57918981481487,43.08038,-79.06906,2024-09-16T13:54:02.000000Z
2024,260.5792013888889,43.08038,-79.06906,2024-09-16T13:54:03.000000Z
2024,260.579212962963,43.08038,-79.06906,2024-09-16T13:54:04.000000Z
2024,260.5792245370371,43.08038,-79.06906,2024-09-16T13:54:05.000000Z
2024,260.57923611111113,43.08038,-79.06906,2024-09-16T13:54:06.000000Z
2024,260.57924768518524,43.08038,-79.06906,2024-09-16T13:54:07.000000Z
2024,260.5792592592593,43.08038,-79.06906,2024-09-16T13:54:08.000000Z
2024,260.5792708333334,43.08038,-79.06906,2024-09-16T13:54:09.000000Z
2024,260.57928240740745,43.08038,-79.06906,2024-09-16T13:54:10.000000Z
2024,260.5792939814815,43.08038,-79.06906,2024-09-16T13:54:11.000000Z
2024,260.5793055555556,43.08038,-79.06906,2024-09-16T13:54:12.000000Z
2024,260.57931712962966,43.08038,-79.06906,2024-09-16T13:54:13.000000Z
2024,260.57932870370377,43.08038,-79.06906,2024-09-16T13:54:14.000000Z
2024,260.5793402777778,43.08038,-79.06906,2024-09-16T13:54:15.000000Z
2024,260.57935185185187,43.08038,-79.06906,2024-09-16T13:54:16.000000Z
2024,260.579363425926,43.08038,-79.06906,2024-09-16T13:54:17.000000Z
2024,260.579375,43.08038,-79.06906,2024-09-16T13:54:18.000000Z
2024,260.57938657407414,43.08038,-79.06906,2024-09-16T13:54:19.000000Z
2024,260.5793981481482,43.08038,-79.06906,2024-09-16T13:54:20.000000Z
2024,260.57940972222224,43.08038,-79.06906,2024-09-16T13:54:21.000000Z
2024,260.57942129629635,43.08038,-79.06906,2024-09-16T13:54:22.000000Z
2024,260.5794328703704,43.08038,-79.06906,2024-09-16T13:54:23.000000Z
2024,260.5794444444445,43.08038,-79.06906,2024-09-16T13:54:24.000000Z
2024,260.57945601851856,43.08038,-79.06906,2024-09-16T13:54:25.000000Z
2024,260.5794675925926,43.08038,-79.06906,2024-09-16T13:54:26.000000Z
2024,260.5794791666667,43.08038,-79.06906,2024-09-16T13:54:27.000000Z
2024,260.57949074074077,43.08038,-79.06906,2024-09-16T13:54:28.000000Z
2024,260.5795023148149,43.08038,-79.06906,2024-09-16T13:54:29.000000Z
2024,260.5795138888889,43.08038,-79.06906,2024-09-16T13:54:30.000000Z
2024,260.579525462963,43.08038,-79.06906,2024-09-16T13:54:31.000000Z
2024,260.57954861111114,43.08038,-79.06906,2024-09-16T13:54:33.000000Z
2024,260.57956018518524,43.08038,-79.06906,2024-09-16T13:54:34.000000Z
2024,260.5795717592593,43.08038,-79.06906,2024-09-16T13:54:35.000000Z
2024,260.5795833333334,43.08038,-79.06906,2024-09-16T13:54:36.000000Z
2024,260.57959490740745,43.08038,-79.06906,2024-09-16T13:54:37.000000Z
2024,260.5796064814815,43.08038,-79.06906,2024-09-16T13:54:38.000000Z
2024,260.5796180555556,43.08038,-79.06906,2024-09-16T13:54:39.000000Z
2024,260.57962962962966,43.08038,-79.06906,2024-09-16T13:54:40.000000Z
2024,260.5796412037038,43.08038,-79.06906,2024-09-16T13:54:41.000000Z
2024,260.5796527777778,43.08038,-79.06906,2024-09-16T13:54:42.000000Z
2024,260.5796643518519,43.08038,-79.06906,2024-09-16T13:54:43.000000Z
2024,260.579675925926,43.08038,-79.06906,2024-09-16T13:54:44.000000Z
2024,260.57968750000003,43.08038,-79.06906,2024-09-16T13:54:45.000000Z
2024,260.57969907407414,43.08038,-79.06906,2024-09-16T13:54:46.000000Z
2024,260.5797106481482,43.08038,-79.06906,2024-09-16T13:54:47.000000Z
2024,260.57972222222224,43.08038,-79.06906,2024-09-16T13:54:48.000000Z
2024,260.57973379629635,43.08038,-79.06906,2024-09-16T13:54:49.000000Z
2024,260.5797453703704,43.08038,-79.06906,2024-09-16T13:54:50.000000Z
2024,260.5797569444445,43.08038,-79.06906,2024-09-16T13:54:51.000000Z
2024,260.57976851851856,43.08038,-79.06906,2024-09-16T13:54:52.000000Z
2024,260.5797800925926,43.08038,-79.06906,2024-09-16T13:54:53.000000Z
2024,260.5797916666667,43.08038,-79.06906,2024-09-16T13:54:54.000000Z
2024,260.5798032407408,43.08038,-79.06906,2024-09-16T13:54:55.000000Z
2024,260.5798148148149,43.08038,-79.06906,2024-09-16T13:54:56.000000Z
2024,260.57982638888893,43.08038,-79.06906,2024-09-16T13:54:57.000000Z
2024,260.579837962963,43.08038,-79.06906,2024-09-16T13:54:58.000000Z
2024,260.5798495370371,43.08038,-79.06906,2024-09-16T13:54:59.000000Z
2024,260.57986111111114,43.08038,-79.06906,2024-09-16T13:55:00.000000Z
2024,260.5798726851852,43.08038,-79.06906,2024-09-16T13:55:01.000000Z
2024,260.5798842592593,43.08038,-79.06906,2024-09-16T13:55:02.000000Z
2024,260.57989583333335,43.08038,-79.06906,2024-09-16T13:55:03.000000Z
2024,260.57990740740746,43.08038,-79.06906,2024-09-16T13:55:04.000000Z
2024,260.5799189814815,43.08038,-79.06906,2024-09-16T13:55:05.000000Z
2024,260.57993055555556,43.08037,-79.06906,2024-09-16T13:55:06.000000Z
2024,260.57994212962967,43.08037,-79.06906,2024-09-16T13:55:07.000000Z
2024,260.5799537037037,43.08037,-79.06906,2024-09-16T13:55:08.000000Z
2024,260.57996527777783,43.08037,-79.06906,2024-09-16T13:55:09.000000Z
2024,260.5799768518519,43.08037,-79.06906,2024-09-16T13:55:10.000000Z
2024,260.57998842592593,43.08037,-79.06906,2024-09-16T13:55:11.000000Z
2024,260.58000000000004,43.08037,-79.06906,2024-09-16T13:55:12.000000Z
2024,260.5800115740741,43.08037,-79.06906,2024-09-16T13:55:13.000000Z
2024,260.5800231481482,43.08037,-79.06906,2024-09-16T13:55:14.000000Z
2024,260.58003472222225,43.08037,-79.06906,2024-09-16T13:55:15.000000Z
2024,260.5800462962963,43.08037,-79.06906,2024-09-16T13:55:16.000000Z
2024,260.5800578703704,43.08037,-79.06906,2024-09-16T13:55:17.000000Z
2024,260.58006944444446,43.08037,-79.06906,2024-09-16T13:55:18.000000Z
2024,260.58008101851857,43.08037,-79.06906,2024-09-16T13:55:19.000000Z
2024,260.5800925925926,43.08037,-79.06906,2024-09-16T13:55:20.000000Z
2024,260.5801041666667,43.08037,-79.06906,2024-09-16T13:55:21.000000Z
2024,260.5801157407408,43.08037,-79.06906,2024-09-16T13:55:22.000000Z
2024,260.58012731481483,43.08037,-79.06906,2024-09-16T13:55:23.000000Z
2024,260.58013888888894,43.08037,-79.06906,2024-09-16T13:55:24.000000Z
2024,260.580150462963,43.08037,-79.06906,2024-09-16T13:55:25.000000Z
2024,260.58016203703704,43.08037,-79.06906,2024-09-16T13:55:26.000000Z
2024,260.58017361111115,43.08037,-79.06906,2024-09-16T13:55:27.000000Z
2024,260.5801851851852,43.08037,-79.06906,2024-09-16T13:55:28.000000Z
2024,260.5801967592593,43.08037,-79.06906,2024-09-16T13:55:29.000000Z
2024,260.58020833333336,43.08037,-79.06906,2024-09-16T13:55:30.000000Z
2024,260.5802199074074,43.08037,-79.06906,2024-09-16T13:55:31.000000Z
2024,260.5802314814815,43.08037,-79.06906,2024-09-16T13:55:32.000000Z
2024,260.58024305555557,43.08037,-79.06906,2024-09-16T13:55:33.000000Z
2024,260.5802546296297,43.08037,-79.06906,2024-09-16T13:55:34.000000Z
2024,260.58026620370373,43.08037,-79.06906,2024-09-16T13:55:35.000000Z
2024,260.58027777777784,43.08037,-79.06906,2024-09-16T13:55:36.000000Z
2024,260.5802893518519,43.08037,-79.06906,2024-09-16T13:55:37.000000Z
2024,260.58030092592594,43.08037,-79.06906,2024-09-16T13:55:38.000000Z
2024,260.58031250000005,43.08037,-79.06906,2024-09-16T13:55:39.000000Z
2024,260.5803240740741,43.08037,-79.06906,2024-09-16T13:55:40.000000Z
2024,260.5803356481482,43.08037,-79.06906,2024-09-16T13:55:41.000000Z
2024,260.58034722222226,43.08037,-79.06906,2024-09-16T13:55:42.000000Z
2024,260.5803587962963,43.08037,-79.06906,2024-09-16T13:55:43.000000Z
2024,260.5803703703704,43.08037,-79.06906,2024-09-16T13:55:44.000000Z
2024,260.58038194444447,43.08037,-79.06906,2024-09-16T13:55:45.000000Z
2024,260.5803935185186,43.08037,-79.06906,2024-09-16T13:55:46.000000Z
2024,260.5804050925926,43.08037,-79.06906,2024-09-16T13:55:47.000000Z
2024,260.5804166666667,43.08037,-79.06906,2024-09-16T13:55:48.000000Z
2024,260.5804282407408,43.08037,-79.06906,2024-09-16T13:55:49.000000Z
2024,260.58043981481484,43.08037,-79.06906,2024-09-16T13:55:50.000000Z
2024,260.58045138888895,43.08037,-79.06906,2024-09-16T13:55:51.000000Z
2024,260.580462962963,43.08037,-79.06906,2024-09-16T13:55:52.000000Z
2024,260.58047453703705,43.08037,-79.06906,2024-09-16T13:55:53.000000Z
2024,260.58048611111116,43.08037,-79.06906,2024-09-16T13:55:54.000000Z
2024,260.5804976851852,43.08037,-79.06906,2024-09-16T13:55:55.000000Z
2024,260.5805092592593,43.08037,-79.06906,2024-09-16T13:55:56.000000Z
2024,260.58052083333337,43.08037,-79.06906,2024-09-16T13:55:57.000000Z
2024,260.5805324074074,43.08037,-79.06906,2024-09-16T13:55:58.000000Z
2024,260.5805439814815,43.08037,-79.06906,2024-09-16T13:55:59.000000Z
2024,260.5805555555556,43.08037,-79.06906,2024-09-16T13:56:00.000000Z
2024,260.5805671296296,43.08037,-79.06906,2024-09-16T13:56:01.000000Z
2024,260.58057870370374,43.08037,-79.06906,2024-09-16T13:56:02.000000Z
2024,260.5805902777778,43.08037,-79.06906,2024-09-16T13:56:03.000000Z
2024,260.5806018518519,43.08037,-79.06906,2024-09-16T13:56:04.000000Z
2024,260.58061342592595,43.08037,-79.06906,2024-09-16T13:56:05.000000Z
2024,260.580625,43.08037,-79.06906,2024-09-16T13:56:06.000000Z
2024,260.5806365740741,43.08037,-79.06906,2024-09-16T13:56:07.000000Z
2024,260.58064814814816,43.08037,-79.06906,2024-09-16T13:56:08.000000Z
2024,260.58065972222226,43.08037,-79.06906,2024-09-16T13:56:09.000000Z
2024,260.5806712962963,43.08037,-79.06906,2024-09-16T13:56:10.000000Z
2024,260.58068287037037,43.08037,-79.06906,2024-09-16T13:56:11.000000Z
2024,260.5806944444445,43.08037,-79.06906,2024-09-16T13:56:12.000000Z
2024,260.5807060185185,43.08037,-79.06906,2024-09-16T13:56:13.000000Z
2024,260.58071759259263,43.08037,-79.06906,2024-09-16T13:56:14.000000Z
2024,260.5807291666667,43.08037,-79.06906,2024-09-16T13:56:15.000000Z
2024,260.58074074074074,43.08037,-79.06906,2024-09-16T13:56:16.000000Z
2024,260.58075231481484,43.08037,-79.06906,2024-09-16T13:56:17.000000Z
2024,260.5807638888889,43.08037,-79.06906,2024-09-16T13:56:18.000000Z
2024,260.580775462963,43.08037,-79.06906,2024-09-16T13:56:19.000000Z
2024,260.58078703703706,43.08037,-79.06906,2024-09-16T13:56:20.000000Z
2024,260.5807986111111,43.08037,-79.06906,2024-09-16T13:56:21.000000Z
2024,260.5808101851852,43.08037,-79.06906,2024-09-16T13:56:22.000000Z
2024,260.58082175925927,43.08037,-79.06906,2024-09-16T13:56:23.000000Z
2024,260.5808333333334,43.08037,-79.06906,2024-09-16T13:56:24.000000Z
2024,260.5808449074074,43.08037,-79.06906,2024-09-16T13:56:25.000000Z
2024,260.5808564814815,43.08037,-79.06906,2024-09-16T13:56:26.000000Z
2024,260.5808680555556,43.08037,-79.06906,2024-09-16T13:56:27.000000Z
2024,260.58087962962964,43.08037,-79.06906,2024-09-16T13:56:28.000000Z
2024,260.58089120370374,43.08037,-79.06906,2024-09-16T13:56:29.000000Z
2024,260.5809027777778,43.08037,-79.06906,2024-09-16T13:56:30.000000Z
2024,260.58091435185185,43.08037,-79.06906,2024-09-16T13:56:31.000000Z
2024,260.58092592592595,43.08037,-79.06907,2024-09-16T13:56:32.000000Z
2024,260.5809375,43.08037,-79.06907,2024-09-16T13:56:33.000000Z
2024,260.5809490740741,43.08037,-79.06907,2024-09-16T13:56:34.000000Z
2024,260.5809722222223,43.08037,-79.06907,2024-09-16T13:56:36.000000Z
2024,260.5809837962963,43.08037,-79.06906,2024-09-16T13:56:37.000000Z
2024,260.5809953703704,43.08037,-79.06906,2024-09-16T13:56:38.000000Z
2024,260.5810069444445,43.08037,-79.06906,2024-09-16T13:56:39.000000Z
2024,260.58101851851853,43.08037,-79.06906,2024-09-16T13:56:40.000000Z
2024,260.58103009259264,43.08037,-79.06906,2024-09-16T13:56:41.000000Z
2024,260.5810416666667,43.08037,-79.06906,2024-09-16T13:56:42.000000Z
2024,260.58105324074074,43.08037,-79.06906,2024-09-16T13:56:43.000000Z
2024,260.58106481481485,43.08037,-79.06906,2024-09-16T13:56:44.000000Z
2024,260.5810763888889,43.08037,-79.06906,2024-09-16T13:56:45.000000Z
2024,260.581087962963,43.08037,-79.06906,2024-09-16T13:56:46.000000Z
2024,260.58109953703706,43.08037,-79.06906,2024-09-16T13:56:47.000000Z
2024,260.5811111111111,43.08037,-79.06906,2024-09-16T13:56:48.000000Z
2024,260.5811226851852,43.08037,-79.06906,2024-09-16T13:56:49.000000Z
2024,260.5811342592593,43.08037,-79.06906,2024-09-16T13:56:50.000000Z
2024,260.5811458333334,43.08037,-79.06906,2024-09-16T13:56:51.000000Z
2024,260.58115740740743,43.08037,-79.06906,2024-09-16T13:56:52.000000Z
2024,260.5811689814815,43.08037,-79.06906,2024-09-16T13:56:53.000000Z
2024,260.5811805555556,43.08037,-79.06906,2024-09-16T13:56:54.000000Z
2024,260.58119212962964,43.08037,-79.06906,2024-09-16T13:56:55.000000Z
2024,260.58120370370375,43.08037,-79.06906,2024-09-16T13:56:56.000000Z
2024,260.5812152777778,43.08037,-79.06906,2024-09-16T13:56:57.000000Z
2024,260.58122685185185,43.08037,-79.06906,2024-09-16T13:56:58.000000Z
2024,260.58123842592596,43.08037,-79.06906,2024-09-16T13:56:59.000000Z
2024,260.58125,43.08037,-79.06906,2024-09-16T13:57:00.000000Z
2024,260.58126157407406,43.08037,-79.06906,2024-09-16T13:57:01.000000Z
2024,260.58127314814817,43.08037,-79.06906,2024-09-16T13:57:02.000000Z
2024,260.5812847222222,43.08037,-79.06906,2024-09-16T13:57:03.000000Z
2024,260.58129629629633,43.08037,-79.06906,2024-09-16T13:57:04.000000Z
2024,260.5813078703704,43.08037,-79.06906,2024-09-16T13:57:05.000000Z
2024,260.58131944444443,43.08037,-79.06906,2024-09-16T13:57:06.000000Z
2024,260.58133101851854,43.08037,-79.06906,2024-09-16T13:57:07.000000Z
2024,260.5813425925926,43.08037,-79.06906,2024-09-16T13:57:08.000000Z
2024,260.5813541666667,43.08037,-79.06906,2024-09-16T13:57:09.000000Z
2024,260.58136574074075,43.08037,-79.06906,2024-09-16T13:57:10.000000Z
2024,260.5813773148148,43.08037,-79.06906,2024-09-16T13:57:11.000000Z
2024,260.5813888888889,43.08037,-79.06906,2024-09-16T13:57:12.000000Z
2024,260.58140046296296,43.08037,-79.06906,2024-09-16T13:57:13.000000Z
2024,260.58141203703707,43.08037,-79.06906,2024-09-16T13:57:14.000000Z
2024,260.5814236111111,43.08037,-79.06906,2024-09-16T13:57:15.000000Z
2024,260.58143518518517,43.08037,-79.06906,2024-09-16T13:57:16.000000Z
2024,260.5814467592593,43.08037,-79.06906,2024-09-16T13:57:17.000000Z
2024,260.58145833333333,43.08037,-79.06906,2024-09-16T13:57:18.000000Z
2024,260.58146990740744,43.08037,-79.06906,2024-09-16T13:57:19.000000Z
2024,260.5814814814815,43.08037,-79.06906,2024-09-16T13:57:20.000000Z
2024,260.58149305555554,43.08037,-79.06906,2024-09-16T13:57:21.000000Z
2024,260.58150462962965,43.08037,-79.06906,2024-09-16T13:57:22.000000Z
2024,260.5815162037037,43.08037,-79.06906,2024-09-16T13:57:23.000000Z
2024,260.5815277777778,43.08037,-79.06906,2024-09-16T13:57:24.000000Z
2024,260.58153935185186,43.08037,-79.06906,2024-09-16T13:57:25.000000Z
2024,260.5815509259259,43.08037,-79.06906,2024-09-16T13:57:26.000000Z
2024,260.5815625,43.08037,-79.06906,2024-09-16T13:57:27.000000Z
2024,260.58157407407407,43.08037,-79.06906,2024-09-16T13:57:28.000000Z
2024,260.5815856481482,43.08037,-79.06906,2024-09-16T13:57:29.000000Z
2024,260.58159722222223,43.08037,-79.06906,2024-09-16T13:57:30.000000Z
2024,260.5816087962963,43.08037,-79.06906,2024-09-16T13:57:31.000000Z
2024,260.5816203703704,43.08037,-79.06906,2024-09-16T13:57:32.000000Z
2024,260.58163194444444,43.08037,-79.06906,2024-09-16T13:57:33.000000Z
2024,260.58164351851855,43.08037,-79.06906,2024-09-16T13:57:34.000000Z
2024,260.5816550925926,43.08037,-79.06906,2024-09-16T13:57:35.000000Z
2024,260.5816666666667,43.08037,-79.06906,2024-09-16T13:57:36.000000Z
2024,260.58167824074076,43.08037,-79.06906,2024-09-16T13:57:37.000000Z
2024,260.5816898148148,43.08037,-79.06906,2024-09-16T13:57:38.000000Z
2024,260.5817013888889,43.08037,-79.06906,2024-09-16T13:57:39.000000Z
2024,260.58171296296297,43.08037,-79.06906,2024-09-16T13:57:40.000000Z
2024,260.5817245370371,43.08037,-79.06906,2024-09-16T13:57:41.000000Z
2024,260.5817476851852,43.08037,-79.06906,2024-09-16T13:57:43.000000Z
2024,260.5817592592593,43.08037,-79.06906,2024-09-16T13:57:44.000000Z
2024,260.58177083333334,43.08037,-79.06906,2024-09-16T13:57:45.000000Z
2024,260.58178240740745,43.08037,-79.06906,2024-09-16T13:57:46.000000Z
2024,260.5817939814815,43.08037,-79.06907,2024-09-16T13:57:47.000000Z
2024,260.58180555555555,43.08037,-79.06907,2024-09-16T13:57:48.000000Z
2024,260.58181712962966,43.08037,-79.06907,2024-09-16T13:57:49.000000Z
2024,260.5818287037037,43.08037,-79.06907,2024-09-16T13:57:50.000000Z
2024,260.5818402777778,43.08037,-79.06907,2024-09-16T13:57:51.000000Z
2024,260.58185185185187,43.08037,-79.06907,2024-09-16T13:57:52.000000Z
2024,260.5818634259259,43.08037,-79.06907,2024-09-16T13:57:53.000000Z
2024,260.581875,43.08037,-79.06907,2024-09-16T13:57:54.000000Z
2024,260.5818865740741,43.08037,-79.06907,2024-09-16T13:57:55.000000Z
2024,260.5818981481482,43.08037,-79.06907,2024-09-16T13:57:56.000000Z
2024,260.58190972222224,43.08037,-79.06907,2024-09-16T13:57:57.000000Z
2024,260.5819212962963,43.08037,-79.06907,2024-09-16T13:57:58.000000Z
2024,260.5819328703704,43.08037,-79.06907,2024-09-16T13:57:59.000000Z
2024,260.58194444444445,43.08037,-79.06907,2024-09-16T13:58:00.000000Z
2024,260.5819560185185,43.08037,-79.06907,2024-09-16T13:58:01.000000Z
2024,260.5819675925926,43.08037,-79.06907,2024-09-16T13:58:02.000000Z
2024,260.58197916666666,43.08037,-79.06907,2024-09-16T13:58:03.000000Z
2024,260.58199074074076,43.08037,-79.06907,2024-09-16T13:58:04.000000Z
2024,260.5820023148148,43.08037,-79.06907,2024-09-16T13:58:05.000000Z
2024,260.58201388888887,43.08037,-79.06907,2024-09-16T13:58:06.000000Z
2024,260.582025462963,43.08037,-79.06907,2024-09-16T13:58:07.000000Z
2024,260.582037037037,43.08037,-79.06907,2024-09-16T13:58:08.000000Z
2024,260.58204861111113,43.08037,-79.06907,2024-09-16T13:58:09.000000Z
2024,260.5820601851852,43.08037,-79.06907,2024-09-16T13:58:10.000000Z
2024,260.58207175925924,43.08037,-79.06907,2024-09-16T13:58:11.000000Z
2024,260.58208333333334,43.08037,-79.06907,2024-09-16T13:58:12.000000Z
2024,260.5820949074074,43.08037,-79.06907,2024-09-16T13:58:13.000000Z
2024,260.5821064814815,43.08037,-79.06907,2024-09-16T13:58:14.000000Z
2024,260.58211805555555,43.08037,-79.06907,2024-09-16T13:58:15.000000Z
2024,260.5821296296296,43.08037,-79.06907,2024-09-16T13:58:16.000000Z
2024,260.5821412037037,43.08037,-79.06907,2024-09-16T13:58:17.000000Z
2024,260.58215277777776,43.08037,-79.06907,2024-09-16T13:58:18.000000Z
2024,260.5821643518519,43.08037,-79.06907,2024-09-16T13:58:19.000000Z
2024,260.5821759259259,43.08037,-79.06907,2024-09-16T13:58:20.000000Z
2024,260.5821875,43.08037,-79.06907,2024-09-16T13:58:21.000000Z
2024,260.5821990740741,43.08037,-79.06907,2024-09-16T13:58:22.000000Z
2024,260.58221064814813,43.08037,-79.06907,2024-09-16T13:58:23.000000Z
2024,260.58222222222224,43.08037,-79.06907,2024-09-16T13:58:24.000000Z
2024,260.5822337962963,43.08037,-79.06907,2024-09-16T13:58:25.000000Z
2024,260.58224537037034,43.08037,-79.06907,2024-09-16T13:58:26.000000Z
2024,260.58225694444445,43.08037,-79.06907,2024-09-16T13:58:27.000000Z
2024,260.5822685185185,43.08037,-79.06907,2024-09-16T13:58:28.000000Z
2024,260.5822800925926,43.08037,-79.06907,2024-09-16T13:58:29.000000Z
2024,260.58229166666666,43.08037,-79.06907,2024-09-16T13:58:30.000000Z
2024,260.5823032407407,43.08037,-79.06907,2024-09-16T13:58:31.000000Z
2024,260.5823148148148,43.08037,-79.06907,2024-09-16T13:58:32.000000Z
2024,260.5823263888889,43.08037,-79.06907,2024-09-16T13:58:33.000000Z
2024,260.582337962963,43.08037,-79.06907,2024-09-16T13:58:34.000000Z
2024,260.58234953703703,43.08037,-79.06907,2024-09-16T13:58:35.000000Z
2024,260.58236111111114,43.08037,-79.06907,2024-09-16T13:58:36.000000Z
2024,260.5823726851852,43.08037,-79.06907,2024-09-16T13:58:37.000000Z
2024,260.58238425925924,43.08037,-79.06907,2024-09-16T13:58:38.000000Z
2024,260.58239583333335,43.08037,-79.06907,2024-09-16T13:58:39.000000Z
2024,260.5824074074074,43.08037,-79.06907,2024-09-16T13:58:40.000000Z
2024,260.5824189814815,43.08037,-79.06907,2024-09-16T13:58:41.000000Z
2024,260.58243055555556,43.08037,-79.06907,2024-09-16T13:58:42.000000Z
2024,260.5824421296296,43.08037,-79.06907,2024-09-16T13:58:43.000000Z
2024,260.5824537037037,43.08037,-79.06907,2024-09-16T13:58:44.000000Z
2024,260.58246527777777,43.08037,-79.06907,2024-09-16T13:58:45.000000Z
2024,260.5824768518519,43.08037,-79.06907,2024-09-16T13:58:46.000000Z
2024,260.58248842592593,43.08037,-79.06907,2024-09-16T13:58:47.000000Z
2024,260.5825,43.08037,-79.06907,2024-09-16T13:58:48.000000Z
2024,260.58252314814814,43.08037,-79.06907,2024-09-16T13:58:50.000000Z
2024,260.58253472222225,43.08037,-79.06907,2024-09-16T13:58:51.000000Z
2024,260.5825462962963,43.08037,-79.06907,2024-09-16T13:58:52.000000Z
2024,260.58255787037035,43.08037,-79.06907,2024-09-16T13:58:53.000000Z
2024,260.58256944444446,43.08037,-79.06907,2024-09-16T13:58:54.000000Z
2024,260.5825810185185,43.08037,-79.06907,2024-09-16T13:58:55.000000Z
2024,260.5825925925926,43.08037,-79.06907,2024-09-16T13:58:56.000000Z
2024,260.58260416666667,43.08037,-79.06907,2024-09-16T13:58:57.000000Z
2024,260.5826157407407,43.08037,-79.06907,2024-09-16T13:58:58.000000Z
2024,260.58262731481483,43.08037,-79.06907,2024-09-16T13:58:59.000000Z
2024,260.5826388888889,43.08037,-79.06907,2024-09-16T13:59:00.000000Z
2024,260.58265046296293,43.08037,-79.06907,2024-09-16T13:59:01.000000Z
2024,260.58266203703704,43.08037,-79.06907,2024-09-16T13:59:02.000000Z
2024,260.5826736111111,43.08037,-79.06907,2024-09-16T13:59:03.000000Z
2024,260.5826851851852,43.08037,-79.06907,2024-09-16T13:59:04.000000Z
2024,260.58269675925925,43.08037,-79.06907,2024-09-16T13:59:05.000000Z
2024,260.5827083333333,43.08037,-79.06907,2024-09-16T13:59:06.000000Z
2024,260.5827199074074,43.08037,-79.06907,2024-09-16T13:59:07.000000Z
2024,260.58273148148146,43.08037,-79.06907,2024-09-16T13:59:08.000000Z
2024,260.58274305555557,43.08037,-79.06907,2024-09-16T13:59:09.000000Z
2024,260.5827546296296,43.08037,-79.06907,2024-09-16T13:59:10.000000Z
2024,260.58276620370367,43.08037,-79.06907,2024-09-16T13:59:11.000000Z
2024,260.5827777777778,43.08037,-79.06907,2024-09-16T13:59:12.000000Z
2024,260.58278935185183,43.08037,-79.06907,2024-09-16T13:59:13.000000Z
2024,260.58280092592594,43.08037,-79.06907,2024-09-16T13:59:14.000000Z
2024,260.5828125,43.08037,-79.06907,2024-09-16T13:59:15.000000Z
2024,260.58282407407404,43.08037,-79.06907,2024-09-16T13:59:16.000000Z
2024,260.58283564814815,43.08037,-79.06907,2024-09-16T13:59:17.000000Z
2024,260.5828472222222,43.08037,-79.06907,2024-09-16T13:59:18.000000Z
2024,260.5828587962963,43.08037,-79.06907,2024-09-16T13:59:19.000000Z
2024,260.58287037037036,43.08037,-79.06907,2024-09-16T13:59:20.000000Z
2024,260.5828819444444,43.08037,-79.06907,2024-09-16T13:59:21.000000Z
2024,260.5828935185185,43.08037,-79.06907,2024-09-16T13:59:22.000000Z
2024,260.58290509259257,43.08037,-79.06907,2024-09-16T13:59:23.000000Z
2024,260.5829166666667,43.08037,-79.06907,2024-09-16T13:59:24.000000Z
2024,260.5829282407407,43.08037,-79.06907,2024-09-16T13:59:25.000000Z
2024,260.5829398148148,43.08037,-79.06907,2024-09-16T13:59:26.000000Z
2024,260.5829513888889,43.08037,-79.06907,2024-09-16T13:59:27.000000Z
2024,260.58296296296294,43.08037,-79.06907,2024-09-16T13:59:28.000000Z
2024,260.58297453703705,43.08037,-79.06907,2024-09-16T13:59:29.000000Z
2024,260.5829861111111,43.08037,-79.06907,2024-09-16T13:59:30.000000Z
2024,260.58299768518515,43.08037,-79.06907,2024-09-16T13:59:31.000000Z
2024,260.58300925925926,43.08037,-79.06907,2024-09-16T13:59:32.000000Z
2024,260.5830208333333,43.08037,-79.06907,2024-09-16T13:59:33.000000Z
2024,260.5830324074074,43.08037,-79.06907,2024-09-16T13:59:34.000000Z
2024,260.58304398148147,43.08037,-79.06907,2024-09-16T13:59:35.000000Z
2024,260.5830555555556,43.08037,-79.06907,2024-09-16T13:59:36.000000Z
2024,260.5830671296296,43.08037,-79.06906,2024-09-16T13:59:37.000000Z
2024,260.5830787037037,43.08037,-79.06906,2024-09-16T13:59:38.000000Z
2024,260.5830902777778,43.08037,-79.06906,2024-09-16T13:59:39.000000Z
2024,260.58310185185184,43.08037,-79.06906,2024-09-16T13:59:40.000000Z
2024,260.58311342592594,43.08037,-79.06906,2024-09-16T13:59:41.000000Z
2024,260.583125,43.08037,-79.06906,2024-09-16T13:59:42.000000Z
2024,260.58313657407405,43.08037,-79.06906,2024-09-16T13:59:43.000000Z
2024,260.58314814814815,43.08037,-79.06906,2024-09-16T13:59:44.000000Z
2024,260.5831597222222,43.08037,-79.06906,2024-09-16T13:59:45.000000Z
2024,260.5831712962963,43.08037,-79.06906,2024-09-16T13:59:46.000000Z
2024,260.58318287037036,43.08037,-79.06906,2024-09-16T13:59:47.000000Z
2024,260.5831944444444,43.08037,-79.06906,2024-09-16T13:59:48.000000Z
2024,260.5832060185185,43.08037,-79.06906,2024-09-16T13:59:49.000000Z
2024,260.5832175925926,43.08037,-79.06906,2024-09-16T13:59:50.000000Z
2024,260.5832291666667,43.08037,-79.06906,2024-09-16T13:59:51.000000Z
2024,260.58324074074073,43.08037,-79.06906,2024-09-16T13:59:52.000000Z
2024,260.5832523148148,43.08037,-79.06906,2024-09-16T13:59:53.000000Z
2024,260.5832638888889,43.08037,-79.06906,2024-09-16T13:59:54.000000Z
2024,260.58327546296294,43.08037,-79.06906,2024-09-16T13:59:55.000000Z
2024,260.58328703703705,43.08037,-79.06906,2024-09-16T13:59:56.000000Z
2024,260.5832986111111,43.08037,-79.06906,2024-09-16T13:59:57.000000Z
2024,260.58331018518516,43.08037,-79.06906,2024-09-16T13:59:58.000000Z
2024,260.58332175925926,43.08037,-79.06906,2024-09-16T13:59:59.000000Z
2024,260.5833333333333,43.08037,-79.06906,2024-09-16T14:00:00.000000Z
2024,260.58334490740737,43.08037,-79.06906,2024-09-16T14:00:01.000000Z
2024,260.5833564814815,43.08037,-79.06906,2024-09-16T14:00:02.000000Z
2024,260.5833680555555,43.08037,-79.06906,2024-09-16T14:00:03.000000Z
2024,260.58337962962963,43.08037,-79.06906,2024-09-16T14:00:04.000000Z
2024,260.5833912037037,43.08037,-79.06906,2024-09-16T14:00:05.000000Z
2024,260.58340277777774,43.08037,-79.06906,2024-09-16T14:00:06.000000Z
2024,260.58341435185184,43.08037,-79.06906,2024-09-16T14:00:07.000000Z
2024,260.5834259259259,43.08037,-79.06906,2024-09-16T14:00:08.000000Z
2024,260.5834375,43.08037,-79.06906,2024-09-16T14:00:09.000000Z
2024,260.58344907407405,43.08037,-79.06906,2024-09-16T14:00:10.000000Z
2024,260.5834606481481,43.08037,-79.06906,2024-09-16T14:00:11.000000Z
2024,260.5834722222222,43.08037,-79.06906,2024-09-16T14:00:12.000000Z
2024,260.58348379629626,43.08037,-79.06906,2024-09-16T14:00:13.000000Z
2024,260.5834953703704,43.08037,-79.06906,2024-09-16T14:00:14.000000Z
2024,260.5835069444444,43.08037,-79.06906,2024-09-16T14:00:15.000000Z
2024,260.5835185185185,43.08037,-79.06906,2024-09-16T14:00:16.000000Z
2024,260.5835300925926,43.08037,-79.06906,2024-09-16T14:00:17.000000Z
2024,260.58354166666663,43.08037,-79.06906,2024-09-16T14:00:18.000000Z
2024,260.58355324074074,43.08037,-79.06906,2024-09-16T14:00:19.000000Z
2024,260.5835648148148,43.08037,-79.06907,2024-09-16T14:00:20.000000Z
2024,260.58357638888884,43.08037,-79.06907,2024-09-16T14:00:21.000000Z
2024,260.58358796296295,43.08037,-79.06907,2024-09-16T14:00:22.000000Z
2024,260.583599537037,43.08037,-79.06907,2024-09-16T14:00:23.000000Z
2024,260.5836111111111,43.08037,-79.06907,2024-09-16T14:00:24.000000Z
2024,260.58362268518516,43.08037,-79.06907,2024-09-16T14:00:25.000000Z
2024,260.5836342592592,43.08037,-79.06907,2024-09-16T14:00:26.000000Z
2024,260.5836458333333,43.08037,-79.06907,2024-09-16T14:00:27.000000Z
2024,260.5836574074074,43.08037,-79.06907,2024-09-16T14:00:28.000000Z
2024,260.5836689814815,43.08037,-79.06907,2024-09-16T14:00:29.000000Z
2024,260.58368055555553,43.08037,-79.06907,2024-09-16T14:00:30.000000Z
2024,260.5836921296296,43.08037,-79.06907,2024-09-16T14:00:31.000000Z
2024,260.5837037037037,43.08037,-79.06907,2024-09-16T14:00:32.000000Z
2024,260.58371527777774,43.08037,-79.06907,2024-09-16T14:00:33.000000Z
2024,260.58372685185185,43.08037,-79.06907,2024-09-16T14:00:34.000000Z
2024,260.5837384259259,43.08037,-79.06907,2024-09-16T14:00:35.000000Z
2024,260.58375,43.08037,-79.06907,2024-09-16T14:00:36.000000Z
2024,260.58376157407406,43.08037,-79.06907,2024-09-16T14:00:37.000000Z
2024,260.5837731481481,43.08037,-79.06907,2024-09-16T14:00:38.000000Z
2024,260.5837847222222,43.08037,-79.06907,2024-09-16T14:00:39.000000Z
2024,260.58379629629627,43.08037,-79.06907,2024-09-16T14:00:40.000000Z
2024,260.5838078703704,43.08037,-79.06907,2024-09-16T14:00:41.000000Z
2024,260.58381944444443,43.08037,-79.06907,2024-09-16T14:00:42.000000Z
2024,260.5838310185185,43.08037,-79.06907,2024-09-16T14:00:43.000000Z
2024,260.5838425925926,43.08037,-79.06907,2024-09-16T14:00:44.000000Z
2024,260.58385416666664,43.08037,-79.06907,2024-09-16T14:00:45.000000Z
2024,260.58386574074075,43.08037,-79.06907,2024-09-16T14:00:46.000000Z
2024,260.5838773148148,43.08037,-79.06907,2024-09-16T14:00:47.000000Z
2024,260.58388888888885,43.08037,-79.06907,2024-09-16T14:00:48.000000Z
2024,260.58390046296296,43.08037,-79.06907,2024-09-16T14:00:49.000000Z
2024,260.583912037037,43.08037,-79.06907,2024-09-16T14:00:50.000000Z
2024,260.5839236111111,43.08037,-79.06907,2024-09-16T14:00:51.000000Z
2024,260.58393518518517,43.08037,-79.06907,2024-09-16T14:00:52.000000Z
2024,260.5839467592592,43.08037,-79.06907,2024-09-16T14:00:53.000000Z
2024,260.5839583333333,43.08037,-79.06907,2024-09-16T14:00:54.000000Z
2024,260.5839699074074,43.08037,-79.06907,2024-09-16T14:00:55.000000Z
2024,260.5839814814815,43.08037,-79.06907,2024-09-16T14:00:56.000000Z
2024,260.58399305555554,43.08037,-79.06907,2024-09-16T14:00:57.000000Z
2024,260.5840046296296,43.08037,-79.06907,2024-09-16T14:00:58.000000Z
2024,260.5840162037037,43.08037,-79.06907,2024-09-16T14:00:59.000000Z
2024,260.58402777777775,43.08037,-79.06907,2024-09-16T14:01:00.000000Z
2024,260.5840393518518,43.08037,-79.06907,2024-09-16T14:01:01.000000Z
2024,260.5840509259259,43.08037,-79.06907,2024-09-16T14:01:02.000000Z
2024,260.58406249999996,43.08037,-79.06907,2024-09-16T14:01:03.000000Z
2024,260.58407407407407,43.08037,-79.06907,2024-09-16T14:01:04.000000Z
2024,260.5840856481481,43.08037,-79.06907,2024-09-16T14:01:05.000000Z
2024,260.58409722222217,43.08037,-79.06907,2024-09-16T14:01:06.000000Z
2024,260.5841087962963,43.08037,-79.06907,2024-09-16T14:01:07.000000Z
2024,260.58412037037033,43.08037,-79.06907,2024-09-16T14:01:08.000000Z
2024,260.58413194444444,43.08037,-79.06907,2024-09-16T14:01:09.000000Z
2024,260.5841435185185,43.08037,-79.06907,2024-09-16T14:01:10.000000Z
2024,260.58415509259254,43.08037,-79.06907,2024-09-16T14:01:11.000000Z
2024,260.58416666666665,43.08037,-79.06907,2024-09-16T14:01:12.000000Z
2024,260.5841782407407,43.08037,-79.06906,2024-09-16T14:01:13.000000Z
2024,260.5841898148148,43.08037,-79.06906,2024-09-16T14:01:14.000000Z
2024,260.58420138888886,43.08037,-79.06906,2024-09-16T14:01:15.000000Z
2024,260.5842129629629,43.08037,-79.06906,2024-09-16T14:01:16.000000Z
2024,260.584224537037,43.08037,-79.06906,2024-09-16T14:01:17.000000Z
2024,260.58423611111107,43.08037,-79.06906,2024-09-16T14:01:18.000000Z
2024,260.5842476851852,43.08037,-79.06906,2024-09-16T14:01:19.000000Z
2024,260.5842592592592,43.08037,-79.06906,2024-09-16T14:01:20.000000Z
2024,260.5842708333333,43.08037,-79.06906,2024-09-16T14:01:21.000000Z
2024,260.5842824074074,43.08037,-79.06906,2024-09-16T14:01:22.000000Z
2024,260.58429398148144,43.08037,-79.06906,2024-09-16T14:01:23.000000Z
2024,260.58430555555555,43.08037,-79.06906,2024-09-16T14:01:24.000000Z
2024,260.5843171296296,43.08037,-79.06906,2024-09-16T14:01:25.000000Z
2024,260.58432870370365,43.08037,-79.06906,2024-09-16T14:01:26.000000Z
2024,260.58434027777776,43.08037,-79.06906,2024-09-16T14:01:27.000000Z
2024,260.5843518518518,43.08037,-79.06906,2024-09-16T14:01:28.000000Z
2024,260.5843634259259,43.08037,-79.06906,2024-09-16T14:01:29.000000Z
2024,260.58437499999997,43.08037,-79.06906,2024-09-16T14:01:30.000000Z
2024,260.584386574074,43.08037,-79.06906,2024-09-16T14:01:31.000000Z
2024,260.5843981481481,43.08037,-79.06906,2024-09-16T14:01:32.000000Z
2024,260.5844097222222,43.08037,-79.06906,2024-09-16T14:01:33.000000Z
2024,260.5844212962963,43.08037,-79.06906,2024-09-16T14:01:34.000000Z
2024,260.58443287037034,43.08037,-79.06906,2024-09-16T14:01:35.000000Z
2024,260.58444444444444,43.08037,-79.06906,2024-09-16T14:01:36.000000Z
2024,260.5844560185185,43.08037,-79.06906,2024-09-16T14:01:37.000000Z
2024,260.58446759259255,43.08037,-79.06906,2024-09-16T14:01:38.000000Z
2024,260.58447916666665,43.08037,-79.06907,2024-09-16T14:01:39.000000Z
2024,260.5844907407407,43.08037,-79.06907,2024-09-16T14:01:40.000000Z
2024,260.5845023148148,43.08037,-79.06907,2024-09-16T14:01:41.000000Z
2024,260.58451388888886,43.08037,-79.06907,2024-09-16T14:01:42.000000Z
2024,260.5845254629629,43.08037,-79.06907,2024-09-16T14:01:43.000000Z
2024,260.584537037037,43.08037,-79.06907,2024-09-16T14:01:44.000000Z
2024,260.5845486111111,43.08037,-79.06907,2024-09-16T14:01:45.000000Z
2024,260.5845601851852,43.08037,-79.06907,2024-09-16T14:01:46.000000Z
2024,260.58457175925923,43.08037,-79.06907,2024-09-16T14:01:47.000000Z
2024,260.5845833333333,43.08037,-79.06907,2024-09-16T14:01:48.000000Z
2024,260.5845949074074,43.08037,-79.06907,2024-09-16T14:01:49.000000Z
2024,260.58460648148144,43.08037,-79.06907,2024-09-16T14:01:50.000000Z
2024,260.58461805555555,43.08037,-79.06907,2024-09-16T14:01:51.000000Z
2024,260.5846296296296,43.08037,-79.06907,2024-09-16T14:01:52.000000Z
2024,260.58464120370365,43.08037,-79.06907,2024-09-16T14:01:53.000000Z
2024,260.58465277777776,43.08037,-79.06907,2024-09-16T14:01:54.000000Z
2024,260.5846643518518,43.08037,-79.06907,2024-09-16T14:01:55.000000Z
2024,260.5846759259259,43.08037,-79.06907,2024-09-16T14:01:56.000000Z
2024,260.5846875,43.08037,-79.06907,2024-09-16T14:01:57.000000Z
2024,260.584699074074,43.08037,-79.06907,2024-09-16T14:01:58.000000Z
2024,260.58471064814813,43.08037,-79.06907,2024-09-16T14:01:59.000000Z
2024,260.5847222222222,43.08037,-79.06907,2024-09-16T14:02:00.000000Z
2024,260.58473379629623,43.08037,-79.06907,2024-09-16T14:02:01.000000Z
2024,260.58474537037034,43.08037,-79.06907,2024-09-16T14:02:02.000000Z
2024,260.5847569444444,43.08037,-79.06907,2024-09-16T14:02:03.000000Z
2024,260.5847685185185,43.08037,-79.06907,2024-09-16T14:02:04.000000Z
2024,260.58478009259255,43.08037,-79.06907,2024-09-16T14:02:05.000000Z
2024,260.5847916666666,43.08037,-79.06907,2024-09-16T14:02:06.000000Z
2024,260.5848032407407,43.08037,-79.06907,2024-09-16T14:02:07.000000Z
2024,260.58481481481476,43.08037,-79.06907,2024-09-16T14:02:08.000000Z
2024,260.58482638888887,43.08037,-79.06907,2024-09-16T14:02:09.000000Z
2024,260.5848379629629,43.08037,-79.06907,2024-09-16T14:02:10.000000Z
2024,260.584849537037,43.08037,-79.06907,2024-09-16T14:02:11.000000Z
2024,260.5848611111111,43.08037,-79.06907,2024-09-16T14:02:12.000000Z
2024,260.58487268518513,43.08037,-79.06907,2024-09-16T14:02:13.000000Z
2024,260.58488425925924,43.08037,-79.06907,2024-09-16T14:02:14.000000Z
2024,260.5848958333333,43.08037,-79.06907,2024-09-16T14:02:15.000000Z
2024,260.58490740740734,43.08037,-79.06907,2024-09-16T14:02:16.000000Z
2024,260.58491898148145,43.08037,-79.06907,2024-09-16T14:02:17.000000Z
2024,260.5849305555555,43.08037,-79.06907,2024-09-16T14:02:18.000000Z
2024,260.5849421296296,43.08037,-79.06907,2024-09-16T14:02:19.000000Z
2024,260.58495370370366,43.08037,-79.06907,2024-09-16T14:02:20.000000Z
2024,260.5849652777777,43.08037,-79.06907,2024-09-16T14:02:21.000000Z
2024,260.5849768518518,43.08037,-79.06907,2024-09-16T14:02:22.000000Z
2024,260.58498842592587,43.08037,-79.06907,2024-09-16T14:02:23.000000Z
2024,260.585,43.08037,-79.06907,2024-09-16T14:02:24.000000Z
2024,260.58501157407403,43.08037,-79.06907,2024-09-16T14:02:25.000000Z
2024,260.5850231481481,43.08037,-79.06907,2024-09-16T14:02:26.000000Z
2024,260.5850347222222,43.08037,-79.06907,2024-09-16T14:02:27.000000Z
2024,260.58504629629624,43.08037,-79.06907,2024-09-16T14:02:28.000000Z
2024,260.58505787037035,43.08037,-79.06907,2024-09-16T14:02:29.000000Z
2024,260.5850694444444,43.08037,-79.06907,2024-09-16T14:02:30.000000Z
2024,260.58508101851845,43.08037,-79.06907,2024-09-16T14:02:31.000000Z
2024,260.58509259259256,43.08037,-79.06907,2024-09-16T14:02:32.000000Z
2024,260.5851041666666,43.08037,-79.06907,2024-09-16T14:02:33.000000Z
2024,260.5851157407407,43.08037,-79.06907,2024-09-16T14:02:34.000000Z
2024,260.58512731481477,43.08037,-79.06907,2024-09-16T14:02:35.000000Z
2024,260.5851388888889,43.08037,-79.06907,2024-09-16T14:02:36.000000Z
2024,260.58515046296293,43.08037,-79.06907,2024-09-16T14:02:37.000000Z
2024,260.585162037037,43.08037,-79.06907,2024-09-16T14:02:38.000000Z
2024,260.5851736111111,43.08037,-79.06907,2024-09-16T14:02:39.000000Z
2024,260.58518518518514,43.08037,-79.06906,2024-09-16T14:02:40.000000Z
2024,260.58519675925925,43.08037,-79.06906,2024-09-16T14:02:41.000000Z
2024,260.5852083333333,43.08037,-79.06906,2024-09-16T14:02:42.000000Z
2024,260.58521990740735,43.08037,-79.06906,2024-09-16T14:02:43.000000Z
2024,260.58523148148146,43.08037,-79.06906,2024-09-16T14:02:44.000000Z
2024,260.5852430555555,43.08037,-79.06906,2024-09-16T14:02:45.000000Z
2024,260.5852546296296,43.08037,-79.06906,2024-09-16T14:02:46.000000Z
2024,260.58526620370367,43.08037,-79.06906,2024-09-16T14:02:47.000000Z
2024,260.5852777777777,43.08037,-79.06906,2024-09-16T14:02:48.000000Z
2024,260.5852893518518,43.08037,-79.06906,2024-09-16T14:02:49.000000Z
2024,260.5853009259259,43.08037,-79.06906,2024-09-16T14:02:50.000000Z
2024,260.5853125,43.08037,-79.06906,2024-09-16T14:02:51.000000Z
2024,260.58532407407404,43.08037,-79.06906,2024-09-16T14:02:52.000000Z
2024,260.5853356481481,43.08037,-79.06906,2024-09-16T14:02:53.000000Z
2024,260.5853472222222,43.08037,-79.06906,2024-09-16T14:02:54.000000Z
2024,260.58535879629625,43.08037,-79.06906,2024-09-16T14:02:55.000000Z
2024,260.58537037037036,43.08037,-79.06906,2024-09-16T14:02:56.000000Z
2024,260.5853819444444,43.08037,-79.06906,2024-09-16T14:02:57.000000Z
2024,260.58539351851846,43.08037,-79.06906,2024-09-16T14:02:58.000000Z
2024,260.58540509259257,43.08037,-79.06906,2024-09-16T14:02:59.000000Z
2024,260.5854166666667,43.08037,-79.06906,2024-09-16T14:03:00.000000Z
2024,260.5854282407407,43.08037,-79.06906,2024-09-16T14:03:01.000000Z
2024,260.58543981481483,43.08037,-79.06906,2024-09-16T14:03:02.000000Z
2024,260.5854513888889,43.08037,-79.06906,2024-09-16T14:03:03.000000Z
2024,260.585462962963,43.08037,-79.06906,2024-09-16T14:03:04.000000Z
2024,260.58547453703704,43.08037,-79.06906,2024-09-16T14:03:05.000000Z
2024,260.5854861111111,43.08037,-79.06906,2024-09-16T14:03:06.000000Z
2024,260.5854976851852,43.08037,-79.06906,2024-09-16T14:03:07.000000Z
2024,260.58550925925925,43.08037,-79.06906,2024-09-16T14:03:08.000000Z
2024,260.58552083333336,43.08037,-79.06906,2024-09-16T14:03:09.000000Z
2024,260.5855324074074,43.08037,-79.06906,2024-09-16T14:03:10.000000Z
2024,260.58554398148146,43.08037,-79.06906,2024-09-16T14:03:11.000000Z
2024,260.5855555555556,43.08037,-79.06906,2024-09-16T14:03:12.000000Z
2024,260.5855671296296,43.08037,-79.06906,2024-09-16T14:03:13.000000Z
2024,260.58557870370373,43.08037,-79.06906,2024-09-16T14:03:14.000000Z
2024,260.5855902777778,43.08037,-79.06906,2024-09-16T14:03:15.000000Z
2024,260.58560185185183,43.08037,-79.06906,2024-09-16T14:03:16.000000Z
2024,260.58561342592594,43.08037,-79.06906,2024-09-16T14:03:17.000000Z
2024,260.585625,43.08037,-79.06906,2024-09-16T14:03:18.000000Z
2024,260.5856365740741,43.08037,-79.06906,2024-09-16T14:03:19.000000Z
2024,260.58564814814815,43.08037,-79.06906,2024-09-16T14:03:20.000000Z
2024,260.5856597222222,43.08037,-79.06906,2024-09-16T14:03:21.000000Z
2024,260.5856712962963,43.08037,-79.06906,2024-09-16T14:03:22.000000Z
2024,260.58568287037036,43.08037,-79.06906,2024-09-16T14:03:23.000000Z
2024,260.58569444444447,43.08037,-79.06906,2024-09-16T14:03:24.000000Z
2024,260.5857060185185,43.08037,-79.06906,2024-09-16T14:03:25.000000Z
2024,260.5857175925926,43.08037,-79.06906,2024-09-16T14:03:26.000000Z
2024,260.5857291666667,43.08037,-79.06906,2024-09-16T14:03:27.000000Z
2024,260.58574074074073,43.08037,-79.06906,2024-09-16T14:03:28.000000Z
2024,260.58575231481484,43.08037,-79.06906,2024-09-16T14:03:29.000000Z
2024,260.5857638888889,43.08037,-79.06906,2024-09-16T14:03:30.000000Z
2024,260.58577546296294,43.08037,-79.06906,2024-09-16T14:03:31.000000Z
2024,260.58578703703705,43.08037,-79.06906,2024-09-16T14:03:32.000000Z
2024,260.5857986111111,43.08037,-79.06906,2024-09-16T14:03:33.000000Z
2024,260.5858101851852,43.08037,-79.06906,2024-09-16T14:03:34.000000Z
2024,260.58582175925926,43.08037,-79.06906,2024-09-16T14:03:35.000000Z
2024,260.58583333333337,43.08037,-79.06906,2024-09-16T14:03:36.000000Z
2024,260.5858449074074,43.08037,-79.06906,2024-09-16T14:03:37.000000Z
2024,260.58585648148147,43.08037,-79.06906,2024-09-16T14:03:38.000000Z
2024,260.5858680555556,43.08037,-79.06906,2024-09-16T14:03:39.000000Z
2024,260.58587962962963,43.08037,-79.06906,2024-09-16T14:03:40.000000Z
2024,260.58589120370374,43.08037,-79.06906,2024-09-16T14:03:41.000000Z
2024,260.5859027777778,43.08037,-79.06906,2024-09-16T14:03:42.000000Z
2024,260.58591435185184,43.08037,-79.06906,2024-09-16T14:03:43.000000Z
2024,260.58592592592595,43.08037,-79.06906,2024-09-16T14:03:44.000000Z
2024,260.5859375,43.08037,-79.06906,2024-09-16T14:03:45.000000Z
2024,260.5859490740741,43.08037,-79.06906,2024-09-16T14:03:46.000000Z
2024,260.58596064814816,43.08037,-79.06906,2024-09-16T14:03:47.000000Z
2024,260.5859722222222,43.08037,-79.06906,2024-09-16T14:03:48.000000Z
2024,260.5859837962963,43.08037,-79.06906,2024-09-16T14:03:49.000000Z
2024,260.58599537037037,43.08037,-79.06906,2024-09-16T14:03:50.000000Z
2024,260.5860069444445,43.08037,-79.06906,2024-09-16T14:03:51.000000Z
2024,260.58601851851853,43.08037,-79.06906,2024-09-16T14:03:52.000000Z
2024,260.5860300925926,43.08037,-79.06906,2024-09-16T14:03:53.000000Z
2024,260.5860416666667,43.08037,-79.06906,2024-09-16T14:03:54.000000Z
2024,260.58605324074074,43.08037,-79.06906,2024-09-16T14:03:55.000000Z
2024,260.58606481481485,43.08037,-79.06906,2024-09-16T14:03:56.000000Z
2024,260.5860763888889,43.08037,-79.06906,2024-09-16T14:03:57.000000Z
2024,260.58608796296295,43.08037,-79.06906,2024-09-16T14:03:58.000000Z
2024,260.58609953703706,43.08037,-79.06906,2024-09-16T14:03:59.000000Z
2024,260.5861111111111,43.08037,-79.06906,2024-09-16T14:04:00.000000Z
2024,260.58612268518516,43.08037,-79.06906,2024-09-16T14:04:01.000000Z
2024,260.58613425925927,43.08037,-79.06906,2024-09-16T14:04:02.000000Z
2024,260.5861458333333,43.08037,-79.06906,2024-09-16T14:04:03.000000Z
2024,260.5861574074074,43.08037,-79.06906,2024-09-16T14:04:04.000000Z
2024,260.5861689814815,43.08037,-79.06906,2024-09-16T14:04:05.000000Z
2024,260.58618055555553,43.08037,-79.06906,2024-09-16T14:04:06.000000Z
2024,260.58619212962964,43.08037,-79.06906,2024-09-16T14:04:07.000000Z
2024,260.5862037037037,43.08037,-79.06906,2024-09-16T14:04:08.000000Z
2024,260.5862152777778,43.08037,-79.06906,2024-09-16T14:04:09.000000Z
2024,260.58622685185185,43.08037,-79.06906,2024-09-16T14:04:10.000000Z
2024,260.5862384259259,43.08037,-79.06906,2024-09-16T14:04:11.000000Z
2024,260.58625,43.08037,-79.06906,2024-09-16T14:04:12.000000Z
2024,260.58626157407406,43.08037,-79.06906,2024-09-16T14:04:13.000000Z
2024,260.58627314814817,43.08037,-79.06906,2024-09-16T14:04:14.000000Z
2024,260.5862847222222,43.08037,-79.06906,2024-09-16T14:04:15.000000Z
2024,260.58629629629627,43.08037,-79.06906,2024-09-16T14:04:16.000000Z
2024,260.5863078703704,43.08037,-79.06906,2024-09-16T14:04:17.000000Z
2024,260.5863194444444,43.08037,-79.06906,2024-09-16T14:04:18.000000Z
2024,260.58633101851854,43.08037,-79.06906,2024-09-16T14:04:19.000000Z
2024,260.5863425925926,43.08037,-79.06906,2024-09-16T14:04:20.000000Z
2024,260.58635416666664,43.08037,-79.06906,2024-09-16T14:04:21.000000Z
2024,260.58636574074075,43.08037,-79.06906,2024-09-16T14:04:22.000000Z
2024,260.5863773148148,43.08037,-79.06906,2024-09-16T14:04:23.000000Z
2024,260.5863888888889,43.08037,-79.06906,2024-09-16T14:04:24.000000Z
2024,260.58640046296296,43.08037,-79.06906,2024-09-16T14:04:25.000000Z
2024,260.586412037037,43.08037,-79.06906,2024-09-16T14:04:26.000000Z
2024,260.5864236111111,43.08037,-79.06906,2024-09-16T14:04:27.000000Z
2024,260.58643518518517,43.08037,-79.06906,2024-09-16T14:04:28.000000Z
2024,260.5864467592593,43.08037,-79.06906,2024-09-16T14:04:29.000000Z
2024,260.5864583333333,43.08037,-79.06906,2024-09-16T14:04:30.000000Z
2024,260.5864699074074,43.08037,-79.06906,2024-09-16T14:04:31.000000Z
2024,260.5864814814815,43.08037,-79.06906,2024-09-16T14:04:32.000000Z
2024,260.58649305555554,43.08037,-79.06906,2024-09-16T14:04:33.000000Z
2024,260.58650462962964,43.08037,-79.06906,2024-09-16T14:04:34.000000Z
2024,260.5865162037037,43.08037,-79.06906,2024-09-16T14:04:35.000000Z
2024,260.5865277777778,43.08037,-79.06906,2024-09-16T14:04:36.000000Z
2024,260.58653935185185,43.08037,-79.06906,2024-09-16T14:04:37.000000Z
2024,260.5865509259259,43.08037,-79.06906,2024-09-16T14:04:38.000000Z
2024,260.5865625,43.08037,-79.06906,2024-09-16T14:04:39.000000Z
2024,260.58657407407406,43.08037,-79.06906,2024-09-16T14:04:40.000000Z
2024,260.5865856481482,43.08037,-79.06906,2024-09-16T14:04:41.000000Z
2024,260.5865972222222,43.08037,-79.06906,2024-09-16T14:04:42.000000Z
2024,260.5866087962963,43.08037,-79.06906,2024-09-16T14:04:43.000000Z
2024,260.5866203703704,43.08037,-79.06906,2024-09-16T14:04:44.000000Z
2024,260.58663194444443,43.08037,-79.06906,2024-09-16T14:04:45.000000Z
2024,260.58664351851854,43.08037,-79.06906,2024-09-16T14:04:46.000000Z
2024,260.5866550925926,43.08037,-79.06906,2024-09-16T14:04:47.000000Z
2024,260.58666666666664,43.08037,-79.06906,2024-09-16T14:04:48.000000Z
2024,260.58667824074075,43.08037,-79.06906,2024-09-16T14:04:49.000000Z
2024,260.5866898148148,43.08037,-79.06906,2024-09-16T14:04:50.000000Z
2024,260.5867013888889,43.08037,-79.06906,2024-09-16T14:04:51.000000Z
2024,260.58671296296296,43.08037,-79.06906,2024-09-16T14:04:52.000000Z
2024,260.586724537037,43.08037,-79.06906,2024-09-16T14:04:53.000000Z
2024,260.5867361111111,43.08037,-79.06906,2024-09-16T14:04:54.000000Z
2024,260.5867476851852,43.08037,-79.06906,2024-09-16T14:04:55.000000Z
2024,260.5867592592593,43.08037,-79.06906,2024-09-16T14:04:56.000000Z
2024,260.58677083333333,43.08037,-79.06906,2024-09-16T14:04:57.000000Z
2024,260.5867824074074,43.08037,-79.06906,2024-09-16T14:04:58.000000Z
2024,260.5867939814815,43.08037,-79.06906,2024-09-16T14:04:59.000000Z
2024,260.58680555555554,43.08037,-79.06906,2024-09-16T14:05:00.000000Z
2024,260.5868171296296,43.08037,-79.06906,2024-09-16T14:05:01.000000Z
2024,260.5868287037037,43.08037,-79.06906,2024-09-16T14:05:02.000000Z
2024,260.58684027777775,43.08037,-79.06906,2024-09-16T14:05:03.000000Z
2024,260.58685185185186,43.08037,-79.06906,2024-09-16T14:05:04.000000Z
2024,260.5868634259259,43.08037,-79.06906,2024-09-16T14:05:05.000000Z
2024,260.58687499999996,43.08037,-79.06906,2024-09-16T14:05:06.000000Z
2024,260.5868865740741,43.08037,-79.06906,2024-09-16T14:05:07.000000Z
2024,260.5868981481481,43.08037,-79.06906,2024-09-16T14:05:08.000000Z
2024,260.58690972222223,43.08037,-79.06906,2024-09-16T14:05:09.000000Z
2024,260.5869212962963,43.08037,-79.06906,2024-09-16T14:05:10.000000Z
2024,260.58693287037033,43.08037,-79.06906,2024-09-16T14:05:11.000000Z
2024,260.58694444444444,43.08037,-79.06906,2024-09-16T14:05:12.000000Z
2024,260.5869560185185,43.08037,-79.06906,2024-09-16T14:05:13.000000Z
2024,260.5869675925926,43.08037,-79.06906,2024-09-16T14:05:14.000000Z
2024,260.58697916666665,43.08037,-79.06906,2024-09-16T14:05:15.000000Z
2024,260.5869907407407,43.08037,-79.06906,2024-09-16T14:05:16.000000Z
2024,260.5870023148148,43.08037,-79.06906,2024-09-16T14:05:17.000000Z
2024,260.58701388888886,43.08037,-79.06906,2024-09-16T14:05:18.000000Z
2024,260.58702546296297,43.08037,-79.06906,2024-09-16T14:05:19.000000Z
2024,260.587037037037,43.08037,-79.06906,2024-09-16T14:05:20.000000Z
2024,260.5870486111111,43.08037,-79.06906,2024-09-16T14:05:21.000000Z
2024,260.5870601851852,43.08037,-79.06906,2024-09-16T14:05:22.000000Z
2024,260.58707175925923,43.08037,-79.06906,2024-09-16T14:05:23.000000Z
2024,260.58708333333334,43.08037,-79.06906,2024-09-16T14:05:24.000000Z
2024,260.5870949074074,43.08037,-79.06906,2024-09-16T14:05:25.000000Z
2024,260.58710648148144,43.08037,-79.06906,2024-09-16T14:05:26.000000Z
2024,260.58711805555555,43.08037,-79.06906,2024-09-16T14:05:27.000000Z
2024,260.5871296296296,43.08037,-79.06906,2024-09-16T14:05:28.000000Z
2024,260.5871412037037,43.08037,-79.06906,2024-09-16T14:05:29.000000Z
2024,260.58715277777776,43.08037,-79.06906,2024-09-16T14:05:30.000000Z
2024,260.5871643518518,43.08037,-79.06906,2024-09-16T14:05:31.000000Z
2024,260.5871759259259,43.08037,-79.06906,2024-09-16T14:05:32.000000Z
2024,260.58718749999997,43.08037,-79.06906,2024-09-16T14:05:33.000000Z
2024,260.5871990740741,43.08037,-79.06906,2024-09-16T14:05:34.000000Z
2024,260.58721064814813,43.08037,-79.06906,2024-09-16T14:05:35.000000Z
2024,260.58722222222224,43.08037,-79.06906,2024-09-16T14:05:36.000000Z
2024,260.5872337962963,43.08037,-79.06906,2024-09-16T14:05:37.000000Z
2024,260.58724537037034,43.08037,-79.06907,2024-09-16T14:05:38.000000Z
2024,260.58725694444445,43.08037,-79.06907,2024-09-16T14:05:39.000000Z
2024,260.5872685185185,43.08037,-79.06907,2024-09-16T14:05:40.000000Z
2024,260.5872800925926,43.08037,-79.06907,2024-09-16T14:05:41.000000Z
2024,260.58729166666666,43.08037,-79.06907,2024-09-16T14:05:42.000000Z
2024,260.5873032407407,43.08037,-79.06907,2024-09-16T14:05:43.000000Z
2024,260.5873148148148,43.08037,-79.06907,2024-09-16T14:05:44.000000Z
2024,260.58732638888887,43.08037,-79.06907,2024-09-16T14:05:45.000000Z
2024,260.587337962963,43.08037,-79.06907,2024-09-16T14:05:46.000000Z
2024,260.587349537037,43.08037,-79.06907,2024-09-16T14:05:47.000000Z
2024,260.5873611111111,43.08037,-79.06907,2024-09-16T14:05:48.000000Z
2024,260.5873726851852,43.08037,-79.06907,2024-09-16T14:05:49.000000Z
2024,260.58738425925924,43.08037,-79.06907,2024-09-16T14:05:50.000000Z
2024,260.58739583333335,43.08037,-79.06907,2024-09-16T14:05:51.000000Z
2024,260.5874074074074,43.08037,-79.06907,2024-09-16T14:05:52.000000Z
2024,260.58741898148145,43.08037,-79.06907,2024-09-16T14:05:53.000000Z
2024,260.58743055555556,43.08037,-79.06907,2024-09-16T14:05:54.000000Z
2024,260.5874421296296,43.08037,-79.06907,2024-09-16T14:05:55.000000Z
2024,260.5874537037037,43.08037,-79.06907,2024-09-16T14:05:56.000000Z
2024,260.58746527777777,43.08037,-79.06907,2024-09-16T14:05:57.000000Z
2024,260.5874768518518,43.08037,-79.06907,2024-09-16T14:05:58.000000Z
2024,260.5874884259259,43.08037,-79.06907,2024-09-16T14:05:59.000000Z
2024,260.5875,43.08037,-79.06907,2024-09-16T14:06:00.000000Z
2024,260.58751157407403,43.08037,-79.06907,2024-09-16T14:06:01.000000Z
2024,260.58752314814814,43.08037,-79.06907,2024-09-16T14:06:02.000000Z
2024,260.5875347222222,43.08037,-79.06907,2024-09-16T14:06:03.000000Z
2024,260.5875462962963,43.08037,-79.06907,2024-09-16T14:06:04.000000Z
2024,260.58755787037035,43.08037,-79.06907,2024-09-16T14:06:05.000000Z
2024,260.5875694444444,43.08037,-79.06907,2024-09-16T14:06:06.000000Z
2024,260.5875810185185,43.08037,-79.06907,2024-09-16T14:06:07.000000Z
2024,260.58759259259256,43.08037,-79.06907,2024-09-16T14:06:08.000000Z
2024,260.58760416666667,43.08037,-79.06907,2024-09-16T14:06:09.000000Z
2024,260.5876157407407,43.08037,-79.06907,2024-09-16T14:06:10.000000Z
2024,260.58762731481477,43.08037,-79.06907,2024-09-16T14:06:11.000000Z
2024,260.5876388888889,43.08037,-79.06907,2024-09-16T14:06:12.000000Z
2024,260.5876504629629,43.08037,-79.06907,2024-09-16T14:06:13.000000Z
2024,260.58766203703703,43.08037,-79.06907,2024-09-16T14:06:14.000000Z
2024,260.5876736111111,43.08037,-79.06907,2024-09-16T14:06:15.000000Z
2024,260.58768518518514,43.08037,-79.06907,2024-09-16T14:06:16.000000Z
2024,260.58769675925925,43.08037,-79.06907,2024-09-16T14:06:17.000000Z
2024,260.5877083333333,43.08037,-79.06907,2024-09-16T14:06:18.000000Z
2024,260.5877199074074,43.08037,-79.06907,2024-09-16T14:06:19.000000Z
2024,260.58773148148146,43.08037,-79.06907,2024-09-16T14:06:20.000000Z
2024,260.5877430555555,43.08037,-79.06907,2024-09-16T14:06:21.000000Z
2024,260.5877546296296,43.08037,-79.06907,2024-09-16T14:06:22.000000Z
2024,260.58776620370367,43.08037,-79.06907,2024-09-16T14:06:23.000000Z
2024,260.5877777777778,43.08037,-79.06907,2024-09-16T14:06:24.000000Z
2024,260.5877893518518,43.08037,-79.06907,2024-09-16T14:06:25.000000Z
2024,260.5878009259259,43.08037,-79.06907,2024-09-16T14:06:26.000000Z
2024,260.5878125,43.08037,-79.06907,2024-09-16T14:06:27.000000Z
2024,260.58782407407404,43.08037,-79.06907,2024-09-16T14:06:28.000000Z
2024,260.58783564814814,43.08037,-79.06907,2024-09-16T14:06:29.000000Z
2024,260.5878472222222,43.08037,-79.06907,2024-09-16T14:06:30.000000Z
2024,260.58785879629625,43.08037,-79.06907,2024-09-16T14:06:31.000000Z
2024,260.58787037037035,43.08037,-79.06907,2024-09-16T14:06:32.000000Z
2024,260.5878819444444,43.08037,-79.06907,2024-09-16T14:06:33.000000Z
2024,260.5878935185185,43.08037,-79.06907,2024-09-16T14:06:34.000000Z
2024,260.58790509259256,43.08037,-79.06907,2024-09-16T14:06:35.000000Z
2024,260.5879166666667,43.08037,-79.06907,2024-09-16T14:06:36.000000Z
2024,260.5879282407407,43.08037,-79.06907,2024-09-16T14:06:37.000000Z
2024,260.5879398148148,43.08037,-79.06907,2024-09-16T14:06:38.000000Z
2024,260.58796296296293,43.08037,-79.06907,2024-09-16T14:06:40.000000Z
2024,260.58797453703704,43.08037,-79.06907,2024-09-16T14:06:41.000000Z
2024,260.5879861111111,43.08037,-79.06907,2024-09-16T14:06:42.000000Z
2024,260.58799768518514,43.08037,-79.06907,2024-09-16T14:06:43.000000Z
2024,260.58800925925925,43.08037,-79.06907,2024-09-16T14:06:44.000000Z
2024,260.5880208333333,43.08037,-79.06906,2024-09-16T14:06:45.000000Z
2024,260.5880324074074,43.08037,-79.06906,2024-09-16T14:06:46.000000Z
2024,260.58804398148146,43.08037,-79.06906,2024-09-16T14:06:47.000000Z
2024,260.5880555555555,43.08037,-79.06906,2024-09-16T14:06:48.000000Z
2024,260.5880671296296,43.08037,-79.06906,2024-09-16T14:06:49.000000Z
2024,260.5880787037037,43.08037,-79.06906,2024-09-16T14:06:50.000000Z
2024,260.5880902777778,43.08037,-79.06906,2024-09-16T14:06:51.000000Z
2024,260.58810185185183,43.08037,-79.06906,2024-09-16T14:06:52.000000Z
2024,260.5881134259259,43.08037,-79.06906,2024-09-16T14:06:53.000000Z
2024,260.588125,43.08037,-79.06906,2024-09-16T14:06:54.000000Z
2024,260.58813657407404,43.08037,-79.06906,2024-09-16T14:06:55.000000Z
2024,260.58814814814815,43.08037,-79.06906,2024-09-16T14:06:56.000000Z
2024,260.5881597222222,43.08037,-79.06906,2024-09-16T14:06:57.000000Z
2024,260.58817129629625,43.08037,-79.06906,2024-09-16T14:06:58.000000Z
2024,260.58818287037036,43.08037,-79.06906,2024-09-16T14:06:59.000000Z
2024,260.5881944444444,43.08037,-79.06906,2024-09-16T14:07:00.000000Z
2024,260.58820601851846,43.08037,-79.06906,2024-09-16T14:07:01.000000Z
2024,260.58821759259257,43.08037,-79.06906,2024-09-16T14:07:02.000000Z
2024,260.5882291666666,43.08037,-79.06906,2024-09-16T14:07:03.000000Z
2024,260.58824074074073,43.08037,-79.06906,2024-09-16T14:07:04.000000Z
2024,260.5882523148148,43.08037,-79.06906,2024-09-16T14:07:05.000000Z
2024,260.58826388888883,43.08037,-79.06906,2024-09-16T14:07:06.000000Z
2024,260.58827546296294,43.08037,-79.06906,2024-09-16T14:07:07.000000Z
2024,260.588287037037,43.08037,-79.06906,2024-09-16T14:07:08.000000Z
2024,260.5882986111111,43.08037,-79.06906,2024-09-16T14:07:09.000000Z
2024,260.58831018518515,43.08037,-79.06906,2024-09-16T14:07:10.000000Z
2024,260.5883217592592,43.08037,-79.06906,2024-09-16T14:07:11.000000Z
2024,260.5883333333333,43.08037,-79.06906,2024-09-16T14:07:12.000000Z
2024,260.58834490740736,43.08037,-79.06906,2024-09-16T14:07:13.000000Z
2024,260.58835648148147,43.08037,-79.06906,2024-09-16T14:07:14.000000Z
2024,260.5883680555555,43.08037,-79.06906,2024-09-16T14:07:15.000000Z
2024,260.58837962962957,43.08037,-79.06906,2024-09-16T14:07:16.000000Z
2024,260.5883912037037,43.08037,-79.06906,2024-09-16T14:07:17.000000Z
2024,260.58840277777773,43.08037,-79.06906,2024-09-16T14:07:18.000000Z
2024,260.58841435185184,43.08037,-79.06906,2024-09-16T14:07:19.000000Z
2024,260.5884259259259,43.08037,-79.06906,2024-09-16T14:07:20.000000Z
2024,260.58843749999994,43.08037,-79.06906,2024-09-16T14:07:21.000000Z
2024,260.58844907407405,43.08037,-79.06906,2024-09-16T14:07:22.000000Z
2024,260.5884606481481,43.08037,-79.06906,2024-09-16T14:07:23.000000Z
2024,260.5884722222222,43.08037,-79.06906,2024-09-16T14:07:24.000000Z
2024,260.58848379629626,43.08037,-79.06906,2024-09-16T14:07:25.000000Z
2024,260.5884953703703,43.08037,-79.06906,2024-09-16T14:07:26.000000Z
2024,260.5885069444444,43.08037,-79.06906,2024-09-16T14:07:27.000000Z
2024,260.58851851851847,43.08037,-79.06906,2024-09-16T14:07:28.000000Z
2024,260.5885300925926,43.08037,-79.06906,2024-09-16T14:07:29.000000Z
2024,260.58854166666663,43.08037,-79.06906,2024-09-16T14:07:30.000000Z
2024,260.5885532407407,43.08037,-79.06906,2024-09-16T14:07:31.000000Z
2024,260.5885648148148,43.08037,-79.06906,2024-09-16T14:07:32.000000Z
2024,260.58857638888884,43.08037,-79.06906,2024-09-16T14:07:33.000000Z
2024,260.58858796296295,43.08037,-79.06906,2024-09-16T14:07:34.000000Z
2024,260.588599537037,43.08037,-79.06906,2024-09-16T14:07:35.000000Z
2024,260.5886111111111,43.08037,-79.06906,2024-09-16T14:07:36.000000Z
2024,260.58862268518516,43.08037,-79.06906,2024-09-16T14:07:37.000000Z
2024,260.5886342592592,43.08037,-79.06906,2024-09-16T14:07:38.000000Z
2024,260.5886458333333,43.08037,-79.06906,2024-09-16T14:07:39.000000Z
2024,260.58865740740737,43.08037,-79.06906,2024-09-16T14:07:40.000000Z
2024,260.5886689814815,43.08037,-79.06906,2024-09-16T14:07:41.000000Z
2024,260.5886805555555,43.08037,-79.06906,2024-09-16T14:07:42.000000Z
2024,260.5886921296296,43.08037,-79.06906,2024-09-16T14:07:43.000000Z
2024,260.5887037037037,43.08037,-79.06906,2024-09-16T14:07:44.000000Z
2024,260.58871527777774,43.08037,-79.06906,2024-09-16T14:07:45.000000Z
2024,260.5887384259259,43.08037,-79.06906,2024-09-16T14:07:47.000000Z
2024,260.58874999999995,43.08037,-79.06906,2024-09-16T14:07:48.000000Z
2024,260.58876157407406,43.08037,-79.06906,2024-09-16T14:07:49.000000Z
2024,260.5887731481481,43.08037,-79.06906,2024-09-16T14:07:50.000000Z
2024,260.5887847222222,43.08037,-79.06906,2024-09-16T14:07:51.000000Z
2024,260.58879629629627,43.08037,-79.06906,2024-09-16T14:07:52.000000Z
2024,260.5888078703703,43.08037,-79.06906,2024-09-16T14:07:53.000000Z
2024,260.5888194444444,43.08037,-79.06906,2024-09-16T14:07:54.000000Z
2024,260.5888310185185,43.08037,-79.06906,2024-09-16T14:07:55.000000Z
2024,260.5888425925926,43.08037,-79.06906,2024-09-16T14:07:56.000000Z
2024,260.58885416666664,43.08037,-79.06906,2024-09-16T14:07:57.000000Z
2024,260.5888657407407,43.08037,-79.06906,2024-09-16T14:07:58.000000Z
2024,260.5888773148148,43.08037,-79.06906,2024-09-16T14:07:59.000000Z
2024,260.58888888888885,43.08037,-79.06906,2024-09-16T14:08:00.000000Z
2024,260.5889004629629,43.08037,-79.06906,2024-09-16T14:08:01.000000Z
2024,260.588912037037,43.08037,-79.06906,2024-09-16T14:08:02.000000Z
2024,260.58892361111106,43.08037,-79.06906,2024-09-16T14:08:03.000000Z
2024,260.58893518518516,43.08037,-79.06906,2024-09-16T14:08:04.000000Z
2024,260.5889467592592,43.08037,-79.06906,2024-09-16T14:08:05.000000Z
2024,260.58895833333327,43.08037,-79.06906,2024-09-16T14:08:06.000000Z
2024,260.5889699074074,43.08037,-79.06906,2024-09-16T14:08:07.000000Z
2024,260.5889814814814,43.08037,-79.06906,2024-09-16T14:08:08.000000Z
2024,260.58899305555553,43.08037,-79.06906,2024-09-16T14:08:09.000000Z
2024,260.5890046296296,43.08037,-79.06906,2024-09-16T14:08:10.000000Z
2024,260.58901620370364,43.08037,-79.06906,2024-09-16T14:08:11.000000Z
2024,260.58902777777774,43.08037,-79.06906,2024-09-16T14:08:12.000000Z
2024,260.5890393518518,43.08037,-79.06906,2024-09-16T14:08:13.000000Z
2024,260.5890509259259,43.08037,-79.06906,2024-09-16T14:08:14.000000Z
2024,260.58906249999995,43.08037,-79.06906,2024-09-16T14:08:15.000000Z
2024,260.589074074074,43.08037,-79.06906,2024-09-16T14:08:16.000000Z
2024,260.5890856481481,43.08037,-79.06906,2024-09-16T14:08:17.000000Z
2024,260.58909722222216,43.08037,-79.06906,2024-09-16T14:08:18.000000Z
2024,260.5891087962963,43.08037,-79.06906,2024-09-16T14:08:19.000000Z
2024,260.5891203703703,43.08037,-79.06906,2024-09-16T14:08:20.000000Z
2024,260.5891319444444,43.08037,-79.06906,2024-09-16T14:08:21.000000Z
2024,260.5891435185185,43.08037,-79.06906,2024-09-16T14:08:22.000000Z
2024,260.58915509259253,43.08037,-79.06906,2024-09-16T14:08:23.000000Z
2024,260.58916666666664,43.08037,-79.06906,2024-09-16T14:08:24.000000Z
2024,260.5891782407407,43.08037,-79.06906,2024-09-16T14:08:25.000000Z
2024,260.58918981481474,43.08037,-79.06906,2024-09-16T14:08:26.000000Z
2024,260.58920138888885,43.08037,-79.06906,2024-09-16T14:08:27.000000Z
2024,260.5892129629629,43.08037,-79.06906,2024-09-16T14:08:28.000000Z
2024,260.589224537037,43.08037,-79.06906,2024-09-16T14:08:29.000000Z
2024,260.58923611111106,43.08037,-79.06906,2024-09-16T14:08:30.000000Z
2024,260.5892476851851,43.08037,-79.06906,2024-09-16T14:08:31.000000Z
2024,260.5892592592592,43.08037,-79.06906,2024-09-16T14:08:32.000000Z
2024,260.5892708333333,43.08037,-79.06906,2024-09-16T14:08:33.000000Z
2024,260.5892824074074,43.08037,-79.06906,2024-09-16T14:08:34.000000Z
2024,260.58929398148143,43.08037,-79.06906,2024-09-16T14:08:35.000000Z
2024,260.58930555555554,43.08037,-79.06906,2024-09-16T14:08:36.000000Z
2024,260.5893171296296,43.08037,-79.06906,2024-09-16T14:08:37.000000Z
2024,260.58932870370364,43.08037,-79.06906,2024-09-16T14:08:38.000000Z
2024,260.58934027777775,43.08037,-79.06906,2024-09-16T14:08:39.000000Z
2024,260.5893518518518,43.08037,-79.06906,2024-09-16T14:08:40.000000Z
2024,260.5893634259259,43.08037,-79.06906,2024-09-16T14:08:41.000000Z
2024,260.58937499999996,43.08037,-79.06906,2024-09-16T14:08:42.000000Z
2024,260.589386574074,43.08037,-79.06906,2024-09-16T14:08:43.000000Z
2024,260.5893981481481,43.08037,-79.06906,2024-09-16T14:08:44.000000Z
2024,260.5894097222222,43.08037,-79.06906,2024-09-16T14:08:45.000000Z
2024,260.5894212962963,43.08037,-79.06906,2024-09-16T14:08:46.000000Z
2024,260.58943287037033,43.08037,-79.06906,2024-09-16T14:08:47.000000Z
2024,260.5894444444444,43.08037,-79.06906,2024-09-16T14:08:48.000000Z
2024,260.5894560185185,43.08037,-79.06906,2024-09-16T14:08:49.000000Z
2024,260.58946759259254,43.08037,-79.06906,2024-09-16T14:08:50.000000Z
2024,260.58947916666665,43.08037,-79.06906,2024-09-16T14:08:51.000000Z
2024,260.5894907407407,43.08037,-79.06906,2024-09-16T14:08:52.000000Z
2024,260.58951388888886,43.08037,-79.06906,2024-09-16T14:08:54.000000Z
2024,260.5895254629629,43.08037,-79.06906,2024-09-16T14:08:55.000000Z
2024,260.589537037037,43.08037,-79.06906,2024-09-16T14:08:56.000000Z
2024,260.58954861111107,43.08037,-79.06906,2024-09-16T14:08:57.000000Z
2024,260.5895601851851,43.08037,-79.06906,2024-09-16T14:08:58.000000Z
2024,260.58957175925923,43.08037,-79.06906,2024-09-16T14:08:59.000000Z
2024,260.58958333333334,43.08037,-79.06906,2024-09-16T14:09:00.000000Z
2024,260.5895949074074,43.08037,-79.06906,2024-09-16T14:09:01.000000Z
2024,260.5896064814815,43.08037,-79.06906,2024-09-16T14:09:02.000000Z
2024,260.58961805555555,43.08037,-79.06906,2024-09-16T14:09:03.000000Z
2024,260.58962962962966,43.08037,-79.06906,2024-09-16T14:09:04.000000Z
2024,260.5896412037037,43.08037,-79.06906,2024-09-16T14:09:05.000000Z
2024,260.58965277777776,43.08037,-79.06906,2024-09-16T14:09:06.000000Z
2024,260.58966435185187,43.08037,-79.06906,2024-09-16T14:09:07.000000Z
2024,260.59935185185185,43.08034,-79.06913,2024-09-16T14:23:04.000000Z
2024,260.5993634259259,43.08033,-79.06914,2024-09-16T14:23:05.000000Z
2024,260.59937499999995,43.08033,-79.06915,2024-09-16T14:23:06.000000Z
2024,260.59938657407406,43.08033,-79.06915,2024-09-16T14:23:07.000000Z
2024,260.5993981481481,43.08034,-79.06915,2024-09-16T14:23:08.000000Z
2024,260.5994097222222,43.08034,-79.06915,2024-09-16T14:23:09.000000Z
2024,260.59942129629627,43.08034,-79.06916,2024-09-16T14:23:10.000000Z
2024,260.5994328703703,43.08034,-79.06915,2024-09-16T14:23:11.000000Z
2024,260.59944444444443,43.08034,-79.06914,2024-09-16T14:23:12.000000Z
2024,260.5994560185185,43.08034,-79.06914,2024-09-16T14:23:13.000000Z
2024,260.5994675925926,43.08034,-79.06913,2024-09-16T14:23:14.000000Z
2024,260.59947916666664,43.08034,-79.06912,2024-09-16T14:23:15.000000Z
2024,260.5994907407407,43.08034,-79.06912,2024-09-16T14:23:16.000000Z
2024,260.5995023148148,43.08034,-79.06911,2024-09-16T14:23:17.000000Z
2024,260.59951388888885,43.08034,-79.06911,2024-09-16T14:23:18.000000Z
2024,260.59952546296296,43.08035,-79.0691,2024-09-16T14:23:19.000000Z
2024,260.599537037037,43.08034,-79.06909,2024-09-16T14:23:20.000000Z
2024,260.59954861111106,43.08034,-79.06909,2024-09-16T14:23:21.000000Z
2024,260.59956018518517,43.08034,-79.06909,2024-09-16T14:23:22.000000Z
2024,260.60971064814817,43.08046,-79.06909,2024-09-16T14:37:59.000000Z
2024,260.6097222222222,43.08046,-79.06909,2024-09-16T14:38:00.000000Z
2024,260.60973379629627,43.08046,-79.0691,2024-09-16T14:38:01.000000Z
2024,260.6097453703704,43.08046,-79.0691,2024-09-16T14:38:02.000000Z
2024,260.6097569444444,43.08046,-79.06911,2024-09-16T14:38:03.000000Z
2024,260.60976851851854,43.08045,-79.0691,2024-09-16T14:38:04.000000Z
2024,260.6097800925926,43.08045,-79.0691,2024-09-16T14:38:05.000000Z
2024,260.60979166666664,43.08044,-79.0691,2024-09-16T14:38:06.000000Z
2024,260.60980324074075,43.08044,-79.0691,2024-09-16T14:38:07.000000Z
2024,260.6098148148148,43.08044,-79.06909,2024-09-16T14:38:08.000000Z
2024,260.6098263888889,43.08043,-79.06909,2024-09-16T14:38:09.000000Z
2024,260.60983796296296,43.08043,-79.06909,2024-09-16T14:38:10.000000Z
2024,260.609849537037,43.08042,-79.06909,2024-09-16T14:38:11.000000Z
2024,260.6098611111111,43.08042,-79.06909,2024-09-16T14:38:12.000000Z
2024,260.60987268518517,43.08041,-79.06909,2024-09-16T14:38:13.000000Z
2024,260.6098842592593,43.08041,-79.06909,2024-09-16T14:38:14.000000Z
2024,260.6098958333333,43.08041,-79.06909,2024-09-16T14:38:15.000000Z
2024,260.6099074074074,43.08041,-79.06908,2024-09-16T14:38:16.000000Z
2024,260.62018518518516,43.08038,-79.06894,2024-09-16T14:53:04.000000Z
2024,260.6201967592592,43.08038,-79.06894,2024-09-16T14:53:05.000000Z
2024,260.62020833333327,43.08038,-79.06894,2024-09-16T14:53:06.000000Z
2024,260.6202199074074,43.08038,-79.06894,2024-09-16T14:53:07.000000Z
2024,260.6202314814814,43.08039,-79.06895,2024-09-16T14:53:08.000000Z
2024,260.62024305555553,43.08039,-79.06895,2024-09-16T14:53:09.000000Z
2024,260.6202546296296,43.08039,-79.06895,2024-09-16T14:53:10.000000Z
2024,260.62026620370364,43.08039,-79.06896,2024-09-16T14:53:11.000000Z
2024,260.62027777777774,43.08039,-79.06896,2024-09-16T14:53:12.000000Z
2024,260.6202893518518,43.08039,-79.06896,2024-09-16T14:53:13.000000Z
2024,260.6203009259259,43.08039,-79.06896,2024-09-16T14:53:14.000000Z
2024,260.62031249999995,43.0804,-79.06896,2024-09-16T14:53:15.000000Z
2024,260.620324074074,43.0804,-79.06896,2024-09-16T14:53:16.000000Z
2024,260.6203356481481,43.0804,-79.06896,2024-09-16T14:53:17.000000Z
2024,260.62034722222216,43.0804,-79.06896,2024-09-16T14:53:18.000000Z
2024,260.6203587962963,43.08041,-79.06896,2024-09-16T14:53:19.000000Z
2024,260.6203703703703,43.08041,-79.06896,2024-09-16T14:53:20.000000Z
2024,260.6203819444444,43.08041,-79.06897,2024-09-16T14:53:21.000000Z
2024,260.6203935185185,43.08041,-79.06897,2024-09-16T14:53:22.000000Z
2024,260.6305324074074,43.08034,-79.06905,2024-09-16T15:07:58.000000Z
2024,260.6305439814815,43.08034,-79.06906,2024-09-16T15:07:59.000000Z
2024,260.63055555555553,43.08034,-79.06906,2024-09-16T15:08:00.000000Z
2024,260.6305671296296,43.08035,-79.06906,2024-09-16T15:08:01.000000Z
2024,260.6305787037037,43.08035,-79.06906,2024-09-16T15:08:02.000000Z
2024,260.63059027777774,43.08036,-79.06906,2024-09-16T15:08:03.000000Z
2024,260.63060185185185,43.08036,-79.06907,2024-09-16T15:08:04.000000Z
2024,260.6306134259259,43.08036,-79.06907,2024-09-16T15:08:05.000000Z
2024,260.63062499999995,43.08036,-79.06907,2024-09-16T15:08:06.000000Z
2024,260.63063657407406,43.08036,-79.06907,2024-09-16T15:08:07.000000Z
2024,260.6306481481481,43.08037,-79.06907,2024-09-16T15:08:08.000000Z
2024,260.6306597222222,43.08037,-79.06907,2024-09-16T15:08:09.000000Z
2024,260.6306828703703,43.08037,-79.06907,2024-09-16T15:08:11.000000Z
2024,260.63069444444443,43.08037,-79.06906,2024-09-16T15:08:12.000000Z
2024,260.6307060185185,43.08037,-79.06906,2024-09-16T15:08:13.000000Z
2024,260.6307175925926,43.08037,-79.06906,2024-09-16T15:08:14.000000Z
2024,260.63072916666664,43.08037,-79.06906,2024-09-16T15:08:15.000000Z
2024,260.6307407407407,43.08037,-79.06906,2024-09-16T15:08:16.000000Z
2024,260.64094907407406,43.08044,-79.06901,2024-09-16T15:22:58.000000Z
2024,260.64096064814817,43.08042,-79.06901,2024-09-16T15:22:59.000000Z
2024,260.6409722222222,43.08042,-79.069,2024-09-16T15:23:00.000000Z
2024,260.64098379629627,43.08042,-79.069,2024-09-16T15:23:01.000000Z
2024,260.6409953703704,43.08042,-79.06901,2024-09-16T15:23:02.000000Z
2024,260.6410069444444,43.08042,-79.06901,2024-09-16T15:23:03.000000Z
2024,260.64101851851854,43.08042,-79.06902,2024-09-16T15:23:04.000000Z
2024,260.6410300925926,43.08042,-79.06903,2024-09-16T15:23:05.000000Z
2024,260.64104166666664,43.0804,-79.06904,2024-09-16T15:23:06.000000Z
2024,260.64105324074075,43.08039,-79.06904,2024-09-16T15:23:07.000000Z
2024,260.6410648148148,43.08038,-79.06905,2024-09-16T15:23:08.000000Z
2024,260.6410763888889,43.08038,-79.06905,2024-09-16T15:23:09.000000Z
2024,260.64108796296296,43.08038,-79.06905,2024-09-16T15:23:10.000000Z
2024,260.641099537037,43.08038,-79.06905,2024-09-16T15:23:11.000000Z
2024,260.6411111111111,43.08038,-79.06906,2024-09-16T15:23:12.000000Z
2024,260.64112268518517,43.08038,-79.06906,2024-09-16T15:23:13.000000Z
2024,260.6411342592593,43.08038,-79.06906,2024-09-16T15:23:14.000000Z
2024,260.6411458333333,43.08038,-79.06906,2024-09-16T15:23:15.000000Z
2024,260.6411574074074,43.08038,-79.06906,2024-09-16T15:23:16.000000Z
2024,260.65136574074074,43.08039,-79.06903,2024-09-16T15:37:58.000000Z
2024,260.65137731481485,43.0804,-79.06903,2024-09-16T15:37:59.000000Z
2024,260.6513888888889,43.08041,-79.06903,2024-09-16T15:38:00.000000Z
2024,260.65140046296295,43.08041,-79.06903,2024-09-16T15:38:01.000000Z
2024,260.65141203703706,43.08041,-79.06904,2024-09-16T15:38:02.000000Z
2024,260.6514236111111,43.08041,-79.06905,2024-09-16T15:38:03.000000Z
2024,260.6514351851852,43.08041,-79.06905,2024-09-16T15:38:04.000000Z
2024,260.6514467592593,43.08041,-79.06906,2024-09-16T15:38:05.000000Z
2024,260.6514583333333,43.08041,-79.06906,2024-09-16T15:38:06.000000Z
2024,260.65146990740743,43.08041,-79.06908,2024-09-16T15:38:07.000000Z
2024,260.6514814814815,43.08041,-79.06909,2024-09-16T15:38:08.000000Z
2024,260.6514930555556,43.08041,-79.06909,2024-09-16T15:38:09.000000Z
2024,260.65150462962964,43.08041,-79.06909,2024-09-16T15:38:10.000000Z
2024,260.6515162037037,43.08041,-79.06909,2024-09-16T15:38:11.000000Z
2024,260.6515277777778,43.08041,-79.0691,2024-09-16T15:38:12.000000Z
2024,260.65153935185185,43.0804,-79.06911,2024-09-16T15:38:13.000000Z
2024,260.65155092592596,43.0804,-79.06911,2024-09-16T15:38:14.000000Z
2024,260.6515625,43.0804,-79.06912,2024-09-16T15:38:15.000000Z
2024,260.65157407407406,43.08039,-79.06912,2024-09-16T15:38:16.000000Z
2024,260.66185185185185,43.08031,-79.06914,2024-09-16T15:53:04.000000Z
2024,260.6618634259259,43.08031,-79.06914,2024-09-16T15:53:05.000000Z
2024,260.66187499999995,43.08032,-79.06914,2024-09-16T15:53:06.000000Z
2024,260.66188657407406,43.08032,-79.06913,2024-09-16T15:53:07.000000Z
2024,260.6618981481481,43.08032,-79.06913,2024-09-16T15:53:08.000000Z
2024,260.6619097222222,43.08033,-79.06913,2024-09-16T15:53:09.000000Z
2024,260.66192129629627,43.08033,-79.06913,2024-09-16T15:53:10.000000Z
2024,260.6619328703703,43.08033,-79.06913,2024-09-16T15:53:11.000000Z
2024,260.66194444444443,43.08033,-79.06913,2024-09-16T15:53:12.000000Z
2024,260.6619560185185,43.08034,-79.06913,2024-09-16T15:53:13.000000Z
2024,260.6619675925926,43.08034,-79.06913,2024-09-16T15:53:14.000000Z
2024,260.66197916666664,43.08034,-79.06913,2024-09-16T15:53:15.000000Z
2024,260.6619907407407,43.08034,-79.06912,2024-09-16T15:53:16.000000Z
2024,260.6620023148148,43.08034,-79.06912,2024-09-16T15:53:17.000000Z
2024,260.66201388888885,43.08034,-79.06912,2024-09-16T15:53:18.000000Z
2024,260.66202546296296,43.08034,-79.06912,2024-09-16T15:53:19.000000Z
2024,260.662037037037,43.08035,-79.06912,2024-09-16T15:53:20.000000Z
2024,260.66204861111106,43.08035,-79.06912,2024-09-16T15:53:21.000000Z
2024,260.66206018518517,43.08035,-79.06912,2024-09-16T15:53:22.000000Z
2024,260.6722569444444,43.0804,-79.06902,2024-09-16T16:08:03.000000Z
2024,260.67226851851854,43.08041,-79.06901,2024-09-16T16:08:04.000000Z
2024,260.6722800925926,43.08041,-79.06901,2024-09-16T16:08:05.000000Z
2024,260.67229166666664,43.08042,-79.06902,2024-09-16T16:08:06.000000Z
2024,260.67230324074075,43.08042,-79.06901,2024-09-16T16:08:07.000000Z
2024,260.6723148148148,43.08042,-79.06901,2024-09-16T16:08:08.000000Z
2024,260.6723263888889,43.08043,-79.06901,2024-09-16T16:08:09.000000Z
2024,260.67233796296296,43.08043,-79.069,2024-09-16T16:08:10.000000Z
2024,260.672349537037,43.08043,-79.069,2024-09-16T16:08:11.000000Z
2024,260.6723611111111,43.08043,-79.069,2024-09-16T16:08:12.000000Z
2024,260.67237268518517,43.08043,-79.069,2024-09-16T16:08:13.000000Z
2024,260.6723842592593,43.08043,-79.069,2024-09-16T16:08:14.000000Z
2024,260.6723958333333,43.08042,-79.069,2024-09-16T16:08:15.000000Z
2024,260.6724074074074,43.08042,-79.069,2024-09-16T16:08:16.000000Z
2024,260.6724189814815,43.08042,-79.069,2024-09-16T16:08:17.000000Z
2024,260.67243055555554,43.08042,-79.069,2024-09-16T16:08:18.000000Z
2024,260.67244212962964,43.08042,-79.069,2024-09-16T16:08:19.000000Z
2024,260.6724537037037,43.08042,-79.069,2024-09-16T16:08:20.000000Z
2024,260.67246527777775,43.08042,-79.069,2024-09-16T16:08:21.000000Z
2024,260.67247685185185,43.08041,-79.069,2024-09-16T16:08:22.000000Z
2024,260.6826736111111,43.08036,-79.06903,2024-09-16T16:23:03.000000Z
2024,260.6826851851852,43.08036,-79.06903,2024-09-16T16:23:04.000000Z
2024,260.6826967592593,43.08036,-79.06903,2024-09-16T16:23:05.000000Z
2024,260.6827083333333,43.08037,-79.06903,2024-09-16T16:23:06.000000Z
2024,260.68271990740743,43.08037,-79.06903,2024-09-16T16:23:07.000000Z
2024,260.6827314814815,43.08037,-79.06903,2024-09-16T16:23:08.000000Z
2024,260.6827430555556,43.08037,-79.06903,2024-09-16T16:23:09.000000Z
2024,260.68275462962964,43.08036,-79.06903,2024-09-16T16:23:10.000000Z
2024,260.6827662037037,43.08035,-79.06902,2024-09-16T16:23:11.000000Z
2024,260.6827777777778,43.08034,-79.06901,2024-09-16T16:23:12.000000Z
2024,260.68278935185185,43.08034,-79.06901,2024-09-16T16:23:13.000000Z
2024,260.68280092592596,43.08034,-79.06901,2024-09-16T16:23:14.000000Z
2024,260.6828125,43.08033,-79.06901,2024-09-16T16:23:15.000000Z
2024,260.68282407407406,43.08033,-79.06901,2024-09-16T16:23:16.000000Z
2024,260.68283564814817,43.08033,-79.06901,2024-09-16T16:23:17.000000Z
2024,260.6828472222222,43.08033,-79.06901,2024-09-16T16:23:18.000000Z
2024,260.68285879629633,43.08033,-79.06901,2024-09-16T16:23:19.000000Z
2024,260.6828703703704,43.08033,-79.06901,2024-09-16T16:23:20.000000Z
2024,260.68288194444443,43.08033,-79.06901,2024-09-16T16:23:21.000000Z
2024,260.68289351851854,43.08033,-79.06901,2024-09-16T16:23:22.000000Z
2024,260.6930902777778,43.08031,-79.06907,2024-09-16T16:38:03.000000Z
2024,260.6931018518519,43.08029,-79.06906,2024-09-16T16:38:04.000000Z
2024,260.69311342592596,43.08028,-79.06905,2024-09-16T16:38:05.000000Z
2024,260.693125,43.08026,-79.06904,2024-09-16T16:38:06.000000Z
2024,260.6931365740741,43.08026,-79.06904,2024-09-16T16:38:07.000000Z
2024,260.69314814814817,43.08025,-79.06904,2024-09-16T16:38:08.000000Z
2024,260.6931597222223,43.08025,-79.06904,2024-09-16T16:38:09.000000Z
2024,260.6931712962963,43.08024,-79.06904,2024-09-16T16:38:10.000000Z
2024,260.6931828703704,43.08023,-79.06905,2024-09-16T16:38:11.000000Z
2024,260.6931944444445,43.08023,-79.06905,2024-09-16T16:38:12.000000Z
2024,260.69320601851854,43.08021,-79.06905,2024-09-16T16:38:13.000000Z
2024,260.69321759259265,43.08021,-79.06904,2024-09-16T16:38:14.000000Z
2024,260.6932291666667,43.08021,-79.06905,2024-09-16T16:38:15.000000Z
2024,260.69324074074075,43.08021,-79.06905,2024-09-16T16:38:16.000000Z
2024,260.69325231481486,43.08021,-79.06904,2024-09-16T16:38:17.000000Z
2024,260.6932638888889,43.0802,-79.06905,2024-09-16T16:38:18.000000Z
2024,260.693275462963,43.0802,-79.06905,2024-09-16T16:38:19.000000Z
2024,260.69328703703707,43.0802,-79.06906,2024-09-16T16:38:20.000000Z
2024,260.6932986111111,43.0802,-79.06906,2024-09-16T16:38:21.000000Z
2024,260.6933101851852,43.0802,-79.06906,2024-09-16T16:38:22.000000Z
2024,260.7035069444444,43.08031,-79.06886,2024-09-16T16:53:03.000000Z
2024,260.70351851851854,43.08031,-79.06887,2024-09-16T16:53:04.000000Z
2024,260.7035300925926,43.0803,-79.06887,2024-09-16T16:53:05.000000Z
2024,260.70354166666664,43.0803,-79.06887,2024-09-16T16:53:06.000000Z
2024,260.70355324074075,43.0803,-79.06887,2024-09-16T16:53:07.000000Z
2024,260.7035648148148,43.0803,-79.06887,2024-09-16T16:53:08.000000Z
2024,260.7035763888889,43.08029,-79.06887,2024-09-16T16:53:09.000000Z
2024,260.70358796296296,43.08029,-79.06887,2024-09-16T16:53:10.000000Z
2024,260.703599537037,43.08029,-79.06887,2024-09-16T16:53:11.000000Z
2024,260.7036111111111,43.08029,-79.06887,2024-09-16T16:53:12.000000Z
2024,260.70362268518517,43.08029,-79.06887,2024-09-16T16:53:13.000000Z
2024,260.7036342592593,43.08029,-79.06887,2024-09-16T16:53:14.000000Z
2024,260.7036458333333,43.08029,-79.06887,2024-09-16T16:53:15.000000Z
2024,260.7036574074074,43.08028,-79.06887,2024-09-16T16:53:16.000000Z
2024,260.7036689814815,43.08028,-79.06887,2024-09-16T16:53:17.000000Z
2024,260.70368055555554,43.08028,-79.06888,2024-09-16T16:53:18.000000Z
2024,260.70369212962964,43.08028,-79.06888,2024-09-16T16:53:19.000000Z
2024,260.7037037037037,43.08028,-79.06888,2024-09-16T16:53:20.000000Z
2024,260.70371527777775,43.08027,-79.06889,2024-09-16T16:53:21.000000Z
2024,260.70372685185185,43.08027,-79.0689,2024-09-16T16:53:22.000000Z
2024,260.71392361111106,43.08032,-79.06904,2024-09-16T17:08:03.000000Z
2024,260.71393518518516,43.08032,-79.06903,2024-09-16T17:08:04.000000Z
2024,260.7139467592592,43.08032,-79.06902,2024-09-16T17:08:05.000000Z
2024,260.71395833333327,43.08032,-79.06902,2024-09-16T17:08:06.000000Z
2024,260.7139699074074,43.08032,-79.06902,2024-09-16T17:08:07.000000Z
2024,260.7139814814814,43.08032,-79.06902,2024-09-16T17:08:08.000000Z
2024,260.71399305555553,43.08031,-79.06903,2024-09-16T17:08:09.000000Z
2024,260.7140046296296,43.08031,-79.06902,2024-09-16T17:08:10.000000Z
2024,260.71401620370364,43.08031,-79.06902,2024-09-16T17:08:11.000000Z
2024,260.71402777777774,43.0803,-79.06902,2024-09-16T17:08:12.000000Z
2024,260.7140393518518,43.0803,-79.06901,2024-09-16T17:08:13.000000Z
2024,260.7140509259259,43.0803,-79.06902,2024-09-16T17:08:14.000000Z
2024,260.71406249999995,43.08029,-79.06902,2024-09-16T17:08:15.000000Z
2024,260.714074074074,43.08029,-79.06902,2024-09-16T17:08:16.000000Z
2024,260.7140856481481,43.08028,-79.06903,2024-09-16T17:08:17.000000Z
2024,260.71409722222216,43.08028,-79.06902,2024-09-16T17:08:18.000000Z
2024,260.7141087962963,43.08028,-79.06902,2024-09-16T17:08:19.000000Z
2024,260.7141203703703,43.08027,-79.06901,2024-09-16T17:08:20.000000Z
2024,260.7141319444444,43.08027,-79.06901,2024-09-16T17:08:21.000000Z
2024,260.7141435185185,43.08027,-79.06901,2024-09-16T17:08:22.000000Z
2024,260.72434027777774,43.08021,-79.06893,2024-09-16T17:23:03.000000Z
2024,260.72435185185185,43.08021,-79.06893,2024-09-16T17:23:04.000000Z
2024,260.7243634259259,43.08021,-79.06893,2024-09-16T17:23:05.000000Z
2024,260.72437499999995,43.08021,-79.06894,2024-09-16T17:23:06.000000Z
2024,260.72438657407406,43.08022,-79.06895,2024-09-16T17:23:07.000000Z
2024,260.7243981481481,43.08023,-79.06896,2024-09-16T17:23:08.000000Z
2024,260.7244097222222,43.08023,-79.06896,2024-09-16T17:23:09.000000Z
2024,260.72442129629627,43.08024,-79.06899,2024-09-16T17:23:10.000000Z
2024,260.7244328703703,43.08026,-79.069,2024-09-16T17:23:11.000000Z
2024,260.72444444444443,43.08026,-79.06901,2024-09-16T17:23:12.000000Z
2024,260.7244560185185,43.08028,-79.06901,2024-09-16T17:23:13.000000Z
2024,260.7244675925926,43.08028,-79.06902,2024-09-16T17:23:14.000000Z
2024,260.72447916666664,43.08028,-79.06903,2024-09-16T17:23:15.000000Z
2024,260.7244907407407,43.08029,-79.06903,2024-09-16T17:23:16.000000Z
2024,260.7245023148148,43.08029,-79.06903,2024-09-16T17:23:17.000000Z
2024,260.72451388888885,43.0803,-79.06904,2024-09-16T17:23:18.000000Z
2024,260.72452546296296,43.0803,-79.06904,2024-09-16T17:23:19.000000Z
2024,260.724537037037,43.08031,-79.06905,2024-09-16T17:23:20.000000Z
2024,260.72454861111106,43.08031,-79.06905,2024-09-16T17:23:21.000000Z
2024,260.72456018518517,43.08032,-79.06906,2024-09-16T17:23:22.000000Z
2024,260.7347569444444,43.08026,-79.06904,2024-09-16T17:38:03.000000Z
2024,260.73476851851854,43.08027,-79.06904,2024-09-16T17:38:04.000000Z
2024,260.7347800925926,43.08027,-79.06904,2024-09-16T17:38:05.000000Z
2024,260.73479166666664,43.08028,-79.06905,2024-09-16T17:38:06.000000Z
2024,260.73480324074075,43.08029,-79.06906,2024-09-16T17:38:07.000000Z
2024,260.7348148148148,43.08029,-79.06906,2024-09-16T17:38:08.000000Z
2024,260.7348263888889,43.08029,-79.06906,2024-09-16T17:38:09.000000Z
2024,260.73483796296296,43.08028,-79.06908,2024-09-16T17:38:10.000000Z
2024,260.734849537037,43.08026,-79.06909,2024-09-16T17:38:11.000000Z
2024,260.7348611111111,43.08026,-79.06909,2024-09-16T17:38:12.000000Z
2024,260.73487268518517,43.08026,-79.06909,2024-09-16T17:38:13.000000Z
2024,260.7348842592593,43.08026,-79.06909,2024-09-16T17:38:14.000000Z
2024,260.7348958333333,43.08027,-79.0691,2024-09-16T17:38:15.000000Z
2024,260.7349074074074,43.08027,-79.0691,2024-09-16T17:38:16.000000Z
2024,260.7349189814815,43.08027,-79.0691,2024-09-16T17:38:17.000000Z
2024,260.73493055555554,43.08028,-79.06909,2024-09-16T17:38:18.000000Z
2024,260.73494212962964,43.08028,-79.06909,2024-09-16T17:38:19.000000Z
2024,260.7349537037037,43.08028,-79.06909,2024-09-16T17:38:20.000000Z
2024,260.73496527777775,43.08028,-79.06909,2024-09-16T17:38:21.000000Z
2024,260.73497685185185,43.08029,-79.06909,2024-09-16T17:38:22.000000Z
2024,260.74517361111106,43.0803,-79.06903,2024-09-16T17:53:03.000000Z
2024,260.74518518518516,43.08031,-79.06903,2024-09-16T17:53:04.000000Z
2024,260.7451967592592,43.08031,-79.06903,2024-09-16T17:53:05.000000Z
2024,260.74520833333327,43.08031,-79.06903,2024-09-16T17:53:06.000000Z
2024,260.7452199074074,43.08031,-79.06904,2024-09-16T17:53:07.000000Z
2024,260.7452314814814,43.08031,-79.06904,2024-09-16T17:53:08.000000Z
2024,260.74524305555553,43.0803,-79.06904,2024-09-16T17:53:09.000000Z
2024,260.7452546296296,43.0803,-79.06904,2024-09-16T17:53:10.000000Z
2024,260.74526620370364,43.0803,-79.06905,2024-09-16T17:53:11.000000Z
2024,260.74527777777774,43.08029,-79.06906,2024-09-16T17:53:12.000000Z
2024,260.7452893518518,43.08029,-79.06906,2024-09-16T17:53:13.000000Z
2024,260.7453009259259,43.08029,-79.06907,2024-09-16T17:53:14.000000Z
2024,260.74531249999995,43.08029,-79.06908,2024-09-16T17:53:15.000000Z
2024,260.745324074074,43.08028,-79.06909,2024-09-16T17:53:16.000000Z
2024,260.7453356481481,43.08028,-79.06909,2024-09-16T17:53:17.000000Z
2024,260.74534722222216,43.08027,-79.06909,2024-09-16T17:53:18.000000Z
2024,260.7453587962963,43.08027,-79.06909,2024-09-16T17:53:19.000000Z
2024,260.7453703703703,43.08026,-79.0691,2024-09-16T17:53:20.000000Z
2024,260.7453819444444,43.08026,-79.0691,2024-09-16T17:53:21.000000Z
2024,260.7453935185185,43.08026,-79.06911,2024-09-16T17:53:22.000000Z
2024,260.75559027777774,43.0803,-79.069,2024-09-16T18:08:03.000000Z
2024,260.75560185185185,43.0803,-79.06898,2024-09-16T18:08:04.000000Z
2024,260.7556134259259,43.0803,-79.06896,2024-09-16T18:08:05.000000Z
2024,260.75562499999995,43.0803,-79.06895,2024-09-16T18:08:06.000000Z
2024,260.75563657407406,43.0803,-79.06893,2024-09-16T18:08:07.000000Z
2024,260.7556481481481,43.08031,-79.06893,2024-09-16T18:08:08.000000Z
2024,260.7556597222222,43.08031,-79.06891,2024-09-16T18:08:09.000000Z
2024,260.75567129629627,43.08032,-79.06892,2024-09-16T18:08:10.000000Z
2024,260.7556828703703,43.08033,-79.06893,2024-09-16T18:08:11.000000Z
2024,260.75569444444443,43.08034,-79.06893,2024-09-16T18:08:12.000000Z
2024,260.7557060185185,43.08034,-79.06893,2024-09-16T18:08:13.000000Z
2024,260.7557175925926,43.08034,-79.06893,2024-09-16T18:08:14.000000Z
2024,260.75572916666664,43.08034,-79.06893,2024-09-16T18:08:15.000000Z
2024,260.7557407407407,43.08034,-79.06893,2024-09-16T18:08:16.000000Z
2024,260.7557523148148,43.08034,-79.06893,2024-09-16T18:08:17.000000Z
2024,260.75576388888885,43.08034,-79.06893,2024-09-16T18:08:18.000000Z
2024,260.75577546296296,43.08034,-79.06893,2024-09-16T18:08:19.000000Z
2024,260.755787037037,43.08034,-79.06893,2024-09-16T18:08:20.000000Z
2024,260.75579861111106,43.08034,-79.06893,2024-09-16T18:08:21.000000Z
2024,260.75581018518517,43.08034,-79.06894,2024-09-16T18:08:22.000000Z
2024,260.7660069444444,43.08034,-79.06896,2024-09-16T18:23:03.000000Z
2024,260.76601851851854,43.08034,-79.06896,2024-09-16T18:23:04.000000Z
2024,260.7660300925926,43.08034,-79.06896,2024-09-16T18:23:05.000000Z
2024,260.76604166666664,43.08035,-79.06897,2024-09-16T18:23:06.000000Z
2024,260.76605324074075,43.08035,-79.06897,2024-09-16T18:23:07.000000Z
2024,260.7660648148148,43.08035,-79.06897,2024-09-16T18:23:08.000000Z
2024,260.7660763888889,43.08035,-79.06898,2024-09-16T18:23:09.000000Z
2024,260.76608796296296,43.08035,-79.06899,2024-09-16T18:23:10.000000Z
2024,260.766099537037,43.08035,-79.06899,2024-09-16T18:23:11.000000Z
2024,260.7661111111111,43.08035,-79.069,2024-09-16T18:23:12.000000Z
2024,260.76612268518517,43.08035,-79.06899,2024-09-16T18:23:13.000000Z
2024,260.7661342592593,43.08036,-79.06898,2024-09-16T18:23:14.000000Z
2024,260.7661458333333,43.08037,-79.06896,2024-09-16T18:23:15.000000Z
2024,260.7661574074074,43.08038,-79.06896,2024-09-16T18:23:16.000000Z
2024,260.7661689814815,43.08039,-79.06895,2024-09-16T18:23:17.000000Z
2024,260.76618055555554,43.0804,-79.06894,2024-09-16T18:23:18.000000Z
2024,260.76619212962964,43.08041,-79.06894,2024-09-16T18:23:19.000000Z
2024,260.7662037037037,43.08042,-79.06893,2024-09-16T18:23:20.000000Z
2024,260.76621527777775,43.08042,-79.06893,2024-09-16T18:23:21.000000Z
2024,260.76622685185185,43.08043,-79.06893,2024-09-16T18:23:22.000000Z
2024,260.7763541666667,43.08024,-79.06903,2024-09-16T18:37:57.000000Z
2024,260.77636574074074,43.08025,-79.06903,2024-09-16T18:37:58.000000Z
2024,260.77637731481485,43.08025,-79.06903,2024-09-16T18:37:59.000000Z
2024,260.7763888888889,43.08026,-79.06903,2024-09-16T18:38:00.000000Z
2024,260.77640046296295,43.08026,-79.06903,2024-09-16T18:38:01.000000Z
2024,260.77641203703706,43.08026,-79.06903,2024-09-16T18:38:02.000000Z
2024,260.7764236111111,43.08026,-79.06903,2024-09-16T18:38:03.000000Z
2024,260.7764351851852,43.08026,-79.06903,2024-09-16T18:38:04.000000Z
2024,260.7764467592593,43.08027,-79.06903,2024-09-16T18:38:05.000000Z
2024,260.7764583333333,43.08027,-79.06903,2024-09-16T18:38:06.000000Z
2024,260.77646990740743,43.08027,-79.06903,2024-09-16T18:38:07.000000Z
2024,260.7764814814815,43.08026,-79.06903,2024-09-16T18:38:08.000000Z
2024,260.7764930555556,43.08026,-79.06903,2024-09-16T18:38:09.000000Z
2024,260.77650462962964,43.08027,-79.06903,2024-09-16T18:38:10.000000Z
2024,260.7765162037037,43.08027,-79.06904,2024-09-16T18:38:11.000000Z
2024,260.7765277777778,43.08028,-79.06904,2024-09-16T18:38:12.000000Z
2024,260.77653935185185,43.08028,-79.06904,2024-09-16T18:38:13.000000Z
2024,260.77655092592596,43.08028,-79.06904,2024-09-16T18:38:14.000000Z
2024,260.7765625,43.08028,-79.06904,2024-09-16T18:38:15.000000Z
2024,260.77657407407406,43.08029,-79.06904,2024-09-16T18:38:16.000000Z
2024,260.78684027777774,43.08034,-79.06908,2024-09-16T18:53:03.000000Z
2024,260.78685185185185,43.08028,-79.06915,2024-09-16T18:53:04.000000Z
2024,260.7868634259259,43.08028,-79.06915,2024-09-16T18:53:05.000000Z
2024,260.78687499999995,43.08031,-79.06911,2024-09-16T18:53:06.000000Z
2024,260.78688657407406,43.08032,-79.0691,2024-09-16T18:53:07.000000Z
2024,260.7868981481481,43.08028,-79.06914,2024-09-16T18:53:08.000000Z
2024,260.7869097222222,43.08024,-79.06918,2024-09-16T18:53:09.000000Z
2024,260.78692129629627,43.08022,-79.06921,2024-09-16T18:53:10.000000Z
2024,260.7869328703703,43.08027,-79.0692,2024-09-16T18:53:11.000000Z
2024,260.78694444444443,43.08029,-79.06917,2024-09-16T18:53:12.000000Z
2024,260.7869560185185,43.08029,-79.06916,2024-09-16T18:53:13.000000Z
2024,260.7869675925926,43.0803,-79.06913,2024-09-16T18:53:14.000000Z
2024,260.78697916666664,43.08029,-79.06912,2024-09-16T18:53:15.000000Z
2024,260.7869907407407,43.08029,-79.0691,2024-09-16T18:53:16.000000Z
2024,260.7870023148148,43.08029,-79.06909,2024-09-16T18:53:17.000000Z
2024,260.78701388888885,43.08029,-79.06909,2024-09-16T18:53:18.000000Z
2024,260.78702546296296,43.08029,-79.06908,2024-09-16T18:53:19.000000Z
2024,260.787037037037,43.08028,-79.06906,2024-09-16T18:53:20.000000Z
2024,260.78704861111106,43.08028,-79.06906,2024-09-16T18:53:21.000000Z
2024,260.78706018518517,43.08028,-79.06905,2024-09-16T18:53:22.000000Z
2024,260.7972569444444,43.08038,-79.06895,2024-09-16T19:08:03.000000Z
2024,260.79726851851854,43.08038,-79.06894,2024-09-16T19:08:04.000000Z
2024,260.7972800925926,43.08039,-79.06893,2024-09-16T19:08:05.000000Z
2024,260.79729166666664,43.08039,-79.06893,2024-09-16T19:08:06.000000Z
2024,260.79730324074075,43.08039,-79.06893,2024-09-16T19:08:07.000000Z
2024,260.7973148148148,43.0804,-79.06892,2024-09-16T19:08:08.000000Z
2024,260.7973263888889,43.08041,-79.06892,2024-09-16T19:08:09.000000Z
2024,260.79733796296296,43.08041,-79.06892,2024-09-16T19:08:10.000000Z
2024,260.797349537037,43.08042,-79.06892,2024-09-16T19:08:11.000000Z
2024,260.7973611111111,43.08042,-79.06892,2024-09-16T19:08:12.000000Z
2024,260.79737268518517,43.08042,-79.06892,2024-09-16T19:08:13.000000Z
2024,260.7973842592593,43.08042,-79.06892,2024-09-16T19:08:14.000000Z
2024,260.7973958333333,43.08042,-79.06892,2024-09-16T19:08:15.000000Z
2024,260.7974074074074,43.08042,-79.06892,2024-09-16T19:08:16.000000Z
2024,260.7974189814815,43.08043,-79.06893,2024-09-16T19:08:17.000000Z
2024,260.79743055555554,43.08044,-79.06893,2024-09-16T19:08:18.000000Z
2024,260.79744212962964,43.08044,-79.06893,2024-09-16T19:08:19.000000Z
2024,260.7974537037037,43.08044,-79.06893,2024-09-16T19:08:20.000000Z
2024,260.79746527777775,43.08044,-79.06893,2024-09-16T19:08:21.000000Z
2024,260.79747685185185,43.08044,-79.06892,2024-09-16T19:08:22.000000Z
2024,260.8076736111111,43.08031,-79.06923,2024-09-16T19:23:03.000000Z
2024,260.8076851851852,43.08029,-79.06925,2024-09-16T19:23:04.000000Z
2024,260.8076967592593,43.08029,-79.06925,2024-09-16T19:23:05.000000Z
2024,260.8077083333333,43.08029,-79.06925,2024-09-16T19:23:06.000000Z
2024,260.80771990740743,43.08029,-79.06923,2024-09-16T19:23:07.000000Z
2024,260.8077314814815,43.08029,-79.06922,2024-09-16T19:23:08.000000Z
2024,260.8077430555556,43.08029,-79.06921,2024-09-16T19:23:09.000000Z
2024,260.80775462962964,43.08029,-79.06919,2024-09-16T19:23:10.000000Z
2024,260.8077662037037,43.08028,-79.06919,2024-09-16T19:23:11.000000Z
2024,260.8077777777778,43.08028,-79.06918,2024-09-16T19:23:12.000000Z
2024,260.80778935185185,43.08029,-79.06916,2024-09-16T19:23:13.000000Z
2024,260.80780092592596,43.08028,-79.06916,2024-09-16T19:23:14.000000Z
2024,260.8078125,43.08028,-79.06916,2024-09-16T19:23:15.000000Z
2024,260.80782407407406,43.08028,-79.06915,2024-09-16T19:23:16.000000Z
2024,260.80783564814817,43.08028,-79.06915,2024-09-16T19:23:17.000000Z
2024,260.8078472222222,43.08028,-79.06914,2024-09-16T19:23:18.000000Z
2024,260.80785879629633,43.08028,-79.06912,2024-09-16T19:23:19.000000Z
2024,260.8078703703704,43.08028,-79.06912,2024-09-16T19:23:20.000000Z
2024,260.80788194444443,43.08028,-79.06912,2024-09-16T19:23:21.000000Z
2024,260.80789351851854,43.08028,-79.06912,2024-09-16T19:23:22.000000Z
2024,260.8180902777778,43.08021,-79.06931,2024-09-16T19:38:03.000000Z
2024,260.8181018518519,43.08021,-79.06931,2024-09-16T19:38:04.000000Z
2024,260.81811342592596,43.08021,-79.0693,2024-09-16T19:38:05.000000Z
2024,260.818125,43.0802,-79.06929,2024-09-16T19:38:06.000000Z
2024,260.8181365740741,43.0802,-79.06928,2024-09-16T19:38:07.000000Z
2024,260.81814814814817,43.0802,-79.06928,2024-09-16T19:38:08.000000Z
2024,260.8181597222223,43.0802,-79.06927,2024-09-16T19:38:09.000000Z
2024,260.8181712962963,43.0802,-79.06926,2024-09-16T19:38:10.000000Z
2024,260.8181828703704,43.0802,-79.06926,2024-09-16T19:38:11.000000Z
2024,260.8181944444445,43.0802,-79.06925,2024-09-16T19:38:12.000000Z
2024,260.81820601851854,43.0802,-79.06925,2024-09-16T19:38:13.000000Z
2024,260.81821759259265,43.0802,-79.06925,2024-09-16T19:38:14.000000Z
2024,260.8182291666667,43.0802,-79.06924,2024-09-16T19:38:15.000000Z
2024,260.81824074074075,43.0802,-79.06924,2024-09-16T19:38:16.000000Z
2024,260.81825231481486,43.0802,-79.06923,2024-09-16T19:38:17.000000Z
2024,260.8182638888889,43.08021,-79.06922,2024-09-16T19:38:18.000000Z
2024,260.818275462963,43.08021,-79.06922,2024-09-16T19:38:19.000000Z
2024,260.81828703703707,43.08021,-79.06922,2024-09-16T19:38:20.000000Z
2024,260.8182986111111,43.08022,-79.06921,2024-09-16T19:38:21.000000Z
2024,260.8183101851852,43.08023,-79.06921,2024-09-16T19:38:22.000000Z
2024,260.8284375,43.08029,-79.06929,2024-09-16T19:52:57.000000Z
2024,260.82844907407406,43.08027,-79.06927,2024-09-16T19:52:58.000000Z
2024,260.82846064814817,43.08026,-79.06925,2024-09-16T19:52:59.000000Z
2024,260.8284722222222,43.08026,-79.06925,2024-09-16T19:53:00.000000Z
2024,260.82848379629627,43.08026,-79.06922,2024-09-16T19:53:01.000000Z
2024,260.8284953703704,43.08027,-79.06921,2024-09-16T19:53:02.000000Z
2024,260.8285069444444,43.08027,-79.06919,2024-09-16T19:53:03.000000Z
2024,260.82851851851854,43.08027,-79.06919,2024-09-16T19:53:04.000000Z
2024,260.8285300925926,43.08027,-79.06919,2024-09-16T19:53:05.000000Z
2024,260.82854166666664,43.08027,-79.06919,2024-09-16T19:53:06.000000Z
2024,260.82855324074075,43.08026,-79.06919,2024-09-16T19:53:07.000000Z
2024,260.8285648148148,43.08026,-79.06919,2024-09-16T19:53:08.000000Z
2024,260.8285763888889,43.08026,-79.06919,2024-09-16T19:53:09.000000Z
2024,260.82858796296296,43.08025,-79.06919,2024-09-16T19:53:10.000000Z
2024,260.828599537037,43.08024,-79.06919,2024-09-16T19:53:11.000000Z
2024,260.8286111111111,43.08024,-79.06919,2024-09-16T19:53:12.000000Z
2024,260.82862268518517,43.08024,-79.06919,2024-09-16T19:53:13.000000Z
2024,260.8286342592593,43.08024,-79.06919,2024-09-16T19:53:14.000000Z
2024,260.8286458333333,43.08024,-79.06918,2024-09-16T19:53:15.000000Z
2024,260.8286574074074,43.08024,-79.06918,2024-09-16T19:53:16.000000Z
2024,260.83892361111106,43.08044,-79.06891,2024-09-16T20:08:03.000000Z
2024,260.83893518518516,43.08044,-79.06892,2024-09-16T20:08:04.000000Z
2024,260.8389467592592,43.08045,-79.06893,2024-09-16T20:08:05.000000Z
2024,260.83895833333327,43.08045,-79.06892,2024-09-16T20:08:06.000000Z
2024,260.8389699074074,43.08045,-79.06893,2024-09-16T20:08:07.000000Z
2024,260.8389814814814,43.08045,-79.06893,2024-09-16T20:08:08.000000Z
2024,260.83899305555553,43.08045,-79.06893,2024-09-16T20:08:09.000000Z
2024,260.8390046296296,43.08045,-79.06894,2024-09-16T20:08:10.000000Z
2024,260.83901620370364,43.08045,-79.06894,2024-09-16T20:08:11.000000Z
2024,260.83902777777774,43.08045,-79.06894,2024-09-16T20:08:12.000000Z
2024,260.8390393518518,43.08045,-79.06894,2024-09-16T20:08:13.000000Z
2024,260.8390509259259,43.08045,-79.06894,2024-09-16T20:08:14.000000Z
2024,260.83906249999995,43.08046,-79.06894,2024-09-16T20:08:15.000000Z
2024,260.839074074074,43.08046,-79.06894,2024-09-16T20:08:16.000000Z
2024,260.8390856481481,43.08047,-79.06895,2024-09-16T20:08:17.000000Z
2024,260.83909722222216,43.08047,-79.06895,2024-09-16T20:08:18.000000Z
2024,260.8391087962963,43.08047,-79.06896,2024-09-16T20:08:19.000000Z
2024,260.8391203703703,43.08048,-79.06896,2024-09-16T20:08:20.000000Z
2024,260.8391319444444,43.08048,-79.06896,2024-09-16T20:08:21.000000Z
2024,260.8391435185185,43.08048,-79.06896,2024-09-16T20:08:22.000000Z
2024,260.8494328703703,43.08024,-79.06915,2024-09-16T20:23:11.000000Z
2024,260.84944444444443,43.08023,-79.06915,2024-09-16T20:23:12.000000Z
2024,260.8494560185185,43.08022,-79.06916,2024-09-16T20:23:13.000000Z
2024,260.8494675925926,43.08021,-79.06916,2024-09-16T20:23:14.000000Z
2024,260.84947916666664,43.08021,-79.06917,2024-09-16T20:23:15.000000Z
2024,260.8494907407407,43.0802,-79.06918,2024-09-16T20:23:16.000000Z
2024,260.8495023148148,43.0802,-79.06919,2024-09-16T20:23:17.000000Z
2024,260.84951388888885,43.08019,-79.06919,2024-09-16T20:23:18.000000Z
2024,260.84952546296296,43.08019,-79.06919,2024-09-16T20:23:19.000000Z
2024,260.849537037037,43.08018,-79.06919,2024-09-16T20:23:20.000000Z
2024,260.84954861111106,43.08018,-79.06918,2024-09-16T20:23:21.000000Z
2024,260.84956018518517,43.08018,-79.06918,2024-09-16T20:23:22.000000Z
2024,260.8495717592592,43.08018,-79.06917,2024-09-16T20:23:23.000000Z
2024,260.8495833333333,43.08018,-79.06917,2024-09-16T20:23:24.000000Z
2024,260.8495949074074,43.08018,-79.06917,2024-09-16T20:23:25.000000Z
2024,260.84960648148143,43.0802,-79.06916,2024-09-16T20:23:26.000000Z
2024,260.84961805555554,43.0802,-79.06916,2024-09-16T20:23:27.000000Z
2024,260.8496296296296,43.08021,-79.06917,2024-09-16T20:23:28.000000Z
2024,260.8496412037037,43.08021,-79.06916,2024-09-16T20:23:29.000000Z
2024,260.84965277777775,43.08021,-79.06916,2024-09-16T20:23:30.000000Z
2024,260.8596875,43.0803,-79.06907,2024-09-16T20:37:57.000000Z
2024,260.85969907407406,43.0803,-79.06907,2024-09-16T20:37:58.000000Z
2024,260.85971064814817,43.0803,-79.06907,2024-09-16T20:37:59.000000Z
2024,260.8597222222222,43.08031,-79.06908,2024-09-16T20:38:00.000000Z
2024,260.85973379629627,43.08032,-79.06908,2024-09-16T20:38:01.000000Z
2024,260.8597453703704,43.08032,-79.06907,2024-09-16T20:38:02.000000Z
2024,260.8597569444444,43.08032,-79.06906,2024-09-16T20:38:03.000000Z
2024,260.85976851851854,43.08033,-79.06906,2024-09-16T20:38:04.000000Z
2024,260.8597800925926,43.08033,-79.06906,2024-09-16T20:38:05.000000Z
2024,260.85979166666664,43.08033,-79.06905,2024-09-16T20:38:06.000000Z
2024,260.85980324074075,43.08033,-79.06905,2024-09-16T20:38:07.000000Z
2024,260.8598148148148,43.08033,-79.06904,2024-09-16T20:38:08.000000Z
2024,260.8598263888889,43.08032,-79.06904,2024-09-16T20:38:09.000000Z
2024,260.85983796296296,43.08033,-79.06904,2024-09-16T20:38:10.000000Z
2024,260.859849537037,43.08033,-79.06903,2024-09-16T20:38:11.000000Z
2024,260.8598611111111,43.08033,-79.06903,2024-09-16T20:38:12.000000Z
2024,260.85987268518517,43.08033,-79.06903,2024-09-16T20:38:13.000000Z
2024,260.8598842592593,43.08034,-79.06903,2024-09-16T20:38:14.000000Z
2024,260.8598958333333,43.08034,-79.06903,2024-09-16T20:38:15.000000Z
2024,260.8599074074074,43.08034,-79.06902,2024-09-16T20:38:16.000000Z
2024,260.8701273148148,43.08038,-79.06904,2024-09-16T20:52:59.000000Z
2024,260.87013888888885,43.08038,-79.06904,2024-09-16T20:53:00.000000Z
2024,260.8701504629629,43.08038,-79.06904,2024-09-16T20:53:01.000000Z
2024,260.870162037037,43.08037,-79.06903,2024-09-16T20:53:02.000000Z
2024,260.87017361111106,43.08037,-79.06903,2024-09-16T20:53:03.000000Z
2024,260.87018518518516,43.08037,-79.06903,2024-09-16T20:53:04.000000Z
2024,260.8701967592592,43.08037,-79.06903,2024-09-16T20:53:05.000000Z
2024,260.87020833333327,43.08037,-79.06903,2024-09-16T20:53:06.000000Z
2024,260.8702199074074,43.08036,-79.06903,2024-09-16T20:53:07.000000Z
2024,260.8702314814814,43.08036,-79.06903,2024-09-16T20:53:08.000000Z
2024,260.87024305555553,43.08036,-79.06904,2024-09-16T20:53:09.000000Z
2024,260.8702546296296,43.08036,-79.06906,2024-09-16T20:53:10.000000Z
2024,260.87026620370364,43.08035,-79.06906,2024-09-16T20:53:11.000000Z
2024,260.87027777777774,43.08035,-79.06907,2024-09-16T20:53:12.000000Z
2024,260.8702893518518,43.08035,-79.06908,2024-09-16T20:53:13.000000Z
2024,260.8703009259259,43.08035,-79.06908,2024-09-16T20:53:14.000000Z
2024,260.87031249999995,43.08034,-79.06908,2024-09-16T20:53:15.000000Z
2024,260.870324074074,43.08034,-79.06908,2024-09-16T20:53:16.000000Z
2024,260.8703356481481,43.08034,-79.06909,2024-09-16T20:53:17.000000Z
2024,260.8806134259259,43.08025,-79.06909,2024-09-16T21:08:05.000000Z
2024,260.88062499999995,43.08025,-79.0691,2024-09-16T21:08:06.000000Z
2024,260.88063657407406,43.08024,-79.0691,2024-09-16T21:08:07.000000Z
2024,260.8806481481481,43.08024,-79.0691,2024-09-16T21:08:08.000000Z
2024,260.8806597222222,43.08024,-79.06909,2024-09-16T21:08:09.000000Z
2024,260.88067129629627,43.08024,-79.06909,2024-09-16T21:08:10.000000Z
2024,260.8806828703703,43.08024,-79.06909,2024-09-16T21:08:11.000000Z
2024,260.88069444444443,43.08024,-79.06909,2024-09-16T21:08:12.000000Z
2024,260.8807060185185,43.08024,-79.06909,2024-09-16T21:08:13.000000Z
2024,260.8807175925926,43.08024,-79.06909,2024-09-16T21:08:14.000000Z
2024,260.88072916666664,43.08024,-79.06909,2024-09-16T21:08:15.000000Z
2024,260.8807407407407,43.08024,-79.06909,2024-09-16T21:08:16.000000Z
2024,260.8807523148148,43.08024,-79.06909,2024-09-16T21:08:17.000000Z
2024,260.88076388888885,43.08024,-79.06909,2024-09-16T21:08:18.000000Z
2024,260.88077546296296,43.08024,-79.06909,2024-09-16T21:08:19.000000Z
2024,260.880787037037,43.08024,-79.06909,2024-09-16T21:08:20.000000Z
2024,260.88079861111106,43.08024,-79.06909,2024-09-16T21:08:21.000000Z
2024,260.88081018518517,43.08024,-79.06909,2024-09-16T21:08:22.000000Z
2024,260.8808217592592,43.08024,-79.06909,2024-09-16T21:08:23.000000Z
2024,260.89096064814817,43.08027,-79.06896,2024-09-16T21:22:59.000000Z
2024,260.8909722222222,43.08027,-79.06896,2024-09-16T21:23:00.000000Z
2024,260.89098379629627,43.08027,-79.06896,2024-09-16T21:23:01.000000Z
2024,260.8909953703704,43.08027,-79.06897,2024-09-16T21:23:02.000000Z
2024,260.8910069444444,43.08027,-79.06899,2024-09-16T21:23:03.000000Z
2024,260.89101851851854,43.08028,-79.06899,2024-09-16T21:23:04.000000Z
2024,260.8910300925926,43.08027,-79.06899,2024-09-16T21:23:05.000000Z
2024,260.89104166666664,43.08027,-79.06898,2024-09-16T21:23:06.000000Z
2024,260.89105324074075,43.08026,-79.06899,2024-09-16T21:23:07.000000Z
2024,260.8910648148148,43.08026,-79.06899,2024-09-16T21:23:08.000000Z
2024,260.8910763888889,43.08026,-79.069,2024-09-16T21:23:09.000000Z
2024,260.89108796296296,43.08026,-79.069,2024-09-16T21:23:10.000000Z
2024,260.891099537037,43.08026,-79.069,2024-09-16T21:23:11.000000Z
2024,260.8911111111111,43.08026,-79.06901,2024-09-16T21:23:12.000000Z
2024,260.89112268518517,43.08026,-79.06901,2024-09-16T21:23:13.000000Z
2024,260.8911342592593,43.08026,-79.06902,2024-09-16T21:23:14.000000Z
2024,260.8911458333333,43.08026,-79.06902,2024-09-16T21:23:15.000000Z
2024,260.8911574074074,43.08026,-79.06903,2024-09-16T21:23:16.000000Z
2024,260.8911689814815,43.08026,-79.06903,2024-09-16T21:23:17.000000Z
2024,260.9014467592593,43.08036,-79.06896,2024-09-16T21:38:05.000000Z
2024,260.9014583333333,43.08036,-79.06896,2024-09-16T21:38:06.000000Z
2024,260.90146990740743,43.08037,-79.06896,2024-09-16T21:38:07.000000Z
2024,260.9014814814815,43.08036,-79.06895,2024-09-16T21:38:08.000000Z
2024,260.9014930555556,43.08036,-79.06895,2024-09-16T21:38:09.000000Z
2024,260.90150462962964,43.08035,-79.06896,2024-09-16T21:38:10.000000Z
2024,260.9015162037037,43.08035,-79.06896,2024-09-16T21:38:11.000000Z
2024,260.9015277777778,43.08035,-79.06896,2024-09-16T21:38:12.000000Z
2024,260.90153935185185,43.08035,-79.06896,2024-09-16T21:38:13.000000Z
2024,260.90155092592596,43.08034,-79.06896,2024-09-16T21:38:14.000000Z
2024,260.9015625,43.08034,-79.06896,2024-09-16T21:38:15.000000Z
2024,260.90157407407406,43.08034,-79.06896,2024-09-16T21:38:16.000000Z
2024,260.90158564814817,43.08034,-79.06896,2024-09-16T21:38:17.000000Z
2024,260.9015972222222,43.08034,-79.06896,2024-09-16T21:38:18.000000Z
2024,260.90160879629633,43.08034,-79.06896,2024-09-16T21:38:19.000000Z
2024,260.9016203703704,43.08033,-79.06896,2024-09-16T21:38:20.000000Z
2024,260.90163194444443,43.08033,-79.06896,2024-09-16T21:38:21.000000Z
2024,260.90164351851854,43.08033,-79.06896,2024-09-16T21:38:22.000000Z
2024,260.9016550925926,43.08033,-79.06896,2024-09-16T21:38:23.000000Z
2024,260.9117939814815,43.08035,-79.06893,2024-09-16T21:52:59.000000Z
2024,260.91180555555553,43.08035,-79.06891,2024-09-16T21:53:00.000000Z
2024,260.9118171296296,43.08036,-79.0689,2024-09-16T21:53:01.000000Z
2024,260.9118287037037,43.08036,-79.0689,2024-09-16T21:53:02.000000Z
2024,260.91184027777774,43.08037,-79.06889,2024-09-16T21:53:03.000000Z
2024,260.91185185185185,43.08038,-79.06887,2024-09-16T21:53:04.000000Z
2024,260.9118634259259,43.08038,-79.06887,2024-09-16T21:53:05.000000Z
2024,260.91187499999995,43.08038,-79.06887,2024-09-16T21:53:06.000000Z
2024,260.91188657407406,43.08038,-79.06887,2024-09-16T21:53:07.000000Z
2024,260.9118981481481,43.08038,-79.06887,2024-09-16T21:53:08.000000Z
2024,260.9119097222222,43.08038,-79.06887,2024-09-16T21:53:09.000000Z
2024,260.91192129629627,43.08039,-79.06888,2024-09-16T21:53:10.000000Z
2024,260.9119328703703,43.08039,-79.0689,2024-09-16T21:53:11.000000Z
2024,260.91194444444443,43.08039,-79.06891,2024-09-16T21:53:12.000000Z
2024,260.9119560185185,43.08039,-79.06892,2024-09-16T21:53:13.000000Z
2024,260.9119675925926,43.08039,-79.06892,2024-09-16T21:53:14.000000Z
2024,260.91197916666664,43.08039,-79.06892,2024-09-16T21:53:15.000000Z
2024,260.9119907407407,43.08039,-79.06892,2024-09-16T21:53:16.000000Z
2024,260.9120023148148,43.08039,-79.06892,2024-09-16T21:53:17.000000Z
2024,260.9222800925926,43.08037,-79.06887,2024-09-16T22:08:05.000000Z
2024,260.92229166666664,43.08036,-79.06887,2024-09-16T22:08:06.000000Z
2024,260.92230324074075,43.08036,-79.06887,2024-09-16T22:08:07.000000Z
2024,260.9223148148148,43.08036,-79.06887,2024-09-16T22:08:08.000000Z
2024,260.9223263888889,43.08037,-79.06887,2024-09-16T22:08:09.000000Z
2024,260.92233796296296,43.08037,-79.06887,2024-09-16T22:08:10.000000Z
2024,260.922349537037,43.08037,-79.06887,2024-09-16T22:08:11.000000Z
2024,260.9223611111111,43.08037,-79.06887,2024-09-16T22:08:12.000000Z
2024,260.92237268518517,43.08037,-79.06887,2024-09-16T22:08:13.000000Z
2024,260.9223842592593,43.08037,-79.06887,2024-09-16T22:08:14.000000Z
2024,260.9223958333333,43.08037,-79.06887,2024-09-16T22:08:15.000000Z
2024,260.9224074074074,43.08037,-79.06886,2024-09-16T22:08:16.000000Z
2024,260.9224189814815,43.08038,-79.06886,2024-09-16T22:08:17.000000Z
2024,260.92243055555554,43.08038,-79.06886,2024-09-16T22:08:18.000000Z
2024,260.92244212962964,43.08038,-79.06886,2024-09-16T22:08:19.000000Z
2024,260.9224537037037,43.08038,-79.06886,2024-09-16T22:08:20.000000Z
2024,260.92246527777775,43.08038,-79.06886,2024-09-16T22:08:21.000000Z
2024,260.92247685185185,43.08038,-79.06886,2024-09-16T22:08:22.000000Z
2024,260.9224884259259,43.08038,-79.06886,2024-09-16T22:08:23.000000Z
2024,260.93262731481485,43.08036,-79.06887,2024-09-16T22:22:59.000000Z
2024,260.9326388888889,43.08036,-79.06887,2024-09-16T22:23:00.000000Z
2024,260.93265046296295,43.08036,-79.06886,2024-09-16T22:23:01.000000Z
2024,260.93266203703706,43.08035,-79.06885,2024-09-16T22:23:02.000000Z
2024,260.9326736111111,43.08035,-79.06884,2024-09-16T22:23:03.000000Z
2024,260.9326851851852,43.08035,-79.06883,2024-09-16T22:23:04.000000Z
2024,260.9326967592593,43.08035,-79.06882,2024-09-16T22:23:05.000000Z
2024,260.9327083333333,43.08035,-79.0688,2024-09-16T22:23:06.000000Z
2024,260.93271990740743,43.08035,-79.0688,2024-09-16T22:23:07.000000Z
2024,260.9327314814815,43.08035,-79.0688,2024-09-16T22:23:08.000000Z
2024,260.9327430555556,43.08035,-79.0688,2024-09-16T22:23:09.000000Z
2024,260.93275462962964,43.08036,-79.06882,2024-09-16T22:23:10.000000Z
2024,260.9327662037037,43.08036,-79.06882,2024-09-16T22:23:11.000000Z
2024,260.9327777777778,43.08036,-79.06883,2024-09-16T22:23:12.000000Z
2024,260.93278935185185,43.08036,-79.06883,2024-09-16T22:23:13.000000Z
2024,260.93280092592596,43.08036,-79.06883,2024-09-16T22:23:14.000000Z
2024,260.9328125,43.08036,-79.06883,2024-09-16T22:23:15.000000Z
2024,260.93282407407406,43.08036,-79.06883,2024-09-16T22:23:16.000000Z
2024,260.93283564814817,43.08036,-79.06883,2024-09-16T22:23:17.000000Z
2024,260.94311342592596,43.08044,-79.06894,2024-09-16T22:38:05.000000Z
2024,260.943125,43.08045,-79.06895,2024-09-16T22:38:06.000000Z
2024,260.9431365740741,43.08045,-79.06896,2024-09-16T22:38:07.000000Z
2024,260.94314814814817,43.08046,-79.06896,2024-09-16T22:38:08.000000Z
2024,260.9431597222223,43.08047,-79.06898,2024-09-16T22:38:09.000000Z
2024,260.9431712962963,43.08047,-79.06898,2024-09-16T22:38:10.000000Z
2024,260.9431828703704,43.08047,-79.06898,2024-09-16T22:38:11.000000Z
2024,260.9431944444445,43.08047,-79.06898,2024-09-16T22:38:12.000000Z
2024,260.94320601851854,43.08047,-79.06898,2024-09-16T22:38:13.000000Z
2024,260.94321759259265,43.08047,-79.06898,2024-09-16T22:38:14.000000Z
2024,260.9432291666667,43.08047,-79.06898,2024-09-16T22:38:15.000000Z
2024,260.94324074074075,43.08047,-79.06897,2024-09-16T22:38:16.000000Z
2024,260.94325231481486,43.08047,-79.06897,2024-09-16T22:38:17.000000Z
2024,260.9432638888889,43.08047,-79.06897,2024-09-16T22:38:18.000000Z
2024,260.943275462963,43.08047,-79.06897,2024-09-16T22:38:19.000000Z
2024,260.94328703703707,43.08047,-79.06898,2024-09-16T22:38:20.000000Z
2024,260.9432986111111,43.08047,-79.06899,2024-09-16T22:38:21.000000Z
2024,260.9433101851852,43.08047,-79.06899,2024-09-16T22:38:22.000000Z
2024,260.9433217592593,43.08047,-79.069,2024-09-16T22:38:23.000000Z
2024,260.95346064814817,43.08029,-79.069,2024-09-16T22:52:59.000000Z
2024,260.9534722222222,43.08029,-79.06898,2024-09-16T22:53:00.000000Z
2024,260.95348379629627,43.08029,-79.06897,2024-09-16T22:53:01.000000Z
2024,260.9534953703704,43.08029,-79.06896,2024-09-16T22:53:02.000000Z
2024,260.9535069444444,43.08028,-79.06896,2024-09-16T22:53:03.000000Z
2024,260.95351851851854,43.08028,-79.06896,2024-09-16T22:53:04.000000Z
2024,260.9535300925926,43.08028,-79.06895,2024-09-16T22:53:05.000000Z
2024,260.95354166666664,43.08028,-79.06894,2024-09-16T22:53:06.000000Z
2024,260.95355324074075,43.08029,-79.0689,2024-09-16T22:53:07.000000Z
2024,260.9535648148148,43.0803,-79.0689,2024-09-16T22:53:08.000000Z
2024,260.9535763888889,43.0803,-79.0689,2024-09-16T22:53:09.000000Z
2024,260.95358796296296,43.0803,-79.0689,2024-09-16T22:53:10.000000Z
2024,260.953599537037,43.0803,-79.0689,2024-09-16T22:53:11.000000Z
2024,260.9536111111111,43.0803,-79.06889,2024-09-16T22:53:12.000000Z
2024,260.95362268518517,43.0803,-79.06889,2024-09-16T22:53:13.000000Z
2024,260.9536342592593,43.08031,-79.06889,2024-09-16T22:53:14.000000Z
2024,260.9536458333333,43.08031,-79.06889,2024-09-16T22:53:15.000000Z
2024,260.9536574074074,43.08031,-79.06889,2024-09-16T22:53:16.000000Z
2024,260.9536689814815,43.08032,-79.06889,2024-09-16T22:53:17.000000Z
2024,260.9639467592592,43.08054,-79.06905,2024-09-16T23:08:05.000000Z
2024,260.96395833333327,43.08053,-79.06905,2024-09-16T23:08:06.000000Z
2024,260.9639699074074,43.08053,-79.06906,2024-09-16T23:08:07.000000Z
2024,260.9639814814814,43.08053,-79.06906,2024-09-16T23:08:08.000000Z
2024,260.96399305555553,43.08052,-79.06906,2024-09-16T23:08:09.000000Z
2024,260.9640046296296,43.08052,-79.06907,2024-09-16T23:08:10.000000Z
2024,260.96401620370364,43.08052,-79.06908,2024-09-16T23:08:11.000000Z
2024,260.96402777777774,43.08052,-79.06908,2024-09-16T23:08:12.000000Z
2024,260.9640393518518,43.08051,-79.06909,2024-09-16T23:08:13.000000Z
2024,260.9640509259259,43.08051,-79.06909,2024-09-16T23:08:14.000000Z
2024,260.96406249999995,43.08051,-79.06909,2024-09-16T23:08:15.000000Z
2024,260.964074074074,43.08051,-79.06909,2024-09-16T23:08:16.000000Z
2024,260.9640856481481,43.0805,-79.06909,2024-09-16T23:08:17.000000Z
2024,260.96409722222216,43.0805,-79.0691,2024-09-16T23:08:18.000000Z
2024,260.9641087962963,43.0805,-79.0691,2024-09-16T23:08:19.000000Z
2024,260.9641203703703,43.0805,-79.0691,2024-09-16T23:08:20.000000Z
2024,260.9641319444444,43.0805,-79.06911,2024-09-16T23:08:21.000000Z
2024,260.9641435185185,43.0805,-79.06911,2024-09-16T23:08:22.000000Z
2024,260.96415509259253,43.0805,-79.06912,2024-09-16T23:08:23.000000Z
2024,260.9743634259259,43.08039,-79.06906,2024-09-16T23:23:05.000000Z
2024,260.97437499999995,43.0804,-79.06908,2024-09-16T23:23:06.000000Z
2024,260.97438657407406,43.0804,-79.06909,2024-09-16T23:23:07.000000Z
2024,260.9743981481481,43.0804,-79.06909,2024-09-16T23:23:08.000000Z
2024,260.9744097222222,43.0804,-79.0691,2024-09-16T23:23:09.000000Z
2024,260.97442129629627,43.08039,-79.06908,2024-09-16T23:23:10.000000Z
2024,260.9744328703703,43.08038,-79.06908,2024-09-16T23:23:11.000000Z
2024,260.97444444444443,43.08037,-79.06909,2024-09-16T23:23:12.000000Z
2024,260.9744560185185,43.08037,-79.06909,2024-09-16T23:23:13.000000Z
2024,260.9744675925926,43.08037,-79.06909,2024-09-16T23:23:14.000000Z
2024,260.97447916666664,43.08037,-79.06908,2024-09-16T23:23:15.000000Z
2024,260.9744907407407,43.08037,-79.06908,2024-09-16T23:23:16.000000Z
2024,260.9745023148148,43.08037,-79.06907,2024-09-16T23:23:17.000000Z
2024,260.97451388888885,43.08037,-79.06907,2024-09-16T23:23:18.000000Z
2024,260.97452546296296,43.08037,-79.06908,2024-09-16T23:23:19.000000Z
2024,260.974537037037,43.08037,-79.06908,2024-09-16T23:23:20.000000Z
2024,260.97454861111106,43.08038,-79.06907,2024-09-16T23:23:21.000000Z
2024,260.97456018518517,43.08038,-79.06908,2024-09-16T23:23:22.000000Z
2024,260.9745717592592,43.08038,-79.06907,2024-09-16T23:23:23.000000Z
2024,260.9847800925926,43.08044,-79.0691,2024-09-16T23:38:05.000000Z
2024,260.98479166666664,43.08043,-79.06909,2024-09-16T23:38:06.000000Z
2024,260.98480324074075,43.08042,-79.06909,2024-09-16T23:38:07.000000Z
2024,260.9848148148148,43.08042,-79.06909,2024-09-16T23:38:08.000000Z
2024,260.9848263888889,43.08041,-79.06908,2024-09-16T23:38:09.000000Z
2024,260.98483796296296,43.08041,-79.06908,2024-09-16T23:38:10.000000Z
2024,260.984849537037,43.0804,-79.06907,2024-09-16T23:38:11.000000Z
2024,260.9848611111111,43.0804,-79.06906,2024-09-16T23:38:12.000000Z
2024,260.98487268518517,43.08039,-79.06906,2024-09-16T23:38:13.000000Z
2024,260.9848842592593,43.08039,-79.06906,2024-09-16T23:38:14.000000Z
2024,260.9848958333333,43.08039,-79.06906,2024-09-16T23:38:15.000000Z
2024,260.9849074074074,43.08039,-79.06905,2024-09-16T23:38:16.000000Z
2024,260.9849189814815,43.08039,-79.06904,2024-09-16T23:38:17.000000Z
2024,260.98493055555554,43.08039,-79.06904,2024-09-16T23:38:18.000000Z
2024,260.98494212962964,43.08039,-79.06903,2024-09-16T23:38:19.000000Z
2024,260.9849537037037,43.08039,-79.06903,2024-09-16T23:38:20.000000Z
2024,260.98496527777775,43.08039,-79.06903,2024-09-16T23:38:21.000000Z
2024,260.98497685185185,43.08038,-79.06902,2024-09-16T23:38:22.000000Z
2024,260.9849884259259,43.08038,-79.06902,2024-09-16T23:38:23.000000Z
2024,260.9951967592592,43.08036,-79.0693,2024-09-16T23:53:05.000000Z
2024,260.99520833333327,43.08036,-79.06929,2024-09-16T23:53:06.000000Z
2024,260.9952199074074,43.08036,-79.06929,2024-09-16T23:53:07.000000Z
2024,260.9952314814814,43.08035,-79.06928,2024-09-16T23:53:08.000000Z
2024,260.99524305555553,43.08035,-79.06927,2024-09-16T23:53:09.000000Z
2024,260.9952546296296,43.08035,-79.06926,2024-09-16T23:53:10.000000Z
2024,260.99526620370364,43.08035,-79.06926,2024-09-16T23:53:11.000000Z
2024,260.99527777777774,43.08035,-79.06925,2024-09-16T23:53:12.000000Z
2024,260.9952893518518,43.08035,-79.06925,2024-09-16T23:53:13.000000Z
2024,260.9953009259259,43.08034,-79.06925,2024-09-16T23:53:14.000000Z
2024,260.99531249999995,43.08034,-79.06925,2024-09-16T23:53:15.000000Z
2024,260.995324074074,43.08034,-79.06924,2024-09-16T23:53:16.000000Z
2024,260.9953356481481,43.08034,-79.06924,2024-09-16T23:53:17.000000Z
2024,260.99534722222216,43.08034,-79.06924,2024-09-16T23:53:18.000000Z
2024,260.9953587962963,43.08034,-79.06924,2024-09-16T23:53:19.000000Z
2024,260.9953703703703,43.08034,-79.06923,2024-09-16T23:53:20.000000Z
2024,260.9953819444444,43.08034,-79.06923,2024-09-16T23:53:21.000000Z
2024,260.9953935185185,43.08034,-79.06922,2024-09-16T23:53:22.000000Z
2024,260.99540509259253,43.08034,-79.06922,2024-09-16T23:53:23.000000Z
2024,261.0056134259259,43.08031,-79.06944,2024-09-17T00:08:05.000000Z
2024,261.00562499999995,43.0803,-79.06942,2024-09-17T00:08:06.000000Z
2024,261.00563657407406,43.0803,-79.06941,2024-09-17T00:08:07.000000Z
2024,261.0056481481481,43.0803,-79.06942,2024-09-17T00:08:08.000000Z
2024,261.0056597222222,43.0803,-79.06943,2024-09-17T00:08:09.000000Z
2024,261.00567129629627,43.0803,-79.06938,2024-09-17T00:08:10.000000Z
2024,261.0056828703703,43.0803,-79.06934,2024-09-17T00:08:11.000000Z
2024,261.00569444444443,43.08031,-79.06929,2024-09-17T00:08:12.000000Z
2024,261.0057060185185,43.08031,-79.06925,2024-09-17T00:08:13.000000Z
2024,261.0057175925926,43.08031,-79.06922,2024-09-17T00:08:14.000000Z
2024,261.00572916666664,43.08031,-79.06922,2024-09-17T00:08:15.000000Z
2024,261.0057407407407,43.08031,-79.06923,2024-09-17T00:08:16.000000Z
2024,261.0057523148148,43.08031,-79.06924,2024-09-17T00:08:17.000000Z
2024,261.00576388888885,43.08031,-79.06925,2024-09-17T00:08:18.000000Z
2024,261.00577546296296,43.08032,-79.06925,2024-09-17T00:08:19.000000Z
2024,261.005787037037,43.08032,-79.06925,2024-09-17T00:08:20.000000Z
2024,261.00579861111106,43.08032,-79.06925,2024-09-17T00:08:21.000000Z
2024,261.00581018518517,43.08032,-79.06924,2024-09-17T00:08:22.000000Z
2024,261.0058217592592,43.08033,-79.06923,2024-09-17T00:08:23.000000Z
2024,261.0160763888889,43.08012,-79.06843,2024-09-17T00:23:09.000000Z
2024,261.01608796296296,43.08014,-79.06849,2024-09-17T00:23:10.000000Z
2024,261.016099537037,43.08015,-79.06853,2024-09-17T00:23:11.000000Z
2024,261.0161111111111,43.08016,-79.06857,2024-09-17T00:23:12.000000Z
2024,261.01612268518517,43.08017,-79.0686,2024-09-17T00:23:13.000000Z
2024,261.0161342592593,43.08018,-79.06862,2024-09-17T00:23:14.000000Z
2024,261.0161458333333,43.08018,-79.06864,2024-09-17T00:23:15.000000Z
2024,261.0161574074074,43.08018,-79.06866,2024-09-17T00:23:16.000000Z
2024,261.0161689814815,43.08018,-79.06867,2024-09-17T00:23:17.000000Z
2024,261.01618055555554,43.08017,-79.06866,2024-09-17T00:23:18.000000Z
2024,261.01619212962964,43.08016,-79.06866,2024-09-17T00:23:19.000000Z
2024,261.0162037037037,43.08016,-79.06866,2024-09-17T00:23:20.000000Z
2024,261.01621527777775,43.08016,-79.06866,2024-09-17T00:23:21.000000Z
2024,261.01622685185185,43.08015,-79.06865,2024-09-17T00:23:22.000000Z
2024,261.0162384259259,43.08015,-79.06864,2024-09-17T00:23:23.000000Z
2024,261.01625,43.08015,-79.06864,2024-09-17T00:23:24.000000Z
2024,261.01626157407406,43.08018,-79.06877,2024-09-17T00:23:25.000000Z
2024,261.0162731481481,43.08024,-79.06895,2024-09-17T00:23:26.000000Z
2024,261.0162847222222,43.08029,-79.06909,2024-09-17T00:23:27.000000Z
2024,261.0162962962963,43.08029,-79.06909,2024-09-17T00:23:28.000000Z
2024,261.0264467592593,43.08034,-79.06903,2024-09-17T00:38:05.000000Z
2024,261.0264583333333,43.08033,-79.06902,2024-09-17T00:38:06.000000Z
2024,261.02646990740743,43.08032,-79.06902,2024-09-17T00:38:07.000000Z
2024,261.0264814814815,43.08032,-79.06903,2024-09-17T00:38:08.000000Z
2024,261.0264930555556,43.08031,-79.06903,2024-09-17T00:38:09.000000Z
2024,261.02650462962964,43.08031,-79.06903,2024-09-17T00:38:10.000000Z
2024,261.0265162037037,43.08031,-79.06904,2024-09-17T00:38:11.000000Z
2024,261.0265277777778,43.08031,-79.06905,2024-09-17T00:38:12.000000Z
2024,261.02653935185185,43.08031,-79.06906,2024-09-17T00:38:13.000000Z
2024,261.02655092592596,43.08031,-79.06906,2024-09-17T00:38:14.000000Z
2024,261.0265625,43.08031,-79.06906,2024-09-17T00:38:15.000000Z
2024,261.02657407407406,43.08031,-79.06906,2024-09-17T00:38:16.000000Z
2024,261.02658564814817,43.08031,-79.06906,2024-09-17T00:38:17.000000Z
2024,261.0265972222222,43.08031,-79.06906,2024-09-17T00:38:18.000000Z
2024,261.02660879629633,43.08031,-79.06906,2024-09-17T00:38:19.000000Z
2024,261.0266203703704,43.08031,-79.06906,2024-09-17T00:38:20.000000Z
2024,261.02663194444443,43.08032,-79.06906,2024-09-17T00:38:21.000000Z
2024,261.02664351851854,43.08032,-79.06906,2024-09-17T00:38:22.000000Z
2024,261.0266550925926,43.08032,-79.06906,2024-09-17T00:38:23.000000Z
2024,261.0368634259259,43.08042,-79.06903,2024-09-17T00:53:05.000000Z
2024,261.03687499999995,43.08042,-79.06904,2024-09-17T00:53:06.000000Z
2024,261.03688657407406,43.08041,-79.06905,2024-09-17T00:53:07.000000Z
2024,261.0368981481481,43.08041,-79.06905,2024-09-17T00:53:08.000000Z
2024,261.0369097222222,43.08041,-79.06905,2024-09-17T00:53:09.000000Z
2024,261.03692129629627,43.0804,-79.06905,2024-09-17T00:53:10.000000Z
2024,261.0369328703703,43.0804,-79.06905,2024-09-17T00:53:11.000000Z
2024,261.03694444444443,43.0804,-79.06905,2024-09-17T00:53:12.000000Z
2024,261.0369560185185,43.08039,-79.06904,2024-09-17T00:53:13.000000Z
2024,261.0369675925926,43.08039,-79.06904,2024-09-17T00:53:14.000000Z
2024,261.03697916666664,43.08039,-79.06904,2024-09-17T00:53:15.000000Z
2024,261.0369907407407,43.08038,-79.06905,2024-09-17T00:53:16.000000Z
2024,261.0370023148148,43.08038,-79.06904,2024-09-17T00:53:17.000000Z
2024,261.03701388888885,43.08038,-79.06904,2024-09-17T00:53:18.000000Z
2024,261.03702546296296,43.08037,-79.06904,2024-09-17T00:53:19.000000Z
2024,261.037037037037,43.08037,-79.06904,2024-09-17T00:53:20.000000Z
2024,261.03704861111106,43.08037,-79.06904,2024-09-17T00:53:21.000000Z
2024,261.03706018518517,43.08037,-79.06903,2024-09-17T00:53:22.000000Z
2024,261.0370717592592,43.08037,-79.06903,2024-09-17T00:53:23.000000Z
2024,261.0472800925926,43.08036,-79.06909,2024-09-17T01:08:05.000000Z
2024,261.04729166666664,43.08036,-79.06909,2024-09-17T01:08:06.000000Z
2024,261.04730324074075,43.08035,-79.06909,2024-09-17T01:08:07.000000Z
2024,261.0473148148148,43.08035,-79.06909,2024-09-17T01:08:08.000000Z
2024,261.0473263888889,43.08035,-79.06909,2024-09-17T01:08:09.000000Z
2024,261.04733796296296,43.08035,-79.06909,2024-09-17T01:08:10.000000Z
2024,261.047349537037,43.08034,-79.06908,2024-09-17T01:08:11.000000Z
2024,261.0473611111111,43.08034,-79.06908,2024-09-17T01:08:12.000000Z
2024,261.04737268518517,43.08034,-79.06907,2024-09-17T01:08:13.000000Z
2024,261.0473842592593,43.08034,-79.06907,2024-09-17T01:08:14.000000Z
2024,261.0473958333333,43.08034,-79.06906,2024-09-17T01:08:15.000000Z
2024,261.0474074074074,43.08034,-79.06906,2024-09-17T01:08:16.000000Z
2024,261.0474189814815,43.08034,-79.06906,2024-09-17T01:08:17.000000Z
2024,261.04743055555554,43.08034,-79.06906,2024-09-17T01:08:18.000000Z
2024,261.04744212962964,43.08034,-79.06905,2024-09-17T01:08:19.000000Z
2024,261.0474537037037,43.08034,-79.06904,2024-09-17T01:08:20.000000Z
2024,261.04746527777775,43.08034,-79.06904,2024-09-17T01:08:21.000000Z
2024,261.04747685185185,43.08034,-79.06903,2024-09-17T01:08:22.000000Z
2024,261.0474884259259,43.08034,-79.06903,2024-09-17T01:08:23.000000Z
2024,261.0576967592593,43.08037,-79.0691,2024-09-17T01:23:05.000000Z
2024,261.0577083333333,43.08037,-79.0691,2024-09-17T01:23:06.000000Z
2024,261.05771990740743,43.08038,-79.06909,2024-09-17T01:23:07.000000Z
2024,261.0577314814815,43.08037,-79.06908,2024-09-17T01:23:08.000000Z
2024,261.0577430555556,43.08037,-79.06907,2024-09-17T01:23:09.000000Z
2024,261.05775462962964,43.08037,-79.06906,2024-09-17T01:23:10.000000Z
2024,261.0577662037037,43.08037,-79.06906,2024-09-17T01:23:11.000000Z
2024,261.0577777777778,43.08036,-79.06906,2024-09-17T01:23:12.000000Z
2024,261.05778935185185,43.08036,-79.06906,2024-09-17T01:23:13.000000Z
2024,261.05780092592596,43.08036,-79.06905,2024-09-17T01:23:14.000000Z
2024,261.0578125,43.08036,-79.06905,2024-09-17T01:23:15.000000Z
2024,261.05782407407406,43.08036,-79.06905,2024-09-17T01:23:16.000000Z
2024,261.05783564814817,43.08036,-79.06905,2024-09-17T01:23:17.000000Z
2024,261.0578472222222,43.08036,-79.06904,2024-09-17T01:23:18.000000Z
2024,261.05785879629633,43.08036,-79.06904,2024-09-17T01:23:19.000000Z
2024,261.0578703703704,43.08036,-79.06904,2024-09-17T01:23:20.000000Z
2024,261.05788194444443,43.08036,-79.06904,2024-09-17T01:23:21.000000Z
2024,261.05789351851854,43.08036,-79.06904,2024-09-17T01:23:22.000000Z
2024,261.0579050925926,43.08035,-79.06904,2024-09-17T01:23:23.000000Z
2024,261.0681018518519,43.08042,-79.06912,2024-09-17T01:38:04.000000Z
2024,261.06811342592596,43.08042,-79.06912,2024-09-17T01:38:05.000000Z
2024,261.068125,43.08042,-79.06912,2024-09-17T01:38:06.000000Z
2024,261.0681365740741,43.08042,-79.06912,2024-09-17T01:38:07.000000Z
2024,261.06814814814817,43.08042,-79.06913,2024-09-17T01:38:08.000000Z
2024,261.0681597222223,43.08042,-79.06913,2024-09-17T01:38:09.000000Z
2024,261.0681712962963,43.08042,-79.06913,2024-09-17T01:38:10.000000Z
2024,261.0681828703704,43.08042,-79.06913,2024-09-17T01:38:11.000000Z
2024,261.0681944444445,43.08042,-79.06912,2024-09-17T01:38:12.000000Z
2024,261.06820601851854,43.08042,-79.06912,2024-09-17T01:38:13.000000Z
2024,261.06821759259265,43.08042,-79.06912,2024-09-17T01:38:14.000000Z
2024,261.0682291666667,43.08041,-79.06912,2024-09-17T01:38:15.000000Z
2024,261.06824074074075,43.08041,-79.06911,2024-09-17T01:38:16.000000Z
2024,261.06825231481486,43.08041,-79.06911,2024-09-17T01:38:17.000000Z
2024,261.0682638888889,43.08041,-79.06911,2024-09-17T01:38:18.000000Z
2024,261.068275462963,43.08041,-79.06911,2024-09-17T01:38:19.000000Z
2024,261.06828703703707,43.08041,-79.0691,2024-09-17T01:38:20.000000Z
2024,261.0682986111111,43.0804,-79.0691,2024-09-17T01:38:21.000000Z
2024,261.0683101851852,43.0804,-79.0691,2024-09-17T01:38:22.000000Z
2024,261.07851851851854,43.08041,-79.06916,2024-09-17T01:53:04.000000Z
2024,261.0785300925926,43.0804,-79.06916,2024-09-17T01:53:05.000000Z
2024,261.07854166666664,43.0804,-79.06916,2024-09-17T01:53:06.000000Z
2024,261.07855324074075,43.0804,-79.06916,2024-09-17T01:53:07.000000Z
2024,261.0785648148148,43.0804,-79.06915,2024-09-17T01:53:08.000000Z
2024,261.0785763888889,43.0804,-79.06915,2024-09-17T01:53:09.000000Z
2024,261.07858796296296,43.0804,-79.06915,2024-09-17T01:53:10.000000Z
2024,261.078599537037,43.08041,-79.06914,2024-09-17T01:53:11.000000Z
2024,261.0786111111111,43.08041,-79.06913,2024-09-17T01:53:12.000000Z
2024,261.07862268518517,43.08041,-79.06913,2024-09-17T01:53:13.000000Z
2024,261.0786342592593,43.08041,-79.06912,2024-09-17T01:53:14.000000Z
2024,261.0786458333333,43.08041,-79.06912,2024-09-17T01:53:15.000000Z
2024,261.0786574074074,43.08041,-79.06912,2024-09-17T01:53:16.000000Z
2024,261.0786689814815,43.08041,-79.06912,2024-09-17T01:53:17.000000Z
2024,261.07868055555554,43.08041,-79.06912,2024-09-17T01:53:18.000000Z
2024,261.07869212962964,43.08041,-79.06912,2024-09-17T01:53:19.000000Z
2024,261.0787037037037,43.08041,-79.06912,2024-09-17T01:53:20.000000Z
2024,261.07871527777775,43.08041,-79.06912,2024-09-17T01:53:21.000000Z
2024,261.07872685185185,43.08041,-79.06912,2024-09-17T01:53:22.000000Z
2024,261.08893518518516,43.08034,-79.06906,2024-09-17T02:08:04.000000Z
2024,261.08895833333327,43.08033,-79.06906,2024-09-17T02:08:06.000000Z
2024,261.0889699074074,43.08033,-79.06906,2024-09-17T02:08:07.000000Z
2024,261.0889814814814,43.08033,-79.06906,2024-09-17T02:08:08.000000Z
2024,261.08899305555553,43.08033,-79.06906,2024-09-17T02:08:09.000000Z
2024,261.0890046296296,43.08032,-79.06906,2024-09-17T02:08:10.000000Z
2024,261.08901620370364,43.08032,-79.06906,2024-09-17T02:08:11.000000Z
2024,261.08902777777774,43.08032,-79.06906,2024-09-17T02:08:12.000000Z
2024,261.0890393518518,43.08032,-79.06906,2024-09-17T02:08:13.000000Z
2024,261.0890509259259,43.08031,-79.06906,2024-09-17T02:08:14.000000Z
2024,261.08906249999995,43.08031,-79.06906,2024-09-17T02:08:15.000000Z
2024,261.089074074074,43.08031,-79.06906,2024-09-17T02:08:16.000000Z
2024,261.0890856481481,43.08031,-79.06906,2024-09-17T02:08:17.000000Z
2024,261.08909722222216,43.08031,-79.06906,2024-09-17T02:08:18.000000Z
2024,261.0891087962963,43.08031,-79.06906,2024-09-17T02:08:19.000000Z
2024,261.0891203703703,43.08031,-79.06906,2024-09-17T02:08:20.000000Z
2024,261.0891319444444,43.08031,-79.06906,2024-09-17T02:08:21.000000Z
2024,261.0891435185185,43.08031,-79.06906,2024-09-17T02:08:22.000000Z
2024,261.09935185185185,43.08045,-79.06903,2024-09-17T02:23:04.000000Z
2024,261.0993634259259,43.08045,-79.06903,2024-09-17T02:23:05.000000Z
2024,261.09937499999995,43.08045,-79.06903,2024-09-17T02:23:06.000000Z
2024,261.09938657407406,43.08045,-79.06903,2024-09-17T02:23:07.000000Z
2024,261.0993981481481,43.08044,-79.06903,2024-09-17T02:23:08.000000Z
2024,261.0994097222222,43.08044,-79.06902,2024-09-17T02:23:09.000000Z
2024,261.09942129629627,43.08043,-79.06902,2024-09-17T02:23:10.000000Z
2024,261.0994328703703,43.08042,-79.06901,2024-09-17T02:23:11.000000Z
2024,261.09944444444443,43.08042,-79.06901,2024-09-17T02:23:12.000000Z
2024,261.0994560185185,43.08042,-79.06902,2024-09-17T02:23:13.000000Z
2024,261.0994675925926,43.08041,-79.06902,2024-09-17T02:23:14.000000Z
2024,261.09947916666664,43.08041,-79.06903,2024-09-17T02:23:15.000000Z
2024,261.0994907407407,43.08041,-79.06903,2024-09-17T02:23:16.000000Z
2024,261.0995023148148,43.08041,-79.06903,2024-09-17T02:23:17.000000Z
2024,261.09951388888885,43.0804,-79.06903,2024-09-17T02:23:18.000000Z
2024,261.09952546296296,43.0804,-79.06903,2024-09-17T02:23:19.000000Z
2024,261.099537037037,43.08039,-79.06903,2024-09-17T02:23:20.000000Z
2024,261.09954861111106,43.08039,-79.06903,2024-09-17T02:23:21.000000Z
2024,261.09956018518517,43.08039,-79.06903,2024-09-17T02:23:22.000000Z
2024,261.10976851851854,43.08034,-79.06916,2024-09-17T02:38:04.000000Z
2024,261.1097800925926,43.08034,-79.06916,2024-09-17T02:38:05.000000Z
2024,261.10979166666664,43.08034,-79.06916,2024-09-17T02:38:06.000000Z
2024,261.10980324074075,43.08034,-79.06916,2024-09-17T02:38:07.000000Z
2024,261.1098148148148,43.08034,-79.06915,2024-09-17T02:38:08.000000Z
2024,261.1098263888889,43.08033,-79.06916,2024-09-17T02:38:09.000000Z
2024,261.10983796296296,43.08032,-79.06916,2024-09-17T02:38:10.000000Z
2024,261.109849537037,43.08032,-79.06916,2024-09-17T02:38:11.000000Z
2024,261.1098611111111,43.08032,-79.06915,2024-09-17T02:38:12.000000Z
2024,261.10987268518517,43.08032,-79.06916,2024-09-17T02:38:13.000000Z
2024,261.1098842592593,43.08033,-79.06915,2024-09-17T02:38:14.000000Z
2024,261.1098958333333,43.08034,-79.06915,2024-09-17T02:38:15.000000Z
2024,261.1099074074074,43.08034,-79.06914,2024-09-17T02:38:16.000000Z
2024,261.1099189814815,43.08035,-79.06913,2024-09-17T02:38:17.000000Z
2024,261.10993055555554,43.08035,-79.06913,2024-09-17T02:38:18.000000Z
2024,261.10994212962964,43.08034,-79.06913,2024-09-17T02:38:19.000000Z
2024,261.1099537037037,43.08035,-79.06913,2024-09-17T02:38:20.000000Z
2024,261.10996527777775,43.08035,-79.06913,2024-09-17T02:38:21.000000Z
2024,261.10997685185185,43.08035,-79.06913,2024-09-17T02:38:22.000000Z
2024,261.12018518518516,43.08019,-79.06922,2024-09-17T02:53:04.000000Z
2024,261.1201967592592,43.0802,-79.06921,2024-09-17T02:53:05.000000Z
2024,261.12020833333327,43.0802,-79.06919,2024-09-17T02:53:06.000000Z
2024,261.1202199074074,43.0802,-79.06918,2024-09-17T02:53:07.000000Z
2024,261.1202314814814,43.08021,-79.06917,2024-09-17T02:53:08.000000Z
2024,261.12024305555553,43.08021,-79.06916,2024-09-17T02:53:09.000000Z
2024,261.1202546296296,43.08024,-79.06914,2024-09-17T02:53:10.000000Z
2024,261.12026620370364,43.08027,-79.06909,2024-09-17T02:53:11.000000Z
2024,261.12027777777774,43.08027,-79.06908,2024-09-17T02:53:12.000000Z
2024,261.1202893518518,43.08027,-79.06908,2024-09-17T02:53:13.000000Z
2024,261.1203009259259,43.08026,-79.06909,2024-09-17T02:53:14.000000Z
2024,261.12031249999995,43.08026,-79.06908,2024-09-17T02:53:15.000000Z
2024,261.120324074074,43.08026,-79.06909,2024-09-17T02:53:16.000000Z
2024,261.1203356481481,43.08025,-79.06909,2024-09-17T02:53:17.000000Z
2024,261.12034722222216,43.08025,-79.06909,2024-09-17T02:53:18.000000Z
2024,261.1203587962963,43.08024,-79.06909,2024-09-17T02:53:19.000000Z
2024,261.1203703703703,43.08025,-79.06909,2024-09-17T02:53:20.000000Z
2024,261.1203819444444,43.08025,-79.06909,2024-09-17T02:53:21.000000Z
2024,261.1203935185185,43.08025,-79.06909,2024-09-17T02:53:22.000000Z
2024,261.13060185185185,43.08041,-79.06911,2024-09-17T03:08:04.000000Z
2024,261.1306134259259,43.08041,-79.06912,2024-09-17T03:08:05.000000Z
2024,261.13062499999995,43.08042,-79.06913,2024-09-17T03:08:06.000000Z
2024,261.13063657407406,43.08042,-79.06914,2024-09-17T03:08:07.000000Z
2024,261.1306481481481,43.08042,-79.06913,2024-09-17T03:08:08.000000Z
2024,261.1306597222222,43.08041,-79.06914,2024-09-17T03:08:09.000000Z
2024,261.13067129629627,43.08041,-79.06913,2024-09-17T03:08:10.000000Z
2024,261.1306828703703,43.08041,-79.06913,2024-09-17T03:08:11.000000Z
2024,261.13069444444443,43.08041,-79.06913,2024-09-17T03:08:12.000000Z
2024,261.1307060185185,43.08041,-79.06913,2024-09-17T03:08:13.000000Z
2024,261.1307175925926,43.0804,-79.06912,2024-09-17T03:08:14.000000Z
2024,261.13072916666664,43.0804,-79.06912,2024-09-17T03:08:15.000000Z
2024,261.1307407407407,43.08039,-79.06912,2024-09-17T03:08:16.000000Z
2024,261.1307523148148,43.08039,-79.06912,2024-09-17T03:08:17.000000Z
2024,261.13076388888885,43.08038,-79.06911,2024-09-17T03:08:18.000000Z
2024,261.13077546296296,43.08037,-79.06911,2024-09-17T03:08:19.000000Z
2024,261.130787037037,43.08037,-79.06911,2024-09-17T03:08:20.000000Z
2024,261.13079861111106,43.08037,-79.06911,2024-09-17T03:08:21.000000Z
2024,261.13081018518517,43.08037,-79.06911,2024-09-17T03:08:22.000000Z
2024,261.14101851851854,43.08044,-79.06899,2024-09-17T03:23:04.000000Z
2024,261.1410300925926,43.08043,-79.069,2024-09-17T03:23:05.000000Z
2024,261.14104166666664,43.08041,-79.06903,2024-09-17T03:23:06.000000Z
2024,261.14105324074075,43.0804,-79.06904,2024-09-17T03:23:07.000000Z
2024,261.1410648148148,43.08039,-79.06905,2024-09-17T03:23:08.000000Z
2024,261.1410763888889,43.08039,-79.06906,2024-09-17T03:23:09.000000Z
2024,261.14108796296296,43.0804,-79.06906,2024-09-17T03:23:10.000000Z
2024,261.141099537037,43.0804,-79.06906,2024-09-17T03:23:11.000000Z
2024,261.1411111111111,43.08041,-79.06906,2024-09-17T03:23:12.000000Z
2024,261.14112268518517,43.08041,-79.06906,2024-09-17T03:23:13.000000Z
2024,261.1411342592593,43.08041,-79.06906,2024-09-17T03:23:14.000000Z
2024,261.1411458333333,43.08042,-79.06906,2024-09-17T03:23:15.000000Z
2024,261.1411574074074,43.08042,-79.06906,2024-09-17T03:23:16.000000Z
2024,261.1411689814815,43.08042,-79.06906,2024-09-17T03:23:17.000000Z
2024,261.14118055555554,43.08043,-79.06906,2024-09-17T03:23:18.000000Z
2024,261.14119212962964,43.08043,-79.06906,2024-09-17T03:23:19.000000Z
2024,261.1412037037037,43.08044,-79.06906,2024-09-17T03:23:20.000000Z
2024,261.14121527777775,43.08044,-79.06906,2024-09-17T03:23:21.000000Z
2024,261.14122685185185,43.08044,-79.06907,2024-09-17T03:23:22.000000Z
2024,261.1514351851852,43.08036,-79.06896,2024-09-17T03:38:04.000000Z
2024,261.1514467592593,43.08036,-79.06894,2024-09-17T03:38:05.000000Z
2024,261.1514583333333,43.08036,-79.06893,2024-09-17T03:38:06.000000Z
2024,261.15146990740743,43.08036,-79.06893,2024-09-17T03:38:07.000000Z
2024,261.1514814814815,43.08036,-79.06892,2024-09-17T03:38:08.000000Z
2024,261.1514930555556,43.08036,-79.06891,2024-09-17T03:38:09.000000Z
2024,261.15150462962964,43.08035,-79.06891,2024-09-17T03:38:10.000000Z
2024,261.1515162037037,43.08035,-79.06891,2024-09-17T03:38:11.000000Z
2024,261.1515277777778,43.08035,-79.06892,2024-09-17T03:38:12.000000Z
2024,261.15153935185185,43.08035,-79.06892,2024-09-17T03:38:13.000000Z
2024,261.15155092592596,43.08035,-79.06893,2024-09-17T03:38:14.000000Z
2024,261.1515625,43.08035,-79.06895,2024-09-17T03:38:15.000000Z
2024,261.15157407407406,43.08035,-79.06896,2024-09-17T03:38:16.000000Z
2024,261.15158564814817,43.08035,-79.06898,2024-09-17T03:38:17.000000Z
2024,261.1515972222222,43.08035,-79.069,2024-09-17T03:38:18.000000Z
2024,261.15160879629633,43.08035,-79.069,2024-09-17T03:38:19.000000Z
2024,261.1516203703704,43.08035,-79.06901,2024-09-17T03:38:20.000000Z
2024,261.15163194444443,43.08035,-79.06902,2024-09-17T03:38:21.000000Z
2024,261.15164351851854,43.08035,-79.06902,2024-09-17T03:38:22.000000Z
2024,261.16185185185185,43.08041,-79.06916,2024-09-17T03:53:04.000000Z
2024,261.1618634259259,43.08042,-79.06916,2024-09-17T03:53:05.000000Z
2024,261.16187499999995,43.08043,-79.06914,2024-09-17T03:53:06.000000Z
2024,261.16188657407406,43.08043,-79.06913,2024-09-17T03:53:07.000000Z
2024,261.1618981481481,43.08044,-79.06912,2024-09-17T03:53:08.000000Z
2024,261.1619097222222,43.08045,-79.06912,2024-09-17T03:53:09.000000Z
2024,261.16192129629627,43.08044,-79.06912,2024-09-17T03:53:10.000000Z
2024,261.1619328703703,43.08044,-79.06911,2024-09-17T03:53:11.000000Z
2024,261.16194444444443,43.08044,-79.06911,2024-09-17T03:53:12.000000Z
2024,261.1619560185185,43.08044,-79.06911,2024-09-17T03:53:13.000000Z
2024,261.1619675925926,43.08043,-79.06911,2024-09-17T03:53:14.000000Z
2024,261.16197916666664,43.08043,-79.06911,2024-09-17T03:53:15.000000Z
2024,261.1619907407407,43.08043,-79.06912,2024-09-17T03:53:16.000000Z
2024,261.1620023148148,43.08043,-79.06912,2024-09-17T03:53:17.000000Z
2024,261.16201388888885,43.08043,-79.06912,2024-09-17T03:53:18.000000Z
2024,261.16202546296296,43.08042,-79.06913,2024-09-17T03:53:19.000000Z
2024,261.162037037037,43.08042,-79.06913,2024-09-17T03:53:20.000000Z
2024,261.16204861111106,43.08042,-79.06914,2024-09-17T03:53:21.000000Z
2024,261.16206018518517,43.08042,-79.06915,2024-09-17T03:53:22.000000Z
2024,261.17226851851854,43.08041,-79.06916,2024-09-17T04:08:04.000000Z
2024,261.1722800925926,43.08039,-79.06916,2024-09-17T04:08:05.000000Z
2024,261.17229166666664,43.08039,-79.06916,2024-09-17T04:08:06.000000Z
2024,261.17230324074075,43.08039,-79.06916,2024-09-17T04:08:07.000000Z
2024,261.1723148148148,43.08038,-79.06916,2024-09-17T04:08:08.000000Z
2024,261.1723263888889,43.08039,-79.06916,2024-09-17T04:08:09.000000Z
2024,261.17233796296296,43.08039,-79.06915,2024-09-17T04:08:10.000000Z
2024,261.172349537037,43.08039,-79.06914,2024-09-17T04:08:11.000000Z
2024,261.1723611111111,43.0804,-79.06913,2024-09-17T04:08:12.000000Z
2024,261.17237268518517,43.0804,-79.06913,2024-09-17T04:08:13.000000Z
2024,261.1723842592593,43.0804,-79.06912,2024-09-17T04:08:14.000000Z
2024,261.1723958333333,43.08041,-79.06912,2024-09-17T04:08:15.000000Z
2024,261.1724074074074,43.08041,-79.06912,2024-09-17T04:08:16.000000Z
2024,261.1724189814815,43.08041,-79.06912,2024-09-17T04:08:17.000000Z
2024,261.17243055555554,43.08041,-79.06912,2024-09-17T04:08:18.000000Z
2024,261.17244212962964,43.08042,-79.06912,2024-09-17T04:08:19.000000Z
2024,261.1724537037037,43.08042,-79.06912,2024-09-17T04:08:20.000000Z
2024,261.17246527777775,43.08042,-79.06912,2024-09-17T04:08:21.000000Z
2024,261.17247685185185,43.08043,-79.06912,2024-09-17T04:08:22.000000Z
2024,261.1826851851852,43.08016,-79.06979,2024-09-17T04:23:04.000000Z
2024,261.1826967592593,43.08016,-79.06977,2024-09-17T04:23:05.000000Z
2024,261.1827083333333,43.08016,-79.06976,2024-09-17T04:23:06.000000Z
2024,261.18271990740743,43.08016,-79.06974,2024-09-17T04:23:07.000000Z
2024,261.1827314814815,43.08016,-79.06974,2024-09-17T04:23:08.000000Z
2024,261.1827430555556,43.08016,-79.06972,2024-09-17T04:23:09.000000Z
2024,261.18275462962964,43.08016,-79.06971,2024-09-17T04:23:10.000000Z
2024,261.1827662037037,43.08016,-79.0697,2024-09-17T04:23:11.000000Z
2024,261.1827777777778,43.08016,-79.0697,2024-09-17T04:23:12.000000Z
2024,261.18278935185185,43.08017,-79.06969,2024-09-17T04:23:13.000000Z
2024,261.18280092592596,43.08017,-79.06969,2024-09-17T04:23:14.000000Z
2024,261.1828125,43.08017,-79.06968,2024-09-17T04:23:15.000000Z
2024,261.18282407407406,43.08017,-79.06967,2024-09-17T04:23:16.000000Z
2024,261.18283564814817,43.08018,-79.06967,2024-09-17T04:23:17.000000Z
2024,261.1828472222222,43.08018,-79.06966,2024-09-17T04:23:18.000000Z
2024,261.18285879629633,43.08018,-79.06965,2024-09-17T04:23:19.000000Z
2024,261.1828703703704,43.08018,-79.06964,2024-09-17T04:23:20.000000Z
2024,261.18288194444443,43.08018,-79.06964,2024-09-17T04:23:21.000000Z
2024,261.18289351851854,43.08018,-79.06964,2024-09-17T04:23:22.000000Z
2024,261.1931018518519,43.08027,-79.06912,2024-09-17T04:38:04.000000Z
2024,261.19311342592596,43.08029,-79.06912,2024-09-17T04:38:05.000000Z
2024,261.193125,43.08029,-79.06911,2024-09-17T04:38:06.000000Z
2024,261.1931365740741,43.08029,-79.06911,2024-09-17T04:38:07.000000Z
2024,261.19314814814817,43.0803,-79.0691,2024-09-17T04:38:08.000000Z
2024,261.1931597222223,43.0803,-79.0691,2024-09-17T04:38:09.000000Z
2024,261.1931712962963,43.08031,-79.06911,2024-09-17T04:38:10.000000Z
2024,261.1931828703704,43.08031,-79.06911,2024-09-17T04:38:11.000000Z
2024,261.1931944444445,43.08032,-79.06911,2024-09-17T04:38:12.000000Z
2024,261.19320601851854,43.08032,-79.06912,2024-09-17T04:38:13.000000Z
2024,261.19321759259265,43.08032,-79.06912,2024-09-17T04:38:14.000000Z
2024,261.1932291666667,43.08033,-79.06912,2024-09-17T04:38:15.000000Z
2024,261.19324074074075,43.08033,-79.06912,2024-09-17T04:38:16.000000Z
2024,261.19325231481486,43.08033,-79.06912,2024-09-17T04:38:17.000000Z
2024,261.1932638888889,43.08033,-79.06912,2024-09-17T04:38:18.000000Z
2024,261.193275462963,43.08033,-79.06912,2024-09-17T04:38:19.000000Z
2024,261.19328703703707,43.08033,-79.06913,2024-09-17T04:38:20.000000Z
2024,261.1932986111111,43.08033,-79.06913,2024-09-17T04:38:21.000000Z
2024,261.1933101851852,43.08033,-79.06913,2024-09-17T04:38:22.000000Z
2024,261.20351851851854,43.08037,-79.06896,2024-09-17T04:53:04.000000Z
2024,261.2035300925926,43.08037,-79.06896,2024-09-17T04:53:05.000000Z
2024,261.20354166666664,43.08037,-79.06896,2024-09-17T04:53:06.000000Z
2024,261.20355324074075,43.08037,-79.06896,2024-09-17T04:53:07.000000Z
2024,261.2035648148148,43.08037,-79.06896,2024-09-17T04:53:08.000000Z
2024,261.2035763888889,43.08036,-79.06897,2024-09-17T04:53:09.000000Z
2024,261.20358796296296,43.08036,-79.06896,2024-09-17T04:53:10.000000Z
2024,261.203599537037,43.08036,-79.06897,2024-09-17T04:53:11.000000Z
2024,261.2036111111111,43.08036,-79.06897,2024-09-17T04:53:12.000000Z
2024,261.20362268518517,43.08036,-79.06897,2024-09-17T04:53:13.000000Z
2024,261.2036342592593,43.08036,-79.06897,2024-09-17T04:53:14.000000Z
2024,261.2036458333333,43.08036,-79.06897,2024-09-17T04:53:15.000000Z
2024,261.2036574074074,43.08035,-79.06897,2024-09-17T04:53:16.000000Z
2024,261.2036689814815,43.08035,-79.06898,2024-09-17T04:53:17.000000Z
2024,261.20368055555554,43.08035,-79.06898,2024-09-17T04:53:18.000000Z
2024,261.20369212962964,43.08035,-79.06898,2024-09-17T04:53:19.000000Z
2024,261.2037037037037,43.08035,-79.06898,2024-09-17T04:53:20.000000Z
2024,261.20371527777775,43.08035,-79.06898,2024-09-17T04:53:21.000000Z
2024,261.20372685185185,43.08035,-79.06899,2024-09-17T04:53:22.000000Z
2024,261.21393518518516,43.08027,-79.06903,2024-09-17T05:08:04.000000Z
2024,261.2139467592592,43.08027,-79.06903,2024-09-17T05:08:05.000000Z
2024,261.2139699074074,43.08026,-79.06903,2024-09-17T05:08:07.000000Z
2024,261.2139814814814,43.08026,-79.06903,2024-09-17T05:08:08.000000Z
2024,261.21399305555553,43.08026,-79.06903,2024-09-17T05:08:09.000000Z
2024,261.2140046296296,43.08026,-79.06903,2024-09-17T05:08:10.000000Z
2024,261.2140856481481,43.08027,-79.06906,2024-09-17T05:08:17.000000Z
2024,261.21409722222216,43.08027,-79.06906,2024-09-17T05:08:18.000000Z
2024,261.2141087962963,43.08028,-79.06906,2024-09-17T05:08:19.000000Z
2024,261.2141203703703,43.08028,-79.06906,2024-09-17T05:08:20.000000Z
2024,261.2141319444444,43.08028,-79.06906,2024-09-17T05:08:21.000000Z
2024,261.2141435185185,43.08029,-79.06906,2024-09-17T05:08:22.000000Z
2024,261.21415509259253,43.08029,-79.06906,2024-09-17T05:08:23.000000Z
2024,261.21416666666664,43.08029,-79.06906,2024-09-17T05:08:24.000000Z
2024,261.2141782407407,43.0803,-79.06906,2024-09-17T05:08:25.000000Z
2024,261.21418981481474,43.08031,-79.06906,2024-09-17T05:08:26.000000Z
2024,261.21420138888885,43.08031,-79.06906,2024-09-17T05:08:27.000000Z
2024,261.2142129629629,43.08031,-79.06906,2024-09-17T05:08:28.000000Z
2024,261.214224537037,43.08031,-79.06906,2024-09-17T05:08:29.000000Z
2024,261.22435185185185,43.08034,-79.06905,2024-09-17T05:23:04.000000Z
2024,261.2243634259259,43.08034,-79.06905,2024-09-17T05:23:05.000000Z
2024,261.22437499999995,43.08033,-79.06906,2024-09-17T05:23:06.000000Z
2024,261.22438657407406,43.08033,-79.06906,2024-09-17T05:23:07.000000Z
2024,261.2243981481481,43.08033,-79.06906,2024-09-17T05:23:08.000000Z
2024,261.2244097222222,43.08034,-79.06906,2024-09-17T05:23:09.000000Z
2024,261.22442129629627,43.08034,-79.06906,2024-09-17T05:23:10.000000Z
2024,261.2244328703703,43.08034,-79.06907,2024-09-17T05:23:11.000000Z
2024,261.22444444444443,43.08034,-79.06908,2024-09-17T05:23:12.000000Z
2024,261.2244560185185,43.08034,-79.06908,2024-09-17T05:23:13.000000Z
2024,261.2244675925926,43.08034,-79.06908,2024-09-17T05:23:14.000000Z
2024,261.22447916666664,43.08034,-79.06908,2024-09-17T05:23:15.000000Z
2024,261.2244907407407,43.08034,-79.06908,2024-09-17T05:23:16.000000Z
2024,261.2245023148148,43.08034,-79.06908,2024-09-17T05:23:17.000000Z
2024,261.22451388888885,43.08034,-79.06908,2024-09-17T05:23:18.000000Z
2024,261.22452546296296,43.08034,-79.06908,2024-09-17T05:23:19.000000Z
2024,261.224537037037,43.08034,-79.06908,2024-09-17T05:23:20.000000Z
2024,261.22454861111106,43.08035,-79.06908,2024-09-17T05:23:21.000000Z
2024,261.22456018518517,43.08035,-79.06908,2024-09-17T05:23:22.000000Z
2024,261.23476851851854,43.08033,-79.06907,2024-09-17T05:38:04.000000Z
2024,261.2347800925926,43.08033,-79.06907,2024-09-17T05:38:05.000000Z
2024,261.23479166666664,43.08033,-79.06908,2024-09-17T05:38:06.000000Z
2024,261.23480324074075,43.08032,-79.06908,2024-09-17T05:38:07.000000Z
2024,261.2348148148148,43.08032,-79.06909,2024-09-17T05:38:08.000000Z
2024,261.2348263888889,43.08032,-79.06909,2024-09-17T05:38:09.000000Z
2024,261.23483796296296,43.08031,-79.06909,2024-09-17T05:38:10.000000Z
2024,261.234849537037,43.08031,-79.06909,2024-09-17T05:38:11.000000Z
2024,261.2348611111111,43.08032,-79.06909,2024-09-17T05:38:12.000000Z
2024,261.23487268518517,43.08032,-79.06909,2024-09-17T05:38:13.000000Z
2024,261.2348842592593,43.08032,-79.06908,2024-09-17T05:38:14.000000Z
2024,261.2348958333333,43.08032,-79.06908,2024-09-17T05:38:15.000000Z
2024,261.2349074074074,43.08032,-79.06908,2024-09-17T05:38:16.000000Z
2024,261.2349189814815,43.08032,-79.06907,2024-09-17T05:38:17.000000Z
2024,261.23493055555554,43.08032,-79.06907,2024-09-17T05:38:18.000000Z
2024,261.23494212962964,43.08033,-79.06907,2024-09-17T05:38:19.000000Z
2024,261.2349537037037,43.08033,-79.06906,2024-09-17T05:38:20.000000Z
2024,261.23496527777775,43.08033,-79.06907,2024-09-17T05:38:21.000000Z
2024,261.23497685185185,43.08033,-79.06908,2024-09-17T05:38:22.000000Z
2024,261.24518518518516,43.08031,-79.06917,2024-09-17T05:53:04.000000Z
2024,261.2451967592592,43.08031,-79.06916,2024-09-17T05:53:05.000000Z
2024,261.24520833333327,43.08031,-79.06915,2024-09-17T05:53:06.000000Z
2024,261.2452199074074,43.08031,-79.06914,2024-09-17T05:53:07.000000Z
2024,261.2452314814814,43.08031,-79.06913,2024-09-17T05:53:08.000000Z
2024,261.24524305555553,43.08031,-79.06912,2024-09-17T05:53:09.000000Z
2024,261.2452546296296,43.08031,-79.06912,2024-09-17T05:53:10.000000Z
2024,261.24526620370364,43.08031,-79.06912,2024-09-17T05:53:11.000000Z
2024,261.24527777777774,43.08031,-79.06912,2024-09-17T05:53:12.000000Z
2024,261.2452893518518,43.08032,-79.06912,2024-09-17T05:53:13.000000Z
2024,261.2453009259259,43.08032,-79.06912,2024-09-17T05:53:14.000000Z
2024,261.24531249999995,43.08032,-79.06912,2024-09-17T05:53:15.000000Z
2024,261.245324074074,43.08033,-79.06912,2024-09-17T05:53:16.000000Z
2024,261.2453356481481,43.08033,-79.06912,2024-09-17T05:53:17.000000Z
2024,261.24534722222216,43.08034,-79.06912,2024-09-17T05:53:18.000000Z
2024,261.2453587962963,43.08034,-79.06912,2024-09-17T05:53:19.000000Z
2024,261.2453703703703,43.08035,-79.06912,2024-09-17T05:53:20.000000Z
2024,261.2453819444444,43.08035,-79.06912,2024-09-17T05:53:21.000000Z
2024,261.2453935185185,43.08036,-79.06912,2024-09-17T05:53:22.000000Z
2024,261.25560185185185,43.08041,-79.06906,2024-09-17T06:08:04.000000Z
2024,261.2556134259259,43.08042,-79.06906,2024-09-17T06:08:05.000000Z
2024,261.25562499999995,43.08042,-79.06906,2024-09-17T06:08:06.000000Z
2024,261.25563657407406,43.08042,-79.06906,2024-09-17T06:08:07.000000Z
2024,261.2556481481481,43.08042,-79.06905,2024-09-17T06:08:08.000000Z
2024,261.2556597222222,43.08042,-79.06905,2024-09-17T06:08:09.000000Z
2024,261.25567129629627,43.08042,-79.06905,2024-09-17T06:08:10.000000Z
2024,261.2556828703703,43.08042,-79.06905,2024-09-17T06:08:11.000000Z
2024,261.25569444444443,43.08042,-79.06905,2024-09-17T06:08:12.000000Z
2024,261.2557060185185,43.08042,-79.06905,2024-09-17T06:08:13.000000Z
2024,261.2557175925926,43.08041,-79.06905,2024-09-17T06:08:14.000000Z
2024,261.25572916666664,43.08041,-79.06905,2024-09-17T06:08:15.000000Z
2024,261.2557407407407,43.08041,-79.06905,2024-09-17T06:08:16.000000Z
2024,261.2557523148148,43.08041,-79.06905,2024-09-17T06:08:17.000000Z
2024,261.25576388888885,43.08041,-79.06904,2024-09-17T06:08:18.000000Z
2024,261.25577546296296,43.08041,-79.06904,2024-09-17T06:08:19.000000Z
2024,261.255787037037,43.0804,-79.06904,2024-09-17T06:08:20.000000Z
2024,261.25579861111106,43.0804,-79.06903,2024-09-17T06:08:21.000000Z
2024,261.25581018518517,43.0804,-79.06903,2024-09-17T06:08:22.000000Z
2024,261.26601851851854,43.08036,-79.06911,2024-09-17T06:23:04.000000Z
2024,261.2660300925926,43.08036,-79.06912,2024-09-17T06:23:05.000000Z
2024,261.26605324074075,43.08036,-79.06912,2024-09-17T06:23:07.000000Z
2024,261.2660648148148,43.08036,-79.06913,2024-09-17T06:23:08.000000Z
2024,261.2660763888889,43.08035,-79.06913,2024-09-17T06:23:09.000000Z
2024,261.26608796296296,43.08035,-79.06912,2024-09-17T06:23:10.000000Z
2024,261.266099537037,43.08035,-79.06912,2024-09-17T06:23:11.000000Z
2024,261.2661111111111,43.08035,-79.06912,2024-09-17T06:23:12.000000Z
2024,261.26612268518517,43.08035,-79.06912,2024-09-17T06:23:13.000000Z
2024,261.2661342592593,43.08035,-79.06912,2024-09-17T06:23:14.000000Z
2024,261.2661458333333,43.08035,-79.06912,2024-09-17T06:23:15.000000Z
2024,261.2661574074074,43.08035,-79.06912,2024-09-17T06:23:16.000000Z
2024,261.2661689814815,43.08035,-79.06912,2024-09-17T06:23:17.000000Z
2024,261.26618055555554,43.08034,-79.06912,2024-09-17T06:23:18.000000Z
2024,261.26619212962964,43.08034,-79.06912,2024-09-17T06:23:19.000000Z
2024,261.2662037037037,43.08034,-79.06912,2024-09-17T06:23:20.000000Z
2024,261.26621527777775,43.08034,-79.06912,2024-09-17T06:23:21.000000Z
2024,261.26622685185185,43.08034,-79.06912,2024-09-17T06:23:22.000000Z
2024,261.2764351851852,43.08037,-79.06892,2024-09-17T06:38:04.000000Z
2024,261.2764467592593,43.08037,-79.06893,2024-09-17T06:38:05.000000Z
2024,261.2764583333333,43.08036,-79.06892,2024-09-17T06:38:06.000000Z
2024,261.27646990740743,43.08035,-79.06892,2024-09-17T06:38:07.000000Z
2024,261.2764814814815,43.08035,-79.06893,2024-09-17T06:38:08.000000Z
2024,261.2764930555556,43.08034,-79.06893,2024-09-17T06:38:09.000000Z
2024,261.27650462962964,43.08034,-79.06893,2024-09-17T06:38:10.000000Z
2024,261.2765162037037,43.08033,-79.06893,2024-09-17T06:38:11.000000Z
2024,261.2765277777778,43.08033,-79.06893,2024-09-17T06:38:12.000000Z
2024,261.27653935185185,43.08032,-79.06893,2024-09-17T06:38:13.000000Z
2024,261.27655092592596,43.08032,-79.06894,2024-09-17T06:38:14.000000Z
2024,261.2765625,43.08032,-79.06894,2024-09-17T06:38:15.000000Z
2024,261.27657407407406,43.08032,-79.06895,2024-09-17T06:38:16.000000Z
2024,261.27658564814817,43.08032,-79.06895,2024-09-17T06:38:17.000000Z
2024,261.2765972222222,43.08032,-79.06896,2024-09-17T06:38:18.000000Z
2024,261.27660879629633,43.08033,-79.06896,2024-09-17T06:38:19.000000Z
2024,261.2766203703704,43.08033,-79.06896,2024-09-17T06:38:20.000000Z
2024,261.27663194444443,43.08033,-79.06896,2024-09-17T06:38:21.000000Z
2024,261.27664351851854,43.08033,-79.06896,2024-09-17T06:38:22.000000Z
2024,261.28685185185185,43.08031,-79.06899,2024-09-17T06:53:04.000000Z
2024,261.2868634259259,43.08031,-79.06899,2024-09-17T06:53:05.000000Z
2024,261.28687499999995,43.08031,-79.069,2024-09-17T06:53:06.000000Z
2024,261.28688657407406,43.08031,-79.069,2024-09-17T06:53:07.000000Z
2024,261.2868981481481,43.08031,-79.069,2024-09-17T06:53:08.000000Z
2024,261.2869097222222,43.08031,-79.069,2024-09-17T06:53:09.000000Z
2024,261.28692129629627,43.08031,-79.069,2024-09-17T06:53:10.000000Z
2024,261.2869328703703,43.08031,-79.069,2024-09-17T06:53:11.000000Z
2024,261.28694444444443,43.08031,-79.069,2024-09-17T06:53:12.000000Z
2024,261.2869560185185,43.08031,-79.069,2024-09-17T06:53:13.000000Z
2024,261.2869907407407,43.08031,-79.069,2024-09-17T06:53:16.000000Z
2024,261.2870023148148,43.08031,-79.069,2024-09-17T06:53:17.000000Z
2024,261.28702546296296,43.08031,-79.069,2024-09-17T06:53:19.000000Z
2024,261.287037037037,43.08031,-79.069,2024-09-17T06:53:20.000000Z
2024,261.28704861111106,43.08031,-79.069,2024-09-17T06:53:21.000000Z
2024,261.28706018518517,43.08031,-79.06899,2024-09-17T06:53:22.000000Z
2024,261.2870717592592,43.08031,-79.06899,2024-09-17T06:53:23.000000Z
2024,261.2870833333333,43.08031,-79.06899,2024-09-17T06:53:24.000000Z
2024,261.29726851851854,43.08035,-79.06915,2024-09-17T07:08:04.000000Z
2024,261.2972800925926,43.08035,-79.06915,2024-09-17T07:08:05.000000Z
2024,261.29729166666664,43.08036,-79.06916,2024-09-17T07:08:06.000000Z
2024,261.29730324074075,43.08037,-79.06916,2024-09-17T07:08:07.000000Z
2024,261.2973148148148,43.08037,-79.06916,2024-09-17T07:08:08.000000Z
2024,261.2973263888889,43.08037,-79.06915,2024-09-17T07:08:09.000000Z
2024,261.29733796296296,43.08037,-79.06914,2024-09-17T07:08:10.000000Z
2024,261.297349537037,43.08037,-79.06913,2024-09-17T07:08:11.000000Z
2024,261.2973611111111,43.08037,-79.06912,2024-09-17T07:08:12.000000Z
2024,261.29737268518517,43.08037,-79.06912,2024-09-17T07:08:13.000000Z
2024,261.2973842592593,43.08037,-79.06911,2024-09-17T07:08:14.000000Z
2024,261.2973958333333,43.08037,-79.06911,2024-09-17T07:08:15.000000Z
2024,261.2974074074074,43.08037,-79.06909,2024-09-17T07:08:16.000000Z
2024,261.2974189814815,43.08037,-79.06909,2024-09-17T07:08:17.000000Z
2024,261.29743055555554,43.08037,-79.06909,2024-09-17T07:08:18.000000Z
2024,261.29744212962964,43.08036,-79.06908,2024-09-17T07:08:19.000000Z
2024,261.2974537037037,43.08036,-79.06908,2024-09-17T07:08:20.000000Z
2024,261.29746527777775,43.08036,-79.06908,2024-09-17T07:08:21.000000Z
2024,261.29747685185185,43.08036,-79.06908,2024-09-17T07:08:22.000000Z
2024,261.3076851851852,43.08031,-79.06919,2024-09-17T07:23:04.000000Z
2024,261.3076967592593,43.08031,-79.06919,2024-09-17T07:23:05.000000Z
2024,261.3077083333333,43.08031,-79.06918,2024-09-17T07:23:06.000000Z
2024,261.30771990740743,43.08031,-79.06918,2024-09-17T07:23:07.000000Z
2024,261.3077314814815,43.08031,-79.06916,2024-09-17T07:23:08.000000Z
2024,261.3077430555556,43.08032,-79.06916,2024-09-17T07:23:09.000000Z
2024,261.30775462962964,43.08032,-79.06918,2024-09-17T07:23:10.000000Z
2024,261.3077662037037,43.08032,-79.0692,2024-09-17T07:23:11.000000Z
2024,261.3077777777778,43.08032,-79.06919,2024-09-17T07:23:12.000000Z
2024,261.30778935185185,43.08032,-79.06919,2024-09-17T07:23:13.000000Z
2024,261.30780092592596,43.08032,-79.06919,2024-09-17T07:23:14.000000Z
2024,261.3078125,43.08032,-79.06918,2024-09-17T07:23:15.000000Z
2024,261.30782407407406,43.08032,-79.06917,2024-09-17T07:23:16.000000Z
2024,261.30783564814817,43.08032,-79.06917,2024-09-17T07:23:17.000000Z
2024,261.3078472222222,43.08032,-79.06917,2024-09-17T07:23:18.000000Z
2024,261.30785879629633,43.08032,-79.06917,2024-09-17T07:23:19.000000Z
2024,261.3078703703704,43.08032,-79.06917,2024-09-17T07:23:20.000000Z
2024,261.30788194444443,43.08032,-79.06917,2024-09-17T07:23:21.000000Z
2024,261.30789351851854,43.08032,-79.06917,2024-09-17T07:23:22.000000Z
2024,261.3181018518519,43.08038,-79.06923,2024-09-17T07:38:04.000000Z
2024,261.31811342592596,43.08039,-79.06922,2024-09-17T07:38:05.000000Z
2024,261.318125,43.08039,-79.06923,2024-09-17T07:38:06.000000Z
2024,261.3181365740741,43.08039,-79.06921,2024-09-17T07:38:07.000000Z
2024,261.31814814814817,43.0804,-79.06919,2024-09-17T07:38:08.000000Z
2024,261.3181597222223,43.0804,-79.06918,2024-09-17T07:38:09.000000Z
2024,261.3181712962963,43.0804,-79.06916,2024-09-17T07:38:10.000000Z
2024,261.3181828703704,43.08041,-79.06917,2024-09-17T07:38:11.000000Z
2024,261.3181944444445,43.08041,-79.06917,2024-09-17T07:38:12.000000Z
2024,261.31820601851854,43.0804,-79.06916,2024-09-17T07:38:13.000000Z
2024,261.31821759259265,43.0804,-79.06916,2024-09-17T07:38:14.000000Z
2024,261.3182291666667,43.08041,-79.06914,2024-09-17T07:38:15.000000Z
2024,261.31824074074075,43.08041,-79.06913,2024-09-17T07:38:16.000000Z
2024,261.31825231481486,43.08041,-79.06913,2024-09-17T07:38:17.000000Z
2024,261.3182638888889,43.08041,-79.06912,2024-09-17T07:38:18.000000Z
2024,261.318275462963,43.08041,-79.06912,2024-09-17T07:38:19.000000Z
2024,261.31828703703707,43.08041,-79.06911,2024-09-17T07:38:20.000000Z
2024,261.3182986111111,43.0804,-79.06911,2024-09-17T07:38:21.000000Z
2024,261.3183101851852,43.0804,-79.06911,2024-09-17T07:38:22.000000Z
2024,261.32851851851854,43.08049,-79.06832,2024-09-17T07:53:04.000000Z
2024,261.3285300925926,43.08049,-79.06832,2024-09-17T07:53:05.000000Z
2024,261.32854166666664,43.08049,-79.06831,2024-09-17T07:53:06.000000Z
2024,261.32855324074075,43.08049,-79.0683,2024-09-17T07:53:07.000000Z
2024,261.3285648148148,43.0805,-79.06829,2024-09-17T07:53:08.000000Z
2024,261.3285763888889,43.0805,-79.06829,2024-09-17T07:53:09.000000Z
2024,261.32858796296296,43.0805,-79.06829,2024-09-17T07:53:10.000000Z
2024,261.328599537037,43.0805,-79.06829,2024-09-17T07:53:11.000000Z
2024,261.3286111111111,43.0805,-79.06829,2024-09-17T07:53:12.000000Z
2024,261.32862268518517,43.0805,-79.06828,2024-09-17T07:53:13.000000Z
2024,261.3286342592593,43.0805,-79.06827,2024-09-17T07:53:14.000000Z
2024,261.3286458333333,43.0805,-79.06827,2024-09-17T07:53:15.000000Z
2024,261.3286574074074,43.0805,-79.06827,2024-09-17T07:53:16.000000Z
2024,261.3286689814815,43.08051,-79.06826,2024-09-17T07:53:17.000000Z
2024,261.32868055555554,43.08051,-79.06826,2024-09-17T07:53:18.000000Z
2024,261.32869212962964,43.08052,-79.06826,2024-09-17T07:53:19.000000Z
2024,261.3287037037037,43.08052,-79.06825,2024-09-17T07:53:20.000000Z
2024,261.32871527777775,43.08052,-79.06825,2024-09-17T07:53:21.000000Z
2024,261.32872685185185,43.08052,-79.06825,2024-09-17T07:53:22.000000Z
2024,261.33893518518516,43.08025,-79.06866,2024-09-17T08:08:04.000000Z
2024,261.3389467592592,43.08025,-79.06866,2024-09-17T08:08:05.000000Z
2024,261.33895833333327,43.08024,-79.06866,2024-09-17T08:08:06.000000Z
2024,261.3389699074074,43.08025,-79.06866,2024-09-17T08:08:07.000000Z
2024,261.3389814814814,43.08026,-79.06866,2024-09-17T08:08:08.000000Z
2024,261.33899305555553,43.08027,-79.06866,2024-09-17T08:08:09.000000Z
2024,261.3390046296296,43.08032,-79.06864,2024-09-17T08:08:10.000000Z
2024,261.33901620370364,43.08036,-79.06863,2024-09-17T08:08:11.000000Z
2024,261.33902777777774,43.08037,-79.06862,2024-09-17T08:08:12.000000Z
2024,261.3390393518518,43.08038,-79.06861,2024-09-17T08:08:13.000000Z
2024,261.3390509259259,43.08039,-79.06861,2024-09-17T08:08:14.000000Z
2024,261.33906249999995,43.0804,-79.06861,2024-09-17T08:08:15.000000Z
2024,261.339074074074,43.0804,-79.06861,2024-09-17T08:08:16.000000Z
2024,261.3390856481481,43.08041,-79.06861,2024-09-17T08:08:17.000000Z
2024,261.33909722222216,43.08041,-79.06861,2024-09-17T08:08:18.000000Z
2024,261.3391087962963,43.0804,-79.06861,2024-09-17T08:08:19.000000Z
2024,261.3391203703703,43.0804,-79.06861,2024-09-17T08:08:20.000000Z
2024,261.3391319444444,43.0804,-79.06861,2024-09-17T08:08:21.000000Z
2024,261.3391435185185,43.0804,-79.06861,2024-09-17T08:08:22.000000Z
2024,261.34934027777774,43.08041,-79.0687,2024-09-17T08:23:03.000000Z
2024,261.34935185185185,43.0804,-79.06871,2024-09-17T08:23:04.000000Z
2024,261.3493634259259,43.08039,-79.06871,2024-09-17T08:23:05.000000Z
2024,261.34937499999995,43.08039,-79.06871,2024-09-17T08:23:06.000000Z
2024,261.34938657407406,43.08038,-79.06871,2024-09-17T08:23:07.000000Z
2024,261.3493981481481,43.08037,-79.06871,2024-09-17T08:23:08.000000Z
2024,261.3494097222222,43.08037,-79.06871,2024-09-17T08:23:09.000000Z
2024,261.34942129629627,43.08036,-79.06871,2024-09-17T08:23:10.000000Z
2024,261.3494328703703,43.08035,-79.06871,2024-09-17T08:23:11.000000Z
2024,261.34944444444443,43.08034,-79.06872,2024-09-17T08:23:12.000000Z
2024,261.3494560185185,43.08034,-79.06873,2024-09-17T08:23:13.000000Z
2024,261.3494675925926,43.08033,-79.06873,2024-09-17T08:23:14.000000Z
2024,261.34947916666664,43.08033,-79.06874,2024-09-17T08:23:15.000000Z
2024,261.3494907407407,43.08032,-79.06874,2024-09-17T08:23:16.000000Z
2024,261.3495023148148,43.08032,-79.06874,2024-09-17T08:23:17.000000Z
2024,261.34951388888885,43.08032,-79.06874,2024-09-17T08:23:18.000000Z
2024,261.34952546296296,43.08032,-79.06874,2024-09-17T08:23:19.000000Z
2024,261.349537037037,43.08032,-79.06874,2024-09-17T08:23:20.000000Z
2024,261.34954861111106,43.08031,-79.06874,2024-09-17T08:23:21.000000Z
2024,261.34956018518517,43.08031,-79.06874,2024-09-17T08:23:22.000000Z
2024,261.3597569444444,43.08038,-79.0688,2024-09-17T08:38:03.000000Z
2024,261.35976851851854,43.08037,-79.0688,2024-09-17T08:38:04.000000Z
2024,261.3597800925926,43.08037,-79.06881,2024-09-17T08:38:05.000000Z
2024,261.35979166666664,43.08037,-79.06882,2024-09-17T08:38:06.000000Z
2024,261.35980324074075,43.08036,-79.06883,2024-09-17T08:38:07.000000Z
2024,261.3598148148148,43.08036,-79.06883,2024-09-17T08:38:08.000000Z
2024,261.3598263888889,43.08036,-79.06883,2024-09-17T08:38:09.000000Z
2024,261.35983796296296,43.08036,-79.06883,2024-09-17T08:38:10.000000Z
2024,261.359849537037,43.08036,-79.06883,2024-09-17T08:38:11.000000Z
2024,261.3598611111111,43.08036,-79.06884,2024-09-17T08:38:12.000000Z
2024,261.35987268518517,43.08035,-79.06884,2024-09-17T08:38:13.000000Z
2024,261.3598842592593,43.08034,-79.06884,2024-09-17T08:38:14.000000Z
2024,261.3598958333333,43.08034,-79.06884,2024-09-17T08:38:15.000000Z
2024,261.3599074074074,43.08034,-79.06884,2024-09-17T08:38:16.000000Z
2024,261.3599189814815,43.08033,-79.06884,2024-09-17T08:38:17.000000Z
2024,261.35993055555554,43.08033,-79.06883,2024-09-17T08:38:18.000000Z
2024,261.35994212962964,43.08033,-79.06883,2024-09-17T08:38:19.000000Z
2024,261.3599537037037,43.08032,-79.06883,2024-09-17T08:38:20.000000Z
2024,261.35996527777775,43.08032,-79.06883,2024-09-17T08:38:21.000000Z
2024,261.35997685185185,43.08032,-79.06882,2024-09-17T08:38:22.000000Z
2024,261.3701967592592,43.08013,-79.06893,2024-09-17T08:53:05.000000Z
2024,261.37020833333327,43.08016,-79.06892,2024-09-17T08:53:06.000000Z
2024,261.3702199074074,43.08017,-79.0689,2024-09-17T08:53:07.000000Z
2024,261.3702314814814,43.08019,-79.06888,2024-09-17T08:53:08.000000Z
2024,261.37024305555553,43.0802,-79.06887,2024-09-17T08:53:09.000000Z
2024,261.3702546296296,43.08028,-79.06889,2024-09-17T08:53:10.000000Z
2024,261.37026620370364,43.08031,-79.0689,2024-09-17T08:53:11.000000Z
2024,261.37027777777774,43.08033,-79.0689,2024-09-17T08:53:12.000000Z
2024,261.3702893518518,43.08035,-79.0689,2024-09-17T08:53:13.000000Z
2024,261.3703009259259,43.08037,-79.0689,2024-09-17T08:53:14.000000Z
2024,261.37031249999995,43.08038,-79.06891,2024-09-17T08:53:15.000000Z
2024,261.370324074074,43.08039,-79.06891,2024-09-17T08:53:16.000000Z
2024,261.3703356481481,43.0804,-79.06891,2024-09-17T08:53:17.000000Z
2024,261.37034722222216,43.08042,-79.06892,2024-09-17T08:53:18.000000Z
2024,261.3703587962963,43.08042,-79.06892,2024-09-17T08:53:19.000000Z
2024,261.3703703703703,43.08043,-79.06892,2024-09-17T08:53:20.000000Z
2024,261.3703819444444,43.08044,-79.06891,2024-09-17T08:53:21.000000Z
2024,261.3703935185185,43.08044,-79.06891,2024-09-17T08:53:22.000000Z
2024,261.37040509259253,43.08044,-79.06891,2024-09-17T08:53:23.000000Z
2024,261.38059027777774,43.08024,-79.06909,2024-09-17T09:08:03.000000Z
2024,261.38060185185185,43.08026,-79.06909,2024-09-17T09:08:04.000000Z
2024,261.3806134259259,43.08026,-79.06909,2024-09-17T09:08:05.000000Z
2024,261.38062499999995,43.08026,-79.06909,2024-09-17T09:08:06.000000Z
2024,261.38063657407406,43.08026,-79.06909,2024-09-17T09:08:07.000000Z
2024,261.3806481481481,43.08027,-79.0691,2024-09-17T09:08:08.000000Z
2024,261.3806597222222,43.08027,-79.06911,2024-09-17T09:08:09.000000Z
2024,261.38067129629627,43.08027,-79.06912,2024-09-17T09:08:10.000000Z
2024,261.3806828703703,43.08027,-79.06912,2024-09-17T09:08:11.000000Z
2024,261.38069444444443,43.08027,-79.06912,2024-09-17T09:08:12.000000Z
2024,261.3807060185185,43.08027,-79.06913,2024-09-17T09:08:13.000000Z
2024,261.3807175925926,43.08027,-79.06913,2024-09-17T09:08:14.000000Z
2024,261.38072916666664,43.08026,-79.06913,2024-09-17T09:08:15.000000Z
2024,261.3807407407407,43.08026,-79.06913,2024-09-17T09:08:16.000000Z
2024,261.3807523148148,43.08026,-79.06913,2024-09-17T09:08:17.000000Z
2024,261.38076388888885,43.08026,-79.06912,2024-09-17T09:08:18.000000Z
2024,261.38077546296296,43.08026,-79.06912,2024-09-17T09:08:19.000000Z
2024,261.380787037037,43.08026,-79.06912,2024-09-17T09:08:20.000000Z
2024,261.38079861111106,43.08026,-79.06912,2024-09-17T09:08:21.000000Z
2024,261.38081018518517,43.08026,-79.06912,2024-09-17T09:08:22.000000Z
2024,261.3910069444444,43.08013,-79.06909,2024-09-17T09:23:03.000000Z
2024,261.39101851851854,43.08014,-79.06909,2024-09-17T09:23:04.000000Z
2024,261.3910300925926,43.08014,-79.06909,2024-09-17T09:23:05.000000Z
2024,261.39104166666664,43.08014,-79.06909,2024-09-17T09:23:06.000000Z
2024,261.39105324074075,43.08014,-79.06909,2024-09-17T09:23:07.000000Z
2024,261.3910648148148,43.08015,-79.06911,2024-09-17T09:23:08.000000Z
2024,261.3910763888889,43.08015,-79.06911,2024-09-17T09:23:09.000000Z
2024,261.39108796296296,43.08016,-79.06911,2024-09-17T09:23:10.000000Z
2024,261.391099537037,43.08016,-79.06911,2024-09-17T09:23:11.000000Z
2024,261.3911111111111,43.08016,-79.06911,2024-09-17T09:23:12.000000Z
2024,261.39112268518517,43.08016,-79.06911,2024-09-17T09:23:13.000000Z
2024,261.3911342592593,43.08017,-79.06911,2024-09-17T09:23:14.000000Z
2024,261.3911458333333,43.08017,-79.06911,2024-09-17T09:23:15.000000Z
2024,261.3911574074074,43.08017,-79.0691,2024-09-17T09:23:16.000000Z
2024,261.3911689814815,43.08017,-79.0691,2024-09-17T09:23:17.000000Z
2024,261.39118055555554,43.08017,-79.0691,2024-09-17T09:23:18.000000Z
2024,261.39119212962964,43.08018,-79.0691,2024-09-17T09:23:19.000000Z
2024,261.3912037037037,43.08018,-79.0691,2024-09-17T09:23:20.000000Z
2024,261.39121527777775,43.08018,-79.0691,2024-09-17T09:23:21.000000Z
2024,261.39122685185185,43.0802,-79.06909,2024-09-17T09:23:22.000000Z
2024,261.4014236111111,43.08,-79.06863,2024-09-17T09:38:03.000000Z
2024,261.4014351851852,43.08005,-79.06895,2024-09-17T09:38:04.000000Z
2024,261.4014467592593,43.08008,-79.06912,2024-09-17T09:38:05.000000Z
2024,261.4014583333333,43.08008,-79.06916,2024-09-17T09:38:06.000000Z
2024,261.40146990740743,43.08008,-79.06917,2024-09-17T09:38:07.000000Z
2024,261.4014814814815,43.08008,-79.06918,2024-09-17T09:38:08.000000Z
2024,261.4014930555556,43.08008,-79.06919,2024-09-17T09:38:09.000000Z
2024,261.40150462962964,43.08008,-79.06919,2024-09-17T09:38:10.000000Z
2024,261.4015162037037,43.08008,-79.0692,2024-09-17T09:38:11.000000Z
2024,261.4015277777778,43.08008,-79.0692,2024-09-17T09:38:12.000000Z
2024,261.40153935185185,43.08008,-79.0692,2024-09-17T09:38:13.000000Z
2024,261.40155092592596,43.08008,-79.0692,2024-09-17T09:38:14.000000Z
2024,261.4015625,43.08008,-79.06919,2024-09-17T09:38:15.000000Z
2024,261.40157407407406,43.08009,-79.06919,2024-09-17T09:38:16.000000Z
2024,261.40158564814817,43.08009,-79.06919,2024-09-17T09:38:17.000000Z
2024,261.4015972222222,43.08009,-79.06919,2024-09-17T09:38:18.000000Z
2024,261.40160879629633,43.0801,-79.06919,2024-09-17T09:38:19.000000Z
2024,261.4016203703704,43.0801,-79.06918,2024-09-17T09:38:20.000000Z
2024,261.40163194444443,43.08011,-79.06918,2024-09-17T09:38:21.000000Z
2024,261.40164351851854,43.08012,-79.06917,2024-09-17T09:38:22.000000Z
2024,261.41184027777774,43.08024,-79.06929,2024-09-17T09:53:03.000000Z
2024,261.41185185185185,43.08024,-79.06926,2024-09-17T09:53:04.000000Z
2024,261.4118634259259,43.0802,-79.06923,2024-09-17T09:53:05.000000Z
2024,261.41187499999995,43.0802,-79.06923,2024-09-17T09:53:06.000000Z
2024,261.41188657407406,43.08019,-79.06922,2024-09-17T09:53:07.000000Z
2024,261.4118981481481,43.08018,-79.06922,2024-09-17T09:53:08.000000Z
2024,261.4119097222222,43.08018,-79.06924,2024-09-17T09:53:09.000000Z
2024,261.41192129629627,43.08015,-79.06915,2024-09-17T09:53:10.000000Z
2024,261.4119328703703,43.08014,-79.06912,2024-09-17T09:53:11.000000Z
2024,261.41194444444443,43.08013,-79.06912,2024-09-17T09:53:12.000000Z
2024,261.4119560185185,43.08013,-79.06911,2024-09-17T09:53:13.000000Z
2024,261.4119675925926,43.08014,-79.06909,2024-09-17T09:53:14.000000Z
2024,261.41197916666664,43.08014,-79.06909,2024-09-17T09:53:15.000000Z
2024,261.4119907407407,43.08014,-79.06909,2024-09-17T09:53:16.000000Z
2024,261.4120023148148,43.08014,-79.06908,2024-09-17T09:53:17.000000Z
2024,261.41201388888885,43.08014,-79.06908,2024-09-17T09:53:18.000000Z
2024,261.41202546296296,43.08014,-79.06907,2024-09-17T09:53:19.000000Z
2024,261.412037037037,43.08014,-79.06907,2024-09-17T09:53:20.000000Z
2024,261.41204861111106,43.08014,-79.06907,2024-09-17T09:53:21.000000Z
2024,261.41206018518517,43.08013,-79.06909,2024-09-17T09:53:22.000000Z
2024,261.4222569444444,43.08018,-79.06919,2024-09-17T10:08:03.000000Z
2024,261.42226851851854,43.08018,-79.06919,2024-09-17T10:08:04.000000Z
2024,261.4222800925926,43.08018,-79.06919,2024-09-17T10:08:05.000000Z
2024,261.42229166666664,43.08018,-79.06918,2024-09-17T10:08:06.000000Z
2024,261.42230324074075,43.08018,-79.06918,2024-09-17T10:08:07.000000Z
2024,261.4223148148148,43.08018,-79.06917,2024-09-17T10:08:08.000000Z
2024,261.4223263888889,43.08018,-79.06917,2024-09-17T10:08:09.000000Z
2024,261.42233796296296,43.08018,-79.06917,2024-09-17T10:08:10.000000Z
2024,261.422349537037,43.08018,-79.06917,2024-09-17T10:08:11.000000Z
2024,261.4223611111111,43.08018,-79.06917,2024-09-17T10:08:12.000000Z
2024,261.42237268518517,43.08018,-79.06917,2024-09-17T10:08:13.000000Z
2024,261.4223842592593,43.08018,-79.06917,2024-09-17T10:08:14.000000Z
2024,261.4223958333333,43.08018,-79.06917,2024-09-17T10:08:15.000000Z
2024,261.4224074074074,43.08019,-79.06918,2024-09-17T10:08:16.000000Z
2024,261.4224189814815,43.08019,-79.06918,2024-09-17T10:08:17.000000Z
2024,261.42243055555554,43.08019,-79.06918,2024-09-17T10:08:18.000000Z
2024,261.42244212962964,43.08019,-79.06919,2024-09-17T10:08:19.000000Z
2024,261.4224537037037,43.08019,-79.06919,2024-09-17T10:08:20.000000Z
2024,261.42246527777775,43.08019,-79.06919,2024-09-17T10:08:21.000000Z
2024,261.42247685185185,43.08019,-79.06919,2024-09-17T10:08:22.000000Z
2024,261.4326736111111,43.08015,-79.06909,2024-09-17T10:23:03.000000Z
2024,261.4326851851852,43.08016,-79.0691,2024-09-17T10:23:04.000000Z
2024,261.4326967592593,43.08017,-79.06911,2024-09-17T10:23:05.000000Z
2024,261.4327083333333,43.08018,-79.0691,2024-09-17T10:23:06.000000Z
2024,261.43271990740743,43.08018,-79.0691,2024-09-17T10:23:07.000000Z
2024,261.4327314814815,43.08019,-79.0691,2024-09-17T10:23:08.000000Z
2024,261.4327430555556,43.08019,-79.0691,2024-09-17T10:23:09.000000Z
2024,261.43275462962964,43.0802,-79.0691,2024-09-17T10:23:10.000000Z
2024,261.4327662037037,43.0802,-79.06909,2024-09-17T10:23:11.000000Z
2024,261.4327777777778,43.0802,-79.06909,2024-09-17T10:23:12.000000Z
2024,261.43278935185185,43.0802,-79.06909,2024-09-17T10:23:13.000000Z
2024,261.43280092592596,43.08021,-79.06909,2024-09-17T10:23:14.000000Z
2024,261.4328125,43.08021,-79.06909,2024-09-17T10:23:15.000000Z
2024,261.43282407407406,43.08021,-79.06909,2024-09-17T10:23:16.000000Z
2024,261.43283564814817,43.08021,-79.06909,2024-09-17T10:23:17.000000Z
2024,261.4328472222222,43.08021,-79.06909,2024-09-17T10:23:18.000000Z
2024,261.43285879629633,43.08021,-79.06909,2024-09-17T10:23:19.000000Z
2024,261.4328703703704,43.08021,-79.06909,2024-09-17T10:23:20.000000Z
2024,261.43288194444443,43.08021,-79.06909,2024-09-17T10:23:21.000000Z
2024,261.43289351851854,43.08021,-79.06909,2024-09-17T10:23:22.000000Z
2024,261.4430902777778,43.08007,-79.06906,2024-09-17T10:38:03.000000Z
2024,261.4431018518519,43.08007,-79.06904,2024-09-17T10:38:04.000000Z
2024,261.44311342592596,43.08007,-79.06904,2024-09-17T10:38:05.000000Z
2024,261.443125,43.08008,-79.06904,2024-09-17T10:38:06.000000Z
2024,261.44314814814817,43.08008,-79.06904,2024-09-17T10:38:08.000000Z
2024,261.4431597222223,43.08008,-79.06904,2024-09-17T10:38:09.000000Z
2024,261.4431712962963,43.08008,-79.06905,2024-09-17T10:38:10.000000Z
2024,261.4431828703704,43.08009,-79.06906,2024-09-17T10:38:11.000000Z
2024,261.4431944444445,43.08009,-79.06906,2024-09-17T10:38:12.000000Z
2024,261.44320601851854,43.0801,-79.06906,2024-09-17T10:38:13.000000Z
2024,261.44321759259265,43.0801,-79.06906,2024-09-17T10:38:14.000000Z
2024,261.4432291666667,43.0801,-79.06906,2024-09-17T10:38:15.000000Z
2024,261.44324074074075,43.08011,-79.06906,2024-09-17T10:38:16.000000Z
2024,261.44325231481486,43.08012,-79.06907,2024-09-17T10:38:17.000000Z
2024,261.4432638888889,43.08012,-79.06907,2024-09-17T10:38:18.000000Z
2024,261.443275462963,43.08012,-79.06908,2024-09-17T10:38:19.000000Z
2024,261.44328703703707,43.08012,-79.06908,2024-09-17T10:38:20.000000Z
2024,261.4432986111111,43.08013,-79.06908,2024-09-17T10:38:21.000000Z
2024,261.4433101851852,43.08013,-79.06908,2024-09-17T10:38:22.000000Z
2024,261.4535069444444,43.08013,-79.06879,2024-09-17T10:53:03.000000Z
2024,261.45351851851854,43.08012,-79.06879,2024-09-17T10:53:04.000000Z
2024,261.4535300925926,43.08012,-79.06879,2024-09-17T10:53:05.000000Z
2024,261.45354166666664,43.08011,-79.06878,2024-09-17T10:53:06.000000Z
2024,261.45355324074075,43.08011,-79.06878,2024-09-17T10:53:07.000000Z
2024,261.4535648148148,43.0801,-79.06878,2024-09-17T10:53:08.000000Z
2024,261.4535763888889,43.0801,-79.06878,2024-09-17T10:53:09.000000Z
2024,261.45358796296296,43.08012,-79.06881,2024-09-17T10:53:10.000000Z
2024,261.453599537037,43.08013,-79.06884,2024-09-17T10:53:11.000000Z
2024,261.4536111111111,43.08013,-79.06885,2024-09-17T10:53:12.000000Z
2024,261.45362268518517,43.08014,-79.06886,2024-09-17T10:53:13.000000Z
2024,261.4536342592593,43.08015,-79.06887,2024-09-17T10:53:14.000000Z
2024,261.4536458333333,43.08015,-79.06888,2024-09-17T10:53:15.000000Z
2024,261.4536574074074,43.08015,-79.0689,2024-09-17T10:53:16.000000Z
2024,261.4536689814815,43.08016,-79.0689,2024-09-17T10:53:17.000000Z
2024,261.45368055555554,43.08016,-79.06891,2024-09-17T10:53:18.000000Z
2024,261.45369212962964,43.08016,-79.06892,2024-09-17T10:53:19.000000Z
2024,261.4537037037037,43.08016,-79.06893,2024-09-17T10:53:20.000000Z
2024,261.45371527777775,43.08016,-79.06893,2024-09-17T10:53:21.000000Z
2024,261.45372685185185,43.08017,-79.06894,2024-09-17T10:53:22.000000Z
2024,261.46392361111106,43.08012,-79.06926,2024-09-17T11:08:03.000000Z
2024,261.46393518518516,43.08013,-79.06925,2024-09-17T11:08:04.000000Z
2024,261.4639467592592,43.08014,-79.06926,2024-09-17T11:08:05.000000Z
2024,261.46395833333327,43.08014,-79.06926,2024-09-17T11:08:06.000000Z
2024,261.4639699074074,43.08014,-79.06927,2024-09-17T11:08:07.000000Z
2024,261.4639814814814,43.08013,-79.06929,2024-09-17T11:08:08.000000Z
2024,261.46399305555553,43.08013,-79.06928,2024-09-17T11:08:09.000000Z
2024,261.4640046296296,43.08014,-79.06929,2024-09-17T11:08:10.000000Z
2024,261.46401620370364,43.08015,-79.06931,2024-09-17T11:08:11.000000Z
2024,261.46402777777774,43.08015,-79.0693,2024-09-17T11:08:12.000000Z
2024,261.4640393518518,43.08015,-79.06929,2024-09-17T11:08:13.000000Z
2024,261.4640509259259,43.08015,-79.06929,2024-09-17T11:08:14.000000Z
2024,261.46406249999995,43.08015,-79.06928,2024-09-17T11:08:15.000000Z
2024,261.464074074074,43.08015,-79.06928,2024-09-17T11:08:16.000000Z
2024,261.4640856481481,43.08016,-79.06927,2024-09-17T11:08:17.000000Z
2024,261.46409722222216,43.08016,-79.06926,2024-09-17T11:08:18.000000Z
2024,261.4641203703703,43.08017,-79.06924,2024-09-17T11:08:20.000000Z
2024,261.4641319444444,43.08018,-79.06923,2024-09-17T11:08:21.000000Z
2024,261.4641435185185,43.08018,-79.06922,2024-09-17T11:08:22.000000Z
2024,261.47434027777774,43.08019,-79.06896,2024-09-17T11:23:03.000000Z
2024,261.47435185185185,43.0802,-79.06895,2024-09-17T11:23:04.000000Z
2024,261.4743634259259,43.08021,-79.06894,2024-09-17T11:23:05.000000Z
2024,261.47437499999995,43.0802,-79.06893,2024-09-17T11:23:06.000000Z
2024,261.47438657407406,43.0802,-79.06893,2024-09-17T11:23:07.000000Z
2024,261.4743981481481,43.0802,-79.06892,2024-09-17T11:23:08.000000Z
2024,261.4744097222222,43.08019,-79.06891,2024-09-17T11:23:09.000000Z
2024,261.47442129629627,43.0802,-79.06893,2024-09-17T11:23:10.000000Z
2024,261.4744328703703,43.0802,-79.06893,2024-09-17T11:23:11.000000Z
2024,261.47444444444443,43.0802,-79.06894,2024-09-17T11:23:12.000000Z
2024,261.4744560185185,43.0802,-79.06894,2024-09-17T11:23:13.000000Z
2024,261.4744675925926,43.0802,-79.06895,2024-09-17T11:23:14.000000Z
2024,261.47447916666664,43.0802,-79.06894,2024-09-17T11:23:15.000000Z
2024,261.4744907407407,43.08019,-79.06893,2024-09-17T11:23:16.000000Z
2024,261.4745023148148,43.08018,-79.06893,2024-09-17T11:23:17.000000Z
2024,261.47451388888885,43.08018,-79.06893,2024-09-17T11:23:18.000000Z
2024,261.47452546296296,43.08017,-79.06892,2024-09-17T11:23:19.000000Z
2024,261.474537037037,43.08017,-79.06891,2024-09-17T11:23:20.000000Z
2024,261.47454861111106,43.08016,-79.06891,2024-09-17T11:23:21.000000Z
2024,261.47456018518517,43.08016,-79.0689,2024-09-17T11:23:22.000000Z
2024,261.4847569444444,43.08032,-79.0688,2024-09-17T11:38:03.000000Z
2024,261.48476851851854,43.08033,-79.06878,2024-09-17T11:38:04.000000Z
2024,261.4847800925926,43.08032,-79.0688,2024-09-17T11:38:05.000000Z
2024,261.48479166666664,43.08032,-79.06882,2024-09-17T11:38:06.000000Z
2024,261.48480324074075,43.08032,-79.06882,2024-09-17T11:38:07.000000Z
2024,261.4848148148148,43.08032,-79.06884,2024-09-17T11:38:08.000000Z
2024,261.4848263888889,43.08032,-79.06882,2024-09-17T11:38:09.000000Z
2024,261.48483796296296,43.08032,-79.06882,2024-09-17T11:38:10.000000Z
2024,261.484849537037,43.08032,-79.06882,2024-09-17T11:38:11.000000Z
2024,261.4848611111111,43.08032,-79.06881,2024-09-17T11:38:12.000000Z
2024,261.48487268518517,43.08033,-79.06882,2024-09-17T11:38:13.000000Z
2024,261.4848842592593,43.08032,-79.06883,2024-09-17T11:38:14.000000Z
2024,261.4848958333333,43.08032,-79.06885,2024-09-17T11:38:15.000000Z
2024,261.4849074074074,43.08032,-79.06887,2024-09-17T11:38:16.000000Z
2024,261.4849189814815,43.08032,-79.06888,2024-09-17T11:38:17.000000Z
2024,261.48493055555554,43.08032,-79.0689,2024-09-17T11:38:18.000000Z
2024,261.48494212962964,43.08032,-79.0689,2024-09-17T11:38:19.000000Z
2024,261.4849537037037,43.08032,-79.06892,2024-09-17T11:38:20.000000Z
2024,261.48496527777775,43.08032,-79.06893,2024-09-17T11:38:21.000000Z
2024,261.48497685185185,43.08032,-79.06895,2024-09-17T11:38:22.000000Z
2024,261.49517361111106,43.08032,-79.06882,2024-09-17T11:53:03.000000Z
2024,261.49518518518516,43.08031,-79.06882,2024-09-17T11:53:04.000000Z
2024,261.4951967592592,43.08031,-79.06882,2024-09-17T11:53:05.000000Z
2024,261.49520833333327,43.08031,-79.06881,2024-09-17T11:53:06.000000Z
2024,261.4952199074074,43.08031,-79.06881,2024-09-17T11:53:07.000000Z
2024,261.4952314814814,43.08031,-79.06882,2024-09-17T11:53:08.000000Z
2024,261.49524305555553,43.08031,-79.06882,2024-09-17T11:53:09.000000Z
2024,261.4952546296296,43.0803,-79.06883,2024-09-17T11:53:10.000000Z
2024,261.49526620370364,43.0803,-79.06884,2024-09-17T11:53:11.000000Z
2024,261.49527777777774,43.0803,-79.06884,2024-09-17T11:53:12.000000Z
2024,261.4952893518518,43.08031,-79.06884,2024-09-17T11:53:13.000000Z
2024,261.4953009259259,43.08031,-79.06884,2024-09-17T11:53:14.000000Z
2024,261.49531249999995,43.08031,-79.06884,2024-09-17T11:53:15.000000Z
2024,261.495324074074,43.08031,-79.06884,2024-09-17T11:53:16.000000Z
2024,261.4953356481481,43.08032,-79.06884,2024-09-17T11:53:17.000000Z
2024,261.49534722222216,43.08032,-79.06885,2024-09-17T11:53:18.000000Z
2024,261.4953587962963,43.08032,-79.06885,2024-09-17T11:53:19.000000Z
2024,261.4953703703703,43.08033,-79.06885,2024-09-17T11:53:20.000000Z
2024,261.4953819444444,43.08033,-79.06885,2024-09-17T11:53:21.000000Z
2024,261.4953935185185,43.08034,-79.06886,2024-09-17T11:53:22.000000Z
2024,261.50559027777774,43.08026,-79.06883,2024-09-17T12:08:03.000000Z
2024,261.50560185185185,43.08026,-79.06882,2024-09-17T12:08:04.000000Z
2024,261.5056134259259,43.08026,-79.06881,2024-09-17T12:08:05.000000Z
2024,261.50562499999995,43.08026,-79.0688,2024-09-17T12:08:06.000000Z
2024,261.50563657407406,43.08027,-79.0688,2024-09-17T12:08:07.000000Z
2024,261.5056481481481,43.08028,-79.06879,2024-09-17T12:08:08.000000Z
2024,261.5056597222222,43.08027,-79.06878,2024-09-17T12:08:09.000000Z
2024,261.50567129629627,43.08028,-79.06877,2024-09-17T12:08:10.000000Z
2024,261.5056828703703,43.08028,-79.06877,2024-09-17T12:08:11.000000Z
2024,261.50569444444443,43.08028,-79.06877,2024-09-17T12:08:12.000000Z
2024,261.5057060185185,43.08028,-79.06876,2024-09-17T12:08:13.000000Z
2024,261.5057175925926,43.08028,-79.06876,2024-09-17T12:08:14.000000Z
2024,261.50572916666664,43.08028,-79.06875,2024-09-17T12:08:15.000000Z
2024,261.5057407407407,43.08028,-79.06875,2024-09-17T12:08:16.000000Z
2024,261.5057523148148,43.08028,-79.06875,2024-09-17T12:08:17.000000Z
2024,261.50576388888885,43.08028,-79.06875,2024-09-17T12:08:18.000000Z
2024,261.50577546296296,43.08029,-79.06875,2024-09-17T12:08:19.000000Z
2024,261.505787037037,43.08029,-79.06875,2024-09-17T12:08:20.000000Z
2024,261.50579861111106,43.08029,-79.06875,2024-09-17T12:08:21.000000Z
2024,261.50581018518517,43.08029,-79.06875,2024-09-17T12:08:22.000000Z
2024,261.5160069444444,43.0803,-79.0689,2024-09-17T12:23:03.000000Z
2024,261.51601851851854,43.0803,-79.0689,2024-09-17T12:23:04.000000Z
2024,261.5160300925926,43.08029,-79.06891,2024-09-17T12:23:05.000000Z
2024,261.51604166666664,43.08029,-79.0689,2024-09-17T12:23:06.000000Z
2024,261.51605324074075,43.08028,-79.06891,2024-09-17T12:23:07.000000Z
2024,261.5160648148148,43.08028,-79.06891,2024-09-17T12:23:08.000000Z
2024,261.5160763888889,43.08026,-79.06892,2024-09-17T12:23:09.000000Z
2024,261.51608796296296,43.08025,-79.06892,2024-09-17T12:23:10.000000Z
2024,261.516099537037,43.08023,-79.06893,2024-09-17T12:23:11.000000Z
2024,261.5161111111111,43.08023,-79.06892,2024-09-17T12:23:12.000000Z
2024,261.51612268518517,43.08022,-79.06893,2024-09-17T12:23:13.000000Z
2024,261.5161342592593,43.08022,-79.06893,2024-09-17T12:23:14.000000Z
2024,261.5161458333333,43.08022,-79.06894,2024-09-17T12:23:15.000000Z
2024,261.5161574074074,43.08022,-79.06893,2024-09-17T12:23:16.000000Z
2024,261.5161689814815,43.08022,-79.06894,2024-09-17T12:23:17.000000Z
2024,261.51618055555554,43.08023,-79.06894,2024-09-17T12:23:18.000000Z
2024,261.51619212962964,43.08023,-79.06894,2024-09-17T12:23:19.000000Z
2024,261.5162037037037,43.08024,-79.06893,2024-09-17T12:23:20.000000Z
2024,261.51621527777775,43.08025,-79.06893,2024-09-17T12:23:21.000000Z
2024,261.51622685185185,43.08026,-79.06893,2024-09-17T12:23:22.000000Z
2024,261.5264236111111,43.08045,-79.06905,2024-09-17T12:38:03.000000Z
2024,261.5264351851852,43.08045,-79.06905,2024-09-17T12:38:04.000000Z
2024,261.5264467592593,43.08045,-79.06903,2024-09-17T12:38:05.000000Z
2024,261.5264583333333,43.08045,-79.06902,2024-09-17T12:38:06.000000Z
2024,261.52646990740743,43.08045,-79.069,2024-09-17T12:38:07.000000Z
2024,261.5264814814815,43.08045,-79.06899,2024-09-17T12:38:08.000000Z
2024,261.5264930555556,43.08045,-79.06897,2024-09-17T12:38:09.000000Z
2024,261.52650462962964,43.08045,-79.06896,2024-09-17T12:38:10.000000Z
2024,261.5265162037037,43.08044,-79.06894,2024-09-17T12:38:11.000000Z
2024,261.5265277777778,43.08045,-79.06893,2024-09-17T12:38:12.000000Z
2024,261.52653935185185,43.08046,-79.06891,2024-09-17T12:38:13.000000Z
2024,261.52655092592596,43.08046,-79.0689,2024-09-17T12:38:14.000000Z
2024,261.5265625,43.08046,-79.0689,2024-09-17T12:38:15.000000Z
2024,261.52657407407406,43.08046,-79.0689,2024-09-17T12:38:16.000000Z
2024,261.52658564814817,43.08047,-79.06889,2024-09-17T12:38:17.000000Z
2024,261.5265972222222,43.08047,-79.06888,2024-09-17T12:38:18.000000Z
2024,261.52660879629633,43.08048,-79.06887,2024-09-17T12:38:19.000000Z
2024,261.5266203703704,43.08048,-79.06887,2024-09-17T12:38:20.000000Z
2024,261.52663194444443,43.08049,-79.06887,2024-09-17T12:38:21.000000Z
2024,261.52664351851854,43.0805,-79.06887,2024-09-17T12:38:22.000000Z
2024,261.53684027777774,43.0803,-79.06863,2024-09-17T12:53:03.000000Z
2024,261.53685185185185,43.08032,-79.06864,2024-09-17T12:53:04.000000Z
2024,261.5368634259259,43.08035,-79.06864,2024-09-17T12:53:05.000000Z
2024,261.53687499999995,43.08037,-79.06865,2024-09-17T12:53:06.000000Z
2024,261.53688657407406,43.0804,-79.06865,2024-09-17T12:53:07.000000Z
2024,261.5368981481481,43.08042,-79.06865,2024-09-17T12:53:08.000000Z
2024,261.5369097222222,43.08046,-79.06865,2024-09-17T12:53:09.000000Z
2024,261.53692129629627,43.08047,-79.06865,2024-09-17T12:53:10.000000Z
2024,261.5369328703703,43.0805,-79.06865,2024-09-17T12:53:11.000000Z
2024,261.53694444444443,43.08052,-79.06865,2024-09-17T12:53:12.000000Z
2024,261.5369560185185,43.08054,-79.06865,2024-09-17T12:53:13.000000Z
2024,261.5369675925926,43.08057,-79.06867,2024-09-17T12:53:14.000000Z
2024,261.53697916666664,43.08058,-79.06867,2024-09-17T12:53:15.000000Z
2024,261.5369907407407,43.08061,-79.06868,2024-09-17T12:53:16.000000Z
2024,261.5370023148148,43.08063,-79.06868,2024-09-17T12:53:17.000000Z
2024,261.53701388888885,43.08064,-79.06868,2024-09-17T12:53:18.000000Z
2024,261.53702546296296,43.08065,-79.06869,2024-09-17T12:53:19.000000Z
2024,261.537037037037,43.08065,-79.0687,2024-09-17T12:53:20.000000Z
2024,261.53704861111106,43.08065,-79.06871,2024-09-17T12:53:21.000000Z
2024,261.53706018518517,43.08065,-79.06871,2024-09-17T12:53:22.000000Z
2024,261.5472569444444,43.08012,-79.0688,2024-09-17T13:08:03.000000Z
2024,261.54726851851854,43.08013,-79.06882,2024-09-17T13:08:04.000000Z
2024,261.5472800925926,43.08014,-79.06884,2024-09-17T13:08:05.000000Z
2024,261.54729166666664,43.08015,-79.06887,2024-09-17T13:08:06.000000Z
2024,261.54730324074075,43.08016,-79.06888,2024-09-17T13:08:07.000000Z
2024,261.5473148148148,43.08017,-79.0689,2024-09-17T13:08:08.000000Z
2024,261.5473263888889,43.08018,-79.06891,2024-09-17T13:08:09.000000Z
2024,261.54733796296296,43.08018,-79.06895,2024-09-17T13:08:10.000000Z
2024,261.547349537037,43.08019,-79.06898,2024-09-17T13:08:11.000000Z
2024,261.5473611111111,43.08021,-79.06901,2024-09-17T13:08:12.000000Z
2024,261.54737268518517,43.08023,-79.06903,2024-09-17T13:08:13.000000Z
2024,261.5473842592593,43.08024,-79.06904,2024-09-17T13:08:14.000000Z
2024,261.5473958333333,43.08025,-79.06906,2024-09-17T13:08:15.000000Z
2024,261.5474074074074,43.08026,-79.06907,2024-09-17T13:08:16.000000Z
2024,261.5474189814815,43.08026,-79.06909,2024-09-17T13:08:17.000000Z
2024,261.54743055555554,43.08027,-79.06909,2024-09-17T13:08:18.000000Z
2024,261.54744212962964,43.08027,-79.06911,2024-09-17T13:08:19.000000Z
2024,261.5474537037037,43.08028,-79.06912,2024-09-17T13:08:20.000000Z
2024,261.54746527777775,43.08028,-79.06912,2024-09-17T13:08:21.000000Z
2024,261.54747685185185,43.08028,-79.06913,2024-09-17T13:08:22.000000Z
2024,261.5576736111111,43.08014,-79.06884,2024-09-17T13:23:03.000000Z
2024,261.5576851851852,43.08015,-79.06885,2024-09-17T13:23:04.000000Z
2024,261.5576967592593,43.08016,-79.06886,2024-09-17T13:23:05.000000Z
2024,261.5577083333333,43.08017,-79.06887,2024-09-17T13:23:06.000000Z
2024,261.55771990740743,43.08017,-79.06888,2024-09-17T13:23:07.000000Z
2024,261.5577314814815,43.08018,-79.06889,2024-09-17T13:23:08.000000Z
2024,261.5577430555556,43.08018,-79.0689,2024-09-17T13:23:09.000000Z
2024,261.55775462962964,43.08018,-79.0689,2024-09-17T13:23:10.000000Z
2024,261.5577662037037,43.08018,-79.0689,2024-09-17T13:23:11.000000Z
2024,261.5577777777778,43.08018,-79.0689,2024-09-17T13:23:12.000000Z
2024,261.55778935185185,43.08018,-79.0689,2024-09-17T13:23:13.000000Z
2024,261.55780092592596,43.08018,-79.0689,2024-09-17T13:23:14.000000Z
2024,261.5578125,43.08018,-79.0689,2024-09-17T13:23:15.000000Z
2024,261.55782407407406,43.08018,-79.0689,2024-09-17T13:23:16.000000Z
2024,261.55783564814817,43.08018,-79.0689,2024-09-17T13:23:17.000000Z
2024,261.5578472222222,43.08018,-79.0689,2024-09-17T13:23:18.000000Z
2024,261.55785879629633,43.08018,-79.0689,2024-09-17T13:23:19.000000Z
2024,261.5578703703704,43.08018,-79.0689,2024-09-17T13:23:20.000000Z
2024,261.55788194444443,43.08018,-79.0689,2024-09-17T13:23:21.000000Z
2024,261.55789351851854,43.08018,-79.06889,2024-09-17T13:23:22.000000Z
2024,261.5680902777778,43.08009,-79.06891,2024-09-17T13:38:03.000000Z
2024,261.5681018518519,43.08009,-79.0689,2024-09-17T13:38:04.000000Z
2024,261.56811342592596,43.08009,-79.0689,2024-09-17T13:38:05.000000Z
2024,261.568125,43.08009,-79.06891,2024-09-17T13:38:06.000000Z
2024,261.5681365740741,43.08008,-79.06891,2024-09-17T13:38:07.000000Z
2024,261.56814814814817,43.08008,-79.06892,2024-09-17T13:38:08.000000Z
2024,261.5681597222223,43.08008,-79.06892,2024-09-17T13:38:09.000000Z
2024,261.5681712962963,43.08008,-79.06892,2024-09-17T13:38:10.000000Z
2024,261.5681828703704,43.08008,-79.06892,2024-09-17T13:38:11.000000Z
2024,261.5681944444445,43.08008,-79.06892,2024-09-17T13:38:12.000000Z
2024,261.56820601851854,43.08008,-79.06892,2024-09-17T13:38:13.000000Z
2024,261.56821759259265,43.08008,-79.06892,2024-09-17T13:38:14.000000Z
2024,261.5682291666667,43.08007,-79.06891,2024-09-17T13:38:15.000000Z
2024,261.56824074074075,43.08007,-79.06891,2024-09-17T13:38:16.000000Z
2024,261.56825231481486,43.08007,-79.06891,2024-09-17T13:38:17.000000Z
2024,261.5682638888889,43.08007,-79.0689,2024-09-17T13:38:18.000000Z
2024,261.568275462963,43.08007,-79.0689,2024-09-17T13:38:19.000000Z
2024,261.56828703703707,43.08007,-79.0689,2024-09-17T13:38:20.000000Z
2024,261.5682986111111,43.08007,-79.0689,2024-09-17T13:38:21.000000Z
2024,261.5683101851852,43.08007,-79.0689,2024-09-17T13:38:22.000000Z
2024,261.5785300925926,43.08012,-79.069,2024-09-17T13:53:05.000000Z
2024,261.57854166666664,43.08012,-79.069,2024-09-17T13:53:06.000000Z
2024,261.57855324074075,43.08012,-79.069,2024-09-17T13:53:07.000000Z
2024,261.5785648148148,43.08012,-79.069,2024-09-17T13:53:08.000000Z
2024,261.5785763888889,43.08011,-79.06899,2024-09-17T13:53:09.000000Z
2024,261.57858796296296,43.08011,-79.06899,2024-09-17T13:53:10.000000Z
2024,261.578599537037,43.08011,-79.06899,2024-09-17T13:53:11.000000Z
2024,261.5786111111111,43.0801,-79.06899,2024-09-17T13:53:12.000000Z
2024,261.57862268518517,43.0801,-79.06898,2024-09-17T13:53:13.000000Z
2024,261.5786342592593,43.0801,-79.06898,2024-09-17T13:53:14.000000Z
2024,261.5786458333333,43.0801,-79.06898,2024-09-17T13:53:15.000000Z
2024,261.5786574074074,43.08009,-79.06898,2024-09-17T13:53:16.000000Z
2024,261.5786689814815,43.08009,-79.06898,2024-09-17T13:53:17.000000Z
2024,261.57868055555554,43.08009,-79.06898,2024-09-17T13:53:18.000000Z
2024,261.57869212962964,43.08008,-79.06898,2024-09-17T13:53:19.000000Z
2024,261.5787037037037,43.08008,-79.06898,2024-09-17T13:53:20.000000Z
2024,261.57871527777775,43.08008,-79.06898,2024-09-17T13:53:21.000000Z
2024,261.57872685185185,43.08008,-79.06897,2024-09-17T13:53:22.000000Z
2024,261.5787384259259,43.08008,-79.06897,2024-09-17T13:53:23.000000Z
2024,261.5889467592592,43.0801,-79.06896,2024-09-17T14:08:05.000000Z
2024,261.58895833333327,43.0801,-79.06896,2024-09-17T14:08:06.000000Z
2024,261.5889699074074,43.0801,-79.06895,2024-09-17T14:08:07.000000Z
2024,261.5889814814814,43.0801,-79.06894,2024-09-17T14:08:08.000000Z
2024,261.58899305555553,43.0801,-79.06894,2024-09-17T14:08:09.000000Z
2024,261.5890046296296,43.0801,-79.06894,2024-09-17T14:08:10.000000Z
2024,261.58901620370364,43.08011,-79.06893,2024-09-17T14:08:11.000000Z
2024,261.58902777777774,43.08011,-79.06893,2024-09-17T14:08:12.000000Z
2024,261.5890393518518,43.08012,-79.06893,2024-09-17T14:08:13.000000Z
2024,261.5890509259259,43.08012,-79.06893,2024-09-17T14:08:14.000000Z
2024,261.58906249999995,43.08012,-79.06893,2024-09-17T14:08:15.000000Z
2024,261.589074074074,43.08012,-79.06893,2024-09-17T14:08:16.000000Z
2024,261.5890856481481,43.08012,-79.06893,2024-09-17T14:08:17.000000Z
2024,261.58909722222216,43.08012,-79.06893,2024-09-17T14:08:18.000000Z
2024,261.5891087962963,43.08012,-79.06893,2024-09-17T14:08:19.000000Z
2024,261.5891203703703,43.08012,-79.06893,2024-09-17T14:08:20.000000Z
2024,261.5891319444444,43.08011,-79.06893,2024-09-17T14:08:21.000000Z
2024,261.5891435185185,43.08011,-79.06893,2024-09-17T14:08:22.000000Z
2024,261.58915509259253,43.08012,-79.06893,2024-09-17T14:08:23.000000Z
2024,261.5993634259259,43.08018,-79.06902,2024-09-17T14:23:05.000000Z
2024,261.59937499999995,43.08018,-79.06903,2024-09-17T14:23:06.000000Z
2024,261.59938657407406,43.08017,-79.06904,2024-09-17T14:23:07.000000Z
2024,261.5993981481481,43.08016,-79.06905,2024-09-17T14:23:08.000000Z
2024,261.5994097222222,43.08016,-79.06906,2024-09-17T14:23:09.000000Z
2024,261.59942129629627,43.08015,-79.06906,2024-09-17T14:23:10.000000Z
2024,261.5994328703703,43.08015,-79.06906,2024-09-17T14:23:11.000000Z
2024,261.59944444444443,43.08015,-79.06906,2024-09-17T14:23:12.000000Z
2024,261.5994560185185,43.08014,-79.06906,2024-09-17T14:23:13.000000Z
2024,261.5994675925926,43.08013,-79.06905,2024-09-17T14:23:14.000000Z
2024,261.59947916666664,43.08013,-79.06904,2024-09-17T14:23:15.000000Z
2024,261.5994907407407,43.08013,-79.06903,2024-09-17T14:23:16.000000Z
2024,261.5995023148148,43.08012,-79.06903,2024-09-17T14:23:17.000000Z
2024,261.59951388888885,43.08012,-79.06902,2024-09-17T14:23:18.000000Z
2024,261.59952546296296,43.08012,-79.06901,2024-09-17T14:23:19.000000Z
2024,261.599537037037,43.08012,-79.069,2024-09-17T14:23:20.000000Z
2024,261.59954861111106,43.08012,-79.069,2024-09-17T14:23:21.000000Z
2024,261.59956018518517,43.08012,-79.069,2024-09-17T14:23:22.000000Z
2024,261.5995717592592,43.08012,-79.069,2024-09-17T14:23:23.000000Z
2024,261.6097800925926,43.08011,-79.06909,2024-09-17T14:38:05.000000Z
2024,261.60979166666664,43.08012,-79.0691,2024-09-17T14:38:06.000000Z
2024,261.60980324074075,43.08013,-79.06912,2024-09-17T14:38:07.000000Z
2024,261.6098148148148,43.08014,-79.06913,2024-09-17T14:38:08.000000Z
2024,261.6098263888889,43.08015,-79.06913,2024-09-17T14:38:09.000000Z
2024,261.60983796296296,43.08016,-79.06909,2024-09-17T14:38:10.000000Z
2024,261.609849537037,43.08017,-79.06907,2024-09-17T14:38:11.000000Z
2024,261.6098611111111,43.08019,-79.06906,2024-09-17T14:38:12.000000Z
2024,261.60987268518517,43.0802,-79.06906,2024-09-17T14:38:13.000000Z
2024,261.6098842592593,43.08021,-79.06906,2024-09-17T14:38:14.000000Z
2024,261.6098958333333,43.08022,-79.06906,2024-09-17T14:38:15.000000Z
2024,261.6099074074074,43.08022,-79.06906,2024-09-17T14:38:16.000000Z
2024,261.6099189814815,43.08023,-79.06907,2024-09-17T14:38:17.000000Z
2024,261.60993055555554,43.08023,-79.06907,2024-09-17T14:38:18.000000Z
2024,261.60994212962964,43.08023,-79.06908,2024-09-17T14:38:19.000000Z
2024,261.6099537037037,43.08023,-79.06908,2024-09-17T14:38:20.000000Z
2024,261.60996527777775,43.08023,-79.06908,2024-09-17T14:38:21.000000Z
2024,261.60997685185185,43.08023,-79.06909,2024-09-17T14:38:22.000000Z
2024,261.6099884259259,43.08023,-79.06909,2024-09-17T14:38:23.000000Z
2024,261.6201967592592,43.08043,-79.06889,2024-09-17T14:53:05.000000Z
2024,261.62020833333327,43.08042,-79.06889,2024-09-17T14:53:06.000000Z
2024,261.6202199074074,43.08042,-79.06888,2024-09-17T14:53:07.000000Z
2024,261.6202314814814,43.08042,-79.06888,2024-09-17T14:53:08.000000Z
2024,261.62024305555553,43.08042,-79.06888,2024-09-17T14:53:09.000000Z
2024,261.6202546296296,43.08041,-79.06889,2024-09-17T14:53:10.000000Z
2024,261.62026620370364,43.0804,-79.0689,2024-09-17T14:53:11.000000Z
2024,261.62027777777774,43.08039,-79.0689,2024-09-17T14:53:12.000000Z
2024,261.6202893518518,43.08038,-79.0689,2024-09-17T14:53:13.000000Z
2024,261.6203009259259,43.08037,-79.06891,2024-09-17T14:53:14.000000Z
2024,261.62031249999995,43.08037,-79.06891,2024-09-17T14:53:15.000000Z
2024,261.620324074074,43.08036,-79.06892,2024-09-17T14:53:16.000000Z
2024,261.6203356481481,43.08036,-79.06892,2024-09-17T14:53:17.000000Z
2024,261.62034722222216,43.08036,-79.06892,2024-09-17T14:53:18.000000Z
2024,261.6203587962963,43.08036,-79.06893,2024-09-17T14:53:19.000000Z
2024,261.6203703703703,43.08036,-79.06892,2024-09-17T14:53:20.000000Z
2024,261.6203819444444,43.08036,-79.06892,2024-09-17T14:53:21.000000Z
2024,261.6203935185185,43.08036,-79.06893,2024-09-17T14:53:22.000000Z
2024,261.62040509259253,43.08036,-79.06893,2024-09-17T14:53:23.000000Z
2024,261.6306134259259,43.08025,-79.0691,2024-09-17T15:08:05.000000Z
2024,261.63062499999995,43.08024,-79.0691,2024-09-17T15:08:06.000000Z
2024,261.63063657407406,43.08024,-79.0691,2024-09-17T15:08:07.000000Z
2024,261.6306481481481,43.08023,-79.06911,2024-09-17T15:08:08.000000Z
2024,261.6306597222222,43.08022,-79.06911,2024-09-17T15:08:09.000000Z
2024,261.63067129629627,43.08021,-79.06912,2024-09-17T15:08:10.000000Z
2024,261.6306828703703,43.0802,-79.06911,2024-09-17T15:08:11.000000Z
2024,261.63069444444443,43.0802,-79.06912,2024-09-17T15:08:12.000000Z
2024,261.6307060185185,43.08019,-79.06912,2024-09-17T15:08:13.000000Z
2024,261.6307175925926,43.0802,-79.06914,2024-09-17T15:08:14.000000Z
2024,261.63072916666664,43.08021,-79.06916,2024-09-17T15:08:15.000000Z
2024,261.6307407407407,43.08021,-79.06917,2024-09-17T15:08:16.000000Z
2024,261.6307523148148,43.08021,-79.06918,2024-09-17T15:08:17.000000Z
2024,261.63076388888885,43.08021,-79.06919,2024-09-17T15:08:18.000000Z
2024,261.63077546296296,43.0802,-79.06919,2024-09-17T15:08:19.000000Z
2024,261.630787037037,43.0802,-79.0692,2024-09-17T15:08:20.000000Z
2024,261.63079861111106,43.0802,-79.0692,2024-09-17T15:08:21.000000Z
2024,261.63081018518517,43.0802,-79.0692,2024-09-17T15:08:22.000000Z
2024,261.6308217592592,43.08019,-79.06921,2024-09-17T15:08:23.000000Z
2024,261.6410300925926,43.08031,-79.06885,2024-09-17T15:23:05.000000Z
2024,261.64104166666664,43.08031,-79.06886,2024-09-17T15:23:06.000000Z
2024,261.64105324074075,43.08031,-79.06887,2024-09-17T15:23:07.000000Z
2024,261.6410648148148,43.0803,-79.06886,2024-09-17T15:23:08.000000Z
2024,261.6410763888889,43.0803,-79.06885,2024-09-17T15:23:09.000000Z
2024,261.64108796296296,43.0803,-79.06886,2024-09-17T15:23:10.000000Z
2024,261.641099537037,43.0803,-79.06886,2024-09-17T15:23:11.000000Z
2024,261.6411111111111,43.08029,-79.06884,2024-09-17T15:23:12.000000Z
2024,261.64112268518517,43.08029,-79.06884,2024-09-17T15:23:13.000000Z
2024,261.6411342592593,43.08029,-79.06884,2024-09-17T15:23:14.000000Z
2024,261.6411458333333,43.08029,-79.06884,2024-09-17T15:23:15.000000Z
2024,261.6411574074074,43.08029,-79.06884,2024-09-17T15:23:16.000000Z
2024,261.6411689814815,43.08029,-79.06883,2024-09-17T15:23:17.000000Z
2024,261.64118055555554,43.08029,-79.06883,2024-09-17T15:23:18.000000Z
2024,261.64119212962964,43.0803,-79.06882,2024-09-17T15:23:19.000000Z
2024,261.64121527777775,43.0803,-79.0688,2024-09-17T15:23:21.000000Z
2024,261.64122685185185,43.0803,-79.0688,2024-09-17T15:23:22.000000Z
2024,261.6412384259259,43.0803,-79.0688,2024-09-17T15:23:23.000000Z
2024,261.6514467592593,43.08037,-79.0691,2024-09-17T15:38:05.000000Z
2024,261.6514583333333,43.08038,-79.06911,2024-09-17T15:38:06.000000Z
2024,261.65146990740743,43.08038,-79.06912,2024-09-17T15:38:07.000000Z
2024,261.6514814814815,43.08039,-79.06912,2024-09-17T15:38:08.000000Z
2024,261.6514930555556,43.08038,-79.06911,2024-09-17T15:38:09.000000Z
2024,261.65150462962964,43.08037,-79.0691,2024-09-17T15:38:10.000000Z
2024,261.6515162037037,43.08037,-79.0691,2024-09-17T15:38:11.000000Z
2024,261.6515277777778,43.08037,-79.06909,2024-09-17T15:38:12.000000Z
2024,261.65153935185185,43.08037,-79.06909,2024-09-17T15:38:13.000000Z
2024,261.65155092592596,43.08037,-79.06909,2024-09-17T15:38:14.000000Z
2024,261.6515625,43.08037,-79.06908,2024-09-17T15:38:15.000000Z
2024,261.65157407407406,43.08038,-79.06909,2024-09-17T15:38:16.000000Z
2024,261.65158564814817,43.08039,-79.06909,2024-09-17T15:38:17.000000Z
2024,261.6515972222222,43.08039,-79.06909,2024-09-17T15:38:18.000000Z
2024,261.65160879629633,43.08039,-79.06909,2024-09-17T15:38:19.000000Z
2024,261.6516203703704,43.0804,-79.06909,2024-09-17T15:38:20.000000Z
2024,261.65163194444443,43.0804,-79.06909,2024-09-17T15:38:21.000000Z
2024,261.65164351851854,43.0804,-79.06909,2024-09-17T15:38:22.000000Z
2024,261.6516550925926,43.0804,-79.06909,2024-09-17T15:38:23.000000Z
2024,261.6618634259259,43.08022,-79.06899,2024-09-17T15:53:05.000000Z
2024,261.66187499999995,43.08021,-79.069,2024-09-17T15:53:06.000000Z
2024,261.66188657407406,43.0802,-79.06903,2024-09-17T15:53:07.000000Z
2024,261.6618981481481,43.08021,-79.06903,2024-09-17T15:53:08.000000Z
2024,261.6619097222222,43.0802,-79.06903,2024-09-17T15:53:09.000000Z
2024,261.66192129629627,43.08019,-79.06906,2024-09-17T15:53:10.000000Z
2024,261.6619328703703,43.08019,-79.06907,2024-09-17T15:53:11.000000Z
2024,261.66194444444443,43.08018,-79.06909,2024-09-17T15:53:12.000000Z
2024,261.6619560185185,43.08018,-79.06909,2024-09-17T15:53:13.000000Z
2024,261.6619675925926,43.08018,-79.06909,2024-09-17T15:53:14.000000Z
2024,261.66197916666664,43.08018,-79.0691,2024-09-17T15:53:15.000000Z
2024,261.6619907407407,43.08018,-79.06911,2024-09-17T15:53:16.000000Z
2024,261.6620023148148,43.08018,-79.06912,2024-09-17T15:53:17.000000Z
2024,261.66201388888885,43.08018,-79.06912,2024-09-17T15:53:18.000000Z
2024,261.66202546296296,43.08018,-79.06912,2024-09-17T15:53:19.000000Z
2024,261.662037037037,43.08018,-79.06912,2024-09-17T15:53:20.000000Z
2024,261.66204861111106,43.08019,-79.06912,2024-09-17T15:53:21.000000Z
2024,261.66206018518517,43.08019,-79.06912,2024-09-17T15:53:22.000000Z
2024,261.6620717592592,43.0802,-79.06913,2024-09-17T15:53:23.000000Z
2024,261.6722800925926,43.08009,-79.06892,2024-09-17T16:08:05.000000Z
2024,261.67229166666664,43.08009,-79.06893,2024-09-17T16:08:06.000000Z
2024,261.67230324074075,43.08009,-79.06893,2024-09-17T16:08:07.000000Z
2024,261.6723148148148,43.0801,-79.06893,2024-09-17T16:08:08.000000Z
2024,261.6723263888889,43.0801,-79.06893,2024-09-17T16:08:09.000000Z
2024,261.67233796296296,43.0801,-79.06892,2024-09-17T16:08:10.000000Z
2024,261.672349537037,43.08011,-79.06891,2024-09-17T16:08:11.000000Z
2024,261.6723611111111,43.08011,-79.06891,2024-09-17T16:08:12.000000Z
2024,261.67237268518517,43.08012,-79.06891,2024-09-17T16:08:13.000000Z
2024,261.6723842592593,43.08012,-79.06892,2024-09-17T16:08:14.000000Z
2024,261.6723958333333,43.08012,-79.06892,2024-09-17T16:08:15.000000Z
2024,261.6724074074074,43.08012,-79.06892,2024-09-17T16:08:16.000000Z
2024,261.6724189814815,43.08012,-79.06892,2024-09-17T16:08:17.000000Z
2024,261.67243055555554,43.08012,-79.06892,2024-09-17T16:08:18.000000Z
2024,261.67244212962964,43.08012,-79.06892,2024-09-17T16:08:19.000000Z
2024,261.6724537037037,43.08012,-79.06892,2024-09-17T16:08:20.000000Z
2024,261.67246527777775,43.08013,-79.06892,2024-09-17T16:08:21.000000Z
2024,261.67247685185185,43.08013,-79.06892,2024-09-17T16:08:22.000000Z
2024,261.6724884259259,43.08013,-79.06892,2024-09-17T16:08:23.000000Z
2024,261.6826967592593,43.07999,-79.06886,2024-09-17T16:23:05.000000Z
2024,261.6827083333333,43.07999,-79.06886,2024-09-17T16:23:06.000000Z
2024,261.68271990740743,43.07999,-79.06886,2024-09-17T16:23:07.000000Z
2024,261.6827314814815,43.07999,-79.06886,2024-09-17T16:23:08.000000Z
2024,261.6827430555556,43.07999,-79.06886,2024-09-17T16:23:09.000000Z
2024,261.68275462962964,43.07999,-79.06886,2024-09-17T16:23:10.000000Z
2024,261.6827662037037,43.07999,-79.06886,2024-09-17T16:23:11.000000Z
2024,261.6827777777778,43.07999,-79.06887,2024-09-17T16:23:12.000000Z
2024,261.68278935185185,43.07999,-79.06886,2024-09-17T16:23:13.000000Z
2024,261.68280092592596,43.07998,-79.06886,2024-09-17T16:23:14.000000Z
2024,261.6828125,43.07998,-79.06886,2024-09-17T16:23:15.000000Z
2024,261.68282407407406,43.07998,-79.06886,2024-09-17T16:23:16.000000Z
2024,261.68283564814817,43.07998,-79.06886,2024-09-17T16:23:17.000000Z
2024,261.6828472222222,43.07998,-79.06885,2024-09-17T16:23:18.000000Z
2024,261.68285879629633,43.07997,-79.06885,2024-09-17T16:23:19.000000Z
2024,261.6828703703704,43.07998,-79.06884,2024-09-17T16:23:20.000000Z
2024,261.68288194444443,43.07998,-79.06884,2024-09-17T16:23:21.000000Z
2024,261.68289351851854,43.07997,-79.06884,2024-09-17T16:23:22.000000Z
2024,261.6829050925926,43.07997,-79.06884,2024-09-17T16:23:23.000000Z
2024,261.69311342592596,43.08,-79.06877,2024-09-17T16:38:05.000000Z
2024,261.693125,43.08,-79.06878,2024-09-17T16:38:06.000000Z
2024,261.6931365740741,43.08,-79.06878,2024-09-17T16:38:07.000000Z
2024,261.69314814814817,43.08,-79.06878,2024-09-17T16:38:08.000000Z
2024,261.6931597222223,43.08,-79.06879,2024-09-17T16:38:09.000000Z
2024,261.6931712962963,43.08001,-79.06881,2024-09-17T16:38:10.000000Z
2024,261.6931828703704,43.08002,-79.06882,2024-09-17T16:38:11.000000Z
2024,261.6931944444445,43.08002,-79.06882,2024-09-17T16:38:12.000000Z
2024,261.69320601851854,43.08002,-79.06882,2024-09-17T16:38:13.000000Z
2024,261.69321759259265,43.08002,-79.06883,2024-09-17T16:38:14.000000Z
2024,261.6932291666667,43.08003,-79.06883,2024-09-17T16:38:15.000000Z
2024,261.69324074074075,43.08003,-79.06883,2024-09-17T16:38:16.000000Z
2024,261.69325231481486,43.08003,-79.06882,2024-09-17T16:38:17.000000Z
2024,261.6932638888889,43.08003,-79.06882,2024-09-17T16:38:18.000000Z
2024,261.693275462963,43.08004,-79.06882,2024-09-17T16:38:19.000000Z
2024,261.69328703703707,43.08004,-79.06883,2024-09-17T16:38:20.000000Z
2024,261.6932986111111,43.08004,-79.06883,2024-09-17T16:38:21.000000Z
2024,261.6933101851852,43.08004,-79.06883,2024-09-17T16:38:22.000000Z
2024,261.6933217592593,43.08004,-79.06883,2024-09-17T16:38:23.000000Z
2024,261.7035300925926,43.08008,-79.06877,2024-09-17T16:53:05.000000Z
2024,261.70354166666664,43.08009,-79.06877,2024-09-17T16:53:06.000000Z
2024,261.70355324074075,43.0801,-79.06877,2024-09-17T16:53:07.000000Z
2024,261.7035648148148,43.0801,-79.06877,2024-09-17T16:53:08.000000Z
2024,261.7035763888889,43.0801,-79.06877,2024-09-17T16:53:09.000000Z
2024,261.70358796296296,43.08012,-79.06884,2024-09-17T16:53:10.000000Z
2024,261.703599537037,43.08012,-79.06886,2024-09-17T16:53:11.000000Z
2024,261.7036111111111,43.08012,-79.06887,2024-09-17T16:53:12.000000Z
2024,261.70362268518517,43.08013,-79.06887,2024-09-17T16:53:13.000000Z
2024,261.7036342592593,43.08013,-79.06887,2024-09-17T16:53:14.000000Z
2024,261.7036458333333,43.08013,-79.06887,2024-09-17T16:53:15.000000Z
2024,261.7036574074074,43.08013,-79.06887,2024-09-17T16:53:16.000000Z
2024,261.7036689814815,43.08013,-79.06887,2024-09-17T16:53:17.000000Z
2024,261.70368055555554,43.08013,-79.06887,2024-09-17T16:53:18.000000Z
2024,261.70369212962964,43.08013,-79.06887,2024-09-17T16:53:19.000000Z
2024,261.7037037037037,43.08013,-79.06887,2024-09-17T16:53:20.000000Z
2024,261.70371527777775,43.08012,-79.06887,2024-09-17T16:53:21.000000Z
2024,261.70372685185185,43.08012,-79.06887,2024-09-17T16:53:22.000000Z
2024,261.7037384259259,43.08012,-79.06887,2024-09-17T16:53:23.000000Z
2024,261.7139467592592,43.08028,-79.06892,2024-09-17T17:08:05.000000Z
2024,261.71395833333327,43.08029,-79.06892,2024-09-17T17:08:06.000000Z
2024,261.7139699074074,43.08029,-79.06893,2024-09-17T17:08:07.000000Z
2024,261.7139814814814,43.08031,-79.06893,2024-09-17T17:08:08.000000Z
2024,261.71399305555553,43.08031,-79.06893,2024-09-17T17:08:09.000000Z
2024,261.7140046296296,43.08031,-79.06893,2024-09-17T17:08:10.000000Z
2024,261.71401620370364,43.08032,-79.06893,2024-09-17T17:08:11.000000Z
2024,261.71402777777774,43.08031,-79.06893,2024-09-17T17:08:12.000000Z
2024,261.7140393518518,43.08031,-79.06893,2024-09-17T17:08:13.000000Z
2024,261.7140509259259,43.08031,-79.06893,2024-09-17T17:08:14.000000Z
2024,261.71406249999995,43.08031,-79.06893,2024-09-17T17:08:15.000000Z
2024,261.714074074074,43.08031,-79.06893,2024-09-17T17:08:16.000000Z
2024,261.7140856481481,43.08031,-79.06893,2024-09-17T17:08:17.000000Z
2024,261.71409722222216,43.08031,-79.06893,2024-09-17T17:08:18.000000Z
2024,261.7141087962963,43.08031,-79.06893,2024-09-17T17:08:19.000000Z
2024,261.7141203703703,43.08031,-79.06893,2024-09-17T17:08:20.000000Z
2024,261.7141319444444,43.08031,-79.06893,2024-09-17T17:08:21.000000Z
2024,261.7141435185185,43.08031,-79.06893,2024-09-17T17:08:22.000000Z
2024,261.71415509259253,43.08031,-79.06893,2024-09-17T17:08:23.000000Z
2024,261.7243634259259,43.08028,-79.06892,2024-09-17T17:23:05.000000Z
2024,261.72437499999995,43.0803,-79.06893,2024-09-17T17:23:06.000000Z
2024,261.72438657407406,43.08032,-79.06893,2024-09-17T17:23:07.000000Z
2024,261.7243981481481,43.08033,-79.06894,2024-09-17T17:23:08.000000Z
2024,261.7244097222222,43.08034,-79.06895,2024-09-17T17:23:09.000000Z
2024,261.72442129629627,43.08034,-79.06896,2024-09-17T17:23:10.000000Z
2024,261.7244328703703,43.08034,-79.06896,2024-09-17T17:23:11.000000Z
2024,261.72444444444443,43.08035,-79.06896,2024-09-17T17:23:12.000000Z
2024,261.7244560185185,43.08036,-79.06897,2024-09-17T17:23:13.000000Z
2024,261.7244675925926,43.08036,-79.06897,2024-09-17T17:23:14.000000Z
2024,261.72447916666664,43.08036,-79.06897,2024-09-17T17:23:15.000000Z
2024,261.7244907407407,43.08036,-79.06897,2024-09-17T17:23:16.000000Z
2024,261.7245023148148,43.08036,-79.06897,2024-09-17T17:23:17.000000Z
2024,261.72451388888885,43.08036,-79.06897,2024-09-17T17:23:18.000000Z
2024,261.72452546296296,43.08036,-79.06897,2024-09-17T17:23:19.000000Z
2024,261.724537037037,43.08036,-79.06898,2024-09-17T17:23:20.000000Z
2024,261.72454861111106,43.08036,-79.06898,2024-09-17T17:23:21.000000Z
2024,261.72456018518517,43.08036,-79.06898,2024-09-17T17:23:22.000000Z
2024,261.7245717592592,43.08036,-79.06899,2024-09-17T17:23:23.000000Z
2024,261.7347800925926,43.08037,-79.06892,2024-09-17T17:38:05.000000Z
2024,261.73479166666664,43.08038,-79.06891,2024-09-17T17:38:06.000000Z
2024,261.73480324074075,43.08039,-79.0689,2024-09-17T17:38:07.000000Z
2024,261.7348148148148,43.08039,-79.0689,2024-09-17T17:38:08.000000Z
2024,261.7348263888889,43.08039,-79.06889,2024-09-17T17:38:09.000000Z
2024,261.73483796296296,43.08026,-79.06895,2024-09-17T17:38:10.000000Z
2024,261.734849537037,43.08023,-79.06897,2024-09-17T17:38:11.000000Z
2024,261.7348611111111,43.08019,-79.069,2024-09-17T17:38:12.000000Z
2024,261.73487268518517,43.08017,-79.06902,2024-09-17T17:38:13.000000Z
2024,261.7348842592593,43.08016,-79.06903,2024-09-17T17:38:14.000000Z
2024,261.7348958333333,43.08016,-79.06903,2024-09-17T17:38:15.000000Z
2024,261.7349074074074,43.08015,-79.06904,2024-09-17T17:38:16.000000Z
2024,261.7349189814815,43.08015,-79.06905,2024-09-17T17:38:17.000000Z
2024,261.73493055555554,43.08015,-79.06905,2024-09-17T17:38:18.000000Z
2024,261.73494212962964,43.08015,-79.06905,2024-09-17T17:38:19.000000Z
2024,261.7349537037037,43.08015,-79.06906,2024-09-17T17:38:20.000000Z
2024,261.73496527777775,43.08016,-79.06906,2024-09-17T17:38:21.000000Z
2024,261.73497685185185,43.08016,-79.06906,2024-09-17T17:38:22.000000Z
2024,261.7349884259259,43.08016,-79.06906,2024-09-17T17:38:23.000000Z
2024,261.7451967592592,43.0802,-79.06902,2024-09-17T17:53:05.000000Z
2024,261.74520833333327,43.08021,-79.06901,2024-09-17T17:53:06.000000Z
2024,261.7452199074074,43.08022,-79.06901,2024-09-17T17:53:07.000000Z
2024,261.7452314814814,43.08023,-79.069,2024-09-17T17:53:08.000000Z
2024,261.74524305555553,43.08023,-79.069,2024-09-17T17:53:09.000000Z
2024,261.7452546296296,43.08024,-79.069,2024-09-17T17:53:10.000000Z
2024,261.74526620370364,43.08024,-79.06901,2024-09-17T17:53:11.000000Z
2024,261.74527777777774,43.08024,-79.06902,2024-09-17T17:53:12.000000Z
2024,261.7452893518518,43.08024,-79.06902,2024-09-17T17:53:13.000000Z
2024,261.7453009259259,43.08024,-79.06903,2024-09-17T17:53:14.000000Z
2024,261.74531249999995,43.08024,-79.06903,2024-09-17T17:53:15.000000Z
2024,261.745324074074,43.08025,-79.06903,2024-09-17T17:53:16.000000Z
2024,261.7453356481481,43.08026,-79.06902,2024-09-17T17:53:17.000000Z
2024,261.74534722222216,43.08026,-79.06902,2024-09-17T17:53:18.000000Z
2024,261.7453587962963,43.08027,-79.06902,2024-09-17T17:53:19.000000Z
2024,261.7453703703703,43.08028,-79.06901,2024-09-17T17:53:20.000000Z
2024,261.7453819444444,43.08029,-79.06901,2024-09-17T17:53:21.000000Z
2024,261.7453935185185,43.0803,-79.06901,2024-09-17T17:53:22.000000Z
2024,261.74540509259253,43.0803,-79.06901,2024-09-17T17:53:23.000000Z
2024,261.7556134259259,43.08031,-79.06888,2024-09-17T18:08:05.000000Z
2024,261.75562499999995,43.08031,-79.06888,2024-09-17T18:08:06.000000Z
2024,261.75563657407406,43.08031,-79.06888,2024-09-17T18:08:07.000000Z
2024,261.7556481481481,43.08032,-79.06888,2024-09-17T18:08:08.000000Z
2024,261.7556597222222,43.08032,-79.06888,2024-09-17T18:08:09.000000Z
2024,261.75567129629627,43.08032,-79.06888,2024-09-17T18:08:10.000000Z
2024,261.7556828703703,43.08032,-79.06889,2024-09-17T18:08:11.000000Z
2024,261.75569444444443,43.08032,-79.06889,2024-09-17T18:08:12.000000Z
2024,261.7557060185185,43.08032,-79.06889,2024-09-17T18:08:13.000000Z
2024,261.7557175925926,43.08031,-79.06889,2024-09-17T18:08:14.000000Z
2024,261.75572916666664,43.08031,-79.06888,2024-09-17T18:08:15.000000Z
2024,261.7557407407407,43.08031,-79.06888,2024-09-17T18:08:16.000000Z
2024,261.7557523148148,43.08031,-79.06888,2024-09-17T18:08:17.000000Z
2024,261.75576388888885,43.08031,-79.06888,2024-09-17T18:08:18.000000Z
2024,261.75577546296296,43.08031,-79.06888,2024-09-17T18:08:19.000000Z
2024,261.755787037037,43.08031,-79.06888,2024-09-17T18:08:20.000000Z
2024,261.75579861111106,43.08031,-79.06888,2024-09-17T18:08:21.000000Z
2024,261.75581018518517,43.08031,-79.06888,2024-09-17T18:08:22.000000Z
2024,261.7558217592592,43.08031,-79.06888,2024-09-17T18:08:23.000000Z
2024,261.76601851851854,43.0803,-79.06907,2024-09-17T18:23:04.000000Z
2024,261.7660300925926,43.08029,-79.06906,2024-09-17T18:23:05.000000Z
2024,261.76604166666664,43.0803,-79.06906,2024-09-17T18:23:06.000000Z
2024,261.76605324074075,43.08031,-79.06906,2024-09-17T18:23:07.000000Z
2024,261.7660648148148,43.08031,-79.06906,2024-09-17T18:23:08.000000Z
2024,261.7660763888889,43.08031,-79.06906,2024-09-17T18:23:09.000000Z
2024,261.76608796296296,43.08031,-79.06906,2024-09-17T18:23:10.000000Z
2024,261.766099537037,43.08031,-79.06906,2024-09-17T18:23:11.000000Z
2024,261.7661111111111,43.08031,-79.06906,2024-09-17T18:23:12.000000Z
2024,261.76612268518517,43.08031,-79.06906,2024-09-17T18:23:13.000000Z
2024,261.7661342592593,43.08031,-79.06906,2024-09-17T18:23:14.000000Z
2024,261.7661458333333,43.08031,-79.06906,2024-09-17T18:23:15.000000Z
2024,261.7661574074074,43.08031,-79.06906,2024-09-17T18:23:16.000000Z
2024,261.7661689814815,43.08031,-79.06906,2024-09-17T18:23:17.000000Z
2024,261.76618055555554,43.08031,-79.06906,2024-09-17T18:23:18.000000Z
2024,261.76619212962964,43.08031,-79.06906,2024-09-17T18:23:19.000000Z
2024,261.7662037037037,43.0803,-79.06906,2024-09-17T18:23:20.000000Z
2024,261.76621527777775,43.0803,-79.06906,2024-09-17T18:23:21.000000Z
2024,261.76622685185185,43.0803,-79.06906,2024-09-17T18:23:22.000000Z
2024,261.7764351851852,43.08033,-79.06893,2024-09-17T18:38:04.000000Z
2024,261.7764467592593,43.08033,-79.06894,2024-09-17T18:38:05.000000Z
2024,261.7764583333333,43.08034,-79.06894,2024-09-17T18:38:06.000000Z
2024,261.77646990740743,43.08034,-79.06894,2024-09-17T18:38:07.000000Z
2024,261.7764814814815,43.08035,-79.06895,2024-09-17T18:38:08.000000Z
2024,261.7764930555556,43.08035,-79.06895,2024-09-17T18:38:09.000000Z
2024,261.77650462962964,43.08035,-79.06896,2024-09-17T18:38:10.000000Z
2024,261.7765162037037,43.08035,-79.06896,2024-09-17T18:38:11.000000Z
2024,261.7765277777778,43.08035,-79.06897,2024-09-17T18:38:12.000000Z
2024,261.77653935185185,43.08035,-79.06898,2024-09-17T18:38:13.000000Z
2024,261.77655092592596,43.08035,-79.06899,2024-09-17T18:38:14.000000Z
2024,261.7765625,43.08036,-79.06899,2024-09-17T18:38:15.000000Z
2024,261.77657407407406,43.08036,-79.069,2024-09-17T18:38:16.000000Z
2024,261.77658564814817,43.08036,-79.069,2024-09-17T18:38:17.000000Z
2024,261.7765972222222,43.08035,-79.06901,2024-09-17T18:38:18.000000Z
2024,261.77660879629633,43.08035,-79.06901,2024-09-17T18:38:19.000000Z
2024,261.7766203703704,43.08035,-79.06901,2024-09-17T18:38:20.000000Z
2024,261.77663194444443,43.08035,-79.06901,2024-09-17T18:38:21.000000Z
2024,261.77664351851854,43.08035,-79.06902,2024-09-17T18:38:22.000000Z
2024,261.78685185185185,43.08037,-79.0689,2024-09-17T18:53:04.000000Z
2024,261.7868634259259,43.08037,-79.0689,2024-09-17T18:53:05.000000Z
2024,261.78687499999995,43.08038,-79.06891,2024-09-17T18:53:06.000000Z
2024,261.78688657407406,43.08038,-79.06891,2024-09-17T18:53:07.000000Z
2024,261.7868981481481,43.08038,-79.06891,2024-09-17T18:53:08.000000Z
2024,261.7869097222222,43.08039,-79.06892,2024-09-17T18:53:09.000000Z
2024,261.78692129629627,43.08037,-79.06892,2024-09-17T18:53:10.000000Z
2024,261.7869328703703,43.08037,-79.06893,2024-09-17T18:53:11.000000Z
2024,261.78694444444443,43.08036,-79.06893,2024-09-17T18:53:12.000000Z
2024,261.7869560185185,43.08036,-79.06893,2024-09-17T18:53:13.000000Z
2024,261.7869675925926,43.08036,-79.06893,2024-09-17T18:53:14.000000Z
2024,261.78697916666664,43.08036,-79.06893,2024-09-17T18:53:15.000000Z
2024,261.7869907407407,43.08036,-79.06893,2024-09-17T18:53:16.000000Z
2024,261.7870023148148,43.08036,-79.06893,2024-09-17T18:53:17.000000Z
2024,261.78701388888885,43.08036,-79.06892,2024-09-17T18:53:18.000000Z
2024,261.78702546296296,43.08036,-79.06891,2024-09-17T18:53:19.000000Z
2024,261.787037037037,43.08036,-79.06891,2024-09-17T18:53:20.000000Z
2024,261.78704861111106,43.08036,-79.0689,2024-09-17T18:53:21.000000Z
2024,261.78706018518517,43.08037,-79.0689,2024-09-17T18:53:22.000000Z
2024,261.79726851851854,43.08032,-79.06905,2024-09-17T19:08:04.000000Z
2024,261.7972800925926,43.08032,-79.06905,2024-09-17T19:08:05.000000Z
2024,261.79729166666664,43.08032,-79.06906,2024-09-17T19:08:06.000000Z
2024,261.79730324074075,43.08033,-79.06906,2024-09-17T19:08:07.000000Z
2024,261.7973148148148,43.08033,-79.06906,2024-09-17T19:08:08.000000Z
2024,261.7973263888889,43.08033,-79.06906,2024-09-17T19:08:09.000000Z
2024,261.79733796296296,43.08033,-79.06906,2024-09-17T19:08:10.000000Z
2024,261.797349537037,43.08033,-79.06906,2024-09-17T19:08:11.000000Z
2024,261.7973611111111,43.08033,-79.06906,2024-09-17T19:08:12.000000Z
2024,261.79737268518517,43.08033,-79.06907,2024-09-17T19:08:13.000000Z
2024,261.7973842592593,43.08033,-79.06907,2024-09-17T19:08:14.000000Z
2024,261.7973958333333,43.08032,-79.06908,2024-09-17T19:08:15.000000Z
2024,261.7974074074074,43.08032,-79.06909,2024-09-17T19:08:16.000000Z
2024,261.7974189814815,43.08032,-79.06909,2024-09-17T19:08:17.000000Z
2024,261.79743055555554,43.08032,-79.06909,2024-09-17T19:08:18.000000Z
2024,261.79744212962964,43.08032,-79.0691,2024-09-17T19:08:19.000000Z
2024,261.7974537037037,43.08032,-79.0691,2024-09-17T19:08:20.000000Z
2024,261.79746527777775,43.08032,-79.06911,2024-09-17T19:08:21.000000Z
2024,261.79747685185185,43.08032,-79.06911,2024-09-17T19:08:22.000000Z
2024,261.8076851851852,43.08016,-79.06919,2024-09-17T19:23:04.000000Z
2024,261.8076967592593,43.08016,-79.06918,2024-09-17T19:23:05.000000Z
2024,261.8077083333333,43.08016,-79.06918,2024-09-17T19:23:06.000000Z
2024,261.80771990740743,43.08016,-79.06917,2024-09-17T19:23:07.000000Z
2024,261.8077314814815,43.08017,-79.06917,2024-09-17T19:23:08.000000Z
2024,261.8077430555556,43.08017,-79.06917,2024-09-17T19:23:09.000000Z
2024,261.80775462962964,43.08018,-79.06917,2024-09-17T19:23:10.000000Z
2024,261.8077662037037,43.08019,-79.06916,2024-09-17T19:23:11.000000Z
2024,261.8077777777778,43.0802,-79.06916,2024-09-17T19:23:12.000000Z
2024,261.80778935185185,43.0802,-79.06916,2024-09-17T19:23:13.000000Z
2024,261.80780092592596,43.0802,-79.06915,2024-09-17T19:23:14.000000Z
2024,261.8078125,43.08021,-79.06913,2024-09-17T19:23:15.000000Z
2024,261.80782407407406,43.08021,-79.06912,2024-09-17T19:23:16.000000Z
2024,261.80783564814817,43.08021,-79.06912,2024-09-17T19:23:17.000000Z
2024,261.8078472222222,43.08022,-79.06912,2024-09-17T19:23:18.000000Z
2024,261.80785879629633,43.08022,-79.06911,2024-09-17T19:23:19.000000Z
2024,261.8078703703704,43.08022,-79.06911,2024-09-17T19:23:20.000000Z
2024,261.80788194444443,43.08022,-79.06911,2024-09-17T19:23:21.000000Z
2024,261.80789351851854,43.08022,-79.06911,2024-09-17T19:23:22.000000Z
2024,261.8181018518519,43.08027,-79.06924,2024-09-17T19:38:04.000000Z
2024,261.81811342592596,43.08027,-79.06923,2024-09-17T19:38:05.000000Z
2024,261.818125,43.08027,-79.06923,2024-09-17T19:38:06.000000Z
2024,261.8181365740741,43.08026,-79.06922,2024-09-17T19:38:07.000000Z
2024,261.81814814814817,43.08026,-79.06922,2024-09-17T19:38:08.000000Z
2024,261.8181597222223,43.08027,-79.06922,2024-09-17T19:38:09.000000Z
2024,261.8181712962963,43.08026,-79.06921,2024-09-17T19:38:10.000000Z
2024,261.8181828703704,43.08026,-79.06921,2024-09-17T19:38:11.000000Z
2024,261.8181944444445,43.08026,-79.06921,2024-09-17T19:38:12.000000Z
2024,261.81820601851854,43.08026,-79.0692,2024-09-17T19:38:13.000000Z
2024,261.81821759259265,43.08026,-79.0692,2024-09-17T19:38:14.000000Z
2024,261.8182291666667,43.08026,-79.0692,2024-09-17T19:38:15.000000Z
2024,261.81824074074075,43.08026,-79.06919,2024-09-17T19:38:16.000000Z
2024,261.81825231481486,43.08026,-79.06919,2024-09-17T19:38:17.000000Z
2024,261.8182638888889,43.08026,-79.06919,2024-09-17T19:38:18.000000Z
2024,261.818275462963,43.08026,-79.06919,2024-09-17T19:38:19.000000Z
2024,261.81828703703707,43.08026,-79.06919,2024-09-17T19:38:20.000000Z
2024,261.8183101851852,43.08026,-79.06919,2024-09-17T19:38:22.000000Z
2024,261.82851851851854,43.0802,-79.06932,2024-09-17T19:53:04.000000Z
2024,261.8285300925926,43.08019,-79.06934,2024-09-17T19:53:05.000000Z
2024,261.82854166666664,43.08018,-79.06934,2024-09-17T19:53:06.000000Z
2024,261.82855324074075,43.08017,-79.06933,2024-09-17T19:53:07.000000Z
2024,261.8285648148148,43.08016,-79.06935,2024-09-17T19:53:08.000000Z
2024,261.8285763888889,43.08016,-79.06934,2024-09-17T19:53:09.000000Z
2024,261.82858796296296,43.08015,-79.06932,2024-09-17T19:53:10.000000Z
2024,261.828599537037,43.08015,-79.06932,2024-09-17T19:53:11.000000Z
2024,261.8286111111111,43.08014,-79.06932,2024-09-17T19:53:12.000000Z
2024,261.82862268518517,43.08014,-79.06932,2024-09-17T19:53:13.000000Z
2024,261.8286342592593,43.08014,-79.06932,2024-09-17T19:53:14.000000Z
2024,261.8286458333333,43.08013,-79.06933,2024-09-17T19:53:15.000000Z
2024,261.8286574074074,43.08013,-79.06932,2024-09-17T19:53:16.000000Z
2024,261.8286689814815,43.08013,-79.06934,2024-09-17T19:53:17.000000Z
2024,261.82868055555554,43.08013,-79.06933,2024-09-17T19:53:18.000000Z
2024,261.82869212962964,43.08013,-79.06933,2024-09-17T19:53:19.000000Z
2024,261.8287037037037,43.08013,-79.06932,2024-09-17T19:53:20.000000Z
2024,261.82871527777775,43.08013,-79.06932,2024-09-17T19:53:21.000000Z
2024,261.82872685185185,43.08013,-79.06931,2024-09-17T19:53:22.000000Z
2024,261.83893518518516,43.08021,-79.06906,2024-09-17T20:08:04.000000Z
2024,261.8389467592592,43.08021,-79.06906,2024-09-17T20:08:05.000000Z
2024,261.83895833333327,43.08021,-79.06906,2024-09-17T20:08:06.000000Z
2024,261.8389699074074,43.0802,-79.06906,2024-09-17T20:08:07.000000Z
2024,261.8389814814814,43.0802,-79.06906,2024-09-17T20:08:08.000000Z
2024,261.83899305555553,43.0802,-79.06906,2024-09-17T20:08:09.000000Z
2024,261.8390046296296,43.0802,-79.06906,2024-09-17T20:08:10.000000Z
2024,261.83901620370364,43.0802,-79.06906,2024-09-17T20:08:11.000000Z
2024,261.83902777777774,43.0802,-79.06907,2024-09-17T20:08:12.000000Z
2024,261.8390393518518,43.08021,-79.06907,2024-09-17T20:08:13.000000Z
2024,261.8390509259259,43.08021,-79.06908,2024-09-17T20:08:14.000000Z
2024,261.83906249999995,43.08021,-79.06908,2024-09-17T20:08:15.000000Z
2024,261.839074074074,43.08021,-79.06908,2024-09-17T20:08:16.000000Z
2024,261.8390856481481,43.08022,-79.06908,2024-09-17T20:08:17.000000Z
2024,261.83909722222216,43.08022,-79.06908,2024-09-17T20:08:18.000000Z
2024,261.8391087962963,43.08022,-79.06908,2024-09-17T20:08:19.000000Z
2024,261.8391203703703,43.08022,-79.06909,2024-09-17T20:08:20.000000Z
2024,261.8391319444444,43.08022,-79.06909,2024-09-17T20:08:21.000000Z
2024,261.8391435185185,43.08022,-79.06909,2024-09-17T20:08:22.000000Z
2024,261.84935185185185,43.08018,-79.069,2024-09-17T20:23:04.000000Z
2024,261.8493634259259,43.08017,-79.069,2024-09-17T20:23:05.000000Z
2024,261.84937499999995,43.08016,-79.06901,2024-09-17T20:23:06.000000Z
2024,261.84938657407406,43.08016,-79.06902,2024-09-17T20:23:07.000000Z
2024,261.8493981481481,43.08016,-79.06903,2024-09-17T20:23:08.000000Z
2024,261.8494097222222,43.08016,-79.06903,2024-09-17T20:23:09.000000Z
2024,261.84942129629627,43.08015,-79.06904,2024-09-17T20:23:10.000000Z
2024,261.8494328703703,43.08015,-79.06905,2024-09-17T20:23:11.000000Z
2024,261.84944444444443,43.08015,-79.06906,2024-09-17T20:23:12.000000Z
2024,261.8494560185185,43.08015,-79.06906,2024-09-17T20:23:13.000000Z
2024,261.8494675925926,43.08015,-79.06906,2024-09-17T20:23:14.000000Z
2024,261.84947916666664,43.08014,-79.06906,2024-09-17T20:23:15.000000Z
2024,261.8494907407407,43.08015,-79.06907,2024-09-17T20:23:16.000000Z
2024,261.8495023148148,43.08015,-79.06908,2024-09-17T20:23:17.000000Z
2024,261.84951388888885,43.08015,-79.06908,2024-09-17T20:23:18.000000Z
2024,261.84952546296296,43.08015,-79.06908,2024-09-17T20:23:19.000000Z
2024,261.849537037037,43.08014,-79.06908,2024-09-17T20:23:20.000000Z
2024,261.84954861111106,43.08014,-79.06909,2024-09-17T20:23:21.000000Z
2024,261.84956018518517,43.08014,-79.06909,2024-09-17T20:23:22.000000Z
2024,261.85715277777774,43.08033,-79.06908,2024-09-17T20:34:18.000000Z
2024,261.85716435185185,43.08033,-79.06909,2024-09-17T20:34:19.000000Z
2024,261.8571759259259,43.08033,-79.06909,2024-09-17T20:34:20.000000Z
2024,261.85718749999995,43.08033,-79.06909,2024-09-17T20:34:21.000000Z
2024,261.85719907407406,43.08033,-79.06909,2024-09-17T20:34:22.000000Z
2024,261.8572106481481,43.08033,-79.06909,2024-09-17T20:34:23.000000Z
2024,261.8572222222222,43.08033,-79.06908,2024-09-17T20:34:24.000000Z
2024,261.85723379629627,43.08032,-79.06908,2024-09-17T20:34:25.000000Z
2024,261.8572453703703,43.08032,-79.06907,2024-09-17T20:34:26.000000Z
2024,261.85725694444443,43.08032,-79.06906,2024-09-17T20:34:27.000000Z
2024,261.8572685185185,43.08032,-79.06906,2024-09-17T20:34:28.000000Z
2024,261.8572800925926,43.08032,-79.06906,2024-09-17T20:34:29.000000Z
2024,261.85729166666664,43.08032,-79.06906,2024-09-17T20:34:30.000000Z
2024,261.8573032407407,43.08032,-79.06905,2024-09-17T20:34:31.000000Z
2024,261.8573148148148,43.08032,-79.06905,2024-09-17T20:34:32.000000Z
2024,261.85732638888885,43.08032,-79.06904,2024-09-17T20:34:33.000000Z
2024,261.85733796296296,43.08032,-79.06904,2024-09-17T20:34:34.000000Z
2024,261.857349537037,43.08032,-79.06904,2024-09-17T20:34:35.000000Z
2024,261.8573611111111,43.08032,-79.06904,2024-09-17T20:34:36.000000Z
2024,261.85737268518517,43.08032,-79.06904,2024-09-17T20:34:37.000000Z
2024,261.8573842592592,43.08032,-79.06904,2024-09-17T20:34:38.000000Z
2024,261.8573958333333,43.08032,-79.06903,2024-09-17T20:34:39.000000Z
2024,261.8574074074074,43.08032,-79.06903,2024-09-17T20:34:40.000000Z
2024,261.8574189814815,43.08032,-79.06903,2024-09-17T20:34:41.000000Z
2024,261.85743055555554,43.08032,-79.06903,2024-09-17T20:34:42.000000Z
2024,261.8574421296296,43.08032,-79.06903,2024-09-17T20:34:43.000000Z
2024,261.8574537037037,43.08032,-79.06903,2024-09-17T20:34:44.000000Z
2024,261.85746527777775,43.08033,-79.06902,2024-09-17T20:34:45.000000Z
2024,261.85747685185186,43.08033,-79.06901,2024-09-17T20:34:46.000000Z
2024,261.8574884259259,43.08033,-79.069,2024-09-17T20:34:47.000000Z
2024,261.85749999999996,43.08034,-79.069,2024-09-17T20:34:48.000000Z
2024,261.85751157407407,43.08034,-79.069,2024-09-17T20:34:49.000000Z
2024,261.8575231481481,43.08034,-79.06899,2024-09-17T20:34:50.000000Z
2024,261.8575347222222,43.08034,-79.06898,2024-09-17T20:34:51.000000Z
2024,261.8575462962963,43.08034,-79.06898,2024-09-17T20:34:52.000000Z
2024,261.85755787037033,43.08034,-79.06898,2024-09-17T20:34:53.000000Z
2024,261.85756944444444,43.08034,-79.06898,2024-09-17T20:34:54.000000Z
2024,261.8575810185185,43.08034,-79.06898,2024-09-17T20:34:55.000000Z
2024,261.8575925925926,43.08034,-79.06898,2024-09-17T20:34:56.000000Z
2024,261.85760416666665,43.08034,-79.06898,2024-09-17T20:34:57.000000Z
2024,261.8576157407407,43.08034,-79.06898,2024-09-17T20:34:58.000000Z
2024,261.8576273148148,43.08034,-79.06898,2024-09-17T20:34:59.000000Z
2024,261.85763888888886,43.08033,-79.06899,2024-09-17T20:35:00.000000Z
2024,261.8576504629629,43.08034,-79.06898,2024-09-17T20:35:01.000000Z
2024,261.857662037037,43.08034,-79.06899,2024-09-17T20:35:02.000000Z
2024,261.85767361111107,43.08034,-79.06898,2024-09-17T20:35:03.000000Z
2024,261.8576851851852,43.08034,-79.06898,2024-09-17T20:35:04.000000Z
2024,261.8576967592592,43.08034,-79.06897,2024-09-17T20:35:05.000000Z
2024,261.8577083333333,43.08034,-79.06897,2024-09-17T20:35:06.000000Z
2024,261.8577199074074,43.08034,-79.06897,2024-09-17T20:35:07.000000Z
2024,261.85773148148144,43.08034,-79.06897,2024-09-17T20:35:08.000000Z
2024,261.85774305555555,43.08034,-79.06897,2024-09-17T20:35:09.000000Z
2024,261.8577546296296,43.08034,-79.06897,2024-09-17T20:35:10.000000Z
2024,261.85776620370365,43.08034,-79.06896,2024-09-17T20:35:11.000000Z
2024,261.85777777777776,43.08034,-79.06896,2024-09-17T20:35:12.000000Z
2024,261.8577893518518,43.08034,-79.06896,2024-09-17T20:35:13.000000Z
2024,261.8578009259259,43.08034,-79.06896,2024-09-17T20:35:14.000000Z
2024,261.85781249999997,43.08034,-79.06896,2024-09-17T20:35:15.000000Z
2024,261.857824074074,43.08034,-79.06896,2024-09-17T20:35:16.000000Z
2024,261.8578356481481,43.08034,-79.06896,2024-09-17T20:35:17.000000Z
2024,261.8578472222222,43.08034,-79.06896,2024-09-17T20:35:18.000000Z
2024,261.8578587962963,43.08034,-79.06896,2024-09-17T20:35:19.000000Z
2024,261.85787037037034,43.08034,-79.06896,2024-09-17T20:35:20.000000Z
2024,261.8578819444444,43.08034,-79.06896,2024-09-17T20:35:21.000000Z
2024,261.8578935185185,43.08034,-79.06896,2024-09-17T20:35:22.000000Z
2024,261.85790509259255,43.08034,-79.06896,2024-09-17T20:35:23.000000Z
2024,261.85791666666665,43.08034,-79.06896,2024-09-17T20:35:24.000000Z
2024,261.8579282407407,43.08034,-79.06896,2024-09-17T20:35:25.000000Z
2024,261.85793981481476,43.08034,-79.06896,2024-09-17T20:35:26.000000Z
2024,261.85795138888886,43.08034,-79.06896,2024-09-17T20:35:27.000000Z
2024,261.8579629629629,43.08034,-79.06896,2024-09-17T20:35:28.000000Z
2024,261.857974537037,43.08034,-79.06896,2024-09-17T20:35:29.000000Z
2024,261.8579861111111,43.08034,-79.06896,2024-09-17T20:35:30.000000Z
2024,261.8579976851851,43.08034,-79.06896,2024-09-17T20:35:31.000000Z
2024,261.85800925925923,43.08034,-79.06896,2024-09-17T20:35:32.000000Z
2024,261.8580208333333,43.08034,-79.06896,2024-09-17T20:35:33.000000Z
2024,261.8580324074074,43.08034,-79.06896,2024-09-17T20:35:34.000000Z
2024,261.85804398148144,43.08034,-79.06896,2024-09-17T20:35:35.000000Z
2024,261.85805555555555,43.08034,-79.06896,2024-09-17T20:35:36.000000Z
2024,261.8580671296296,43.08034,-79.06896,2024-09-17T20:35:37.000000Z
2024,261.85807870370365,43.08034,-79.06896,2024-09-17T20:35:38.000000Z
2024,261.85809027777776,43.08034,-79.06896,2024-09-17T20:35:39.000000Z
2024,261.8581018518518,43.08034,-79.06896,2024-09-17T20:35:40.000000Z
2024,261.8581134259259,43.08034,-79.06896,2024-09-17T20:35:41.000000Z
2024,261.858125,43.08034,-79.06896,2024-09-17T20:35:42.000000Z
2024,261.858136574074,43.08034,-79.06896,2024-09-17T20:35:43.000000Z
2024,261.85814814814813,43.08034,-79.06896,2024-09-17T20:35:44.000000Z
2024,261.8581597222222,43.08034,-79.06895,2024-09-17T20:35:45.000000Z
2024,261.8581712962963,43.08034,-79.06895,2024-09-17T20:35:46.000000Z
2024,261.85818287037034,43.08034,-79.06895,2024-09-17T20:35:47.000000Z
2024,261.8581944444444,43.08034,-79.06895,2024-09-17T20:35:48.000000Z
2024,261.8582060185185,43.08034,-79.06895,2024-09-17T20:35:49.000000Z
2024,261.85821759259255,43.08033,-79.06895,2024-09-17T20:35:50.000000Z
2024,261.85822916666666,43.08033,-79.06894,2024-09-17T20:35:51.000000Z
2024,261.8582407407407,43.08033,-79.06894,2024-09-17T20:35:52.000000Z
2024,261.85825231481476,43.08033,-79.06894,2024-09-17T20:35:53.000000Z
2024,261.85826388888887,43.08033,-79.06894,2024-09-17T20:35:54.000000Z
2024,261.8582754629629,43.08033,-79.06894,2024-09-17T20:35:55.000000Z
2024,261.85828703703703,43.08033,-79.06893,2024-09-17T20:35:56.000000Z
2024,261.8582986111111,43.08033,-79.06893,2024-09-17T20:35:57.000000Z
2024,261.85831018518513,43.08033,-79.06893,2024-09-17T20:35:58.000000Z
2024,261.85832175925924,43.08032,-79.06893,2024-09-17T20:35:59.000000Z
2024,261.8583333333333,43.08032,-79.06893,2024-09-17T20:36:00.000000Z
2024,261.85834490740734,43.08032,-79.06893,2024-09-17T20:36:01.000000Z
2024,261.85835648148145,43.08032,-79.06893,2024-09-17T20:36:02.000000Z
2024,261.8583680555555,43.08032,-79.06893,2024-09-17T20:36:03.000000Z
2024,261.8583796296296,43.08032,-79.06893,2024-09-17T20:36:04.000000Z
2024,261.85839120370366,43.08032,-79.06893,2024-09-17T20:36:05.000000Z
2024,261.8584027777777,43.08032,-79.06893,2024-09-17T20:36:06.000000Z
2024,261.8584143518518,43.08032,-79.06892,2024-09-17T20:36:07.000000Z
2024,261.85842592592587,43.08032,-79.06892,2024-09-17T20:36:08.000000Z
2024,261.8584375,43.08032,-79.06892,2024-09-17T20:36:09.000000Z
2024,261.85844907407403,43.08032,-79.06893,2024-09-17T20:36:10.000000Z
2024,261.8584606481481,43.08032,-79.06893,2024-09-17T20:36:11.000000Z
2024,261.8584722222222,43.08033,-79.06893,2024-09-17T20:36:12.000000Z
2024,261.85848379629624,43.08033,-79.06893,2024-09-17T20:36:13.000000Z
2024,261.85849537037035,43.08033,-79.06893,2024-09-17T20:36:14.000000Z
2024,261.8585069444444,43.08033,-79.06893,2024-09-17T20:36:15.000000Z
2024,261.85851851851845,43.08033,-79.06893,2024-09-17T20:36:16.000000Z
2024,261.85853009259256,43.08033,-79.06893,2024-09-17T20:36:17.000000Z
2024,261.8585416666666,43.08033,-79.06893,2024-09-17T20:36:18.000000Z
2024,261.8585532407407,43.08033,-79.06894,2024-09-17T20:36:19.000000Z
2024,261.85856481481477,43.08034,-79.06894,2024-09-17T20:36:20.000000Z
2024,261.8585763888888,43.08034,-79.06894,2024-09-17T20:36:21.000000Z
2024,261.85858796296293,43.08034,-79.06894,2024-09-17T20:36:22.000000Z
2024,261.858599537037,43.08034,-79.06894,2024-09-17T20:36:23.000000Z
2024,261.8586111111111,43.08034,-79.06895,2024-09-17T20:36:24.000000Z
2024,261.85862268518514,43.08034,-79.06895,2024-09-17T20:36:25.000000Z
2024,261.8586342592592,43.08034,-79.06895,2024-09-17T20:36:26.000000Z
2024,261.8586458333333,43.08034,-79.06895,2024-09-17T20:36:27.000000Z
2024,261.85865740740735,43.08034,-79.06895,2024-09-17T20:36:28.000000Z
2024,261.85866898148146,43.08035,-79.06895,2024-09-17T20:36:29.000000Z
2024,261.8586805555555,43.08035,-79.06895,2024-09-17T20:36:30.000000Z
2024,261.85869212962956,43.08035,-79.06896,2024-09-17T20:36:31.000000Z
2024,261.85870370370367,43.08035,-79.06896,2024-09-17T20:36:32.000000Z
2024,261.8587152777777,43.08035,-79.06896,2024-09-17T20:36:33.000000Z
2024,261.8587268518518,43.08036,-79.06896,2024-09-17T20:36:34.000000Z
2024,261.8587384259259,43.08036,-79.06896,2024-09-17T20:36:35.000000Z
2024,261.85875,43.08036,-79.06896,2024-09-17T20:36:36.000000Z
2024,261.85876157407404,43.08036,-79.06896,2024-09-17T20:36:37.000000Z
2024,261.8587731481481,43.08036,-79.06896,2024-09-17T20:36:38.000000Z
2024,261.8587847222222,43.08036,-79.06896,2024-09-17T20:36:39.000000Z
2024,261.85879629629625,43.08036,-79.06896,2024-09-17T20:36:40.000000Z
2024,261.85880787037036,43.08036,-79.06896,2024-09-17T20:36:41.000000Z
2024,261.8588194444444,43.08037,-79.06896,2024-09-17T20:36:42.000000Z
2024,261.85883101851846,43.08037,-79.06896,2024-09-17T20:36:43.000000Z
2024,261.85884259259257,43.08037,-79.06896,2024-09-17T20:36:44.000000Z
2024,261.8588541666666,43.08037,-79.06896,2024-09-17T20:36:45.000000Z
2024,261.8588657407407,43.08037,-79.06896,2024-09-17T20:36:46.000000Z
2024,261.8588773148148,43.08037,-79.06896,2024-09-17T20:36:47.000000Z
2024,261.8588888888888,43.08037,-79.06896,2024-09-17T20:36:48.000000Z
2024,261.85890046296294,43.08037,-79.06896,2024-09-17T20:36:49.000000Z
2024,261.858912037037,43.08037,-79.06896,2024-09-17T20:36:50.000000Z
2024,261.8589236111111,43.08037,-79.06896,2024-09-17T20:36:51.000000Z
2024,261.85893518518515,43.08037,-79.06896,2024-09-17T20:36:52.000000Z
2024,261.8589467592592,43.08037,-79.06896,2024-09-17T20:36:53.000000Z
2024,261.8589583333333,43.08037,-79.06896,2024-09-17T20:36:54.000000Z
2024,261.85896990740736,43.08036,-79.06896,2024-09-17T20:36:55.000000Z
2024,261.85898148148146,43.08036,-79.06896,2024-09-17T20:36:56.000000Z
2024,261.8589930555555,43.08036,-79.06896,2024-09-17T20:36:57.000000Z
2024,261.85900462962957,43.08036,-79.06896,2024-09-17T20:36:58.000000Z
2024,261.8590162037037,43.08036,-79.06896,2024-09-17T20:36:59.000000Z
2024,261.8590277777778,43.08036,-79.06896,2024-09-17T20:37:00.000000Z
2024,261.85903935185183,43.08035,-79.06896,2024-09-17T20:37:01.000000Z
2024,261.85905092592594,43.08035,-79.06896,2024-09-17T20:37:02.000000Z
2024,261.8590625,43.08035,-79.06896,2024-09-17T20:37:03.000000Z
2024,261.8590740740741,43.08035,-79.06895,2024-09-17T20:37:04.000000Z
2024,261.85908564814815,43.08034,-79.06896,2024-09-17T20:37:05.000000Z
2024,261.8590972222222,43.08035,-79.06896,2024-09-17T20:37:06.000000Z
2024,261.8591087962963,43.08035,-79.06896,2024-09-17T20:37:07.000000Z
2024,261.85912037037036,43.08035,-79.06896,2024-09-17T20:37:08.000000Z
2024,261.85913194444447,43.08035,-79.06896,2024-09-17T20:37:09.000000Z
2024,261.8591435185185,43.08035,-79.06896,2024-09-17T20:37:10.000000Z
2024,261.8591550925926,43.08035,-79.06896,2024-09-17T20:37:11.000000Z
2024,261.8591666666667,43.08035,-79.06896,2024-09-17T20:37:12.000000Z
2024,261.85917824074073,43.08035,-79.06896,2024-09-17T20:37:13.000000Z
2024,261.85918981481484,43.08035,-79.06896,2024-09-17T20:37:14.000000Z
2024,261.8592013888889,43.08035,-79.06896,2024-09-17T20:37:15.000000Z
2024,261.85921296296294,43.08035,-79.06896,2024-09-17T20:37:16.000000Z
2024,261.85922453703705,43.08036,-79.06896,2024-09-17T20:37:17.000000Z
2024,261.8592361111111,43.08036,-79.06897,2024-09-17T20:37:18.000000Z
2024,261.8592476851852,43.08036,-79.06897,2024-09-17T20:37:19.000000Z
2024,261.8592708333333,43.08036,-79.06897,2024-09-17T20:37:21.000000Z
2024,261.8592824074074,43.08036,-79.06897,2024-09-17T20:37:22.000000Z
2024,261.85929398148147,43.08036,-79.06897,2024-09-17T20:37:23.000000Z
2024,261.8593055555556,43.08036,-79.06897,2024-09-17T20:37:24.000000Z
2024,261.85931712962963,43.08036,-79.06897,2024-09-17T20:37:25.000000Z
2024,261.8593287037037,43.08036,-79.06897,2024-09-17T20:37:26.000000Z
2024,261.8593402777778,43.08036,-79.06897,2024-09-17T20:37:27.000000Z
2024,261.85935185185184,43.08036,-79.06897,2024-09-17T20:37:28.000000Z
2024,261.85936342592595,43.08036,-79.06897,2024-09-17T20:37:29.000000Z
2024,261.859375,43.08036,-79.06897,2024-09-17T20:37:30.000000Z
2024,261.85938657407405,43.08036,-79.06897,2024-09-17T20:37:31.000000Z
2024,261.85939814814816,43.08036,-79.06897,2024-09-17T20:37:32.000000Z
2024,261.8594097222222,43.08036,-79.06897,2024-09-17T20:37:33.000000Z
2024,261.8594212962963,43.08036,-79.06897,2024-09-17T20:37:34.000000Z
2024,261.85943287037037,43.08036,-79.06897,2024-09-17T20:37:35.000000Z
2024,261.8594444444445,43.08036,-79.06897,2024-09-17T20:37:36.000000Z
2024,261.85945601851853,43.08036,-79.06897,2024-09-17T20:37:37.000000Z
2024,261.8594675925926,43.08035,-79.06897,2024-09-17T20:37:38.000000Z
2024,261.8594791666667,43.08035,-79.06897,2024-09-17T20:37:39.000000Z
2024,261.85949074074074,43.08035,-79.06897,2024-09-17T20:37:40.000000Z
2024,261.85950231481485,43.08035,-79.06897,2024-09-17T20:37:41.000000Z
2024,261.8595138888889,43.08035,-79.06897,2024-09-17T20:37:42.000000Z
2024,261.85952546296295,43.08035,-79.06897,2024-09-17T20:37:43.000000Z
2024,261.85953703703706,43.08035,-79.06897,2024-09-17T20:37:44.000000Z
2024,261.8595486111111,43.08035,-79.06897,2024-09-17T20:37:45.000000Z
2024,261.8595601851852,43.08036,-79.06897,2024-09-17T20:37:46.000000Z
2024,261.85957175925927,43.08036,-79.06898,2024-09-17T20:37:47.000000Z
2024,261.8595833333333,43.08036,-79.06898,2024-09-17T20:37:48.000000Z
2024,261.8595949074074,43.08035,-79.06898,2024-09-17T20:37:49.000000Z
2024,261.8596064814815,43.08035,-79.06898,2024-09-17T20:37:50.000000Z
2024,261.8596180555556,43.08035,-79.06898,2024-09-17T20:37:51.000000Z
2024,261.85962962962964,43.08036,-79.06898,2024-09-17T20:37:52.000000Z
2024,261.8596412037037,43.08036,-79.06898,2024-09-17T20:37:53.000000Z
2024,261.8596527777778,43.08036,-79.06898,2024-09-17T20:37:54.000000Z
2024,261.85966435185185,43.08036,-79.06898,2024-09-17T20:37:55.000000Z
2024,261.85967592592596,43.08036,-79.06899,2024-09-17T20:37:56.000000Z
2024,261.8596875,43.08036,-79.06899,2024-09-17T20:37:57.000000Z
2024,261.85969907407406,43.08035,-79.06898,2024-09-17T20:37:58.000000Z
2024,261.85971064814817,43.08035,-79.06898,2024-09-17T20:37:59.000000Z
2024,261.8597222222222,43.08035,-79.06898,2024-09-17T20:38:00.000000Z
2024,261.85973379629627,43.08035,-79.06898,2024-09-17T20:38:01.000000Z
2024,261.8597453703704,43.08035,-79.06898,2024-09-17T20:38:02.000000Z
2024,261.8597569444444,43.08035,-79.06898,2024-09-17T20:38:03.000000Z
2024,261.85976851851854,43.08035,-79.06899,2024-09-17T20:38:04.000000Z
2024,261.8597800925926,43.08035,-79.06899,2024-09-17T20:38:05.000000Z
2024,261.85979166666664,43.08035,-79.06899,2024-09-17T20:38:06.000000Z
2024,261.85980324074075,43.08035,-79.06899,2024-09-17T20:38:07.000000Z
2024,261.8598148148148,43.08035,-79.06899,2024-09-17T20:38:08.000000Z
2024,261.8598263888889,43.08035,-79.069,2024-09-17T20:38:09.000000Z
2024,261.85983796296296,43.08035,-79.069,2024-09-17T20:38:10.000000Z
2024,261.859849537037,43.08035,-79.069,2024-09-17T20:38:11.000000Z
2024,261.8598611111111,43.08035,-79.069,2024-09-17T20:38:12.000000Z
2024,261.85987268518517,43.08035,-79.069,2024-09-17T20:38:13.000000Z
2024,261.8598842592593,43.08035,-79.069,2024-09-17T20:38:14.000000Z
2024,261.8598958333333,43.08034,-79.069,2024-09-17T20:38:15.000000Z
2024,261.8599074074074,43.08034,-79.069,2024-09-17T20:38:16.000000Z
2024,261.8599189814815,43.08034,-79.069,2024-09-17T20:38:17.000000Z
2024,261.85993055555554,43.08034,-79.069,2024-09-17T20:38:18.000000Z
2024,261.85994212962964,43.08034,-79.069,2024-09-17T20:38:19.000000Z
2024,261.8599537037037,43.08034,-79.069,2024-09-17T20:38:20.000000Z
2024,261.85996527777775,43.08034,-79.069,2024-09-17T20:38:21.000000Z
2024,261.85997685185185,43.08034,-79.069,2024-09-17T20:38:22.000000Z
2024,261.8599884259259,43.08034,-79.06901,2024-09-17T20:38:23.000000Z
2024,261.86,43.08034,-79.06901,2024-09-17T20:38:24.000000Z
2024,261.86001157407406,43.08034,-79.06901,2024-09-17T20:38:25.000000Z
2024,261.8600231481481,43.08034,-79.06901,2024-09-17T20:38:26.000000Z
2024,261.8600462962963,43.08034,-79.06902,2024-09-17T20:38:28.000000Z
2024,261.8600578703704,43.08034,-79.06902,2024-09-17T20:38:29.000000Z
2024,261.86006944444443,43.08034,-79.06902,2024-09-17T20:38:30.000000Z
2024,261.8600810185185,43.08035,-79.06902,2024-09-17T20:38:31.000000Z
2024,261.8600925925926,43.08035,-79.06902,2024-09-17T20:38:32.000000Z
2024,261.86010416666664,43.08035,-79.06903,2024-09-17T20:38:33.000000Z
2024,261.86011574074075,43.08036,-79.06903,2024-09-17T20:38:34.000000Z
2024,261.8601273148148,43.08036,-79.06903,2024-09-17T20:38:35.000000Z
2024,261.8601388888889,43.08036,-79.06903,2024-09-17T20:38:36.000000Z
2024,261.86015046296296,43.08037,-79.06904,2024-09-17T20:38:37.000000Z
2024,261.860162037037,43.08037,-79.06904,2024-09-17T20:38:38.000000Z
2024,261.8601736111111,43.08037,-79.06904,2024-09-17T20:38:39.000000Z
2024,261.8601851851852,43.08037,-79.06904,2024-09-17T20:38:40.000000Z
2024,261.8601967592593,43.08037,-79.06904,2024-09-17T20:38:41.000000Z
2024,261.86020833333333,43.08037,-79.06904,2024-09-17T20:38:42.000000Z
2024,261.8602199074074,43.08038,-79.06905,2024-09-17T20:38:43.000000Z
2024,261.8602314814815,43.08038,-79.06905,2024-09-17T20:38:44.000000Z
2024,261.86024305555554,43.08038,-79.06905,2024-09-17T20:38:45.000000Z
2024,261.86025462962965,43.08038,-79.06905,2024-09-17T20:38:46.000000Z
2024,261.8602662037037,43.08038,-79.06905,2024-09-17T20:38:47.000000Z
2024,261.86027777777775,43.08038,-79.06905,2024-09-17T20:38:48.000000Z
2024,261.86028935185186,43.08039,-79.06906,2024-09-17T20:38:49.000000Z
2024,261.8603009259259,43.08039,-79.06906,2024-09-17T20:38:50.000000Z
2024,261.8603125,43.08039,-79.06906,2024-09-17T20:38:51.000000Z
2024,261.8603240740741,43.08039,-79.06906,2024-09-17T20:38:52.000000Z
2024,261.8603356481481,43.08039,-79.06906,2024-09-17T20:38:53.000000Z
2024,261.86034722222223,43.08039,-79.06906,2024-09-17T20:38:54.000000Z
2024,261.8603587962963,43.08039,-79.06906,2024-09-17T20:38:55.000000Z
2024,261.8603703703704,43.08039,-79.06906,2024-09-17T20:38:56.000000Z
2024,261.86038194444444,43.08039,-79.06906,2024-09-17T20:38:57.000000Z
2024,261.8603935185185,43.08039,-79.06906,2024-09-17T20:38:58.000000Z
2024,261.8604050925926,43.0804,-79.06906,2024-09-17T20:38:59.000000Z
2024,261.86041666666665,43.08039,-79.06906,2024-09-17T20:39:00.000000Z
2024,261.8604282407407,43.0804,-79.06906,2024-09-17T20:39:01.000000Z
2024,261.8604398148148,43.0804,-79.06906,2024-09-17T20:39:02.000000Z
2024,261.86045138888886,43.0804,-79.06906,2024-09-17T20:39:03.000000Z
2024,261.86046296296297,43.0804,-79.06906,2024-09-17T20:39:04.000000Z
2024,261.860474537037,43.0804,-79.06906,2024-09-17T20:39:05.000000Z
2024,261.8604861111111,43.0804,-79.06906,2024-09-17T20:39:06.000000Z
2024,261.8604976851852,43.0804,-79.06906,2024-09-17T20:39:07.000000Z
2024,261.86050925925923,43.0804,-79.06906,2024-09-17T20:39:08.000000Z
2024,261.86052083333334,43.08039,-79.06906,2024-09-17T20:39:09.000000Z
2024,261.8605324074074,43.08039,-79.06906,2024-09-17T20:39:10.000000Z
2024,261.86054398148144,43.08039,-79.06906,2024-09-17T20:39:11.000000Z
2024,261.86055555555555,43.08039,-79.06906,2024-09-17T20:39:12.000000Z
2024,261.8605671296296,43.08039,-79.06906,2024-09-17T20:39:13.000000Z
2024,261.8605787037037,43.08039,-79.06906,2024-09-17T20:39:14.000000Z
2024,261.86059027777776,43.08039,-79.06906,2024-09-17T20:39:15.000000Z
2024,261.8606018518518,43.08039,-79.06906,2024-09-17T20:39:16.000000Z
2024,261.8606134259259,43.08039,-79.06906,2024-09-17T20:39:17.000000Z
2024,261.86062499999997,43.08039,-79.06906,2024-09-17T20:39:18.000000Z
2024,261.8606365740741,43.08039,-79.06906,2024-09-17T20:39:19.000000Z
2024,261.86064814814813,43.08039,-79.06906,2024-09-17T20:39:20.000000Z
2024,261.8606597222222,43.08039,-79.06906,2024-09-17T20:39:21.000000Z
2024,261.8606712962963,43.08039,-79.06906,2024-09-17T20:39:22.000000Z
2024,261.86068287037034,43.08039,-79.06907,2024-09-17T20:39:23.000000Z
2024,261.86069444444445,43.08039,-79.06907,2024-09-17T20:39:24.000000Z
2024,261.8607060185185,43.08039,-79.06907,2024-09-17T20:39:25.000000Z
2024,261.86071759259255,43.08039,-79.06907,2024-09-17T20:39:26.000000Z
2024,261.86072916666666,43.08039,-79.06907,2024-09-17T20:39:27.000000Z
2024,261.8607407407407,43.08039,-79.06907,2024-09-17T20:39:28.000000Z
2024,261.8607523148148,43.08039,-79.06907,2024-09-17T20:39:29.000000Z
2024,261.86076388888887,43.08039,-79.06907,2024-09-17T20:39:30.000000Z
2024,261.8607754629629,43.08039,-79.06907,2024-09-17T20:39:31.000000Z
2024,261.860787037037,43.08039,-79.06907,2024-09-17T20:39:32.000000Z
2024,261.8607986111111,43.08039,-79.06907,2024-09-17T20:39:33.000000Z
2024,261.86082175925924,43.08039,-79.06907,2024-09-17T20:39:35.000000Z
2024,261.86083333333335,43.08039,-79.06907,2024-09-17T20:39:36.000000Z
2024,261.8608449074074,43.08039,-79.06907,2024-09-17T20:39:37.000000Z
2024,261.86085648148145,43.08039,-79.06907,2024-09-17T20:39:38.000000Z
2024,261.86086805555556,43.08039,-79.06907,2024-09-17T20:39:39.000000Z
2024,261.8608796296296,43.08039,-79.06907,2024-09-17T20:39:40.000000Z
2024,261.8608912037037,43.08039,-79.06907,2024-09-17T20:39:41.000000Z
2024,261.86090277777777,43.08039,-79.06907,2024-09-17T20:39:42.000000Z
2024,261.8609143518518,43.08039,-79.06907,2024-09-17T20:39:43.000000Z
2024,261.8609259259259,43.08039,-79.06907,2024-09-17T20:39:44.000000Z
2024,261.8609375,43.08039,-79.06907,2024-09-17T20:39:45.000000Z
2024,261.8609490740741,43.08039,-79.06907,2024-09-17T20:39:46.000000Z
2024,261.86096064814814,43.08039,-79.06907,2024-09-17T20:39:47.000000Z
2024,261.8609722222222,43.08039,-79.06907,2024-09-17T20:39:48.000000Z
2024,261.8609837962963,43.08039,-79.06907,2024-09-17T20:39:49.000000Z
2024,261.86099537037035,43.08039,-79.06907,2024-09-17T20:39:50.000000Z
2024,261.86100694444445,43.08039,-79.06907,2024-09-17T20:39:51.000000Z
2024,261.8610185185185,43.08039,-79.06907,2024-09-17T20:39:52.000000Z
2024,261.86103009259256,43.08039,-79.06907,2024-09-17T20:39:53.000000Z
2024,261.86104166666667,43.08039,-79.06907,2024-09-17T20:39:54.000000Z
2024,261.8610532407407,43.08039,-79.06907,2024-09-17T20:39:55.000000Z
2024,261.8610648148148,43.08039,-79.06907,2024-09-17T20:39:56.000000Z
2024,261.8610763888889,43.08039,-79.06907,2024-09-17T20:39:57.000000Z
2024,261.8610879629629,43.08039,-79.06907,2024-09-17T20:39:58.000000Z
2024,261.86109953703703,43.08039,-79.06907,2024-09-17T20:39:59.000000Z
2024,261.8611111111111,43.08039,-79.06907,2024-09-17T20:40:00.000000Z
2024,261.86112268518514,43.08039,-79.06907,2024-09-17T20:40:01.000000Z
2024,261.86113425925925,43.08039,-79.06907,2024-09-17T20:40:02.000000Z
2024,261.8611458333333,43.08039,-79.06907,2024-09-17T20:40:03.000000Z
2024,261.8611574074074,43.08039,-79.06907,2024-09-17T20:40:04.000000Z
2024,261.86116898148146,43.08039,-79.06907,2024-09-17T20:40:05.000000Z
2024,261.8611805555555,43.08039,-79.06907,2024-09-17T20:40:06.000000Z
2024,261.8611921296296,43.08039,-79.06907,2024-09-17T20:40:07.000000Z
2024,261.86120370370367,43.08039,-79.06907,2024-09-17T20:40:08.000000Z
2024,261.8612152777778,43.08039,-79.06907,2024-09-17T20:40:09.000000Z
2024,261.8612268518518,43.08039,-79.06907,2024-09-17T20:40:10.000000Z
2024,261.8612384259259,43.08039,-79.06907,2024-09-17T20:40:11.000000Z
2024,261.86125,43.08039,-79.06907,2024-09-17T20:40:12.000000Z
2024,261.86126157407404,43.08039,-79.06907,2024-09-17T20:40:13.000000Z
2024,261.86127314814814,43.08039,-79.06907,2024-09-17T20:40:14.000000Z
2024,261.8612847222222,43.08039,-79.06907,2024-09-17T20:40:15.000000Z
2024,261.86129629629625,43.08039,-79.06907,2024-09-17T20:40:16.000000Z
2024,261.86130787037035,43.08039,-79.06907,2024-09-17T20:40:17.000000Z
2024,261.8613194444444,43.08039,-79.06907,2024-09-17T20:40:18.000000Z
2024,261.8613310185185,43.08039,-79.06907,2024-09-17T20:40:19.000000Z
2024,261.86134259259256,43.08039,-79.06907,2024-09-17T20:40:20.000000Z
2024,261.8613541666666,43.08039,-79.06907,2024-09-17T20:40:21.000000Z
2024,261.8613657407407,43.08039,-79.06907,2024-09-17T20:40:22.000000Z
2024,261.8613773148148,43.08039,-79.06907,2024-09-17T20:40:23.000000Z
2024,261.8613888888889,43.08039,-79.06907,2024-09-17T20:40:24.000000Z
2024,261.86140046296293,43.08039,-79.06907,2024-09-17T20:40:25.000000Z
2024,261.861412037037,43.08039,-79.06907,2024-09-17T20:40:26.000000Z
2024,261.8614236111111,43.08039,-79.06907,2024-09-17T20:40:27.000000Z
2024,261.86143518518514,43.08039,-79.06907,2024-09-17T20:40:28.000000Z
2024,261.86144675925925,43.08039,-79.06907,2024-09-17T20:40:29.000000Z
2024,261.8614583333333,43.08039,-79.06907,2024-09-17T20:40:30.000000Z
2024,261.86146990740735,43.08039,-79.06907,2024-09-17T20:40:31.000000Z
2024,261.86148148148146,43.08039,-79.06907,2024-09-17T20:40:32.000000Z
2024,261.8614930555555,43.08039,-79.06907,2024-09-17T20:40:33.000000Z
2024,261.8615046296296,43.08039,-79.06907,2024-09-17T20:40:34.000000Z
2024,261.8615162037037,43.08039,-79.06907,2024-09-17T20:40:35.000000Z
2024,261.8615277777778,43.08039,-79.06907,2024-09-17T20:40:36.000000Z
2024,261.86153935185183,43.08039,-79.06907,2024-09-17T20:40:37.000000Z
2024,261.8615509259259,43.08039,-79.06907,2024-09-17T20:40:38.000000Z
2024,261.8615625,43.08039,-79.06907,2024-09-17T20:40:39.000000Z
2024,261.86157407407404,43.08039,-79.06907,2024-09-17T20:40:40.000000Z
2024,261.86158564814815,43.08039,-79.06907,2024-09-17T20:40:41.000000Z
2024,261.8615972222222,43.08039,-79.06907,2024-09-17T20:40:42.000000Z
2024,261.86160879629625,43.08039,-79.06907,2024-09-17T20:40:43.000000Z
2024,261.86162037037036,43.08039,-79.06907,2024-09-17T20:40:44.000000Z
2024,261.8616319444444,43.08039,-79.06907,2024-09-17T20:40:45.000000Z
2024,261.8616435185185,43.08039,-79.06907,2024-09-17T20:40:46.000000Z
2024,261.86165509259257,43.08039,-79.06907,2024-09-17T20:40:47.000000Z
2024,261.8616666666666,43.08039,-79.06907,2024-09-17T20:40:48.000000Z
2024,261.86167824074073,43.08039,-79.06907,2024-09-17T20:40:49.000000Z
2024,261.8616898148148,43.08039,-79.06907,2024-09-17T20:40:50.000000Z
2024,261.8617013888889,43.08039,-79.06907,2024-09-17T20:40:51.000000Z
2024,261.86171296296294,43.08039,-79.06907,2024-09-17T20:40:52.000000Z
2024,261.861724537037,43.08039,-79.06907,2024-09-17T20:40:53.000000Z
2024,261.8617361111111,43.08039,-79.06907,2024-09-17T20:40:54.000000Z
2024,261.86174768518515,43.08039,-79.06907,2024-09-17T20:40:55.000000Z
2024,261.86175925925926,43.08039,-79.06907,2024-09-17T20:40:56.000000Z
2024,261.8617708333333,43.08039,-79.06907,2024-09-17T20:40:57.000000Z
2024,261.86178240740736,43.08039,-79.06907,2024-09-17T20:40:58.000000Z
2024,261.86179398148147,43.08039,-79.06907,2024-09-17T20:40:59.000000Z
2024,261.8618055555555,43.08039,-79.06907,2024-09-17T20:41:00.000000Z
2024,261.86181712962957,43.08039,-79.06907,2024-09-17T20:41:01.000000Z
2024,261.8618287037037,43.08039,-79.06907,2024-09-17T20:41:02.000000Z
2024,261.86184027777773,43.08039,-79.06907,2024-09-17T20:41:03.000000Z
2024,261.86185185185184,43.08039,-79.06907,2024-09-17T20:41:04.000000Z
2024,261.8618634259259,43.08039,-79.06907,2024-09-17T20:41:05.000000Z
2024,261.86187499999994,43.08039,-79.06907,2024-09-17T20:41:06.000000Z
2024,261.86188657407405,43.08039,-79.06907,2024-09-17T20:41:07.000000Z
2024,261.8618981481481,43.08039,-79.06907,2024-09-17T20:41:08.000000Z
2024,261.8619097222222,43.08039,-79.06907,2024-09-17T20:41:09.000000Z
2024,261.86192129629626,43.08039,-79.06907,2024-09-17T20:41:10.000000Z
2024,261.8619328703703,43.08039,-79.06907,2024-09-17T20:41:11.000000Z
2024,261.8619444444444,43.08039,-79.06907,2024-09-17T20:41:12.000000Z
2024,261.86195601851847,43.08039,-79.06907,2024-09-17T20:41:13.000000Z
2024,261.8619675925926,43.08039,-79.06907,2024-09-17T20:41:14.000000Z
2024,261.86197916666663,43.08039,-79.06907,2024-09-17T20:41:15.000000Z
2024,261.8619907407407,43.08039,-79.06907,2024-09-17T20:41:16.000000Z
2024,261.8620023148148,43.08039,-79.06907,2024-09-17T20:41:17.000000Z
2024,261.86201388888884,43.08039,-79.06907,2024-09-17T20:41:18.000000Z
2024,261.86202546296295,43.08039,-79.06907,2024-09-17T20:41:19.000000Z
2024,261.862037037037,43.08039,-79.06907,2024-09-17T20:41:20.000000Z
2024,261.86204861111105,43.08039,-79.06907,2024-09-17T20:41:21.000000Z
2024,261.86206018518516,43.08039,-79.06907,2024-09-17T20:41:22.000000Z
2024,261.8620717592592,43.08039,-79.06907,2024-09-17T20:41:23.000000Z
2024,261.8620833333333,43.08039,-79.06907,2024-09-17T20:41:24.000000Z
2024,261.86209490740737,43.08039,-79.06907,2024-09-17T20:41:25.000000Z
2024,261.8621064814814,43.08039,-79.06907,2024-09-17T20:41:26.000000Z
2024,261.8621180555555,43.08039,-79.06907,2024-09-17T20:41:27.000000Z
2024,261.8621296296296,43.08039,-79.06907,2024-09-17T20:41:28.000000Z
2024,261.8621412037037,43.08039,-79.06907,2024-09-17T20:41:29.000000Z
2024,261.86215277777774,43.08039,-79.06907,2024-09-17T20:41:30.000000Z
2024,261.8621643518518,43.08039,-79.06907,2024-09-17T20:41:31.000000Z
2024,261.8621759259259,43.08039,-79.06907,2024-09-17T20:41:32.000000Z
2024,261.86218749999995,43.08039,-79.06907,2024-09-17T20:41:33.000000Z
2024,261.86219907407406,43.08039,-79.06907,2024-09-17T20:41:34.000000Z
2024,261.8622106481481,43.08039,-79.06907,2024-09-17T20:41:35.000000Z
2024,261.8622222222222,43.08039,-79.06907,2024-09-17T20:41:36.000000Z
2024,261.86223379629627,43.08039,-79.06907,2024-09-17T20:41:37.000000Z
2024,261.8622453703703,43.08039,-79.06907,2024-09-17T20:41:38.000000Z
2024,261.8622569444444,43.08039,-79.06907,2024-09-17T20:41:39.000000Z
2024,261.8622685185185,43.08039,-79.06907,2024-09-17T20:41:40.000000Z
2024,261.8622800925926,43.08039,-79.06907,2024-09-17T20:41:41.000000Z
2024,261.86229166666664,43.08039,-79.06907,2024-09-17T20:41:42.000000Z
2024,261.8623032407407,43.08039,-79.06907,2024-09-17T20:41:43.000000Z
2024,261.8623148148148,43.08039,-79.06907,2024-09-17T20:41:44.000000Z
2024,261.86232638888885,43.08039,-79.06907,2024-09-17T20:41:45.000000Z
2024,261.86233796296295,43.08039,-79.06907,2024-09-17T20:41:46.000000Z
2024,261.862349537037,43.08039,-79.06907,2024-09-17T20:41:47.000000Z
2024,261.86236111111106,43.08039,-79.06907,2024-09-17T20:41:48.000000Z
2024,261.86237268518516,43.08039,-79.06907,2024-09-17T20:41:49.000000Z
2024,261.8623842592592,43.08039,-79.06907,2024-09-17T20:41:50.000000Z
2024,261.8623958333333,43.08039,-79.06907,2024-09-17T20:41:51.000000Z
2024,261.8624074074074,43.08039,-79.06907,2024-09-17T20:41:52.000000Z
2024,261.8624189814814,43.08039,-79.06907,2024-09-17T20:41:53.000000Z
2024,261.86243055555553,43.08039,-79.06907,2024-09-17T20:41:54.000000Z
2024,261.8624421296296,43.08039,-79.06907,2024-09-17T20:41:55.000000Z
2024,261.8624537037037,43.08039,-79.06907,2024-09-17T20:41:56.000000Z
2024,261.86246527777774,43.08039,-79.06907,2024-09-17T20:41:57.000000Z
2024,261.8624768518518,43.08039,-79.06907,2024-09-17T20:41:58.000000Z
2024,261.8624884259259,43.08039,-79.06907,2024-09-17T20:41:59.000000Z
2024,261.86249999999995,43.08039,-79.06907,2024-09-17T20:42:00.000000Z
2024,261.862511574074,43.08039,-79.06907,2024-09-17T20:42:01.000000Z
2024,261.8625231481481,43.08039,-79.06907,2024-09-17T20:42:02.000000Z
2024,261.86253472222216,43.08039,-79.06907,2024-09-17T20:42:03.000000Z
2024,261.8625462962963,43.08039,-79.06907,2024-09-17T20:42:04.000000Z
2024,261.8625578703703,43.08039,-79.06907,2024-09-17T20:42:05.000000Z
2024,261.8625694444444,43.08039,-79.06907,2024-09-17T20:42:06.000000Z
2024,261.8625810185185,43.08039,-79.06907,2024-09-17T20:42:07.000000Z
2024,261.86259259259253,43.08039,-79.06907,2024-09-17T20:42:08.000000Z
2024,261.86260416666664,43.08039,-79.06907,2024-09-17T20:42:09.000000Z
2024,261.8626157407407,43.08039,-79.06907,2024-09-17T20:42:10.000000Z
2024,261.86262731481474,43.08039,-79.06907,2024-09-17T20:42:11.000000Z
2024,261.86263888888885,43.08039,-79.06907,2024-09-17T20:42:12.000000Z
2024,261.86267361111106,43.08039,-79.06907,2024-09-17T20:42:15.000000Z
2024,261.8626851851851,43.08039,-79.06907,2024-09-17T20:42:16.000000Z
2024,261.8626967592592,43.08039,-79.06907,2024-09-17T20:42:17.000000Z
2024,261.8627083333333,43.08039,-79.06907,2024-09-17T20:42:18.000000Z
2024,261.8627199074074,43.08039,-79.06907,2024-09-17T20:42:19.000000Z
2024,261.86273148148143,43.08039,-79.06907,2024-09-17T20:42:20.000000Z
2024,261.8627430555555,43.08039,-79.06907,2024-09-17T20:42:21.000000Z
2024,261.8627546296296,43.08039,-79.06907,2024-09-17T20:42:22.000000Z
2024,261.86276620370364,43.08039,-79.06907,2024-09-17T20:42:23.000000Z
2024,261.86277777777775,43.08039,-79.06907,2024-09-17T20:42:24.000000Z
2024,261.8627893518518,43.08039,-79.06907,2024-09-17T20:42:25.000000Z
2024,261.86280092592585,43.08039,-79.06907,2024-09-17T20:42:26.000000Z
2024,261.86281249999996,43.08039,-79.06907,2024-09-17T20:42:27.000000Z
2024,261.862824074074,43.08039,-79.06907,2024-09-17T20:42:28.000000Z
2024,261.8628356481481,43.08039,-79.06907,2024-09-17T20:42:29.000000Z
2024,261.8628472222222,43.08039,-79.06907,2024-09-17T20:42:30.000000Z
2024,261.8628587962962,43.08039,-79.06907,2024-09-17T20:42:31.000000Z
2024,261.86287037037033,43.08039,-79.06907,2024-09-17T20:42:32.000000Z
2024,261.8628819444444,43.08039,-79.06906,2024-09-17T20:42:33.000000Z
2024,261.8628935185185,43.08039,-79.06906,2024-09-17T20:42:34.000000Z
2024,261.86290509259254,43.08039,-79.06906,2024-09-17T20:42:35.000000Z
2024,261.86291666666665,43.08039,-79.06906,2024-09-17T20:42:36.000000Z
2024,261.8629282407407,43.08039,-79.06906,2024-09-17T20:42:37.000000Z
2024,261.86293981481475,43.08039,-79.06906,2024-09-17T20:42:38.000000Z
2024,261.86295138888886,43.08039,-79.06906,2024-09-17T20:42:39.000000Z
2024,261.8629629629629,43.08039,-79.06906,2024-09-17T20:42:40.000000Z
2024,261.862974537037,43.08039,-79.06906,2024-09-17T20:42:41.000000Z
2024,261.86298611111107,43.08039,-79.06906,2024-09-17T20:42:42.000000Z
2024,261.8629976851851,43.08039,-79.06906,2024-09-17T20:42:43.000000Z
2024,261.86300925925923,43.08039,-79.06906,2024-09-17T20:42:44.000000Z
2024,261.8630208333333,43.08039,-79.06906,2024-09-17T20:42:45.000000Z
2024,261.8630324074074,43.08039,-79.06906,2024-09-17T20:42:46.000000Z
2024,261.86304398148144,43.08039,-79.06906,2024-09-17T20:42:47.000000Z
2024,261.8630555555555,43.08039,-79.06906,2024-09-17T20:42:48.000000Z
2024,261.8630671296296,43.08039,-79.06906,2024-09-17T20:42:49.000000Z
2024,261.86307870370365,43.08039,-79.06906,2024-09-17T20:42:50.000000Z
2024,261.86309027777776,43.08039,-79.06906,2024-09-17T20:42:51.000000Z
2024,261.8631018518518,43.08039,-79.06906,2024-09-17T20:42:52.000000Z
2024,261.86311342592586,43.08039,-79.06906,2024-09-17T20:42:53.000000Z
2024,261.86312499999997,43.08039,-79.06906,2024-09-17T20:42:54.000000Z
2024,261.863136574074,43.08039,-79.06906,2024-09-17T20:42:55.000000Z
2024,261.8631481481481,43.08039,-79.06906,2024-09-17T20:42:56.000000Z
2024,261.8631597222222,43.08039,-79.06906,2024-09-17T20:42:57.000000Z
2024,261.86317129629623,43.08038,-79.06906,2024-09-17T20:42:58.000000Z
2024,261.86318287037034,43.08038,-79.06906,2024-09-17T20:42:59.000000Z
2024,261.86319444444445,43.08038,-79.06906,2024-09-17T20:43:00.000000Z
2024,261.8632060185185,43.08038,-79.06906,2024-09-17T20:43:01.000000Z
2024,261.8632175925926,43.08038,-79.06906,2024-09-17T20:43:02.000000Z
2024,261.86322916666666,43.08038,-79.06906,2024-09-17T20:43:03.000000Z
2024,261.86324074074076,43.08038,-79.06906,2024-09-17T20:43:04.000000Z
2024,261.8632523148148,43.08038,-79.06906,2024-09-17T20:43:05.000000Z
2024,261.86326388888887,43.08038,-79.06906,2024-09-17T20:43:06.000000Z
2024,261.863275462963,43.08038,-79.06906,2024-09-17T20:43:07.000000Z
2024,261.863287037037,43.08038,-79.06906,2024-09-17T20:43:08.000000Z
2024,261.86329861111113,43.08038,-79.06906,2024-09-17T20:43:09.000000Z
2024,261.8633101851852,43.08038,-79.06906,2024-09-17T20:43:10.000000Z
2024,261.86332175925924,43.08038,-79.06906,2024-09-17T20:43:11.000000Z
2024,261.86333333333334,43.08038,-79.06906,2024-09-17T20:43:12.000000Z
2024,261.8633449074074,43.08038,-79.06906,2024-09-17T20:43:13.000000Z
2024,261.8633564814815,43.08038,-79.06906,2024-09-17T20:43:14.000000Z
2024,261.86336805555555,43.08038,-79.06906,2024-09-17T20:43:15.000000Z
2024,261.8633796296296,43.08038,-79.06906,2024-09-17T20:43:16.000000Z
2024,261.8633912037037,43.08038,-79.06906,2024-09-17T20:43:17.000000Z
2024,261.86340277777776,43.08038,-79.06906,2024-09-17T20:43:18.000000Z
2024,261.8634143518519,43.08038,-79.06906,2024-09-17T20:43:19.000000Z
2024,261.8634259259259,43.08038,-79.06906,2024-09-17T20:43:20.000000Z
2024,261.8634375,43.08038,-79.06906,2024-09-17T20:43:21.000000Z
2024,261.8634490740741,43.08038,-79.06906,2024-09-17T20:43:22.000000Z
2024,261.86346064814813,43.08038,-79.06906,2024-09-17T20:43:23.000000Z
2024,261.86347222222224,43.08038,-79.06906,2024-09-17T20:43:24.000000Z
2024,261.8634837962963,43.08038,-79.06906,2024-09-17T20:43:25.000000Z
2024,261.86349537037034,43.08038,-79.06906,2024-09-17T20:43:26.000000Z
2024,261.86350694444445,43.08038,-79.06906,2024-09-17T20:43:27.000000Z
2024,261.8635185185185,43.08038,-79.06906,2024-09-17T20:43:28.000000Z
2024,261.8635300925926,43.08038,-79.06906,2024-09-17T20:43:29.000000Z
2024,261.86354166666666,43.08038,-79.06906,2024-09-17T20:43:30.000000Z
2024,261.8635532407407,43.08038,-79.06906,2024-09-17T20:43:31.000000Z
2024,261.8635648148148,43.08038,-79.06906,2024-09-17T20:43:32.000000Z
2024,261.8635763888889,43.08038,-79.06906,2024-09-17T20:43:33.000000Z
2024,261.863587962963,43.08038,-79.06906,2024-09-17T20:43:34.000000Z
2024,261.86359953703703,43.08038,-79.06906,2024-09-17T20:43:35.000000Z
2024,261.86361111111114,43.08038,-79.06906,2024-09-17T20:43:36.000000Z
2024,261.8636226851852,43.08038,-79.06906,2024-09-17T20:43:37.000000Z
2024,261.86363425925924,43.08038,-79.06906,2024-09-17T20:43:38.000000Z
2024,261.86364583333335,43.08038,-79.06906,2024-09-17T20:43:39.000000Z
2024,261.8636574074074,43.08038,-79.06906,2024-09-17T20:43:40.000000Z
2024,261.8636689814815,43.08038,-79.06906,2024-09-17T20:43:41.000000Z
2024,261.86368055555556,43.08038,-79.06906,2024-09-17T20:43:42.000000Z
2024,261.8636921296296,43.08038,-79.06906,2024-09-17T20:43:43.000000Z
2024,261.8637037037037,43.08038,-79.06906,2024-09-17T20:43:44.000000Z
2024,261.86371527777777,43.08038,-79.06906,2024-09-17T20:43:45.000000Z
2024,261.8637268518519,43.08038,-79.06906,2024-09-17T20:43:46.000000Z
2024,261.86373842592593,43.08038,-79.06906,2024-09-17T20:43:47.000000Z
2024,261.86375,43.08038,-79.06906,2024-09-17T20:43:48.000000Z
2024,261.8637615740741,43.08038,-79.06906,2024-09-17T20:43:49.000000Z
2024,261.86377314814814,43.08038,-79.06906,2024-09-17T20:43:50.000000Z
2024,261.86378472222225,43.08038,-79.06906,2024-09-17T20:43:51.000000Z
2024,261.8637962962963,43.08038,-79.06906,2024-09-17T20:43:52.000000Z
2024,261.86380787037035,43.08038,-79.06906,2024-09-17T20:43:53.000000Z
2024,261.86381944444446,43.08038,-79.06906,2024-09-17T20:43:54.000000Z
2024,261.8638310185185,43.08038,-79.06906,2024-09-17T20:43:55.000000Z
2024,261.8638425925926,43.08038,-79.06906,2024-09-17T20:43:56.000000Z
2024,261.86385416666667,43.08038,-79.06906,2024-09-17T20:43:57.000000Z
2024,261.8638657407407,43.08038,-79.06906,2024-09-17T20:43:58.000000Z
2024,261.86387731481483,43.08038,-79.06906,2024-09-17T20:43:59.000000Z
2024,261.8638888888889,43.08038,-79.06906,2024-09-17T20:44:00.000000Z
2024,261.86390046296293,43.08038,-79.06906,2024-09-17T20:44:01.000000Z
2024,261.86391203703704,43.08038,-79.06906,2024-09-17T20:44:02.000000Z
2024,261.8639236111111,43.08038,-79.06906,2024-09-17T20:44:03.000000Z
2024,261.8639351851852,43.08038,-79.06906,2024-09-17T20:44:04.000000Z
2024,261.86394675925925,43.08038,-79.06906,2024-09-17T20:44:05.000000Z
2024,261.8639583333333,43.08038,-79.06906,2024-09-17T20:44:06.000000Z
2024,261.8639699074074,43.08038,-79.06906,2024-09-17T20:44:07.000000Z
2024,261.86398148148146,43.08038,-79.06906,2024-09-17T20:44:08.000000Z
2024,261.86399305555557,43.08038,-79.06906,2024-09-17T20:44:09.000000Z
2024,261.8640046296296,43.08038,-79.06906,2024-09-17T20:44:10.000000Z
2024,261.86401620370367,43.08038,-79.06906,2024-09-17T20:44:11.000000Z
2024,261.8640277777778,43.08038,-79.06906,2024-09-17T20:44:12.000000Z
2024,261.86403935185183,43.08038,-79.06906,2024-09-17T20:44:13.000000Z
2024,261.86405092592594,43.08038,-79.06906,2024-09-17T20:44:14.000000Z
2024,261.8640625,43.08038,-79.06906,2024-09-17T20:44:15.000000Z
2024,261.86407407407404,43.08038,-79.06906,2024-09-17T20:44:16.000000Z
2024,261.86408564814815,43.08038,-79.06906,2024-09-17T20:44:17.000000Z
2024,261.8640972222222,43.08038,-79.06906,2024-09-17T20:44:18.000000Z
2024,261.8641087962963,43.08038,-79.06906,2024-09-17T20:44:19.000000Z
2024,261.86412037037036,43.08038,-79.06906,2024-09-17T20:44:20.000000Z
2024,261.8641319444444,43.08038,-79.06906,2024-09-17T20:44:21.000000Z
2024,261.8641435185185,43.08038,-79.06906,2024-09-17T20:44:22.000000Z
2024,261.86415509259257,43.08038,-79.06906,2024-09-17T20:44:23.000000Z
2024,261.8641666666667,43.08038,-79.06906,2024-09-17T20:44:24.000000Z
2024,261.8641782407407,43.08038,-79.06906,2024-09-17T20:44:25.000000Z
2024,261.8641898148148,43.08038,-79.06906,2024-09-17T20:44:26.000000Z
2024,261.8642013888889,43.08038,-79.06906,2024-09-17T20:44:27.000000Z
2024,261.86421296296294,43.08038,-79.06906,2024-09-17T20:44:28.000000Z
2024,261.86422453703705,43.08038,-79.06906,2024-09-17T20:44:29.000000Z
2024,261.8642361111111,43.08038,-79.06906,2024-09-17T20:44:30.000000Z
2024,261.86424768518515,43.08038,-79.06906,2024-09-17T20:44:31.000000Z
2024,261.86425925925926,43.08038,-79.06906,2024-09-17T20:44:32.000000Z
2024,261.8642708333333,43.08038,-79.06906,2024-09-17T20:44:33.000000Z
2024,261.8642824074074,43.08038,-79.06906,2024-09-17T20:44:34.000000Z
2024,261.86429398148147,43.08038,-79.06906,2024-09-17T20:44:35.000000Z
2024,261.8643055555556,43.08038,-79.06906,2024-09-17T20:44:36.000000Z
2024,261.8643171296296,43.08038,-79.06906,2024-09-17T20:44:37.000000Z
2024,261.8643287037037,43.08038,-79.06906,2024-09-17T20:44:38.000000Z
2024,261.8643402777778,43.08038,-79.06906,2024-09-17T20:44:39.000000Z
2024,261.86435185185184,43.08038,-79.06906,2024-09-17T20:44:40.000000Z
2024,261.86436342592594,43.08038,-79.06906,2024-09-17T20:44:41.000000Z
2024,261.864375,43.08038,-79.06906,2024-09-17T20:44:42.000000Z
2024,261.86438657407405,43.08038,-79.06906,2024-09-17T20:44:43.000000Z
2024,261.86439814814815,43.08038,-79.06906,2024-09-17T20:44:44.000000Z
2024,261.8644097222222,43.08038,-79.06906,2024-09-17T20:44:45.000000Z
2024,261.8644212962963,43.08038,-79.06906,2024-09-17T20:44:46.000000Z
2024,261.86443287037036,43.08038,-79.06906,2024-09-17T20:44:47.000000Z
2024,261.8644444444444,43.08038,-79.06906,2024-09-17T20:44:48.000000Z
2024,261.8644560185185,43.08038,-79.06906,2024-09-17T20:44:49.000000Z
2024,261.8644675925926,43.08038,-79.06906,2024-09-17T20:44:50.000000Z
2024,261.8644791666667,43.08038,-79.06906,2024-09-17T20:44:51.000000Z
2024,261.86449074074073,43.08038,-79.06906,2024-09-17T20:44:52.000000Z
2024,261.8645023148148,43.08038,-79.06906,2024-09-17T20:44:53.000000Z
2024,261.8645138888889,43.08038,-79.06906,2024-09-17T20:44:54.000000Z
2024,261.86452546296294,43.08038,-79.06906,2024-09-17T20:44:55.000000Z
2024,261.86453703703705,43.08038,-79.06906,2024-09-17T20:44:56.000000Z
2024,261.8645486111111,43.08038,-79.06906,2024-09-17T20:44:57.000000Z
2024,261.86456018518516,43.08038,-79.06906,2024-09-17T20:44:58.000000Z
2024,261.86457175925926,43.08038,-79.06906,2024-09-17T20:44:59.000000Z
2024,261.8645833333333,43.08038,-79.06906,2024-09-17T20:45:00.000000Z
2024,261.86459490740737,43.08038,-79.06906,2024-09-17T20:45:01.000000Z
2024,261.8646064814815,43.08038,-79.06906,2024-09-17T20:45:02.000000Z
2024,261.8646180555555,43.08038,-79.06906,2024-09-17T20:45:03.000000Z
2024,261.86462962962963,43.08038,-79.06906,2024-09-17T20:45:04.000000Z
2024,261.8646412037037,43.08038,-79.06906,2024-09-17T20:45:05.000000Z
2024,261.86465277777774,43.08038,-79.06906,2024-09-17T20:45:06.000000Z
2024,261.86466435185184,43.08038,-79.06906,2024-09-17T20:45:07.000000Z
2024,261.8646759259259,43.08038,-79.06906,2024-09-17T20:45:08.000000Z
2024,261.8646875,43.08038,-79.06906,2024-09-17T20:45:09.000000Z
2024,261.86469907407405,43.08038,-79.06906,2024-09-17T20:45:10.000000Z
2024,261.8647106481481,43.08038,-79.06906,2024-09-17T20:45:11.000000Z
2024,261.8647222222222,43.08038,-79.06906,2024-09-17T20:45:12.000000Z
2024,261.86473379629626,43.08038,-79.06906,2024-09-17T20:45:13.000000Z
2024,261.8647453703704,43.08038,-79.06906,2024-09-17T20:45:14.000000Z
2024,261.8647569444444,43.08038,-79.06906,2024-09-17T20:45:15.000000Z
2024,261.8647685185185,43.08038,-79.06906,2024-09-17T20:45:16.000000Z
2024,261.8647800925926,43.08038,-79.06906,2024-09-17T20:45:17.000000Z
2024,261.86479166666663,43.08038,-79.06906,2024-09-17T20:45:18.000000Z
2024,261.86480324074074,43.08038,-79.06906,2024-09-17T20:45:19.000000Z
2024,261.8648148148148,43.08038,-79.06906,2024-09-17T20:45:20.000000Z
2024,261.86482638888884,43.08038,-79.06906,2024-09-17T20:45:21.000000Z
2024,261.86483796296295,43.08038,-79.06906,2024-09-17T20:45:22.000000Z
2024,261.864849537037,43.08038,-79.06906,2024-09-17T20:45:23.000000Z
2024,261.8648611111111,43.08038,-79.06906,2024-09-17T20:45:24.000000Z
2024,261.86487268518516,43.08038,-79.06906,2024-09-17T20:45:25.000000Z
2024,261.8648842592592,43.08038,-79.06906,2024-09-17T20:45:26.000000Z
2024,261.8648958333333,43.08038,-79.06906,2024-09-17T20:45:27.000000Z
2024,261.8649074074074,43.08038,-79.06906,2024-09-17T20:45:28.000000Z
2024,261.8649189814815,43.08038,-79.06906,2024-09-17T20:45:29.000000Z
2024,261.86493055555553,43.08038,-79.06906,2024-09-17T20:45:30.000000Z
2024,261.8649421296296,43.08038,-79.06906,2024-09-17T20:45:31.000000Z
2024,261.8649537037037,43.08038,-79.06906,2024-09-17T20:45:32.000000Z
2024,261.86496527777774,43.08038,-79.06906,2024-09-17T20:45:33.000000Z
2024,261.86497685185185,43.08038,-79.06906,2024-09-17T20:45:34.000000Z
2024,261.8649884259259,43.08038,-79.06906,2024-09-17T20:45:35.000000Z
2024,261.865,43.08038,-79.06906,2024-09-17T20:45:36.000000Z
2024,261.86501157407406,43.08038,-79.06906,2024-09-17T20:45:37.000000Z
2024,261.8650231481481,43.08038,-79.06906,2024-09-17T20:45:38.000000Z
2024,261.8650347222222,43.08038,-79.06906,2024-09-17T20:45:39.000000Z
2024,261.86504629629627,43.08038,-79.06906,2024-09-17T20:45:40.000000Z
2024,261.8650578703704,43.08038,-79.06906,2024-09-17T20:45:41.000000Z
2024,261.86506944444443,43.08038,-79.06906,2024-09-17T20:45:42.000000Z
2024,261.8650810185185,43.08038,-79.06906,2024-09-17T20:45:43.000000Z
2024,261.8650925925926,43.08038,-79.06906,2024-09-17T20:45:44.000000Z
2024,261.86510416666664,43.08038,-79.06906,2024-09-17T20:45:45.000000Z
2024,261.86511574074075,43.08038,-79.06906,2024-09-17T20:45:46.000000Z
2024,261.8651273148148,43.08038,-79.06906,2024-09-17T20:45:47.000000Z
2024,261.86513888888885,43.08038,-79.06906,2024-09-17T20:45:48.000000Z
2024,261.86515046296296,43.08038,-79.06906,2024-09-17T20:45:49.000000Z
2024,261.865162037037,43.08038,-79.06906,2024-09-17T20:45:50.000000Z
2024,261.8651736111111,43.08038,-79.06906,2024-09-17T20:45:51.000000Z
2024,261.86518518518517,43.08038,-79.06906,2024-09-17T20:45:52.000000Z
2024,261.8651967592592,43.08038,-79.06906,2024-09-17T20:45:53.000000Z
2024,261.8652083333333,43.08038,-79.06906,2024-09-17T20:45:54.000000Z
2024,261.8652199074074,43.08038,-79.06906,2024-09-17T20:45:55.000000Z
2024,261.8652314814815,43.08038,-79.06906,2024-09-17T20:45:56.000000Z
2024,261.86524305555554,43.08038,-79.06906,2024-09-17T20:45:57.000000Z
2024,261.8652546296296,43.08038,-79.06906,2024-09-17T20:45:58.000000Z
2024,261.8652662037037,43.08038,-79.06906,2024-09-17T20:45:59.000000Z
2024,261.86527777777775,43.08038,-79.06906,2024-09-17T20:46:00.000000Z
2024,261.8652893518518,43.08038,-79.06906,2024-09-17T20:46:01.000000Z
2024,261.8653009259259,43.08038,-79.06906,2024-09-17T20:46:02.000000Z
2024,261.86531249999996,43.08038,-79.06906,2024-09-17T20:46:03.000000Z
2024,261.86532407407407,43.08038,-79.06906,2024-09-17T20:46:04.000000Z
2024,261.8653356481481,43.08038,-79.06906,2024-09-17T20:46:05.000000Z
2024,261.86534722222217,43.08038,-79.06906,2024-09-17T20:46:06.000000Z
2024,261.8653587962963,43.08038,-79.06906,2024-09-17T20:46:07.000000Z
2024,261.86537037037033,43.08038,-79.06906,2024-09-17T20:46:08.000000Z
2024,261.86538194444444,43.08038,-79.06906,2024-09-17T20:46:09.000000Z
2024,261.8653935185185,43.08038,-79.06906,2024-09-17T20:46:10.000000Z
2024,261.86540509259254,43.08038,-79.06906,2024-09-17T20:46:11.000000Z
2024,261.86541666666665,43.08038,-79.06906,2024-09-17T20:46:12.000000Z
2024,261.8654282407407,43.08038,-79.06906,2024-09-17T20:46:13.000000Z
2024,261.8654398148148,43.08038,-79.06906,2024-09-17T20:46:14.000000Z
2024,261.86545138888886,43.08038,-79.06906,2024-09-17T20:46:15.000000Z
2024,261.8654629629629,43.08038,-79.06906,2024-09-17T20:46:16.000000Z
2024,261.865474537037,43.08038,-79.06906,2024-09-17T20:46:17.000000Z
2024,261.86548611111107,43.08038,-79.06906,2024-09-17T20:46:18.000000Z
2024,261.8654976851852,43.08038,-79.06906,2024-09-17T20:46:19.000000Z
2024,261.8655092592592,43.08038,-79.06906,2024-09-17T20:46:20.000000Z
2024,261.8655208333333,43.08038,-79.06906,2024-09-17T20:46:21.000000Z
2024,261.8655324074074,43.08038,-79.06906,2024-09-17T20:46:22.000000Z
2024,261.86554398148144,43.08038,-79.06906,2024-09-17T20:46:23.000000Z
2024,261.86555555555555,43.08038,-79.06906,2024-09-17T20:46:24.000000Z
2024,261.8655671296296,43.08038,-79.06907,2024-09-17T20:46:25.000000Z
2024,261.86557870370365,43.08038,-79.06907,2024-09-17T20:46:26.000000Z
2024,261.86559027777776,43.08038,-79.06907,2024-09-17T20:46:27.000000Z
2024,261.8656018518518,43.08038,-79.06906,2024-09-17T20:46:28.000000Z
2024,261.8656134259259,43.08038,-79.06906,2024-09-17T20:46:29.000000Z
2024,261.86562499999997,43.08038,-79.06906,2024-09-17T20:46:30.000000Z
2024,261.865636574074,43.08038,-79.06906,2024-09-17T20:46:31.000000Z
2024,261.8656481481481,43.08038,-79.06906,2024-09-17T20:46:32.000000Z
2024,261.8656597222222,43.08038,-79.06906,2024-09-17T20:46:33.000000Z
2024,261.8656712962963,43.08038,-79.06907,2024-09-17T20:46:34.000000Z
2024,261.86568287037034,43.08038,-79.06907,2024-09-17T20:46:35.000000Z
2024,261.86569444444444,43.08038,-79.06907,2024-09-17T20:46:36.000000Z
2024,261.8657060185185,43.08038,-79.06907,2024-09-17T20:46:37.000000Z
2024,261.86571759259255,43.08038,-79.06907,2024-09-17T20:46:38.000000Z
2024,261.86572916666665,43.08038,-79.06907,2024-09-17T20:46:39.000000Z
2024,261.8657407407407,43.08038,-79.06907,2024-09-17T20:46:40.000000Z
2024,261.8657523148148,43.08038,-79.06907,2024-09-17T20:46:41.000000Z
2024,261.86576388888886,43.08038,-79.06907,2024-09-17T20:46:42.000000Z
2024,261.8657754629629,43.08038,-79.06907,2024-09-17T20:46:43.000000Z
2024,261.865787037037,43.08038,-79.06907,2024-09-17T20:46:44.000000Z
2024,261.8657986111111,43.08038,-79.06907,2024-09-17T20:46:45.000000Z
2024,261.8658101851852,43.08038,-79.06907,2024-09-17T20:46:46.000000Z
2024,261.86582175925923,43.08038,-79.06907,2024-09-17T20:46:47.000000Z
2024,261.8658333333333,43.08038,-79.06907,2024-09-17T20:46:48.000000Z
2024,261.8658449074074,43.08038,-79.06907,2024-09-17T20:46:49.000000Z
2024,261.86585648148144,43.08038,-79.06907,2024-09-17T20:46:50.000000Z
2024,261.86586805555555,43.08038,-79.06907,2024-09-17T20:46:51.000000Z
2024,261.8658796296296,43.08038,-79.06907,2024-09-17T20:46:52.000000Z
2024,261.86589120370365,43.08038,-79.06907,2024-09-17T20:46:53.000000Z
2024,261.86590277777776,43.08038,-79.06907,2024-09-17T20:46:54.000000Z
2024,261.8659143518518,43.08038,-79.06907,2024-09-17T20:46:55.000000Z
2024,261.8659259259259,43.08038,-79.06907,2024-09-17T20:46:56.000000Z
2024,261.8659375,43.08038,-79.06907,2024-09-17T20:46:57.000000Z
2024,261.865949074074,43.08038,-79.06907,2024-09-17T20:46:58.000000Z
2024,261.86596064814813,43.08038,-79.06907,2024-09-17T20:46:59.000000Z
2024,261.8659722222222,43.08038,-79.06907,2024-09-17T20:47:00.000000Z
2024,261.86598379629623,43.08038,-79.06907,2024-09-17T20:47:01.000000Z
2024,261.86599537037034,43.08038,-79.06907,2024-09-17T20:47:02.000000Z
2024,261.8660069444444,43.08038,-79.06907,2024-09-17T20:47:03.000000Z
2024,261.8660185185185,43.08038,-79.06907,2024-09-17T20:47:04.000000Z
2024,261.86603009259255,43.08038,-79.06907,2024-09-17T20:47:05.000000Z
2024,261.8660416666666,43.08038,-79.06907,2024-09-17T20:47:06.000000Z
2024,261.8660532407407,43.08038,-79.06908,2024-09-17T20:47:07.000000Z
2024,261.86606481481476,43.08038,-79.06908,2024-09-17T20:47:08.000000Z
2024,261.86607638888887,43.08038,-79.06908,2024-09-17T20:47:09.000000Z
2024,261.8660879629629,43.08038,-79.06908,2024-09-17T20:47:10.000000Z
2024,261.866099537037,43.08038,-79.06907,2024-09-17T20:47:11.000000Z
2024,261.8661111111111,43.08038,-79.06907,2024-09-17T20:47:12.000000Z
2024,261.86612268518513,43.08038,-79.06907,2024-09-17T20:47:13.000000Z
2024,261.86613425925924,43.08038,-79.06907,2024-09-17T20:47:14.000000Z
2024,261.8661458333333,43.08038,-79.06907,2024-09-17T20:47:15.000000Z
2024,261.86615740740734,43.08038,-79.06907,2024-09-17T20:47:16.000000Z
2024,261.86616898148145,43.08038,-79.06907,2024-09-17T20:47:17.000000Z
2024,261.8661805555555,43.08038,-79.06908,2024-09-17T20:47:18.000000Z
2024,261.8661921296296,43.08038,-79.06908,2024-09-17T20:47:19.000000Z
2024,261.86620370370366,43.08038,-79.06908,2024-09-17T20:47:20.000000Z
2024,261.8662152777777,43.08038,-79.06908,2024-09-17T20:47:21.000000Z
2024,261.8662268518518,43.08038,-79.06908,2024-09-17T20:47:22.000000Z
2024,261.86623842592587,43.08038,-79.06908,2024-09-17T20:47:23.000000Z
2024,261.86626157407403,43.08038,-79.06908,2024-09-17T20:47:25.000000Z
2024,261.8662731481481,43.08038,-79.06908,2024-09-17T20:47:26.000000Z
2024,261.8662847222222,43.08038,-79.06908,2024-09-17T20:47:27.000000Z
2024,261.86629629629624,43.08038,-79.06908,2024-09-17T20:47:28.000000Z
2024,261.86630787037035,43.08038,-79.06908,2024-09-17T20:47:29.000000Z
2024,261.8663194444444,43.08038,-79.06908,2024-09-17T20:47:30.000000Z
2024,261.86633101851845,43.08038,-79.06908,2024-09-17T20:47:31.000000Z
2024,261.86634259259256,43.08038,-79.06908,2024-09-17T20:47:32.000000Z
2024,261.8663541666666,43.08038,-79.06908,2024-09-17T20:47:33.000000Z
2024,261.8663657407407,43.08038,-79.06908,2024-09-17T20:47:34.000000Z
2024,261.86637731481477,43.08038,-79.06908,2024-09-17T20:47:35.000000Z
2024,261.8663888888889,43.08038,-79.06908,2024-09-17T20:47:36.000000Z
2024,261.86640046296293,43.08038,-79.06909,2024-09-17T20:47:37.000000Z
2024,261.866412037037,43.08038,-79.06909,2024-09-17T20:47:38.000000Z
2024,261.8664236111111,43.08038,-79.06909,2024-09-17T20:47:39.000000Z
2024,261.86643518518514,43.08038,-79.06909,2024-09-17T20:47:40.000000Z
2024,261.86644675925925,43.08038,-79.06909,2024-09-17T20:47:41.000000Z
2024,261.8664583333333,43.08038,-79.06909,2024-09-17T20:47:42.000000Z
2024,261.86646990740735,43.08038,-79.06909,2024-09-17T20:47:43.000000Z
2024,261.86648148148146,43.08038,-79.06909,2024-09-17T20:47:44.000000Z
2024,261.8664930555555,43.08038,-79.06909,2024-09-17T20:47:45.000000Z
2024,261.8665046296296,43.08038,-79.06909,2024-09-17T20:47:46.000000Z
2024,261.86651620370367,43.08038,-79.06909,2024-09-17T20:47:47.000000Z
2024,261.8665277777777,43.08038,-79.06909,2024-09-17T20:47:48.000000Z
2024,261.8665393518518,43.08038,-79.06909,2024-09-17T20:47:49.000000Z
2024,261.8665509259259,43.08038,-79.06909,2024-09-17T20:47:50.000000Z
2024,261.8665625,43.08038,-79.06909,2024-09-17T20:47:51.000000Z
2024,261.86657407407404,43.08038,-79.06909,2024-09-17T20:47:52.000000Z
2024,261.8665856481481,43.08038,-79.06909,2024-09-17T20:47:53.000000Z
2024,261.8665972222222,43.08038,-79.06909,2024-09-17T20:47:54.000000Z
2024,261.86660879629625,43.08038,-79.06909,2024-09-17T20:47:55.000000Z
2024,261.86662037037036,43.08037,-79.06909,2024-09-17T20:47:56.000000Z
2024,261.8666319444444,43.08037,-79.06909,2024-09-17T20:47:57.000000Z
2024,261.86664351851846,43.08037,-79.06909,2024-09-17T20:47:58.000000Z
2024,261.86665509259257,43.08037,-79.06908,2024-09-17T20:47:59.000000Z
2024,261.8666666666667,43.08037,-79.06908,2024-09-17T20:48:00.000000Z
2024,261.8666782407407,43.08037,-79.06908,2024-09-17T20:48:01.000000Z
2024,261.86668981481483,43.08037,-79.06908,2024-09-17T20:48:02.000000Z
2024,261.8667013888889,43.08037,-79.06908,2024-09-17T20:48:03.000000Z
2024,261.866712962963,43.08037,-79.06908,2024-09-17T20:48:04.000000Z
2024,261.86672453703704,43.08037,-79.06908,2024-09-17T20:48:05.000000Z
2024,261.8667361111111,43.08037,-79.06908,2024-09-17T20:48:06.000000Z
2024,261.8667476851852,43.08037,-79.06908,2024-09-17T20:48:07.000000Z
2024,261.86675925925925,43.08038,-79.06908,2024-09-17T20:48:08.000000Z
2024,261.86677083333336,43.08038,-79.06908,2024-09-17T20:48:09.000000Z
2024,261.8667824074074,43.08038,-79.06908,2024-09-17T20:48:10.000000Z
2024,261.86679398148146,43.08038,-79.06908,2024-09-17T20:48:11.000000Z
2024,261.8668055555556,43.08038,-79.06908,2024-09-17T20:48:12.000000Z
2024,261.8668171296296,43.08038,-79.06908,2024-09-17T20:48:13.000000Z
2024,261.86682870370373,43.08038,-79.06908,2024-09-17T20:48:14.000000Z
2024,261.8668402777778,43.08038,-79.06908,2024-09-17T20:48:15.000000Z
2024,261.86685185185183,43.08038,-79.06908,2024-09-17T20:48:16.000000Z
2024,261.86686342592594,43.08038,-79.06908,2024-09-17T20:48:17.000000Z
2024,261.866875,43.08038,-79.06908,2024-09-17T20:48:18.000000Z
2024,261.8668865740741,43.08038,-79.06908,2024-09-17T20:48:19.000000Z
2024,261.86689814814815,43.08038,-79.06908,2024-09-17T20:48:20.000000Z
2024,261.8669097222222,43.08038,-79.06908,2024-09-17T20:48:21.000000Z
2024,261.8669212962963,43.08038,-79.06908,2024-09-17T20:48:22.000000Z
2024,261.86693287037036,43.08038,-79.06908,2024-09-17T20:48:23.000000Z
2024,261.86694444444447,43.08038,-79.06908,2024-09-17T20:48:24.000000Z
2024,261.8669560185185,43.08038,-79.06908,2024-09-17T20:48:25.000000Z
2024,261.8669675925926,43.08038,-79.06908,2024-09-17T20:48:26.000000Z
2024,261.8669791666667,43.08038,-79.06908,2024-09-17T20:48:27.000000Z
2024,261.86699074074073,43.08038,-79.06908,2024-09-17T20:48:28.000000Z
2024,261.86700231481484,43.08038,-79.06908,2024-09-17T20:48:29.000000Z
2024,261.8670138888889,43.08038,-79.06908,2024-09-17T20:48:30.000000Z
2024,261.86703703703705,43.08038,-79.06908,2024-09-17T20:48:32.000000Z
2024,261.8670486111111,43.08038,-79.06908,2024-09-17T20:48:33.000000Z
2024,261.8670601851852,43.08038,-79.06908,2024-09-17T20:48:34.000000Z
2024,261.86707175925926,43.08038,-79.06909,2024-09-17T20:48:35.000000Z
2024,261.86708333333337,43.08038,-79.06909,2024-09-17T20:48:36.000000Z
2024,261.8670949074074,43.08037,-79.06909,2024-09-17T20:48:37.000000Z
2024,261.86710648148147,43.08037,-79.06909,2024-09-17T20:48:38.000000Z
2024,261.8671180555556,43.08037,-79.06909,2024-09-17T20:48:39.000000Z
2024,261.86712962962963,43.08037,-79.06909,2024-09-17T20:48:40.000000Z
2024,261.86714120370374,43.08037,-79.06909,2024-09-17T20:48:41.000000Z
2024,261.8671527777778,43.08037,-79.06909,2024-09-17T20:48:42.000000Z
2024,261.86716435185184,43.08037,-79.06909,2024-09-17T20:48:43.000000Z
2024,261.86717592592595,43.08037,-79.06909,2024-09-17T20:48:44.000000Z
2024,261.8671875,43.08037,-79.06909,2024-09-17T20:48:45.000000Z
2024,261.8671990740741,43.08037,-79.06909,2024-09-17T20:48:46.000000Z
2024,261.86721064814816,43.08037,-79.06909,2024-09-17T20:48:47.000000Z
2024,261.8672222222222,43.08037,-79.06909,2024-09-17T20:48:48.000000Z
2024,261.8672337962963,43.08037,-79.06909,2024-09-17T20:48:49.000000Z
2024,261.86724537037037,43.08037,-79.06909,2024-09-17T20:48:50.000000Z
2024,261.8672569444445,43.08037,-79.06909,2024-09-17T20:48:51.000000Z
2024,261.86726851851853,43.08037,-79.06909,2024-09-17T20:48:52.000000Z
2024,261.8672800925926,43.08037,-79.06909,2024-09-17T20:48:53.000000Z
2024,261.8672916666667,43.08037,-79.06909,2024-09-17T20:48:54.000000Z
2024,261.86730324074074,43.08037,-79.06909,2024-09-17T20:48:55.000000Z
2024,261.86731481481485,43.08037,-79.06909,2024-09-17T20:48:56.000000Z
2024,261.8673263888889,43.08037,-79.06909,2024-09-17T20:48:57.000000Z
2024,261.86733796296295,43.08037,-79.06909,2024-09-17T20:48:58.000000Z
2024,261.86734953703706,43.08037,-79.06909,2024-09-17T20:48:59.000000Z
2024,261.8673611111111,43.08037,-79.06909,2024-09-17T20:49:00.000000Z
2024,261.86737268518516,43.08037,-79.06909,2024-09-17T20:49:01.000000Z
2024,261.86738425925927,43.08037,-79.06909,2024-09-17T20:49:02.000000Z
2024,261.8673958333333,43.08037,-79.06908,2024-09-17T20:49:03.000000Z
2024,261.8674074074074,43.08037,-79.06908,2024-09-17T20:49:04.000000Z
2024,261.8674189814815,43.08037,-79.06908,2024-09-17T20:49:05.000000Z
2024,261.86743055555553,43.08037,-79.06908,2024-09-17T20:49:06.000000Z
2024,261.86744212962964,43.08037,-79.06908,2024-09-17T20:49:07.000000Z
2024,261.8674537037037,43.08037,-79.06908,2024-09-17T20:49:08.000000Z
2024,261.8674652777778,43.08037,-79.06908,2024-09-17T20:49:09.000000Z
2024,261.86747685185185,43.08037,-79.06908,2024-09-17T20:49:10.000000Z
2024,261.8674884259259,43.08037,-79.06908,2024-09-17T20:49:11.000000Z
2024,261.8675,43.08037,-79.06908,2024-09-17T20:49:12.000000Z
2024,261.86751157407406,43.08037,-79.06908,2024-09-17T20:49:13.000000Z
2024,261.86752314814817,43.08037,-79.06908,2024-09-17T20:49:14.000000Z
2024,261.8675347222222,43.08037,-79.06908,2024-09-17T20:49:15.000000Z
2024,261.86754629629627,43.08037,-79.06908,2024-09-17T20:49:16.000000Z
2024,261.86758101851854,43.08037,-79.06908,2024-09-17T20:49:19.000000Z
2024,261.8675925925926,43.08037,-79.06908,2024-09-17T20:49:20.000000Z
2024,261.86760416666664,43.08037,-79.06908,2024-09-17T20:49:21.000000Z
2024,261.86761574074075,43.08037,-79.06908,2024-09-17T20:49:22.000000Z
2024,261.8676273148148,43.08037,-79.06908,2024-09-17T20:49:23.000000Z
2024,261.8676388888889,43.08037,-79.06908,2024-09-17T20:49:24.000000Z
2024,261.86765046296296,43.08037,-79.06908,2024-09-17T20:49:25.000000Z
2024,261.867662037037,43.08037,-79.06908,2024-09-17T20:49:26.000000Z
2024,261.8676736111111,43.08037,-79.06908,2024-09-17T20:49:27.000000Z
2024,261.86768518518517,43.08037,-79.06908,2024-09-17T20:49:28.000000Z
2024,261.8676967592593,43.08037,-79.06908,2024-09-17T20:49:29.000000Z
2024,261.8677083333333,43.08037,-79.06908,2024-09-17T20:49:30.000000Z
2024,261.8677199074074,43.08037,-79.06908,2024-09-17T20:49:31.000000Z
2024,261.8677314814815,43.08037,-79.06908,2024-09-17T20:49:32.000000Z
2024,261.86774305555554,43.08037,-79.06908,2024-09-17T20:49:33.000000Z
2024,261.86775462962964,43.08037,-79.06908,2024-09-17T20:49:34.000000Z
2024,261.8677662037037,43.08037,-79.06908,2024-09-17T20:49:35.000000Z
2024,261.8677777777778,43.08037,-79.06908,2024-09-17T20:49:36.000000Z
2024,261.86778935185185,43.08037,-79.06908,2024-09-17T20:49:37.000000Z
2024,261.8678125,43.08037,-79.06908,2024-09-17T20:49:39.000000Z
2024,261.86782407407406,43.08037,-79.06908,2024-09-17T20:49:40.000000Z
2024,261.8678356481482,43.08037,-79.06908,2024-09-17T20:49:41.000000Z
2024,261.8678472222222,43.08037,-79.06908,2024-09-17T20:49:42.000000Z
2024,261.8678587962963,43.08037,-79.06908,2024-09-17T20:49:43.000000Z
2024,261.8678703703704,43.08037,-79.06908,2024-09-17T20:49:44.000000Z
2024,261.86788194444443,43.08037,-79.06908,2024-09-17T20:49:45.000000Z
2024,261.86789351851854,43.08037,-79.06908,2024-09-17T20:49:46.000000Z
2024,261.8679050925926,43.08037,-79.06908,2024-09-17T20:49:47.000000Z
2024,261.86791666666664,43.08037,-79.06908,2024-09-17T20:49:48.000000Z
2024,261.86792824074075,43.08037,-79.06908,2024-09-17T20:49:49.000000Z
2024,261.8679398148148,43.08037,-79.06908,2024-09-17T20:49:50.000000Z
2024,261.8679513888889,43.08037,-79.06908,2024-09-17T20:49:51.000000Z
2024,261.86796296296296,43.08037,-79.06908,2024-09-17T20:49:52.000000Z
2024,261.867974537037,43.08037,-79.06908,2024-09-17T20:49:53.000000Z
2024,261.8679861111111,43.08037,-79.06908,2024-09-17T20:49:54.000000Z
2024,261.8679976851852,43.08037,-79.06908,2024-09-17T20:49:55.000000Z
2024,261.8680092592593,43.08037,-79.06908,2024-09-17T20:49:56.000000Z
2024,261.86802083333333,43.08037,-79.06908,2024-09-17T20:49:57.000000Z
2024,261.8680324074074,43.08037,-79.06908,2024-09-17T20:49:58.000000Z
2024,261.8680439814815,43.08037,-79.06908,2024-09-17T20:49:59.000000Z
2024,261.86805555555554,43.08037,-79.06908,2024-09-17T20:50:00.000000Z
2024,261.8680671296296,43.08037,-79.06908,2024-09-17T20:50:01.000000Z
2024,261.8680787037037,43.08037,-79.06908,2024-09-17T20:50:02.000000Z
2024,261.86809027777775,43.08037,-79.06908,2024-09-17T20:50:03.000000Z
2024,261.86810185185186,43.08037,-79.06908,2024-09-17T20:50:04.000000Z
2024,261.8681134259259,43.08037,-79.06908,2024-09-17T20:50:05.000000Z
2024,261.86812499999996,43.08037,-79.06908,2024-09-17T20:50:06.000000Z
2024,261.8681365740741,43.08037,-79.06908,2024-09-17T20:50:07.000000Z
2024,261.8681481481481,43.08037,-79.06908,2024-09-17T20:50:08.000000Z
2024,261.86815972222223,43.08037,-79.06908,2024-09-17T20:50:09.000000Z
2024,261.8681712962963,43.08037,-79.06908,2024-09-17T20:50:10.000000Z
2024,261.86818287037033,43.08037,-79.06908,2024-09-17T20:50:11.000000Z
2024,261.86819444444444,43.08037,-79.06908,2024-09-17T20:50:12.000000Z
2024,261.8682060185185,43.08037,-79.06908,2024-09-17T20:50:13.000000Z
2024,261.8682175925926,43.08037,-79.06908,2024-09-17T20:50:14.000000Z
2024,261.86822916666665,43.08037,-79.06908,2024-09-17T20:50:15.000000Z
2024,261.8682407407407,43.08037,-79.06908,2024-09-17T20:50:16.000000Z
2024,261.8682523148148,43.08037,-79.06908,2024-09-17T20:50:17.000000Z
2024,261.86826388888886,43.08037,-79.06908,2024-09-17T20:50:18.000000Z
2024,261.86827546296297,43.08037,-79.06908,2024-09-17T20:50:19.000000Z
2024,261.868287037037,43.08037,-79.06908,2024-09-17T20:50:20.000000Z
2024,261.8682986111111,43.08037,-79.06908,2024-09-17T20:50:21.000000Z
2024,261.8683101851852,43.08037,-79.06908,2024-09-17T20:50:22.000000Z
2024,261.86832175925923,43.08037,-79.06908,2024-09-17T20:50:23.000000Z
2024,261.86833333333334,43.08037,-79.06908,2024-09-17T20:50:24.000000Z
2024,261.8683449074074,43.08037,-79.06908,2024-09-17T20:50:25.000000Z
2024,261.86835648148144,43.08037,-79.06908,2024-09-17T20:50:26.000000Z
2024,261.86836805555555,43.08037,-79.06908,2024-09-17T20:50:27.000000Z
2024,261.8683796296296,43.08037,-79.06908,2024-09-17T20:50:28.000000Z
2024,261.8683912037037,43.08037,-79.06908,2024-09-17T20:50:29.000000Z
2024,261.86840277777776,43.08037,-79.06908,2024-09-17T20:50:30.000000Z
2024,261.8684143518518,43.08037,-79.06908,2024-09-17T20:50:31.000000Z
2024,261.8684259259259,43.08037,-79.06908,2024-09-17T20:50:32.000000Z
2024,261.86843749999997,43.08037,-79.06908,2024-09-17T20:50:33.000000Z
2024,261.8684490740741,43.08037,-79.06908,2024-09-17T20:50:34.000000Z
2024,261.86846064814813,43.08037,-79.06908,2024-09-17T20:50:35.000000Z
2024,261.86847222222224,43.08037,-79.06908,2024-09-17T20:50:36.000000Z
2024,261.8684837962963,43.08037,-79.06908,2024-09-17T20:50:37.000000Z
2024,261.86849537037034,43.08037,-79.06908,2024-09-17T20:50:38.000000Z
2024,261.86850694444445,43.08037,-79.06909,2024-09-17T20:50:39.000000Z
2024,261.8685185185185,43.08037,-79.06909,2024-09-17T20:50:40.000000Z
2024,261.8685300925926,43.08037,-79.06909,2024-09-17T20:50:41.000000Z
2024,261.86854166666666,43.08037,-79.06909,2024-09-17T20:50:42.000000Z
2024,261.8685532407407,43.08037,-79.06909,2024-09-17T20:50:43.000000Z
2024,261.8685648148148,43.08037,-79.06909,2024-09-17T20:50:44.000000Z
2024,261.86857638888887,43.08037,-79.06909,2024-09-17T20:50:45.000000Z
2024,261.868587962963,43.08037,-79.06909,2024-09-17T20:50:46.000000Z
2024,261.868599537037,43.08037,-79.06909,2024-09-17T20:50:47.000000Z
2024,261.8686111111111,43.08037,-79.06909,2024-09-17T20:50:48.000000Z
2024,261.8686226851852,43.08037,-79.06909,2024-09-17T20:50:49.000000Z
2024,261.86863425925924,43.08037,-79.06909,2024-09-17T20:50:50.000000Z
2024,261.86864583333335,43.08037,-79.06909,2024-09-17T20:50:51.000000Z
2024,261.8686574074074,43.08037,-79.06909,2024-09-17T20:50:52.000000Z
2024,261.86866898148145,43.08037,-79.06909,2024-09-17T20:50:53.000000Z
2024,261.86868055555556,43.08037,-79.06909,2024-09-17T20:50:54.000000Z
2024,261.8686921296296,43.08037,-79.06909,2024-09-17T20:50:55.000000Z
2024,261.8687037037037,43.08037,-79.06909,2024-09-17T20:50:56.000000Z
2024,261.86871527777777,43.08037,-79.06909,2024-09-17T20:50:57.000000Z
2024,261.8687268518518,43.08037,-79.06909,2024-09-17T20:50:58.000000Z
2024,261.8687384259259,43.08037,-79.06909,2024-09-17T20:50:59.000000Z
2024,261.86875,43.08037,-79.06909,2024-09-17T20:51:00.000000Z
2024,261.86876157407403,43.08037,-79.06909,2024-09-17T20:51:01.000000Z
2024,261.86877314814814,43.08037,-79.06909,2024-09-17T20:51:02.000000Z
2024,261.8687847222222,43.08037,-79.06909,2024-09-17T20:51:03.000000Z
2024,261.8687962962963,43.08037,-79.06909,2024-09-17T20:51:04.000000Z
2024,261.86880787037035,43.08037,-79.06909,2024-09-17T20:51:05.000000Z
2024,261.8688194444444,43.08037,-79.06909,2024-09-17T20:51:06.000000Z
2024,261.8688310185185,43.08037,-79.06909,2024-09-17T20:51:07.000000Z
2024,261.86884259259256,43.08037,-79.06909,2024-09-17T20:51:08.000000Z
2024,261.86885416666667,43.08037,-79.06909,2024-09-17T20:51:09.000000Z
2024,261.8688657407407,43.08036,-79.06909,2024-09-17T20:51:10.000000Z
2024,261.86887731481477,43.08036,-79.06909,2024-09-17T20:51:11.000000Z
2024,261.8688888888889,43.08036,-79.06909,2024-09-17T20:51:12.000000Z
2024,261.8689004629629,43.08036,-79.06909,2024-09-17T20:51:13.000000Z
2024,261.86891203703703,43.08036,-79.06909,2024-09-17T20:51:14.000000Z
2024,261.8689236111111,43.08036,-79.06909,2024-09-17T20:51:15.000000Z
2024,261.86893518518514,43.08036,-79.06909,2024-09-17T20:51:16.000000Z
2024,261.86894675925925,43.08036,-79.06909,2024-09-17T20:51:17.000000Z
2024,261.8689583333333,43.08036,-79.06909,2024-09-17T20:51:18.000000Z
2024,261.8689699074074,43.08036,-79.06909,2024-09-17T20:51:19.000000Z
2024,261.86898148148146,43.08036,-79.06909,2024-09-17T20:51:20.000000Z
2024,261.8689930555555,43.08036,-79.06909,2024-09-17T20:51:21.000000Z
2024,261.8690046296296,43.08036,-79.06909,2024-09-17T20:51:22.000000Z
2024,261.86901620370367,43.08036,-79.06909,2024-09-17T20:51:23.000000Z
2024,261.8690277777778,43.08036,-79.06909,2024-09-17T20:51:24.000000Z
2024,261.8690393518518,43.08036,-79.06909,2024-09-17T20:51:25.000000Z
2024,261.8690509259259,43.08036,-79.06909,2024-09-17T20:51:26.000000Z
2024,261.8690625,43.08036,-79.06909,2024-09-17T20:51:27.000000Z
2024,261.86907407407404,43.08036,-79.06909,2024-09-17T20:51:28.000000Z
2024,261.86908564814814,43.08036,-79.06909,2024-09-17T20:51:29.000000Z
2024,261.8690972222222,43.08036,-79.06909,2024-09-17T20:51:30.000000Z
2024,261.86910879629625,43.08036,-79.06909,2024-09-17T20:51:31.000000Z
2024,261.86912037037035,43.08036,-79.06909,2024-09-17T20:51:32.000000Z
2024,261.8691319444444,43.08036,-79.06909,2024-09-17T20:51:33.000000Z
2024,261.8691435185185,43.08036,-79.06909,2024-09-17T20:51:34.000000Z
2024,261.86915509259256,43.08036,-79.06909,2024-09-17T20:51:35.000000Z
2024,261.8691666666667,43.08036,-79.06909,2024-09-17T20:51:36.000000Z
2024,261.8691782407407,43.08036,-79.06909,2024-09-17T20:51:37.000000Z
2024,261.8691898148148,43.08036,-79.06909,2024-09-17T20:51:38.000000Z
2024,261.8692013888889,43.08036,-79.06909,2024-09-17T20:51:39.000000Z
2024,261.86921296296293,43.08036,-79.06909,2024-09-17T20:51:40.000000Z
2024,261.86922453703704,43.08036,-79.06909,2024-09-17T20:51:41.000000Z
2024,261.8692361111111,43.08036,-79.06909,2024-09-17T20:51:42.000000Z
2024,261.86924768518514,43.08036,-79.06909,2024-09-17T20:51:43.000000Z
2024,261.86925925925925,43.08036,-79.06909,2024-09-17T20:51:44.000000Z
2024,261.8692708333333,43.08036,-79.06909,2024-09-17T20:51:45.000000Z
2024,261.8692824074074,43.08036,-79.06909,2024-09-17T20:51:46.000000Z
2024,261.86929398148146,43.08036,-79.06909,2024-09-17T20:51:47.000000Z
2024,261.8693055555555,43.08036,-79.06909,2024-09-17T20:51:48.000000Z
2024,261.8693171296296,43.08036,-79.06909,2024-09-17T20:51:49.000000Z
2024,261.8693287037037,43.08036,-79.06909,2024-09-17T20:51:50.000000Z
2024,261.8693402777778,43.08036,-79.06909,2024-09-17T20:51:51.000000Z
2024,261.86935185185183,43.08036,-79.06909,2024-09-17T20:51:52.000000Z
2024,261.8693634259259,43.08036,-79.06909,2024-09-17T20:51:53.000000Z
2024,261.869375,43.08036,-79.06909,2024-09-17T20:51:54.000000Z
2024,261.86938657407404,43.08036,-79.06909,2024-09-17T20:51:55.000000Z
2024,261.86939814814815,43.08036,-79.06909,2024-09-17T20:51:56.000000Z
2024,261.8694097222222,43.08036,-79.06909,2024-09-17T20:51:57.000000Z
2024,261.86942129629625,43.08036,-79.06909,2024-09-17T20:51:58.000000Z
2024,261.86943287037036,43.08036,-79.06909,2024-09-17T20:51:59.000000Z
2024,261.8694444444444,43.08036,-79.06909,2024-09-17T20:52:00.000000Z
2024,261.86945601851846,43.08036,-79.06909,2024-09-17T20:52:01.000000Z
2024,261.86946759259257,43.08036,-79.06909,2024-09-17T20:52:02.000000Z
2024,261.8694791666666,43.08036,-79.06909,2024-09-17T20:52:03.000000Z
2024,261.86949074074073,43.08036,-79.06909,2024-09-17T20:52:04.000000Z
2024,261.8695023148148,43.08036,-79.06909,2024-09-17T20:52:05.000000Z
2024,261.86951388888883,43.08036,-79.06909,2024-09-17T20:52:06.000000Z
2024,261.86952546296294,43.08036,-79.06909,2024-09-17T20:52:07.000000Z
2024,261.869537037037,43.08036,-79.06909,2024-09-17T20:52:08.000000Z
2024,261.8695486111111,43.08036,-79.06909,2024-09-17T20:52:09.000000Z
2024,261.86956018518515,43.08036,-79.06909,2024-09-17T20:52:10.000000Z
2024,261.8695717592592,43.08036,-79.06909,2024-09-17T20:52:11.000000Z
2024,261.8695833333333,43.08036,-79.06909,2024-09-17T20:52:12.000000Z
2024,261.86959490740736,43.08036,-79.06909,2024-09-17T20:52:13.000000Z
2024,261.86960648148147,43.08036,-79.06909,2024-09-17T20:52:14.000000Z
2024,261.8696180555555,43.08036,-79.06909,2024-09-17T20:52:15.000000Z
2024,261.86962962962957,43.08036,-79.06909,2024-09-17T20:52:16.000000Z
2024,261.8696412037037,43.08036,-79.06909,2024-09-17T20:52:17.000000Z
2024,261.86965277777773,43.08036,-79.06909,2024-09-17T20:52:18.000000Z
2024,261.86966435185184,43.08036,-79.06909,2024-09-17T20:52:19.000000Z
2024,261.8696759259259,43.08036,-79.06909,2024-09-17T20:52:20.000000Z
2024,261.86968749999994,43.08036,-79.06909,2024-09-17T20:52:21.000000Z
2024,261.86969907407405,43.08036,-79.06909,2024-09-17T20:52:22.000000Z
2024,261.8697106481481,43.08036,-79.06909,2024-09-17T20:52:23.000000Z
2024,261.8697222222222,43.08036,-79.06909,2024-09-17T20:52:24.000000Z
2024,261.86973379629626,43.08036,-79.06909,2024-09-17T20:52:25.000000Z
2024,261.8697453703703,43.08036,-79.06909,2024-09-17T20:52:26.000000Z
2024,261.8697569444444,43.08036,-79.06909,2024-09-17T20:52:27.000000Z
2024,261.86976851851847,43.08036,-79.06909,2024-09-17T20:52:28.000000Z
2024,261.8697800925926,43.08036,-79.06909,2024-09-17T20:52:29.000000Z
2024,261.86979166666663,43.08036,-79.06909,2024-09-17T20:52:30.000000Z
2024,261.8698032407407,43.08036,-79.06909,2024-09-17T20:52:31.000000Z
2024,261.8698148148148,43.08036,-79.06909,2024-09-17T20:52:32.000000Z
2024,261.86982638888884,43.08036,-79.06909,2024-09-17T20:52:33.000000Z
2024,261.86983796296295,43.08036,-79.06909,2024-09-17T20:52:34.000000Z
2024,261.869849537037,43.08036,-79.06909,2024-09-17T20:52:35.000000Z
2024,261.8698611111111,43.08036,-79.06909,2024-09-17T20:52:36.000000Z
2024,261.86987268518516,43.08036,-79.06909,2024-09-17T20:52:37.000000Z
2024,261.8698842592592,43.08036,-79.06909,2024-09-17T20:52:38.000000Z
2024,261.8698958333333,43.08036,-79.06909,2024-09-17T20:52:39.000000Z
2024,261.86990740740737,43.08036,-79.06909,2024-09-17T20:52:40.000000Z
2024,261.8699189814815,43.08036,-79.06909,2024-09-17T20:52:41.000000Z
2024,261.8699305555555,43.08036,-79.06909,2024-09-17T20:52:42.000000Z
2024,261.8699421296296,43.08036,-79.06909,2024-09-17T20:52:43.000000Z
2024,261.8699537037037,43.08036,-79.06909,2024-09-17T20:52:44.000000Z
2024,261.86996527777774,43.08036,-79.06909,2024-09-17T20:52:45.000000Z
2024,261.86997685185185,43.08036,-79.06909,2024-09-17T20:52:46.000000Z
2024,261.8699884259259,43.08036,-79.06909,2024-09-17T20:52:47.000000Z
2024,261.86999999999995,43.08036,-79.06909,2024-09-17T20:52:48.000000Z
2024,261.87001157407406,43.08036,-79.06909,2024-09-17T20:52:49.000000Z
2024,261.8700231481481,43.08036,-79.06909,2024-09-17T20:52:50.000000Z
2024,261.8700347222222,43.08036,-79.06909,2024-09-17T20:52:51.000000Z
2024,261.87004629629627,43.08036,-79.06909,2024-09-17T20:52:52.000000Z
2024,261.8700578703703,43.08036,-79.06909,2024-09-17T20:52:53.000000Z
2024,261.8700694444444,43.08036,-79.06909,2024-09-17T20:52:54.000000Z
2024,261.8700810185185,43.08036,-79.06909,2024-09-17T20:52:55.000000Z
2024,261.8700925925926,43.08036,-79.06909,2024-09-17T20:52:56.000000Z
2024,261.87010416666664,43.08036,-79.06909,2024-09-17T20:52:57.000000Z
2024,261.8701157407407,43.08036,-79.06909,2024-09-17T20:52:58.000000Z
2024,261.8701273148148,43.08036,-79.06909,2024-09-17T20:52:59.000000Z
2024,261.87013888888885,43.08036,-79.06909,2024-09-17T20:53:00.000000Z
2024,261.8701504629629,43.08036,-79.06909,2024-09-17T20:53:01.000000Z
2024,261.870162037037,43.08036,-79.06909,2024-09-17T20:53:02.000000Z
2024,261.87017361111106,43.08036,-79.06909,2024-09-17T20:53:03.000000Z
2024,261.87018518518516,43.08036,-79.06909,2024-09-17T20:53:04.000000Z
2024,261.8701967592592,43.08036,-79.06909,2024-09-17T20:53:05.000000Z
2024,261.87020833333327,43.08036,-79.06909,2024-09-17T20:53:06.000000Z
2024,261.8702199074074,43.08036,-79.06909,2024-09-17T20:53:07.000000Z
2024,261.8702314814814,43.08036,-79.06909,2024-09-17T20:53:08.000000Z
2024,261.87024305555553,43.08036,-79.06909,2024-09-17T20:53:09.000000Z
2024,261.8702546296296,43.08036,-79.06909,2024-09-17T20:53:10.000000Z
2024,261.87026620370364,43.08036,-79.06909,2024-09-17T20:53:11.000000Z
2024,261.87027777777774,43.08036,-79.06909,2024-09-17T20:53:12.000000Z
2024,261.8702893518518,43.08036,-79.06909,2024-09-17T20:53:13.000000Z
2024,261.8703009259259,43.08036,-79.06909,2024-09-17T20:53:14.000000Z
2024,261.87031249999995,43.08036,-79.06909,2024-09-17T20:53:15.000000Z
2024,261.870324074074,43.08036,-79.06909,2024-09-17T20:53:16.000000Z
2024,261.8703356481481,43.08036,-79.06909,2024-09-17T20:53:17.000000Z
2024,261.87034722222216,43.08036,-79.06909,2024-09-17T20:53:18.000000Z
2024,261.8703587962963,43.08036,-79.06909,2024-09-17T20:53:19.000000Z
2024,261.8703703703703,43.08036,-79.06909,2024-09-17T20:53:20.000000Z
2024,261.8703819444444,43.08036,-79.06909,2024-09-17T20:53:21.000000Z
2024,261.8703935185185,43.08036,-79.06909,2024-09-17T20:53:22.000000Z
2024,261.87040509259253,43.08036,-79.06909,2024-09-17T20:53:23.000000Z
2024,261.87041666666664,43.08036,-79.06909,2024-09-17T20:53:24.000000Z
2024,261.8704282407407,43.08036,-79.06909,2024-09-17T20:53:25.000000Z
2024,261.87043981481474,43.08036,-79.06909,2024-09-17T20:53:26.000000Z
2024,261.87045138888885,43.08036,-79.06909,2024-09-17T20:53:27.000000Z
2024,261.8704629629629,43.08036,-79.06909,2024-09-17T20:53:28.000000Z
2024,261.870474537037,43.08036,-79.06909,2024-09-17T20:53:29.000000Z
2024,261.87048611111106,43.08036,-79.06909,2024-09-17T20:53:30.000000Z
2024,261.8704976851851,43.08036,-79.06909,2024-09-17T20:53:31.000000Z
2024,261.8705092592592,43.08036,-79.06909,2024-09-17T20:53:32.000000Z
2024,261.8705208333333,43.08036,-79.06909,2024-09-17T20:53:33.000000Z
2024,261.8705324074074,43.08036,-79.06909,2024-09-17T20:53:34.000000Z
2024,261.87054398148143,43.08036,-79.06909,2024-09-17T20:53:35.000000Z
2024,261.87055555555554,43.08036,-79.06909,2024-09-17T20:53:36.000000Z
2024,261.8705671296296,43.08036,-79.06909,2024-09-17T20:53:37.000000Z
2024,261.87057870370364,43.08036,-79.06909,2024-09-17T20:53:38.000000Z
2024,261.87059027777775,43.08036,-79.06909,2024-09-17T20:53:39.000000Z
2024,261.8706018518518,43.08036,-79.06909,2024-09-17T20:53:40.000000Z
2024,261.8706134259259,43.08036,-79.06909,2024-09-17T20:53:41.000000Z
2024,261.87062499999996,43.08036,-79.06909,2024-09-17T20:53:42.000000Z
2024,261.870636574074,43.08036,-79.06909,2024-09-17T20:53:43.000000Z
2024,261.8706481481481,43.08036,-79.06909,2024-09-17T20:53:44.000000Z
2024,261.8706597222222,43.08036,-79.06909,2024-09-17T20:53:45.000000Z
2024,261.8706712962963,43.08036,-79.06909,2024-09-17T20:53:46.000000Z
2024,261.87068287037033,43.08036,-79.06909,2024-09-17T20:53:47.000000Z
2024,261.8706944444444,43.08036,-79.06909,2024-09-17T20:53:48.000000Z
2024,261.8707060185185,43.08036,-79.06909,2024-09-17T20:53:49.000000Z
2024,261.87071759259254,43.08036,-79.06909,2024-09-17T20:53:50.000000Z
2024,261.87072916666665,43.08036,-79.06909,2024-09-17T20:53:51.000000Z
2024,261.8707407407407,43.08036,-79.06909,2024-09-17T20:53:52.000000Z
2024,261.87075231481475,43.08036,-79.06909,2024-09-17T20:53:53.000000Z
2024,261.87076388888886,43.08036,-79.06909,2024-09-17T20:53:54.000000Z
2024,261.8707754629629,43.08036,-79.06909,2024-09-17T20:53:55.000000Z
2024,261.870787037037,43.08036,-79.06909,2024-09-17T20:53:56.000000Z
2024,261.87079861111107,43.08036,-79.06909,2024-09-17T20:53:57.000000Z
2024,261.8708101851851,43.08036,-79.06909,2024-09-17T20:53:58.000000Z
2024,261.87082175925923,43.08036,-79.06909,2024-09-17T20:53:59.000000Z
2024,261.87083333333334,43.08036,-79.06909,2024-09-17T20:54:00.000000Z
2024,261.8708449074074,43.08036,-79.06908,2024-09-17T20:54:01.000000Z
2024,261.8708564814815,43.08036,-79.06908,2024-09-17T20:54:02.000000Z
2024,261.87086805555555,43.08036,-79.06908,2024-09-17T20:54:03.000000Z
2024,261.87087962962966,43.08036,-79.06908,2024-09-17T20:54:04.000000Z
2024,261.8708912037037,43.08036,-79.06908,2024-09-17T20:54:05.000000Z
2024,261.87090277777776,43.08036,-79.06908,2024-09-17T20:54:06.000000Z
2024,261.87091435185187,43.08036,-79.06908,2024-09-17T20:54:07.000000Z
2024,261.8709259259259,43.08036,-79.06908,2024-09-17T20:54:08.000000Z
2024,261.8709375,43.08036,-79.06908,2024-09-17T20:54:09.000000Z
2024,261.8709490740741,43.08036,-79.06908,2024-09-17T20:54:10.000000Z
2024,261.8709606481481,43.08036,-79.06908,2024-09-17T20:54:11.000000Z
2024,261.87097222222224,43.08036,-79.06908,2024-09-17T20:54:12.000000Z
2024,261.8709837962963,43.08036,-79.06908,2024-09-17T20:54:13.000000Z
2024,261.8709953703704,43.08036,-79.06908,2024-09-17T20:54:14.000000Z
2024,261.87100694444445,43.08036,-79.06908,2024-09-17T20:54:15.000000Z
2024,261.8710185185185,43.08036,-79.06909,2024-09-17T20:54:16.000000Z
2024,261.8710300925926,43.08036,-79.06909,2024-09-17T20:54:17.000000Z
2024,261.87104166666666,43.08036,-79.06909,2024-09-17T20:54:18.000000Z
2024,261.87105324074076,43.08036,-79.06909,2024-09-17T20:54:19.000000Z
2024,261.8710648148148,43.08036,-79.06909,2024-09-17T20:54:20.000000Z
2024,261.87107638888887,43.08036,-79.06909,2024-09-17T20:54:21.000000Z
2024,261.871087962963,43.08036,-79.06909,2024-09-17T20:54:22.000000Z
2024,261.871099537037,43.08036,-79.06909,2024-09-17T20:54:23.000000Z
2024,261.87111111111113,43.08036,-79.06909,2024-09-17T20:54:24.000000Z
2024,261.8711226851852,43.08036,-79.06909,2024-09-17T20:54:25.000000Z
2024,261.87113425925924,43.08036,-79.06909,2024-09-17T20:54:26.000000Z
2024,261.87114583333334,43.08036,-79.06909,2024-09-17T20:54:27.000000Z
2024,261.8711574074074,43.08036,-79.06909,2024-09-17T20:54:28.000000Z
2024,261.8711689814815,43.08036,-79.06909,2024-09-17T20:54:29.000000Z
2024,261.87118055555555,43.08036,-79.06909,2024-09-17T20:54:30.000000Z
2024,261.8711921296296,43.08036,-79.06909,2024-09-17T20:54:31.000000Z
2024,261.8712037037037,43.08036,-79.06909,2024-09-17T20:54:32.000000Z
2024,261.87121527777776,43.08036,-79.06909,2024-09-17T20:54:33.000000Z
2024,261.8712268518519,43.08036,-79.06909,2024-09-17T20:54:34.000000Z
2024,261.8712384259259,43.08036,-79.06909,2024-09-17T20:54:35.000000Z
2024,261.87125000000003,43.08036,-79.06908,2024-09-17T20:54:36.000000Z
2024,261.8712615740741,43.08036,-79.06908,2024-09-17T20:54:37.000000Z
2024,261.87127314814813,43.08036,-79.06908,2024-09-17T20:54:38.000000Z
2024,261.87128472222224,43.08036,-79.06908,2024-09-17T20:54:39.000000Z
2024,261.8712962962963,43.08036,-79.06908,2024-09-17T20:54:40.000000Z
2024,261.8713078703704,43.08036,-79.06908,2024-09-17T20:54:41.000000Z
2024,261.87131944444445,43.08036,-79.06908,2024-09-17T20:54:42.000000Z
2024,261.8713310185185,43.08036,-79.06908,2024-09-17T20:54:43.000000Z
2024,261.8713425925926,43.08036,-79.06908,2024-09-17T20:54:44.000000Z
2024,261.87135416666666,43.08036,-79.06908,2024-09-17T20:54:45.000000Z
2024,261.87136574074077,43.08036,-79.06908,2024-09-17T20:54:46.000000Z
2024,261.8713773148148,43.08036,-79.06908,2024-09-17T20:54:47.000000Z
2024,261.8713888888889,43.08036,-79.06908,2024-09-17T20:54:48.000000Z
2024,261.871400462963,43.08036,-79.06908,2024-09-17T20:54:49.000000Z
2024,261.87141203703703,43.08036,-79.06908,2024-09-17T20:54:50.000000Z
2024,261.87142361111114,43.08036,-79.06908,2024-09-17T20:54:51.000000Z
2024,261.8714351851852,43.08036,-79.06908,2024-09-17T20:54:52.000000Z
2024,261.87144675925924,43.08036,-79.06908,2024-09-17T20:54:53.000000Z
2024,261.87145833333335,43.08036,-79.06908,2024-09-17T20:54:54.000000Z
2024,261.8714699074074,43.08036,-79.06908,2024-09-17T20:54:55.000000Z
2024,261.8714814814815,43.08036,-79.06908,2024-09-17T20:54:56.000000Z
2024,261.87149305555556,43.08036,-79.06908,2024-09-17T20:54:57.000000Z
2024,261.8715046296296,43.08036,-79.06908,2024-09-17T20:54:58.000000Z
2024,261.8715162037037,43.08036,-79.06908,2024-09-17T20:54:59.000000Z
2024,261.87152777777777,43.08036,-79.06908,2024-09-17T20:55:00.000000Z
2024,261.8715393518518,43.08036,-79.06908,2024-09-17T20:55:01.000000Z
2024,261.87155092592593,43.08036,-79.06908,2024-09-17T20:55:02.000000Z
2024,261.8715625,43.08036,-79.06908,2024-09-17T20:55:03.000000Z
2024,261.8715740740741,43.08036,-79.06908,2024-09-17T20:55:04.000000Z
2024,261.87158564814814,43.08036,-79.06908,2024-09-17T20:55:05.000000Z
2024,261.8715972222222,43.08036,-79.06908,2024-09-17T20:55:06.000000Z
2024,261.8716087962963,43.08036,-79.06908,2024-09-17T20:55:07.000000Z
2024,261.87162037037035,43.08036,-79.06908,2024-09-17T20:55:08.000000Z
2024,261.87163194444446,43.08036,-79.06908,2024-09-17T20:55:09.000000Z
2024,261.8716435185185,43.08036,-79.06908,2024-09-17T20:55:10.000000Z
2024,261.87165509259256,43.08036,-79.06908,2024-09-17T20:55:11.000000Z
2024,261.87166666666667,43.08036,-79.06908,2024-09-17T20:55:12.000000Z
2024,261.8716782407407,43.08036,-79.06908,2024-09-17T20:55:13.000000Z
2024,261.87168981481483,43.08036,-79.06908,2024-09-17T20:55:14.000000Z
2024,261.8717013888889,43.08036,-79.06908,2024-09-17T20:55:15.000000Z
2024,261.87171296296293,43.08036,-79.06908,2024-09-17T20:55:16.000000Z
2024,261.87172453703704,43.08036,-79.06908,2024-09-17T20:55:17.000000Z
2024,261.8717361111111,43.08036,-79.06908,2024-09-17T20:55:18.000000Z
2024,261.8717476851852,43.08036,-79.06908,2024-09-17T20:55:19.000000Z
2024,261.87175925925925,43.08036,-79.06908,2024-09-17T20:55:20.000000Z
2024,261.8717708333333,43.08036,-79.06908,2024-09-17T20:55:21.000000Z
2024,261.8717824074074,43.08036,-79.06908,2024-09-17T20:55:22.000000Z
2024,261.87179398148146,43.08036,-79.06908,2024-09-17T20:55:23.000000Z
2024,261.87180555555557,43.08036,-79.06908,2024-09-17T20:55:24.000000Z
2024,261.8718171296296,43.08036,-79.06908,2024-09-17T20:55:25.000000Z
2024,261.87182870370367,43.08036,-79.06908,2024-09-17T20:55:26.000000Z
2024,261.8718402777778,43.08036,-79.06908,2024-09-17T20:55:27.000000Z
2024,261.87185185185183,43.08036,-79.06908,2024-09-17T20:55:28.000000Z
2024,261.87186342592594,43.08036,-79.06908,2024-09-17T20:55:29.000000Z
2024,261.871875,43.08036,-79.06908,2024-09-17T20:55:30.000000Z
2024,261.87188657407404,43.08036,-79.06908,2024-09-17T20:55:31.000000Z
2024,261.87189814814815,43.08036,-79.06908,2024-09-17T20:55:32.000000Z
2024,261.8719097222222,43.08036,-79.06908,2024-09-17T20:55:33.000000Z
2024,261.8719212962963,43.08036,-79.06908,2024-09-17T20:55:34.000000Z
2024,261.87193287037036,43.08036,-79.06908,2024-09-17T20:55:35.000000Z
2024,261.87194444444447,43.08036,-79.06908,2024-09-17T20:55:36.000000Z
2024,261.8719560185185,43.08036,-79.06908,2024-09-17T20:55:37.000000Z
2024,261.87196759259257,43.08036,-79.06908,2024-09-17T20:55:38.000000Z
2024,261.8719791666667,43.08036,-79.06908,2024-09-17T20:55:39.000000Z
2024,261.8719907407407,43.08036,-79.06908,2024-09-17T20:55:40.000000Z
2024,261.87200231481484,43.08036,-79.06908,2024-09-17T20:55:41.000000Z
2024,261.8720138888889,43.08036,-79.06908,2024-09-17T20:55:42.000000Z
2024,261.87202546296294,43.08036,-79.06908,2024-09-17T20:55:43.000000Z
2024,261.87203703703705,43.08036,-79.06908,2024-09-17T20:55:44.000000Z
2024,261.8720486111111,43.08036,-79.06908,2024-09-17T20:55:45.000000Z
2024,261.8720601851852,43.08036,-79.06908,2024-09-17T20:55:46.000000Z
2024,261.87207175925926,43.08036,-79.06908,2024-09-17T20:55:47.000000Z
2024,261.8720833333333,43.08036,-79.06908,2024-09-17T20:55:48.000000Z
2024,261.8720949074074,43.08036,-79.06908,2024-09-17T20:55:49.000000Z
2024,261.87210648148147,43.08036,-79.06908,2024-09-17T20:55:50.000000Z
2024,261.8721180555556,43.08036,-79.06908,2024-09-17T20:55:51.000000Z
2024,261.8721296296296,43.08036,-79.06908,2024-09-17T20:55:52.000000Z
2024,261.8721412037037,43.08036,-79.06908,2024-09-17T20:55:53.000000Z
2024,261.8721527777778,43.08036,-79.06908,2024-09-17T20:55:54.000000Z
2024,261.87216435185184,43.08036,-79.06908,2024-09-17T20:55:55.000000Z
2024,261.87217592592594,43.08036,-79.06908,2024-09-17T20:55:56.000000Z
2024,261.8721875,43.08036,-79.06908,2024-09-17T20:55:57.000000Z
2024,261.87219907407405,43.08036,-79.06908,2024-09-17T20:55:58.000000Z
2024,261.87221064814815,43.08036,-79.06908,2024-09-17T20:55:59.000000Z
2024,261.8722222222222,43.08036,-79.06908,2024-09-17T20:56:00.000000Z
2024,261.87223379629626,43.08036,-79.06908,2024-09-17T20:56:01.000000Z
2024,261.87224537037036,43.08036,-79.06908,2024-09-17T20:56:02.000000Z
2024,261.8722569444444,43.08036,-79.06908,2024-09-17T20:56:03.000000Z
2024,261.8722685185185,43.08036,-79.06908,2024-09-17T20:56:04.000000Z
2024,261.8722800925926,43.08036,-79.06908,2024-09-17T20:56:05.000000Z
2024,261.8722916666666,43.08036,-79.06908,2024-09-17T20:56:06.000000Z
2024,261.87230324074073,43.08036,-79.06908,2024-09-17T20:56:07.000000Z
2024,261.8723148148148,43.08036,-79.06908,2024-09-17T20:56:08.000000Z
2024,261.8723263888889,43.08036,-79.06908,2024-09-17T20:56:09.000000Z
2024,261.87233796296294,43.08036,-79.06908,2024-09-17T20:56:10.000000Z
2024,261.872349537037,43.08036,-79.06908,2024-09-17T20:56:11.000000Z
2024,261.8723611111111,43.08036,-79.06908,2024-09-17T20:56:12.000000Z
2024,261.87237268518516,43.08036,-79.06908,2024-09-17T20:56:13.000000Z
2024,261.87238425925926,43.08036,-79.06908,2024-09-17T20:56:14.000000Z
2024,261.8723958333333,43.08036,-79.06908,2024-09-17T20:56:15.000000Z
2024,261.87240740740737,43.08036,-79.06908,2024-09-17T20:56:16.000000Z
2024,261.8724189814815,43.08036,-79.06908,2024-09-17T20:56:17.000000Z
2024,261.8724305555555,43.08036,-79.06908,2024-09-17T20:56:18.000000Z
2024,261.87244212962963,43.08036,-79.06908,2024-09-17T20:56:19.000000Z
2024,261.8724537037037,43.08036,-79.06908,2024-09-17T20:56:20.000000Z
2024,261.87246527777774,43.08036,-79.06908,2024-09-17T20:56:21.000000Z
2024,261.87247685185184,43.08036,-79.06908,2024-09-17T20:56:22.000000Z
2024,261.8724884259259,43.08036,-79.06908,2024-09-17T20:56:23.000000Z
2024,261.8725,43.08036,-79.06908,2024-09-17T20:56:24.000000Z
2024,261.87251157407405,43.08036,-79.06908,2024-09-17T20:56:25.000000Z
2024,261.8725231481481,43.08036,-79.06908,2024-09-17T20:56:26.000000Z
2024,261.8725347222222,43.08036,-79.06908,2024-09-17T20:56:27.000000Z
2024,261.87254629629626,43.08036,-79.06908,2024-09-17T20:56:28.000000Z
2024,261.8725578703704,43.08036,-79.06908,2024-09-17T20:56:29.000000Z
2024,261.8725694444444,43.08036,-79.06908,2024-09-17T20:56:30.000000Z
2024,261.8725810185185,43.08036,-79.06908,2024-09-17T20:56:31.000000Z
2024,261.8725925925926,43.08036,-79.06908,2024-09-17T20:56:32.000000Z
2024,261.87260416666663,43.08036,-79.06908,2024-09-17T20:56:33.000000Z
2024,261.87261574074074,43.08036,-79.06908,2024-09-17T20:56:34.000000Z
2024,261.8726273148148,43.08036,-79.06908,2024-09-17T20:56:35.000000Z
2024,261.8726388888889,43.08036,-79.06908,2024-09-17T20:56:36.000000Z
2024,261.87265046296295,43.08036,-79.06908,2024-09-17T20:56:37.000000Z
2024,261.872662037037,43.08036,-79.06908,2024-09-17T20:56:38.000000Z
2024,261.8726736111111,43.08036,-79.06908,2024-09-17T20:56:39.000000Z
2024,261.87268518518516,43.08036,-79.06908,2024-09-17T20:56:40.000000Z
2024,261.87269675925927,43.08036,-79.06908,2024-09-17T20:56:41.000000Z
2024,261.8727083333333,43.08036,-79.06908,2024-09-17T20:56:42.000000Z
2024,261.8727199074074,43.08036,-79.06908,2024-09-17T20:56:43.000000Z
2024,261.8727314814815,43.08036,-79.06908,2024-09-17T20:56:44.000000Z
2024,261.87274305555553,43.08036,-79.06908,2024-09-17T20:56:45.000000Z
2024,261.87275462962964,43.08036,-79.06908,2024-09-17T20:56:46.000000Z
2024,261.8727662037037,43.08036,-79.06908,2024-09-17T20:56:47.000000Z
2024,261.87277777777774,43.08036,-79.06908,2024-09-17T20:56:48.000000Z
2024,261.87278935185185,43.08036,-79.06908,2024-09-17T20:56:49.000000Z
2024,261.8728009259259,43.08036,-79.06908,2024-09-17T20:56:50.000000Z
2024,261.8728125,43.08036,-79.06908,2024-09-17T20:56:51.000000Z
2024,261.87282407407406,43.08036,-79.06908,2024-09-17T20:56:52.000000Z
2024,261.8728356481481,43.08036,-79.06908,2024-09-17T20:56:53.000000Z
2024,261.8728472222222,43.08036,-79.06908,2024-09-17T20:56:54.000000Z
2024,261.87285879629627,43.08036,-79.06908,2024-09-17T20:56:55.000000Z
2024,261.8728703703704,43.08036,-79.06908,2024-09-17T20:56:56.000000Z
2024,261.87288194444443,43.08036,-79.06908,2024-09-17T20:56:57.000000Z
2024,261.8728935185185,43.08036,-79.06908,2024-09-17T20:56:58.000000Z
2024,261.8729050925926,43.08036,-79.06908,2024-09-17T20:56:59.000000Z
2024,261.87291666666664,43.08036,-79.06908,2024-09-17T20:57:00.000000Z
2024,261.8729282407407,43.08036,-79.06908,2024-09-17T20:57:01.000000Z
2024,261.8729398148148,43.08036,-79.06908,2024-09-17T20:57:02.000000Z
2024,261.87295138888885,43.08036,-79.06908,2024-09-17T20:57:03.000000Z
2024,261.87296296296296,43.08036,-79.06908,2024-09-17T20:57:04.000000Z
2024,261.872974537037,43.08036,-79.06908,2024-09-17T20:57:05.000000Z
2024,261.87298611111106,43.08036,-79.06908,2024-09-17T20:57:06.000000Z
2024,261.87299768518517,43.08036,-79.06908,2024-09-17T20:57:07.000000Z
2024,261.8730092592592,43.08036,-79.06908,2024-09-17T20:57:08.000000Z
2024,261.8730208333333,43.08036,-79.06908,2024-09-17T20:57:09.000000Z
2024,261.8730324074074,43.08036,-79.06908,2024-09-17T20:57:10.000000Z
2024,261.87304398148143,43.08036,-79.06908,2024-09-17T20:57:11.000000Z
2024,261.87305555555554,43.08036,-79.06908,2024-09-17T20:57:12.000000Z
2024,261.8730671296296,43.08036,-79.06908,2024-09-17T20:57:13.000000Z
2024,261.8730787037037,43.08036,-79.06908,2024-09-17T20:57:14.000000Z
2024,261.87309027777775,43.08036,-79.06908,2024-09-17T20:57:15.000000Z
2024,261.8731018518518,43.08036,-79.06908,2024-09-17T20:57:16.000000Z
2024,261.8731134259259,43.08036,-79.06908,2024-09-17T20:57:17.000000Z
2024,261.87312499999996,43.08036,-79.06908,2024-09-17T20:57:18.000000Z
2024,261.87313657407407,43.08036,-79.06908,2024-09-17T20:57:19.000000Z
2024,261.8731481481481,43.08036,-79.06908,2024-09-17T20:57:20.000000Z
2024,261.87315972222217,43.08036,-79.06908,2024-09-17T20:57:21.000000Z
2024,261.8731712962963,43.08036,-79.06908,2024-09-17T20:57:22.000000Z
2024,261.87318287037033,43.08036,-79.06908,2024-09-17T20:57:23.000000Z
2024,261.87319444444444,43.08036,-79.06908,2024-09-17T20:57:24.000000Z
2024,261.8732060185185,43.08036,-79.06908,2024-09-17T20:57:25.000000Z
2024,261.87321759259254,43.08036,-79.06908,2024-09-17T20:57:26.000000Z
2024,261.87322916666665,43.08036,-79.06908,2024-09-17T20:57:27.000000Z
2024,261.8732523148148,43.08036,-79.06908,2024-09-17T20:57:29.000000Z
2024,261.87326388888886,43.08036,-79.06908,2024-09-17T20:57:30.000000Z
2024,261.8732754629629,43.08036,-79.06908,2024-09-17T20:57:31.000000Z
2024,261.873287037037,43.08036,-79.06908,2024-09-17T20:57:32.000000Z
2024,261.87329861111107,43.08036,-79.06908,2024-09-17T20:57:33.000000Z
2024,261.8733101851852,43.08036,-79.06908,2024-09-17T20:57:34.000000Z
2024,261.8733217592592,43.08036,-79.06908,2024-09-17T20:57:35.000000Z
2024,261.87333333333333,43.08036,-79.06908,2024-09-17T20:57:36.000000Z
2024,261.8733449074074,43.08036,-79.06908,2024-09-17T20:57:37.000000Z
2024,261.87335648148144,43.08036,-79.06908,2024-09-17T20:57:38.000000Z
2024,261.87336805555555,43.08036,-79.06908,2024-09-17T20:57:39.000000Z
2024,261.8733796296296,43.08036,-79.06908,2024-09-17T20:57:40.000000Z
2024,261.8733912037037,43.08036,-79.06908,2024-09-17T20:57:41.000000Z
2024,261.87340277777776,43.08036,-79.06908,2024-09-17T20:57:42.000000Z
2024,261.8734143518518,43.08036,-79.06908,2024-09-17T20:57:43.000000Z
2024,261.8734259259259,43.08036,-79.06908,2024-09-17T20:57:44.000000Z
2024,261.87343749999997,43.08036,-79.06908,2024-09-17T20:57:45.000000Z
2024,261.8734490740741,43.08036,-79.06908,2024-09-17T20:57:46.000000Z
2024,261.8734606481481,43.08036,-79.06908,2024-09-17T20:57:47.000000Z
2024,261.8734722222222,43.08036,-79.06908,2024-09-17T20:57:48.000000Z
2024,261.8734837962963,43.08036,-79.06908,2024-09-17T20:57:49.000000Z
2024,261.87349537037034,43.08036,-79.06908,2024-09-17T20:57:50.000000Z
2024,261.87350694444444,43.08036,-79.06908,2024-09-17T20:57:51.000000Z
2024,261.8735185185185,43.08036,-79.06908,2024-09-17T20:57:52.000000Z
2024,261.87353009259255,43.08036,-79.06908,2024-09-17T20:57:53.000000Z
2024,261.87354166666665,43.08036,-79.06908,2024-09-17T20:57:54.000000Z
2024,261.8735532407407,43.08036,-79.06908,2024-09-17T20:57:55.000000Z
2024,261.8735648148148,43.08036,-79.06908,2024-09-17T20:57:56.000000Z
2024,261.87357638888886,43.08036,-79.06908,2024-09-17T20:57:57.000000Z
2024,261.8735879629629,43.08036,-79.06908,2024-09-17T20:57:58.000000Z
2024,261.873599537037,43.08036,-79.06908,2024-09-17T20:57:59.000000Z
2024,261.8736111111111,43.08036,-79.06908,2024-09-17T20:58:00.000000Z
2024,261.8736226851851,43.08036,-79.06908,2024-09-17T20:58:01.000000Z
2024,261.87363425925923,43.08036,-79.06908,2024-09-17T20:58:02.000000Z
2024,261.8736458333333,43.08036,-79.06908,2024-09-17T20:58:03.000000Z
2024,261.8736574074074,43.08036,-79.06908,2024-09-17T20:58:04.000000Z
2024,261.87366898148144,43.08036,-79.06908,2024-09-17T20:58:05.000000Z
2024,261.8736805555555,43.08036,-79.06908,2024-09-17T20:58:06.000000Z
2024,261.8736921296296,43.08036,-79.06908,2024-09-17T20:58:07.000000Z
2024,261.87370370370365,43.08037,-79.06908,2024-09-17T20:58:08.000000Z
2024,261.87371527777776,43.08037,-79.06908,2024-09-17T20:58:09.000000Z
2024,261.8737268518518,43.08037,-79.06908,2024-09-17T20:58:10.000000Z
2024,261.87373842592586,43.08037,-79.06908,2024-09-17T20:58:11.000000Z
2024,261.87375,43.08037,-79.06908,2024-09-17T20:58:12.000000Z
2024,261.873761574074,43.08037,-79.06908,2024-09-17T20:58:13.000000Z
2024,261.87377314814813,43.08037,-79.06908,2024-09-17T20:58:14.000000Z
2024,261.8737847222222,43.08037,-79.06908,2024-09-17T20:58:15.000000Z
2024,261.87379629629623,43.08037,-79.06908,2024-09-17T20:58:16.000000Z
2024,261.87380787037034,43.08037,-79.06908,2024-09-17T20:58:17.000000Z
2024,261.8738194444444,43.08037,-79.06908,2024-09-17T20:58:18.000000Z
2024,261.8738310185185,43.08037,-79.06908,2024-09-17T20:58:19.000000Z
2024,261.87384259259255,43.08037,-79.06908,2024-09-17T20:58:20.000000Z
2024,261.8738541666666,43.08037,-79.06908,2024-09-17T20:58:21.000000Z
2024,261.8738657407407,43.08037,-79.06908,2024-09-17T20:58:22.000000Z
2024,261.87387731481476,43.08037,-79.06908,2024-09-17T20:58:23.000000Z
2024,261.87388888888887,43.08037,-79.06908,2024-09-17T20:58:24.000000Z
2024,261.8739004629629,43.08037,-79.06908,2024-09-17T20:58:25.000000Z
2024,261.873912037037,43.08037,-79.06908,2024-09-17T20:58:26.000000Z
2024,261.8739236111111,43.08037,-79.06908,2024-09-17T20:58:27.000000Z
2024,261.87393518518513,43.08037,-79.06908,2024-09-17T20:58:28.000000Z
2024,261.87394675925924,43.08037,-79.06908,2024-09-17T20:58:29.000000Z
2024,261.8739583333333,43.08037,-79.06908,2024-09-17T20:58:30.000000Z
2024,261.87396990740734,43.08037,-79.06908,2024-09-17T20:58:31.000000Z
2024,261.87398148148145,43.08037,-79.06908,2024-09-17T20:58:32.000000Z
2024,261.8739930555555,43.08037,-79.06908,2024-09-17T20:58:33.000000Z
2024,261.8740046296296,43.08037,-79.06908,2024-09-17T20:58:34.000000Z
2024,261.87402777777777,43.08037,-79.06908,2024-09-17T20:58:36.000000Z
2024,261.8740393518518,43.08037,-79.06908,2024-09-17T20:58:37.000000Z
2024,261.87405092592587,43.08037,-79.06908,2024-09-17T20:58:38.000000Z
2024,261.8740625,43.08037,-79.06908,2024-09-17T20:58:39.000000Z
2024,261.87407407407403,43.08037,-79.06908,2024-09-17T20:58:40.000000Z
2024,261.87408564814814,43.08037,-79.06908,2024-09-17T20:58:41.000000Z
2024,261.8740972222222,43.08037,-79.06908,2024-09-17T20:58:42.000000Z
2024,261.87410879629624,43.08037,-79.06908,2024-09-17T20:58:43.000000Z
2024,261.87412037037035,43.08037,-79.06908,2024-09-17T20:58:44.000000Z
2024,261.8741319444444,43.08037,-79.06908,2024-09-17T20:58:45.000000Z
2024,261.8741435185185,43.08037,-79.06908,2024-09-17T20:58:46.000000Z
2024,261.87415509259256,43.08037,-79.06908,2024-09-17T20:58:47.000000Z
2024,261.8741666666666,43.08037,-79.06908,2024-09-17T20:58:48.000000Z
2024,261.8741782407407,43.08037,-79.06908,2024-09-17T20:58:49.000000Z
2024,261.87418981481477,43.08037,-79.06908,2024-09-17T20:58:50.000000Z
2024,261.8742013888889,43.08037,-79.06908,2024-09-17T20:58:51.000000Z
2024,261.87421296296293,43.08037,-79.06908,2024-09-17T20:58:52.000000Z
2024,261.874224537037,43.08037,-79.06908,2024-09-17T20:58:53.000000Z
2024,261.8742361111111,43.08037,-79.06908,2024-09-17T20:58:54.000000Z
2024,261.87424768518514,43.08037,-79.06908,2024-09-17T20:58:55.000000Z
2024,261.87425925925925,43.08037,-79.06908,2024-09-17T20:58:56.000000Z
2024,261.8742708333333,43.08037,-79.06908,2024-09-17T20:58:57.000000Z
2024,261.87428240740735,43.08037,-79.06908,2024-09-17T20:58:58.000000Z
2024,261.87429398148146,43.08037,-79.06908,2024-09-17T20:58:59.000000Z
2024,261.8743055555555,43.08037,-79.06908,2024-09-17T20:59:00.000000Z
2024,261.87431712962956,43.08037,-79.06908,2024-09-17T20:59:01.000000Z
2024,261.87432870370367,43.08037,-79.06908,2024-09-17T20:59:02.000000Z
2024,261.8743402777777,43.08037,-79.06908,2024-09-17T20:59:03.000000Z
2024,261.8743518518518,43.08037,-79.06908,2024-09-17T20:59:04.000000Z
2024,261.8743634259259,43.08037,-79.06908,2024-09-17T20:59:05.000000Z
2024,261.87437499999993,43.08037,-79.06908,2024-09-17T20:59:06.000000Z
2024,261.87438657407404,43.08037,-79.06908,2024-09-17T20:59:07.000000Z
2024,261.8743981481481,43.08037,-79.06908,2024-09-17T20:59:08.000000Z
2024,261.8744097222222,43.08037,-79.06908,2024-09-17T20:59:09.000000Z
2024,261.87442129629625,43.08037,-79.06908,2024-09-17T20:59:10.000000Z
2024,261.8744328703703,43.08037,-79.06908,2024-09-17T20:59:11.000000Z
2024,261.8744444444444,43.08037,-79.06908,2024-09-17T20:59:12.000000Z
2024,261.87445601851846,43.08037,-79.06908,2024-09-17T20:59:13.000000Z
2024,261.87446759259257,43.08037,-79.06908,2024-09-17T20:59:14.000000Z
2024,261.8744791666666,43.08037,-79.06908,2024-09-17T20:59:15.000000Z
2024,261.87449074074067,43.08037,-79.06908,2024-09-17T20:59:16.000000Z
2024,261.8745023148148,43.08037,-79.06908,2024-09-17T20:59:17.000000Z
2024,261.8745138888888,43.08037,-79.06908,2024-09-17T20:59:18.000000Z
2024,261.87452546296294,43.08037,-79.06908,2024-09-17T20:59:19.000000Z
2024,261.874537037037,43.08037,-79.06908,2024-09-17T20:59:20.000000Z
2024,261.87454861111104,43.08037,-79.06908,2024-09-17T20:59:21.000000Z
2024,261.87456018518515,43.08037,-79.06908,2024-09-17T20:59:22.000000Z
2024,261.8745717592592,43.08037,-79.06908,2024-09-17T20:59:23.000000Z
2024,261.8745833333333,43.08037,-79.06908,2024-09-17T20:59:24.000000Z
2024,261.87459490740736,43.08037,-79.06908,2024-09-17T20:59:25.000000Z
2024,261.8746064814814,43.08037,-79.06908,2024-09-17T20:59:26.000000Z
2024,261.8746180555555,43.08037,-79.06908,2024-09-17T20:59:27.000000Z
2024,261.87462962962957,43.08037,-79.06908,2024-09-17T20:59:28.000000Z
2024,261.8746412037037,43.08037,-79.06908,2024-09-17T20:59:29.000000Z
2024,261.8746527777777,43.08037,-79.06908,2024-09-17T20:59:30.000000Z
2024,261.8746643518518,43.08037,-79.06908,2024-09-17T20:59:31.000000Z
2024,261.8746759259259,43.08037,-79.06908,2024-09-17T20:59:32.000000Z
2024,261.87468749999994,43.08037,-79.06908,2024-09-17T20:59:33.000000Z
2024,261.87469907407404,43.08037,-79.06908,2024-09-17T20:59:34.000000Z
2024,261.8747106481481,43.08037,-79.06908,2024-09-17T20:59:35.000000Z
2024,261.8747222222222,43.08037,-79.06908,2024-09-17T20:59:36.000000Z
2024,261.87473379629625,43.08037,-79.06908,2024-09-17T20:59:37.000000Z
2024,261.8747453703703,43.08037,-79.06908,2024-09-17T20:59:38.000000Z
2024,261.8747569444444,43.08037,-79.06908,2024-09-17T20:59:39.000000Z
2024,261.87476851851847,43.08037,-79.06908,2024-09-17T20:59:40.000000Z
2024,261.8747800925926,43.08037,-79.06908,2024-09-17T20:59:41.000000Z
2024,261.8748032407407,43.08037,-79.06908,2024-09-17T20:59:43.000000Z
2024,261.8748148148148,43.08037,-79.06908,2024-09-17T20:59:44.000000Z
2024,261.87482638888883,43.08037,-79.06908,2024-09-17T20:59:45.000000Z
2024,261.87483796296294,43.08037,-79.06908,2024-09-17T20:59:46.000000Z
2024,261.874849537037,43.08037,-79.06908,2024-09-17T20:59:47.000000Z
2024,261.87486111111104,43.08037,-79.06908,2024-09-17T20:59:48.000000Z
2024,261.87487268518515,43.08037,-79.06908,2024-09-17T20:59:49.000000Z
2024,261.8748842592592,43.08037,-79.06908,2024-09-17T20:59:50.000000Z
2024,261.8748958333333,43.08037,-79.06908,2024-09-17T20:59:51.000000Z
2024,261.87490740740736,43.08037,-79.06908,2024-09-17T20:59:52.000000Z
2024,261.8749189814814,43.08037,-79.06908,2024-09-17T20:59:53.000000Z
2024,261.8749305555555,43.08037,-79.06908,2024-09-17T20:59:54.000000Z
2024,261.8749421296296,43.08037,-79.06908,2024-09-17T20:59:55.000000Z
2024,261.8749537037037,43.08037,-79.06908,2024-09-17T20:59:56.000000Z
2024,261.87496527777773,43.08037,-79.06908,2024-09-17T20:59:57.000000Z
2024,261.8749768518518,43.08037,-79.06908,2024-09-17T20:59:58.000000Z
2024,261.8749884259259,43.08037,-79.06908,2024-09-17T20:59:59.000000Z
2024,261.875,43.08037,-79.06908,2024-09-17T21:00:00.000000Z
2024,261.87501157407405,43.08037,-79.06908,2024-09-17T21:00:01.000000Z
2024,261.87502314814816,43.08037,-79.06908,2024-09-17T21:00:02.000000Z
2024,261.8750347222222,43.08037,-79.06908,2024-09-17T21:00:03.000000Z
2024,261.8750462962963,43.08037,-79.06908,2024-09-17T21:00:04.000000Z
2024,261.87505787037037,43.08037,-79.06908,2024-09-17T21:00:05.000000Z
2024,261.8750694444444,43.08037,-79.06908,2024-09-17T21:00:06.000000Z
2024,261.87508101851853,43.08037,-79.06908,2024-09-17T21:00:07.000000Z
2024,261.8750925925926,43.08037,-79.06908,2024-09-17T21:00:08.000000Z
2024,261.8751041666667,43.08037,-79.06908,2024-09-17T21:00:09.000000Z
2024,261.87511574074074,43.08037,-79.06908,2024-09-17T21:00:10.000000Z
2024,261.8751273148148,43.08037,-79.06908,2024-09-17T21:00:11.000000Z
2024,261.8751388888889,43.08037,-79.06908,2024-09-17T21:00:12.000000Z
2024,261.87515046296295,43.08037,-79.06908,2024-09-17T21:00:13.000000Z
2024,261.87516203703706,43.08037,-79.06908,2024-09-17T21:00:14.000000Z
2024,261.8751736111111,43.08037,-79.06908,2024-09-17T21:00:15.000000Z
2024,261.87518518518516,43.08037,-79.06908,2024-09-17T21:00:16.000000Z
2024,261.87519675925927,43.08037,-79.06908,2024-09-17T21:00:17.000000Z
2024,261.8752083333333,43.08037,-79.06908,2024-09-17T21:00:18.000000Z
2024,261.8752199074074,43.08037,-79.06908,2024-09-17T21:00:19.000000Z
2024,261.8752314814815,43.08037,-79.06908,2024-09-17T21:00:20.000000Z
2024,261.87524305555553,43.08037,-79.06908,2024-09-17T21:00:21.000000Z
2024,261.87525462962964,43.08037,-79.06908,2024-09-17T21:00:22.000000Z
2024,261.8752662037037,43.08037,-79.06908,2024-09-17T21:00:23.000000Z
2024,261.8752777777778,43.08037,-79.06908,2024-09-17T21:00:24.000000Z
2024,261.87528935185185,43.08037,-79.06908,2024-09-17T21:00:25.000000Z
2024,261.8753009259259,43.08037,-79.06908,2024-09-17T21:00:26.000000Z
2024,261.8753125,43.08037,-79.06908,2024-09-17T21:00:27.000000Z
2024,261.87532407407406,43.08037,-79.06908,2024-09-17T21:00:28.000000Z
2024,261.87533564814817,43.08037,-79.06908,2024-09-17T21:00:29.000000Z
2024,261.8753472222222,43.08037,-79.06907,2024-09-17T21:00:30.000000Z
2024,261.87535879629627,43.08037,-79.06907,2024-09-17T21:00:31.000000Z
2024,261.8753703703704,43.08037,-79.06907,2024-09-17T21:00:32.000000Z
2024,261.8753819444444,43.08037,-79.06907,2024-09-17T21:00:33.000000Z
2024,261.87539351851854,43.08037,-79.06907,2024-09-17T21:00:34.000000Z
2024,261.8754050925926,43.08037,-79.06907,2024-09-17T21:00:35.000000Z
2024,261.8754166666667,43.08037,-79.06907,2024-09-17T21:00:36.000000Z
2024,261.87542824074075,43.08037,-79.06907,2024-09-17T21:00:37.000000Z
2024,261.8754398148148,43.08037,-79.06907,2024-09-17T21:00:38.000000Z
2024,261.8754513888889,43.08037,-79.06907,2024-09-17T21:00:39.000000Z
2024,261.87546296296296,43.08037,-79.06907,2024-09-17T21:00:40.000000Z
2024,261.87547453703706,43.08037,-79.06907,2024-09-17T21:00:41.000000Z
2024,261.8754861111111,43.08037,-79.06907,2024-09-17T21:00:42.000000Z
2024,261.87549768518517,43.08037,-79.06907,2024-09-17T21:00:43.000000Z
2024,261.8755092592593,43.08037,-79.06907,2024-09-17T21:00:44.000000Z
2024,261.8755208333333,43.08037,-79.06907,2024-09-17T21:00:45.000000Z
2024,261.87553240740743,43.08037,-79.06907,2024-09-17T21:00:46.000000Z
2024,261.8755439814815,43.08037,-79.06907,2024-09-17T21:00:47.000000Z
2024,261.87555555555554,43.08037,-79.06907,2024-09-17T21:00:48.000000Z
2024,261.87556712962964,43.08037,-79.06907,2024-09-17T21:00:49.000000Z
2024,261.8755787037037,43.08037,-79.06907,2024-09-17T21:00:50.000000Z
2024,261.8755902777778,43.08037,-79.06907,2024-09-17T21:00:51.000000Z
2024,261.87560185185185,43.08037,-79.06907,2024-09-17T21:00:52.000000Z
2024,261.8756134259259,43.08037,-79.06907,2024-09-17T21:00:53.000000Z
2024,261.875625,43.08037,-79.06907,2024-09-17T21:00:54.000000Z
2024,261.87563657407406,43.08037,-79.06907,2024-09-17T21:00:55.000000Z
2024,261.8756481481482,43.08037,-79.06907,2024-09-17T21:00:56.000000Z
2024,261.8756597222222,43.08037,-79.06907,2024-09-17T21:00:57.000000Z
2024,261.8756712962963,43.08037,-79.06907,2024-09-17T21:00:58.000000Z
2024,261.8756828703704,43.08037,-79.06907,2024-09-17T21:00:59.000000Z
2024,261.87569444444443,43.08037,-79.06907,2024-09-17T21:01:00.000000Z
2024,261.8757060185185,43.08037,-79.06907,2024-09-17T21:01:01.000000Z
2024,261.8757175925926,43.08037,-79.06907,2024-09-17T21:01:02.000000Z
2024,261.87572916666664,43.08037,-79.06907,2024-09-17T21:01:03.000000Z
2024,261.87574074074075,43.08037,-79.06907,2024-09-17T21:01:04.000000Z
2024,261.8757523148148,43.08037,-79.06907,2024-09-17T21:01:05.000000Z
2024,261.87576388888886,43.08037,-79.06907,2024-09-17T21:01:06.000000Z
2024,261.87577546296296,43.08037,-79.06907,2024-09-17T21:01:07.000000Z
2024,261.875787037037,43.08037,-79.06907,2024-09-17T21:01:08.000000Z
2024,261.8757986111111,43.08037,-79.06907,2024-09-17T21:01:09.000000Z
2024,261.8758101851852,43.08037,-79.06907,2024-09-17T21:01:10.000000Z
2024,261.8758217592592,43.08037,-79.06907,2024-09-17T21:01:11.000000Z
2024,261.87583333333333,43.08037,-79.06907,2024-09-17T21:01:12.000000Z
2024,261.8758449074074,43.08037,-79.06907,2024-09-17T21:01:13.000000Z
2024,261.8758564814815,43.08037,-79.06907,2024-09-17T21:01:14.000000Z
2024,261.87586805555554,43.08037,-79.06907,2024-09-17T21:01:15.000000Z
2024,261.8758796296296,43.08037,-79.06907,2024-09-17T21:01:16.000000Z
2024,261.8758912037037,43.08037,-79.06907,2024-09-17T21:01:17.000000Z
2024,261.87590277777775,43.08037,-79.06907,2024-09-17T21:01:18.000000Z
2024,261.87591435185186,43.08037,-79.06907,2024-09-17T21:01:19.000000Z
2024,261.8759259259259,43.08037,-79.06907,2024-09-17T21:01:20.000000Z
2024,261.87593749999996,43.08037,-79.06907,2024-09-17T21:01:21.000000Z
2024,261.8759490740741,43.08037,-79.06907,2024-09-17T21:01:22.000000Z
2024,261.8759606481481,43.08037,-79.06907,2024-09-17T21:01:23.000000Z
2024,261.87597222222223,43.08037,-79.06907,2024-09-17T21:01:24.000000Z
2024,261.8759837962963,43.08037,-79.06907,2024-09-17T21:01:25.000000Z
2024,261.87599537037033,43.08037,-79.06907,2024-09-17T21:01:26.000000Z
2024,261.87600694444444,43.08037,-79.06907,2024-09-17T21:01:27.000000Z
2024,261.8760185185185,43.08037,-79.06907,2024-09-17T21:01:28.000000Z
2024,261.8760300925926,43.08037,-79.06907,2024-09-17T21:01:29.000000Z
2024,261.87604166666665,43.08037,-79.06907,2024-09-17T21:01:30.000000Z
2024,261.8760532407407,43.08037,-79.06907,2024-09-17T21:01:31.000000Z
2024,261.8760648148148,43.08037,-79.06907,2024-09-17T21:01:32.000000Z
2024,261.87607638888886,43.08037,-79.06907,2024-09-17T21:01:33.000000Z
2024,261.87608796296297,43.08037,-79.06907,2024-09-17T21:01:34.000000Z
2024,261.876099537037,43.08037,-79.06907,2024-09-17T21:01:35.000000Z
2024,261.87611111111113,43.08037,-79.06907,2024-09-17T21:01:36.000000Z
2024,261.8761226851852,43.08037,-79.06907,2024-09-17T21:01:37.000000Z
2024,261.87613425925923,43.08037,-79.06907,2024-09-17T21:01:38.000000Z
2024,261.87614583333334,43.08037,-79.06907,2024-09-17T21:01:39.000000Z
2024,261.8761574074074,43.08037,-79.06907,2024-09-17T21:01:40.000000Z
2024,261.8761689814815,43.08037,-79.06907,2024-09-17T21:01:41.000000Z
2024,261.87618055555555,43.08037,-79.06907,2024-09-17T21:01:42.000000Z
2024,261.8761921296296,43.08037,-79.06907,2024-09-17T21:01:43.000000Z
2024,261.8762037037037,43.08037,-79.06907,2024-09-17T21:01:44.000000Z
2024,261.87621527777776,43.08037,-79.06907,2024-09-17T21:01:45.000000Z
2024,261.87622685185187,43.08037,-79.06907,2024-09-17T21:01:46.000000Z
2024,261.8762384259259,43.08037,-79.06907,2024-09-17T21:01:47.000000Z
2024,261.87624999999997,43.08037,-79.06907,2024-09-17T21:01:48.000000Z
2024,261.8762615740741,43.08037,-79.06907,2024-09-17T21:01:49.000000Z
2024,261.87627314814813,43.08037,-79.06907,2024-09-17T21:01:50.000000Z
2024,261.87628472222224,43.08037,-79.06907,2024-09-17T21:01:51.000000Z
2024,261.8762962962963,43.08037,-79.06907,2024-09-17T21:01:52.000000Z
2024,261.87630787037034,43.08037,-79.06907,2024-09-17T21:01:53.000000Z
2024,261.87631944444445,43.08037,-79.06907,2024-09-17T21:01:54.000000Z
2024,261.8763310185185,43.08037,-79.06907,2024-09-17T21:01:55.000000Z
2024,261.8763425925926,43.08037,-79.06907,2024-09-17T21:01:56.000000Z
2024,261.87635416666666,43.08037,-79.06907,2024-09-17T21:01:57.000000Z
2024,261.8763657407407,43.08037,-79.06907,2024-09-17T21:01:58.000000Z
2024,261.8763773148148,43.08037,-79.06907,2024-09-17T21:01:59.000000Z
2024,261.87638888888887,43.08037,-79.06907,2024-09-17T21:02:00.000000Z
2024,261.8764004629629,43.08037,-79.06907,2024-09-17T21:02:01.000000Z
2024,261.876412037037,43.08037,-79.06907,2024-09-17T21:02:02.000000Z
2024,261.8764236111111,43.08037,-79.06907,2024-09-17T21:02:03.000000Z
2024,261.8764351851852,43.08037,-79.06907,2024-09-17T21:02:04.000000Z
2024,261.87644675925924,43.08037,-79.06907,2024-09-17T21:02:05.000000Z
2024,261.8764583333333,43.08037,-79.06907,2024-09-17T21:02:06.000000Z
2024,261.8764699074074,43.08037,-79.06907,2024-09-17T21:02:07.000000Z
2024,261.87648148148145,43.08037,-79.06907,2024-09-17T21:02:08.000000Z
2024,261.87649305555556,43.08037,-79.06907,2024-09-17T21:02:09.000000Z
2024,261.8765046296296,43.08037,-79.06906,2024-09-17T21:02:10.000000Z
2024,261.87651620370366,43.08037,-79.06906,2024-09-17T21:02:11.000000Z
2024,261.87652777777777,43.08037,-79.06906,2024-09-17T21:02:12.000000Z
2024,261.8765393518518,43.08037,-79.06906,2024-09-17T21:02:13.000000Z
2024,261.8765509259259,43.08037,-79.06906,2024-09-17T21:02:14.000000Z
2024,261.8765625,43.08037,-79.06906,2024-09-17T21:02:15.000000Z
2024,261.87657407407403,43.08037,-79.06906,2024-09-17T21:02:16.000000Z
2024,261.87658564814814,43.08037,-79.06906,2024-09-17T21:02:17.000000Z
2024,261.8765972222222,43.08037,-79.06906,2024-09-17T21:02:18.000000Z
2024,261.8766087962963,43.08037,-79.06906,2024-09-17T21:02:19.000000Z
2024,261.87662037037035,43.08037,-79.06906,2024-09-17T21:02:20.000000Z
2024,261.8766319444444,43.08037,-79.06906,2024-09-17T21:02:21.000000Z
2024,261.8766435185185,43.08037,-79.06906,2024-09-17T21:02:22.000000Z
2024,261.87665509259256,43.08037,-79.06906,2024-09-17T21:02:23.000000Z
2024,261.87666666666667,43.08037,-79.06906,2024-09-17T21:02:24.000000Z
2024,261.8766782407407,43.08037,-79.06906,2024-09-17T21:02:25.000000Z
2024,261.87668981481477,43.08037,-79.06906,2024-09-17T21:02:26.000000Z
2024,261.8767013888889,43.08037,-79.06906,2024-09-17T21:02:27.000000Z
2024,261.8767129629629,43.08037,-79.06906,2024-09-17T21:02:28.000000Z
2024,261.87672453703703,43.08037,-79.06906,2024-09-17T21:02:29.000000Z
2024,261.8767361111111,43.08037,-79.06906,2024-09-17T21:02:30.000000Z
2024,261.87674768518514,43.08037,-79.06906,2024-09-17T21:02:31.000000Z
2024,261.87675925925925,43.08037,-79.06906,2024-09-17T21:02:32.000000Z
2024,261.8767708333333,43.08037,-79.06906,2024-09-17T21:02:33.000000Z
2024,261.8767824074074,43.08037,-79.06906,2024-09-17T21:02:34.000000Z
2024,261.87679398148146,43.08037,-79.06906,2024-09-17T21:02:35.000000Z
2024,261.87680555555556,43.08037,-79.06906,2024-09-17T21:02:36.000000Z
2024,261.8768171296296,43.08037,-79.06906,2024-09-17T21:02:37.000000Z
2024,261.87682870370367,43.08037,-79.06906,2024-09-17T21:02:38.000000Z
2024,261.8768402777778,43.08037,-79.06906,2024-09-17T21:02:39.000000Z
2024,261.8768518518518,43.08037,-79.06906,2024-09-17T21:02:40.000000Z
2024,261.87686342592593,43.08037,-79.06906,2024-09-17T21:02:41.000000Z
2024,261.876875,43.08037,-79.06906,2024-09-17T21:02:42.000000Z
2024,261.87688657407404,43.08037,-79.06906,2024-09-17T21:02:43.000000Z
2024,261.87689814814814,43.08037,-79.06906,2024-09-17T21:02:44.000000Z
2024,261.8769097222222,43.08037,-79.06906,2024-09-17T21:02:45.000000Z
2024,261.8769212962963,43.08037,-79.06906,2024-09-17T21:02:46.000000Z
2024,261.87693287037035,43.08037,-79.06906,2024-09-17T21:02:47.000000Z
2024,261.8769444444444,43.08037,-79.06906,2024-09-17T21:02:48.000000Z
2024,261.8769560185185,43.08037,-79.06906,2024-09-17T21:02:49.000000Z
2024,261.87696759259256,43.08037,-79.06906,2024-09-17T21:02:50.000000Z
2024,261.8769791666667,43.08037,-79.06906,2024-09-17T21:02:51.000000Z
2024,261.8769907407407,43.08037,-79.06906,2024-09-17T21:02:52.000000Z
2024,261.8770023148148,43.08037,-79.06906,2024-09-17T21:02:53.000000Z
2024,261.8770138888889,43.08037,-79.06906,2024-09-17T21:02:54.000000Z
2024,261.87702546296293,43.08037,-79.06906,2024-09-17T21:02:55.000000Z
2024,261.87703703703704,43.08037,-79.06906,2024-09-17T21:02:56.000000Z
2024,261.8770486111111,43.08037,-79.06906,2024-09-17T21:02:57.000000Z
2024,261.87706018518514,43.08037,-79.06906,2024-09-17T21:02:58.000000Z
2024,261.87707175925925,43.08037,-79.06906,2024-09-17T21:02:59.000000Z
2024,261.87708333333336,43.08037,-79.06906,2024-09-17T21:03:00.000000Z
2024,261.8770949074074,43.08037,-79.06906,2024-09-17T21:03:01.000000Z
2024,261.8771064814815,43.08037,-79.06906,2024-09-17T21:03:02.000000Z
2024,261.87711805555557,43.08037,-79.06906,2024-09-17T21:03:03.000000Z
2024,261.8771296296297,43.08037,-79.06906,2024-09-17T21:03:04.000000Z
2024,261.87714120370373,43.08037,-79.06906,2024-09-17T21:03:05.000000Z
2024,261.8771527777778,43.08037,-79.06906,2024-09-17T21:03:06.000000Z
2024,261.8771643518519,43.08037,-79.06906,2024-09-17T21:03:07.000000Z
2024,261.87717592592594,43.08037,-79.06906,2024-09-17T21:03:08.000000Z
2024,261.87718750000005,43.08037,-79.06906,2024-09-17T21:03:09.000000Z
2024,261.8771990740741,43.08037,-79.06906,2024-09-17T21:03:10.000000Z
2024,261.87721064814815,43.08037,-79.06906,2024-09-17T21:03:11.000000Z
2024,261.87722222222226,43.08037,-79.06906,2024-09-17T21:03:12.000000Z
2024,261.8772337962963,43.08036,-79.06906,2024-09-17T21:03:13.000000Z
2024,261.8772453703704,43.08036,-79.06906,2024-09-17T21:03:14.000000Z
2024,261.87725694444447,43.08036,-79.06906,2024-09-17T21:03:15.000000Z
2024,261.8772685185185,43.08036,-79.06906,2024-09-17T21:03:16.000000Z
2024,261.8772800925926,43.08036,-79.06906,2024-09-17T21:03:17.000000Z
2024,261.8772916666667,43.08036,-79.06906,2024-09-17T21:03:18.000000Z
2024,261.8773032407408,43.08036,-79.06906,2024-09-17T21:03:19.000000Z
2024,261.87731481481484,43.08036,-79.06906,2024-09-17T21:03:20.000000Z
2024,261.8773263888889,43.08036,-79.06906,2024-09-17T21:03:21.000000Z
2024,261.877337962963,43.08036,-79.06906,2024-09-17T21:03:22.000000Z
2024,261.87734953703705,43.08036,-79.06906,2024-09-17T21:03:23.000000Z
2024,261.87736111111116,43.08036,-79.06906,2024-09-17T21:03:24.000000Z
2024,261.8773726851852,43.08036,-79.06906,2024-09-17T21:03:25.000000Z
2024,261.87738425925926,43.08036,-79.06906,2024-09-17T21:03:26.000000Z
2024,261.87739583333337,43.08036,-79.06906,2024-09-17T21:03:27.000000Z
2024,261.8774074074074,43.08036,-79.06906,2024-09-17T21:03:28.000000Z
2024,261.8774189814815,43.08036,-79.06906,2024-09-17T21:03:29.000000Z
2024,261.8774305555556,43.08036,-79.06906,2024-09-17T21:03:30.000000Z
2024,261.8774421296296,43.08036,-79.06906,2024-09-17T21:03:31.000000Z
2024,261.87745370370374,43.08036,-79.06906,2024-09-17T21:03:32.000000Z
2024,261.8774652777778,43.08036,-79.06906,2024-09-17T21:03:33.000000Z
2024,261.8774768518519,43.08036,-79.06906,2024-09-17T21:03:34.000000Z
2024,261.87748842592595,43.08036,-79.06906,2024-09-17T21:03:35.000000Z
2024,261.87750000000005,43.08036,-79.06906,2024-09-17T21:03:36.000000Z
2024,261.8775115740741,43.08036,-79.06906,2024-09-17T21:03:37.000000Z
2024,261.87752314814816,43.08036,-79.06906,2024-09-17T21:03:38.000000Z
2024,261.87753472222226,43.08036,-79.06906,2024-09-17T21:03:39.000000Z
2024,261.8775462962963,43.08036,-79.06906,2024-09-17T21:03:40.000000Z
2024,261.8775578703704,43.08036,-79.06906,2024-09-17T21:03:41.000000Z
2024,261.8775694444445,43.08036,-79.06906,2024-09-17T21:03:42.000000Z
2024,261.8775810185185,43.08036,-79.06906,2024-09-17T21:03:43.000000Z
2024,261.87759259259263,43.08036,-79.06906,2024-09-17T21:03:44.000000Z
2024,261.8776041666667,43.08036,-79.06906,2024-09-17T21:03:45.000000Z
2024,261.8776157407408,43.08036,-79.06906,2024-09-17T21:03:46.000000Z
2024,261.87762731481484,43.08036,-79.06906,2024-09-17T21:03:47.000000Z
2024,261.8776388888889,43.08036,-79.06906,2024-09-17T21:03:48.000000Z
2024,261.877650462963,43.08036,-79.06906,2024-09-17T21:03:49.000000Z
2024,261.87766203703706,43.08036,-79.06906,2024-09-17T21:03:50.000000Z
2024,261.87767361111116,43.08036,-79.06906,2024-09-17T21:03:51.000000Z
2024,261.8776851851852,43.08036,-79.06906,2024-09-17T21:03:52.000000Z
2024,261.87769675925927,43.08036,-79.06906,2024-09-17T21:03:53.000000Z
2024,261.8777083333334,43.08036,-79.06906,2024-09-17T21:03:54.000000Z
2024,261.8777199074074,43.08036,-79.06906,2024-09-17T21:03:55.000000Z
2024,261.87773148148153,43.08036,-79.06906,2024-09-17T21:03:56.000000Z
2024,261.8777430555556,43.08036,-79.06906,2024-09-17T21:03:57.000000Z
2024,261.87775462962964,43.08036,-79.06906,2024-09-17T21:03:58.000000Z
2024,261.87776620370374,43.08036,-79.06906,2024-09-17T21:03:59.000000Z
2024,261.8777777777778,43.08036,-79.06906,2024-09-17T21:04:00.000000Z
2024,261.87778935185185,43.08036,-79.06906,2024-09-17T21:04:01.000000Z
2024,261.87780092592595,43.08036,-79.06906,2024-09-17T21:04:02.000000Z
2024,261.8778125,43.08036,-79.06906,2024-09-17T21:04:03.000000Z
2024,261.8778240740741,43.08036,-79.06906,2024-09-17T21:04:04.000000Z
2024,261.87783564814816,43.08036,-79.06906,2024-09-17T21:04:05.000000Z
2024,261.8778472222222,43.08036,-79.06906,2024-09-17T21:04:06.000000Z
2024,261.8778587962963,43.08036,-79.06906,2024-09-17T21:04:07.000000Z
2024,261.8778703703704,43.08036,-79.06906,2024-09-17T21:04:08.000000Z
2024,261.8778819444445,43.08036,-79.06906,2024-09-17T21:04:09.000000Z
2024,261.87789351851853,43.08036,-79.06906,2024-09-17T21:04:10.000000Z
2024,261.8779050925926,43.08036,-79.06906,2024-09-17T21:04:11.000000Z
2024,261.8779166666667,43.08036,-79.06906,2024-09-17T21:04:12.000000Z
2024,261.87792824074074,43.08036,-79.06906,2024-09-17T21:04:13.000000Z
2024,261.87793981481485,43.08036,-79.06906,2024-09-17T21:04:14.000000Z
2024,261.8779513888889,43.08036,-79.06906,2024-09-17T21:04:15.000000Z
2024,261.87796296296295,43.08036,-79.06906,2024-09-17T21:04:16.000000Z
2024,261.8779976851852,43.08036,-79.06906,2024-09-17T21:04:19.000000Z
2024,261.8780092592593,43.08036,-79.06906,2024-09-17T21:04:20.000000Z
2024,261.8780208333333,43.08036,-79.06906,2024-09-17T21:04:21.000000Z
2024,261.87803240740743,43.08036,-79.06906,2024-09-17T21:04:22.000000Z
2024,261.8780439814815,43.08036,-79.06906,2024-09-17T21:04:23.000000Z
2024,261.8885300925926,43.08034,-79.06919,2024-09-17T21:19:29.000000Z
2024,261.88854166666664,43.08035,-79.06912,2024-09-17T21:19:30.000000Z
2024,261.8885532407407,43.08034,-79.06912,2024-09-17T21:19:31.000000Z
2024,261.8885648148148,43.08034,-79.06912,2024-09-17T21:19:32.000000Z
2024,261.88857638888885,43.08034,-79.06912,2024-09-17T21:19:33.000000Z
2024,261.88858796296296,43.08035,-79.06913,2024-09-17T21:19:34.000000Z
2024,261.888599537037,43.08036,-79.06914,2024-09-17T21:19:35.000000Z
2024,261.8886111111111,43.08036,-79.06915,2024-09-17T21:19:36.000000Z
2024,261.88862268518517,43.08036,-79.06915,2024-09-17T21:19:37.000000Z
2024,261.8886342592592,43.08036,-79.06915,2024-09-17T21:19:38.000000Z
2024,261.8886458333333,43.08036,-79.06913,2024-09-17T21:19:39.000000Z
2024,261.8886574074074,43.08036,-79.06913,2024-09-17T21:19:40.000000Z
2024,261.8886689814815,43.08036,-79.06913,2024-09-17T21:19:41.000000Z
2024,261.88868055555554,43.08036,-79.06914,2024-09-17T21:19:42.000000Z
2024,261.8886921296296,43.08036,-79.06914,2024-09-17T21:19:43.000000Z
2024,261.8887037037037,43.08036,-79.06914,2024-09-17T21:19:44.000000Z
2024,261.88871527777775,43.08036,-79.06914,2024-09-17T21:19:45.000000Z
2024,261.88872685185186,43.08036,-79.06915,2024-09-17T21:19:46.000000Z
2024,261.8887384259259,43.08036,-79.06915,2024-09-17T21:19:47.000000Z
2024,261.8989467592593,43.08041,-79.06893,2024-09-17T21:34:29.000000Z
2024,261.8989583333333,43.0804,-79.06895,2024-09-17T21:34:30.000000Z
2024,261.8989699074074,43.0804,-79.06896,2024-09-17T21:34:31.000000Z
2024,261.8989814814815,43.08041,-79.06896,2024-09-17T21:34:32.000000Z
2024,261.89899305555554,43.08041,-79.06896,2024-09-17T21:34:33.000000Z
2024,261.89900462962964,43.08042,-79.06897,2024-09-17T21:34:34.000000Z
2024,261.8990162037037,43.08043,-79.06897,2024-09-17T21:34:35.000000Z
2024,261.8990277777778,43.08043,-79.06898,2024-09-17T21:34:36.000000Z
2024,261.89903935185185,43.08043,-79.06898,2024-09-17T21:34:37.000000Z
2024,261.8990509259259,43.08044,-79.06898,2024-09-17T21:34:38.000000Z
2024,261.8990625,43.08044,-79.06898,2024-09-17T21:34:39.000000Z
2024,261.89907407407406,43.08044,-79.06898,2024-09-17T21:34:40.000000Z
2024,261.8990856481482,43.08044,-79.06899,2024-09-17T21:34:41.000000Z
2024,261.8990972222222,43.08044,-79.06899,2024-09-17T21:34:42.000000Z
2024,261.8991087962963,43.08044,-79.06899,2024-09-17T21:34:43.000000Z
2024,261.8991203703704,43.08044,-79.06899,2024-09-17T21:34:44.000000Z
2024,261.89913194444443,43.08044,-79.06899,2024-09-17T21:34:45.000000Z
2024,261.89914351851854,43.08044,-79.06899,2024-09-17T21:34:46.000000Z
2024,261.8991550925926,43.08044,-79.06899,2024-09-17T21:34:47.000000Z
2024,261.9094328703704,43.08033,-79.06878,2024-09-17T21:49:35.000000Z
2024,261.9094444444445,43.08036,-79.06878,2024-09-17T21:49:36.000000Z
2024,261.90945601851854,43.08037,-79.06879,2024-09-17T21:49:37.000000Z
2024,261.9094675925926,43.08038,-79.06879,2024-09-17T21:49:38.000000Z
2024,261.9094791666667,43.08038,-79.0688,2024-09-17T21:49:39.000000Z
2024,261.90949074074075,43.08039,-79.0688,2024-09-17T21:49:40.000000Z
2024,261.90950231481486,43.08039,-79.0688,2024-09-17T21:49:41.000000Z
2024,261.9095138888889,43.08039,-79.0688,2024-09-17T21:49:42.000000Z
2024,261.90952546296296,43.08039,-79.06881,2024-09-17T21:49:43.000000Z
2024,261.90953703703707,43.08039,-79.06882,2024-09-17T21:49:44.000000Z
2024,261.9095486111111,43.08039,-79.06882,2024-09-17T21:49:45.000000Z
2024,261.9095601851852,43.08039,-79.06883,2024-09-17T21:49:46.000000Z
2024,261.9095717592593,43.08039,-79.06883,2024-09-17T21:49:47.000000Z
2024,261.90958333333333,43.08039,-79.06884,2024-09-17T21:49:48.000000Z
2024,261.90959490740744,43.08038,-79.06885,2024-09-17T21:49:49.000000Z
2024,261.9096064814815,43.08038,-79.06885,2024-09-17T21:49:50.000000Z
2024,261.9096180555556,43.08038,-79.06886,2024-09-17T21:49:51.000000Z
2024,261.90962962962965,43.08038,-79.06887,2024-09-17T21:49:52.000000Z
2024,261.9096412037037,43.08037,-79.06887,2024-09-17T21:49:53.000000Z
2024,261.91984953703707,43.08027,-79.06924,2024-09-17T22:04:35.000000Z
2024,261.9198611111112,43.08026,-79.06922,2024-09-17T22:04:36.000000Z
2024,261.9198726851852,43.08025,-79.06921,2024-09-17T22:04:37.000000Z
2024,261.9198842592593,43.08025,-79.06921,2024-09-17T22:04:38.000000Z
2024,261.9198958333334,43.08025,-79.06921,2024-09-17T22:04:39.000000Z
2024,261.91990740740744,43.08024,-79.06919,2024-09-17T22:04:40.000000Z
2024,261.91991898148154,43.08024,-79.06919,2024-09-17T22:04:41.000000Z
2024,261.9199305555556,43.08024,-79.06918,2024-09-17T22:04:42.000000Z
2024,261.91994212962965,43.08025,-79.06918,2024-09-17T22:04:43.000000Z
2024,261.91995370370375,43.08025,-79.06917,2024-09-17T22:04:44.000000Z
2024,261.9199652777778,43.08025,-79.06917,2024-09-17T22:04:45.000000Z
2024,261.9199768518519,43.08024,-79.06917,2024-09-17T22:04:46.000000Z
2024,261.91998842592596,43.08024,-79.06917,2024-09-17T22:04:47.000000Z
2024,261.92,43.08024,-79.06917,2024-09-17T22:04:48.000000Z
2024,261.9200115740741,43.08024,-79.06918,2024-09-17T22:04:49.000000Z
2024,261.9200231481482,43.08024,-79.06918,2024-09-17T22:04:50.000000Z
2024,261.9200347222223,43.08024,-79.06918,2024-09-17T22:04:51.000000Z
2024,261.92004629629633,43.08023,-79.06917,2024-09-17T22:04:52.000000Z
2024,261.9200578703704,43.08023,-79.06917,2024-09-17T22:04:53.000000Z
2024,261.9302662037037,43.08014,-79.06898,2024-09-17T22:19:35.000000Z
2024,261.9302777777778,43.08015,-79.06898,2024-09-17T22:19:36.000000Z
2024,261.93028935185185,43.08016,-79.06899,2024-09-17T22:19:37.000000Z
2024,261.9303009259259,43.08017,-79.06899,2024-09-17T22:19:38.000000Z
2024,261.9303125,43.08018,-79.069,2024-09-17T22:19:39.000000Z
2024,261.93032407407406,43.08019,-79.069,2024-09-17T22:19:40.000000Z
2024,261.9303356481482,43.08019,-79.06901,2024-09-17T22:19:41.000000Z
2024,261.9303472222222,43.0802,-79.06901,2024-09-17T22:19:42.000000Z
2024,261.9303587962963,43.0802,-79.06902,2024-09-17T22:19:43.000000Z
2024,261.9303703703704,43.0802,-79.06902,2024-09-17T22:19:44.000000Z
2024,261.93038194444443,43.08021,-79.06903,2024-09-17T22:19:45.000000Z
2024,261.93039351851854,43.08021,-79.06903,2024-09-17T22:19:46.000000Z
2024,261.9304050925926,43.08021,-79.06903,2024-09-17T22:19:47.000000Z
2024,261.93041666666664,43.08022,-79.06903,2024-09-17T22:19:48.000000Z
2024,261.93042824074075,43.08022,-79.06903,2024-09-17T22:19:49.000000Z
2024,261.9304398148148,43.08023,-79.06903,2024-09-17T22:19:50.000000Z
2024,261.9304513888889,43.08023,-79.06903,2024-09-17T22:19:51.000000Z
2024,261.93046296296296,43.08023,-79.06903,2024-09-17T22:19:52.000000Z
2024,261.930474537037,43.08023,-79.06903,2024-09-17T22:19:53.000000Z
2024,261.9406828703704,43.08018,-79.06892,2024-09-17T22:34:35.000000Z
2024,261.9406944444445,43.0802,-79.06893,2024-09-17T22:34:36.000000Z
2024,261.94070601851854,43.0802,-79.06893,2024-09-17T22:34:37.000000Z
2024,261.9407175925926,43.0802,-79.06892,2024-09-17T22:34:38.000000Z
2024,261.9407291666667,43.0802,-79.06892,2024-09-17T22:34:39.000000Z
2024,261.94074074074075,43.0802,-79.06892,2024-09-17T22:34:40.000000Z
2024,261.94075231481486,43.0802,-79.06892,2024-09-17T22:34:41.000000Z
2024,261.9407638888889,43.0802,-79.06891,2024-09-17T22:34:42.000000Z
2024,261.94077546296296,43.0802,-79.06891,2024-09-17T22:34:43.000000Z
2024,261.94078703703707,43.08019,-79.06891,2024-09-17T22:34:44.000000Z
2024,261.9407986111111,43.08019,-79.06891,2024-09-17T22:34:45.000000Z
2024,261.9408101851852,43.08019,-79.06891,2024-09-17T22:34:46.000000Z
2024,261.9408217592593,43.08019,-79.06891,2024-09-17T22:34:47.000000Z
2024,261.94083333333333,43.08019,-79.06891,2024-09-17T22:34:48.000000Z
2024,261.94084490740744,43.0802,-79.06891,2024-09-17T22:34:49.000000Z
2024,261.9408564814815,43.0802,-79.06892,2024-09-17T22:34:50.000000Z
2024,261.9408680555556,43.0802,-79.06892,2024-09-17T22:34:51.000000Z
2024,261.94087962962965,43.0802,-79.06892,2024-09-17T22:34:52.000000Z
2024,261.9408912037037,43.0802,-79.06892,2024-09-17T22:34:53.000000Z
2024,261.95109953703707,43.08003,-79.06889,2024-09-17T22:49:35.000000Z
2024,261.9511111111112,43.08003,-79.06889,2024-09-17T22:49:36.000000Z
2024,261.9511226851852,43.08003,-79.06889,2024-09-17T22:49:37.000000Z
2024,261.9511342592593,43.08003,-79.06888,2024-09-17T22:49:38.000000Z
2024,261.9511458333334,43.08002,-79.06888,2024-09-17T22:49:39.000000Z
2024,261.95115740740744,43.08003,-79.06888,2024-09-17T22:49:40.000000Z
2024,261.95116898148154,43.08003,-79.06888,2024-09-17T22:49:41.000000Z
2024,261.9511805555556,43.08004,-79.06887,2024-09-17T22:49:42.000000Z
2024,261.95119212962965,43.08004,-79.06887,2024-09-17T22:49:43.000000Z
2024,261.95120370370375,43.08004,-79.06887,2024-09-17T22:49:44.000000Z
2024,261.9512152777778,43.08004,-79.06886,2024-09-17T22:49:45.000000Z
2024,261.9512268518519,43.08004,-79.06886,2024-09-17T22:49:46.000000Z
2024,261.95123842592596,43.08004,-79.06885,2024-09-17T22:49:47.000000Z
2024,261.95125,43.08004,-79.06884,2024-09-17T22:49:48.000000Z
2024,261.9512615740741,43.08004,-79.06884,2024-09-17T22:49:49.000000Z
2024,261.9512731481482,43.08005,-79.06883,2024-09-17T22:49:50.000000Z
2024,261.9512847222223,43.08005,-79.06882,2024-09-17T22:49:51.000000Z
2024,261.95129629629633,43.08005,-79.06881,2024-09-17T22:49:52.000000Z
2024,261.9513078703704,43.08006,-79.06881,2024-09-17T22:49:53.000000Z
2024,261.9615162037037,43.08012,-79.06887,2024-09-17T23:04:35.000000Z
2024,261.9615277777778,43.08011,-79.06887,2024-09-17T23:04:36.000000Z
2024,261.96153935185185,43.08011,-79.06887,2024-09-17T23:04:37.000000Z
2024,261.9615509259259,43.0801,-79.06888,2024-09-17T23:04:38.000000Z
2024,261.9615625,43.0801,-79.06888,2024-09-17T23:04:39.000000Z
2024,261.96157407407406,43.0801,-79.06888,2024-09-17T23:04:40.000000Z
2024,261.9615856481482,43.0801,-79.06889,2024-09-17T23:04:41.000000Z
2024,261.9615972222222,43.08009,-79.06889,2024-09-17T23:04:42.000000Z
2024,261.9616087962963,43.08009,-79.06889,2024-09-17T23:04:43.000000Z
2024,261.9616203703704,43.08009,-79.06889,2024-09-17T23:04:44.000000Z
2024,261.96163194444443,43.08009,-79.06889,2024-09-17T23:04:45.000000Z
2024,261.96164351851854,43.08008,-79.06888,2024-09-17T23:04:46.000000Z
2024,261.9616550925926,43.08008,-79.06888,2024-09-17T23:04:47.000000Z
2024,261.96166666666664,43.08008,-79.06888,2024-09-17T23:04:48.000000Z
2024,261.96167824074075,43.08008,-79.06889,2024-09-17T23:04:49.000000Z
2024,261.9616898148148,43.08008,-79.06889,2024-09-17T23:04:50.000000Z
2024,261.9617013888889,43.08008,-79.0689,2024-09-17T23:04:51.000000Z
2024,261.96171296296296,43.08008,-79.0689,2024-09-17T23:04:52.000000Z
2024,261.961724537037,43.08007,-79.0689,2024-09-17T23:04:53.000000Z
2024,261.9719328703703,43.0802,-79.06877,2024-09-17T23:19:35.000000Z
2024,261.97194444444443,43.0802,-79.06877,2024-09-17T23:19:36.000000Z
2024,261.9719560185185,43.08019,-79.06873,2024-09-17T23:19:37.000000Z
2024,261.97196759259253,43.0802,-79.06874,2024-09-17T23:19:38.000000Z
2024,261.97197916666664,43.08021,-79.06874,2024-09-17T23:19:39.000000Z
2024,261.9719907407407,43.0802,-79.06877,2024-09-17T23:19:40.000000Z
2024,261.9720023148148,43.0802,-79.06878,2024-09-17T23:19:41.000000Z
2024,261.97201388888885,43.0802,-79.06879,2024-09-17T23:19:42.000000Z
2024,261.9720254629629,43.08018,-79.06879,2024-09-17T23:19:43.000000Z
2024,261.972037037037,43.08017,-79.06879,2024-09-17T23:19:44.000000Z
2024,261.97204861111106,43.08016,-79.06879,2024-09-17T23:19:45.000000Z
2024,261.97206018518517,43.08015,-79.06879,2024-09-17T23:19:46.000000Z
2024,261.9720717592592,43.08015,-79.06879,2024-09-17T23:19:47.000000Z
2024,261.9720833333333,43.08015,-79.06879,2024-09-17T23:19:48.000000Z
2024,261.9720949074074,43.08015,-79.0688,2024-09-17T23:19:49.000000Z
2024,261.97210648148143,43.08015,-79.0688,2024-09-17T23:19:50.000000Z
2024,261.97211805555554,43.08015,-79.0688,2024-09-17T23:19:51.000000Z
2024,261.9721296296296,43.08015,-79.0688,2024-09-17T23:19:52.000000Z
2024,261.97214120370364,43.08015,-79.0688,2024-09-17T23:19:53.000000Z
2024,261.982349537037,43.08029,-79.06894,2024-09-17T23:34:35.000000Z
2024,261.9823611111111,43.08029,-79.06893,2024-09-17T23:34:36.000000Z
2024,261.98237268518517,43.08028,-79.06893,2024-09-17T23:34:37.000000Z
2024,261.9823842592592,43.08028,-79.06892,2024-09-17T23:34:38.000000Z
2024,261.9823958333333,43.08028,-79.06892,2024-09-17T23:34:39.000000Z
2024,261.9824074074074,43.08028,-79.06891,2024-09-17T23:34:40.000000Z
2024,261.9824189814815,43.08028,-79.06891,2024-09-17T23:34:41.000000Z
2024,261.98243055555554,43.08028,-79.06891,2024-09-17T23:34:42.000000Z
2024,261.9824421296296,43.08029,-79.06891,2024-09-17T23:34:43.000000Z
2024,261.9824537037037,43.08028,-79.0689,2024-09-17T23:34:44.000000Z
2024,261.98246527777775,43.08027,-79.06889,2024-09-17T23:34:45.000000Z
2024,261.98247685185186,43.08026,-79.06888,2024-09-17T23:34:46.000000Z
2024,261.9824884259259,43.08026,-79.06887,2024-09-17T23:34:47.000000Z
2024,261.98249999999996,43.08026,-79.06887,2024-09-17T23:34:48.000000Z
2024,261.98251157407407,43.08026,-79.06887,2024-09-17T23:34:49.000000Z
2024,261.9825231481481,43.08025,-79.06886,2024-09-17T23:34:50.000000Z
2024,261.9825347222222,43.08025,-79.06886,2024-09-17T23:34:51.000000Z
2024,261.9825462962963,43.08025,-79.06885,2024-09-17T23:34:52.000000Z
2024,261.98255787037033,43.08025,-79.06884,2024-09-17T23:34:53.000000Z
2024,261.9927662037037,43.08024,-79.06879,2024-09-17T23:49:35.000000Z
2024,261.9927777777778,43.08023,-79.06879,2024-09-17T23:49:36.000000Z
2024,261.99278935185185,43.08024,-79.06879,2024-09-17T23:49:37.000000Z
2024,261.9928009259259,43.08025,-79.06879,2024-09-17T23:49:38.000000Z
2024,261.9928125,43.08026,-79.0688,2024-09-17T23:49:39.000000Z
2024,261.99282407407406,43.08028,-79.0688,2024-09-17T23:49:40.000000Z
2024,261.9928356481482,43.08028,-79.0688,2024-09-17T23:49:41.000000Z
2024,261.9928472222222,43.08029,-79.06879,2024-09-17T23:49:42.000000Z
2024,261.9928587962963,43.08029,-79.06879,2024-09-17T23:49:43.000000Z
2024,261.9928703703704,43.08029,-79.06879,2024-09-17T23:49:44.000000Z
2024,261.99288194444443,43.08029,-79.06878,2024-09-17T23:49:45.000000Z
2024,261.99289351851854,43.08029,-79.06878,2024-09-17T23:49:46.000000Z
2024,261.9929050925926,43.08029,-79.06878,2024-09-17T23:49:47.000000Z
2024,261.99291666666664,43.08028,-79.06878,2024-09-17T23:49:48.000000Z
2024,261.99292824074075,43.08028,-79.06878,2024-09-17T23:49:49.000000Z
2024,261.9929398148148,43.08027,-79.06879,2024-09-17T23:49:50.000000Z
2024,261.9929513888889,43.08027,-79.06879,2024-09-17T23:49:51.000000Z
2024,261.99296296296296,43.08027,-79.0688,2024-09-17T23:49:52.000000Z
2024,261.992974537037,43.08026,-79.0688,2024-09-17T23:49:53.000000Z
2024,262.0031828703704,43.08021,-79.06887,2024-09-18T00:04:35.000000Z
2024,262.0031944444445,43.0802,-79.06887,2024-09-18T00:04:36.000000Z
2024,262.00320601851854,43.0802,-79.06887,2024-09-18T00:04:37.000000Z
2024,262.0032175925926,43.0802,-79.06887,2024-09-18T00:04:38.000000Z
2024,262.0032291666667,43.0802,-79.06887,2024-09-18T00:04:39.000000Z
2024,262.00324074074075,43.0802,-79.06887,2024-09-18T00:04:40.000000Z
2024,262.00325231481486,43.0802,-79.06887,2024-09-18T00:04:41.000000Z
2024,262.0032638888889,43.0802,-79.06887,2024-09-18T00:04:42.000000Z
2024,262.00327546296296,43.0802,-79.06887,2024-09-18T00:04:43.000000Z
2024,262.00328703703707,43.0802,-79.06887,2024-09-18T00:04:44.000000Z
2024,262.0032986111111,43.08021,-79.06887,2024-09-18T00:04:45.000000Z
2024,262.0033101851852,43.08021,-79.06887,2024-09-18T00:04:46.000000Z
2024,262.0033217592593,43.08022,-79.06888,2024-09-18T00:04:47.000000Z
2024,262.00333333333333,43.08023,-79.06889,2024-09-18T00:04:48.000000Z
2024,262.00334490740744,43.08023,-79.0689,2024-09-18T00:04:49.000000Z
2024,262.0033564814815,43.08024,-79.06891,2024-09-18T00:04:50.000000Z
2024,262.0033680555556,43.08024,-79.06891,2024-09-18T00:04:51.000000Z
2024,262.00337962962965,43.08025,-79.06892,2024-09-18T00:04:52.000000Z
2024,262.0033912037037,43.08025,-79.06893,2024-09-18T00:04:53.000000Z
2024,262.013599537037,43.08029,-79.06892,2024-09-18T00:19:35.000000Z
2024,262.0136111111111,43.08029,-79.06892,2024-09-18T00:19:36.000000Z
2024,262.01362268518517,43.0803,-79.06892,2024-09-18T00:19:37.000000Z
2024,262.0136342592592,43.0803,-79.06893,2024-09-18T00:19:38.000000Z
2024,262.0136458333333,43.0803,-79.06893,2024-09-18T00:19:39.000000Z
2024,262.0136574074074,43.0803,-79.06893,2024-09-18T00:19:40.000000Z
2024,262.0136689814815,43.0803,-79.06893,2024-09-18T00:19:41.000000Z
2024,262.01368055555554,43.0803,-79.06893,2024-09-18T00:19:42.000000Z
2024,262.0136921296296,43.0803,-79.06893,2024-09-18T00:19:43.000000Z
2024,262.0137037037037,43.0803,-79.06893,2024-09-18T00:19:44.000000Z
2024,262.01371527777775,43.08029,-79.06894,2024-09-18T00:19:45.000000Z
2024,262.01372685185186,43.08029,-79.06894,2024-09-18T00:19:46.000000Z
2024,262.0137384259259,43.08029,-79.06893,2024-09-18T00:19:47.000000Z
2024,262.01374999999996,43.08029,-79.06893,2024-09-18T00:19:48.000000Z
2024,262.01376157407407,43.08029,-79.06893,2024-09-18T00:19:49.000000Z
2024,262.0137731481481,43.08029,-79.06893,2024-09-18T00:19:50.000000Z
2024,262.0137847222222,43.08029,-79.06893,2024-09-18T00:19:51.000000Z
2024,262.0137962962963,43.08028,-79.06893,2024-09-18T00:19:52.000000Z
2024,262.01380787037033,43.08028,-79.06893,2024-09-18T00:19:53.000000Z
2024,262.0240162037037,43.08034,-79.06915,2024-09-18T00:34:35.000000Z
2024,262.0240277777778,43.08034,-79.06915,2024-09-18T00:34:36.000000Z
2024,262.02403935185185,43.08034,-79.06915,2024-09-18T00:34:37.000000Z
2024,262.0240509259259,43.08034,-79.06915,2024-09-18T00:34:38.000000Z
2024,262.0240625,43.08033,-79.06914,2024-09-18T00:34:39.000000Z
2024,262.02407407407406,43.08033,-79.06913,2024-09-18T00:34:40.000000Z
2024,262.0240856481482,43.08033,-79.06913,2024-09-18T00:34:41.000000Z
2024,262.0240972222222,43.08032,-79.06912,2024-09-18T00:34:42.000000Z
2024,262.0241087962963,43.08032,-79.06912,2024-09-18T00:34:43.000000Z
2024,262.0241203703704,43.08032,-79.06911,2024-09-18T00:34:44.000000Z
2024,262.02413194444443,43.08032,-79.06911,2024-09-18T00:34:45.000000Z
2024,262.02414351851854,43.08032,-79.06911,2024-09-18T00:34:46.000000Z
2024,262.0241550925926,43.08031,-79.0691,2024-09-18T00:34:47.000000Z
2024,262.02416666666664,43.08031,-79.0691,2024-09-18T00:34:48.000000Z
2024,262.02417824074075,43.08031,-79.0691,2024-09-18T00:34:49.000000Z
2024,262.0241898148148,43.0803,-79.0691,2024-09-18T00:34:50.000000Z
2024,262.0242013888889,43.0803,-79.0691,2024-09-18T00:34:51.000000Z
2024,262.02421296296296,43.0803,-79.06909,2024-09-18T00:34:52.000000Z
2024,262.024224537037,43.0803,-79.06909,2024-09-18T00:34:53.000000Z
2024,262.03442129629633,43.08041,-79.06909,2024-09-18T00:49:34.000000Z
2024,262.0344328703704,43.08042,-79.06909,2024-09-18T00:49:35.000000Z
2024,262.0344444444445,43.08042,-79.06909,2024-09-18T00:49:36.000000Z
2024,262.03445601851854,43.08043,-79.06909,2024-09-18T00:49:37.000000Z
2024,262.0344675925926,43.08043,-79.0691,2024-09-18T00:49:38.000000Z
2024,262.0344791666667,43.08044,-79.0691,2024-09-18T00:49:39.000000Z
2024,262.03449074074075,43.08044,-79.0691,2024-09-18T00:49:40.000000Z
2024,262.03450231481486,43.08044,-79.0691,2024-09-18T00:49:41.000000Z
2024,262.0345138888889,43.08044,-79.0691,2024-09-18T00:49:42.000000Z
2024,262.03452546296296,43.08044,-79.0691,2024-09-18T00:49:43.000000Z
2024,262.03453703703707,43.08044,-79.0691,2024-09-18T00:49:44.000000Z
2024,262.0345486111111,43.08044,-79.0691,2024-09-18T00:49:45.000000Z
2024,262.0345601851852,43.08044,-79.0691,2024-09-18T00:49:46.000000Z
2024,262.0345717592593,43.08044,-79.0691,2024-09-18T00:49:47.000000Z
2024,262.03458333333333,43.08044,-79.06911,2024-09-18T00:49:48.000000Z
2024,262.03459490740744,43.08044,-79.06911,2024-09-18T00:49:49.000000Z
2024,262.0346064814815,43.08043,-79.0691,2024-09-18T00:49:50.000000Z
2024,262.0346180555556,43.08043,-79.0691,2024-09-18T00:49:51.000000Z
2024,262.03462962962965,43.08042,-79.0691,2024-09-18T00:49:52.000000Z
2024,262.044837962963,43.08033,-79.06906,2024-09-18T01:04:34.000000Z
2024,262.04484953703707,43.08033,-79.06906,2024-09-18T01:04:35.000000Z
2024,262.0448611111112,43.08033,-79.06906,2024-09-18T01:04:36.000000Z
2024,262.0448726851852,43.08033,-79.06906,2024-09-18T01:04:37.000000Z
2024,262.0448842592593,43.08033,-79.06906,2024-09-18T01:04:38.000000Z
2024,262.0448958333334,43.08033,-79.06905,2024-09-18T01:04:39.000000Z
2024,262.04490740740744,43.08034,-79.06905,2024-09-18T01:04:40.000000Z
2024,262.04491898148154,43.08034,-79.06905,2024-09-18T01:04:41.000000Z
2024,262.0449305555556,43.08034,-79.06904,2024-09-18T01:04:42.000000Z
2024,262.04494212962965,43.08034,-79.06904,2024-09-18T01:04:43.000000Z
2024,262.04495370370375,43.08035,-79.06904,2024-09-18T01:04:44.000000Z
2024,262.0449652777778,43.08035,-79.06903,2024-09-18T01:04:45.000000Z
2024,262.0449768518519,43.08036,-79.06903,2024-09-18T01:04:46.000000Z
2024,262.04498842592596,43.08036,-79.06903,2024-09-18T01:04:47.000000Z
2024,262.045,43.08036,-79.06903,2024-09-18T01:04:48.000000Z
2024,262.0450115740741,43.08036,-79.06902,2024-09-18T01:04:49.000000Z
2024,262.0450231481482,43.08036,-79.06902,2024-09-18T01:04:50.000000Z
2024,262.0450347222223,43.08036,-79.06902,2024-09-18T01:04:51.000000Z
2024,262.04504629629633,43.08036,-79.06901,2024-09-18T01:04:52.000000Z
2024,262.05525462962964,43.0802,-79.0689,2024-09-18T01:19:34.000000Z
2024,262.0552662037037,43.08018,-79.0689,2024-09-18T01:19:35.000000Z
2024,262.0552777777778,43.08018,-79.0689,2024-09-18T01:19:36.000000Z
2024,262.05528935185185,43.08017,-79.0689,2024-09-18T01:19:37.000000Z
2024,262.0553009259259,43.08017,-79.0689,2024-09-18T01:19:38.000000Z
2024,262.0553125,43.08018,-79.0689,2024-09-18T01:19:39.000000Z
2024,262.05532407407406,43.08018,-79.0689,2024-09-18T01:19:40.000000Z
2024,262.0553356481482,43.08018,-79.0689,2024-09-18T01:19:41.000000Z
2024,262.0553472222222,43.08018,-79.0689,2024-09-18T01:19:42.000000Z
2024,262.0553587962963,43.0802,-79.06891,2024-09-18T01:19:43.000000Z
2024,262.0553703703704,43.0802,-79.06891,2024-09-18T01:19:44.000000Z
2024,262.05538194444443,43.08021,-79.06891,2024-09-18T01:19:45.000000Z
2024,262.05539351851854,43.08021,-79.06892,2024-09-18T01:19:46.000000Z
2024,262.0554050925926,43.08022,-79.06892,2024-09-18T01:19:47.000000Z
2024,262.05541666666664,43.08023,-79.06892,2024-09-18T01:19:48.000000Z
2024,262.05542824074075,43.08023,-79.06892,2024-09-18T01:19:49.000000Z
2024,262.0554398148148,43.08023,-79.06893,2024-09-18T01:19:50.000000Z
2024,262.0554513888889,43.08024,-79.06893,2024-09-18T01:19:51.000000Z
2024,262.05546296296296,43.08024,-79.06895,2024-09-18T01:19:52.000000Z
2024,262.06567129629633,43.08028,-79.06913,2024-09-18T01:34:34.000000Z
2024,262.0656828703704,43.08028,-79.06912,2024-09-18T01:34:35.000000Z
2024,262.0656944444445,43.08029,-79.0691,2024-09-18T01:34:36.000000Z
2024,262.06570601851854,43.0803,-79.06909,2024-09-18T01:34:37.000000Z
2024,262.0657175925926,43.0803,-79.06909,2024-09-18T01:34:38.000000Z
2024,262.0657291666667,43.08031,-79.06908,2024-09-18T01:34:39.000000Z
2024,262.06574074074075,43.08032,-79.06908,2024-09-18T01:34:40.000000Z
2024,262.06575231481486,43.08032,-79.06907,2024-09-18T01:34:41.000000Z
2024,262.0657638888889,43.08032,-79.06907,2024-09-18T01:34:42.000000Z
2024,262.06577546296296,43.08033,-79.06907,2024-09-18T01:34:43.000000Z
2024,262.06578703703707,43.08033,-79.06906,2024-09-18T01:34:44.000000Z
2024,262.0657986111111,43.08032,-79.06906,2024-09-18T01:34:45.000000Z
2024,262.0658101851852,43.08032,-79.06906,2024-09-18T01:34:46.000000Z
2024,262.0658217592593,43.08032,-79.06907,2024-09-18T01:34:47.000000Z
2024,262.06583333333333,43.08032,-79.06907,2024-09-18T01:34:48.000000Z
2024,262.06584490740744,43.08032,-79.06907,2024-09-18T01:34:49.000000Z
2024,262.0658564814815,43.08032,-79.06908,2024-09-18T01:34:50.000000Z
2024,262.0658680555556,43.08032,-79.06908,2024-09-18T01:34:51.000000Z
2024,262.06587962962965,43.08032,-79.06908,2024-09-18T01:34:52.000000Z
2024,262.076087962963,43.08024,-79.06909,2024-09-18T01:49:34.000000Z
2024,262.07609953703707,43.08023,-79.06909,2024-09-18T01:49:35.000000Z
2024,262.0761111111112,43.08023,-79.06909,2024-09-18T01:49:36.000000Z
2024,262.0761226851852,43.08022,-79.06909,2024-09-18T01:49:37.000000Z
2024,262.0761342592593,43.08021,-79.06909,2024-09-18T01:49:38.000000Z
2024,262.0761458333334,43.08021,-79.06909,2024-09-18T01:49:39.000000Z
2024,262.07615740740744,43.08021,-79.06909,2024-09-18T01:49:40.000000Z
2024,262.07616898148154,43.08021,-79.06909,2024-09-18T01:49:41.000000Z
2024,262.0761805555556,43.08021,-79.06909,2024-09-18T01:49:42.000000Z
2024,262.07619212962965,43.08021,-79.06909,2024-09-18T01:49:43.000000Z
2024,262.07620370370375,43.08021,-79.06909,2024-09-18T01:49:44.000000Z
2024,262.0762152777778,43.08021,-79.06909,2024-09-18T01:49:45.000000Z
2024,262.0762268518519,43.0802,-79.06909,2024-09-18T01:49:46.000000Z
2024,262.07623842592596,43.0802,-79.06909,2024-09-18T01:49:47.000000Z
2024,262.07625,43.0802,-79.0691,2024-09-18T01:49:48.000000Z
2024,262.0762615740741,43.0802,-79.0691,2024-09-18T01:49:49.000000Z
2024,262.0762731481482,43.0802,-79.06911,2024-09-18T01:49:50.000000Z
2024,262.0762847222223,43.08019,-79.06911,2024-09-18T01:49:51.000000Z
2024,262.07629629629633,43.08019,-79.06911,2024-09-18T01:49:52.000000Z
2024,262.08650462962964,43.08018,-79.06931,2024-09-18T02:04:34.000000Z
2024,262.0865162037037,43.08018,-79.0693,2024-09-18T02:04:35.000000Z
2024,262.0865277777778,43.08019,-79.06929,2024-09-18T02:04:36.000000Z
2024,262.08653935185185,43.08019,-79.06929,2024-09-18T02:04:37.000000Z
2024,262.0865509259259,43.08019,-79.06929,2024-09-18T02:04:38.000000Z
2024,262.0865625,43.0802,-79.06929,2024-09-18T02:04:39.000000Z
2024,262.08657407407406,43.0802,-79.06927,2024-09-18T02:04:40.000000Z
2024,262.0865856481482,43.0802,-79.06926,2024-09-18T02:04:41.000000Z
2024,262.0865972222222,43.0802,-79.06925,2024-09-18T02:04:42.000000Z
2024,262.0866087962963,43.0802,-79.06925,2024-09-18T02:04:43.000000Z
2024,262.0866203703704,43.0802,-79.06924,2024-09-18T02:04:44.000000Z
2024,262.08663194444443,43.0802,-79.06924,2024-09-18T02:04:45.000000Z
2024,262.08664351851854,43.0802,-79.06924,2024-09-18T02:04:46.000000Z
2024,262.0866550925926,43.0802,-79.06923,2024-09-18T02:04:47.000000Z
2024,262.08666666666664,43.0802,-79.06923,2024-09-18T02:04:48.000000Z
2024,262.08667824074075,43.0802,-79.06922,2024-09-18T02:04:49.000000Z
2024,262.0866898148148,43.0802,-79.06922,2024-09-18T02:04:50.000000Z
2024,262.0867013888889,43.08019,-79.06922,2024-09-18T02:04:51.000000Z
2024,262.08671296296296,43.08019,-79.06922,2024-09-18T02:04:52.000000Z
2024,262.0969212962963,43.08015,-79.06916,2024-09-18T02:19:34.000000Z
2024,262.0969328703703,43.08015,-79.06916,2024-09-18T02:19:35.000000Z
2024,262.09694444444443,43.08014,-79.06916,2024-09-18T02:19:36.000000Z
2024,262.0969560185185,43.08013,-79.06916,2024-09-18T02:19:37.000000Z
2024,262.09696759259253,43.08015,-79.06916,2024-09-18T02:19:38.000000Z
2024,262.09697916666664,43.08016,-79.06916,2024-09-18T02:19:39.000000Z
2024,262.0969907407407,43.08017,-79.06916,2024-09-18T02:19:40.000000Z
2024,262.0970023148148,43.08017,-79.06915,2024-09-18T02:19:41.000000Z
2024,262.09701388888885,43.08017,-79.06915,2024-09-18T02:19:42.000000Z
2024,262.0970254629629,43.08017,-79.06915,2024-09-18T02:19:43.000000Z
2024,262.097037037037,43.08016,-79.06915,2024-09-18T02:19:44.000000Z
2024,262.09704861111106,43.08016,-79.06915,2024-09-18T02:19:45.000000Z
2024,262.09706018518517,43.08015,-79.06914,2024-09-18T02:19:46.000000Z
2024,262.0970717592592,43.08015,-79.06914,2024-09-18T02:19:47.000000Z
2024,262.0970833333333,43.08013,-79.06914,2024-09-18T02:19:48.000000Z
2024,262.0970949074074,43.08013,-79.06914,2024-09-18T02:19:49.000000Z
2024,262.09710648148143,43.08012,-79.06915,2024-09-18T02:19:50.000000Z
2024,262.09711805555554,43.08011,-79.06915,2024-09-18T02:19:51.000000Z
2024,262.0971296296296,43.0801,-79.06915,2024-09-18T02:19:52.000000Z
2024,262.10733796296296,43.0802,-79.06902,2024-09-18T02:34:34.000000Z
2024,262.107349537037,43.0802,-79.06903,2024-09-18T02:34:35.000000Z
2024,262.1073611111111,43.0802,-79.06903,2024-09-18T02:34:36.000000Z
2024,262.10737268518517,43.0802,-79.06903,2024-09-18T02:34:37.000000Z
2024,262.1073842592592,43.0802,-79.06904,2024-09-18T02:34:38.000000Z
2024,262.1073958333333,43.0802,-79.06905,2024-09-18T02:34:39.000000Z
2024,262.1074074074074,43.08021,-79.06906,2024-09-18T02:34:40.000000Z
2024,262.1074189814815,43.08021,-79.06906,2024-09-18T02:34:41.000000Z
2024,262.10743055555554,43.08021,-79.06907,2024-09-18T02:34:42.000000Z
2024,262.1074421296296,43.08021,-79.06908,2024-09-18T02:34:43.000000Z
2024,262.1074537037037,43.08021,-79.06909,2024-09-18T02:34:44.000000Z
2024,262.10746527777775,43.08022,-79.06909,2024-09-18T02:34:45.000000Z
2024,262.10747685185186,43.08022,-79.0691,2024-09-18T02:34:46.000000Z
2024,262.1074884259259,43.08023,-79.06911,2024-09-18T02:34:47.000000Z
2024,262.10749999999996,43.08023,-79.06912,2024-09-18T02:34:48.000000Z
2024,262.10751157407407,43.08024,-79.06912,2024-09-18T02:34:49.000000Z
2024,262.1075231481481,43.08024,-79.06912,2024-09-18T02:34:50.000000Z
2024,262.1075347222222,43.08024,-79.06912,2024-09-18T02:34:51.000000Z
2024,262.1075462962963,43.08025,-79.06912,2024-09-18T02:34:52.000000Z
2024,262.11775462962964,43.08008,-79.0691,2024-09-18T02:49:34.000000Z
2024,262.1177662037037,43.08008,-79.06909,2024-09-18T02:49:35.000000Z
2024,262.1177777777778,43.08008,-79.06909,2024-09-18T02:49:36.000000Z
2024,262.11778935185185,43.08009,-79.06909,2024-09-18T02:49:37.000000Z
2024,262.1178009259259,43.08009,-79.0691,2024-09-18T02:49:38.000000Z
2024,262.1178125,43.08008,-79.06911,2024-09-18T02:49:39.000000Z
2024,262.11782407407406,43.08009,-79.06911,2024-09-18T02:49:40.000000Z
2024,262.1178356481482,43.08009,-79.06911,2024-09-18T02:49:41.000000Z
2024,262.1178472222222,43.08009,-79.06911,2024-09-18T02:49:42.000000Z
2024,262.1178587962963,43.08009,-79.06911,2024-09-18T02:49:43.000000Z
2024,262.1178703703704,43.08009,-79.06911,2024-09-18T02:49:44.000000Z
2024,262.11788194444443,43.08008,-79.0691,2024-09-18T02:49:45.000000Z
2024,262.11789351851854,43.08009,-79.06909,2024-09-18T02:49:46.000000Z
2024,262.1179050925926,43.08008,-79.06909,2024-09-18T02:49:47.000000Z
2024,262.11791666666664,43.08008,-79.06909,2024-09-18T02:49:48.000000Z
2024,262.11792824074075,43.08008,-79.06909,2024-09-18T02:49:49.000000Z
2024,262.1179398148148,43.08008,-79.06908,2024-09-18T02:49:50.000000Z
2024,262.1179513888889,43.08008,-79.06908,2024-09-18T02:49:51.000000Z
2024,262.11796296296296,43.08008,-79.06908,2024-09-18T02:49:52.000000Z
2024,262.12817129629633,43.08023,-79.06924,2024-09-18T03:04:34.000000Z
2024,262.1281828703704,43.08025,-79.06923,2024-09-18T03:04:35.000000Z
2024,262.1281944444445,43.08027,-79.06923,2024-09-18T03:04:36.000000Z
2024,262.12820601851854,43.08028,-79.06923,2024-09-18T03:04:37.000000Z
2024,262.1282175925926,43.08029,-79.06922,2024-09-18T03:04:38.000000Z
2024,262.1282291666667,43.0803,-79.06922,2024-09-18T03:04:39.000000Z
2024,262.12824074074075,43.0803,-79.06922,2024-09-18T03:04:40.000000Z
2024,262.12825231481486,43.08029,-79.06922,2024-09-18T03:04:41.000000Z
2024,262.1282638888889,43.08028,-79.06922,2024-09-18T03:04:42.000000Z
2024,262.12827546296296,43.08028,-79.06922,2024-09-18T03:04:43.000000Z
2024,262.12828703703707,43.08028,-79.06923,2024-09-18T03:04:44.000000Z
2024,262.1282986111111,43.08027,-79.06922,2024-09-18T03:04:45.000000Z
2024,262.1283101851852,43.08026,-79.06922,2024-09-18T03:04:46.000000Z
2024,262.1283217592593,43.08026,-79.06922,2024-09-18T03:04:47.000000Z
2024,262.12833333333333,43.08026,-79.06922,2024-09-18T03:04:48.000000Z
2024,262.12834490740744,43.08026,-79.06922,2024-09-18T03:04:49.000000Z
2024,262.1283564814815,43.08025,-79.06922,2024-09-18T03:04:50.000000Z
2024,262.1283680555556,43.08025,-79.06922,2024-09-18T03:04:51.000000Z
2024,262.12837962962965,43.08025,-79.06922,2024-09-18T03:04:52.000000Z
2024,262.13858796296296,43.08042,-79.06911,2024-09-18T03:19:34.000000Z
2024,262.138599537037,43.08041,-79.06912,2024-09-18T03:19:35.000000Z
2024,262.1386111111111,43.0804,-79.06912,2024-09-18T03:19:36.000000Z
2024,262.13862268518517,43.08039,-79.06912,2024-09-18T03:19:37.000000Z
2024,262.1386342592592,43.0804,-79.06912,2024-09-18T03:19:38.000000Z
2024,262.1386458333333,43.08041,-79.06912,2024-09-18T03:19:39.000000Z
2024,262.1386574074074,43.08042,-79.0691,2024-09-18T03:19:40.000000Z
2024,262.1386689814815,43.08042,-79.06909,2024-09-18T03:19:41.000000Z
2024,262.13868055555554,43.08042,-79.0691,2024-09-18T03:19:42.000000Z
2024,262.1386921296296,43.08042,-79.06912,2024-09-18T03:19:43.000000Z
2024,262.1387037037037,43.08042,-79.06912,2024-09-18T03:19:44.000000Z
2024,262.13871527777775,43.08041,-79.06913,2024-09-18T03:19:45.000000Z
2024,262.13872685185186,43.0804,-79.06914,2024-09-18T03:19:46.000000Z
2024,262.1387384259259,43.0804,-79.06914,2024-09-18T03:19:47.000000Z
2024,262.13874999999996,43.0804,-79.06914,2024-09-18T03:19:48.000000Z
2024,262.13876157407407,43.0804,-79.06915,2024-09-18T03:19:49.000000Z
2024,262.1387731481481,43.0804,-79.06915,2024-09-18T03:19:50.000000Z
2024,262.1387847222222,43.0804,-79.06915,2024-09-18T03:19:51.000000Z
2024,262.1387962962963,43.0804,-79.06915,2024-09-18T03:19:52.000000Z
2024,262.14900462962964,43.0806,-79.06903,2024-09-18T03:34:34.000000Z
2024,262.1490162037037,43.0806,-79.06902,2024-09-18T03:34:35.000000Z
2024,262.1490277777778,43.0806,-79.06902,2024-09-18T03:34:36.000000Z
2024,262.14903935185185,43.0806,-79.06901,2024-09-18T03:34:37.000000Z
2024,262.1490509259259,43.08059,-79.06901,2024-09-18T03:34:38.000000Z
2024,262.1490625,43.08058,-79.06901,2024-09-18T03:34:39.000000Z
2024,262.14907407407406,43.08056,-79.06901,2024-09-18T03:34:40.000000Z
2024,262.1490856481482,43.08055,-79.06901,2024-09-18T03:34:41.000000Z
2024,262.1490972222222,43.08055,-79.06902,2024-09-18T03:34:42.000000Z
2024,262.1491087962963,43.08054,-79.06902,2024-09-18T03:34:43.000000Z
2024,262.1491203703704,43.08054,-79.06901,2024-09-18T03:34:44.000000Z
2024,262.14913194444443,43.08053,-79.06901,2024-09-18T03:34:45.000000Z
2024,262.14914351851854,43.08052,-79.06902,2024-09-18T03:34:46.000000Z
2024,262.1491550925926,43.08051,-79.06903,2024-09-18T03:34:47.000000Z
2024,262.14916666666664,43.0805,-79.06903,2024-09-18T03:34:48.000000Z
2024,262.14917824074075,43.08049,-79.06903,2024-09-18T03:34:49.000000Z
2024,262.1491898148148,43.08047,-79.06903,2024-09-18T03:34:50.000000Z
2024,262.1492013888889,43.08046,-79.06903,2024-09-18T03:34:51.000000Z
2024,262.14921296296296,43.08045,-79.06903,2024-09-18T03:34:52.000000Z
2024,262.15942129629633,43.08044,-79.06913,2024-09-18T03:49:34.000000Z
2024,262.1594328703704,43.08043,-79.06914,2024-09-18T03:49:35.000000Z
2024,262.1594444444445,43.08042,-79.06914,2024-09-18T03:49:36.000000Z
2024,262.15945601851854,43.08043,-79.06915,2024-09-18T03:49:37.000000Z
2024,262.1594675925926,43.08043,-79.06915,2024-09-18T03:49:38.000000Z
2024,262.1594791666667,43.08043,-79.06915,2024-09-18T03:49:39.000000Z
2024,262.15949074074075,43.08042,-79.06916,2024-09-18T03:49:40.000000Z
2024,262.15950231481486,43.08042,-79.06916,2024-09-18T03:49:41.000000Z
2024,262.1595138888889,43.08042,-79.06916,2024-09-18T03:49:42.000000Z
2024,262.15952546296296,43.08042,-79.06916,2024-09-18T03:49:43.000000Z
2024,262.15953703703707,43.08041,-79.06916,2024-09-18T03:49:44.000000Z
2024,262.1595486111111,43.08041,-79.06917,2024-09-18T03:49:45.000000Z
2024,262.1595601851852,43.0804,-79.06917,2024-09-18T03:49:46.000000Z
2024,262.1595717592593,43.0804,-79.06919,2024-09-18T03:49:47.000000Z
2024,262.15958333333333,43.08039,-79.06919,2024-09-18T03:49:48.000000Z
2024,262.15959490740744,43.08038,-79.06919,2024-09-18T03:49:49.000000Z
2024,262.1596064814815,43.08037,-79.0692,2024-09-18T03:49:50.000000Z
2024,262.1596180555556,43.08036,-79.0692,2024-09-18T03:49:51.000000Z
2024,262.15962962962965,43.08036,-79.0692,2024-09-18T03:49:52.000000Z
2024,262.169837962963,43.08029,-79.0693,2024-09-18T04:04:34.000000Z
2024,262.16984953703707,43.08029,-79.06929,2024-09-18T04:04:35.000000Z
2024,262.1698611111112,43.0803,-79.06929,2024-09-18T04:04:36.000000Z
2024,262.1698726851852,43.0803,-79.06929,2024-09-18T04:04:37.000000Z
2024,262.1698842592593,43.08031,-79.06929,2024-09-18T04:04:38.000000Z
2024,262.1698958333334,43.08032,-79.06928,2024-09-18T04:04:39.000000Z
2024,262.16990740740744,43.08029,-79.06924,2024-09-18T04:04:40.000000Z
2024,262.16991898148154,43.08029,-79.06923,2024-09-18T04:04:41.000000Z
2024,262.1699305555556,43.0803,-79.06923,2024-09-18T04:04:42.000000Z
2024,262.16994212962965,43.08031,-79.06922,2024-09-18T04:04:43.000000Z
2024,262.1699652777778,43.08033,-79.06922,2024-09-18T04:04:45.000000Z
2024,262.1699768518519,43.08033,-79.06922,2024-09-18T04:04:46.000000Z
2024,262.16998842592596,43.08033,-79.06922,2024-09-18T04:04:47.000000Z
2024,262.17,43.08033,-79.06922,2024-09-18T04:04:48.000000Z
2024,262.1700115740741,43.08034,-79.06922,2024-09-18T04:04:49.000000Z
2024,262.1700231481482,43.08034,-79.06921,2024-09-18T04:04:50.000000Z
2024,262.1700347222223,43.08034,-79.06921,2024-09-18T04:04:51.000000Z
2024,262.17004629629633,43.08034,-79.06921,2024-09-18T04:04:52.000000Z
2024,262.18025462962964,43.08007,-79.06924,2024-09-18T04:19:34.000000Z
2024,262.1802662037037,43.08007,-79.06924,2024-09-18T04:19:35.000000Z
2024,262.1802777777778,43.08007,-79.06923,2024-09-18T04:19:36.000000Z
2024,262.18028935185185,43.08008,-79.06925,2024-09-18T04:19:37.000000Z
2024,262.1803009259259,43.08008,-79.06924,2024-09-18T04:19:38.000000Z
2024,262.1803125,43.08008,-79.06922,2024-09-18T04:19:39.000000Z
2024,262.18032407407406,43.08009,-79.06922,2024-09-18T04:19:40.000000Z
2024,262.1803356481482,43.0801,-79.06923,2024-09-18T04:19:41.000000Z
2024,262.1803472222222,43.0801,-79.06923,2024-09-18T04:19:42.000000Z
2024,262.1803587962963,43.0801,-79.06922,2024-09-18T04:19:43.000000Z
2024,262.1803703703704,43.0801,-79.06922,2024-09-18T04:19:44.000000Z
2024,262.18038194444443,43.0801,-79.06922,2024-09-18T04:19:45.000000Z
2024,262.18039351851854,43.0801,-79.06922,2024-09-18T04:19:46.000000Z
2024,262.1804050925926,43.0801,-79.06922,2024-09-18T04:19:47.000000Z
2024,262.18041666666664,43.0801,-79.06921,2024-09-18T04:19:48.000000Z
2024,262.18042824074075,43.0801,-79.0692,2024-09-18T04:19:49.000000Z
2024,262.1804398148148,43.0801,-79.0692,2024-09-18T04:19:50.000000Z
2024,262.1804513888889,43.0801,-79.0692,2024-09-18T04:19:51.000000Z
2024,262.18046296296296,43.0801,-79.0692,2024-09-18T04:19:52.000000Z
2024,262.19067129629633,43.08009,-79.06921,2024-09-18T04:34:34.000000Z
2024,262.1906828703704,43.08009,-79.06921,2024-09-18T04:34:35.000000Z
2024,262.1906944444445,43.08011,-79.06922,2024-09-18T04:34:36.000000Z
2024,262.19070601851854,43.08013,-79.06922,2024-09-18T04:34:37.000000Z
2024,262.1907175925926,43.08013,-79.06922,2024-09-18T04:34:38.000000Z
2024,262.1907291666667,43.08012,-79.06922,2024-09-18T04:34:39.000000Z
2024,262.19074074074075,43.08015,-79.06923,2024-09-18T04:34:40.000000Z
2024,262.19075231481486,43.08015,-79.06922,2024-09-18T04:34:41.000000Z
2024,262.1907638888889,43.08016,-79.06922,2024-09-18T04:34:42.000000Z
2024,262.19077546296296,43.08016,-79.06922,2024-09-18T04:34:43.000000Z
2024,262.19078703703707,43.08017,-79.06922,2024-09-18T04:34:44.000000Z
2024,262.1907986111111,43.08017,-79.06922,2024-09-18T04:34:45.000000Z
2024,262.1908101851852,43.08018,-79.06922,2024-09-18T04:34:46.000000Z
2024,262.1908217592593,43.08018,-79.06922,2024-09-18T04:34:47.000000Z
2024,262.19083333333333,43.08018,-79.06922,2024-09-18T04:34:48.000000Z
2024,262.19084490740744,43.08018,-79.06922,2024-09-18T04:34:49.000000Z
2024,262.1908564814815,43.08019,-79.06921,2024-09-18T04:34:50.000000Z
2024,262.1908680555556,43.08019,-79.06921,2024-09-18T04:34:51.000000Z
2024,262.19087962962965,43.0802,-79.06921,2024-09-18T04:34:52.000000Z
2024,262.201087962963,43.08032,-79.06925,2024-09-18T04:49:34.000000Z
2024,262.20109953703707,43.08032,-79.06924,2024-09-18T04:49:35.000000Z
2024,262.2011111111112,43.08032,-79.06923,2024-09-18T04:49:36.000000Z
2024,262.2011226851852,43.08031,-79.06922,2024-09-18T04:49:37.000000Z
2024,262.2011342592593,43.08031,-79.06922,2024-09-18T04:49:38.000000Z
2024,262.2011458333334,43.08031,-79.06922,2024-09-18T04:49:39.000000Z
2024,262.20115740740744,43.0803,-79.0692,2024-09-18T04:49:40.000000Z
2024,262.20116898148154,43.0803,-79.06919,2024-09-18T04:49:41.000000Z
2024,262.2011805555556,43.0803,-79.06919,2024-09-18T04:49:42.000000Z
2024,262.20119212962965,43.08029,-79.06918,2024-09-18T04:49:43.000000Z
2024,262.20120370370375,43.08029,-79.06916,2024-09-18T04:49:44.000000Z
2024,262.2012152777778,43.08028,-79.06916,2024-09-18T04:49:45.000000Z
2024,262.2012268518519,43.08028,-79.06915,2024-09-18T04:49:46.000000Z
2024,262.20123842592596,43.08028,-79.06914,2024-09-18T04:49:47.000000Z
2024,262.20125,43.08028,-79.06913,2024-09-18T04:49:48.000000Z
2024,262.2012615740741,43.08027,-79.06912,2024-09-18T04:49:49.000000Z
2024,262.2012731481482,43.08027,-79.06912,2024-09-18T04:49:50.000000Z
2024,262.2012847222223,43.08027,-79.06912,2024-09-18T04:49:51.000000Z
2024,262.20129629629633,43.08027,-79.06911,2024-09-18T04:49:52.000000Z
2024,262.21150462962964,43.08024,-79.06908,2024-09-18T05:04:34.000000Z
2024,262.2115162037037,43.08024,-79.06908,2024-09-18T05:04:35.000000Z
2024,262.2115277777778,43.08025,-79.06908,2024-09-18T05:04:36.000000Z
2024,262.21153935185185,43.08025,-79.06909,2024-09-18T05:04:37.000000Z
2024,262.2115509259259,43.08025,-79.06909,2024-09-18T05:04:38.000000Z
2024,262.2115625,43.08026,-79.06909,2024-09-18T05:04:39.000000Z
2024,262.21157407407406,43.08026,-79.06908,2024-09-18T05:04:40.000000Z
2024,262.2115856481482,43.08026,-79.06909,2024-09-18T05:04:41.000000Z
2024,262.2115972222222,43.08026,-79.06909,2024-09-18T05:04:42.000000Z
2024,262.2116087962963,43.08026,-79.06909,2024-09-18T05:04:43.000000Z
2024,262.2116203703704,43.08026,-79.06909,2024-09-18T05:04:44.000000Z
2024,262.21163194444443,43.08026,-79.06909,2024-09-18T05:04:45.000000Z
2024,262.21164351851854,43.08026,-79.06909,2024-09-18T05:04:46.000000Z
2024,262.2116550925926,43.08026,-79.0691,2024-09-18T05:04:47.000000Z
2024,262.21166666666664,43.08026,-79.0691,2024-09-18T05:04:48.000000Z
2024,262.21167824074075,43.08026,-79.0691,2024-09-18T05:04:49.000000Z
2024,262.2116898148148,43.08027,-79.06911,2024-09-18T05:04:50.000000Z
2024,262.2117013888889,43.08027,-79.06911,2024-09-18T05:04:51.000000Z
2024,262.21171296296296,43.08027,-79.06911,2024-09-18T05:04:52.000000Z
2024,262.2219212962963,43.08038,-79.06911,2024-09-18T05:19:34.000000Z
2024,262.2219328703703,43.08038,-79.06912,2024-09-18T05:19:35.000000Z
2024,262.22194444444443,43.08037,-79.06915,2024-09-18T05:19:36.000000Z
2024,262.2219560185185,43.08038,-79.06916,2024-09-18T05:19:37.000000Z
2024,262.22196759259253,43.08038,-79.06917,2024-09-18T05:19:38.000000Z
2024,262.2220023148148,43.08037,-79.0692,2024-09-18T05:19:41.000000Z
2024,262.22201388888885,43.08037,-79.06921,2024-09-18T05:19:42.000000Z
2024,262.2220254629629,43.08036,-79.06921,2024-09-18T05:19:43.000000Z
2024,262.222037037037,43.08036,-79.06922,2024-09-18T05:19:44.000000Z
2024,262.22204861111106,43.08036,-79.06922,2024-09-18T05:19:45.000000Z
2024,262.22206018518517,43.08036,-79.06922,2024-09-18T05:19:46.000000Z
2024,262.2220949074074,43.08034,-79.06924,2024-09-18T05:19:49.000000Z
2024,262.22210648148143,43.08034,-79.06924,2024-09-18T05:19:50.000000Z
2024,262.2221643518518,43.08033,-79.06921,2024-09-18T05:19:55.000000Z
2024,262.2221759259259,43.08032,-79.06919,2024-09-18T05:19:56.000000Z
2024,262.22218749999996,43.08032,-79.06918,2024-09-18T05:19:57.000000Z
2024,262.222199074074,43.08032,-79.06917,2024-09-18T05:19:58.000000Z
2024,262.2222106481481,43.08032,-79.06916,2024-09-18T05:19:59.000000Z
2024,262.22222222222223,43.08032,-79.06916,2024-09-18T05:20:00.000000Z
2024,262.23233796296296,43.08035,-79.06908,2024-09-18T05:34:34.000000Z
2024,262.232349537037,43.08034,-79.06908,2024-09-18T05:34:35.000000Z
2024,262.2323611111111,43.08034,-79.06908,2024-09-18T05:34:36.000000Z
2024,262.23237268518517,43.08035,-79.06908,2024-09-18T05:34:37.000000Z
2024,262.2323842592592,43.08036,-79.06908,2024-09-18T05:34:38.000000Z
2024,262.2323958333333,43.08036,-79.06909,2024-09-18T05:34:39.000000Z
2024,262.2324074074074,43.08036,-79.06909,2024-09-18T05:34:40.000000Z
2024,262.2324189814815,43.08037,-79.06909,2024-09-18T05:34:41.000000Z
2024,262.23243055555554,43.08037,-79.06909,2024-09-18T05:34:42.000000Z
2024,262.2324421296296,43.08037,-79.06909,2024-09-18T05:34:43.000000Z
2024,262.2324537037037,43.08037,-79.06908,2024-09-18T05:34:44.000000Z
2024,262.23246527777775,43.08037,-79.06908,2024-09-18T05:34:45.000000Z
2024,262.23247685185186,43.08037,-79.06908,2024-09-18T05:34:46.000000Z
2024,262.2324884259259,43.08037,-79.06907,2024-09-18T05:34:47.000000Z
2024,262.23249999999996,43.08037,-79.06907,2024-09-18T05:34:48.000000Z
2024,262.23251157407407,43.08037,-79.06906,2024-09-18T05:34:49.000000Z
2024,262.2325231481481,43.08037,-79.06906,2024-09-18T05:34:50.000000Z
2024,262.2325347222222,43.08037,-79.06906,2024-09-18T05:34:51.000000Z
2024,262.2325462962963,43.08037,-79.06906,2024-09-18T05:34:52.000000Z
2024,262.24275462962964,43.08034,-79.06912,2024-09-18T05:49:34.000000Z
2024,262.2427662037037,43.08034,-79.06914,2024-09-18T05:49:35.000000Z
2024,262.2427777777778,43.08034,-79.06915,2024-09-18T05:49:36.000000Z
2024,262.24278935185185,43.08035,-79.06915,2024-09-18T05:49:37.000000Z
2024,262.2428009259259,43.08036,-79.06916,2024-09-18T05:49:38.000000Z
2024,262.2428125,43.08036,-79.06916,2024-09-18T05:49:39.000000Z
2024,262.24282407407406,43.08037,-79.06916,2024-09-18T05:49:40.000000Z
2024,262.2428356481482,43.08037,-79.06915,2024-09-18T05:49:41.000000Z
2024,262.2428472222222,43.08037,-79.06914,2024-09-18T05:49:42.000000Z
2024,262.2428587962963,43.08037,-79.06914,2024-09-18T05:49:43.000000Z
2024,262.2428703703704,43.08038,-79.06913,2024-09-18T05:49:44.000000Z
2024,262.24288194444443,43.08038,-79.06912,2024-09-18T05:49:45.000000Z
2024,262.24289351851854,43.08039,-79.06912,2024-09-18T05:49:46.000000Z
2024,262.2429050925926,43.08039,-79.06912,2024-09-18T05:49:47.000000Z
2024,262.24291666666664,43.08039,-79.06911,2024-09-18T05:49:48.000000Z
2024,262.24292824074075,43.08039,-79.0691,2024-09-18T05:49:49.000000Z
2024,262.2429398148148,43.08039,-79.06909,2024-09-18T05:49:50.000000Z
2024,262.2429513888889,43.08039,-79.06909,2024-09-18T05:49:51.000000Z
2024,262.24296296296296,43.0804,-79.06909,2024-09-18T05:49:52.000000Z
2024,262.25317129629633,43.08044,-79.06909,2024-09-18T06:04:34.000000Z
2024,262.2531828703704,43.08042,-79.06908,2024-09-18T06:04:35.000000Z
2024,262.2531944444445,43.08042,-79.06908,2024-09-18T06:04:36.000000Z
2024,262.25320601851854,43.08042,-79.06908,2024-09-18T06:04:37.000000Z
2024,262.2532175925926,43.08042,-79.06909,2024-09-18T06:04:38.000000Z
2024,262.2532291666667,43.08044,-79.06909,2024-09-18T06:04:39.000000Z
2024,262.25324074074075,43.08042,-79.06906,2024-09-18T06:04:40.000000Z
2024,262.25325231481486,43.08042,-79.06906,2024-09-18T06:04:41.000000Z
2024,262.2532638888889,43.08042,-79.06906,2024-09-18T06:04:42.000000Z
2024,262.25327546296296,43.08042,-79.06905,2024-09-18T06:04:43.000000Z
2024,262.25328703703707,43.08042,-79.06906,2024-09-18T06:04:44.000000Z
2024,262.2532986111111,43.08042,-79.06906,2024-09-18T06:04:45.000000Z
2024,262.2533101851852,43.08042,-79.06906,2024-09-18T06:04:46.000000Z
2024,262.2533217592593,43.08042,-79.06906,2024-09-18T06:04:47.000000Z
2024,262.25333333333333,43.08042,-79.06906,2024-09-18T06:04:48.000000Z
2024,262.25334490740744,43.08042,-79.06907,2024-09-18T06:04:49.000000Z
2024,262.2533564814815,43.08042,-79.06907,2024-09-18T06:04:50.000000Z
2024,262.2533680555556,43.08042,-79.06907,2024-09-18T06:04:51.000000Z
2024,262.25337962962965,43.08042,-79.06908,2024-09-18T06:04:52.000000Z
2024,262.26358796296296,43.08042,-79.06912,2024-09-18T06:19:34.000000Z
2024,262.263599537037,43.08042,-79.06912,2024-09-18T06:19:35.000000Z
2024,262.2636111111111,43.08042,-79.06912,2024-09-18T06:19:36.000000Z
2024,262.26362268518517,43.08042,-79.06912,2024-09-18T06:19:37.000000Z
2024,262.2636342592592,43.08042,-79.06912,2024-09-18T06:19:38.000000Z
2024,262.2636458333333,43.08042,-79.06912,2024-09-18T06:19:39.000000Z
2024,262.2636574074074,43.08042,-79.06912,2024-09-18T06:19:40.000000Z
2024,262.2636689814815,43.08042,-79.06912,2024-09-18T06:19:41.000000Z
2024,262.26368055555554,43.08042,-79.06912,2024-09-18T06:19:42.000000Z
2024,262.2636921296296,43.08042,-79.06912,2024-09-18T06:19:43.000000Z
2024,262.2637037037037,43.08041,-79.06912,2024-09-18T06:19:44.000000Z
2024,262.26371527777775,43.08041,-79.06912,2024-09-18T06:19:45.000000Z
2024,262.26372685185186,43.08041,-79.06911,2024-09-18T06:19:46.000000Z
2024,262.2637384259259,43.08041,-79.06911,2024-09-18T06:19:47.000000Z
2024,262.26374999999996,43.0804,-79.06911,2024-09-18T06:19:48.000000Z
2024,262.26376157407407,43.08039,-79.06909,2024-09-18T06:19:49.000000Z
2024,262.2637731481481,43.08039,-79.06909,2024-09-18T06:19:50.000000Z
2024,262.2637847222222,43.08038,-79.06908,2024-09-18T06:19:51.000000Z
2024,262.2637962962963,43.08037,-79.06906,2024-09-18T06:19:52.000000Z
2024,262.27400462962964,43.08032,-79.06904,2024-09-18T06:34:34.000000Z
2024,262.2740162037037,43.08031,-79.06904,2024-09-18T06:34:35.000000Z
2024,262.2740277777778,43.08031,-79.06904,2024-09-18T06:34:36.000000Z
2024,262.27403935185185,43.08031,-79.06905,2024-09-18T06:34:37.000000Z
2024,262.2740509259259,43.08031,-79.06905,2024-09-18T06:34:38.000000Z
2024,262.2740625,43.08032,-79.06906,2024-09-18T06:34:39.000000Z
2024,262.27407407407406,43.08031,-79.06906,2024-09-18T06:34:40.000000Z
2024,262.2740856481482,43.08032,-79.06906,2024-09-18T06:34:41.000000Z
2024,262.2740972222222,43.08032,-79.06906,2024-09-18T06:34:42.000000Z
2024,262.2741087962963,43.08032,-79.06908,2024-09-18T06:34:43.000000Z
2024,262.2741203703704,43.08032,-79.06909,2024-09-18T06:34:44.000000Z
2024,262.27413194444443,43.08032,-79.06909,2024-09-18T06:34:45.000000Z
2024,262.27414351851854,43.08033,-79.06909,2024-09-18T06:34:46.000000Z
2024,262.2741550925926,43.08034,-79.06909,2024-09-18T06:34:47.000000Z
2024,262.27416666666664,43.08036,-79.06909,2024-09-18T06:34:48.000000Z
2024,262.27417824074075,43.08036,-79.0691,2024-09-18T06:34:49.000000Z
2024,262.2741898148148,43.08036,-79.06911,2024-09-18T06:34:50.000000Z
2024,262.2742013888889,43.08036,-79.06911,2024-09-18T06:34:51.000000Z
2024,262.27421296296296,43.08036,-79.06912,2024-09-18T06:34:52.000000Z
2024,262.28442129629633,43.0804,-79.06889,2024-09-18T06:49:34.000000Z
2024,262.2844328703704,43.0804,-79.0689,2024-09-18T06:49:35.000000Z
2024,262.2844444444445,43.0804,-79.06893,2024-09-18T06:49:36.000000Z
2024,262.28445601851854,43.0804,-79.06893,2024-09-18T06:49:37.000000Z
2024,262.2844675925926,43.08039,-79.06892,2024-09-18T06:49:38.000000Z
2024,262.2844791666667,43.08039,-79.06891,2024-09-18T06:49:39.000000Z
2024,262.28449074074075,43.08039,-79.06891,2024-09-18T06:49:40.000000Z
2024,262.28450231481486,43.08038,-79.06891,2024-09-18T06:49:41.000000Z
2024,262.2845138888889,43.08038,-79.06891,2024-09-18T06:49:42.000000Z
2024,262.28452546296296,43.08038,-79.06891,2024-09-18T06:49:43.000000Z
2024,262.28453703703707,43.08038,-79.06891,2024-09-18T06:49:44.000000Z
2024,262.2845486111111,43.08037,-79.06892,2024-09-18T06:49:45.000000Z
2024,262.2845601851852,43.08037,-79.06892,2024-09-18T06:49:46.000000Z
2024,262.2845717592593,43.08037,-79.06893,2024-09-18T06:49:47.000000Z
2024,262.28458333333333,43.08036,-79.06893,2024-09-18T06:49:48.000000Z
2024,262.28459490740744,43.08036,-79.06893,2024-09-18T06:49:49.000000Z
2024,262.2846064814815,43.08036,-79.06893,2024-09-18T06:49:50.000000Z
2024,262.2846180555556,43.08035,-79.06894,2024-09-18T06:49:51.000000Z
2024,262.28462962962965,43.08035,-79.06895,2024-09-18T06:49:52.000000Z
2024,262.294837962963,43.0803,-79.06923,2024-09-18T07:04:34.000000Z
2024,262.29484953703707,43.0803,-79.06922,2024-09-18T07:04:35.000000Z
2024,262.2948611111112,43.0803,-79.06922,2024-09-18T07:04:36.000000Z
2024,262.2948726851852,43.0803,-79.0692,2024-09-18T07:04:37.000000Z
2024,262.2948842592593,43.08031,-79.06918,2024-09-18T07:04:38.000000Z
2024,262.2948958333334,43.08031,-79.06916,2024-09-18T07:04:39.000000Z
2024,262.29490740740744,43.08031,-79.06918,2024-09-18T07:04:40.000000Z
2024,262.29491898148154,43.08031,-79.06917,2024-09-18T07:04:41.000000Z
2024,262.2949305555556,43.08031,-79.06919,2024-09-18T07:04:42.000000Z
2024,262.29494212962965,43.08031,-79.06919,2024-09-18T07:04:43.000000Z
2024,262.29495370370375,43.08031,-79.06918,2024-09-18T07:04:44.000000Z
2024,262.2949652777778,43.08031,-79.06918,2024-09-18T07:04:45.000000Z
2024,262.2949768518519,43.08031,-79.06918,2024-09-18T07:04:46.000000Z
2024,262.29498842592596,43.08032,-79.06918,2024-09-18T07:04:47.000000Z
2024,262.295,43.08032,-79.06918,2024-09-18T07:04:48.000000Z
2024,262.2950115740741,43.08032,-79.06918,2024-09-18T07:04:49.000000Z
2024,262.2950231481482,43.08032,-79.06918,2024-09-18T07:04:50.000000Z
2024,262.2950347222223,43.08031,-79.06917,2024-09-18T07:04:51.000000Z
2024,262.29504629629633,43.08031,-79.06917,2024-09-18T07:04:52.000000Z
2024,262.30525462962964,43.08033,-79.06896,2024-09-18T07:19:34.000000Z
2024,262.3052662037037,43.08031,-79.06896,2024-09-18T07:19:35.000000Z
2024,262.3052777777778,43.08031,-79.06895,2024-09-18T07:19:36.000000Z
2024,262.30528935185185,43.08032,-79.06893,2024-09-18T07:19:37.000000Z
2024,262.3053009259259,43.08032,-79.06893,2024-09-18T07:19:38.000000Z
2024,262.3053125,43.08032,-79.06893,2024-09-18T07:19:39.000000Z
2024,262.30532407407406,43.08032,-79.06893,2024-09-18T07:19:40.000000Z
2024,262.3053356481482,43.08032,-79.06893,2024-09-18T07:19:41.000000Z
2024,262.3053472222222,43.08033,-79.06893,2024-09-18T07:19:42.000000Z
2024,262.3053587962963,43.08033,-79.06893,2024-09-18T07:19:43.000000Z
2024,262.3053703703704,43.08034,-79.06893,2024-09-18T07:19:44.000000Z
2024,262.30538194444443,43.08034,-79.06894,2024-09-18T07:19:45.000000Z
2024,262.30539351851854,43.08035,-79.06895,2024-09-18T07:19:46.000000Z
2024,262.3054050925926,43.08035,-79.06896,2024-09-18T07:19:47.000000Z
2024,262.30541666666664,43.08035,-79.06896,2024-09-18T07:19:48.000000Z
2024,262.30542824074075,43.08036,-79.06896,2024-09-18T07:19:49.000000Z
2024,262.3054398148148,43.08036,-79.06898,2024-09-18T07:19:50.000000Z
2024,262.3054513888889,43.08036,-79.06899,2024-09-18T07:19:51.000000Z
2024,262.30546296296296,43.08036,-79.069,2024-09-18T07:19:52.000000Z
2024,262.3156597222222,43.08036,-79.06906,2024-09-18T07:34:33.000000Z
2024,262.31567129629633,43.08036,-79.06906,2024-09-18T07:34:34.000000Z
2024,262.3156828703704,43.08036,-79.06906,2024-09-18T07:34:35.000000Z
2024,262.3156944444445,43.08036,-79.06907,2024-09-18T07:34:36.000000Z
2024,262.31570601851854,43.08036,-79.06907,2024-09-18T07:34:37.000000Z
2024,262.3157175925926,43.08036,-79.06907,2024-09-18T07:34:38.000000Z
2024,262.3157291666667,43.08036,-79.06907,2024-09-18T07:34:39.000000Z
2024,262.31574074074075,43.08036,-79.06908,2024-09-18T07:34:40.000000Z
2024,262.31575231481486,43.08036,-79.06908,2024-09-18T07:34:41.000000Z
2024,262.3157638888889,43.08036,-79.06908,2024-09-18T07:34:42.000000Z
2024,262.31577546296296,43.08035,-79.06908,2024-09-18T07:34:43.000000Z
2024,262.31578703703707,43.08035,-79.06908,2024-09-18T07:34:44.000000Z
2024,262.3157986111111,43.08035,-79.06909,2024-09-18T07:34:45.000000Z
2024,262.3158101851852,43.08035,-79.06909,2024-09-18T07:34:46.000000Z
2024,262.3158217592593,43.08035,-79.06909,2024-09-18T07:34:47.000000Z
2024,262.31583333333333,43.08035,-79.06909,2024-09-18T07:34:48.000000Z
2024,262.31584490740744,43.08036,-79.06908,2024-09-18T07:34:49.000000Z
2024,262.3158564814815,43.08036,-79.06908,2024-09-18T07:34:50.000000Z
2024,262.3158680555556,43.08036,-79.06909,2024-09-18T07:34:51.000000Z
2024,262.31587962962965,43.08036,-79.06909,2024-09-18T07:34:52.000000Z
2024,262.326087962963,43.08033,-79.0688,2024-09-18T07:49:34.000000Z
2024,262.32609953703707,43.08032,-79.06879,2024-09-18T07:49:35.000000Z
2024,262.3261111111112,43.08031,-79.06879,2024-09-18T07:49:36.000000Z
2024,262.3261226851852,43.08031,-79.0688,2024-09-18T07:49:37.000000Z
2024,262.3261342592593,43.0803,-79.06881,2024-09-18T07:49:38.000000Z
2024,262.3261458333334,43.0803,-79.06882,2024-09-18T07:49:39.000000Z
2024,262.32615740740744,43.08031,-79.0689,2024-09-18T07:49:40.000000Z
2024,262.32616898148154,43.08032,-79.06896,2024-09-18T07:49:41.000000Z
2024,262.3261805555556,43.08032,-79.069,2024-09-18T07:49:42.000000Z
2024,262.32619212962965,43.08032,-79.06901,2024-09-18T07:49:43.000000Z
2024,262.32620370370375,43.08032,-79.06902,2024-09-18T07:49:44.000000Z
2024,262.3262152777778,43.08032,-79.06903,2024-09-18T07:49:45.000000Z
2024,262.3262268518519,43.08031,-79.06903,2024-09-18T07:49:46.000000Z
2024,262.32623842592596,43.08031,-79.06904,2024-09-18T07:49:47.000000Z
2024,262.32625,43.0803,-79.06905,2024-09-18T07:49:48.000000Z
2024,262.3262615740741,43.0803,-79.06906,2024-09-18T07:49:49.000000Z
2024,262.3262731481482,43.0803,-79.06906,2024-09-18T07:49:50.000000Z
2024,262.3262847222223,43.0803,-79.06906,2024-09-18T07:49:51.000000Z
2024,262.32629629629633,43.0803,-79.06906,2024-09-18T07:49:52.000000Z
2024,262.33649305555554,43.08037,-79.06912,2024-09-18T08:04:33.000000Z
2024,262.33650462962964,43.08037,-79.06912,2024-09-18T08:04:34.000000Z
2024,262.3365162037037,43.08038,-79.06912,2024-09-18T08:04:35.000000Z
2024,262.3365277777778,43.08038,-79.06911,2024-09-18T08:04:36.000000Z
2024,262.33653935185185,43.08037,-79.06911,2024-09-18T08:04:37.000000Z
2024,262.3365509259259,43.08038,-79.06911,2024-09-18T08:04:38.000000Z
2024,262.3365625,43.08038,-79.06909,2024-09-18T08:04:39.000000Z
2024,262.33657407407406,43.08038,-79.06909,2024-09-18T08:04:40.000000Z
2024,262.3365856481482,43.08038,-79.06909,2024-09-18T08:04:41.000000Z
2024,262.3365972222222,43.08038,-79.06909,2024-09-18T08:04:42.000000Z
2024,262.3366087962963,43.08038,-79.0691,2024-09-18T08:04:43.000000Z
2024,262.3366203703704,43.08039,-79.0691,2024-09-18T08:04:44.000000Z
2024,262.33663194444443,43.08039,-79.06911,2024-09-18T08:04:45.000000Z
2024,262.33664351851854,43.08039,-79.06911,2024-09-18T08:04:46.000000Z
2024,262.3366550925926,43.08039,-79.06911,2024-09-18T08:04:47.000000Z
2024,262.33666666666664,43.0804,-79.06911,2024-09-18T08:04:48.000000Z
2024,262.33667824074075,43.0804,-79.06911,2024-09-18T08:04:49.000000Z
2024,262.3366898148148,43.0804,-79.06912,2024-09-18T08:04:50.000000Z
2024,262.3367013888889,43.0804,-79.06912,2024-09-18T08:04:51.000000Z
2024,262.33671296296296,43.0804,-79.06912,2024-09-18T08:04:52.000000Z
2024,262.34690972222216,43.08041,-79.06912,2024-09-18T08:19:33.000000Z
2024,262.3469212962963,43.08041,-79.06911,2024-09-18T08:19:34.000000Z
2024,262.3469328703703,43.08041,-79.06911,2024-09-18T08:19:35.000000Z
2024,262.34694444444443,43.0804,-79.06911,2024-09-18T08:19:36.000000Z
2024,262.3469560185185,43.08039,-79.06912,2024-09-18T08:19:37.000000Z
2024,262.34696759259253,43.08039,-79.06912,2024-09-18T08:19:38.000000Z
2024,262.34697916666664,43.08038,-79.06912,2024-09-18T08:19:39.000000Z
2024,262.3469907407407,43.08038,-79.06912,2024-09-18T08:19:40.000000Z
2024,262.3470023148148,43.08037,-79.06912,2024-09-18T08:19:41.000000Z
2024,262.34701388888885,43.08037,-79.06912,2024-09-18T08:19:42.000000Z
2024,262.3470254629629,43.08037,-79.06911,2024-09-18T08:19:43.000000Z
2024,262.347037037037,43.08037,-79.06911,2024-09-18T08:19:44.000000Z
2024,262.34706018518517,43.08036,-79.0691,2024-09-18T08:19:46.000000Z
2024,262.3470717592592,43.08036,-79.06909,2024-09-18T08:19:47.000000Z
2024,262.3470833333333,43.08036,-79.06909,2024-09-18T08:19:48.000000Z
2024,262.3470949074074,43.08036,-79.06909,2024-09-18T08:19:49.000000Z
2024,262.34710648148143,43.08036,-79.06909,2024-09-18T08:19:50.000000Z
2024,262.34711805555554,43.08036,-79.06909,2024-09-18T08:19:51.000000Z
2024,262.3471296296296,43.08036,-79.06908,2024-09-18T08:19:52.000000Z
2024,262.35732638888885,43.08039,-79.06897,2024-09-18T08:34:33.000000Z
2024,262.35733796296296,43.08038,-79.06898,2024-09-18T08:34:34.000000Z
2024,262.357349537037,43.08038,-79.06899,2024-09-18T08:34:35.000000Z
2024,262.3573611111111,43.08037,-79.06899,2024-09-18T08:34:36.000000Z
2024,262.35737268518517,43.08037,-79.06899,2024-09-18T08:34:37.000000Z
2024,262.3573842592592,43.08036,-79.06899,2024-09-18T08:34:38.000000Z
2024,262.3573958333333,43.08036,-79.06899,2024-09-18T08:34:39.000000Z
2024,262.3574074074074,43.08036,-79.06899,2024-09-18T08:34:40.000000Z
2024,262.3574189814815,43.08036,-79.069,2024-09-18T08:34:41.000000Z
2024,262.35743055555554,43.08036,-79.069,2024-09-18T08:34:42.000000Z
2024,262.3574421296296,43.08035,-79.069,2024-09-18T08:34:43.000000Z
2024,262.3574537037037,43.08035,-79.06901,2024-09-18T08:34:44.000000Z
2024,262.35746527777775,43.08035,-79.06901,2024-09-18T08:34:45.000000Z
2024,262.35747685185186,43.08035,-79.06901,2024-09-18T08:34:46.000000Z
2024,262.3574884259259,43.08035,-79.06902,2024-09-18T08:34:47.000000Z
2024,262.35749999999996,43.08036,-79.06902,2024-09-18T08:34:48.000000Z
2024,262.35751157407407,43.08036,-79.06903,2024-09-18T08:34:49.000000Z
2024,262.3575231481481,43.08036,-79.06903,2024-09-18T08:34:50.000000Z
2024,262.3575347222222,43.08036,-79.06903,2024-09-18T08:34:51.000000Z
2024,262.3575462962963,43.08036,-79.06903,2024-09-18T08:34:52.000000Z
2024,262.36774305555554,43.08036,-79.06893,2024-09-18T08:49:33.000000Z
2024,262.36775462962964,43.08036,-79.06893,2024-09-18T08:49:34.000000Z
2024,262.3677662037037,43.08035,-79.06893,2024-09-18T08:49:35.000000Z
2024,262.3677777777778,43.08035,-79.06893,2024-09-18T08:49:36.000000Z
2024,262.36778935185185,43.08035,-79.06893,2024-09-18T08:49:37.000000Z
2024,262.3678009259259,43.08035,-79.06893,2024-09-18T08:49:38.000000Z
2024,262.3678125,43.08035,-79.06893,2024-09-18T08:49:39.000000Z
2024,262.36782407407406,43.08035,-79.06893,2024-09-18T08:49:40.000000Z
2024,262.3678356481482,43.08035,-79.06893,2024-09-18T08:49:41.000000Z
2024,262.3678472222222,43.08035,-79.06893,2024-09-18T08:49:42.000000Z
2024,262.3678587962963,43.08035,-79.06893,2024-09-18T08:49:43.000000Z
2024,262.3678703703704,43.08035,-79.06893,2024-09-18T08:49:44.000000Z
2024,262.36788194444443,43.08034,-79.06893,2024-09-18T08:49:45.000000Z
2024,262.36789351851854,43.08034,-79.06893,2024-09-18T08:49:46.000000Z
2024,262.3679050925926,43.08034,-79.06893,2024-09-18T08:49:47.000000Z
2024,262.36791666666664,43.08034,-79.06894,2024-09-18T08:49:48.000000Z
2024,262.36792824074075,43.08034,-79.06894,2024-09-18T08:49:49.000000Z
2024,262.3679398148148,43.08034,-79.06894,2024-09-18T08:49:50.000000Z
2024,262.3679513888889,43.08034,-79.06894,2024-09-18T08:49:51.000000Z
2024,262.36796296296296,43.08034,-79.06894,2024-09-18T08:49:52.000000Z
2024,262.3781597222222,43.08039,-79.06909,2024-09-18T09:04:33.000000Z
2024,262.37817129629633,43.08038,-79.06909,2024-09-18T09:04:34.000000Z
2024,262.3781828703704,43.08038,-79.06909,2024-09-18T09:04:35.000000Z
2024,262.3781944444445,43.08038,-79.06909,2024-09-18T09:04:36.000000Z
2024,262.37820601851854,43.08038,-79.06909,2024-09-18T09:04:37.000000Z
2024,262.3782175925926,43.08038,-79.06909,2024-09-18T09:04:38.000000Z
2024,262.3782291666667,43.08038,-79.06909,2024-09-18T09:04:39.000000Z
2024,262.37824074074075,43.08036,-79.06908,2024-09-18T09:04:40.000000Z
2024,262.37825231481486,43.08035,-79.06908,2024-09-18T09:04:41.000000Z
2024,262.3782638888889,43.08034,-79.06908,2024-09-18T09:04:42.000000Z
2024,262.37827546296296,43.08033,-79.06907,2024-09-18T09:04:43.000000Z
2024,262.37828703703707,43.08033,-79.06907,2024-09-18T09:04:44.000000Z
2024,262.3782986111111,43.08033,-79.06907,2024-09-18T09:04:45.000000Z
2024,262.3783101851852,43.08033,-79.06907,2024-09-18T09:04:46.000000Z
2024,262.3783217592593,43.08033,-79.06906,2024-09-18T09:04:47.000000Z
2024,262.37833333333333,43.08033,-79.06906,2024-09-18T09:04:48.000000Z
2024,262.37834490740744,43.08033,-79.06906,2024-09-18T09:04:49.000000Z
2024,262.3783564814815,43.08033,-79.06905,2024-09-18T09:04:50.000000Z
2024,262.3783680555556,43.08033,-79.06905,2024-09-18T09:04:51.000000Z
2024,262.37837962962965,43.08033,-79.06905,2024-09-18T09:04:52.000000Z
2024,262.38857638888885,43.08016,-79.069,2024-09-18T09:19:33.000000Z
2024,262.38858796296296,43.08017,-79.06902,2024-09-18T09:19:34.000000Z
2024,262.388599537037,43.08018,-79.06903,2024-09-18T09:19:35.000000Z
2024,262.3886111111111,43.08018,-79.06903,2024-09-18T09:19:36.000000Z
2024,262.38862268518517,43.08018,-79.06903,2024-09-18T09:19:37.000000Z
2024,262.3886342592592,43.08019,-79.06904,2024-09-18T09:19:38.000000Z
2024,262.3886458333333,43.0802,-79.06905,2024-09-18T09:19:39.000000Z
2024,262.3886574074074,43.08021,-79.06906,2024-09-18T09:19:40.000000Z
2024,262.3886689814815,43.08023,-79.06908,2024-09-18T09:19:41.000000Z
2024,262.38868055555554,43.08023,-79.06909,2024-09-18T09:19:42.000000Z
2024,262.3886921296296,43.08024,-79.06909,2024-09-18T09:19:43.000000Z
2024,262.3887037037037,43.08026,-79.06912,2024-09-18T09:19:44.000000Z
2024,262.38871527777775,43.08027,-79.06912,2024-09-18T09:19:45.000000Z
2024,262.38872685185186,43.08028,-79.06914,2024-09-18T09:19:46.000000Z
2024,262.3887384259259,43.08028,-79.06915,2024-09-18T09:19:47.000000Z
2024,262.38874999999996,43.08028,-79.06915,2024-09-18T09:19:48.000000Z
2024,262.38876157407407,43.08027,-79.06915,2024-09-18T09:19:49.000000Z
2024,262.3887731481481,43.08027,-79.06915,2024-09-18T09:19:50.000000Z
2024,262.3887847222222,43.08027,-79.06916,2024-09-18T09:19:51.000000Z
2024,262.3887962962963,43.08027,-79.06915,2024-09-18T09:19:52.000000Z
2024,262.39899305555554,43.08029,-79.06917,2024-09-18T09:34:33.000000Z
2024,262.39900462962964,43.0803,-79.06919,2024-09-18T09:34:34.000000Z
2024,262.3990162037037,43.08032,-79.0692,2024-09-18T09:34:35.000000Z
2024,262.3990277777778,43.08034,-79.06921,2024-09-18T09:34:36.000000Z
2024,262.39903935185185,43.08036,-79.06921,2024-09-18T09:34:37.000000Z
2024,262.3990509259259,43.08036,-79.06922,2024-09-18T09:34:38.000000Z
2024,262.3990625,43.08037,-79.06922,2024-09-18T09:34:39.000000Z
2024,262.39907407407406,43.08037,-79.06923,2024-09-18T09:34:40.000000Z
2024,262.3990856481482,43.08038,-79.06924,2024-09-18T09:34:41.000000Z
2024,262.3990972222222,43.08038,-79.06925,2024-09-18T09:34:42.000000Z
2024,262.3991087962963,43.08038,-79.06925,2024-09-18T09:34:43.000000Z
2024,262.3991203703704,43.08038,-79.06925,2024-09-18T09:34:44.000000Z
2024,262.39913194444443,43.08037,-79.06925,2024-09-18T09:34:45.000000Z
2024,262.39914351851854,43.08037,-79.06925,2024-09-18T09:34:46.000000Z
2024,262.3991550925926,43.08037,-79.06925,2024-09-18T09:34:47.000000Z
2024,262.39916666666664,43.08037,-79.06925,2024-09-18T09:34:48.000000Z
2024,262.39917824074075,43.08036,-79.06925,2024-09-18T09:34:49.000000Z
2024,262.3991898148148,43.08036,-79.06925,2024-09-18T09:34:50.000000Z
2024,262.3992013888889,43.08036,-79.06925,2024-09-18T09:34:51.000000Z
2024,262.39921296296296,43.08036,-79.06924,2024-09-18T09:34:52.000000Z
2024,262.4094097222222,43.08057,-79.06911,2024-09-18T09:49:33.000000Z
2024,262.40942129629633,43.08057,-79.06911,2024-09-18T09:49:34.000000Z
2024,262.4094328703704,43.08057,-79.06911,2024-09-18T09:49:35.000000Z
2024,262.4094444444445,43.08056,-79.06911,2024-09-18T09:49:36.000000Z
2024,262.40945601851854,43.08055,-79.06911,2024-09-18T09:49:37.000000Z
2024,262.4094675925926,43.08055,-79.06911,2024-09-18T09:49:38.000000Z
2024,262.4094791666667,43.08054,-79.0691,2024-09-18T09:49:39.000000Z
2024,262.40949074074075,43.08053,-79.06909,2024-09-18T09:49:40.000000Z
2024,262.40950231481486,43.08052,-79.06908,2024-09-18T09:49:41.000000Z
2024,262.4095138888889,43.08051,-79.06907,2024-09-18T09:49:42.000000Z
2024,262.40952546296296,43.0805,-79.06906,2024-09-18T09:49:43.000000Z
2024,262.40953703703707,43.0805,-79.06906,2024-09-18T09:49:44.000000Z
2024,262.4095486111111,43.08049,-79.06905,2024-09-18T09:49:45.000000Z
2024,262.4095601851852,43.08049,-79.06904,2024-09-18T09:49:46.000000Z
2024,262.4095717592593,43.08049,-79.06904,2024-09-18T09:49:47.000000Z
2024,262.40958333333333,43.08049,-79.06904,2024-09-18T09:49:48.000000Z
2024,262.40959490740744,43.08048,-79.06903,2024-09-18T09:49:49.000000Z
2024,262.4096064814815,43.08047,-79.06903,2024-09-18T09:49:50.000000Z
2024,262.4096180555556,43.08047,-79.06903,2024-09-18T09:49:51.000000Z
2024,262.40962962962965,43.08046,-79.06903,2024-09-18T09:49:52.000000Z
2024,262.4198263888889,43.08029,-79.06901,2024-09-18T10:04:33.000000Z
2024,262.419837962963,43.08029,-79.06901,2024-09-18T10:04:34.000000Z
2024,262.41984953703707,43.08028,-79.06901,2024-09-18T10:04:35.000000Z
2024,262.4198611111112,43.08029,-79.06902,2024-09-18T10:04:36.000000Z
2024,262.4198726851852,43.08029,-79.06902,2024-09-18T10:04:37.000000Z
2024,262.4198842592593,43.08029,-79.06902,2024-09-18T10:04:38.000000Z
2024,262.4198958333334,43.08029,-79.06903,2024-09-18T10:04:39.000000Z
2024,262.41990740740744,43.08029,-79.06903,2024-09-18T10:04:40.000000Z
2024,262.41991898148154,43.08029,-79.06903,2024-09-18T10:04:41.000000Z
2024,262.4199305555556,43.0803,-79.06903,2024-09-18T10:04:42.000000Z
2024,262.41994212962965,43.0803,-79.06903,2024-09-18T10:04:43.000000Z
2024,262.41995370370375,43.0803,-79.06903,2024-09-18T10:04:44.000000Z
2024,262.4199652777778,43.08031,-79.06903,2024-09-18T10:04:45.000000Z
2024,262.4199768518519,43.08031,-79.06903,2024-09-18T10:04:46.000000Z
2024,262.41998842592596,43.08031,-79.06902,2024-09-18T10:04:47.000000Z
2024,262.42,43.08031,-79.06902,2024-09-18T10:04:48.000000Z
2024,262.4200115740741,43.08031,-79.06902,2024-09-18T10:04:49.000000Z
2024,262.4200231481482,43.08031,-79.06901,2024-09-18T10:04:50.000000Z
2024,262.4200347222223,43.0803,-79.06901,2024-09-18T10:04:51.000000Z
2024,262.42004629629633,43.0803,-79.06901,2024-09-18T10:04:52.000000Z
2024,262.43024305555554,43.08038,-79.06901,2024-09-18T10:19:33.000000Z
2024,262.43025462962964,43.08038,-79.069,2024-09-18T10:19:34.000000Z
2024,262.4302662037037,43.08037,-79.069,2024-09-18T10:19:35.000000Z
2024,262.4302777777778,43.08037,-79.069,2024-09-18T10:19:36.000000Z
2024,262.43028935185185,43.08036,-79.06899,2024-09-18T10:19:37.000000Z
2024,262.4303009259259,43.08035,-79.06899,2024-09-18T10:19:38.000000Z
2024,262.4303125,43.08035,-79.06898,2024-09-18T10:19:39.000000Z
2024,262.43032407407406,43.08034,-79.06897,2024-09-18T10:19:40.000000Z
2024,262.4303356481482,43.08034,-79.06897,2024-09-18T10:19:41.000000Z
2024,262.4303472222222,43.08034,-79.06896,2024-09-18T10:19:42.000000Z
2024,262.4303587962963,43.08033,-79.06896,2024-09-18T10:19:43.000000Z
2024,262.4303703703704,43.08033,-79.06896,2024-09-18T10:19:44.000000Z
2024,262.43038194444443,43.08033,-79.06896,2024-09-18T10:19:45.000000Z
2024,262.43039351851854,43.08032,-79.06896,2024-09-18T10:19:46.000000Z
2024,262.4304050925926,43.08032,-79.06896,2024-09-18T10:19:47.000000Z
2024,262.43041666666664,43.08032,-79.06896,2024-09-18T10:19:48.000000Z
2024,262.43042824074075,43.08033,-79.06896,2024-09-18T10:19:49.000000Z
2024,262.4304398148148,43.08033,-79.06896,2024-09-18T10:19:50.000000Z
2024,262.4304513888889,43.08033,-79.06896,2024-09-18T10:19:51.000000Z
2024,262.43046296296296,43.08034,-79.06896,2024-09-18T10:19:52.000000Z
2024,262.4406597222222,43.08035,-79.06877,2024-09-18T10:34:33.000000Z
2024,262.44067129629633,43.08035,-79.06876,2024-09-18T10:34:34.000000Z
2024,262.4406828703704,43.08034,-79.06876,2024-09-18T10:34:35.000000Z
2024,262.4406944444445,43.08033,-79.06875,2024-09-18T10:34:36.000000Z
2024,262.44070601851854,43.08032,-79.06875,2024-09-18T10:34:37.000000Z
2024,262.4407175925926,43.08032,-79.06875,2024-09-18T10:34:38.000000Z
2024,262.4407291666667,43.08032,-79.06876,2024-09-18T10:34:39.000000Z
2024,262.44074074074075,43.08032,-79.06876,2024-09-18T10:34:40.000000Z
2024,262.44075231481486,43.08032,-79.06876,2024-09-18T10:34:41.000000Z
2024,262.4407638888889,43.08032,-79.06876,2024-09-18T10:34:42.000000Z
2024,262.44077546296296,43.08032,-79.06876,2024-09-18T10:34:43.000000Z
2024,262.44078703703707,43.08032,-79.06877,2024-09-18T10:34:44.000000Z
2024,262.4407986111111,43.08033,-79.06877,2024-09-18T10:34:45.000000Z
2024,262.4408101851852,43.08033,-79.06877,2024-09-18T10:34:46.000000Z
2024,262.4408217592593,43.08033,-79.06877,2024-09-18T10:34:47.000000Z
2024,262.44083333333333,43.08034,-79.06877,2024-09-18T10:34:48.000000Z
2024,262.44084490740744,43.08034,-79.06878,2024-09-18T10:34:49.000000Z
2024,262.4408564814815,43.08034,-79.06879,2024-09-18T10:34:50.000000Z
2024,262.4408680555556,43.08034,-79.06879,2024-09-18T10:34:51.000000Z
2024,262.44087962962965,43.08034,-79.0688,2024-09-18T10:34:52.000000Z
2024,262.4510763888889,43.08039,-79.06872,2024-09-18T10:49:33.000000Z
2024,262.451087962963,43.08039,-79.06871,2024-09-18T10:49:34.000000Z
2024,262.45109953703707,43.08039,-79.06871,2024-09-18T10:49:35.000000Z
2024,262.4511111111112,43.0804,-79.0687,2024-09-18T10:49:36.000000Z
2024,262.4511226851852,43.0804,-79.06869,2024-09-18T10:49:37.000000Z
2024,262.4511342592593,43.0804,-79.06869,2024-09-18T10:49:38.000000Z
2024,262.4511458333334,43.0804,-79.06868,2024-09-18T10:49:39.000000Z
2024,262.45115740740744,43.08041,-79.0687,2024-09-18T10:49:40.000000Z
2024,262.45116898148154,43.08041,-79.06869,2024-09-18T10:49:41.000000Z
2024,262.4511805555556,43.08041,-79.06869,2024-09-18T10:49:42.000000Z
2024,262.45119212962965,43.08041,-79.0687,2024-09-18T10:49:43.000000Z
2024,262.45120370370375,43.08041,-79.0687,2024-09-18T10:49:44.000000Z
2024,262.4512152777778,43.08041,-79.0687,2024-09-18T10:49:45.000000Z
2024,262.4512268518519,43.08041,-79.0687,2024-09-18T10:49:46.000000Z
2024,262.45123842592596,43.08041,-79.0687,2024-09-18T10:49:47.000000Z
2024,262.45125,43.08041,-79.0687,2024-09-18T10:49:48.000000Z
2024,262.4512615740741,43.08041,-79.0687,2024-09-18T10:49:49.000000Z
2024,262.4512731481482,43.08041,-79.0687,2024-09-18T10:49:50.000000Z
2024,262.4512847222223,43.08041,-79.0687,2024-09-18T10:49:51.000000Z
2024,262.45129629629633,43.08041,-79.0687,2024-09-18T10:49:52.000000Z
2024,262.46149305555554,43.08052,-79.06888,2024-09-18T11:04:33.000000Z
2024,262.46150462962964,43.08052,-79.06887,2024-09-18T11:04:34.000000Z
2024,262.4615162037037,43.08052,-79.06887,2024-09-18T11:04:35.000000Z
2024,262.4615277777778,43.08052,-79.06887,2024-09-18T11:04:36.000000Z
2024,262.46153935185185,43.08052,-79.06887,2024-09-18T11:04:37.000000Z
2024,262.4615509259259,43.08052,-79.06887,2024-09-18T11:04:38.000000Z
2024,262.4615625,43.08052,-79.06886,2024-09-18T11:04:39.000000Z
2024,262.46157407407406,43.08052,-79.06886,2024-09-18T11:04:40.000000Z
2024,262.4615856481482,43.08052,-79.06885,2024-09-18T11:04:41.000000Z
2024,262.4615972222222,43.08052,-79.06884,2024-09-18T11:04:42.000000Z
2024,262.4616087962963,43.08052,-79.06884,2024-09-18T11:04:43.000000Z
2024,262.4616203703704,43.08053,-79.06884,2024-09-18T11:04:44.000000Z
2024,262.46163194444443,43.08053,-79.06884,2024-09-18T11:04:45.000000Z
2024,262.46164351851854,43.08053,-79.06883,2024-09-18T11:04:46.000000Z
2024,262.4616550925926,43.08053,-79.06882,2024-09-18T11:04:47.000000Z
2024,262.46166666666664,43.08053,-79.06881,2024-09-18T11:04:48.000000Z
2024,262.46167824074075,43.08053,-79.0688,2024-09-18T11:04:49.000000Z
2024,262.4616898148148,43.08053,-79.0688,2024-09-18T11:04:50.000000Z
2024,262.4617013888889,43.08053,-79.0688,2024-09-18T11:04:51.000000Z
2024,262.46171296296296,43.08053,-79.06879,2024-09-18T11:04:52.000000Z
2024,262.47190972222216,43.08031,-79.06879,2024-09-18T11:19:33.000000Z
2024,262.4719212962963,43.08032,-79.06879,2024-09-18T11:19:34.000000Z
2024,262.4719328703703,43.08031,-79.06878,2024-09-18T11:19:35.000000Z
2024,262.47194444444443,43.08029,-79.06879,2024-09-18T11:19:36.000000Z
2024,262.4719560185185,43.08029,-79.0688,2024-09-18T11:19:37.000000Z
2024,262.47196759259253,43.08028,-79.06879,2024-09-18T11:19:38.000000Z
2024,262.47197916666664,43.08028,-79.0688,2024-09-18T11:19:39.000000Z
2024,262.4719907407407,43.08027,-79.0688,2024-09-18T11:19:40.000000Z
2024,262.4720023148148,43.08027,-79.0688,2024-09-18T11:19:41.000000Z
2024,262.47201388888885,43.08026,-79.06881,2024-09-18T11:19:42.000000Z
2024,262.4720254629629,43.08026,-79.06881,2024-09-18T11:19:43.000000Z
2024,262.472037037037,43.08026,-79.06881,2024-09-18T11:19:44.000000Z
2024,262.47204861111106,43.08026,-79.06882,2024-09-18T11:19:45.000000Z
2024,262.47206018518517,43.08026,-79.06882,2024-09-18T11:19:46.000000Z
2024,262.4720717592592,43.08027,-79.06882,2024-09-18T11:19:47.000000Z
2024,262.4720833333333,43.08027,-79.06883,2024-09-18T11:19:48.000000Z
2024,262.4720949074074,43.08027,-79.06883,2024-09-18T11:19:49.000000Z
2024,262.47210648148143,43.08028,-79.06883,2024-09-18T11:19:50.000000Z
2024,262.47211805555554,43.08028,-79.06884,2024-09-18T11:19:51.000000Z
2024,262.4721296296296,43.08028,-79.06884,2024-09-18T11:19:52.000000Z
2024,262.48232638888885,43.08034,-79.06928,2024-09-18T11:34:33.000000Z
2024,262.48233796296296,43.08034,-79.06928,2024-09-18T11:34:34.000000Z
2024,262.482349537037,43.08034,-79.06929,2024-09-18T11:34:35.000000Z
2024,262.4823611111111,43.08035,-79.06928,2024-09-18T11:34:36.000000Z
2024,262.48237268518517,43.08035,-79.06928,2024-09-18T11:34:37.000000Z
2024,262.4823842592592,43.08034,-79.06929,2024-09-18T11:34:38.000000Z
2024,262.4823958333333,43.08034,-79.06929,2024-09-18T11:34:39.000000Z
2024,262.4824074074074,43.08034,-79.06929,2024-09-18T11:34:40.000000Z
2024,262.4824189814815,43.08034,-79.06929,2024-09-18T11:34:41.000000Z
2024,262.48243055555554,43.08034,-79.06929,2024-09-18T11:34:42.000000Z
2024,262.4824421296296,43.08034,-79.06929,2024-09-18T11:34:43.000000Z
2024,262.4824537037037,43.08034,-79.06929,2024-09-18T11:34:44.000000Z
2024,262.48246527777775,43.08033,-79.06929,2024-09-18T11:34:45.000000Z
2024,262.48247685185186,43.08033,-79.06929,2024-09-18T11:34:46.000000Z
2024,262.4824884259259,43.08033,-79.0693,2024-09-18T11:34:47.000000Z
2024,262.48249999999996,43.08033,-79.06929,2024-09-18T11:34:48.000000Z
2024,262.48251157407407,43.08033,-79.0693,2024-09-18T11:34:49.000000Z
2024,262.4825231481481,43.08033,-79.0693,2024-09-18T11:34:50.000000Z
2024,262.4825347222222,43.08033,-79.0693,2024-09-18T11:34:51.000000Z
2024,262.4825462962963,43.08032,-79.0693,2024-09-18T11:34:52.000000Z
2024,262.49274305555554,43.07929,-79.06997,2024-09-18T11:49:33.000000Z
2024,262.49275462962964,43.07933,-79.06994,2024-09-18T11:49:34.000000Z
2024,262.4927662037037,43.07935,-79.06993,2024-09-18T11:49:35.000000Z
2024,262.4927777777778,43.07939,-79.0699,2024-09-18T11:49:36.000000Z
2024,262.49278935185185,43.07943,-79.06987,2024-09-18T11:49:37.000000Z
2024,262.4928009259259,43.07946,-79.06986,2024-09-18T11:49:38.000000Z
2024,262.4928125,43.07948,-79.06985,2024-09-18T11:49:39.000000Z
2024,262.49282407407406,43.07948,-79.0698,2024-09-18T11:49:40.000000Z
2024,262.4928356481482,43.07949,-79.06977,2024-09-18T11:49:41.000000Z
2024,262.4928472222222,43.0795,-79.06976,2024-09-18T11:49:42.000000Z
2024,262.4928587962963,43.07951,-79.06974,2024-09-18T11:49:43.000000Z
2024,262.4928703703704,43.07952,-79.06974,2024-09-18T11:49:44.000000Z
2024,262.49288194444443,43.07952,-79.06974,2024-09-18T11:49:45.000000Z
2024,262.49289351851854,43.07954,-79.06973,2024-09-18T11:49:46.000000Z
2024,262.4929050925926,43.07954,-79.06972,2024-09-18T11:49:47.000000Z
2024,262.49291666666664,43.07955,-79.06972,2024-09-18T11:49:48.000000Z
2024,262.49292824074075,43.07955,-79.06971,2024-09-18T11:49:49.000000Z
2024,262.4929398148148,43.07955,-79.06971,2024-09-18T11:49:50.000000Z
2024,262.4929513888889,43.07955,-79.06971,2024-09-18T11:49:51.000000Z
2024,262.49296296296296,43.07954,-79.06971,2024-09-18T11:49:52.000000Z
2024,262.5032291666667,43.0795,-79.06959,2024-09-18T12:04:39.000000Z
2024,262.50324074074075,43.07979,-79.06945,2024-09-18T12:04:40.000000Z
2024,262.50325231481486,43.07986,-79.06943,2024-09-18T12:04:41.000000Z
2024,262.5032638888889,43.07989,-79.06942,2024-09-18T12:04:42.000000Z
2024,262.50327546296296,43.07991,-79.06941,2024-09-18T12:04:43.000000Z
2024,262.50328703703707,43.07992,-79.06941,2024-09-18T12:04:44.000000Z
2024,262.5032986111111,43.07992,-79.06941,2024-09-18T12:04:45.000000Z
2024,262.5033101851852,43.07993,-79.06941,2024-09-18T12:04:46.000000Z
2024,262.5033217592593,43.07994,-79.0694,2024-09-18T12:04:47.000000Z
2024,262.50333333333333,43.07995,-79.06939,2024-09-18T12:04:48.000000Z
2024,262.50334490740744,43.07995,-79.06939,2024-09-18T12:04:49.000000Z
2024,262.5033564814815,43.07995,-79.06938,2024-09-18T12:04:50.000000Z
2024,262.5033680555556,43.07996,-79.06939,2024-09-18T12:04:51.000000Z
2024,262.50337962962965,43.07996,-79.06939,2024-09-18T12:04:52.000000Z
2024,262.5033912037037,43.07996,-79.06939,2024-09-18T12:04:53.000000Z
2024,262.5034027777778,43.07995,-79.06939,2024-09-18T12:04:54.000000Z
2024,262.50341435185186,43.08044,-79.06907,2024-09-18T12:04:55.000000Z
2024,262.50342592592597,43.08045,-79.06908,2024-09-18T12:04:56.000000Z
2024,262.5034375,43.08045,-79.06909,2024-09-18T12:04:57.000000Z
2024,262.50344907407407,43.08044,-79.06909,2024-09-18T12:04:58.000000Z
2024,262.51357638888885,43.08038,-79.06903,2024-09-18T12:19:33.000000Z
2024,262.51358796296296,43.08038,-79.06903,2024-09-18T12:19:34.000000Z
2024,262.513599537037,43.08038,-79.06904,2024-09-18T12:19:35.000000Z
2024,262.5136111111111,43.08038,-79.06904,2024-09-18T12:19:36.000000Z
2024,262.51362268518517,43.08038,-79.06905,2024-09-18T12:19:37.000000Z
2024,262.5136342592592,43.08038,-79.06905,2024-09-18T12:19:38.000000Z
2024,262.5136458333333,43.08037,-79.06905,2024-09-18T12:19:39.000000Z
2024,262.5136574074074,43.08037,-79.06905,2024-09-18T12:19:40.000000Z
2024,262.5136689814815,43.08037,-79.06906,2024-09-18T12:19:41.000000Z
2024,262.51368055555554,43.08037,-79.06906,2024-09-18T12:19:42.000000Z
2024,262.5136921296296,43.08036,-79.06906,2024-09-18T12:19:43.000000Z
2024,262.5137037037037,43.08036,-79.06906,2024-09-18T12:19:44.000000Z
2024,262.51371527777775,43.08036,-79.06906,2024-09-18T12:19:45.000000Z
2024,262.51372685185186,43.08036,-79.06906,2024-09-18T12:19:46.000000Z
2024,262.5137384259259,43.08036,-79.06906,2024-09-18T12:19:47.000000Z
2024,262.51374999999996,43.08035,-79.06906,2024-09-18T12:19:48.000000Z
2024,262.51376157407407,43.08035,-79.06906,2024-09-18T12:19:49.000000Z
2024,262.5137731481481,43.08035,-79.06906,2024-09-18T12:19:50.000000Z
2024,262.5137847222222,43.08035,-79.06906,2024-09-18T12:19:51.000000Z
2024,262.5137962962963,43.08035,-79.06905,2024-09-18T12:19:52.000000Z
2024,262.52399305555554,43.08036,-79.0689,2024-09-18T12:34:33.000000Z
2024,262.52400462962964,43.08036,-79.0689,2024-09-18T12:34:34.000000Z
2024,262.5240162037037,43.08036,-79.0689,2024-09-18T12:34:35.000000Z
2024,262.5240277777778,43.08036,-79.0689,2024-09-18T12:34:36.000000Z
2024,262.52403935185185,43.08036,-79.0689,2024-09-18T12:34:37.000000Z
2024,262.5240509259259,43.08036,-79.06891,2024-09-18T12:34:38.000000Z
2024,262.5240625,43.08036,-79.06891,2024-09-18T12:34:39.000000Z
2024,262.52407407407406,43.08036,-79.06891,2024-09-18T12:34:40.000000Z
2024,262.5240856481482,43.08036,-79.06892,2024-09-18T12:34:41.000000Z
2024,262.5240972222222,43.08036,-79.06892,2024-09-18T12:34:42.000000Z
2024,262.5241087962963,43.08035,-79.06892,2024-09-18T12:34:43.000000Z
2024,262.5241203703704,43.08034,-79.06892,2024-09-18T12:34:44.000000Z
2024,262.52413194444443,43.08034,-79.06892,2024-09-18T12:34:45.000000Z
2024,262.5241550925926,43.08033,-79.06892,2024-09-18T12:34:47.000000Z
2024,262.52416666666664,43.08032,-79.06892,2024-09-18T12:34:48.000000Z
2024,262.52417824074075,43.08031,-79.06892,2024-09-18T12:34:49.000000Z
2024,262.5241898148148,43.0803,-79.06892,2024-09-18T12:34:50.000000Z
2024,262.5242013888889,43.0803,-79.06892,2024-09-18T12:34:51.000000Z
2024,262.52421296296296,43.0803,-79.06892,2024-09-18T12:34:52.000000Z
2024,262.5344097222222,43.08037,-79.06899,2024-09-18T12:49:33.000000Z
2024,262.53442129629633,43.08037,-79.06899,2024-09-18T12:49:34.000000Z
2024,262.5344328703704,43.08037,-79.06899,2024-09-18T12:49:35.000000Z
2024,262.5344444444445,43.08037,-79.06899,2024-09-18T12:49:36.000000Z
2024,262.53445601851854,43.08037,-79.06899,2024-09-18T12:49:37.000000Z
2024,262.5344675925926,43.08037,-79.06899,2024-09-18T12:49:38.000000Z
2024,262.5344791666667,43.08037,-79.06899,2024-09-18T12:49:39.000000Z
2024,262.53449074074075,43.08037,-79.06899,2024-09-18T12:49:40.000000Z
2024,262.53450231481486,43.08037,-79.06899,2024-09-18T12:49:41.000000Z
2024,262.5345138888889,43.08037,-79.06899,2024-09-18T12:49:42.000000Z
2024,262.53452546296296,43.08037,-79.06899,2024-09-18T12:49:43.000000Z
2024,262.53453703703707,43.08037,-79.06899,2024-09-18T12:49:44.000000Z
2024,262.5345486111111,43.08036,-79.069,2024-09-18T12:49:45.000000Z
2024,262.5345601851852,43.08036,-79.069,2024-09-18T12:49:46.000000Z
2024,262.5345717592593,43.08036,-79.069,2024-09-18T12:49:47.000000Z
2024,262.53458333333333,43.08036,-79.069,2024-09-18T12:49:48.000000Z
2024,262.53459490740744,43.08036,-79.069,2024-09-18T12:49:49.000000Z
2024,262.5346064814815,43.08036,-79.069,2024-09-18T12:49:50.000000Z
2024,262.5346180555556,43.08036,-79.069,2024-09-18T12:49:51.000000Z
2024,262.53462962962965,43.08035,-79.069,2024-09-18T12:49:52.000000Z
2024,262.54484953703707,43.08031,-79.06919,2024-09-18T13:04:35.000000Z
2024,262.5448611111112,43.08031,-79.06918,2024-09-18T13:04:36.000000Z
2024,262.5448726851852,43.08031,-79.06916,2024-09-18T13:04:37.000000Z
2024,262.5448842592593,43.08031,-79.06916,2024-09-18T13:04:38.000000Z
2024,262.5448958333334,43.08031,-79.06916,2024-09-18T13:04:39.000000Z
2024,262.54490740740744,43.08031,-79.06912,2024-09-18T13:04:40.000000Z
2024,262.54491898148154,43.08031,-79.06911,2024-09-18T13:04:41.000000Z
2024,262.5449305555556,43.08031,-79.0691,2024-09-18T13:04:42.000000Z
2024,262.54494212962965,43.08031,-79.06909,2024-09-18T13:04:43.000000Z
2024,262.54495370370375,43.08031,-79.06909,2024-09-18T13:04:44.000000Z
2024,262.5449652777778,43.0803,-79.06909,2024-09-18T13:04:45.000000Z
2024,262.5449768518519,43.0803,-79.06909,2024-09-18T13:04:46.000000Z
2024,262.54498842592596,43.0803,-79.06909,2024-09-18T13:04:47.000000Z
2024,262.545,43.0803,-79.06909,2024-09-18T13:04:48.000000Z
2024,262.5450115740741,43.0803,-79.06909,2024-09-18T13:04:49.000000Z
2024,262.5450231481482,43.0803,-79.06909,2024-09-18T13:04:50.000000Z
2024,262.5450347222223,43.0803,-79.06909,2024-09-18T13:04:51.000000Z
2024,262.54504629629633,43.0803,-79.06909,2024-09-18T13:04:52.000000Z
2024,262.5450578703704,43.0803,-79.06909,2024-09-18T13:04:53.000000Z
2024,262.5552662037037,43.08033,-79.06907,2024-09-18T13:19:35.000000Z
2024,262.5552777777778,43.08033,-79.06907,2024-09-18T13:19:36.000000Z
2024,262.55528935185185,43.08032,-79.06906,2024-09-18T13:19:37.000000Z
2024,262.5553009259259,43.08032,-79.06906,2024-09-18T13:19:38.000000Z
2024,262.5553125,43.08031,-79.06905,2024-09-18T13:19:39.000000Z
2024,262.55532407407406,43.08031,-79.06904,2024-09-18T13:19:40.000000Z
2024,262.5553356481482,43.08031,-79.06903,2024-09-18T13:19:41.000000Z
2024,262.5553472222222,43.0803,-79.06903,2024-09-18T13:19:42.000000Z
2024,262.5553587962963,43.0803,-79.06902,2024-09-18T13:19:43.000000Z
2024,262.5553703703704,43.08029,-79.06901,2024-09-18T13:19:44.000000Z
2024,262.55538194444443,43.08029,-79.06901,2024-09-18T13:19:45.000000Z
2024,262.55539351851854,43.08029,-79.069,2024-09-18T13:19:46.000000Z
2024,262.5554050925926,43.08028,-79.069,2024-09-18T13:19:47.000000Z
2024,262.55541666666664,43.08028,-79.069,2024-09-18T13:19:48.000000Z
2024,262.55542824074075,43.08028,-79.069,2024-09-18T13:19:49.000000Z
2024,262.5554398148148,43.08028,-79.06899,2024-09-18T13:19:50.000000Z
2024,262.5554513888889,43.08028,-79.06899,2024-09-18T13:19:51.000000Z
2024,262.55546296296296,43.08027,-79.06899,2024-09-18T13:19:52.000000Z
2024,262.555474537037,43.08027,-79.06899,2024-09-18T13:19:53.000000Z
2024,262.5656828703704,43.08034,-79.06914,2024-09-18T13:34:35.000000Z
2024,262.5656944444445,43.08035,-79.06914,2024-09-18T13:34:36.000000Z
2024,262.56570601851854,43.08035,-79.06914,2024-09-18T13:34:37.000000Z
2024,262.5657175925926,43.08035,-79.06913,2024-09-18T13:34:38.000000Z
2024,262.5657291666667,43.08035,-79.06913,2024-09-18T13:34:39.000000Z
2024,262.56574074074075,43.08035,-79.06912,2024-09-18T13:34:40.000000Z
2024,262.56575231481486,43.08035,-79.06912,2024-09-18T13:34:41.000000Z
2024,262.5657638888889,43.08034,-79.06911,2024-09-18T13:34:42.000000Z
2024,262.56577546296296,43.08034,-79.0691,2024-09-18T13:34:43.000000Z
2024,262.56578703703707,43.08034,-79.06909,2024-09-18T13:34:44.000000Z
2024,262.5657986111111,43.08034,-79.06909,2024-09-18T13:34:45.000000Z
2024,262.5658101851852,43.08034,-79.06909,2024-09-18T13:34:46.000000Z
2024,262.5658217592593,43.08034,-79.06908,2024-09-18T13:34:47.000000Z
2024,262.56583333333333,43.08033,-79.06908,2024-09-18T13:34:48.000000Z
2024,262.56584490740744,43.08033,-79.06908,2024-09-18T13:34:49.000000Z
2024,262.5658564814815,43.08033,-79.06908,2024-09-18T13:34:50.000000Z
2024,262.5658680555556,43.08033,-79.06908,2024-09-18T13:34:51.000000Z
2024,262.56587962962965,43.08033,-79.06908,2024-09-18T13:34:52.000000Z
2024,262.5658912037037,43.08033,-79.06908,2024-09-18T13:34:53.000000Z
2024,262.57609953703707,43.08027,-79.06896,2024-09-18T13:49:35.000000Z
2024,262.5761111111112,43.08027,-79.06896,2024-09-18T13:49:36.000000Z
2024,262.5761226851852,43.08027,-79.06897,2024-09-18T13:49:37.000000Z
2024,262.5761342592593,43.08027,-79.06897,2024-09-18T13:49:38.000000Z
2024,262.5761458333334,43.08027,-79.06898,2024-09-18T13:49:39.000000Z
2024,262.57615740740744,43.08027,-79.06898,2024-09-18T13:49:40.000000Z
2024,262.57616898148154,43.08026,-79.06897,2024-09-18T13:49:41.000000Z
2024,262.5761805555556,43.08025,-79.06896,2024-09-18T13:49:42.000000Z
2024,262.57619212962965,43.08025,-79.06896,2024-09-18T13:49:43.000000Z
2024,262.57620370370375,43.08024,-79.06896,2024-09-18T13:49:44.000000Z
2024,262.5762152777778,43.08024,-79.06896,2024-09-18T13:49:45.000000Z
2024,262.5762268518519,43.08024,-79.06895,2024-09-18T13:49:46.000000Z
2024,262.57623842592596,43.08023,-79.06895,2024-09-18T13:49:47.000000Z
2024,262.57625,43.08023,-79.06895,2024-09-18T13:49:48.000000Z
2024,262.5762615740741,43.08023,-79.06895,2024-09-18T13:49:49.000000Z
2024,262.5762731481482,43.08023,-79.06894,2024-09-18T13:49:50.000000Z
2024,262.5762847222223,43.08023,-79.06894,2024-09-18T13:49:51.000000Z
2024,262.57629629629633,43.08022,-79.06894,2024-09-18T13:49:52.000000Z
2024,262.5763078703704,43.08022,-79.06894,2024-09-18T13:49:53.000000Z
2024,262.5865162037037,43.08028,-79.06892,2024-09-18T14:04:35.000000Z
2024,262.5865277777778,43.08029,-79.06892,2024-09-18T14:04:36.000000Z
2024,262.58653935185185,43.08029,-79.06894,2024-09-18T14:04:37.000000Z
2024,262.5865509259259,43.08029,-79.06896,2024-09-18T14:04:38.000000Z
2024,262.5865625,43.08029,-79.06898,2024-09-18T14:04:39.000000Z
2024,262.58657407407406,43.08029,-79.069,2024-09-18T14:04:40.000000Z
2024,262.5865856481482,43.0803,-79.069,2024-09-18T14:04:41.000000Z
2024,262.5865972222222,43.0803,-79.06902,2024-09-18T14:04:42.000000Z
2024,262.5866087962963,43.0803,-79.06902,2024-09-18T14:04:43.000000Z
2024,262.5866203703704,43.0803,-79.06902,2024-09-18T14:04:44.000000Z
2024,262.58663194444443,43.08031,-79.06903,2024-09-18T14:04:45.000000Z
2024,262.58664351851854,43.08031,-79.06903,2024-09-18T14:04:46.000000Z
2024,262.5866550925926,43.08031,-79.06903,2024-09-18T14:04:47.000000Z
2024,262.58666666666664,43.08031,-79.06903,2024-09-18T14:04:48.000000Z
2024,262.58667824074075,43.08031,-79.06903,2024-09-18T14:04:49.000000Z
2024,262.5866898148148,43.08031,-79.06903,2024-09-18T14:04:50.000000Z
2024,262.5867013888889,43.08031,-79.06903,2024-09-18T14:04:51.000000Z
2024,262.58671296296296,43.08031,-79.06903,2024-09-18T14:04:52.000000Z
2024,262.586724537037,43.08031,-79.06903,2024-09-18T14:04:53.000000Z
2024,262.5969328703703,43.08028,-79.06895,2024-09-18T14:19:35.000000Z
2024,262.59694444444443,43.08028,-79.06896,2024-09-18T14:19:36.000000Z
2024,262.5969560185185,43.08028,-79.06896,2024-09-18T14:19:37.000000Z
2024,262.59696759259253,43.08027,-79.06896,2024-09-18T14:19:38.000000Z
2024,262.59697916666664,43.08027,-79.06896,2024-09-18T14:19:39.000000Z
2024,262.5969907407407,43.08026,-79.06896,2024-09-18T14:19:40.000000Z
2024,262.5970023148148,43.08026,-79.06896,2024-09-18T14:19:41.000000Z
2024,262.59701388888885,43.08025,-79.06896,2024-09-18T14:19:42.000000Z
2024,262.5970254629629,43.08024,-79.06896,2024-09-18T14:19:43.000000Z
2024,262.597037037037,43.08024,-79.06896,2024-09-18T14:19:44.000000Z
2024,262.59704861111106,43.08024,-79.06896,2024-09-18T14:19:45.000000Z
2024,262.59706018518517,43.08024,-79.06896,2024-09-18T14:19:46.000000Z
2024,262.5970717592592,43.08024,-79.06896,2024-09-18T14:19:47.000000Z
2024,262.5970833333333,43.08024,-79.06896,2024-09-18T14:19:48.000000Z
2024,262.5970949074074,43.08024,-79.06896,2024-09-18T14:19:49.000000Z
2024,262.59710648148143,43.08024,-79.06897,2024-09-18T14:19:50.000000Z
2024,262.59711805555554,43.08024,-79.06897,2024-09-18T14:19:51.000000Z
2024,262.5971296296296,43.08024,-79.06897,2024-09-18T14:19:52.000000Z
2024,262.59714120370364,43.08024,-79.06897,2024-09-18T14:19:53.000000Z
2024,262.607349537037,43.08036,-79.06897,2024-09-18T14:34:35.000000Z
2024,262.6073611111111,43.08035,-79.06896,2024-09-18T14:34:36.000000Z
2024,262.60737268518517,43.08034,-79.06893,2024-09-18T14:34:37.000000Z
2024,262.6073842592592,43.08033,-79.06892,2024-09-18T14:34:38.000000Z
2024,262.6073958333333,43.08032,-79.06891,2024-09-18T14:34:39.000000Z
2024,262.6074074074074,43.08032,-79.06892,2024-09-18T14:34:40.000000Z
2024,262.6074189814815,43.08032,-79.06892,2024-09-18T14:34:41.000000Z
2024,262.60743055555554,43.08032,-79.06893,2024-09-18T14:34:42.000000Z
2024,262.6074421296296,43.08032,-79.06893,2024-09-18T14:34:43.000000Z
2024,262.6074537037037,43.08032,-79.06895,2024-09-18T14:34:44.000000Z
2024,262.60746527777775,43.08031,-79.06896,2024-09-18T14:34:45.000000Z
2024,262.60747685185186,43.08031,-79.06898,2024-09-18T14:34:46.000000Z
2024,262.6074884259259,43.08031,-79.06899,2024-09-18T14:34:47.000000Z
2024,262.60749999999996,43.08031,-79.069,2024-09-18T14:34:48.000000Z
2024,262.60751157407407,43.08031,-79.069,2024-09-18T14:34:49.000000Z
2024,262.6075231481481,43.08032,-79.069,2024-09-18T14:34:50.000000Z
2024,262.6075347222222,43.08032,-79.069,2024-09-18T14:34:51.000000Z
2024,262.6075462962963,43.08032,-79.06901,2024-09-18T14:34:52.000000Z
2024,262.60755787037033,43.08032,-79.06901,2024-09-18T14:34:53.000000Z
2024,262.6177662037037,43.08017,-79.0688,2024-09-18T14:49:35.000000Z
2024,262.6177777777778,43.08017,-79.0688,2024-09-18T14:49:36.000000Z
2024,262.61778935185185,43.08017,-79.06881,2024-09-18T14:49:37.000000Z
2024,262.6178009259259,43.08017,-79.06882,2024-09-18T14:49:38.000000Z
2024,262.6178125,43.08017,-79.06882,2024-09-18T14:49:39.000000Z
2024,262.61782407407406,43.08017,-79.06882,2024-09-18T14:49:40.000000Z
2024,262.6178356481482,43.08017,-79.06883,2024-09-18T14:49:41.000000Z
2024,262.6178472222222,43.08017,-79.06884,2024-09-18T14:49:42.000000Z
2024,262.6178587962963,43.08017,-79.06884,2024-09-18T14:49:43.000000Z
2024,262.6178703703704,43.08017,-79.06884,2024-09-18T14:49:44.000000Z
2024,262.61788194444443,43.08017,-79.06884,2024-09-18T14:49:45.000000Z
2024,262.61789351851854,43.08018,-79.06884,2024-09-18T14:49:46.000000Z
2024,262.6179050925926,43.08018,-79.06884,2024-09-18T14:49:47.000000Z
2024,262.61791666666664,43.08018,-79.06883,2024-09-18T14:49:48.000000Z
2024,262.61792824074075,43.08018,-79.06882,2024-09-18T14:49:49.000000Z
2024,262.6179398148148,43.08018,-79.06882,2024-09-18T14:49:50.000000Z
2024,262.6179513888889,43.08018,-79.06883,2024-09-18T14:49:51.000000Z
2024,262.61796296296296,43.08018,-79.06884,2024-09-18T14:49:52.000000Z
2024,262.617974537037,43.08017,-79.06884,2024-09-18T14:49:53.000000Z
2024,262.6281828703704,43.08032,-79.069,2024-09-18T15:04:35.000000Z
2024,262.6281944444445,43.08032,-79.069,2024-09-18T15:04:36.000000Z
2024,262.62820601851854,43.08033,-79.069,2024-09-18T15:04:37.000000Z
2024,262.6282175925926,43.08033,-79.069,2024-09-18T15:04:38.000000Z
2024,262.6282291666667,43.08034,-79.069,2024-09-18T15:04:39.000000Z
2024,262.62824074074075,43.08034,-79.069,2024-09-18T15:04:40.000000Z
2024,262.62825231481486,43.08034,-79.069,2024-09-18T15:04:41.000000Z
2024,262.6282638888889,43.08034,-79.069,2024-09-18T15:04:42.000000Z
2024,262.62827546296296,43.08034,-79.06899,2024-09-18T15:04:43.000000Z
2024,262.62828703703707,43.08033,-79.06899,2024-09-18T15:04:44.000000Z
2024,262.6282986111111,43.08033,-79.06898,2024-09-18T15:04:45.000000Z
2024,262.6283101851852,43.08033,-79.06898,2024-09-18T15:04:46.000000Z
2024,262.6283217592593,43.08033,-79.06897,2024-09-18T15:04:47.000000Z
2024,262.62833333333333,43.08032,-79.06896,2024-09-18T15:04:48.000000Z
2024,262.62834490740744,43.08032,-79.06896,2024-09-18T15:04:49.000000Z
2024,262.6283564814815,43.08032,-79.06894,2024-09-18T15:04:50.000000Z
2024,262.6283680555556,43.08031,-79.06893,2024-09-18T15:04:51.000000Z
2024,262.62837962962965,43.08031,-79.06893,2024-09-18T15:04:52.000000Z
2024,262.6283912037037,43.08031,-79.06892,2024-09-18T15:04:53.000000Z
2024,262.638599537037,43.08034,-79.06931,2024-09-18T15:19:35.000000Z
2024,262.6386111111111,43.08034,-79.06929,2024-09-18T15:19:36.000000Z
2024,262.63862268518517,43.08034,-79.06929,2024-09-18T15:19:37.000000Z
2024,262.6386342592592,43.08034,-79.06927,2024-09-18T15:19:38.000000Z
2024,262.6386458333333,43.08034,-79.06925,2024-09-18T15:19:39.000000Z
2024,262.6386574074074,43.08033,-79.06925,2024-09-18T15:19:40.000000Z
2024,262.6386921296296,43.08033,-79.06922,2024-09-18T15:19:43.000000Z
2024,262.6387037037037,43.08033,-79.06922,2024-09-18T15:19:44.000000Z
2024,262.63871527777775,43.08033,-79.06921,2024-09-18T15:19:45.000000Z
2024,262.63872685185186,43.08033,-79.0692,2024-09-18T15:19:46.000000Z
2024,262.6387384259259,43.08032,-79.0692,2024-09-18T15:19:47.000000Z
2024,262.63874999999996,43.08032,-79.06919,2024-09-18T15:19:48.000000Z
2024,262.63876157407407,43.08032,-79.06919,2024-09-18T15:19:49.000000Z
2024,262.6387731481481,43.08031,-79.06919,2024-09-18T15:19:50.000000Z
2024,262.6387847222222,43.08031,-79.06918,2024-09-18T15:19:51.000000Z
2024,262.6387962962963,43.08031,-79.06918,2024-09-18T15:19:52.000000Z
2024,262.63880787037033,43.0803,-79.06918,2024-09-18T15:19:53.000000Z
2024,262.63881944444444,43.0803,-79.06918,2024-09-18T15:19:54.000000Z
2024,262.6388310185185,43.0803,-79.06916,2024-09-18T15:19:55.000000Z
2024,262.6490162037037,43.08034,-79.06899,2024-09-18T15:34:35.000000Z
2024,262.6490277777778,43.08034,-79.069,2024-09-18T15:34:36.000000Z
2024,262.64903935185185,43.08034,-79.06901,2024-09-18T15:34:37.000000Z
2024,262.6490509259259,43.08034,-79.06903,2024-09-18T15:34:38.000000Z
2024,262.6490625,43.08034,-79.06903,2024-09-18T15:34:39.000000Z
2024,262.64907407407406,43.08034,-79.06903,2024-09-18T15:34:40.000000Z
2024,262.6490856481482,43.08034,-79.06903,2024-09-18T15:34:41.000000Z
2024,262.6490972222222,43.08034,-79.06903,2024-09-18T15:34:42.000000Z
2024,262.6491087962963,43.08034,-79.06903,2024-09-18T15:34:43.000000Z
2024,262.6491203703704,43.08034,-79.06903,2024-09-18T15:34:44.000000Z
2024,262.64913194444443,43.08034,-79.06903,2024-09-18T15:34:45.000000Z
2024,262.64914351851854,43.08034,-79.06904,2024-09-18T15:34:46.000000Z
2024,262.6491550925926,43.08034,-79.06904,2024-09-18T15:34:47.000000Z
2024,262.64916666666664,43.08034,-79.06904,2024-09-18T15:34:48.000000Z
2024,262.64917824074075,43.08034,-79.06904,2024-09-18T15:34:49.000000Z
2024,262.6491898148148,43.08033,-79.06905,2024-09-18T15:34:50.000000Z
2024,262.6492013888889,43.08033,-79.06905,2024-09-18T15:34:51.000000Z
2024,262.64921296296296,43.08033,-79.06905,2024-09-18T15:34:52.000000Z
2024,262.649224537037,43.08033,-79.06905,2024-09-18T15:34:53.000000Z
2024,262.6594328703704,43.08036,-79.0689,2024-09-18T15:49:35.000000Z
2024,262.6594444444445,43.08038,-79.06888,2024-09-18T15:49:36.000000Z
2024,262.65945601851854,43.08038,-79.06887,2024-09-18T15:49:37.000000Z
2024,262.6594675925926,43.08039,-79.06887,2024-09-18T15:49:38.000000Z
2024,262.6594791666667,43.08041,-79.06886,2024-09-18T15:49:39.000000Z
2024,262.65949074074075,43.08041,-79.06885,2024-09-18T15:49:40.000000Z
2024,262.65950231481486,43.08041,-79.06885,2024-09-18T15:49:41.000000Z
2024,262.6595138888889,43.08042,-79.06884,2024-09-18T15:49:42.000000Z
2024,262.65952546296296,43.08042,-79.06884,2024-09-18T15:49:43.000000Z
2024,262.65953703703707,43.08042,-79.06884,2024-09-18T15:49:44.000000Z
2024,262.6595486111111,43.08042,-79.06883,2024-09-18T15:49:45.000000Z
2024,262.6595601851852,43.08042,-79.06882,2024-09-18T15:49:46.000000Z
2024,262.6595717592593,43.08042,-79.06882,2024-09-18T15:49:47.000000Z
2024,262.65958333333333,43.08042,-79.0688,2024-09-18T15:49:48.000000Z
2024,262.65959490740744,43.08043,-79.0688,2024-09-18T15:49:49.000000Z
2024,262.6596064814815,43.08042,-79.0688,2024-09-18T15:49:50.000000Z
2024,262.6596180555556,43.08042,-79.06879,2024-09-18T15:49:51.000000Z
2024,262.65962962962965,43.08042,-79.0688,2024-09-18T15:49:52.000000Z
2024,262.6596412037037,43.08042,-79.0688,2024-09-18T15:49:53.000000Z
2024,262.66984953703707,43.08032,-79.06912,2024-09-18T16:04:35.000000Z
2024,262.6698611111112,43.08032,-79.06911,2024-09-18T16:04:36.000000Z
2024,262.6698726851852,43.08033,-79.0691,2024-09-18T16:04:37.000000Z
2024,262.6698842592593,43.08033,-79.0691,2024-09-18T16:04:38.000000Z
2024,262.6698958333334,43.08034,-79.06909,2024-09-18T16:04:39.000000Z
2024,262.66990740740744,43.08035,-79.06907,2024-09-18T16:04:40.000000Z
2024,262.66991898148154,43.08036,-79.06906,2024-09-18T16:04:41.000000Z
2024,262.6699305555556,43.08036,-79.06906,2024-09-18T16:04:42.000000Z
2024,262.66994212962965,43.08037,-79.06906,2024-09-18T16:04:43.000000Z
2024,262.66995370370375,43.08037,-79.06906,2024-09-18T16:04:44.000000Z
2024,262.6699652777778,43.08037,-79.06906,2024-09-18T16:04:45.000000Z
2024,262.6699768518519,43.08037,-79.06905,2024-09-18T16:04:46.000000Z
2024,262.66998842592596,43.08037,-79.06904,2024-09-18T16:04:47.000000Z
2024,262.67,43.08037,-79.06904,2024-09-18T16:04:48.000000Z
2024,262.6700115740741,43.08037,-79.06904,2024-09-18T16:04:49.000000Z
2024,262.6700231481482,43.08037,-79.06904,2024-09-18T16:04:50.000000Z
2024,262.6700347222223,43.08037,-79.06904,2024-09-18T16:04:51.000000Z
2024,262.67004629629633,43.08037,-79.06904,2024-09-18T16:04:52.000000Z
2024,262.6700578703704,43.08037,-79.06904,2024-09-18T16:04:53.000000Z
2024,262.6802662037037,43.08031,-79.06859,2024-09-18T16:19:35.000000Z
2024,262.6802777777778,43.08029,-79.06859,2024-09-18T16:19:36.000000Z
2024,262.68028935185185,43.08027,-79.0686,2024-09-18T16:19:37.000000Z
2024,262.6803009259259,43.08026,-79.06861,2024-09-18T16:19:38.000000Z
2024,262.6803125,43.08025,-79.06861,2024-09-18T16:19:39.000000Z
2024,262.68032407407406,43.08025,-79.06861,2024-09-18T16:19:40.000000Z
2024,262.6803356481482,43.08024,-79.06862,2024-09-18T16:19:41.000000Z
2024,262.6803472222222,43.08023,-79.06863,2024-09-18T16:19:42.000000Z
2024,262.6803587962963,43.08023,-79.06864,2024-09-18T16:19:43.000000Z
2024,262.6803703703704,43.08024,-79.06864,2024-09-18T16:19:44.000000Z
2024,262.68038194444443,43.08024,-79.06864,2024-09-18T16:19:45.000000Z
2024,262.68039351851854,43.08024,-79.06865,2024-09-18T16:19:46.000000Z
2024,262.6804050925926,43.08024,-79.06866,2024-09-18T16:19:47.000000Z
2024,262.68041666666664,43.08024,-79.06867,2024-09-18T16:19:48.000000Z
2024,262.68042824074075,43.08024,-79.06867,2024-09-18T16:19:49.000000Z
2024,262.6804398148148,43.08025,-79.06867,2024-09-18T16:19:50.000000Z
2024,262.6804513888889,43.08025,-79.06868,2024-09-18T16:19:51.000000Z
2024,262.68046296296296,43.08026,-79.06869,2024-09-18T16:19:52.000000Z
2024,262.680474537037,43.08026,-79.06869,2024-09-18T16:19:53.000000Z
2024,262.6906828703704,43.08029,-79.06881,2024-09-18T16:34:35.000000Z
2024,262.6906944444445,43.08029,-79.06881,2024-09-18T16:34:36.000000Z
2024,262.69070601851854,43.08029,-79.06881,2024-09-18T16:34:37.000000Z
2024,262.6907175925926,43.08029,-79.06881,2024-09-18T16:34:38.000000Z
2024,262.6907291666667,43.08029,-79.06881,2024-09-18T16:34:39.000000Z
2024,262.69074074074075,43.08029,-79.06881,2024-09-18T16:34:40.000000Z
2024,262.69075231481486,43.08029,-79.06881,2024-09-18T16:34:41.000000Z
2024,262.6907638888889,43.08029,-79.06881,2024-09-18T16:34:42.000000Z
2024,262.69077546296296,43.08029,-79.06881,2024-09-18T16:34:43.000000Z
2024,262.69078703703707,43.08029,-79.06881,2024-09-18T16:34:44.000000Z
2024,262.6907986111111,43.08029,-79.06881,2024-09-18T16:34:45.000000Z
2024,262.6908101851852,43.08028,-79.06881,2024-09-18T16:34:46.000000Z
2024,262.6908217592593,43.08028,-79.0688,2024-09-18T16:34:47.000000Z
2024,262.69083333333333,43.08028,-79.0688,2024-09-18T16:34:48.000000Z
2024,262.69084490740744,43.08028,-79.0688,2024-09-18T16:34:49.000000Z
2024,262.6908564814815,43.08028,-79.0688,2024-09-18T16:34:50.000000Z
2024,262.6908680555556,43.08027,-79.0688,2024-09-18T16:34:51.000000Z
2024,262.69087962962965,43.08027,-79.0688,2024-09-18T16:34:52.000000Z
2024,262.6908912037037,43.08027,-79.0688,2024-09-18T16:34:53.000000Z
2024,262.70109953703707,43.08025,-79.06873,2024-09-18T16:49:35.000000Z
2024,262.7011111111112,43.08025,-79.06872,2024-09-18T16:49:36.000000Z
2024,262.7011226851852,43.08025,-79.06872,2024-09-18T16:49:37.000000Z
2024,262.7011342592593,43.08025,-79.06872,2024-09-18T16:49:38.000000Z
2024,262.7011458333334,43.08025,-79.06871,2024-09-18T16:49:39.000000Z
2024,262.70115740740744,43.08026,-79.06872,2024-09-18T16:49:40.000000Z
2024,262.70116898148154,43.08026,-79.06874,2024-09-18T16:49:41.000000Z
2024,262.7011805555556,43.08024,-79.06874,2024-09-18T16:49:42.000000Z
2024,262.70119212962965,43.08024,-79.06874,2024-09-18T16:49:43.000000Z
2024,262.70120370370375,43.08024,-79.06875,2024-09-18T16:49:44.000000Z
2024,262.7012152777778,43.08024,-79.06875,2024-09-18T16:49:45.000000Z
2024,262.7012268518519,43.08024,-79.06875,2024-09-18T16:49:46.000000Z
2024,262.70123842592596,43.08023,-79.06876,2024-09-18T16:49:47.000000Z
2024,262.70125,43.08023,-79.06877,2024-09-18T16:49:48.000000Z
2024,262.7012615740741,43.08023,-79.06877,2024-09-18T16:49:49.000000Z
2024,262.7012731481482,43.08022,-79.06877,2024-09-18T16:49:50.000000Z
2024,262.7012847222223,43.08022,-79.06877,2024-09-18T16:49:51.000000Z
2024,262.70129629629633,43.08022,-79.06877,2024-09-18T16:49:52.000000Z
2024,262.7013078703704,43.08021,-79.06876,2024-09-18T16:49:53.000000Z
2024,262.7115162037037,43.08033,-79.0688,2024-09-18T17:04:35.000000Z
2024,262.7115277777778,43.08033,-79.06882,2024-09-18T17:04:36.000000Z
2024,262.71153935185185,43.08033,-79.06882,2024-09-18T17:04:37.000000Z
2024,262.7115509259259,43.08033,-79.06883,2024-09-18T17:04:38.000000Z
2024,262.7115625,43.08033,-79.06883,2024-09-18T17:04:39.000000Z
2024,262.71157407407406,43.08032,-79.06882,2024-09-18T17:04:40.000000Z
2024,262.7115856481482,43.08032,-79.06882,2024-09-18T17:04:41.000000Z
2024,262.7115972222222,43.08031,-79.06882,2024-09-18T17:04:42.000000Z
2024,262.7116087962963,43.08031,-79.06882,2024-09-18T17:04:43.000000Z
2024,262.7116203703704,43.08031,-79.06882,2024-09-18T17:04:44.000000Z
2024,262.71163194444443,43.0803,-79.06882,2024-09-18T17:04:45.000000Z
2024,262.71164351851854,43.08029,-79.06882,2024-09-18T17:04:46.000000Z
2024,262.7116550925926,43.08029,-79.06882,2024-09-18T17:04:47.000000Z
2024,262.71166666666664,43.08029,-79.06882,2024-09-18T17:04:48.000000Z
2024,262.71167824074075,43.08029,-79.06882,2024-09-18T17:04:49.000000Z
2024,262.7116898148148,43.08029,-79.06882,2024-09-18T17:04:50.000000Z
2024,262.7117013888889,43.08029,-79.06882,2024-09-18T17:04:51.000000Z
2024,262.71171296296296,43.08029,-79.06882,2024-09-18T17:04:52.000000Z
2024,262.711724537037,43.08029,-79.06883,2024-09-18T17:04:53.000000Z
2024,262.7219328703703,43.08021,-79.0688,2024-09-18T17:19:35.000000Z
2024,262.72194444444443,43.08018,-79.06877,2024-09-18T17:19:36.000000Z
2024,262.7219560185185,43.08016,-79.06876,2024-09-18T17:19:37.000000Z
2024,262.72196759259253,43.08015,-79.06875,2024-09-18T17:19:38.000000Z
2024,262.72197916666664,43.08015,-79.06874,2024-09-18T17:19:39.000000Z
2024,262.7219907407407,43.08016,-79.06874,2024-09-18T17:19:40.000000Z
2024,262.7220023148148,43.08017,-79.06874,2024-09-18T17:19:41.000000Z
2024,262.72201388888885,43.08017,-79.06874,2024-09-18T17:19:42.000000Z
2024,262.7220254629629,43.08017,-79.06874,2024-09-18T17:19:43.000000Z
2024,262.722037037037,43.08017,-79.06875,2024-09-18T17:19:44.000000Z
2024,262.72204861111106,43.08017,-79.06875,2024-09-18T17:19:45.000000Z
2024,262.72206018518517,43.08016,-79.06874,2024-09-18T17:19:46.000000Z
2024,262.7220717592592,43.08016,-79.06874,2024-09-18T17:19:47.000000Z
2024,262.7220833333333,43.08016,-79.06874,2024-09-18T17:19:48.000000Z
2024,262.7220949074074,43.08015,-79.06874,2024-09-18T17:19:49.000000Z
2024,262.72210648148143,43.08015,-79.06874,2024-09-18T17:19:50.000000Z
2024,262.72211805555554,43.08015,-79.06874,2024-09-18T17:19:51.000000Z
2024,262.7221296296296,43.08015,-79.06874,2024-09-18T17:19:52.000000Z
2024,262.72214120370364,43.08014,-79.06874,2024-09-18T17:19:53.000000Z
2024,262.73233796296296,43.08024,-79.0689,2024-09-18T17:34:34.000000Z
2024,262.732349537037,43.08024,-79.06889,2024-09-18T17:34:35.000000Z
2024,262.7323611111111,43.08024,-79.06889,2024-09-18T17:34:36.000000Z
2024,262.73237268518517,43.08025,-79.06889,2024-09-18T17:34:37.000000Z
2024,262.7323842592592,43.08025,-79.06889,2024-09-18T17:34:38.000000Z
2024,262.7323958333333,43.08025,-79.06889,2024-09-18T17:34:39.000000Z
2024,262.7324074074074,43.08025,-79.06889,2024-09-18T17:34:40.000000Z
2024,262.7324189814815,43.08025,-79.06888,2024-09-18T17:34:41.000000Z
2024,262.73243055555554,43.08025,-79.06888,2024-09-18T17:34:42.000000Z
2024,262.7324421296296,43.08025,-79.06888,2024-09-18T17:34:43.000000Z
2024,262.7324537037037,43.08025,-79.06888,2024-09-18T17:34:44.000000Z
2024,262.73246527777775,43.08024,-79.06888,2024-09-18T17:34:45.000000Z
2024,262.73247685185186,43.08024,-79.06888,2024-09-18T17:34:46.000000Z
2024,262.7324884259259,43.08024,-79.06888,2024-09-18T17:34:47.000000Z
2024,262.73249999999996,43.08024,-79.06888,2024-09-18T17:34:48.000000Z
2024,262.73251157407407,43.08024,-79.06888,2024-09-18T17:34:49.000000Z
2024,262.7325231481481,43.08024,-79.06888,2024-09-18T17:34:50.000000Z
2024,262.7325347222222,43.08023,-79.06887,2024-09-18T17:34:51.000000Z
2024,262.7325462962963,43.08023,-79.06887,2024-09-18T17:34:52.000000Z
2024,262.74275462962964,43.08033,-79.06887,2024-09-18T17:49:34.000000Z
2024,262.7427662037037,43.08033,-79.06888,2024-09-18T17:49:35.000000Z
2024,262.7427777777778,43.08033,-79.06889,2024-09-18T17:49:36.000000Z
2024,262.74278935185185,43.08033,-79.06888,2024-09-18T17:49:37.000000Z
2024,262.7428009259259,43.08032,-79.06888,2024-09-18T17:49:38.000000Z
2024,262.7428125,43.08032,-79.06889,2024-09-18T17:49:39.000000Z
2024,262.74282407407406,43.08032,-79.06889,2024-09-18T17:49:40.000000Z
2024,262.7428356481482,43.08032,-79.06889,2024-09-18T17:49:41.000000Z
2024,262.7428472222222,43.08032,-79.0689,2024-09-18T17:49:42.000000Z
2024,262.7428587962963,43.08032,-79.06889,2024-09-18T17:49:43.000000Z
2024,262.7428703703704,43.08032,-79.06889,2024-09-18T17:49:44.000000Z
2024,262.74288194444443,43.08033,-79.06889,2024-09-18T17:49:45.000000Z
2024,262.74289351851854,43.08033,-79.06888,2024-09-18T17:49:46.000000Z
2024,262.7429050925926,43.08033,-79.06888,2024-09-18T17:49:47.000000Z
2024,262.74291666666664,43.08033,-79.06888,2024-09-18T17:49:48.000000Z
2024,262.74292824074075,43.08034,-79.06888,2024-09-18T17:49:49.000000Z
2024,262.7429398148148,43.08034,-79.06887,2024-09-18T17:49:50.000000Z
2024,262.7429513888889,43.08034,-79.06887,2024-09-18T17:49:51.000000Z
2024,262.74296296296296,43.08034,-79.06887,2024-09-18T17:49:52.000000Z
2024,262.75317129629633,43.08009,-79.06887,2024-09-18T18:04:34.000000Z
2024,262.7531828703704,43.08009,-79.06887,2024-09-18T18:04:35.000000Z
2024,262.7531944444445,43.0801,-79.06887,2024-09-18T18:04:36.000000Z
2024,262.75320601851854,43.08011,-79.06887,2024-09-18T18:04:37.000000Z
2024,262.7532175925926,43.08011,-79.06887,2024-09-18T18:04:38.000000Z
2024,262.7532291666667,43.08012,-79.06887,2024-09-18T18:04:39.000000Z
2024,262.75324074074075,43.08012,-79.06887,2024-09-18T18:04:40.000000Z
2024,262.75325231481486,43.08012,-79.06887,2024-09-18T18:04:41.000000Z
2024,262.7532638888889,43.08012,-79.06887,2024-09-18T18:04:42.000000Z
2024,262.75327546296296,43.08012,-79.06887,2024-09-18T18:04:43.000000Z
2024,262.75328703703707,43.08013,-79.06887,2024-09-18T18:04:44.000000Z
2024,262.7532986111111,43.08013,-79.06888,2024-09-18T18:04:45.000000Z
2024,262.7533101851852,43.08013,-79.06888,2024-09-18T18:04:46.000000Z
2024,262.7533217592593,43.08013,-79.0689,2024-09-18T18:04:47.000000Z
2024,262.75333333333333,43.08013,-79.0689,2024-09-18T18:04:48.000000Z
2024,262.75334490740744,43.08013,-79.06891,2024-09-18T18:04:49.000000Z
2024,262.7533564814815,43.08013,-79.06892,2024-09-18T18:04:50.000000Z
2024,262.7533680555556,43.08013,-79.06893,2024-09-18T18:04:51.000000Z
2024,262.75337962962965,43.08013,-79.06893,2024-09-18T18:04:52.000000Z
2024,262.76358796296296,43.08011,-79.06899,2024-09-18T18:19:34.000000Z
2024,262.763599537037,43.08012,-79.06899,2024-09-18T18:19:35.000000Z
2024,262.7636111111111,43.08013,-79.06898,2024-09-18T18:19:36.000000Z
2024,262.76362268518517,43.08014,-79.06898,2024-09-18T18:19:37.000000Z
2024,262.7636342592592,43.08014,-79.06898,2024-09-18T18:19:38.000000Z
2024,262.7636458333333,43.08015,-79.06898,2024-09-18T18:19:39.000000Z
2024,262.7636574074074,43.08015,-79.06898,2024-09-18T18:19:40.000000Z
2024,262.7636689814815,43.08016,-79.06898,2024-09-18T18:19:41.000000Z
2024,262.76368055555554,43.08016,-79.06899,2024-09-18T18:19:42.000000Z
2024,262.7636921296296,43.08017,-79.06899,2024-09-18T18:19:43.000000Z
2024,262.7637037037037,43.08017,-79.06899,2024-09-18T18:19:44.000000Z
2024,262.76371527777775,43.08018,-79.06899,2024-09-18T18:19:45.000000Z
2024,262.76372685185186,43.08019,-79.069,2024-09-18T18:19:46.000000Z
2024,262.7637384259259,43.0802,-79.069,2024-09-18T18:19:47.000000Z
2024,262.76374999999996,43.0802,-79.069,2024-09-18T18:19:48.000000Z
2024,262.76376157407407,43.08021,-79.069,2024-09-18T18:19:49.000000Z
2024,262.7637731481481,43.08021,-79.069,2024-09-18T18:19:50.000000Z
2024,262.7637847222222,43.08021,-79.069,2024-09-18T18:19:51.000000Z
2024,262.7637962962963,43.08022,-79.069,2024-09-18T18:19:52.000000Z
2024,262.77400462962964,43.08005,-79.06904,2024-09-18T18:34:34.000000Z
2024,262.7740162037037,43.08005,-79.06905,2024-09-18T18:34:35.000000Z
2024,262.7740277777778,43.08005,-79.06905,2024-09-18T18:34:36.000000Z
2024,262.77403935185185,43.08006,-79.06906,2024-09-18T18:34:37.000000Z
2024,262.7740509259259,43.08007,-79.06906,2024-09-18T18:34:38.000000Z
2024,262.7740625,43.08007,-79.06906,2024-09-18T18:34:39.000000Z
2024,262.77407407407406,43.08008,-79.06906,2024-09-18T18:34:40.000000Z
2024,262.7740856481482,43.08008,-79.06906,2024-09-18T18:34:41.000000Z
2024,262.7740972222222,43.08009,-79.06906,2024-09-18T18:34:42.000000Z
2024,262.7741087962963,43.08009,-79.06906,2024-09-18T18:34:43.000000Z
2024,262.7741203703704,43.0801,-79.06906,2024-09-18T18:34:44.000000Z
2024,262.77413194444443,43.0801,-79.06906,2024-09-18T18:34:45.000000Z
2024,262.77414351851854,43.0801,-79.06906,2024-09-18T18:34:46.000000Z
2024,262.7741550925926,43.0801,-79.06906,2024-09-18T18:34:47.000000Z
2024,262.77416666666664,43.0801,-79.06906,2024-09-18T18:34:48.000000Z
2024,262.77417824074075,43.08009,-79.06906,2024-09-18T18:34:49.000000Z
2024,262.7741898148148,43.08009,-79.06906,2024-09-18T18:34:50.000000Z
2024,262.7742013888889,43.08008,-79.06906,2024-09-18T18:34:51.000000Z
2024,262.77421296296296,43.08008,-79.06907,2024-09-18T18:34:52.000000Z
2024,262.78442129629633,43.08022,-79.06906,2024-09-18T18:49:34.000000Z
2024,262.7844328703704,43.08022,-79.06906,2024-09-18T18:49:35.000000Z
2024,262.7844444444445,43.08022,-79.06906,2024-09-18T18:49:36.000000Z
2024,262.78445601851854,43.08022,-79.06906,2024-09-18T18:49:37.000000Z
2024,262.7844675925926,43.08023,-79.06906,2024-09-18T18:49:38.000000Z
2024,262.7844791666667,43.08023,-79.06907,2024-09-18T18:49:39.000000Z
2024,262.78449074074075,43.08023,-79.06907,2024-09-18T18:49:40.000000Z
2024,262.78450231481486,43.08023,-79.06907,2024-09-18T18:49:41.000000Z
2024,262.7845138888889,43.08023,-79.06907,2024-09-18T18:49:42.000000Z
2024,262.78452546296296,43.08023,-79.06906,2024-09-18T18:49:43.000000Z
2024,262.78453703703707,43.08023,-79.06906,2024-09-18T18:49:44.000000Z
2024,262.7845486111111,43.08023,-79.06906,2024-09-18T18:49:45.000000Z
2024,262.7845601851852,43.08023,-79.06906,2024-09-18T18:49:46.000000Z
2024,262.7845717592593,43.08023,-79.06906,2024-09-18T18:49:47.000000Z
2024,262.78458333333333,43.08023,-79.06906,2024-09-18T18:49:48.000000Z
2024,262.78459490740744,43.08023,-79.06905,2024-09-18T18:49:49.000000Z
2024,262.7846064814815,43.08023,-79.06904,2024-09-18T18:49:50.000000Z
2024,262.7846180555556,43.08023,-79.06904,2024-09-18T18:49:51.000000Z
2024,262.78462962962965,43.08023,-79.06904,2024-09-18T18:49:52.000000Z
2024,262.794837962963,43.08024,-79.06921,2024-09-18T19:04:34.000000Z
2024,262.79484953703707,43.08024,-79.06922,2024-09-18T19:04:35.000000Z
2024,262.7948611111112,43.08024,-79.06922,2024-09-18T19:04:36.000000Z
2024,262.7948726851852,43.08024,-79.06922,2024-09-18T19:04:37.000000Z
2024,262.7948842592593,43.08025,-79.06922,2024-09-18T19:04:38.000000Z
2024,262.7948958333334,43.08025,-79.06922,2024-09-18T19:04:39.000000Z
2024,262.79490740740744,43.08025,-79.06921,2024-09-18T19:04:40.000000Z
2024,262.79491898148154,43.08025,-79.06921,2024-09-18T19:04:41.000000Z
2024,262.7949305555556,43.08025,-79.06921,2024-09-18T19:04:42.000000Z
2024,262.79494212962965,43.08025,-79.06921,2024-09-18T19:04:43.000000Z
2024,262.79495370370375,43.08025,-79.0692,2024-09-18T19:04:44.000000Z
2024,262.7949652777778,43.08024,-79.0692,2024-09-18T19:04:45.000000Z
2024,262.7949768518519,43.08024,-79.06919,2024-09-18T19:04:46.000000Z
2024,262.79498842592596,43.08024,-79.06919,2024-09-18T19:04:47.000000Z
2024,262.795,43.08024,-79.06919,2024-09-18T19:04:48.000000Z
2024,262.7950115740741,43.08024,-79.06919,2024-09-18T19:04:49.000000Z
2024,262.7950231481482,43.08024,-79.06918,2024-09-18T19:04:50.000000Z
2024,262.7950347222223,43.08024,-79.06918,2024-09-18T19:04:51.000000Z
2024,262.79504629629633,43.08023,-79.06918,2024-09-18T19:04:52.000000Z
2024,262.80525462962964,43.08032,-79.06905,2024-09-18T19:19:34.000000Z
2024,262.8052662037037,43.08031,-79.06905,2024-09-18T19:19:35.000000Z
2024,262.8052777777778,43.0803,-79.06905,2024-09-18T19:19:36.000000Z
2024,262.80528935185185,43.0803,-79.06904,2024-09-18T19:19:37.000000Z
2024,262.8053009259259,43.08029,-79.06905,2024-09-18T19:19:38.000000Z
2024,262.8053125,43.08029,-79.06905,2024-09-18T19:19:39.000000Z
2024,262.8053356481482,43.08029,-79.06905,2024-09-18T19:19:41.000000Z
2024,262.8053472222222,43.08029,-79.06905,2024-09-18T19:19:42.000000Z
2024,262.8053587962963,43.08029,-79.06905,2024-09-18T19:19:43.000000Z
2024,262.8053703703704,43.08029,-79.06905,2024-09-18T19:19:44.000000Z
2024,262.80538194444443,43.08029,-79.06905,2024-09-18T19:19:45.000000Z
2024,262.80539351851854,43.08029,-79.06905,2024-09-18T19:19:46.000000Z
2024,262.8054050925926,43.08029,-79.06905,2024-09-18T19:19:47.000000Z
2024,262.80541666666664,43.08029,-79.06905,2024-09-18T19:19:48.000000Z
2024,262.80542824074075,43.08029,-79.06905,2024-09-18T19:19:49.000000Z
2024,262.8054398148148,43.08029,-79.06905,2024-09-18T19:19:50.000000Z
2024,262.8054513888889,43.08029,-79.06905,2024-09-18T19:19:51.000000Z
2024,262.80546296296296,43.08029,-79.06905,2024-09-18T19:19:52.000000Z
2024,262.81567129629633,43.08025,-79.06907,2024-09-18T19:34:34.000000Z
2024,262.8156828703704,43.08025,-79.06906,2024-09-18T19:34:35.000000Z
2024,262.8156944444445,43.08025,-79.06906,2024-09-18T19:34:36.000000Z
2024,262.81570601851854,43.08024,-79.06905,2024-09-18T19:34:37.000000Z
2024,262.8157175925926,43.08024,-79.06905,2024-09-18T19:34:38.000000Z
2024,262.8157291666667,43.08024,-79.06905,2024-09-18T19:34:39.000000Z
2024,262.81574074074075,43.08024,-79.06905,2024-09-18T19:34:40.000000Z
2024,262.81575231481486,43.08025,-79.06906,2024-09-18T19:34:41.000000Z
2024,262.8157638888889,43.08025,-79.06906,2024-09-18T19:34:42.000000Z
2024,262.81577546296296,43.08026,-79.06906,2024-09-18T19:34:43.000000Z
2024,262.81578703703707,43.08026,-79.06907,2024-09-18T19:34:44.000000Z
2024,262.8157986111111,43.08026,-79.06908,2024-09-18T19:34:45.000000Z
2024,262.8158101851852,43.08026,-79.06908,2024-09-18T19:34:46.000000Z
2024,262.8158217592593,43.08026,-79.06908,2024-09-18T19:34:47.000000Z
2024,262.81583333333333,43.08026,-79.06908,2024-09-18T19:34:48.000000Z
2024,262.81584490740744,43.08026,-79.06908,2024-09-18T19:34:49.000000Z
2024,262.8158564814815,43.08026,-79.06908,2024-09-18T19:34:50.000000Z
2024,262.8158680555556,43.08026,-79.06909,2024-09-18T19:34:51.000000Z
2024,262.81587962962965,43.08026,-79.06909,2024-09-18T19:34:52.000000Z
2024,262.826087962963,43.0802,-79.06916,2024-09-18T19:49:34.000000Z
2024,262.82609953703707,43.08018,-79.06917,2024-09-18T19:49:35.000000Z
2024,262.8261111111112,43.08016,-79.06916,2024-09-18T19:49:36.000000Z
2024,262.8261226851852,43.08015,-79.06916,2024-09-18T19:49:37.000000Z
2024,262.8261342592593,43.08013,-79.06914,2024-09-18T19:49:38.000000Z
2024,262.8261458333334,43.08012,-79.06913,2024-09-18T19:49:39.000000Z
2024,262.82615740740744,43.0801,-79.06913,2024-09-18T19:49:40.000000Z
2024,262.82616898148154,43.0801,-79.06912,2024-09-18T19:49:41.000000Z
2024,262.8261805555556,43.0801,-79.06912,2024-09-18T19:49:42.000000Z
2024,262.82619212962965,43.0801,-79.06912,2024-09-18T19:49:43.000000Z
2024,262.82620370370375,43.0801,-79.06913,2024-09-18T19:49:44.000000Z
2024,262.8262152777778,43.0801,-79.06913,2024-09-18T19:49:45.000000Z
2024,262.8262268518519,43.0801,-79.06913,2024-09-18T19:49:46.000000Z
2024,262.82623842592596,43.08012,-79.06914,2024-09-18T19:49:47.000000Z
2024,262.82625,43.08012,-79.06914,2024-09-18T19:49:48.000000Z
2024,262.8262615740741,43.08013,-79.06914,2024-09-18T19:49:49.000000Z
2024,262.8262731481482,43.08013,-79.06915,2024-09-18T19:49:50.000000Z
2024,262.8262847222223,43.08014,-79.06915,2024-09-18T19:49:51.000000Z
2024,262.83650462962964,43.08021,-79.06923,2024-09-18T20:04:34.000000Z
2024,262.8365162037037,43.08019,-79.06924,2024-09-18T20:04:35.000000Z
2024,262.8365277777778,43.08017,-79.06922,2024-09-18T20:04:36.000000Z
2024,262.83653935185185,43.08015,-79.06919,2024-09-18T20:04:37.000000Z
2024,262.8365509259259,43.08017,-79.06919,2024-09-18T20:04:38.000000Z
2024,262.8365625,43.08018,-79.06919,2024-09-18T20:04:39.000000Z
2024,262.83657407407406,43.08018,-79.06918,2024-09-18T20:04:40.000000Z
2024,262.8365856481482,43.08019,-79.06917,2024-09-18T20:04:41.000000Z
2024,262.8365972222222,43.0802,-79.06916,2024-09-18T20:04:42.000000Z
2024,262.8366087962963,43.0802,-79.06916,2024-09-18T20:04:43.000000Z
2024,262.8366203703704,43.08019,-79.06916,2024-09-18T20:04:44.000000Z
2024,262.83663194444443,43.08019,-79.06916,2024-09-18T20:04:45.000000Z
2024,262.83664351851854,43.08019,-79.06916,2024-09-18T20:04:46.000000Z
2024,262.8366550925926,43.08019,-79.06916,2024-09-18T20:04:47.000000Z
2024,262.83666666666664,43.08019,-79.06916,2024-09-18T20:04:48.000000Z
2024,262.83667824074075,43.08019,-79.06916,2024-09-18T20:04:49.000000Z
2024,262.8366898148148,43.08019,-79.06916,2024-09-18T20:04:50.000000Z
2024,262.8367013888889,43.08019,-79.06916,2024-09-18T20:04:51.000000Z
2024,262.83671296296296,43.0802,-79.06916,2024-09-18T20:04:52.000000Z
2024,262.8469212962963,43.08021,-79.06905,2024-09-18T20:19:34.000000Z
2024,262.8469328703703,43.08021,-79.06904,2024-09-18T20:19:35.000000Z
2024,262.84694444444443,43.08021,-79.06903,2024-09-18T20:19:36.000000Z
2024,262.8469560185185,43.08021,-79.06903,2024-09-18T20:19:37.000000Z
2024,262.84696759259253,43.0802,-79.06903,2024-09-18T20:19:38.000000Z
2024,262.84697916666664,43.0802,-79.06902,2024-09-18T20:19:39.000000Z
2024,262.8469907407407,43.0802,-79.06901,2024-09-18T20:19:40.000000Z
2024,262.8470023148148,43.0802,-79.06901,2024-09-18T20:19:41.000000Z
2024,262.84701388888885,43.0802,-79.06901,2024-09-18T20:19:42.000000Z
2024,262.8470254629629,43.0802,-79.06901,2024-09-18T20:19:43.000000Z
2024,262.847037037037,43.0802,-79.06901,2024-09-18T20:19:44.000000Z
2024,262.84704861111106,43.0802,-79.06901,2024-09-18T20:19:45.000000Z
2024,262.84706018518517,43.0802,-79.06901,2024-09-18T20:19:46.000000Z
2024,262.8470717592592,43.0802,-79.06901,2024-09-18T20:19:47.000000Z
2024,262.8470833333333,43.0802,-79.06901,2024-09-18T20:19:48.000000Z
2024,262.8470949074074,43.08021,-79.06901,2024-09-18T20:19:49.000000Z
2024,262.84710648148143,43.08021,-79.069,2024-09-18T20:19:50.000000Z
2024,262.84711805555554,43.08021,-79.069,2024-09-18T20:19:51.000000Z
2024,262.8471296296296,43.08021,-79.069,2024-09-18T20:19:52.000000Z
2024,262.85733796296296,43.08027,-79.06906,2024-09-18T20:34:34.000000Z
2024,262.857349537037,43.08027,-79.06906,2024-09-18T20:34:35.000000Z
2024,262.8573611111111,43.08028,-79.06906,2024-09-18T20:34:36.000000Z
2024,262.85737268518517,43.08029,-79.06906,2024-09-18T20:34:37.000000Z
2024,262.8573842592592,43.08029,-79.06906,2024-09-18T20:34:38.000000Z
2024,262.8573958333333,43.0803,-79.06906,2024-09-18T20:34:39.000000Z
2024,262.8574074074074,43.0803,-79.06906,2024-09-18T20:34:40.000000Z
2024,262.8574189814815,43.0803,-79.06906,2024-09-18T20:34:41.000000Z
2024,262.85743055555554,43.0803,-79.06906,2024-09-18T20:34:42.000000Z
2024,262.8574421296296,43.0803,-79.06906,2024-09-18T20:34:43.000000Z
2024,262.8574537037037,43.0803,-79.06906,2024-09-18T20:34:44.000000Z
2024,262.85746527777775,43.0803,-79.06906,2024-09-18T20:34:45.000000Z
2024,262.85747685185186,43.0803,-79.06906,2024-09-18T20:34:46.000000Z
2024,262.8574884259259,43.08029,-79.06906,2024-09-18T20:34:47.000000Z
2024,262.85749999999996,43.08029,-79.06905,2024-09-18T20:34:48.000000Z
2024,262.85751157407407,43.08029,-79.06905,2024-09-18T20:34:49.000000Z
2024,262.8575231481481,43.08028,-79.06904,2024-09-18T20:34:50.000000Z
2024,262.8575347222222,43.08028,-79.06904,2024-09-18T20:34:51.000000Z
2024,262.8575462962963,43.08028,-79.06903,2024-09-18T20:34:52.000000Z
2024,262.86775462962964,43.0799,-79.06886,2024-09-18T20:49:34.000000Z
2024,262.8677662037037,43.07991,-79.06885,2024-09-18T20:49:35.000000Z
2024,262.8677777777778,43.07991,-79.06885,2024-09-18T20:49:36.000000Z
2024,262.86778935185185,43.07992,-79.06884,2024-09-18T20:49:37.000000Z
2024,262.8678009259259,43.07995,-79.06884,2024-09-18T20:49:38.000000Z
2024,262.8678125,43.07997,-79.06884,2024-09-18T20:49:39.000000Z
2024,262.86782407407406,43.08002,-79.06883,2024-09-18T20:49:40.000000Z
2024,262.8678356481482,43.08007,-79.06884,2024-09-18T20:49:41.000000Z
2024,262.8678472222222,43.0801,-79.06884,2024-09-18T20:49:42.000000Z
2024,262.8678587962963,43.08013,-79.06884,2024-09-18T20:49:43.000000Z
2024,262.8678703703704,43.08014,-79.06884,2024-09-18T20:49:44.000000Z
2024,262.86788194444443,43.08015,-79.06883,2024-09-18T20:49:45.000000Z
2024,262.86789351851854,43.08016,-79.06884,2024-09-18T20:49:46.000000Z
2024,262.8679050925926,43.08017,-79.06884,2024-09-18T20:49:47.000000Z
2024,262.86791666666664,43.08018,-79.06884,2024-09-18T20:49:48.000000Z
2024,262.86792824074075,43.08019,-79.06884,2024-09-18T20:49:49.000000Z
2024,262.8679398148148,43.08018,-79.06884,2024-09-18T20:49:50.000000Z
2024,262.8679513888889,43.08019,-79.06884,2024-09-18T20:49:51.000000Z
2024,262.86796296296296,43.08019,-79.06884,2024-09-18T20:49:52.000000Z
2024,262.87817129629633,43.08027,-79.069,2024-09-18T21:04:34.000000Z
2024,262.8781828703704,43.08027,-79.069,2024-09-18T21:04:35.000000Z
2024,262.8781944444445,43.08026,-79.069,2024-09-18T21:04:36.000000Z
2024,262.87820601851854,43.08026,-79.069,2024-09-18T21:04:37.000000Z
2024,262.8782175925926,43.08026,-79.069,2024-09-18T21:04:38.000000Z
2024,262.8782291666667,43.08025,-79.069,2024-09-18T21:04:39.000000Z
2024,262.87824074074075,43.08025,-79.069,2024-09-18T21:04:40.000000Z
2024,262.87825231481486,43.08025,-79.069,2024-09-18T21:04:41.000000Z
2024,262.8782638888889,43.08024,-79.069,2024-09-18T21:04:42.000000Z
2024,262.87827546296296,43.08024,-79.069,2024-09-18T21:04:43.000000Z
2024,262.87828703703707,43.08024,-79.06901,2024-09-18T21:04:44.000000Z
2024,262.8782986111111,43.08023,-79.06901,2024-09-18T21:04:45.000000Z
2024,262.8783101851852,43.08023,-79.06901,2024-09-18T21:04:46.000000Z
2024,262.8783217592593,43.08023,-79.06901,2024-09-18T21:04:47.000000Z
2024,262.87833333333333,43.08023,-79.06901,2024-09-18T21:04:48.000000Z
2024,262.87834490740744,43.08023,-79.06901,2024-09-18T21:04:49.000000Z
2024,262.8783564814815,43.08023,-79.06901,2024-09-18T21:04:50.000000Z
2024,262.8783680555556,43.08023,-79.069,2024-09-18T21:04:51.000000Z
2024,262.87837962962965,43.08022,-79.069,2024-09-18T21:04:52.000000Z
2024,262.88858796296296,43.08009,-79.06897,2024-09-18T21:19:34.000000Z
2024,262.888599537037,43.0801,-79.06897,2024-09-18T21:19:35.000000Z
2024,262.8886111111111,43.0801,-79.06897,2024-09-18T21:19:36.000000Z
2024,262.88862268518517,43.08012,-79.06896,2024-09-18T21:19:37.000000Z
2024,262.8886342592592,43.08014,-79.06894,2024-09-18T21:19:38.000000Z
2024,262.8886458333333,43.08015,-79.06893,2024-09-18T21:19:39.000000Z
2024,262.8886574074074,43.08016,-79.06893,2024-09-18T21:19:40.000000Z
2024,262.8886689814815,43.08017,-79.06892,2024-09-18T21:19:41.000000Z
2024,262.88868055555554,43.08018,-79.06892,2024-09-18T21:19:42.000000Z
2024,262.8886921296296,43.08018,-79.06891,2024-09-18T21:19:43.000000Z
2024,262.8887037037037,43.08019,-79.06891,2024-09-18T21:19:44.000000Z
2024,262.88871527777775,43.0802,-79.06891,2024-09-18T21:19:45.000000Z
2024,262.88872685185186,43.0802,-79.0689,2024-09-18T21:19:46.000000Z
2024,262.8887384259259,43.0802,-79.0689,2024-09-18T21:19:47.000000Z
2024,262.88874999999996,43.08021,-79.0689,2024-09-18T21:19:48.000000Z
2024,262.88876157407407,43.08021,-79.0689,2024-09-18T21:19:49.000000Z
2024,262.8887731481481,43.08021,-79.0689,2024-09-18T21:19:50.000000Z
2024,262.8887847222222,43.08021,-79.0689,2024-09-18T21:19:51.000000Z
2024,262.8887962962963,43.08021,-79.0689,2024-09-18T21:19:52.000000Z
2024,262.89900462962964,43.08026,-79.06898,2024-09-18T21:34:34.000000Z
2024,262.8990162037037,43.08026,-79.06899,2024-09-18T21:34:35.000000Z
2024,262.8990277777778,43.08026,-79.06898,2024-09-18T21:34:36.000000Z
2024,262.89903935185185,43.08026,-79.06898,2024-09-18T21:34:37.000000Z
2024,262.8990509259259,43.08026,-79.06897,2024-09-18T21:34:38.000000Z
2024,262.8990625,43.08026,-79.06897,2024-09-18T21:34:39.000000Z
2024,262.89907407407406,43.08026,-79.06896,2024-09-18T21:34:40.000000Z
2024,262.8990856481482,43.08026,-79.06896,2024-09-18T21:34:41.000000Z
2024,262.8990972222222,43.08026,-79.06896,2024-09-18T21:34:42.000000Z
2024,262.8991087962963,43.08026,-79.06895,2024-09-18T21:34:43.000000Z
2024,262.8991203703704,43.08026,-79.06895,2024-09-18T21:34:44.000000Z
2024,262.89913194444443,43.08026,-79.06894,2024-09-18T21:34:45.000000Z
2024,262.89914351851854,43.08026,-79.06894,2024-09-18T21:34:46.000000Z
2024,262.8991550925926,43.08026,-79.06894,2024-09-18T21:34:47.000000Z
2024,262.89916666666664,43.08026,-79.06893,2024-09-18T21:34:48.000000Z
2024,262.89917824074075,43.08026,-79.06893,2024-09-18T21:34:49.000000Z
2024,262.8991898148148,43.08026,-79.06893,2024-09-18T21:34:50.000000Z
2024,262.8992013888889,43.08026,-79.06893,2024-09-18T21:34:51.000000Z
2024,262.89921296296296,43.08026,-79.06892,2024-09-18T21:34:52.000000Z
2024,262.9094328703704,43.08041,-79.06896,2024-09-18T21:49:35.000000Z
2024,262.9094444444445,43.08041,-79.06899,2024-09-18T21:49:36.000000Z
2024,262.90945601851854,43.08042,-79.069,2024-09-18T21:49:37.000000Z
2024,262.9094675925926,43.08042,-79.06902,2024-09-18T21:49:38.000000Z
2024,262.9094791666667,43.08042,-79.06903,2024-09-18T21:49:39.000000Z
2024,262.90949074074075,43.08041,-79.06903,2024-09-18T21:49:40.000000Z
2024,262.90950231481486,43.0804,-79.06903,2024-09-18T21:49:41.000000Z
2024,262.9095138888889,43.08039,-79.06903,2024-09-18T21:49:42.000000Z
2024,262.90952546296296,43.08039,-79.06903,2024-09-18T21:49:43.000000Z
2024,262.9095601851852,43.08039,-79.06904,2024-09-18T21:49:46.000000Z
2024,262.9095717592593,43.08039,-79.06904,2024-09-18T21:49:47.000000Z
2024,262.90958333333333,43.08039,-79.06904,2024-09-18T21:49:48.000000Z
2024,262.90959490740744,43.0804,-79.06904,2024-09-18T21:49:49.000000Z
2024,262.9096064814815,43.08041,-79.06904,2024-09-18T21:49:50.000000Z
2024,262.9096180555556,43.08042,-79.06904,2024-09-18T21:49:51.000000Z
2024,262.90962962962965,43.08042,-79.06904,2024-09-18T21:49:52.000000Z
2024,262.9096412037037,43.08043,-79.06904,2024-09-18T21:49:53.000000Z
2024,262.9096527777778,43.08043,-79.06904,2024-09-18T21:49:54.000000Z
2024,262.90966435185186,43.08044,-79.06904,2024-09-18T21:49:55.000000Z
2024,262.919837962963,43.08005,-79.06903,2024-09-18T22:04:34.000000Z
2024,262.91984953703707,43.08005,-79.06903,2024-09-18T22:04:35.000000Z
2024,262.9198611111112,43.08005,-79.06903,2024-09-18T22:04:36.000000Z
2024,262.9198726851852,43.08005,-79.06903,2024-09-18T22:04:37.000000Z
2024,262.9198842592593,43.08006,-79.06903,2024-09-18T22:04:38.000000Z
2024,262.9198958333334,43.08006,-79.06903,2024-09-18T22:04:39.000000Z
2024,262.91990740740744,43.08007,-79.06903,2024-09-18T22:04:40.000000Z
2024,262.91991898148154,43.08007,-79.06903,2024-09-18T22:04:41.000000Z
2024,262.9199305555556,43.08007,-79.06902,2024-09-18T22:04:42.000000Z
2024,262.91994212962965,43.08007,-79.06902,2024-09-18T22:04:43.000000Z
2024,262.91995370370375,43.08008,-79.06902,2024-09-18T22:04:44.000000Z
2024,262.9199652777778,43.08008,-79.06902,2024-09-18T22:04:45.000000Z
2024,262.9199768518519,43.0801,-79.06902,2024-09-18T22:04:46.000000Z
2024,262.91998842592596,43.0801,-79.06901,2024-09-18T22:04:47.000000Z
2024,262.92,43.08011,-79.06901,2024-09-18T22:04:48.000000Z
2024,262.9200115740741,43.08011,-79.06901,2024-09-18T22:04:49.000000Z
2024,262.9200231481482,43.08012,-79.06901,2024-09-18T22:04:50.000000Z
2024,262.9200347222223,43.08012,-79.069,2024-09-18T22:04:51.000000Z
2024,262.92004629629633,43.08013,-79.069,2024-09-18T22:04:52.000000Z
2024,262.93025462962964,43.08035,-79.06904,2024-09-18T22:19:34.000000Z
2024,262.9302662037037,43.08035,-79.06904,2024-09-18T22:19:35.000000Z
2024,262.9302777777778,43.08034,-79.06903,2024-09-18T22:19:36.000000Z
2024,262.93028935185185,43.08034,-79.06903,2024-09-18T22:19:37.000000Z
2024,262.9303009259259,43.08033,-79.06903,2024-09-18T22:19:38.000000Z
2024,262.9303125,43.08032,-79.06903,2024-09-18T22:19:39.000000Z
2024,262.93032407407406,43.08032,-79.06903,2024-09-18T22:19:40.000000Z
2024,262.9303356481482,43.08032,-79.06903,2024-09-18T22:19:41.000000Z
2024,262.9303472222222,43.08032,-79.06903,2024-09-18T22:19:42.000000Z
2024,262.9303587962963,43.08032,-79.06903,2024-09-18T22:19:43.000000Z
2024,262.9303703703704,43.08032,-79.06902,2024-09-18T22:19:44.000000Z
2024,262.93038194444443,43.08031,-79.06902,2024-09-18T22:19:45.000000Z
2024,262.93039351851854,43.08031,-79.06902,2024-09-18T22:19:46.000000Z
2024,262.9304050925926,43.08031,-79.06901,2024-09-18T22:19:47.000000Z
2024,262.93041666666664,43.08031,-79.069,2024-09-18T22:19:48.000000Z
2024,262.93042824074075,43.08032,-79.069,2024-09-18T22:19:49.000000Z
2024,262.9304398148148,43.08032,-79.069,2024-09-18T22:19:50.000000Z
2024,262.9304513888889,43.08032,-79.069,2024-09-18T22:19:51.000000Z
2024,262.93046296296296,43.08032,-79.069,2024-09-18T22:19:52.000000Z
2024,262.94067129629633,43.08042,-79.06904,2024-09-18T22:34:34.000000Z
2024,262.9406828703704,43.08042,-79.06904,2024-09-18T22:34:35.000000Z
2024,262.9406944444445,43.08042,-79.06904,2024-09-18T22:34:36.000000Z
2024,262.94070601851854,43.08042,-79.06905,2024-09-18T22:34:37.000000Z
2024,262.9407175925926,43.08042,-79.06905,2024-09-18T22:34:38.000000Z
2024,262.9407291666667,43.08042,-79.06905,2024-09-18T22:34:39.000000Z
2024,262.94074074074075,43.08042,-79.06906,2024-09-18T22:34:40.000000Z
2024,262.94075231481486,43.08042,-79.06906,2024-09-18T22:34:41.000000Z
2024,262.9407638888889,43.08041,-79.06906,2024-09-18T22:34:42.000000Z
2024,262.94077546296296,43.08041,-79.06906,2024-09-18T22:34:43.000000Z
2024,262.94078703703707,43.08041,-79.06906,2024-09-18T22:34:44.000000Z
2024,262.9407986111111,43.08041,-79.06907,2024-09-18T22:34:45.000000Z
2024,262.9408101851852,43.08041,-79.06907,2024-09-18T22:34:46.000000Z
2024,262.9408217592593,43.0804,-79.06908,2024-09-18T22:34:47.000000Z
2024,262.94083333333333,43.0804,-79.06908,2024-09-18T22:34:48.000000Z
2024,262.94084490740744,43.0804,-79.06909,2024-09-18T22:34:49.000000Z
2024,262.9408564814815,43.0804,-79.06909,2024-09-18T22:34:50.000000Z
2024,262.9408680555556,43.08039,-79.06909,2024-09-18T22:34:51.000000Z
2024,262.94087962962965,43.08039,-79.06909,2024-09-18T22:34:52.000000Z
2024,262.951087962963,43.08034,-79.06891,2024-09-18T22:49:34.000000Z
2024,262.95109953703707,43.08034,-79.06891,2024-09-18T22:49:35.000000Z
2024,262.9511111111112,43.08033,-79.06891,2024-09-18T22:49:36.000000Z
2024,262.9511226851852,43.08033,-79.06891,2024-09-18T22:49:37.000000Z
2024,262.9511342592593,43.08034,-79.06892,2024-09-18T22:49:38.000000Z
2024,262.9511458333334,43.08034,-79.06893,2024-09-18T22:49:39.000000Z
2024,262.95115740740744,43.08032,-79.06893,2024-09-18T22:49:40.000000Z
2024,262.95116898148154,43.08032,-79.06893,2024-09-18T22:49:41.000000Z
2024,262.9511805555556,43.08032,-79.06894,2024-09-18T22:49:42.000000Z
2024,262.95119212962965,43.08032,-79.06895,2024-09-18T22:49:43.000000Z
2024,262.95120370370375,43.08032,-79.06896,2024-09-18T22:49:44.000000Z
2024,262.9512152777778,43.08032,-79.06896,2024-09-18T22:49:45.000000Z
2024,262.9512268518519,43.08033,-79.06896,2024-09-18T22:49:46.000000Z
2024,262.95123842592596,43.08033,-79.06897,2024-09-18T22:49:47.000000Z
2024,262.95125,43.08033,-79.06897,2024-09-18T22:49:48.000000Z
2024,262.9512615740741,43.08033,-79.06897,2024-09-18T22:49:49.000000Z
2024,262.9512731481482,43.08033,-79.06897,2024-09-18T22:49:50.000000Z
2024,262.9512847222223,43.08033,-79.06897,2024-09-18T22:49:51.000000Z
2024,262.95129629629633,43.08033,-79.06896,2024-09-18T22:49:52.000000Z
2024,262.96150462962964,43.0805,-79.0691,2024-09-18T23:04:34.000000Z
2024,262.9615162037037,43.08045,-79.06906,2024-09-18T23:04:35.000000Z
2024,262.9615277777778,43.08045,-79.06906,2024-09-18T23:04:36.000000Z
2024,262.96153935185185,43.08044,-79.06906,2024-09-18T23:04:37.000000Z
2024,262.9615509259259,43.08043,-79.06905,2024-09-18T23:04:38.000000Z
2024,262.9615625,43.08042,-79.06904,2024-09-18T23:04:39.000000Z
2024,262.96157407407406,43.08041,-79.06904,2024-09-18T23:04:40.000000Z
2024,262.9615856481482,43.08041,-79.06904,2024-09-18T23:04:41.000000Z
2024,262.9615972222222,43.0804,-79.06903,2024-09-18T23:04:42.000000Z
2024,262.9616087962963,43.08039,-79.06903,2024-09-18T23:04:43.000000Z
2024,262.9616203703704,43.08039,-79.06903,2024-09-18T23:04:44.000000Z
2024,262.96163194444443,43.08038,-79.06903,2024-09-18T23:04:45.000000Z
2024,262.96164351851854,43.08037,-79.06903,2024-09-18T23:04:46.000000Z
2024,262.9616550925926,43.08036,-79.06903,2024-09-18T23:04:47.000000Z
2024,262.96166666666664,43.08036,-79.06902,2024-09-18T23:04:48.000000Z
2024,262.96167824074075,43.08035,-79.06902,2024-09-18T23:04:49.000000Z
2024,262.9616898148148,43.08034,-79.06902,2024-09-18T23:04:50.000000Z
2024,262.9617013888889,43.08034,-79.06902,2024-09-18T23:04:51.000000Z
2024,262.96171296296296,43.08033,-79.06902,2024-09-18T23:04:52.000000Z
2024,262.9719212962963,43.08048,-79.06898,2024-09-18T23:19:34.000000Z
2024,262.9719328703703,43.08049,-79.06896,2024-09-18T23:19:35.000000Z
2024,262.97194444444443,43.08049,-79.06897,2024-09-18T23:19:36.000000Z
2024,262.9719560185185,43.08048,-79.06897,2024-09-18T23:19:37.000000Z
2024,262.97196759259253,43.08047,-79.06897,2024-09-18T23:19:38.000000Z
2024,262.97197916666664,43.08047,-79.06896,2024-09-18T23:19:39.000000Z
2024,262.9719907407407,43.08047,-79.06896,2024-09-18T23:19:40.000000Z
2024,262.9720023148148,43.08046,-79.06896,2024-09-18T23:19:41.000000Z
2024,262.97201388888885,43.08045,-79.06895,2024-09-18T23:19:42.000000Z
2024,262.9720254629629,43.08045,-79.06895,2024-09-18T23:19:43.000000Z
2024,262.972037037037,43.08044,-79.06894,2024-09-18T23:19:44.000000Z
2024,262.97204861111106,43.08043,-79.06894,2024-09-18T23:19:45.000000Z
2024,262.97206018518517,43.08042,-79.06894,2024-09-18T23:19:46.000000Z
2024,262.9720717592592,43.08042,-79.06893,2024-09-18T23:19:47.000000Z
2024,262.9720833333333,43.08041,-79.06894,2024-09-18T23:19:48.000000Z
2024,262.9720949074074,43.0804,-79.06893,2024-09-18T23:19:49.000000Z
2024,262.97210648148143,43.0804,-79.06893,2024-09-18T23:19:50.000000Z
2024,262.97211805555554,43.08039,-79.06893,2024-09-18T23:19:51.000000Z
2024,262.9721296296296,43.08038,-79.06893,2024-09-18T23:19:52.000000Z
2024,262.98233796296296,43.08019,-79.06915,2024-09-18T23:34:34.000000Z
2024,262.982349537037,43.08021,-79.06916,2024-09-18T23:34:35.000000Z
2024,262.9823611111111,43.08022,-79.06915,2024-09-18T23:34:36.000000Z
2024,262.98237268518517,43.08023,-79.06915,2024-09-18T23:34:37.000000Z
2024,262.9823842592592,43.08024,-79.06915,2024-09-18T23:34:38.000000Z
2024,262.9823958333333,43.08024,-79.06915,2024-09-18T23:34:39.000000Z
2024,262.9824074074074,43.08025,-79.06916,2024-09-18T23:34:40.000000Z
2024,262.98243055555554,43.08026,-79.06915,2024-09-18T23:34:42.000000Z
2024,262.9824421296296,43.08026,-79.06915,2024-09-18T23:34:43.000000Z
2024,262.9824537037037,43.08026,-79.06915,2024-09-18T23:34:44.000000Z
2024,262.98246527777775,43.08026,-79.06914,2024-09-18T23:34:45.000000Z
2024,262.98247685185186,43.08026,-79.06914,2024-09-18T23:34:46.000000Z
2024,262.9824884259259,43.08026,-79.06914,2024-09-18T23:34:47.000000Z
2024,262.98249999999996,43.08026,-79.06915,2024-09-18T23:34:48.000000Z
2024,262.98251157407407,43.08026,-79.06915,2024-09-18T23:34:49.000000Z
2024,262.9825231481481,43.08026,-79.06916,2024-09-18T23:34:50.000000Z
2024,262.9825347222222,43.08027,-79.06916,2024-09-18T23:34:51.000000Z
2024,262.9825462962963,43.08027,-79.06916,2024-09-18T23:34:52.000000Z
2024,262.98255787037033,43.08028,-79.06916,2024-09-18T23:34:53.000000Z
2024,262.99278935185185,43.08032,-79.0689,2024-09-18T23:49:37.000000Z
2024,262.9928009259259,43.08033,-79.06891,2024-09-18T23:49:38.000000Z
2024,262.9928125,43.08033,-79.06891,2024-09-18T23:49:39.000000Z
2024,262.99282407407406,43.08037,-79.06892,2024-09-18T23:49:40.000000Z
2024,262.9928356481482,43.08037,-79.06892,2024-09-18T23:49:41.000000Z
2024,262.9928472222222,43.08037,-79.06892,2024-09-18T23:49:42.000000Z
2024,262.9928587962963,43.08037,-79.06892,2024-09-18T23:49:43.000000Z
2024,262.9928703703704,43.08037,-79.06892,2024-09-18T23:49:44.000000Z
2024,262.99288194444443,43.08037,-79.06892,2024-09-18T23:49:45.000000Z
2024,262.99289351851854,43.08036,-79.06893,2024-09-18T23:49:46.000000Z
2024,262.9929050925926,43.08036,-79.06894,2024-09-18T23:49:47.000000Z
2024,262.99291666666664,43.08035,-79.06895,2024-09-18T23:49:48.000000Z
2024,262.99292824074075,43.08035,-79.06896,2024-09-18T23:49:49.000000Z
2024,262.9929398148148,43.08034,-79.06896,2024-09-18T23:49:50.000000Z
2024,262.9929513888889,43.08034,-79.06897,2024-09-18T23:49:51.000000Z
2024,262.99296296296296,43.08033,-79.06897,2024-09-18T23:49:52.000000Z
2024,262.992974537037,43.08033,-79.06898,2024-09-18T23:49:53.000000Z
2024,262.9929861111111,43.08033,-79.06898,2024-09-18T23:49:54.000000Z
2024,262.9929976851852,43.08034,-79.069,2024-09-18T23:49:55.000000Z
2024,262.9930092592593,43.08034,-79.069,2024-09-18T23:49:56.000000Z
2024,263.0031597222222,43.08026,-79.06898,2024-09-19T00:04:33.000000Z
2024,263.00317129629633,43.08026,-79.06898,2024-09-19T00:04:34.000000Z
2024,263.0031828703704,43.08026,-79.06897,2024-09-19T00:04:35.000000Z
2024,263.0031944444445,43.08026,-79.06897,2024-09-19T00:04:36.000000Z
2024,263.00320601851854,43.08026,-79.06897,2024-09-19T00:04:37.000000Z
2024,263.0032175925926,43.08026,-79.06897,2024-09-19T00:04:38.000000Z
2024,263.0032291666667,43.08026,-79.06897,2024-09-19T00:04:39.000000Z
2024,263.00324074074075,43.08026,-79.06897,2024-09-19T00:04:40.000000Z
2024,263.00325231481486,43.08026,-79.06897,2024-09-19T00:04:41.000000Z
2024,263.0032638888889,43.08026,-79.06897,2024-09-19T00:04:42.000000Z
2024,263.00327546296296,43.08026,-79.06897,2024-09-19T00:04:43.000000Z
2024,263.00328703703707,43.08026,-79.06897,2024-09-19T00:04:44.000000Z
2024,263.0032986111111,43.08025,-79.06897,2024-09-19T00:04:45.000000Z
2024,263.0033101851852,43.08025,-79.06897,2024-09-19T00:04:46.000000Z
2024,263.0033217592593,43.08025,-79.06897,2024-09-19T00:04:47.000000Z
2024,263.00333333333333,43.08025,-79.06897,2024-09-19T00:04:48.000000Z
2024,263.00334490740744,43.08025,-79.06898,2024-09-19T00:04:49.000000Z
2024,263.0033564814815,43.08025,-79.06898,2024-09-19T00:04:50.000000Z
2024,263.0033680555556,43.08025,-79.06898,2024-09-19T00:04:51.000000Z
2024,263.00337962962965,43.08025,-79.06898,2024-09-19T00:04:52.000000Z
2024,263.01357638888885,43.0803,-79.06895,2024-09-19T00:19:33.000000Z
2024,263.01358796296296,43.0803,-79.06896,2024-09-19T00:19:34.000000Z
2024,263.013599537037,43.08029,-79.06895,2024-09-19T00:19:35.000000Z
2024,263.0136111111111,43.08029,-79.06895,2024-09-19T00:19:36.000000Z
2024,263.01362268518517,43.08028,-79.06895,2024-09-19T00:19:37.000000Z
2024,263.0136342592592,43.08028,-79.06895,2024-09-19T00:19:38.000000Z
2024,263.0136458333333,43.08027,-79.06895,2024-09-19T00:19:39.000000Z
2024,263.0136574074074,43.08027,-79.06895,2024-09-19T00:19:40.000000Z
2024,263.0136689814815,43.08027,-79.06896,2024-09-19T00:19:41.000000Z
2024,263.01368055555554,43.08027,-79.06896,2024-09-19T00:19:42.000000Z
2024,263.0136921296296,43.08026,-79.06896,2024-09-19T00:19:43.000000Z
2024,263.0137037037037,43.08026,-79.06896,2024-09-19T00:19:44.000000Z
2024,263.01371527777775,43.08026,-79.06897,2024-09-19T00:19:45.000000Z
2024,263.01372685185186,43.08027,-79.06897,2024-09-19T00:19:46.000000Z
2024,263.0137384259259,43.08027,-79.06898,2024-09-19T00:19:47.000000Z
2024,263.01374999999996,43.08027,-79.06898,2024-09-19T00:19:48.000000Z
2024,263.01376157407407,43.08027,-79.06899,2024-09-19T00:19:49.000000Z
2024,263.0137731481481,43.08027,-79.06899,2024-09-19T00:19:50.000000Z
2024,263.0137847222222,43.08027,-79.069,2024-09-19T00:19:51.000000Z
2024,263.0137962962963,43.08027,-79.069,2024-09-19T00:19:52.000000Z
2024,263.02399305555554,43.08011,-79.06887,2024-09-19T00:34:33.000000Z
2024,263.02400462962964,43.0801,-79.06887,2024-09-19T00:34:34.000000Z
2024,263.0240162037037,43.08011,-79.06886,2024-09-19T00:34:35.000000Z
2024,263.0240277777778,43.08011,-79.06886,2024-09-19T00:34:36.000000Z
2024,263.02403935185185,43.08011,-79.06886,2024-09-19T00:34:37.000000Z
2024,263.0240509259259,43.08011,-79.06886,2024-09-19T00:34:38.000000Z
2024,263.0240625,43.08012,-79.06885,2024-09-19T00:34:39.000000Z
2024,263.02407407407406,43.08012,-79.06886,2024-09-19T00:34:40.000000Z
2024,263.0240856481482,43.08012,-79.06886,2024-09-19T00:34:41.000000Z
2024,263.0240972222222,43.08012,-79.06886,2024-09-19T00:34:42.000000Z
2024,263.0241087962963,43.08013,-79.06886,2024-09-19T00:34:43.000000Z
2024,263.0241203703704,43.08013,-79.06886,2024-09-19T00:34:44.000000Z
2024,263.02413194444443,43.08013,-79.06886,2024-09-19T00:34:45.000000Z
2024,263.02414351851854,43.08014,-79.06886,2024-09-19T00:34:46.000000Z
2024,263.0241550925926,43.08015,-79.06886,2024-09-19T00:34:47.000000Z
2024,263.02416666666664,43.08015,-79.06887,2024-09-19T00:34:48.000000Z
2024,263.02417824074075,43.08015,-79.06887,2024-09-19T00:34:49.000000Z
2024,263.0241898148148,43.08016,-79.06887,2024-09-19T00:34:50.000000Z
2024,263.0242013888889,43.08016,-79.06887,2024-09-19T00:34:51.000000Z
2024,263.02421296296296,43.08016,-79.06887,2024-09-19T00:34:52.000000Z
2024,263.0344097222222,43.08029,-79.06902,2024-09-19T00:49:33.000000Z
2024,263.03442129629633,43.08028,-79.06902,2024-09-19T00:49:34.000000Z
2024,263.0344328703704,43.08027,-79.06902,2024-09-19T00:49:35.000000Z
2024,263.0344444444445,43.08027,-79.06902,2024-09-19T00:49:36.000000Z
2024,263.03445601851854,43.08027,-79.06902,2024-09-19T00:49:37.000000Z
2024,263.0344675925926,43.08027,-79.06902,2024-09-19T00:49:38.000000Z
2024,263.0344791666667,43.08027,-79.06902,2024-09-19T00:49:39.000000Z
2024,263.03449074074075,43.08027,-79.06902,2024-09-19T00:49:40.000000Z
2024,263.03450231481486,43.08027,-79.06902,2024-09-19T00:49:41.000000Z
2024,263.0345138888889,43.08027,-79.06902,2024-09-19T00:49:42.000000Z
2024,263.03452546296296,43.08027,-79.06901,2024-09-19T00:49:43.000000Z
2024,263.03453703703707,43.08028,-79.06902,2024-09-19T00:49:44.000000Z
2024,263.0345486111111,43.08028,-79.06902,2024-09-19T00:49:45.000000Z
2024,263.0345601851852,43.08028,-79.06902,2024-09-19T00:49:46.000000Z
2024,263.0345717592593,43.08028,-79.06902,2024-09-19T00:49:47.000000Z
2024,263.03458333333333,43.08029,-79.06902,2024-09-19T00:49:48.000000Z
2024,263.03459490740744,43.08029,-79.06901,2024-09-19T00:49:49.000000Z
2024,263.0346064814815,43.08029,-79.06902,2024-09-19T00:49:50.000000Z
2024,263.0346180555556,43.08029,-79.06902,2024-09-19T00:49:51.000000Z
2024,263.03462962962965,43.0803,-79.06902,2024-09-19T00:49:52.000000Z
2024,263.0448263888889,43.08026,-79.06893,2024-09-19T01:04:33.000000Z
2024,263.044837962963,43.08026,-79.06893,2024-09-19T01:04:34.000000Z
2024,263.04484953703707,43.08026,-79.06894,2024-09-19T01:04:35.000000Z
2024,263.0448611111112,43.08026,-79.06894,2024-09-19T01:04:36.000000Z
2024,263.0448726851852,43.08026,-79.06894,2024-09-19T01:04:37.000000Z
2024,263.0448842592593,43.08027,-79.06894,2024-09-19T01:04:38.000000Z
2024,263.0448958333334,43.08027,-79.06894,2024-09-19T01:04:39.000000Z
2024,263.04490740740744,43.08028,-79.06895,2024-09-19T01:04:40.000000Z
2024,263.04491898148154,43.08028,-79.06895,2024-09-19T01:04:41.000000Z
2024,263.0449305555556,43.08029,-79.06896,2024-09-19T01:04:42.000000Z
2024,263.04494212962965,43.08029,-79.06896,2024-09-19T01:04:43.000000Z
2024,263.04495370370375,43.08029,-79.06896,2024-09-19T01:04:44.000000Z
2024,263.0449652777778,43.0803,-79.06895,2024-09-19T01:04:45.000000Z
2024,263.0449768518519,43.0803,-79.06895,2024-09-19T01:04:46.000000Z
2024,263.04498842592596,43.0803,-79.06894,2024-09-19T01:04:47.000000Z
2024,263.045,43.08031,-79.06894,2024-09-19T01:04:48.000000Z
2024,263.0450115740741,43.08031,-79.06895,2024-09-19T01:04:49.000000Z
2024,263.0450231481482,43.08031,-79.06895,2024-09-19T01:04:50.000000Z
2024,263.0450347222223,43.08031,-79.06895,2024-09-19T01:04:51.000000Z
2024,263.04504629629633,43.08031,-79.06895,2024-09-19T01:04:52.000000Z
2024,263.05524305555554,43.08025,-79.06893,2024-09-19T01:19:33.000000Z
2024,263.05525462962964,43.08025,-79.06892,2024-09-19T01:19:34.000000Z
2024,263.0552662037037,43.08024,-79.06892,2024-09-19T01:19:35.000000Z
2024,263.0552777777778,43.08024,-79.06891,2024-09-19T01:19:36.000000Z
2024,263.05528935185185,43.08024,-79.06891,2024-09-19T01:19:37.000000Z
2024,263.0553009259259,43.08024,-79.06891,2024-09-19T01:19:38.000000Z
2024,263.0553125,43.08025,-79.06891,2024-09-19T01:19:39.000000Z
2024,263.05532407407406,43.08024,-79.06892,2024-09-19T01:19:40.000000Z
2024,263.0553356481482,43.08024,-79.06892,2024-09-19T01:19:41.000000Z
2024,263.0553472222222,43.08024,-79.06891,2024-09-19T01:19:42.000000Z
2024,263.0553587962963,43.08024,-79.06891,2024-09-19T01:19:43.000000Z
2024,263.0553703703704,43.08024,-79.06891,2024-09-19T01:19:44.000000Z
2024,263.05538194444443,43.08024,-79.06891,2024-09-19T01:19:45.000000Z
2024,263.05539351851854,43.08024,-79.06891,2024-09-19T01:19:46.000000Z
2024,263.0554050925926,43.08024,-79.06891,2024-09-19T01:19:47.000000Z
2024,263.05541666666664,43.08024,-79.06891,2024-09-19T01:19:48.000000Z
2024,263.05542824074075,43.08024,-79.06891,2024-09-19T01:19:49.000000Z
2024,263.0554398148148,43.08024,-79.06891,2024-09-19T01:19:50.000000Z
2024,263.0554513888889,43.08024,-79.06892,2024-09-19T01:19:51.000000Z
2024,263.05546296296296,43.08024,-79.06892,2024-09-19T01:19:52.000000Z
2024,263.0656597222222,43.08023,-79.06893,2024-09-19T01:34:33.000000Z
2024,263.06567129629633,43.08024,-79.06893,2024-09-19T01:34:34.000000Z
2024,263.0656828703704,43.08024,-79.06893,2024-09-19T01:34:35.000000Z
2024,263.0656944444445,43.08024,-79.06893,2024-09-19T01:34:36.000000Z
2024,263.06570601851854,43.08024,-79.06893,2024-09-19T01:34:37.000000Z
2024,263.0657175925926,43.08024,-79.06893,2024-09-19T01:34:38.000000Z
2024,263.0657291666667,43.08024,-79.06893,2024-09-19T01:34:39.000000Z
2024,263.06574074074075,43.08024,-79.06893,2024-09-19T01:34:40.000000Z
2024,263.06575231481486,43.08024,-79.06893,2024-09-19T01:34:41.000000Z
2024,263.0657638888889,43.08024,-79.06893,2024-09-19T01:34:42.000000Z
2024,263.06577546296296,43.08024,-79.06893,2024-09-19T01:34:43.000000Z
2024,263.06578703703707,43.08024,-79.06893,2024-09-19T01:34:44.000000Z
2024,263.0657986111111,43.08024,-79.06893,2024-09-19T01:34:45.000000Z
2024,263.0658101851852,43.08024,-79.06893,2024-09-19T01:34:46.000000Z
2024,263.0658217592593,43.08025,-79.06893,2024-09-19T01:34:47.000000Z
2024,263.06583333333333,43.08025,-79.06893,2024-09-19T01:34:48.000000Z
2024,263.06584490740744,43.08025,-79.06893,2024-09-19T01:34:49.000000Z
2024,263.0658564814815,43.08025,-79.06893,2024-09-19T01:34:50.000000Z
2024,263.0658680555556,43.08026,-79.06893,2024-09-19T01:34:51.000000Z
2024,263.06587962962965,43.08026,-79.06893,2024-09-19T01:34:52.000000Z
2024,263.0760763888889,43.08029,-79.06896,2024-09-19T01:49:33.000000Z
2024,263.076087962963,43.0803,-79.06897,2024-09-19T01:49:34.000000Z
2024,263.07609953703707,43.0803,-79.06897,2024-09-19T01:49:35.000000Z
2024,263.0761111111112,43.0803,-79.06898,2024-09-19T01:49:36.000000Z
2024,263.0761226851852,43.0803,-79.06897,2024-09-19T01:49:37.000000Z
2024,263.0761342592593,43.0803,-79.06898,2024-09-19T01:49:38.000000Z
2024,263.0761458333334,43.0803,-79.06898,2024-09-19T01:49:39.000000Z
2024,263.07615740740744,43.08029,-79.06899,2024-09-19T01:49:40.000000Z
2024,263.07616898148154,43.08029,-79.069,2024-09-19T01:49:41.000000Z
2024,263.0761805555556,43.08028,-79.069,2024-09-19T01:49:42.000000Z
2024,263.07619212962965,43.08028,-79.069,2024-09-19T01:49:43.000000Z
2024,263.07620370370375,43.08028,-79.06901,2024-09-19T01:49:44.000000Z
2024,263.0762152777778,43.08028,-79.06901,2024-09-19T01:49:45.000000Z
2024,263.0762268518519,43.08027,-79.06901,2024-09-19T01:49:46.000000Z
2024,263.07623842592596,43.08026,-79.06901,2024-09-19T01:49:47.000000Z
2024,263.07625,43.08026,-79.06901,2024-09-19T01:49:48.000000Z
2024,263.0762615740741,43.08026,-79.06901,2024-09-19T01:49:49.000000Z
2024,263.0762731481482,43.08026,-79.06901,2024-09-19T01:49:50.000000Z
2024,263.0762847222223,43.08026,-79.069,2024-09-19T01:49:51.000000Z
2024,263.07629629629633,43.08025,-79.069,2024-09-19T01:49:52.000000Z
2024,263.08649305555554,43.08028,-79.06887,2024-09-19T02:04:33.000000Z
2024,263.08650462962964,43.08028,-79.06887,2024-09-19T02:04:34.000000Z
2024,263.0865162037037,43.08029,-79.06886,2024-09-19T02:04:35.000000Z
2024,263.0865277777778,43.08029,-79.06887,2024-09-19T02:04:36.000000Z
2024,263.08653935185185,43.0803,-79.06887,2024-09-19T02:04:37.000000Z
2024,263.0865509259259,43.08031,-79.06888,2024-09-19T02:04:38.000000Z
2024,263.0865625,43.08031,-79.06888,2024-09-19T02:04:39.000000Z
2024,263.08657407407406,43.08031,-79.06889,2024-09-19T02:04:40.000000Z
2024,263.0865856481482,43.08031,-79.0689,2024-09-19T02:04:41.000000Z
2024,263.0865972222222,43.08031,-79.06889,2024-09-19T02:04:42.000000Z
2024,263.0866087962963,43.08031,-79.06889,2024-09-19T02:04:43.000000Z
2024,263.0866203703704,43.08031,-79.06888,2024-09-19T02:04:44.000000Z
2024,263.08663194444443,43.08031,-79.06887,2024-09-19T02:04:45.000000Z
2024,263.08664351851854,43.08031,-79.06887,2024-09-19T02:04:46.000000Z
2024,263.0866550925926,43.08031,-79.06887,2024-09-19T02:04:47.000000Z
2024,263.08666666666664,43.08031,-79.06887,2024-09-19T02:04:48.000000Z
2024,263.08667824074075,43.08031,-79.06887,2024-09-19T02:04:49.000000Z
2024,263.0866898148148,43.08031,-79.06887,2024-09-19T02:04:50.000000Z
2024,263.0867013888889,43.08031,-79.06887,2024-09-19T02:04:51.000000Z
2024,263.08671296296296,43.08031,-79.06887,2024-09-19T02:04:52.000000Z
2024,263.09690972222216,43.08024,-79.06887,2024-09-19T02:19:33.000000Z
2024,263.0969212962963,43.08025,-79.06886,2024-09-19T02:19:34.000000Z
2024,263.0969328703703,43.08026,-79.06886,2024-09-19T02:19:35.000000Z
2024,263.09694444444443,43.08026,-79.06886,2024-09-19T02:19:36.000000Z
2024,263.0969560185185,43.08026,-79.06884,2024-09-19T02:19:37.000000Z
2024,263.09696759259253,43.08026,-79.06885,2024-09-19T02:19:38.000000Z
2024,263.09697916666664,43.08026,-79.06886,2024-09-19T02:19:39.000000Z
2024,263.0969907407407,43.08026,-79.06887,2024-09-19T02:19:40.000000Z
2024,263.0970023148148,43.08026,-79.06887,2024-09-19T02:19:41.000000Z
2024,263.09701388888885,43.08026,-79.06887,2024-09-19T02:19:42.000000Z
2024,263.0970254629629,43.08026,-79.06888,2024-09-19T02:19:43.000000Z
2024,263.097037037037,43.08025,-79.06888,2024-09-19T02:19:44.000000Z
2024,263.09704861111106,43.08025,-79.06888,2024-09-19T02:19:45.000000Z
2024,263.09706018518517,43.08024,-79.06888,2024-09-19T02:19:46.000000Z
2024,263.0970717592592,43.08024,-79.06889,2024-09-19T02:19:47.000000Z
2024,263.0970833333333,43.08023,-79.06889,2024-09-19T02:19:48.000000Z
2024,263.0970949074074,43.08023,-79.0689,2024-09-19T02:19:49.000000Z
2024,263.09710648148143,43.08023,-79.0689,2024-09-19T02:19:50.000000Z
2024,263.09711805555554,43.08022,-79.0689,2024-09-19T02:19:51.000000Z
2024,263.0971296296296,43.08021,-79.0689,2024-09-19T02:19:52.000000Z
2024,263.10732638888885,43.08027,-79.06901,2024-09-19T02:34:33.000000Z
2024,263.10733796296296,43.08027,-79.069,2024-09-19T02:34:34.000000Z
2024,263.107349537037,43.08028,-79.06899,2024-09-19T02:34:35.000000Z
2024,263.1073611111111,43.08027,-79.06899,2024-09-19T02:34:36.000000Z
2024,263.10737268518517,43.08027,-79.06898,2024-09-19T02:34:37.000000Z
2024,263.1073842592592,43.08026,-79.06897,2024-09-19T02:34:38.000000Z
2024,263.1073958333333,43.08026,-79.06896,2024-09-19T02:34:39.000000Z
2024,263.1074074074074,43.08026,-79.06896,2024-09-19T02:34:40.000000Z
2024,263.1074189814815,43.08025,-79.06896,2024-09-19T02:34:41.000000Z
2024,263.10743055555554,43.08025,-79.06895,2024-09-19T02:34:42.000000Z
2024,263.1074421296296,43.08024,-79.06895,2024-09-19T02:34:43.000000Z
2024,263.1074537037037,43.08024,-79.06895,2024-09-19T02:34:44.000000Z
2024,263.10746527777775,43.08024,-79.06895,2024-09-19T02:34:45.000000Z
2024,263.10747685185186,43.08024,-79.06895,2024-09-19T02:34:46.000000Z
2024,263.1074884259259,43.08023,-79.06894,2024-09-19T02:34:47.000000Z
2024,263.10749999999996,43.08023,-79.06894,2024-09-19T02:34:48.000000Z
2024,263.10751157407407,43.08023,-79.06893,2024-09-19T02:34:49.000000Z
2024,263.1075231481481,43.08022,-79.06893,2024-09-19T02:34:50.000000Z
2024,263.1075347222222,43.08022,-79.06893,2024-09-19T02:34:51.000000Z
2024,263.1075462962963,43.08022,-79.06892,2024-09-19T02:34:52.000000Z
2024,263.11774305555554,43.08029,-79.0688,2024-09-19T02:49:33.000000Z
2024,263.11775462962964,43.08029,-79.0688,2024-09-19T02:49:34.000000Z
2024,263.1177662037037,43.08028,-79.0688,2024-09-19T02:49:35.000000Z
2024,263.1177777777778,43.08028,-79.06881,2024-09-19T02:49:36.000000Z
2024,263.11778935185185,43.08028,-79.06881,2024-09-19T02:49:37.000000Z
2024,263.1178009259259,43.08027,-79.0688,2024-09-19T02:49:38.000000Z
2024,263.1178125,43.08027,-79.0688,2024-09-19T02:49:39.000000Z
2024,263.11782407407406,43.08027,-79.06879,2024-09-19T02:49:40.000000Z
2024,263.1178356481482,43.08027,-79.06878,2024-09-19T02:49:41.000000Z
2024,263.1178472222222,43.08028,-79.06877,2024-09-19T02:49:42.000000Z
2024,263.1178587962963,43.08028,-79.06877,2024-09-19T02:49:43.000000Z
2024,263.1178703703704,43.08028,-79.06877,2024-09-19T02:49:44.000000Z
2024,263.11788194444443,43.08028,-79.06876,2024-09-19T02:49:45.000000Z
2024,263.11789351851854,43.08028,-79.06876,2024-09-19T02:49:46.000000Z
2024,263.1179050925926,43.08028,-79.06876,2024-09-19T02:49:47.000000Z
2024,263.11791666666664,43.08028,-79.06876,2024-09-19T02:49:48.000000Z
2024,263.11792824074075,43.08028,-79.06877,2024-09-19T02:49:49.000000Z
2024,263.1179398148148,43.08028,-79.06877,2024-09-19T02:49:50.000000Z
2024,263.1179513888889,43.08027,-79.06877,2024-09-19T02:49:51.000000Z
2024,263.11796296296296,43.08027,-79.06877,2024-09-19T02:49:52.000000Z
2024,263.1281597222222,43.08021,-79.0689,2024-09-19T03:04:33.000000Z
2024,263.12817129629633,43.08021,-79.0689,2024-09-19T03:04:34.000000Z
2024,263.1281828703704,43.08021,-79.0689,2024-09-19T03:04:35.000000Z
2024,263.1281944444445,43.08021,-79.06889,2024-09-19T03:04:36.000000Z
2024,263.12820601851854,43.08021,-79.06888,2024-09-19T03:04:37.000000Z
2024,263.1282175925926,43.08021,-79.06888,2024-09-19T03:04:38.000000Z
2024,263.1282291666667,43.08021,-79.06887,2024-09-19T03:04:39.000000Z
2024,263.12824074074075,43.08021,-79.06886,2024-09-19T03:04:40.000000Z
2024,263.12825231481486,43.08021,-79.06885,2024-09-19T03:04:41.000000Z
2024,263.1282638888889,43.08021,-79.06884,2024-09-19T03:04:42.000000Z
2024,263.12827546296296,43.0802,-79.06884,2024-09-19T03:04:43.000000Z
2024,263.12828703703707,43.0802,-79.06884,2024-09-19T03:04:44.000000Z
2024,263.1282986111111,43.08019,-79.06884,2024-09-19T03:04:45.000000Z
2024,263.1283101851852,43.08019,-79.06884,2024-09-19T03:04:46.000000Z
2024,263.1283217592593,43.08018,-79.06884,2024-09-19T03:04:47.000000Z
2024,263.12833333333333,43.08018,-79.06884,2024-09-19T03:04:48.000000Z
2024,263.12834490740744,43.08018,-79.06884,2024-09-19T03:04:49.000000Z
2024,263.1283564814815,43.08019,-79.06883,2024-09-19T03:04:50.000000Z
2024,263.1283680555556,43.0802,-79.06883,2024-09-19T03:04:51.000000Z
2024,263.12837962962965,43.0802,-79.06883,2024-09-19T03:04:52.000000Z
2024,263.13857638888885,43.08023,-79.06896,2024-09-19T03:19:33.000000Z
2024,263.13858796296296,43.08023,-79.06896,2024-09-19T03:19:34.000000Z
2024,263.138599537037,43.08024,-79.06896,2024-09-19T03:19:35.000000Z
2024,263.1386111111111,43.08024,-79.06896,2024-09-19T03:19:36.000000Z
2024,263.13862268518517,43.08024,-79.06896,2024-09-19T03:19:37.000000Z
2024,263.1386342592592,43.08025,-79.06896,2024-09-19T03:19:38.000000Z
2024,263.1386458333333,43.08025,-79.06896,2024-09-19T03:19:39.000000Z
2024,263.1386574074074,43.08025,-79.06896,2024-09-19T03:19:40.000000Z
2024,263.1386689814815,43.08026,-79.06896,2024-09-19T03:19:41.000000Z
2024,263.13868055555554,43.08026,-79.06896,2024-09-19T03:19:42.000000Z
2024,263.1386921296296,43.08026,-79.06896,2024-09-19T03:19:43.000000Z
2024,263.1387037037037,43.08026,-79.06896,2024-09-19T03:19:44.000000Z
2024,263.13871527777775,43.08026,-79.06896,2024-09-19T03:19:45.000000Z
2024,263.13872685185186,43.08026,-79.06896,2024-09-19T03:19:46.000000Z
2024,263.1387384259259,43.08027,-79.06896,2024-09-19T03:19:47.000000Z
2024,263.13874999999996,43.08027,-79.06896,2024-09-19T03:19:48.000000Z
2024,263.13876157407407,43.08027,-79.06896,2024-09-19T03:19:49.000000Z
2024,263.1387731481481,43.08027,-79.06896,2024-09-19T03:19:50.000000Z
2024,263.1387847222222,43.08027,-79.06896,2024-09-19T03:19:51.000000Z
2024,263.1387962962963,43.08027,-79.06896,2024-09-19T03:19:52.000000Z
2024,263.14899305555554,43.08037,-79.06885,2024-09-19T03:34:33.000000Z
2024,263.14900462962964,43.08036,-79.06886,2024-09-19T03:34:34.000000Z
2024,263.1490162037037,43.08036,-79.06886,2024-09-19T03:34:35.000000Z
2024,263.1490277777778,43.08036,-79.06886,2024-09-19T03:34:36.000000Z
2024,263.14903935185185,43.08035,-79.06886,2024-09-19T03:34:37.000000Z
2024,263.1490509259259,43.08035,-79.06886,2024-09-19T03:34:38.000000Z
2024,263.1490625,43.08034,-79.06887,2024-09-19T03:34:39.000000Z
2024,263.14907407407406,43.08034,-79.06887,2024-09-19T03:34:40.000000Z
2024,263.1490856481482,43.08034,-79.06887,2024-09-19T03:34:41.000000Z
2024,263.1490972222222,43.08034,-79.06888,2024-09-19T03:34:42.000000Z
2024,263.1491087962963,43.08034,-79.06888,2024-09-19T03:34:43.000000Z
2024,263.1491203703704,43.08033,-79.06889,2024-09-19T03:34:44.000000Z
2024,263.14913194444443,43.08032,-79.06889,2024-09-19T03:34:45.000000Z
2024,263.14914351851854,43.08032,-79.06889,2024-09-19T03:34:46.000000Z
2024,263.1491550925926,43.08032,-79.06889,2024-09-19T03:34:47.000000Z
2024,263.14916666666664,43.08032,-79.06889,2024-09-19T03:34:48.000000Z
2024,263.14917824074075,43.08031,-79.06889,2024-09-19T03:34:49.000000Z
2024,263.1491898148148,43.08031,-79.06889,2024-09-19T03:34:50.000000Z
2024,263.1492013888889,43.08031,-79.06889,2024-09-19T03:34:51.000000Z
2024,263.14921296296296,43.08031,-79.06889,2024-09-19T03:34:52.000000Z
2024,263.1594097222222,43.08026,-79.06905,2024-09-19T03:49:33.000000Z
2024,263.15942129629633,43.08027,-79.06903,2024-09-19T03:49:34.000000Z
2024,263.1594328703704,43.08028,-79.06904,2024-09-19T03:49:35.000000Z
2024,263.1594444444445,43.08028,-79.06906,2024-09-19T03:49:36.000000Z
2024,263.15945601851854,43.08028,-79.06906,2024-09-19T03:49:37.000000Z
2024,263.1594675925926,43.08029,-79.06906,2024-09-19T03:49:38.000000Z
2024,263.1594791666667,43.08029,-79.06906,2024-09-19T03:49:39.000000Z
2024,263.15949074074075,43.0803,-79.06906,2024-09-19T03:49:40.000000Z
2024,263.15950231481486,43.0803,-79.06899,2024-09-19T03:49:41.000000Z
2024,263.15952546296296,43.0803,-79.06895,2024-09-19T03:49:43.000000Z
2024,263.15953703703707,43.0803,-79.06894,2024-09-19T03:49:44.000000Z
2024,263.1595486111111,43.08029,-79.06893,2024-09-19T03:49:45.000000Z
2024,263.1595601851852,43.08029,-79.06893,2024-09-19T03:49:46.000000Z
2024,263.1595717592593,43.08029,-79.06893,2024-09-19T03:49:47.000000Z
2024,263.15958333333333,43.08029,-79.06893,2024-09-19T03:49:48.000000Z
2024,263.15959490740744,43.08028,-79.06893,2024-09-19T03:49:49.000000Z
2024,263.1596064814815,43.08028,-79.06893,2024-09-19T03:49:50.000000Z
2024,263.1596180555556,43.08027,-79.06894,2024-09-19T03:49:51.000000Z
2024,263.15962962962965,43.08027,-79.06895,2024-09-19T03:49:52.000000Z
2024,263.169837962963,43.08018,-79.06889,2024-09-19T04:04:34.000000Z
2024,263.16984953703707,43.08019,-79.06889,2024-09-19T04:04:35.000000Z
2024,263.1698611111112,43.08018,-79.0689,2024-09-19T04:04:36.000000Z
2024,263.1698726851852,43.08018,-79.0689,2024-09-19T04:04:37.000000Z
2024,263.1698842592593,43.08016,-79.06889,2024-09-19T04:04:38.000000Z
2024,263.1698958333334,43.08016,-79.06888,2024-09-19T04:04:39.000000Z
2024,263.16990740740744,43.08016,-79.06889,2024-09-19T04:04:40.000000Z
2024,263.16991898148154,43.08016,-79.06889,2024-09-19T04:04:41.000000Z
2024,263.1699305555556,43.08017,-79.06889,2024-09-19T04:04:42.000000Z
2024,263.16994212962965,43.08018,-79.06889,2024-09-19T04:04:43.000000Z
2024,263.16995370370375,43.08018,-79.06889,2024-09-19T04:04:44.000000Z
2024,263.1699652777778,43.08018,-79.06889,2024-09-19T04:04:45.000000Z
2024,263.1699768518519,43.08019,-79.06889,2024-09-19T04:04:46.000000Z
2024,263.16998842592596,43.0802,-79.06889,2024-09-19T04:04:47.000000Z
2024,263.17,43.0802,-79.06889,2024-09-19T04:04:48.000000Z
2024,263.1700115740741,43.0802,-79.06889,2024-09-19T04:04:49.000000Z
2024,263.1700231481482,43.08021,-79.0689,2024-09-19T04:04:50.000000Z
2024,263.1700347222223,43.08021,-79.0689,2024-09-19T04:04:51.000000Z
2024,263.17004629629633,43.08021,-79.0689,2024-09-19T04:04:52.000000Z
2024,263.18024305555554,43.08033,-79.06887,2024-09-19T04:19:33.000000Z
2024,263.18025462962964,43.08032,-79.06887,2024-09-19T04:19:34.000000Z
2024,263.1802662037037,43.08032,-79.06887,2024-09-19T04:19:35.000000Z
2024,263.1802777777778,43.08031,-79.06887,2024-09-19T04:19:36.000000Z
2024,263.18028935185185,43.08031,-79.06886,2024-09-19T04:19:37.000000Z
2024,263.1803009259259,43.08031,-79.06886,2024-09-19T04:19:38.000000Z
2024,263.1803125,43.08031,-79.06887,2024-09-19T04:19:39.000000Z
2024,263.18032407407406,43.0803,-79.06887,2024-09-19T04:19:40.000000Z
2024,263.1803356481482,43.0803,-79.06887,2024-09-19T04:19:41.000000Z
2024,263.1803472222222,43.0803,-79.06887,2024-09-19T04:19:42.000000Z
2024,263.1803587962963,43.0803,-79.06887,2024-09-19T04:19:43.000000Z
2024,263.1803703703704,43.0803,-79.06887,2024-09-19T04:19:44.000000Z
2024,263.18038194444443,43.0803,-79.06887,2024-09-19T04:19:45.000000Z
2024,263.18039351851854,43.0803,-79.06887,2024-09-19T04:19:46.000000Z
2024,263.1804050925926,43.0803,-79.06888,2024-09-19T04:19:47.000000Z
2024,263.18041666666664,43.0803,-79.06889,2024-09-19T04:19:48.000000Z
2024,263.18042824074075,43.0803,-79.06889,2024-09-19T04:19:49.000000Z
2024,263.1804398148148,43.0803,-79.0689,2024-09-19T04:19:50.000000Z
2024,263.1804513888889,43.08029,-79.0689,2024-09-19T04:19:51.000000Z
2024,263.18046296296296,43.08029,-79.0689,2024-09-19T04:19:52.000000Z
2024,263.1906597222222,43.08029,-79.06888,2024-09-19T04:34:33.000000Z
2024,263.19067129629633,43.08028,-79.06888,2024-09-19T04:34:34.000000Z
2024,263.1906828703704,43.08028,-79.06889,2024-09-19T04:34:35.000000Z
2024,263.1906944444445,43.08028,-79.0689,2024-09-19T04:34:36.000000Z
2024,263.19070601851854,43.08028,-79.0689,2024-09-19T04:34:37.000000Z
2024,263.1907175925926,43.08028,-79.0689,2024-09-19T04:34:38.000000Z
2024,263.1907291666667,43.08028,-79.0689,2024-09-19T04:34:39.000000Z
2024,263.19074074074075,43.08028,-79.06891,2024-09-19T04:34:40.000000Z
2024,263.19075231481486,43.08028,-79.06892,2024-09-19T04:34:41.000000Z
2024,263.1907638888889,43.08028,-79.06893,2024-09-19T04:34:42.000000Z
2024,263.19077546296296,43.08029,-79.06893,2024-09-19T04:34:43.000000Z
2024,263.19078703703707,43.08029,-79.06893,2024-09-19T04:34:44.000000Z
2024,263.1907986111111,43.0803,-79.06893,2024-09-19T04:34:45.000000Z
2024,263.1908101851852,43.08031,-79.06893,2024-09-19T04:34:46.000000Z
2024,263.1908217592593,43.08031,-79.06893,2024-09-19T04:34:47.000000Z
2024,263.19083333333333,43.08031,-79.06893,2024-09-19T04:34:48.000000Z
2024,263.19084490740744,43.08031,-79.06894,2024-09-19T04:34:49.000000Z
2024,263.1908564814815,43.08032,-79.06895,2024-09-19T04:34:50.000000Z
2024,263.1908680555556,43.08032,-79.06895,2024-09-19T04:34:51.000000Z
2024,263.19087962962965,43.08032,-79.06895,2024-09-19T04:34:52.000000Z
2024,263.2010763888889,43.08027,-79.06896,2024-09-19T04:49:33.000000Z
2024,263.201087962963,43.08026,-79.06899,2024-09-19T04:49:34.000000Z
2024,263.20109953703707,43.08025,-79.06899,2024-09-19T04:49:35.000000Z
2024,263.2011111111112,43.08025,-79.06899,2024-09-19T04:49:36.000000Z
2024,263.2011226851852,43.08025,-79.06899,2024-09-19T04:49:37.000000Z
2024,263.2011342592593,43.08025,-79.06899,2024-09-19T04:49:38.000000Z
2024,263.2011458333334,43.08025,-79.06899,2024-09-19T04:49:39.000000Z
2024,263.20115740740744,43.08026,-79.06902,2024-09-19T04:49:40.000000Z
2024,263.20116898148154,43.08026,-79.06902,2024-09-19T04:49:41.000000Z
2024,263.2011805555556,43.08026,-79.06903,2024-09-19T04:49:42.000000Z
2024,263.20119212962965,43.08026,-79.06904,2024-09-19T04:49:43.000000Z
2024,263.20120370370375,43.08026,-79.06904,2024-09-19T04:49:44.000000Z
2024,263.2012152777778,43.08026,-79.06905,2024-09-19T04:49:45.000000Z
2024,263.2012268518519,43.08025,-79.06904,2024-09-19T04:49:46.000000Z
2024,263.20123842592596,43.08025,-79.06904,2024-09-19T04:49:47.000000Z
2024,263.20125,43.08025,-79.06904,2024-09-19T04:49:48.000000Z
2024,263.2012615740741,43.08025,-79.06903,2024-09-19T04:49:49.000000Z
2024,263.2012731481482,43.08025,-79.06903,2024-09-19T04:49:50.000000Z
2024,263.2012847222223,43.08025,-79.06903,2024-09-19T04:49:51.000000Z
2024,263.20129629629633,43.08025,-79.06903,2024-09-19T04:49:52.000000Z
2024,263.21149305555554,43.08022,-79.06914,2024-09-19T05:04:33.000000Z
2024,263.21150462962964,43.08023,-79.06913,2024-09-19T05:04:34.000000Z
2024,263.2115162037037,43.08023,-79.06913,2024-09-19T05:04:35.000000Z
2024,263.2115277777778,43.08023,-79.06912,2024-09-19T05:04:36.000000Z
2024,263.21153935185185,43.08023,-79.06912,2024-09-19T05:04:37.000000Z
2024,263.2115509259259,43.08024,-79.06911,2024-09-19T05:04:38.000000Z
2024,263.2115625,43.08024,-79.0691,2024-09-19T05:04:39.000000Z
2024,263.21157407407406,43.08024,-79.06909,2024-09-19T05:04:40.000000Z
2024,263.2115856481482,43.08024,-79.06909,2024-09-19T05:04:41.000000Z
2024,263.2115972222222,43.08024,-79.06909,2024-09-19T05:04:42.000000Z
2024,263.2116087962963,43.08024,-79.06909,2024-09-19T05:04:43.000000Z
2024,263.2116203703704,43.08024,-79.06909,2024-09-19T05:04:44.000000Z
2024,263.21163194444443,43.08024,-79.06908,2024-09-19T05:04:45.000000Z
2024,263.21164351851854,43.08024,-79.06908,2024-09-19T05:04:46.000000Z
2024,263.2116550925926,43.08024,-79.06908,2024-09-19T05:04:47.000000Z
2024,263.21166666666664,43.08024,-79.06908,2024-09-19T05:04:48.000000Z
2024,263.21167824074075,43.08024,-79.06908,2024-09-19T05:04:49.000000Z
2024,263.2116898148148,43.08024,-79.06907,2024-09-19T05:04:50.000000Z
2024,263.2117013888889,43.08024,-79.06907,2024-09-19T05:04:51.000000Z
2024,263.21171296296296,43.08024,-79.06907,2024-09-19T05:04:52.000000Z
2024,263.2219328703703,43.08027,-79.06917,2024-09-19T05:19:35.000000Z
2024,263.22194444444443,43.08027,-79.06917,2024-09-19T05:19:36.000000Z
2024,263.2219560185185,43.08027,-79.06917,2024-09-19T05:19:37.000000Z
2024,263.22196759259253,43.08028,-79.06916,2024-09-19T05:19:38.000000Z
2024,263.22197916666664,43.08028,-79.06916,2024-09-19T05:19:39.000000Z
2024,263.2219907407407,43.08028,-79.06916,2024-09-19T05:19:40.000000Z
2024,263.2220023148148,43.08028,-79.06916,2024-09-19T05:19:41.000000Z
2024,263.22201388888885,43.08028,-79.06916,2024-09-19T05:19:42.000000Z
2024,263.2220254629629,43.08028,-79.06915,2024-09-19T05:19:43.000000Z
2024,263.222037037037,43.08028,-79.06915,2024-09-19T05:19:44.000000Z
2024,263.22204861111106,43.08028,-79.06914,2024-09-19T05:19:45.000000Z
2024,263.22206018518517,43.08028,-79.06914,2024-09-19T05:19:46.000000Z
2024,263.2220717592592,43.08028,-79.06913,2024-09-19T05:19:47.000000Z
2024,263.2220833333333,43.08029,-79.06913,2024-09-19T05:19:48.000000Z
2024,263.2220949074074,43.08029,-79.06913,2024-09-19T05:19:49.000000Z
2024,263.22210648148143,43.08029,-79.06913,2024-09-19T05:19:50.000000Z
2024,263.22211805555554,43.0803,-79.06913,2024-09-19T05:19:51.000000Z
2024,263.2221296296296,43.0803,-79.06912,2024-09-19T05:19:52.000000Z
2024,263.22214120370364,43.0803,-79.06912,2024-09-19T05:19:53.000000Z
2024,263.232349537037,43.08029,-79.06909,2024-09-19T05:34:35.000000Z
2024,263.2323611111111,43.08029,-79.0691,2024-09-19T05:34:36.000000Z
2024,263.23237268518517,43.08029,-79.06912,2024-09-19T05:34:37.000000Z
2024,263.2323842592592,43.08028,-79.06912,2024-09-19T05:34:38.000000Z
2024,263.2323958333333,43.08028,-79.06913,2024-09-19T05:34:39.000000Z
2024,263.2324074074074,43.08026,-79.06913,2024-09-19T05:34:40.000000Z
2024,263.2324189814815,43.08025,-79.06912,2024-09-19T05:34:41.000000Z
2024,263.23243055555554,43.08025,-79.06912,2024-09-19T05:34:42.000000Z
2024,263.2324421296296,43.08024,-79.06912,2024-09-19T05:34:43.000000Z
2024,263.2324537037037,43.08024,-79.06912,2024-09-19T05:34:44.000000Z
2024,263.23246527777775,43.08024,-79.06909,2024-09-19T05:34:45.000000Z
2024,263.23247685185186,43.08023,-79.06907,2024-09-19T05:34:46.000000Z
2024,263.2324884259259,43.08023,-79.06906,2024-09-19T05:34:47.000000Z
2024,263.23249999999996,43.08023,-79.06906,2024-09-19T05:34:48.000000Z
2024,263.23251157407407,43.08023,-79.06906,2024-09-19T05:34:49.000000Z
2024,263.2325231481481,43.08023,-79.06905,2024-09-19T05:34:50.000000Z
2024,263.2325347222222,43.08023,-79.06904,2024-09-19T05:34:51.000000Z
2024,263.2325462962963,43.08024,-79.06904,2024-09-19T05:34:52.000000Z
2024,263.23255787037033,43.08023,-79.06903,2024-09-19T05:34:53.000000Z
2024,263.24275462962964,43.08027,-79.06932,2024-09-19T05:49:34.000000Z
2024,263.2427662037037,43.08026,-79.06932,2024-09-19T05:49:35.000000Z
2024,263.2427777777778,43.08026,-79.06932,2024-09-19T05:49:36.000000Z
2024,263.24278935185185,43.08026,-79.06932,2024-09-19T05:49:37.000000Z
2024,263.2428009259259,43.08026,-79.06931,2024-09-19T05:49:38.000000Z
2024,263.2428125,43.08026,-79.06931,2024-09-19T05:49:39.000000Z
2024,263.24282407407406,43.08026,-79.06929,2024-09-19T05:49:40.000000Z
2024,263.2428356481482,43.08025,-79.06929,2024-09-19T05:49:41.000000Z
2024,263.2428472222222,43.08026,-79.06929,2024-09-19T05:49:42.000000Z
2024,263.2428587962963,43.08026,-79.06929,2024-09-19T05:49:43.000000Z
2024,263.2428703703704,43.08026,-79.06929,2024-09-19T05:49:44.000000Z
2024,263.24288194444443,43.08026,-79.06929,2024-09-19T05:49:45.000000Z
2024,263.24289351851854,43.08026,-79.06929,2024-09-19T05:49:46.000000Z
2024,263.2429050925926,43.08026,-79.06929,2024-09-19T05:49:47.000000Z
2024,263.24291666666664,43.08026,-79.06928,2024-09-19T05:49:48.000000Z
2024,263.24292824074075,43.08026,-79.06926,2024-09-19T05:49:49.000000Z
2024,263.2429398148148,43.08026,-79.06926,2024-09-19T05:49:50.000000Z
2024,263.2429513888889,43.08025,-79.06925,2024-09-19T05:49:51.000000Z
2024,263.24296296296296,43.08025,-79.06925,2024-09-19T05:49:52.000000Z
2024,263.2532291666667,43.08041,-79.06921,2024-09-19T06:04:39.000000Z
2024,263.25324074074075,43.08041,-79.06908,2024-09-19T06:04:40.000000Z
2024,263.25325231481486,43.0804,-79.06905,2024-09-19T06:04:41.000000Z
2024,263.2532638888889,43.0804,-79.06903,2024-09-19T06:04:42.000000Z
2024,263.25327546296296,43.08039,-79.06903,2024-09-19T06:04:43.000000Z
2024,263.25328703703707,43.08039,-79.06902,2024-09-19T06:04:44.000000Z
2024,263.2532986111111,43.08039,-79.06902,2024-09-19T06:04:45.000000Z
2024,263.2533101851852,43.08038,-79.06902,2024-09-19T06:04:46.000000Z
2024,263.2533217592593,43.08038,-79.06902,2024-09-19T06:04:47.000000Z
2024,263.25333333333333,43.08037,-79.06902,2024-09-19T06:04:48.000000Z
2024,263.25334490740744,43.08036,-79.06903,2024-09-19T06:04:49.000000Z
2024,263.2533564814815,43.08036,-79.06903,2024-09-19T06:04:50.000000Z
2024,263.2533680555556,43.08035,-79.06903,2024-09-19T06:04:51.000000Z
2024,263.25337962962965,43.08035,-79.06904,2024-09-19T06:04:52.000000Z
2024,263.2533912037037,43.08034,-79.06904,2024-09-19T06:04:53.000000Z
2024,263.2534027777778,43.08034,-79.06904,2024-09-19T06:04:54.000000Z
2024,263.25341435185186,43.08035,-79.06906,2024-09-19T06:04:55.000000Z
2024,263.25342592592597,43.08036,-79.06909,2024-09-19T06:04:56.000000Z
2024,263.2534375,43.08036,-79.06909,2024-09-19T06:04:57.000000Z
2024,263.25344907407407,43.08036,-79.06909,2024-09-19T06:04:58.000000Z
2024,263.263599537037,43.08025,-79.06893,2024-09-19T06:19:35.000000Z
2024,263.2636111111111,43.08024,-79.06892,2024-09-19T06:19:36.000000Z
2024,263.26362268518517,43.08024,-79.06891,2024-09-19T06:19:37.000000Z
2024,263.2636342592592,43.08024,-79.06893,2024-09-19T06:19:38.000000Z
2024,263.2636458333333,43.08025,-79.06893,2024-09-19T06:19:39.000000Z
2024,263.2636574074074,43.08024,-79.06893,2024-09-19T06:19:40.000000Z
2024,263.2636689814815,43.08024,-79.06893,2024-09-19T06:19:41.000000Z
2024,263.26368055555554,43.08025,-79.06893,2024-09-19T06:19:42.000000Z
2024,263.2636921296296,43.08025,-79.06893,2024-09-19T06:19:43.000000Z
2024,263.2637037037037,43.08025,-79.06893,2024-09-19T06:19:44.000000Z
2024,263.26371527777775,43.08025,-79.06893,2024-09-19T06:19:45.000000Z
2024,263.26372685185186,43.08025,-79.06892,2024-09-19T06:19:46.000000Z
2024,263.2637384259259,43.08025,-79.06892,2024-09-19T06:19:47.000000Z
2024,263.26374999999996,43.08026,-79.06891,2024-09-19T06:19:48.000000Z
2024,263.26376157407407,43.08026,-79.06891,2024-09-19T06:19:49.000000Z
2024,263.2637731481481,43.08026,-79.06891,2024-09-19T06:19:50.000000Z
2024,263.2637847222222,43.08026,-79.0689,2024-09-19T06:19:51.000000Z
2024,263.2637962962963,43.08025,-79.0689,2024-09-19T06:19:52.000000Z
2024,263.26380787037033,43.08025,-79.0689,2024-09-19T06:19:53.000000Z
2024,263.2740162037037,43.08039,-79.06905,2024-09-19T06:34:35.000000Z
2024,263.2740277777778,43.08038,-79.06905,2024-09-19T06:34:36.000000Z
2024,263.27403935185185,43.08038,-79.06905,2024-09-19T06:34:37.000000Z
2024,263.2740509259259,43.08037,-79.06905,2024-09-19T06:34:38.000000Z
2024,263.2740625,43.08037,-79.06905,2024-09-19T06:34:39.000000Z
2024,263.27407407407406,43.08037,-79.06905,2024-09-19T06:34:40.000000Z
2024,263.2740856481482,43.08036,-79.06906,2024-09-19T06:34:41.000000Z
2024,263.2740972222222,43.08036,-79.06906,2024-09-19T06:34:42.000000Z
2024,263.2741087962963,43.08036,-79.06906,2024-09-19T06:34:43.000000Z
2024,263.2741203703704,43.08036,-79.06906,2024-09-19T06:34:44.000000Z
2024,263.27413194444443,43.08035,-79.06906,2024-09-19T06:34:45.000000Z
2024,263.27414351851854,43.08035,-79.06906,2024-09-19T06:34:46.000000Z
2024,263.2741550925926,43.08035,-79.06906,2024-09-19T06:34:47.000000Z
2024,263.27416666666664,43.08034,-79.06906,2024-09-19T06:34:48.000000Z
2024,263.27417824074075,43.08034,-79.06906,2024-09-19T06:34:49.000000Z
2024,263.2741898148148,43.08034,-79.06906,2024-09-19T06:34:50.000000Z
2024,263.2742013888889,43.08034,-79.06907,2024-09-19T06:34:51.000000Z
2024,263.27421296296296,43.08034,-79.06907,2024-09-19T06:34:52.000000Z
2024,263.274224537037,43.08033,-79.06907,2024-09-19T06:34:53.000000Z
2024,263.2844328703704,43.08032,-79.06909,2024-09-19T06:49:35.000000Z
2024,263.2844444444445,43.08032,-79.06909,2024-09-19T06:49:36.000000Z
2024,263.28445601851854,43.08033,-79.06909,2024-09-19T06:49:37.000000Z
2024,263.2844675925926,43.08034,-79.06911,2024-09-19T06:49:38.000000Z
2024,263.2844791666667,43.08034,-79.06911,2024-09-19T06:49:39.000000Z
2024,263.28449074074075,43.08034,-79.06912,2024-09-19T06:49:40.000000Z
2024,263.28450231481486,43.08035,-79.06912,2024-09-19T06:49:41.000000Z
2024,263.2845138888889,43.08035,-79.06912,2024-09-19T06:49:42.000000Z
2024,263.28452546296296,43.08036,-79.06913,2024-09-19T06:49:43.000000Z
2024,263.28453703703707,43.08036,-79.06914,2024-09-19T06:49:44.000000Z
2024,263.2845486111111,43.08035,-79.06914,2024-09-19T06:49:45.000000Z
2024,263.2845601851852,43.08035,-79.06914,2024-09-19T06:49:46.000000Z
2024,263.2845717592593,43.08035,-79.06913,2024-09-19T06:49:47.000000Z
2024,263.28458333333333,43.08035,-79.06914,2024-09-19T06:49:48.000000Z
2024,263.28459490740744,43.08035,-79.06914,2024-09-19T06:49:49.000000Z
2024,263.2846064814815,43.08035,-79.06915,2024-09-19T06:49:50.000000Z
2024,263.2846180555556,43.08035,-79.06915,2024-09-19T06:49:51.000000Z
2024,263.28462962962965,43.08035,-79.06915,2024-09-19T06:49:52.000000Z
2024,263.2846412037037,43.08035,-79.06915,2024-09-19T06:49:53.000000Z
2024,263.29484953703707,43.08029,-79.06908,2024-09-19T07:04:35.000000Z
2024,263.2948611111112,43.08029,-79.06909,2024-09-19T07:04:36.000000Z
2024,263.2948726851852,43.08029,-79.06909,2024-09-19T07:04:37.000000Z
2024,263.2948842592593,43.08028,-79.06909,2024-09-19T07:04:38.000000Z
2024,263.2948958333334,43.08028,-79.06909,2024-09-19T07:04:39.000000Z
2024,263.29490740740744,43.08028,-79.06909,2024-09-19T07:04:40.000000Z
2024,263.29491898148154,43.08028,-79.06909,2024-09-19T07:04:41.000000Z
2024,263.2949305555556,43.08029,-79.06909,2024-09-19T07:04:42.000000Z
2024,263.29494212962965,43.08029,-79.06909,2024-09-19T07:04:43.000000Z
2024,263.29495370370375,43.0803,-79.06909,2024-09-19T07:04:44.000000Z
2024,263.2949652777778,43.0803,-79.06909,2024-09-19T07:04:45.000000Z
2024,263.2949768518519,43.0803,-79.06909,2024-09-19T07:04:46.000000Z
2024,263.29498842592596,43.0803,-79.06909,2024-09-19T07:04:47.000000Z
2024,263.295,43.0803,-79.06909,2024-09-19T07:04:48.000000Z
2024,263.2950115740741,43.0803,-79.06909,2024-09-19T07:04:49.000000Z
2024,263.2950231481482,43.0803,-79.06908,2024-09-19T07:04:50.000000Z
2024,263.2950347222223,43.08029,-79.06908,2024-09-19T07:04:51.000000Z
2024,263.29504629629633,43.08029,-79.06908,2024-09-19T07:04:52.000000Z
2024,263.2950578703704,43.08029,-79.06908,2024-09-19T07:04:53.000000Z
2024,263.3052662037037,43.08034,-79.06903,2024-09-19T07:19:35.000000Z
2024,263.3052777777778,43.08034,-79.06903,2024-09-19T07:19:36.000000Z
2024,263.30528935185185,43.08035,-79.06903,2024-09-19T07:19:37.000000Z
2024,263.3053009259259,43.08035,-79.06903,2024-09-19T07:19:38.000000Z
2024,263.3053125,43.08035,-79.06904,2024-09-19T07:19:39.000000Z
2024,263.30532407407406,43.08035,-79.06905,2024-09-19T07:19:40.000000Z
2024,263.3053356481482,43.08035,-79.06905,2024-09-19T07:19:41.000000Z
2024,263.3053472222222,43.08035,-79.06906,2024-09-19T07:19:42.000000Z
2024,263.3053587962963,43.08036,-79.06906,2024-09-19T07:19:43.000000Z
2024,263.3053703703704,43.08036,-79.06906,2024-09-19T07:19:44.000000Z
2024,263.30538194444443,43.08036,-79.06906,2024-09-19T07:19:45.000000Z
2024,263.30539351851854,43.08036,-79.06906,2024-09-19T07:19:46.000000Z
2024,263.3054050925926,43.08036,-79.06906,2024-09-19T07:19:47.000000Z
2024,263.30541666666664,43.08036,-79.06906,2024-09-19T07:19:48.000000Z
2024,263.30542824074075,43.08036,-79.06906,2024-09-19T07:19:49.000000Z
2024,263.3054398148148,43.08035,-79.06906,2024-09-19T07:19:50.000000Z
2024,263.3054513888889,43.08035,-79.06906,2024-09-19T07:19:51.000000Z
2024,263.30546296296296,43.08035,-79.06906,2024-09-19T07:19:52.000000Z
2024,263.305474537037,43.08034,-79.06906,2024-09-19T07:19:53.000000Z
2024,263.3156828703704,43.08034,-79.0689,2024-09-19T07:34:35.000000Z
2024,263.3156944444445,43.08033,-79.06888,2024-09-19T07:34:36.000000Z
2024,263.31570601851854,43.08034,-79.0689,2024-09-19T07:34:37.000000Z
2024,263.3157175925926,43.08035,-79.0689,2024-09-19T07:34:38.000000Z
2024,263.3157291666667,43.08036,-79.0689,2024-09-19T07:34:39.000000Z
2024,263.31574074074075,43.08036,-79.06891,2024-09-19T07:34:40.000000Z
2024,263.31575231481486,43.08036,-79.06892,2024-09-19T07:34:41.000000Z
2024,263.3157638888889,43.08034,-79.06892,2024-09-19T07:34:42.000000Z
2024,263.31577546296296,43.08034,-79.06893,2024-09-19T07:34:43.000000Z
2024,263.31578703703707,43.08034,-79.06893,2024-09-19T07:34:44.000000Z
2024,263.3157986111111,43.08034,-79.06893,2024-09-19T07:34:45.000000Z
2024,263.3158101851852,43.08034,-79.06894,2024-09-19T07:34:46.000000Z
2024,263.3158217592593,43.08034,-79.06895,2024-09-19T07:34:47.000000Z
2024,263.31583333333333,43.08034,-79.06895,2024-09-19T07:34:48.000000Z
2024,263.31584490740744,43.08034,-79.06896,2024-09-19T07:34:49.000000Z
2024,263.3158564814815,43.08034,-79.06896,2024-09-19T07:34:50.000000Z
2024,263.3158680555556,43.08034,-79.06896,2024-09-19T07:34:51.000000Z
2024,263.31587962962965,43.08034,-79.06896,2024-09-19T07:34:52.000000Z
2024,263.3158912037037,43.08034,-79.06897,2024-09-19T07:34:53.000000Z
2024,263.32609953703707,43.08032,-79.06893,2024-09-19T07:49:35.000000Z
2024,263.3261111111112,43.08032,-79.06893,2024-09-19T07:49:36.000000Z
2024,263.3261226851852,43.08033,-79.06894,2024-09-19T07:49:37.000000Z
2024,263.3261342592593,43.08034,-79.06894,2024-09-19T07:49:38.000000Z
2024,263.3261458333334,43.08034,-79.06894,2024-09-19T07:49:39.000000Z
2024,263.32615740740744,43.08035,-79.06895,2024-09-19T07:49:40.000000Z
2024,263.32616898148154,43.08036,-79.06895,2024-09-19T07:49:41.000000Z
2024,263.3261805555556,43.08036,-79.06894,2024-09-19T07:49:42.000000Z
2024,263.32619212962965,43.08036,-79.06894,2024-09-19T07:49:43.000000Z
2024,263.32620370370375,43.08036,-79.06894,2024-09-19T07:49:44.000000Z
2024,263.3262152777778,43.08037,-79.06894,2024-09-19T07:49:45.000000Z
2024,263.3262268518519,43.08037,-79.06894,2024-09-19T07:49:46.000000Z
2024,263.32623842592596,43.08037,-79.06894,2024-09-19T07:49:47.000000Z
2024,263.32625,43.08038,-79.06895,2024-09-19T07:49:48.000000Z
2024,263.3262615740741,43.08039,-79.06895,2024-09-19T07:49:49.000000Z
2024,263.3262731481482,43.0804,-79.06895,2024-09-19T07:49:50.000000Z
2024,263.3262847222223,43.08041,-79.06894,2024-09-19T07:49:51.000000Z
2024,263.32629629629633,43.08042,-79.06894,2024-09-19T07:49:52.000000Z
2024,263.3263078703704,43.08042,-79.06895,2024-09-19T07:49:53.000000Z
2024,263.3365162037037,43.0803,-79.06885,2024-09-19T08:04:35.000000Z
2024,263.3365277777778,43.0803,-79.06886,2024-09-19T08:04:36.000000Z
2024,263.33653935185185,43.0803,-79.06886,2024-09-19T08:04:37.000000Z
2024,263.3365509259259,43.08031,-79.06887,2024-09-19T08:04:38.000000Z
2024,263.3365625,43.08031,-79.06887,2024-09-19T08:04:39.000000Z
2024,263.33657407407406,43.08031,-79.06887,2024-09-19T08:04:40.000000Z
2024,263.3365856481482,43.08031,-79.06887,2024-09-19T08:04:41.000000Z
2024,263.3365972222222,43.08031,-79.06888,2024-09-19T08:04:42.000000Z
2024,263.3366087962963,43.08031,-79.06888,2024-09-19T08:04:43.000000Z
2024,263.3366203703704,43.08031,-79.06888,2024-09-19T08:04:44.000000Z
2024,263.33663194444443,43.08031,-79.06888,2024-09-19T08:04:45.000000Z
2024,263.33664351851854,43.08031,-79.06888,2024-09-19T08:04:46.000000Z
2024,263.3366550925926,43.08031,-79.06888,2024-09-19T08:04:47.000000Z
2024,263.33666666666664,43.08031,-79.06889,2024-09-19T08:04:48.000000Z
2024,263.33667824074075,43.08031,-79.06889,2024-09-19T08:04:49.000000Z
2024,263.3366898148148,43.08031,-79.06889,2024-09-19T08:04:50.000000Z
2024,263.3367013888889,43.08031,-79.06889,2024-09-19T08:04:51.000000Z
2024,263.33671296296296,43.08031,-79.06889,2024-09-19T08:04:52.000000Z
2024,263.336724537037,43.08031,-79.06889,2024-09-19T08:04:53.000000Z
2024,263.3469328703703,43.08036,-79.06892,2024-09-19T08:19:35.000000Z
2024,263.34694444444443,43.08037,-79.06892,2024-09-19T08:19:36.000000Z
2024,263.3469560185185,43.08037,-79.06892,2024-09-19T08:19:37.000000Z
2024,263.34696759259253,43.08038,-79.06892,2024-09-19T08:19:38.000000Z
2024,263.34697916666664,43.08038,-79.06892,2024-09-19T08:19:39.000000Z
2024,263.3469907407407,43.08039,-79.06893,2024-09-19T08:19:40.000000Z
2024,263.3470023148148,43.0804,-79.06893,2024-09-19T08:19:41.000000Z
2024,263.34701388888885,43.08041,-79.06893,2024-09-19T08:19:42.000000Z
2024,263.3470254629629,43.08041,-79.06894,2024-09-19T08:19:43.000000Z
2024,263.347037037037,43.08042,-79.06894,2024-09-19T08:19:44.000000Z
2024,263.34704861111106,43.08042,-79.06895,2024-09-19T08:19:45.000000Z
2024,263.34706018518517,43.08042,-79.06895,2024-09-19T08:19:46.000000Z
2024,263.3470717592592,43.08041,-79.06896,2024-09-19T08:19:47.000000Z
2024,263.3470833333333,43.08041,-79.06896,2024-09-19T08:19:48.000000Z
2024,263.3470949074074,43.08042,-79.06896,2024-09-19T08:19:49.000000Z
2024,263.34710648148143,43.08041,-79.06896,2024-09-19T08:19:50.000000Z
2024,263.34711805555554,43.08041,-79.06897,2024-09-19T08:19:51.000000Z
2024,263.3471296296296,43.08042,-79.06897,2024-09-19T08:19:52.000000Z
2024,263.34714120370364,43.08041,-79.06897,2024-09-19T08:19:53.000000Z
2024,263.357349537037,43.0803,-79.06899,2024-09-19T08:34:35.000000Z
2024,263.3573611111111,43.0803,-79.06899,2024-09-19T08:34:36.000000Z
2024,263.35737268518517,43.0803,-79.06898,2024-09-19T08:34:37.000000Z
2024,263.3573842592592,43.0803,-79.06897,2024-09-19T08:34:38.000000Z
2024,263.3573958333333,43.0803,-79.06896,2024-09-19T08:34:39.000000Z
2024,263.3574074074074,43.08031,-79.06899,2024-09-19T08:34:40.000000Z
2024,263.3574189814815,43.08032,-79.069,2024-09-19T08:34:41.000000Z
2024,263.35743055555554,43.08034,-79.069,2024-09-19T08:34:42.000000Z
2024,263.3574421296296,43.08034,-79.06901,2024-09-19T08:34:43.000000Z
2024,263.3574537037037,43.08034,-79.06902,2024-09-19T08:34:44.000000Z
2024,263.35746527777775,43.08036,-79.06902,2024-09-19T08:34:45.000000Z
2024,263.35747685185186,43.08037,-79.06903,2024-09-19T08:34:46.000000Z
2024,263.3574884259259,43.08037,-79.06903,2024-09-19T08:34:47.000000Z
2024,263.35749999999996,43.08038,-79.06903,2024-09-19T08:34:48.000000Z
2024,263.35751157407407,43.08038,-79.06903,2024-09-19T08:34:49.000000Z
2024,263.3575231481481,43.08038,-79.06903,2024-09-19T08:34:50.000000Z
2024,263.3575347222222,43.08039,-79.06903,2024-09-19T08:34:51.000000Z
2024,263.3575462962963,43.08039,-79.06903,2024-09-19T08:34:52.000000Z
2024,263.35755787037033,43.08039,-79.06902,2024-09-19T08:34:53.000000Z
2024,263.3677662037037,43.08031,-79.06903,2024-09-19T08:49:35.000000Z
2024,263.3677777777778,43.08031,-79.06903,2024-09-19T08:49:36.000000Z
2024,263.36778935185185,43.08031,-79.06903,2024-09-19T08:49:37.000000Z
2024,263.3678009259259,43.08031,-79.06903,2024-09-19T08:49:38.000000Z
2024,263.3678125,43.08032,-79.06903,2024-09-19T08:49:39.000000Z
2024,263.36782407407406,43.08032,-79.06903,2024-09-19T08:49:40.000000Z
2024,263.3678356481482,43.08033,-79.06903,2024-09-19T08:49:41.000000Z
2024,263.3678472222222,43.08033,-79.06902,2024-09-19T08:49:42.000000Z
2024,263.3678587962963,43.08034,-79.06902,2024-09-19T08:49:43.000000Z
2024,263.3678703703704,43.08034,-79.06902,2024-09-19T08:49:44.000000Z
2024,263.36788194444443,43.08035,-79.06902,2024-09-19T08:49:45.000000Z
2024,263.36789351851854,43.08035,-79.06901,2024-09-19T08:49:46.000000Z
2024,263.3679050925926,43.08035,-79.06901,2024-09-19T08:49:47.000000Z
2024,263.36791666666664,43.08035,-79.069,2024-09-19T08:49:48.000000Z
2024,263.36792824074075,43.08036,-79.069,2024-09-19T08:49:49.000000Z
2024,263.3679398148148,43.08036,-79.069,2024-09-19T08:49:50.000000Z
2024,263.3679513888889,43.08036,-79.069,2024-09-19T08:49:51.000000Z
2024,263.36796296296296,43.08036,-79.069,2024-09-19T08:49:52.000000Z
2024,263.367974537037,43.08037,-79.06901,2024-09-19T08:49:53.000000Z
2024,263.3781828703704,43.08021,-79.06899,2024-09-19T09:04:35.000000Z
2024,263.3781944444445,43.0802,-79.06898,2024-09-19T09:04:36.000000Z
2024,263.37820601851854,43.08019,-79.06897,2024-09-19T09:04:37.000000Z
2024,263.3782175925926,43.08018,-79.06897,2024-09-19T09:04:38.000000Z
2024,263.3782291666667,43.08017,-79.06897,2024-09-19T09:04:39.000000Z
2024,263.37824074074075,43.08017,-79.06897,2024-09-19T09:04:40.000000Z
2024,263.37825231481486,43.08017,-79.06897,2024-09-19T09:04:41.000000Z
2024,263.3782638888889,43.08017,-79.06897,2024-09-19T09:04:42.000000Z
2024,263.37827546296296,43.08017,-79.06897,2024-09-19T09:04:43.000000Z
2024,263.37828703703707,43.08017,-79.06897,2024-09-19T09:04:44.000000Z
2024,263.3782986111111,43.08018,-79.06897,2024-09-19T09:04:45.000000Z
2024,263.3783101851852,43.0802,-79.06897,2024-09-19T09:04:46.000000Z
2024,263.3783217592593,43.08021,-79.06897,2024-09-19T09:04:47.000000Z
2024,263.37833333333333,43.08022,-79.06897,2024-09-19T09:04:48.000000Z
2024,263.37834490740744,43.08023,-79.06897,2024-09-19T09:04:49.000000Z
2024,263.3783564814815,43.08023,-79.06897,2024-09-19T09:04:50.000000Z
2024,263.3783680555556,43.08024,-79.06898,2024-09-19T09:04:51.000000Z
2024,263.37837962962965,43.08024,-79.06898,2024-09-19T09:04:52.000000Z
2024,263.3783912037037,43.08025,-79.06898,2024-09-19T09:04:53.000000Z
2024,263.388599537037,43.0803,-79.06904,2024-09-19T09:19:35.000000Z
2024,263.3886111111111,43.0803,-79.06903,2024-09-19T09:19:36.000000Z
2024,263.38862268518517,43.0803,-79.06903,2024-09-19T09:19:37.000000Z
2024,263.3886342592592,43.0803,-79.06903,2024-09-19T09:19:38.000000Z
2024,263.3886458333333,43.0803,-79.06903,2024-09-19T09:19:39.000000Z
2024,263.3886574074074,43.0803,-79.06903,2024-09-19T09:19:40.000000Z
2024,263.3886689814815,43.08029,-79.06903,2024-09-19T09:19:41.000000Z
2024,263.38868055555554,43.08029,-79.06903,2024-09-19T09:19:42.000000Z
2024,263.3886921296296,43.08029,-79.06903,2024-09-19T09:19:43.000000Z
2024,263.3887037037037,43.08029,-79.06903,2024-09-19T09:19:44.000000Z
2024,263.38871527777775,43.08029,-79.06903,2024-09-19T09:19:45.000000Z
2024,263.38872685185186,43.08028,-79.06903,2024-09-19T09:19:46.000000Z
2024,263.3887384259259,43.08028,-79.06903,2024-09-19T09:19:47.000000Z
2024,263.38874999999996,43.08028,-79.06903,2024-09-19T09:19:48.000000Z
2024,263.38876157407407,43.08028,-79.06903,2024-09-19T09:19:49.000000Z
2024,263.3887731481481,43.08028,-79.06903,2024-09-19T09:19:50.000000Z
2024,263.3887847222222,43.08028,-79.06903,2024-09-19T09:19:51.000000Z
2024,263.3887962962963,43.08028,-79.06902,2024-09-19T09:19:52.000000Z
2024,263.38880787037033,43.08028,-79.06902,2024-09-19T09:19:53.000000Z
2024,263.3990162037037,43.08023,-79.06905,2024-09-19T09:34:35.000000Z
2024,263.3990277777778,43.08023,-79.06904,2024-09-19T09:34:36.000000Z
2024,263.39903935185185,43.08022,-79.06904,2024-09-19T09:34:37.000000Z
2024,263.3990509259259,43.08023,-79.06904,2024-09-19T09:34:38.000000Z
2024,263.3990625,43.08023,-79.06903,2024-09-19T09:34:39.000000Z
2024,263.39907407407406,43.08023,-79.06903,2024-09-19T09:34:40.000000Z
2024,263.3990856481482,43.08023,-79.06903,2024-09-19T09:34:41.000000Z
2024,263.3990972222222,43.08023,-79.06902,2024-09-19T09:34:42.000000Z
2024,263.3991087962963,43.08024,-79.06902,2024-09-19T09:34:43.000000Z
2024,263.3991203703704,43.08024,-79.06901,2024-09-19T09:34:44.000000Z
2024,263.39913194444443,43.08024,-79.069,2024-09-19T09:34:45.000000Z
2024,263.39914351851854,43.08024,-79.069,2024-09-19T09:34:46.000000Z
2024,263.3991550925926,43.08024,-79.069,2024-09-19T09:34:47.000000Z
2024,263.39916666666664,43.08025,-79.069,2024-09-19T09:34:48.000000Z
2024,263.39917824074075,43.08025,-79.069,2024-09-19T09:34:49.000000Z
2024,263.3991898148148,43.08026,-79.06899,2024-09-19T09:34:50.000000Z
2024,263.3992013888889,43.08026,-79.06899,2024-09-19T09:34:51.000000Z
2024,263.39921296296296,43.08026,-79.06899,2024-09-19T09:34:52.000000Z
2024,263.399224537037,43.08026,-79.06899,2024-09-19T09:34:53.000000Z
2024,263.4094328703704,43.08012,-79.06912,2024-09-19T09:49:35.000000Z
2024,263.4094444444445,43.08012,-79.06912,2024-09-19T09:49:36.000000Z
2024,263.40945601851854,43.08012,-79.06911,2024-09-19T09:49:37.000000Z
2024,263.4094675925926,43.08012,-79.06911,2024-09-19T09:49:38.000000Z
2024,263.4094791666667,43.08011,-79.0691,2024-09-19T09:49:39.000000Z
2024,263.40949074074075,43.08015,-79.0691,2024-09-19T09:49:40.000000Z
2024,263.40950231481486,43.08019,-79.06909,2024-09-19T09:49:41.000000Z
2024,263.4095138888889,43.08021,-79.06909,2024-09-19T09:49:42.000000Z
2024,263.40952546296296,43.08023,-79.06909,2024-09-19T09:49:43.000000Z
2024,263.40953703703707,43.08024,-79.06908,2024-09-19T09:49:44.000000Z
2024,263.4095486111111,43.08026,-79.06908,2024-09-19T09:49:45.000000Z
2024,263.4095601851852,43.08026,-79.06907,2024-09-19T09:49:46.000000Z
2024,263.4095717592593,43.08027,-79.06906,2024-09-19T09:49:47.000000Z
2024,263.40958333333333,43.08028,-79.06906,2024-09-19T09:49:48.000000Z
2024,263.40959490740744,43.08028,-79.06906,2024-09-19T09:49:49.000000Z
2024,263.4096064814815,43.08029,-79.06906,2024-09-19T09:49:50.000000Z
2024,263.4096180555556,43.08029,-79.06906,2024-09-19T09:49:51.000000Z
2024,263.40962962962965,43.0803,-79.06906,2024-09-19T09:49:52.000000Z
2024,263.4096412037037,43.08031,-79.06906,2024-09-19T09:49:53.000000Z
2024,263.41984953703707,43.08027,-79.06922,2024-09-19T10:04:35.000000Z
2024,263.4198611111112,43.08027,-79.06923,2024-09-19T10:04:36.000000Z
2024,263.4198726851852,43.08027,-79.06923,2024-09-19T10:04:37.000000Z
2024,263.4198842592593,43.08028,-79.06923,2024-09-19T10:04:38.000000Z
2024,263.4198958333334,43.08028,-79.06923,2024-09-19T10:04:39.000000Z
2024,263.41990740740744,43.08028,-79.06922,2024-09-19T10:04:40.000000Z
2024,263.41991898148154,43.08028,-79.06922,2024-09-19T10:04:41.000000Z
2024,263.4199305555556,43.08028,-79.06922,2024-09-19T10:04:42.000000Z
2024,263.41994212962965,43.08028,-79.06922,2024-09-19T10:04:43.000000Z
2024,263.41995370370375,43.08028,-79.06922,2024-09-19T10:04:44.000000Z
2024,263.4199652777778,43.08027,-79.06922,2024-09-19T10:04:45.000000Z
2024,263.4199768518519,43.08027,-79.06922,2024-09-19T10:04:46.000000Z
2024,263.41998842592596,43.08027,-79.06922,2024-09-19T10:04:47.000000Z
2024,263.42,43.08027,-79.06922,2024-09-19T10:04:48.000000Z
2024,263.4200115740741,43.08026,-79.06922,2024-09-19T10:04:49.000000Z
2024,263.4200231481482,43.08026,-79.06921,2024-09-19T10:04:50.000000Z
2024,263.4200347222223,43.08026,-79.06921,2024-09-19T10:04:51.000000Z
2024,263.42004629629633,43.08026,-79.0692,2024-09-19T10:04:52.000000Z
2024,263.4200578703704,43.08026,-79.0692,2024-09-19T10:04:53.000000Z
2024,263.43025462962964,43.08018,-79.06916,2024-09-19T10:19:34.000000Z
2024,263.4302662037037,43.08018,-79.06915,2024-09-19T10:19:35.000000Z
2024,263.4302777777778,43.08018,-79.06914,2024-09-19T10:19:36.000000Z
2024,263.43028935185185,43.08018,-79.06913,2024-09-19T10:19:37.000000Z
2024,263.4303009259259,43.08017,-79.06912,2024-09-19T10:19:38.000000Z
2024,263.4303125,43.08017,-79.06912,2024-09-19T10:19:39.000000Z
2024,263.43032407407406,43.0802,-79.06911,2024-09-19T10:19:40.000000Z
2024,263.4303356481482,43.08021,-79.06911,2024-09-19T10:19:41.000000Z
2024,263.4303472222222,43.08021,-79.0691,2024-09-19T10:19:42.000000Z
2024,263.4303587962963,43.08021,-79.0691,2024-09-19T10:19:43.000000Z
2024,263.4303703703704,43.08022,-79.06909,2024-09-19T10:19:44.000000Z
2024,263.43038194444443,43.08022,-79.0691,2024-09-19T10:19:45.000000Z
2024,263.43039351851854,43.08022,-79.0691,2024-09-19T10:19:46.000000Z
2024,263.4304050925926,43.08023,-79.06909,2024-09-19T10:19:47.000000Z
2024,263.43041666666664,43.08023,-79.06909,2024-09-19T10:19:48.000000Z
2024,263.43042824074075,43.08023,-79.06909,2024-09-19T10:19:49.000000Z
2024,263.4304398148148,43.08024,-79.06909,2024-09-19T10:19:50.000000Z
2024,263.4304513888889,43.08024,-79.06909,2024-09-19T10:19:51.000000Z
2024,263.43046296296296,43.08024,-79.06909,2024-09-19T10:19:52.000000Z
2024,263.44067129629633,43.08022,-79.06908,2024-09-19T10:34:34.000000Z
2024,263.4406828703704,43.08023,-79.06908,2024-09-19T10:34:35.000000Z
2024,263.4406944444445,43.08023,-79.06907,2024-09-19T10:34:36.000000Z
2024,263.44070601851854,43.08023,-79.06906,2024-09-19T10:34:37.000000Z
2024,263.4407175925926,43.08024,-79.06907,2024-09-19T10:34:38.000000Z
2024,263.4407291666667,43.08024,-79.06909,2024-09-19T10:34:39.000000Z
2024,263.44074074074075,43.08025,-79.06909,2024-09-19T10:34:40.000000Z
2024,263.44075231481486,43.08025,-79.06909,2024-09-19T10:34:41.000000Z
2024,263.4407638888889,43.08026,-79.06909,2024-09-19T10:34:42.000000Z
2024,263.44077546296296,43.08026,-79.06909,2024-09-19T10:34:43.000000Z
2024,263.44078703703707,43.08026,-79.06909,2024-09-19T10:34:44.000000Z
2024,263.4407986111111,43.08026,-79.06909,2024-09-19T10:34:45.000000Z
2024,263.4408101851852,43.08027,-79.06909,2024-09-19T10:34:46.000000Z
2024,263.4408217592593,43.08027,-79.06909,2024-09-19T10:34:47.000000Z
2024,263.44083333333333,43.08027,-79.06909,2024-09-19T10:34:48.000000Z
2024,263.44084490740744,43.08027,-79.06909,2024-09-19T10:34:49.000000Z
2024,263.4408564814815,43.08026,-79.06908,2024-09-19T10:34:50.000000Z
2024,263.4408680555556,43.08026,-79.06908,2024-09-19T10:34:51.000000Z
2024,263.44087962962965,43.08026,-79.06908,2024-09-19T10:34:52.000000Z
2024,263.451087962963,43.08039,-79.06936,2024-09-19T10:49:34.000000Z
2024,263.45109953703707,43.08042,-79.06933,2024-09-19T10:49:35.000000Z
2024,263.4511111111112,43.08042,-79.06934,2024-09-19T10:49:36.000000Z
2024,263.4511226851852,43.08042,-79.06934,2024-09-19T10:49:37.000000Z
2024,263.4511342592593,43.08044,-79.06933,2024-09-19T10:49:38.000000Z
2024,263.4511458333334,43.08044,-79.06933,2024-09-19T10:49:39.000000Z
2024,263.45115740740744,43.08043,-79.06935,2024-09-19T10:49:40.000000Z
2024,263.45116898148154,43.08043,-79.06935,2024-09-19T10:49:41.000000Z
2024,263.4511805555556,43.08042,-79.06935,2024-09-19T10:49:42.000000Z
2024,263.45119212962965,43.08041,-79.06935,2024-09-19T10:49:43.000000Z
2024,263.45120370370375,43.08041,-79.06934,2024-09-19T10:49:44.000000Z
2024,263.4512152777778,43.0804,-79.06934,2024-09-19T10:49:45.000000Z
2024,263.4512268518519,43.0804,-79.06934,2024-09-19T10:49:46.000000Z
2024,263.45123842592596,43.08039,-79.06933,2024-09-19T10:49:47.000000Z
2024,263.45125,43.08039,-79.06933,2024-09-19T10:49:48.000000Z
2024,263.4512615740741,43.08039,-79.06932,2024-09-19T10:49:49.000000Z
2024,263.4512731481482,43.08038,-79.06932,2024-09-19T10:49:50.000000Z
2024,263.4512847222223,43.08038,-79.06932,2024-09-19T10:49:51.000000Z
2024,263.45129629629633,43.08038,-79.06932,2024-09-19T10:49:52.000000Z
2024,263.46150462962964,43.08016,-79.0689,2024-09-19T11:04:34.000000Z
2024,263.4615162037037,43.0802,-79.06892,2024-09-19T11:04:35.000000Z
2024,263.4615277777778,43.0802,-79.06895,2024-09-19T11:04:36.000000Z
2024,263.46153935185185,43.08022,-79.06895,2024-09-19T11:04:37.000000Z
2024,263.4615509259259,43.08023,-79.06896,2024-09-19T11:04:38.000000Z
2024,263.4615625,43.08023,-79.06896,2024-09-19T11:04:39.000000Z
2024,263.46157407407406,43.08025,-79.06896,2024-09-19T11:04:40.000000Z
2024,263.4615856481482,43.08026,-79.06897,2024-09-19T11:04:41.000000Z
2024,263.4615972222222,43.08027,-79.06897,2024-09-19T11:04:42.000000Z
2024,263.4616087962963,43.08028,-79.06897,2024-09-19T11:04:43.000000Z
2024,263.4616203703704,43.08028,-79.06897,2024-09-19T11:04:44.000000Z
2024,263.46163194444443,43.08028,-79.06897,2024-09-19T11:04:45.000000Z
2024,263.46164351851854,43.08028,-79.06897,2024-09-19T11:04:46.000000Z
2024,263.4616550925926,43.08029,-79.06897,2024-09-19T11:04:47.000000Z
2024,263.46166666666664,43.08029,-79.06897,2024-09-19T11:04:48.000000Z
2024,263.46167824074075,43.08028,-79.06897,2024-09-19T11:04:49.000000Z
2024,263.4616898148148,43.08028,-79.06897,2024-09-19T11:04:50.000000Z
2024,263.4617013888889,43.08028,-79.06898,2024-09-19T11:04:51.000000Z
2024,263.46171296296296,43.08028,-79.06898,2024-09-19T11:04:52.000000Z
2024,263.4719212962963,43.08026,-79.06895,2024-09-19T11:19:34.000000Z
2024,263.4719328703703,43.08026,-79.06895,2024-09-19T11:19:35.000000Z
2024,263.47194444444443,43.08026,-79.06896,2024-09-19T11:19:36.000000Z
2024,263.4719560185185,43.08027,-79.06896,2024-09-19T11:19:37.000000Z
2024,263.47196759259253,43.08027,-79.06895,2024-09-19T11:19:38.000000Z
2024,263.47197916666664,43.08028,-79.06895,2024-09-19T11:19:39.000000Z
2024,263.4719907407407,43.08028,-79.06896,2024-09-19T11:19:40.000000Z
2024,263.4720023148148,43.08028,-79.06896,2024-09-19T11:19:41.000000Z
2024,263.47201388888885,43.08028,-79.06896,2024-09-19T11:19:42.000000Z
2024,263.4720254629629,43.08028,-79.06896,2024-09-19T11:19:43.000000Z
2024,263.472037037037,43.08028,-79.06896,2024-09-19T11:19:44.000000Z
2024,263.47204861111106,43.08028,-79.06895,2024-09-19T11:19:45.000000Z
2024,263.47206018518517,43.08028,-79.06895,2024-09-19T11:19:46.000000Z
2024,263.4720717592592,43.08028,-79.06895,2024-09-19T11:19:47.000000Z
2024,263.4720833333333,43.08028,-79.06895,2024-09-19T11:19:48.000000Z
2024,263.4720949074074,43.08028,-79.06895,2024-09-19T11:19:49.000000Z
2024,263.47210648148143,43.08028,-79.06896,2024-09-19T11:19:50.000000Z
2024,263.47211805555554,43.08028,-79.06896,2024-09-19T11:19:51.000000Z
2024,263.4721296296296,43.08027,-79.06896,2024-09-19T11:19:52.000000Z
2024,263.48233796296296,43.08028,-79.06884,2024-09-19T11:34:34.000000Z
2024,263.482349537037,43.08029,-79.06883,2024-09-19T11:34:35.000000Z
2024,263.4823611111111,43.08028,-79.06884,2024-09-19T11:34:36.000000Z
2024,263.48237268518517,43.08028,-79.06884,2024-09-19T11:34:37.000000Z
2024,263.4823842592592,43.08029,-79.06884,2024-09-19T11:34:38.000000Z
2024,263.4823958333333,43.0803,-79.06882,2024-09-19T11:34:39.000000Z
2024,263.4824074074074,43.0803,-79.06881,2024-09-19T11:34:40.000000Z
2024,263.4824189814815,43.0803,-79.0688,2024-09-19T11:34:41.000000Z
2024,263.48243055555554,43.08031,-79.0688,2024-09-19T11:34:42.000000Z
2024,263.4824421296296,43.08032,-79.0688,2024-09-19T11:34:43.000000Z
2024,263.4824537037037,43.08031,-79.06881,2024-09-19T11:34:44.000000Z
2024,263.48246527777775,43.08031,-79.06883,2024-09-19T11:34:45.000000Z
2024,263.48247685185186,43.0803,-79.06884,2024-09-19T11:34:46.000000Z
2024,263.4824884259259,43.0803,-79.06884,2024-09-19T11:34:47.000000Z
2024,263.48249999999996,43.0803,-79.06885,2024-09-19T11:34:48.000000Z
2024,263.48251157407407,43.08029,-79.06886,2024-09-19T11:34:49.000000Z
2024,263.4825231481481,43.08029,-79.06886,2024-09-19T11:34:50.000000Z
2024,263.4825347222222,43.08029,-79.06887,2024-09-19T11:34:51.000000Z
2024,263.4825462962963,43.08029,-79.06887,2024-09-19T11:34:52.000000Z
2024,263.49275462962964,43.08014,-79.06901,2024-09-19T11:49:34.000000Z
2024,263.4927662037037,43.08014,-79.06902,2024-09-19T11:49:35.000000Z
2024,263.4927777777778,43.08015,-79.06902,2024-09-19T11:49:36.000000Z
2024,263.49278935185185,43.08015,-79.06903,2024-09-19T11:49:37.000000Z
2024,263.4928009259259,43.08016,-79.06903,2024-09-19T11:49:38.000000Z
2024,263.4928125,43.08016,-79.06903,2024-09-19T11:49:39.000000Z
2024,263.49282407407406,43.08019,-79.06901,2024-09-19T11:49:40.000000Z
2024,263.4928356481482,43.0802,-79.069,2024-09-19T11:49:41.000000Z
2024,263.4928472222222,43.0802,-79.06898,2024-09-19T11:49:42.000000Z
2024,263.4928587962963,43.08021,-79.06897,2024-09-19T11:49:43.000000Z
2024,263.4928703703704,43.08021,-79.06896,2024-09-19T11:49:44.000000Z
2024,263.49288194444443,43.08021,-79.06895,2024-09-19T11:49:45.000000Z
2024,263.49289351851854,43.08021,-79.06894,2024-09-19T11:49:46.000000Z
2024,263.4929050925926,43.08021,-79.06893,2024-09-19T11:49:47.000000Z
2024,263.49291666666664,43.08021,-79.06892,2024-09-19T11:49:48.000000Z
2024,263.49292824074075,43.08021,-79.06891,2024-09-19T11:49:49.000000Z
2024,263.4929398148148,43.08022,-79.0689,2024-09-19T11:49:50.000000Z
2024,263.4929513888889,43.08022,-79.0689,2024-09-19T11:49:51.000000Z
2024,263.49296296296296,43.08023,-79.06889,2024-09-19T11:49:52.000000Z
2024,263.50317129629633,43.08018,-79.06883,2024-09-19T12:04:34.000000Z
2024,263.5031828703704,43.08021,-79.06881,2024-09-19T12:04:35.000000Z
2024,263.5031944444445,43.08022,-79.0688,2024-09-19T12:04:36.000000Z
2024,263.50320601851854,43.08023,-79.0688,2024-09-19T12:04:37.000000Z
2024,263.5032175925926,43.08024,-79.06879,2024-09-19T12:04:38.000000Z
2024,263.5032291666667,43.08024,-79.06879,2024-09-19T12:04:39.000000Z
2024,263.50324074074075,43.08027,-79.0688,2024-09-19T12:04:40.000000Z
2024,263.50325231481486,43.08028,-79.0688,2024-09-19T12:04:41.000000Z
2024,263.5032638888889,43.08029,-79.0688,2024-09-19T12:04:42.000000Z
2024,263.50327546296296,43.08029,-79.0688,2024-09-19T12:04:43.000000Z
2024,263.50328703703707,43.0803,-79.06881,2024-09-19T12:04:44.000000Z
2024,263.5032986111111,43.0803,-79.06882,2024-09-19T12:04:45.000000Z
2024,263.5033101851852,43.08031,-79.06882,2024-09-19T12:04:46.000000Z
2024,263.5033217592593,43.08031,-79.06881,2024-09-19T12:04:47.000000Z
2024,263.50333333333333,43.08031,-79.06881,2024-09-19T12:04:48.000000Z
2024,263.50334490740744,43.08031,-79.06881,2024-09-19T12:04:49.000000Z
2024,263.5033564814815,43.08031,-79.0688,2024-09-19T12:04:50.000000Z
2024,263.5033680555556,43.08032,-79.0688,2024-09-19T12:04:51.000000Z
2024,263.50337962962965,43.08032,-79.0688,2024-09-19T12:04:52.000000Z
2024,263.51358796296296,43.0803,-79.06887,2024-09-19T12:19:34.000000Z
2024,263.513599537037,43.0803,-79.06886,2024-09-19T12:19:35.000000Z
2024,263.5136111111111,43.0803,-79.06885,2024-09-19T12:19:36.000000Z
2024,263.51362268518517,43.0803,-79.06884,2024-09-19T12:19:37.000000Z
2024,263.5136342592592,43.0803,-79.06884,2024-09-19T12:19:38.000000Z
2024,263.5136458333333,43.08031,-79.06883,2024-09-19T12:19:39.000000Z
2024,263.5136574074074,43.08032,-79.06882,2024-09-19T12:19:40.000000Z
2024,263.5136689814815,43.08032,-79.06882,2024-09-19T12:19:41.000000Z
2024,263.51368055555554,43.08032,-79.06882,2024-09-19T12:19:42.000000Z
2024,263.5136921296296,43.08032,-79.06881,2024-09-19T12:19:43.000000Z
2024,263.5137037037037,43.08032,-79.06881,2024-09-19T12:19:44.000000Z
2024,263.51371527777775,43.08032,-79.06881,2024-09-19T12:19:45.000000Z
2024,263.51372685185186,43.08032,-79.06881,2024-09-19T12:19:46.000000Z
2024,263.5137384259259,43.08032,-79.06881,2024-09-19T12:19:47.000000Z
2024,263.51374999999996,43.08032,-79.06881,2024-09-19T12:19:48.000000Z
2024,263.51376157407407,43.08032,-79.06881,2024-09-19T12:19:49.000000Z
2024,263.5137731481481,43.08032,-79.06881,2024-09-19T12:19:50.000000Z
2024,263.5137847222222,43.08031,-79.06881,2024-09-19T12:19:51.000000Z
2024,263.5137962962963,43.08031,-79.06881,2024-09-19T12:19:52.000000Z
2024,263.52400462962964,43.08013,-79.06896,2024-09-19T12:34:34.000000Z
2024,263.5240162037037,43.08014,-79.06896,2024-09-19T12:34:35.000000Z
2024,263.5240277777778,43.08015,-79.06896,2024-09-19T12:34:36.000000Z
2024,263.52403935185185,43.08014,-79.06896,2024-09-19T12:34:37.000000Z
2024,263.5240509259259,43.08015,-79.06896,2024-09-19T12:34:38.000000Z
2024,263.5240625,43.08015,-79.06896,2024-09-19T12:34:39.000000Z
2024,263.52407407407406,43.08015,-79.06896,2024-09-19T12:34:40.000000Z
2024,263.5240856481482,43.08014,-79.06896,2024-09-19T12:34:41.000000Z
2024,263.5240972222222,43.08014,-79.06896,2024-09-19T12:34:42.000000Z
2024,263.5241087962963,43.08013,-79.06895,2024-09-19T12:34:43.000000Z
2024,263.5241203703704,43.08013,-79.06895,2024-09-19T12:34:44.000000Z
2024,263.52413194444443,43.08013,-79.06894,2024-09-19T12:34:45.000000Z
2024,263.52414351851854,43.08013,-79.06893,2024-09-19T12:34:46.000000Z
2024,263.5241550925926,43.08013,-79.06893,2024-09-19T12:34:47.000000Z
2024,263.52416666666664,43.08012,-79.06893,2024-09-19T12:34:48.000000Z
2024,263.52417824074075,43.08013,-79.06893,2024-09-19T12:34:49.000000Z
2024,263.5241898148148,43.08013,-79.06893,2024-09-19T12:34:50.000000Z
2024,263.5242013888889,43.08013,-79.06893,2024-09-19T12:34:51.000000Z
2024,263.52421296296296,43.08013,-79.06892,2024-09-19T12:34:52.000000Z
2024,263.53442129629633,43.08021,-79.06891,2024-09-19T12:49:34.000000Z
2024,263.5344328703704,43.0802,-79.06891,2024-09-19T12:49:35.000000Z
2024,263.5344444444445,43.0802,-79.06891,2024-09-19T12:49:36.000000Z
2024,263.53445601851854,43.0802,-79.0689,2024-09-19T12:49:37.000000Z
2024,263.5344675925926,43.0802,-79.0689,2024-09-19T12:49:38.000000Z
2024,263.5344791666667,43.0802,-79.0689,2024-09-19T12:49:39.000000Z
2024,263.53449074074075,43.0802,-79.0689,2024-09-19T12:49:40.000000Z
2024,263.53450231481486,43.0802,-79.0689,2024-09-19T12:49:41.000000Z
2024,263.5345138888889,43.0802,-79.0689,2024-09-19T12:49:42.000000Z
2024,263.53452546296296,43.0802,-79.0689,2024-09-19T12:49:43.000000Z
2024,263.53453703703707,43.08021,-79.0689,2024-09-19T12:49:44.000000Z
2024,263.5345486111111,43.08021,-79.0689,2024-09-19T12:49:45.000000Z
2024,263.5345601851852,43.08021,-79.0689,2024-09-19T12:49:46.000000Z
2024,263.5345717592593,43.08021,-79.0689,2024-09-19T12:49:47.000000Z
2024,263.53458333333333,43.08021,-79.0689,2024-09-19T12:49:48.000000Z
2024,263.53459490740744,43.08021,-79.0689,2024-09-19T12:49:49.000000Z
2024,263.5346064814815,43.08021,-79.0689,2024-09-19T12:49:50.000000Z
2024,263.5346180555556,43.08021,-79.0689,2024-09-19T12:49:51.000000Z
2024,263.53462962962965,43.08021,-79.0689,2024-09-19T12:49:52.000000Z
2024,263.544837962963,43.08026,-79.06887,2024-09-19T13:04:34.000000Z
2024,263.54484953703707,43.08026,-79.06887,2024-09-19T13:04:35.000000Z
2024,263.5448611111112,43.08026,-79.06887,2024-09-19T13:04:36.000000Z
2024,263.5448726851852,43.08026,-79.06886,2024-09-19T13:04:37.000000Z
2024,263.5448842592593,43.08025,-79.06886,2024-09-19T13:04:38.000000Z
2024,263.5448958333334,43.08025,-79.06886,2024-09-19T13:04:39.000000Z
2024,263.54490740740744,43.08024,-79.06886,2024-09-19T13:04:40.000000Z
2024,263.54491898148154,43.08024,-79.06886,2024-09-19T13:04:41.000000Z
2024,263.5449305555556,43.08024,-79.06886,2024-09-19T13:04:42.000000Z
2024,263.54494212962965,43.08024,-79.06886,2024-09-19T13:04:43.000000Z
2024,263.54495370370375,43.08023,-79.06886,2024-09-19T13:04:44.000000Z
2024,263.5449652777778,43.08023,-79.06886,2024-09-19T13:04:45.000000Z
2024,263.5449768518519,43.08023,-79.06886,2024-09-19T13:04:46.000000Z
2024,263.54498842592596,43.08023,-79.06886,2024-09-19T13:04:47.000000Z
2024,263.545,43.08023,-79.06886,2024-09-19T13:04:48.000000Z
2024,263.5450115740741,43.08022,-79.06886,2024-09-19T13:04:49.000000Z
2024,263.5450231481482,43.08021,-79.06887,2024-09-19T13:04:50.000000Z
2024,263.5450347222223,43.08021,-79.06887,2024-09-19T13:04:51.000000Z
2024,263.54504629629633,43.08021,-79.06887,2024-09-19T13:04:52.000000Z
2024,263.55525462962964,43.08013,-79.0689,2024-09-19T13:19:34.000000Z
2024,263.5552662037037,43.08013,-79.0689,2024-09-19T13:19:35.000000Z
2024,263.5552777777778,43.08013,-79.0689,2024-09-19T13:19:36.000000Z
2024,263.55528935185185,43.08013,-79.0689,2024-09-19T13:19:37.000000Z
2024,263.5553009259259,43.08013,-79.0689,2024-09-19T13:19:38.000000Z
2024,263.5553125,43.08013,-79.0689,2024-09-19T13:19:39.000000Z
2024,263.55532407407406,43.08014,-79.06891,2024-09-19T13:19:40.000000Z
2024,263.5553356481482,43.08015,-79.06893,2024-09-19T13:19:41.000000Z
2024,263.5553472222222,43.08016,-79.06894,2024-09-19T13:19:42.000000Z
2024,263.5553587962963,43.08017,-79.06895,2024-09-19T13:19:43.000000Z
2024,263.5553703703704,43.08018,-79.06896,2024-09-19T13:19:44.000000Z
2024,263.55538194444443,43.08018,-79.06896,2024-09-19T13:19:45.000000Z
2024,263.55539351851854,43.08018,-79.06896,2024-09-19T13:19:46.000000Z
2024,263.5554050925926,43.08018,-79.06896,2024-09-19T13:19:47.000000Z
2024,263.55541666666664,43.08018,-79.06897,2024-09-19T13:19:48.000000Z
2024,263.55542824074075,43.08018,-79.06897,2024-09-19T13:19:49.000000Z
2024,263.5554398148148,43.08018,-79.06897,2024-09-19T13:19:50.000000Z
2024,263.5554513888889,43.08018,-79.06897,2024-09-19T13:19:51.000000Z
2024,263.55546296296296,43.08018,-79.06897,2024-09-19T13:19:52.000000Z
2024,263.56567129629633,43.08017,-79.06909,2024-09-19T13:34:34.000000Z
2024,263.5656828703704,43.08017,-79.06908,2024-09-19T13:34:35.000000Z
2024,263.5656944444445,43.08016,-79.06907,2024-09-19T13:34:36.000000Z
2024,263.56570601851854,43.08016,-79.06907,2024-09-19T13:34:37.000000Z
2024,263.5657175925926,43.08016,-79.06906,2024-09-19T13:34:38.000000Z
2024,263.5657291666667,43.08017,-79.06906,2024-09-19T13:34:39.000000Z
2024,263.56574074074075,43.08017,-79.06906,2024-09-19T13:34:40.000000Z
2024,263.56575231481486,43.08018,-79.06906,2024-09-19T13:34:41.000000Z
2024,263.5657638888889,43.08018,-79.06905,2024-09-19T13:34:42.000000Z
2024,263.56577546296296,43.08018,-79.06905,2024-09-19T13:34:43.000000Z
2024,263.56578703703707,43.08019,-79.06904,2024-09-19T13:34:44.000000Z
2024,263.5657986111111,43.08019,-79.06904,2024-09-19T13:34:45.000000Z
2024,263.5658101851852,43.08019,-79.06903,2024-09-19T13:34:46.000000Z
2024,263.5658217592593,43.08019,-79.06903,2024-09-19T13:34:47.000000Z
2024,263.56583333333333,43.08019,-79.06903,2024-09-19T13:34:48.000000Z
2024,263.56584490740744,43.0802,-79.06903,2024-09-19T13:34:49.000000Z
2024,263.5658564814815,43.0802,-79.06903,2024-09-19T13:34:50.000000Z
2024,263.5658680555556,43.0802,-79.06903,2024-09-19T13:34:51.000000Z
2024,263.56587962962965,43.0802,-79.06903,2024-09-19T13:34:52.000000Z
2024,263.576087962963,43.08027,-79.06902,2024-09-19T13:49:34.000000Z
2024,263.57609953703707,43.08027,-79.06902,2024-09-19T13:49:35.000000Z
2024,263.5761111111112,43.08027,-79.06902,2024-09-19T13:49:36.000000Z
2024,263.5761226851852,43.08027,-79.06901,2024-09-19T13:49:37.000000Z
2024,263.5761342592593,43.08026,-79.06901,2024-09-19T13:49:38.000000Z
2024,263.5761458333334,43.08026,-79.06901,2024-09-19T13:49:39.000000Z
2024,263.57615740740744,43.08026,-79.06901,2024-09-19T13:49:40.000000Z
2024,263.57616898148154,43.08026,-79.06902,2024-09-19T13:49:41.000000Z
2024,263.5761805555556,43.08025,-79.06902,2024-09-19T13:49:42.000000Z
2024,263.57619212962965,43.08025,-79.06902,2024-09-19T13:49:43.000000Z
2024,263.57620370370375,43.08025,-79.06902,2024-09-19T13:49:44.000000Z
2024,263.5762152777778,43.08024,-79.06903,2024-09-19T13:49:45.000000Z
2024,263.5762268518519,43.08024,-79.06903,2024-09-19T13:49:46.000000Z
2024,263.57623842592596,43.08024,-79.06903,2024-09-19T13:49:47.000000Z
2024,263.57625,43.08024,-79.06903,2024-09-19T13:49:48.000000Z
2024,263.5762615740741,43.08024,-79.06903,2024-09-19T13:49:49.000000Z
2024,263.5762731481482,43.08023,-79.06903,2024-09-19T13:49:50.000000Z
2024,263.5762847222223,43.08023,-79.06903,2024-09-19T13:49:51.000000Z
2024,263.57629629629633,43.08023,-79.06903,2024-09-19T13:49:52.000000Z
2024,263.58650462962964,43.08023,-79.06903,2024-09-19T14:04:34.000000Z
2024,263.5865162037037,43.08023,-79.06903,2024-09-19T14:04:35.000000Z
2024,263.5865277777778,43.08024,-79.06903,2024-09-19T14:04:36.000000Z
2024,263.58653935185185,43.08024,-79.06904,2024-09-19T14:04:37.000000Z
2024,263.5865509259259,43.08024,-79.06904,2024-09-19T14:04:38.000000Z
2024,263.5865625,43.08023,-79.06904,2024-09-19T14:04:39.000000Z
2024,263.58657407407406,43.08023,-79.06906,2024-09-19T14:04:40.000000Z
2024,263.5865856481482,43.08023,-79.06906,2024-09-19T14:04:41.000000Z
2024,263.5865972222222,43.08022,-79.06906,2024-09-19T14:04:42.000000Z
2024,263.5866087962963,43.08022,-79.06906,2024-09-19T14:04:43.000000Z
2024,263.5866203703704,43.08021,-79.06906,2024-09-19T14:04:44.000000Z
2024,263.58663194444443,43.08021,-79.06906,2024-09-19T14:04:45.000000Z
2024,263.58664351851854,43.08021,-79.06906,2024-09-19T14:04:46.000000Z
2024,263.5866550925926,43.08021,-79.06906,2024-09-19T14:04:47.000000Z
2024,263.58666666666664,43.08021,-79.06906,2024-09-19T14:04:48.000000Z
2024,263.58667824074075,43.08021,-79.06906,2024-09-19T14:04:49.000000Z
2024,263.5866898148148,43.08021,-79.06906,2024-09-19T14:04:50.000000Z
2024,263.5867013888889,43.08021,-79.06906,2024-09-19T14:04:51.000000Z
2024,263.58671296296296,43.08021,-79.06906,2024-09-19T14:04:52.000000Z
2024,263.5969212962963,43.08032,-79.06907,2024-09-19T14:19:34.000000Z
2024,263.5969328703703,43.08034,-79.06907,2024-09-19T14:19:35.000000Z
2024,263.59694444444443,43.08034,-79.06906,2024-09-19T14:19:36.000000Z
2024,263.5969560185185,43.08034,-79.06906,2024-09-19T14:19:37.000000Z
2024,263.59696759259253,43.08034,-79.06906,2024-09-19T14:19:38.000000Z
2024,263.59697916666664,43.08034,-79.06907,2024-09-19T14:19:39.000000Z
2024,263.5969907407407,43.08033,-79.06909,2024-09-19T14:19:40.000000Z
2024,263.5970023148148,43.08033,-79.06909,2024-09-19T14:19:41.000000Z
2024,263.59701388888885,43.08033,-79.0691,2024-09-19T14:19:42.000000Z
2024,263.5970254629629,43.08033,-79.0691,2024-09-19T14:19:43.000000Z
2024,263.597037037037,43.08033,-79.06911,2024-09-19T14:19:44.000000Z
2024,263.59704861111106,43.08033,-79.06911,2024-09-19T14:19:45.000000Z
2024,263.59706018518517,43.08033,-79.06911,2024-09-19T14:19:46.000000Z
2024,263.5970717592592,43.08033,-79.06912,2024-09-19T14:19:47.000000Z
2024,263.5970833333333,43.08032,-79.06912,2024-09-19T14:19:48.000000Z
2024,263.5970949074074,43.08032,-79.06912,2024-09-19T14:19:49.000000Z
2024,263.59710648148143,43.08031,-79.06913,2024-09-19T14:19:50.000000Z
2024,263.59711805555554,43.08031,-79.06913,2024-09-19T14:19:51.000000Z
2024,263.5971296296296,43.08031,-79.06914,2024-09-19T14:19:52.000000Z
2024,263.60733796296296,43.08029,-79.06908,2024-09-19T14:34:34.000000Z
2024,263.607349537037,43.08029,-79.06907,2024-09-19T14:34:35.000000Z
2024,263.6073611111111,43.08029,-79.06907,2024-09-19T14:34:36.000000Z
2024,263.60737268518517,43.08029,-79.06906,2024-09-19T14:34:37.000000Z
2024,263.6073842592592,43.08029,-79.06906,2024-09-19T14:34:38.000000Z
2024,263.6073958333333,43.0803,-79.06906,2024-09-19T14:34:39.000000Z
2024,263.6074074074074,43.08031,-79.06906,2024-09-19T14:34:40.000000Z
2024,263.6074189814815,43.0803,-79.06907,2024-09-19T14:34:41.000000Z
2024,263.60743055555554,43.08031,-79.06908,2024-09-19T14:34:42.000000Z
2024,263.6074421296296,43.08032,-79.06908,2024-09-19T14:34:43.000000Z
2024,263.6074537037037,43.08032,-79.06909,2024-09-19T14:34:44.000000Z
2024,263.60746527777775,43.08032,-79.06909,2024-09-19T14:34:45.000000Z
2024,263.60747685185186,43.08032,-79.06909,2024-09-19T14:34:46.000000Z
2024,263.6074884259259,43.08032,-79.06909,2024-09-19T14:34:47.000000Z
2024,263.60749999999996,43.08031,-79.06909,2024-09-19T14:34:48.000000Z
2024,263.60751157407407,43.08031,-79.06909,2024-09-19T14:34:49.000000Z
2024,263.6075231481481,43.0803,-79.06909,2024-09-19T14:34:50.000000Z
2024,263.6075347222222,43.0803,-79.06909,2024-09-19T14:34:51.000000Z
2024,263.6075462962963,43.0803,-79.06909,2024-09-19T14:34:52.000000Z
2024,263.61775462962964,43.08036,-79.06925,2024-09-19T14:49:34.000000Z
2024,263.6177662037037,43.08036,-79.06924,2024-09-19T14:49:35.000000Z
2024,263.6177777777778,43.08037,-79.06923,2024-09-19T14:49:36.000000Z
2024,263.6178009259259,43.08037,-79.06925,2024-09-19T14:49:38.000000Z
2024,263.6178125,43.08036,-79.06924,2024-09-19T14:49:39.000000Z
2024,263.61782407407406,43.08032,-79.06921,2024-09-19T14:49:40.000000Z
2024,263.6178356481482,43.08031,-79.06921,2024-09-19T14:49:41.000000Z
2024,263.6178472222222,43.0803,-79.06921,2024-09-19T14:49:42.000000Z
2024,263.6178587962963,43.0803,-79.0692,2024-09-19T14:49:43.000000Z
2024,263.6178703703704,43.08029,-79.0692,2024-09-19T14:49:44.000000Z
2024,263.61788194444443,43.08029,-79.06919,2024-09-19T14:49:45.000000Z
2024,263.61789351851854,43.08029,-79.06919,2024-09-19T14:49:46.000000Z
2024,263.6179050925926,43.08029,-79.06918,2024-09-19T14:49:47.000000Z
2024,263.61791666666664,43.08029,-79.06917,2024-09-19T14:49:48.000000Z
2024,263.61792824074075,43.08029,-79.06916,2024-09-19T14:49:49.000000Z
2024,263.6179398148148,43.08029,-79.06916,2024-09-19T14:49:50.000000Z
2024,263.6179513888889,43.08029,-79.06916,2024-09-19T14:49:51.000000Z
2024,263.61796296296296,43.08028,-79.06916,2024-09-19T14:49:52.000000Z
2024,263.62817129629633,43.0804,-79.0691,2024-09-19T15:04:34.000000Z
2024,263.6281828703704,43.08039,-79.06909,2024-09-19T15:04:35.000000Z
2024,263.6281944444445,43.0804,-79.06909,2024-09-19T15:04:36.000000Z
2024,263.62820601851854,43.08041,-79.06908,2024-09-19T15:04:37.000000Z
2024,263.6282175925926,43.08041,-79.06908,2024-09-19T15:04:38.000000Z
2024,263.6282291666667,43.0804,-79.06907,2024-09-19T15:04:39.000000Z
2024,263.62824074074075,43.0804,-79.06906,2024-09-19T15:04:40.000000Z
2024,263.62825231481486,43.08039,-79.06906,2024-09-19T15:04:41.000000Z
2024,263.6282638888889,43.0804,-79.06906,2024-09-19T15:04:42.000000Z
2024,263.62827546296296,43.0804,-79.06907,2024-09-19T15:04:43.000000Z
2024,263.62828703703707,43.0804,-79.06907,2024-09-19T15:04:44.000000Z
2024,263.6282986111111,43.0804,-79.06907,2024-09-19T15:04:45.000000Z
2024,263.6283101851852,43.0804,-79.06908,2024-09-19T15:04:46.000000Z
2024,263.6283217592593,43.0804,-79.06908,2024-09-19T15:04:47.000000Z
2024,263.62833333333333,43.0804,-79.06909,2024-09-19T15:04:48.000000Z
2024,263.62834490740744,43.0804,-79.06909,2024-09-19T15:04:49.000000Z
2024,263.6283564814815,43.08039,-79.0691,2024-09-19T15:04:50.000000Z
2024,263.6283680555556,43.08038,-79.06911,2024-09-19T15:04:51.000000Z
2024,263.62837962962965,43.08037,-79.06911,2024-09-19T15:04:52.000000Z
2024,263.6386342592592,43.08041,-79.06913,2024-09-19T15:19:38.000000Z
2024,263.6386458333333,43.0804,-79.06913,2024-09-19T15:19:39.000000Z
2024,263.6386574074074,43.0804,-79.06913,2024-09-19T15:19:40.000000Z
2024,263.6386689814815,43.0804,-79.06913,2024-09-19T15:19:41.000000Z
2024,263.63868055555554,43.0804,-79.06913,2024-09-19T15:19:42.000000Z
2024,263.6386921296296,43.08039,-79.06913,2024-09-19T15:19:43.000000Z
2024,263.6387037037037,43.08039,-79.06914,2024-09-19T15:19:44.000000Z
2024,263.63871527777775,43.08039,-79.06914,2024-09-19T15:19:45.000000Z
2024,263.63872685185186,43.08039,-79.06914,2024-09-19T15:19:46.000000Z
2024,263.6387731481481,43.08039,-79.06916,2024-09-19T15:19:50.000000Z
2024,263.6387847222222,43.08039,-79.06916,2024-09-19T15:19:51.000000Z
2024,263.6387962962963,43.08039,-79.06916,2024-09-19T15:19:52.000000Z
2024,263.63880787037033,43.08039,-79.06916,2024-09-19T15:19:53.000000Z
2024,263.63881944444444,43.08039,-79.06916,2024-09-19T15:19:54.000000Z
2024,263.6388310185185,43.08038,-79.06915,2024-09-19T15:19:55.000000Z
2024,263.6388425925926,43.08037,-79.06914,2024-09-19T15:19:56.000000Z
2024,263.63885416666665,43.08037,-79.06913,2024-09-19T15:19:57.000000Z
2024,263.6388657407407,43.08037,-79.06913,2024-09-19T15:19:58.000000Z
2024,263.64900462962964,43.08034,-79.06906,2024-09-19T15:34:34.000000Z
2024,263.6490162037037,43.08034,-79.06907,2024-09-19T15:34:35.000000Z
2024,263.6490277777778,43.08034,-79.06908,2024-09-19T15:34:36.000000Z
2024,263.64903935185185,43.08034,-79.06908,2024-09-19T15:34:37.000000Z
2024,263.6490509259259,43.08034,-79.06908,2024-09-19T15:34:38.000000Z
2024,263.6490625,43.08034,-79.06909,2024-09-19T15:34:39.000000Z
2024,263.64907407407406,43.08034,-79.06909,2024-09-19T15:34:40.000000Z
2024,263.6490856481482,43.08034,-79.06909,2024-09-19T15:34:41.000000Z
2024,263.6490972222222,43.08034,-79.06909,2024-09-19T15:34:42.000000Z
2024,263.6491087962963,43.08034,-79.06909,2024-09-19T15:34:43.000000Z
2024,263.6491203703704,43.08034,-79.06908,2024-09-19T15:34:44.000000Z
2024,263.64913194444443,43.08034,-79.06908,2024-09-19T15:34:45.000000Z
2024,263.64914351851854,43.08034,-79.06908,2024-09-19T15:34:46.000000Z
2024,263.6491550925926,43.08034,-79.06908,2024-09-19T15:34:47.000000Z
2024,263.64916666666664,43.08034,-79.06908,2024-09-19T15:34:48.000000Z
2024,263.64917824074075,43.08034,-79.06908,2024-09-19T15:34:49.000000Z
2024,263.6491898148148,43.08034,-79.06908,2024-09-19T15:34:50.000000Z
2024,263.6492013888889,43.08033,-79.06909,2024-09-19T15:34:51.000000Z
2024,263.64921296296296,43.08033,-79.06909,2024-09-19T15:34:52.000000Z
2024,263.65942129629633,43.08039,-79.06913,2024-09-19T15:49:34.000000Z
2024,263.6594328703704,43.08039,-79.06913,2024-09-19T15:49:35.000000Z
2024,263.6594444444445,43.0804,-79.06911,2024-09-19T15:49:36.000000Z
2024,263.65945601851854,43.0804,-79.06911,2024-09-19T15:49:37.000000Z
2024,263.6594675925926,43.0804,-79.0691,2024-09-19T15:49:38.000000Z
2024,263.6594791666667,43.0804,-79.0691,2024-09-19T15:49:39.000000Z
2024,263.65949074074075,43.08039,-79.06909,2024-09-19T15:49:40.000000Z
2024,263.65950231481486,43.08038,-79.06909,2024-09-19T15:49:41.000000Z
2024,263.6595138888889,43.08038,-79.06909,2024-09-19T15:49:42.000000Z
2024,263.65952546296296,43.08038,-79.06909,2024-09-19T15:49:43.000000Z
2024,263.65953703703707,43.08038,-79.06909,2024-09-19T15:49:44.000000Z
2024,263.6595486111111,43.08038,-79.06909,2024-09-19T15:49:45.000000Z
2024,263.6595601851852,43.08038,-79.06908,2024-09-19T15:49:46.000000Z
2024,263.6595717592593,43.08038,-79.06908,2024-09-19T15:49:47.000000Z
2024,263.65958333333333,43.08038,-79.06908,2024-09-19T15:49:48.000000Z
2024,263.65959490740744,43.08038,-79.06907,2024-09-19T15:49:49.000000Z
2024,263.6596064814815,43.08038,-79.06906,2024-09-19T15:49:50.000000Z
2024,263.6596180555556,43.08038,-79.06906,2024-09-19T15:49:51.000000Z
2024,263.65962962962965,43.08037,-79.06906,2024-09-19T15:49:52.000000Z
2024,263.669837962963,43.08033,-79.06901,2024-09-19T16:04:34.000000Z
2024,263.66984953703707,43.08034,-79.06902,2024-09-19T16:04:35.000000Z
2024,263.6698611111112,43.08034,-79.06903,2024-09-19T16:04:36.000000Z
2024,263.6698726851852,43.08035,-79.06903,2024-09-19T16:04:37.000000Z
2024,263.6698842592593,43.08035,-79.06903,2024-09-19T16:04:38.000000Z
2024,263.6698958333334,43.08036,-79.06903,2024-09-19T16:04:39.000000Z
2024,263.66990740740744,43.08036,-79.06904,2024-09-19T16:04:40.000000Z
2024,263.66991898148154,43.08035,-79.06904,2024-09-19T16:04:41.000000Z
2024,263.6699305555556,43.08035,-79.06903,2024-09-19T16:04:42.000000Z
2024,263.66994212962965,43.08036,-79.06903,2024-09-19T16:04:43.000000Z
2024,263.66995370370375,43.08035,-79.06903,2024-09-19T16:04:44.000000Z
2024,263.6699652777778,43.08036,-79.06903,2024-09-19T16:04:45.000000Z
2024,263.6699768518519,43.08036,-79.06902,2024-09-19T16:04:46.000000Z
2024,263.66998842592596,43.08035,-79.06902,2024-09-19T16:04:47.000000Z
2024,263.67,43.08035,-79.06901,2024-09-19T16:04:48.000000Z
2024,263.6700115740741,43.08035,-79.06901,2024-09-19T16:04:49.000000Z
2024,263.6700231481482,43.08035,-79.069,2024-09-19T16:04:50.000000Z
2024,263.6700347222223,43.08035,-79.069,2024-09-19T16:04:51.000000Z
2024,263.67004629629633,43.08035,-79.069,2024-09-19T16:04:52.000000Z
2024,263.68025462962964,43.08039,-79.06891,2024-09-19T16:19:34.000000Z
2024,263.6802662037037,43.08039,-79.06891,2024-09-19T16:19:35.000000Z
2024,263.6802777777778,43.08038,-79.06892,2024-09-19T16:19:36.000000Z
2024,263.68028935185185,43.08039,-79.0689,2024-09-19T16:19:37.000000Z
2024,263.6803009259259,43.08039,-79.0689,2024-09-19T16:19:38.000000Z
2024,263.6803125,43.0804,-79.06889,2024-09-19T16:19:39.000000Z
2024,263.68032407407406,43.0804,-79.06888,2024-09-19T16:19:40.000000Z
2024,263.6803356481482,43.0804,-79.06888,2024-09-19T16:19:41.000000Z
2024,263.6803472222222,43.0804,-79.06889,2024-09-19T16:19:42.000000Z
2024,263.6803587962963,43.0804,-79.0689,2024-09-19T16:19:43.000000Z
2024,263.6803703703704,43.0804,-79.0689,2024-09-19T16:19:44.000000Z
2024,263.68038194444443,43.0804,-79.0689,2024-09-19T16:19:45.000000Z
2024,263.68039351851854,43.0804,-79.06891,2024-09-19T16:19:46.000000Z
2024,263.6804050925926,43.0804,-79.06892,2024-09-19T16:19:47.000000Z
2024,263.68041666666664,43.0804,-79.06893,2024-09-19T16:19:48.000000Z
2024,263.68042824074075,43.08039,-79.06893,2024-09-19T16:19:49.000000Z
2024,263.6804398148148,43.08039,-79.06894,2024-09-19T16:19:50.000000Z
2024,263.6804513888889,43.08039,-79.06895,2024-09-19T16:19:51.000000Z
2024,263.68046296296296,43.08039,-79.06896,2024-09-19T16:19:52.000000Z
2024,263.69067129629633,43.08043,-79.06912,2024-09-19T16:34:34.000000Z
2024,263.6906828703704,43.08043,-79.06913,2024-09-19T16:34:35.000000Z
2024,263.6906944444445,43.08042,-79.06912,2024-09-19T16:34:36.000000Z
2024,263.69070601851854,43.08042,-79.06912,2024-09-19T16:34:37.000000Z
2024,263.6907175925926,43.08042,-79.06912,2024-09-19T16:34:38.000000Z
2024,263.6907291666667,43.08041,-79.06912,2024-09-19T16:34:39.000000Z
2024,263.69074074074075,43.08039,-79.06908,2024-09-19T16:34:40.000000Z
2024,263.69075231481486,43.08038,-79.06906,2024-09-19T16:34:41.000000Z
2024,263.6907638888889,43.08037,-79.06905,2024-09-19T16:34:42.000000Z
2024,263.69077546296296,43.08037,-79.06904,2024-09-19T16:34:43.000000Z
2024,263.69078703703707,43.08037,-79.06904,2024-09-19T16:34:44.000000Z
2024,263.6907986111111,43.08036,-79.06904,2024-09-19T16:34:45.000000Z
2024,263.6908101851852,43.08036,-79.06904,2024-09-19T16:34:46.000000Z
2024,263.6908217592593,43.08036,-79.06904,2024-09-19T16:34:47.000000Z
2024,263.69083333333333,43.08036,-79.06904,2024-09-19T16:34:48.000000Z
2024,263.69084490740744,43.08036,-79.06904,2024-09-19T16:34:49.000000Z
2024,263.6908564814815,43.08036,-79.06904,2024-09-19T16:34:50.000000Z
2024,263.6908680555556,43.08036,-79.06904,2024-09-19T16:34:51.000000Z
2024,263.69087962962965,43.08036,-79.06904,2024-09-19T16:34:52.000000Z
2024,263.701087962963,43.08026,-79.06893,2024-09-19T16:49:34.000000Z
2024,263.70109953703707,43.08026,-79.06893,2024-09-19T16:49:35.000000Z
2024,263.7011111111112,43.08027,-79.06893,2024-09-19T16:49:36.000000Z
2024,263.7011226851852,43.08027,-79.06893,2024-09-19T16:49:37.000000Z
2024,263.7011342592593,43.08028,-79.06893,2024-09-19T16:49:38.000000Z
2024,263.7011458333334,43.08028,-79.06895,2024-09-19T16:49:39.000000Z
2024,263.70115740740744,43.0803,-79.06897,2024-09-19T16:49:40.000000Z
2024,263.70116898148154,43.0803,-79.06897,2024-09-19T16:49:41.000000Z
2024,263.7011805555556,43.08032,-79.06898,2024-09-19T16:49:42.000000Z
2024,263.70119212962965,43.08033,-79.06899,2024-09-19T16:49:43.000000Z
2024,263.70120370370375,43.08033,-79.06899,2024-09-19T16:49:44.000000Z
2024,263.7012152777778,43.08033,-79.06899,2024-09-19T16:49:45.000000Z
2024,263.7012268518519,43.08033,-79.06899,2024-09-19T16:49:46.000000Z
2024,263.70123842592596,43.08034,-79.06899,2024-09-19T16:49:47.000000Z
2024,263.70125,43.08034,-79.06899,2024-09-19T16:49:48.000000Z
2024,263.7012615740741,43.08034,-79.069,2024-09-19T16:49:49.000000Z
2024,263.7012731481482,43.08034,-79.069,2024-09-19T16:49:50.000000Z
2024,263.7012847222223,43.08034,-79.069,2024-09-19T16:49:51.000000Z
2024,263.70129629629633,43.08034,-79.069,2024-09-19T16:49:52.000000Z
2024,263.71149305555554,43.08023,-79.06896,2024-09-19T17:04:33.000000Z
2024,263.71150462962964,43.08024,-79.06896,2024-09-19T17:04:34.000000Z
2024,263.7115162037037,43.08024,-79.06896,2024-09-19T17:04:35.000000Z
2024,263.7115277777778,43.08025,-79.06896,2024-09-19T17:04:36.000000Z
2024,263.71153935185185,43.08026,-79.06896,2024-09-19T17:04:37.000000Z
2024,263.7115509259259,43.08027,-79.06897,2024-09-19T17:04:38.000000Z
2024,263.7115625,43.08027,-79.06897,2024-09-19T17:04:39.000000Z
2024,263.71157407407406,43.08027,-79.06898,2024-09-19T17:04:40.000000Z
2024,263.7115856481482,43.08027,-79.06898,2024-09-19T17:04:41.000000Z
2024,263.7115972222222,43.08026,-79.06898,2024-09-19T17:04:42.000000Z
2024,263.7116087962963,43.08026,-79.06899,2024-09-19T17:04:43.000000Z
2024,263.7116203703704,43.08027,-79.069,2024-09-19T17:04:44.000000Z
2024,263.71163194444443,43.08027,-79.069,2024-09-19T17:04:45.000000Z
2024,263.71164351851854,43.08028,-79.069,2024-09-19T17:04:46.000000Z
2024,263.7116550925926,43.08028,-79.069,2024-09-19T17:04:47.000000Z
2024,263.71166666666664,43.08028,-79.06901,2024-09-19T17:04:48.000000Z
2024,263.71167824074075,43.08028,-79.06901,2024-09-19T17:04:49.000000Z
2024,263.7116898148148,43.08028,-79.06901,2024-09-19T17:04:50.000000Z
2024,263.7117013888889,43.08028,-79.06901,2024-09-19T17:04:51.000000Z
2024,263.71171296296296,43.08028,-79.06901,2024-09-19T17:04:52.000000Z
2024,263.72190972222216,43.08025,-79.06901,2024-09-19T17:19:33.000000Z
2024,263.7219212962963,43.08027,-79.06905,2024-09-19T17:19:34.000000Z
2024,263.7219328703703,43.08026,-79.06903,2024-09-19T17:19:35.000000Z
2024,263.72194444444443,43.08026,-79.06903,2024-09-19T17:19:36.000000Z
2024,263.7219560185185,43.08026,-79.06902,2024-09-19T17:19:37.000000Z
2024,263.72196759259253,43.08026,-79.06902,2024-09-19T17:19:38.000000Z
2024,263.72197916666664,43.08026,-79.06901,2024-09-19T17:19:39.000000Z
2024,263.7219907407407,43.08025,-79.069,2024-09-19T17:19:40.000000Z
2024,263.7220023148148,43.08025,-79.069,2024-09-19T17:19:41.000000Z
2024,263.72201388888885,43.08025,-79.069,2024-09-19T17:19:42.000000Z
2024,263.7220254629629,43.08026,-79.069,2024-09-19T17:19:43.000000Z
2024,263.722037037037,43.08026,-79.069,2024-09-19T17:19:44.000000Z
2024,263.72204861111106,43.08026,-79.069,2024-09-19T17:19:45.000000Z
2024,263.72206018518517,43.08026,-79.069,2024-09-19T17:19:46.000000Z
2024,263.7220717592592,43.08027,-79.06901,2024-09-19T17:19:47.000000Z
2024,263.7220833333333,43.08027,-79.06901,2024-09-19T17:19:48.000000Z
2024,263.7220949074074,43.08027,-79.06901,2024-09-19T17:19:49.000000Z
2024,263.72210648148143,43.08028,-79.06901,2024-09-19T17:19:50.000000Z
2024,263.72211805555554,43.08028,-79.06901,2024-09-19T17:19:51.000000Z
2024,263.7221296296296,43.08028,-79.06902,2024-09-19T17:19:52.000000Z
2024,263.73232638888885,43.08032,-79.06906,2024-09-19T17:34:33.000000Z
2024,263.73233796296296,43.08032,-79.06906,2024-09-19T17:34:34.000000Z
2024,263.732349537037,43.08031,-79.06906,2024-09-19T17:34:35.000000Z
2024,263.7323611111111,43.08031,-79.06906,2024-09-19T17:34:36.000000Z
2024,263.73237268518517,43.08031,-79.06907,2024-09-19T17:34:37.000000Z
2024,263.7323842592592,43.08031,-79.06907,2024-09-19T17:34:38.000000Z
2024,263.7323958333333,43.08031,-79.06908,2024-09-19T17:34:39.000000Z
2024,263.7324074074074,43.08031,-79.06908,2024-09-19T17:34:40.000000Z
2024,263.7324189814815,43.08031,-79.06908,2024-09-19T17:34:41.000000Z
2024,263.73243055555554,43.08031,-79.06908,2024-09-19T17:34:42.000000Z
2024,263.7324421296296,43.08031,-79.06908,2024-09-19T17:34:43.000000Z
2024,263.7324537037037,43.08031,-79.06908,2024-09-19T17:34:44.000000Z
2024,263.73246527777775,43.08031,-79.06907,2024-09-19T17:34:45.000000Z
2024,263.73247685185186,43.08031,-79.06906,2024-09-19T17:34:46.000000Z
2024,263.7324884259259,43.08032,-79.06906,2024-09-19T17:34:47.000000Z
2024,263.73249999999996,43.08032,-79.06906,2024-09-19T17:34:48.000000Z
2024,263.73251157407407,43.08032,-79.06906,2024-09-19T17:34:49.000000Z
2024,263.7325231481481,43.08032,-79.06906,2024-09-19T17:34:50.000000Z
2024,263.7325347222222,43.08032,-79.06906,2024-09-19T17:34:51.000000Z
2024,263.7325462962963,43.08032,-79.06906,2024-09-19T17:34:52.000000Z
2024,263.74274305555554,43.08028,-79.06905,2024-09-19T17:49:33.000000Z
2024,263.74275462962964,43.08028,-79.06903,2024-09-19T17:49:34.000000Z
2024,263.7427662037037,43.08028,-79.06903,2024-09-19T17:49:35.000000Z
2024,263.7427777777778,43.08027,-79.06904,2024-09-19T17:49:36.000000Z
2024,263.74278935185185,43.08028,-79.06904,2024-09-19T17:49:37.000000Z
2024,263.7428009259259,43.08028,-79.06904,2024-09-19T17:49:38.000000Z
2024,263.7428125,43.08028,-79.06903,2024-09-19T17:49:39.000000Z
2024,263.74282407407406,43.08028,-79.06903,2024-09-19T17:49:40.000000Z
2024,263.7428356481482,43.08028,-79.06903,2024-09-19T17:49:41.000000Z
2024,263.7428472222222,43.08028,-79.06903,2024-09-19T17:49:42.000000Z
2024,263.7428587962963,43.08028,-79.06903,2024-09-19T17:49:43.000000Z
2024,263.7428703703704,43.08028,-79.06903,2024-09-19T17:49:44.000000Z
2024,263.74288194444443,43.08027,-79.06903,2024-09-19T17:49:45.000000Z
2024,263.74289351851854,43.08027,-79.06903,2024-09-19T17:49:46.000000Z
2024,263.7429050925926,43.08027,-79.06903,2024-09-19T17:49:47.000000Z
2024,263.74291666666664,43.08026,-79.06903,2024-09-19T17:49:48.000000Z
2024,263.74292824074075,43.08026,-79.06903,2024-09-19T17:49:49.000000Z
2024,263.7429398148148,43.08026,-79.06903,2024-09-19T17:49:50.000000Z
2024,263.7429513888889,43.08025,-79.06903,2024-09-19T17:49:51.000000Z
2024,263.74296296296296,43.08025,-79.06903,2024-09-19T17:49:52.000000Z
2024,263.7531597222222,43.08025,-79.06955,2024-09-19T18:04:33.000000Z
2024,263.75317129629633,43.08026,-79.06959,2024-09-19T18:04:34.000000Z
2024,263.7531828703704,43.08028,-79.06965,2024-09-19T18:04:35.000000Z
2024,263.7531944444445,43.08029,-79.06968,2024-09-19T18:04:36.000000Z
2024,263.75320601851854,43.0803,-79.06969,2024-09-19T18:04:37.000000Z
2024,263.7532175925926,43.08031,-79.06969,2024-09-19T18:04:38.000000Z
2024,263.7532291666667,43.08031,-79.06969,2024-09-19T18:04:39.000000Z
2024,263.75324074074075,43.08031,-79.06967,2024-09-19T18:04:40.000000Z
2024,263.75325231481486,43.08031,-79.06966,2024-09-19T18:04:41.000000Z
2024,263.7532638888889,43.08031,-79.06964,2024-09-19T18:04:42.000000Z
2024,263.75327546296296,43.08031,-79.06964,2024-09-19T18:04:43.000000Z
2024,263.75328703703707,43.08031,-79.06962,2024-09-19T18:04:44.000000Z
2024,263.7532986111111,43.0803,-79.06961,2024-09-19T18:04:45.000000Z
2024,263.7533101851852,43.0803,-79.06959,2024-09-19T18:04:46.000000Z
2024,263.7533217592593,43.0803,-79.06958,2024-09-19T18:04:47.000000Z
2024,263.75333333333333,43.08031,-79.06957,2024-09-19T18:04:48.000000Z
2024,263.75334490740744,43.08031,-79.06955,2024-09-19T18:04:49.000000Z
2024,263.7533564814815,43.08031,-79.06954,2024-09-19T18:04:50.000000Z
2024,263.7533680555556,43.08031,-79.06954,2024-09-19T18:04:51.000000Z
2024,263.75337962962965,43.08032,-79.06953,2024-09-19T18:04:52.000000Z
2024,263.76357638888885,43.08026,-79.0692,2024-09-19T18:19:33.000000Z
2024,263.76358796296296,43.08024,-79.06922,2024-09-19T18:19:34.000000Z
2024,263.763599537037,43.08023,-79.06922,2024-09-19T18:19:35.000000Z
2024,263.7636111111111,43.08023,-79.06922,2024-09-19T18:19:36.000000Z
2024,263.76362268518517,43.08023,-79.06922,2024-09-19T18:19:37.000000Z
2024,263.7636342592592,43.08023,-79.06921,2024-09-19T18:19:38.000000Z
2024,263.7636458333333,43.08023,-79.0692,2024-09-19T18:19:39.000000Z
2024,263.7636574074074,43.08023,-79.06919,2024-09-19T18:19:40.000000Z
2024,263.7636689814815,43.08023,-79.06918,2024-09-19T18:19:41.000000Z
2024,263.76368055555554,43.08023,-79.06917,2024-09-19T18:19:42.000000Z
2024,263.7636921296296,43.08023,-79.06916,2024-09-19T18:19:43.000000Z
2024,263.7637037037037,43.08023,-79.06916,2024-09-19T18:19:44.000000Z
2024,263.76371527777775,43.08023,-79.06915,2024-09-19T18:19:45.000000Z
2024,263.76372685185186,43.08023,-79.06915,2024-09-19T18:19:46.000000Z
2024,263.7637384259259,43.08023,-79.06914,2024-09-19T18:19:47.000000Z
2024,263.76374999999996,43.08023,-79.06913,2024-09-19T18:19:48.000000Z
2024,263.76376157407407,43.08023,-79.06912,2024-09-19T18:19:49.000000Z
2024,263.7637731481481,43.08023,-79.06911,2024-09-19T18:19:50.000000Z
2024,263.7637847222222,43.08023,-79.06909,2024-09-19T18:19:51.000000Z
2024,263.7637962962963,43.08024,-79.06908,2024-09-19T18:19:52.000000Z
2024,263.77399305555554,43.08007,-79.06904,2024-09-19T18:34:33.000000Z
2024,263.77400462962964,43.08007,-79.06906,2024-09-19T18:34:34.000000Z
2024,263.7740162037037,43.08006,-79.06906,2024-09-19T18:34:35.000000Z
2024,263.7740277777778,43.08005,-79.06906,2024-09-19T18:34:36.000000Z
2024,263.77403935185185,43.08005,-79.06907,2024-09-19T18:34:37.000000Z
2024,263.7740509259259,43.08004,-79.06907,2024-09-19T18:34:38.000000Z
2024,263.7740625,43.08004,-79.06907,2024-09-19T18:34:39.000000Z
2024,263.77407407407406,43.08003,-79.06907,2024-09-19T18:34:40.000000Z
2024,263.7740856481482,43.08003,-79.06908,2024-09-19T18:34:41.000000Z
2024,263.7740972222222,43.08002,-79.06908,2024-09-19T18:34:42.000000Z
2024,263.7741087962963,43.08002,-79.06908,2024-09-19T18:34:43.000000Z
2024,263.7741203703704,43.08001,-79.06908,2024-09-19T18:34:44.000000Z
2024,263.77413194444443,43.08001,-79.06908,2024-09-19T18:34:45.000000Z
2024,263.77414351851854,43.08,-79.06908,2024-09-19T18:34:46.000000Z
2024,263.7741550925926,43.08,-79.06907,2024-09-19T18:34:47.000000Z
2024,263.77416666666664,43.08,-79.06907,2024-09-19T18:34:48.000000Z
2024,263.77417824074075,43.08,-79.06907,2024-09-19T18:34:49.000000Z
2024,263.7741898148148,43.08,-79.06906,2024-09-19T18:34:50.000000Z
2024,263.7742013888889,43.08,-79.06906,2024-09-19T18:34:51.000000Z
2024,263.77421296296296,43.08001,-79.06906,2024-09-19T18:34:52.000000Z
2024,263.7844097222222,43.08009,-79.06938,2024-09-19T18:49:33.000000Z
2024,263.78442129629633,43.08004,-79.06944,2024-09-19T18:49:34.000000Z
2024,263.7844328703704,43.08001,-79.06947,2024-09-19T18:49:35.000000Z
2024,263.7844444444445,43.08002,-79.06944,2024-09-19T18:49:36.000000Z
2024,263.78445601851854,43.08002,-79.06942,2024-09-19T18:49:37.000000Z
2024,263.7844675925926,43.08002,-79.0694,2024-09-19T18:49:38.000000Z
2024,263.7844791666667,43.08002,-79.06938,2024-09-19T18:49:39.000000Z
2024,263.78449074074075,43.08005,-79.0693,2024-09-19T18:49:40.000000Z
2024,263.78450231481486,43.08008,-79.06925,2024-09-19T18:49:41.000000Z
2024,263.7845138888889,43.0801,-79.06922,2024-09-19T18:49:42.000000Z
2024,263.78452546296296,43.08012,-79.06919,2024-09-19T18:49:43.000000Z
2024,263.78453703703707,43.08013,-79.06918,2024-09-19T18:49:44.000000Z
2024,263.7845486111111,43.08013,-79.06917,2024-09-19T18:49:45.000000Z
2024,263.7845601851852,43.08014,-79.06916,2024-09-19T18:49:46.000000Z
2024,263.7845717592593,43.08015,-79.06916,2024-09-19T18:49:47.000000Z
2024,263.78458333333333,43.08016,-79.06915,2024-09-19T18:49:48.000000Z
2024,263.78459490740744,43.08016,-79.06913,2024-09-19T18:49:49.000000Z
2024,263.7846064814815,43.08016,-79.06913,2024-09-19T18:49:50.000000Z
2024,263.7846180555556,43.08017,-79.06912,2024-09-19T18:49:51.000000Z
2024,263.78462962962965,43.08017,-79.06912,2024-09-19T18:49:52.000000Z
2024,263.7948263888889,43.08028,-79.06907,2024-09-19T19:04:33.000000Z
2024,263.794837962963,43.08028,-79.06908,2024-09-19T19:04:34.000000Z
2024,263.79484953703707,43.08029,-79.06907,2024-09-19T19:04:35.000000Z
2024,263.7948611111112,43.08029,-79.06907,2024-09-19T19:04:36.000000Z
2024,263.7948726851852,43.08029,-79.06906,2024-09-19T19:04:37.000000Z
2024,263.7948958333334,43.08028,-79.06906,2024-09-19T19:04:39.000000Z
2024,263.79490740740744,43.08028,-79.06906,2024-09-19T19:04:40.000000Z
2024,263.79491898148154,43.08028,-79.06906,2024-09-19T19:04:41.000000Z
2024,263.7949305555556,43.08028,-79.06906,2024-09-19T19:04:42.000000Z
2024,263.79494212962965,43.08028,-79.06906,2024-09-19T19:04:43.000000Z
2024,263.79495370370375,43.08027,-79.06906,2024-09-19T19:04:44.000000Z
2024,263.7949652777778,43.08027,-79.06906,2024-09-19T19:04:45.000000Z
2024,263.7949768518519,43.08027,-79.06905,2024-09-19T19:04:46.000000Z
2024,263.79498842592596,43.08027,-79.06905,2024-09-19T19:04:47.000000Z
2024,263.795,43.08027,-79.06905,2024-09-19T19:04:48.000000Z
2024,263.7950115740741,43.08027,-79.06905,2024-09-19T19:04:49.000000Z
2024,263.7950231481482,43.08026,-79.06905,2024-09-19T19:04:50.000000Z
2024,263.7950347222223,43.08027,-79.06905,2024-09-19T19:04:51.000000Z
2024,263.79504629629633,43.08027,-79.06905,2024-09-19T19:04:52.000000Z
2024,263.80524305555554,43.08034,-79.06888,2024-09-19T19:19:33.000000Z
2024,263.80525462962964,43.08034,-79.06887,2024-09-19T19:19:34.000000Z
2024,263.8052662037037,43.08033,-79.06888,2024-09-19T19:19:35.000000Z
2024,263.8052777777778,43.08033,-79.0689,2024-09-19T19:19:36.000000Z
2024,263.80528935185185,43.08033,-79.0689,2024-09-19T19:19:37.000000Z
2024,263.8053009259259,43.08033,-79.0689,2024-09-19T19:19:38.000000Z
2024,263.8053125,43.08033,-79.0689,2024-09-19T19:19:39.000000Z
2024,263.80532407407406,43.08033,-79.06891,2024-09-19T19:19:40.000000Z
2024,263.8053356481482,43.08033,-79.06892,2024-09-19T19:19:41.000000Z
2024,263.8053472222222,43.08033,-79.06892,2024-09-19T19:19:42.000000Z
2024,263.8053587962963,43.08033,-79.06893,2024-09-19T19:19:43.000000Z
2024,263.8053703703704,43.08033,-79.06893,2024-09-19T19:19:44.000000Z
2024,263.80538194444443,43.08034,-79.06893,2024-09-19T19:19:45.000000Z
2024,263.80539351851854,43.08033,-79.06893,2024-09-19T19:19:46.000000Z
2024,263.8054050925926,43.08033,-79.06893,2024-09-19T19:19:47.000000Z
2024,263.80541666666664,43.08032,-79.06893,2024-09-19T19:19:48.000000Z
2024,263.80542824074075,43.08032,-79.06893,2024-09-19T19:19:49.000000Z
2024,263.8054398148148,43.08033,-79.06893,2024-09-19T19:19:50.000000Z
2024,263.8054513888889,43.08032,-79.06893,2024-09-19T19:19:51.000000Z
2024,263.80546296296296,43.08032,-79.06892,2024-09-19T19:19:52.000000Z
2024,263.8156828703704,43.08025,-79.06903,2024-09-19T19:34:35.000000Z
2024,263.8156944444445,43.08025,-79.06903,2024-09-19T19:34:36.000000Z
2024,263.81570601851854,43.08026,-79.06906,2024-09-19T19:34:37.000000Z
2024,263.8157175925926,43.08027,-79.06906,2024-09-19T19:34:38.000000Z
2024,263.8157291666667,43.08028,-79.06906,2024-09-19T19:34:39.000000Z
2024,263.81574074074075,43.08028,-79.06906,2024-09-19T19:34:40.000000Z
2024,263.81575231481486,43.08028,-79.06905,2024-09-19T19:34:41.000000Z
2024,263.8157638888889,43.08028,-79.06904,2024-09-19T19:34:42.000000Z
2024,263.81577546296296,43.08028,-79.06904,2024-09-19T19:34:43.000000Z
2024,263.81578703703707,43.08029,-79.06905,2024-09-19T19:34:44.000000Z
2024,263.8157986111111,43.08029,-79.06907,2024-09-19T19:34:45.000000Z
2024,263.8158101851852,43.08029,-79.06908,2024-09-19T19:34:46.000000Z
2024,263.8158217592593,43.08029,-79.06909,2024-09-19T19:34:47.000000Z
2024,263.81583333333333,43.08029,-79.0691,2024-09-19T19:34:48.000000Z
2024,263.81584490740744,43.08028,-79.06911,2024-09-19T19:34:49.000000Z
2024,263.8158680555556,43.08028,-79.06912,2024-09-19T19:34:51.000000Z
2024,263.81587962962965,43.08027,-79.06911,2024-09-19T19:34:52.000000Z
2024,263.8158912037037,43.08027,-79.06911,2024-09-19T19:34:53.000000Z
2024,263.8159027777778,43.08026,-79.06911,2024-09-19T19:34:54.000000Z
2024,263.8260763888889,43.08027,-79.06912,2024-09-19T19:49:33.000000Z
2024,263.826087962963,43.08032,-79.06911,2024-09-19T19:49:34.000000Z
2024,263.82609953703707,43.08029,-79.06914,2024-09-19T19:49:35.000000Z
2024,263.8261111111112,43.08028,-79.06916,2024-09-19T19:49:36.000000Z
2024,263.8261226851852,43.08028,-79.06917,2024-09-19T19:49:37.000000Z
2024,263.8261342592593,43.08026,-79.06919,2024-09-19T19:49:38.000000Z
2024,263.8261458333334,43.08025,-79.06919,2024-09-19T19:49:39.000000Z
2024,263.82615740740744,43.08025,-79.06919,2024-09-19T19:49:40.000000Z
2024,263.82616898148154,43.08024,-79.0692,2024-09-19T19:49:41.000000Z
2024,263.8261805555556,43.08023,-79.06921,2024-09-19T19:49:42.000000Z
2024,263.82619212962965,43.08022,-79.06921,2024-09-19T19:49:43.000000Z
2024,263.82620370370375,43.08022,-79.06921,2024-09-19T19:49:44.000000Z
2024,263.8262152777778,43.08021,-79.0692,2024-09-19T19:49:45.000000Z
2024,263.82623842592596,43.08021,-79.0692,2024-09-19T19:49:47.000000Z
2024,263.82625,43.0802,-79.0692,2024-09-19T19:49:48.000000Z
2024,263.8262615740741,43.0802,-79.06921,2024-09-19T19:49:49.000000Z
2024,263.8262731481482,43.0802,-79.06921,2024-09-19T19:49:50.000000Z
2024,263.8262847222223,43.0802,-79.06921,2024-09-19T19:49:51.000000Z
2024,263.82629629629633,43.0802,-79.06921,2024-09-19T19:49:52.000000Z
2024,263.8263078703704,43.0802,-79.06921,2024-09-19T19:49:53.000000Z
2024,263.83649305555554,43.08044,-79.06922,2024-09-19T20:04:33.000000Z
2024,263.83650462962964,43.08044,-79.06922,2024-09-19T20:04:34.000000Z
2024,263.8365162037037,43.08044,-79.06922,2024-09-19T20:04:35.000000Z
2024,263.8365277777778,43.08044,-79.06922,2024-09-19T20:04:36.000000Z
2024,263.83653935185185,43.08044,-79.06923,2024-09-19T20:04:37.000000Z
2024,263.8365509259259,43.08044,-79.06923,2024-09-19T20:04:38.000000Z
2024,263.8365625,43.08044,-79.06924,2024-09-19T20:04:39.000000Z
2024,263.83657407407406,43.08044,-79.06924,2024-09-19T20:04:40.000000Z
2024,263.8365856481482,43.08044,-79.06924,2024-09-19T20:04:41.000000Z
2024,263.8365972222222,43.08044,-79.06924,2024-09-19T20:04:42.000000Z
2024,263.8366087962963,43.08044,-79.06924,2024-09-19T20:04:43.000000Z
2024,263.8366203703704,43.08043,-79.06922,2024-09-19T20:04:44.000000Z
2024,263.83663194444443,43.08042,-79.06922,2024-09-19T20:04:45.000000Z
2024,263.83664351851854,43.08042,-79.06922,2024-09-19T20:04:46.000000Z
2024,263.8366550925926,43.08042,-79.06922,2024-09-19T20:04:47.000000Z
2024,263.83666666666664,43.08041,-79.06921,2024-09-19T20:04:48.000000Z
2024,263.83667824074075,43.08041,-79.06921,2024-09-19T20:04:49.000000Z
2024,263.8366898148148,43.08041,-79.0692,2024-09-19T20:04:50.000000Z
2024,263.8367013888889,43.0804,-79.0692,2024-09-19T20:04:51.000000Z
2024,263.83671296296296,43.0804,-79.06919,2024-09-19T20:04:52.000000Z
2024,263.84690972222216,43.08019,-79.06896,2024-09-19T20:19:33.000000Z
2024,263.8469212962963,43.08017,-79.06896,2024-09-19T20:19:34.000000Z
2024,263.8469328703703,43.08016,-79.06896,2024-09-19T20:19:35.000000Z
2024,263.84694444444443,43.08018,-79.06894,2024-09-19T20:19:36.000000Z
2024,263.8469560185185,43.08019,-79.06893,2024-09-19T20:19:37.000000Z
2024,263.84696759259253,43.0802,-79.06893,2024-09-19T20:19:38.000000Z
2024,263.84697916666664,43.0802,-79.06892,2024-09-19T20:19:39.000000Z
2024,263.8469907407407,43.08021,-79.06893,2024-09-19T20:19:40.000000Z
2024,263.8470023148148,43.0802,-79.06893,2024-09-19T20:19:41.000000Z
2024,263.84701388888885,43.0802,-79.06896,2024-09-19T20:19:42.000000Z
2024,263.8470254629629,43.0802,-79.069,2024-09-19T20:19:43.000000Z
2024,263.847037037037,43.0802,-79.06902,2024-09-19T20:19:44.000000Z
2024,263.84704861111106,43.08021,-79.06904,2024-09-19T20:19:45.000000Z
2024,263.84706018518517,43.08021,-79.06906,2024-09-19T20:19:46.000000Z
2024,263.8470717592592,43.08021,-79.06906,2024-09-19T20:19:47.000000Z
2024,263.8470833333333,43.08021,-79.06906,2024-09-19T20:19:48.000000Z
2024,263.8470949074074,43.08022,-79.06906,2024-09-19T20:19:49.000000Z
2024,263.84710648148143,43.08023,-79.06906,2024-09-19T20:19:50.000000Z
2024,263.84711805555554,43.08023,-79.06908,2024-09-19T20:19:51.000000Z
2024,263.8471296296296,43.08023,-79.06908,2024-09-19T20:19:52.000000Z
2024,263.85732638888885,43.08032,-79.0691,2024-09-19T20:34:33.000000Z
2024,263.85733796296296,43.08029,-79.06911,2024-09-19T20:34:34.000000Z
2024,263.857349537037,43.08026,-79.06912,2024-09-19T20:34:35.000000Z
2024,263.8573611111111,43.08027,-79.06911,2024-09-19T20:34:36.000000Z
2024,263.85737268518517,43.08028,-79.0691,2024-09-19T20:34:37.000000Z
2024,263.8573842592592,43.08028,-79.06909,2024-09-19T20:34:38.000000Z
2024,263.8573958333333,43.08029,-79.06909,2024-09-19T20:34:39.000000Z
2024,263.8574074074074,43.08029,-79.06908,2024-09-19T20:34:40.000000Z
2024,263.8574189814815,43.08029,-79.06908,2024-09-19T20:34:41.000000Z
2024,263.85743055555554,43.0803,-79.06908,2024-09-19T20:34:42.000000Z
2024,263.8574421296296,43.0803,-79.06908,2024-09-19T20:34:43.000000Z
2024,263.8574537037037,43.0803,-79.06907,2024-09-19T20:34:44.000000Z
2024,263.85746527777775,43.0803,-79.06907,2024-09-19T20:34:45.000000Z
2024,263.85747685185186,43.0803,-79.06907,2024-09-19T20:34:46.000000Z
2024,263.8574884259259,43.0803,-79.06908,2024-09-19T20:34:47.000000Z
2024,263.85749999999996,43.0803,-79.06907,2024-09-19T20:34:48.000000Z
2024,263.85751157407407,43.0803,-79.06907,2024-09-19T20:34:49.000000Z
2024,263.8575231481481,43.0803,-79.06907,2024-09-19T20:34:50.000000Z
2024,263.8575347222222,43.0803,-79.06907,2024-09-19T20:34:51.000000Z
2024,263.8575462962963,43.0803,-79.06907,2024-09-19T20:34:52.000000Z
2024,263.86774305555554,43.08021,-79.06918,2024-09-19T20:49:33.000000Z
2024,263.86775462962964,43.08021,-79.06921,2024-09-19T20:49:34.000000Z
2024,263.8677662037037,43.08021,-79.06922,2024-09-19T20:49:35.000000Z
2024,263.8677777777778,43.08021,-79.06922,2024-09-19T20:49:36.000000Z
2024,263.86778935185185,43.08023,-79.06924,2024-09-19T20:49:37.000000Z
2024,263.8678009259259,43.08024,-79.06922,2024-09-19T20:49:38.000000Z
2024,263.8678125,43.08026,-79.06922,2024-09-19T20:49:39.000000Z
2024,263.86782407407406,43.08027,-79.06921,2024-09-19T20:49:40.000000Z
2024,263.8678356481482,43.08028,-79.06921,2024-09-19T20:49:41.000000Z
2024,263.8678472222222,43.08029,-79.06921,2024-09-19T20:49:42.000000Z
2024,263.8678587962963,43.0803,-79.06921,2024-09-19T20:49:43.000000Z
2024,263.8678703703704,43.0803,-79.06921,2024-09-19T20:49:44.000000Z
2024,263.86788194444443,43.08031,-79.06922,2024-09-19T20:49:45.000000Z
2024,263.86789351851854,43.08031,-79.06922,2024-09-19T20:49:46.000000Z
2024,263.8679050925926,43.08031,-79.06922,2024-09-19T20:49:47.000000Z
2024,263.86791666666664,43.08032,-79.06922,2024-09-19T20:49:48.000000Z
2024,263.86792824074075,43.08032,-79.06922,2024-09-19T20:49:49.000000Z
2024,263.8679398148148,43.08031,-79.06922,2024-09-19T20:49:50.000000Z
2024,263.8679513888889,43.08031,-79.06922,2024-09-19T20:49:51.000000Z
2024,263.86796296296296,43.08031,-79.06922,2024-09-19T20:49:52.000000Z
2024,263.8781597222222,43.08009,-79.06892,2024-09-19T21:04:33.000000Z
2024,263.87817129629633,43.08009,-79.0689,2024-09-19T21:04:34.000000Z
2024,263.8781828703704,43.08009,-79.06888,2024-09-19T21:04:35.000000Z
2024,263.8781944444445,43.08009,-79.06888,2024-09-19T21:04:36.000000Z
2024,263.87820601851854,43.08008,-79.06889,2024-09-19T21:04:37.000000Z
2024,263.8782175925926,43.08007,-79.0689,2024-09-19T21:04:38.000000Z
2024,263.8782291666667,43.08005,-79.06892,2024-09-19T21:04:39.000000Z
2024,263.87824074074075,43.08004,-79.06894,2024-09-19T21:04:40.000000Z
2024,263.87825231481486,43.08003,-79.06896,2024-09-19T21:04:41.000000Z
2024,263.8782638888889,43.08002,-79.06897,2024-09-19T21:04:42.000000Z
2024,263.87827546296296,43.08001,-79.06898,2024-09-19T21:04:43.000000Z
2024,263.87828703703707,43.08001,-79.06899,2024-09-19T21:04:44.000000Z
2024,263.8782986111111,43.08,-79.069,2024-09-19T21:04:45.000000Z
2024,263.8783101851852,43.08,-79.069,2024-09-19T21:04:46.000000Z
2024,263.8783217592593,43.07999,-79.06902,2024-09-19T21:04:47.000000Z
2024,263.87833333333333,43.07999,-79.06903,2024-09-19T21:04:48.000000Z
2024,263.87834490740744,43.07998,-79.06904,2024-09-19T21:04:49.000000Z
2024,263.8783564814815,43.07998,-79.06905,2024-09-19T21:04:50.000000Z
2024,263.8783680555556,43.07997,-79.06906,2024-09-19T21:04:51.000000Z
2024,263.87837962962965,43.07997,-79.06906,2024-09-19T21:04:52.000000Z
2024,263.88857638888885,43.08005,-79.06903,2024-09-19T21:19:33.000000Z
2024,263.88858796296296,43.08005,-79.06903,2024-09-19T21:19:34.000000Z
2024,263.888599537037,43.08005,-79.06903,2024-09-19T21:19:35.000000Z
2024,263.8886111111111,43.08005,-79.06902,2024-09-19T21:19:36.000000Z
2024,263.88862268518517,43.08006,-79.06901,2024-09-19T21:19:37.000000Z
2024,263.8886342592592,43.08005,-79.06901,2024-09-19T21:19:38.000000Z
2024,263.8886458333333,43.08006,-79.069,2024-09-19T21:19:39.000000Z
2024,263.8886574074074,43.08006,-79.069,2024-09-19T21:19:40.000000Z
2024,263.8886689814815,43.08006,-79.06899,2024-09-19T21:19:41.000000Z
2024,263.88868055555554,43.08005,-79.06898,2024-09-19T21:19:42.000000Z
2024,263.8886921296296,43.08005,-79.06898,2024-09-19T21:19:43.000000Z
2024,263.8887037037037,43.08005,-79.06897,2024-09-19T21:19:44.000000Z
2024,263.88871527777775,43.08005,-79.06897,2024-09-19T21:19:45.000000Z
2024,263.88872685185186,43.08005,-79.06897,2024-09-19T21:19:46.000000Z
2024,263.8887384259259,43.08004,-79.06897,2024-09-19T21:19:47.000000Z
2024,263.88874999999996,43.08004,-79.06897,2024-09-19T21:19:48.000000Z
2024,263.88876157407407,43.08004,-79.06897,2024-09-19T21:19:49.000000Z
2024,263.8887731481481,43.08004,-79.06897,2024-09-19T21:19:50.000000Z
2024,263.8887847222222,43.08004,-79.06896,2024-09-19T21:19:51.000000Z
2024,263.8887962962963,43.08004,-79.06896,2024-09-19T21:19:52.000000Z
2024,263.8989699074074,43.08011,-79.0691,2024-09-19T21:34:31.000000Z
2024,263.89899305555554,43.08012,-79.06909,2024-09-19T21:34:33.000000Z
2024,263.89900462962964,43.08012,-79.06908,2024-09-19T21:34:34.000000Z
2024,263.8990162037037,43.08012,-79.06908,2024-09-19T21:34:35.000000Z
2024,263.8990277777778,43.08013,-79.06908,2024-09-19T21:34:36.000000Z
2024,263.89903935185185,43.08013,-79.06908,2024-09-19T21:34:37.000000Z
2024,263.8990509259259,43.08013,-79.06908,2024-09-19T21:34:38.000000Z
2024,263.8990625,43.08014,-79.06908,2024-09-19T21:34:39.000000Z
2024,263.89907407407406,43.08015,-79.06908,2024-09-19T21:34:40.000000Z
2024,263.8990856481482,43.08016,-79.06908,2024-09-19T21:34:41.000000Z
2024,263.8990972222222,43.08015,-79.06907,2024-09-19T21:34:42.000000Z
2024,263.8991087962963,43.08016,-79.06906,2024-09-19T21:34:43.000000Z
2024,263.8991203703704,43.08016,-79.06906,2024-09-19T21:34:44.000000Z
2024,263.89913194444443,43.08015,-79.06904,2024-09-19T21:34:45.000000Z
2024,263.89914351851854,43.08016,-79.06903,2024-09-19T21:34:46.000000Z
2024,263.8991550925926,43.08015,-79.06903,2024-09-19T21:34:47.000000Z
2024,263.89916666666664,43.08015,-79.06903,2024-09-19T21:34:48.000000Z
2024,263.89917824074075,43.08015,-79.06903,2024-09-19T21:34:49.000000Z
2024,263.8991898148148,43.08015,-79.06902,2024-09-19T21:34:50.000000Z
2024,263.8992013888889,43.08015,-79.06902,2024-09-19T21:34:51.000000Z
2024,263.9094328703704,43.07993,-79.06916,2024-09-19T21:49:35.000000Z
2024,263.9094444444445,43.07993,-79.06916,2024-09-19T21:49:36.000000Z
2024,263.90945601851854,43.07993,-79.06915,2024-09-19T21:49:37.000000Z
2024,263.9094675925926,43.07993,-79.06915,2024-09-19T21:49:38.000000Z
2024,263.9094791666667,43.07992,-79.06915,2024-09-19T21:49:39.000000Z
2024,263.90949074074075,43.07992,-79.06914,2024-09-19T21:49:40.000000Z
2024,263.90950231481486,43.07992,-79.06914,2024-09-19T21:49:41.000000Z
2024,263.9095138888889,43.07993,-79.06913,2024-09-19T21:49:42.000000Z
2024,263.90952546296296,43.07994,-79.06912,2024-09-19T21:49:43.000000Z
2024,263.90953703703707,43.07994,-79.06912,2024-09-19T21:49:44.000000Z
2024,263.9095486111111,43.07994,-79.06911,2024-09-19T21:49:45.000000Z
2024,263.9095601851852,43.07993,-79.06911,2024-09-19T21:49:46.000000Z
2024,263.9095717592593,43.07993,-79.06911,2024-09-19T21:49:47.000000Z
2024,263.90958333333333,43.07993,-79.06911,2024-09-19T21:49:48.000000Z
2024,263.90959490740744,43.07992,-79.06911,2024-09-19T21:49:49.000000Z
2024,263.9096064814815,43.07992,-79.06911,2024-09-19T21:49:50.000000Z
2024,263.9096180555556,43.07992,-79.06911,2024-09-19T21:49:51.000000Z
2024,263.90962962962965,43.07991,-79.06911,2024-09-19T21:49:52.000000Z
2024,263.9096412037037,43.07991,-79.06912,2024-09-19T21:49:53.000000Z
2024,263.91984953703707,43.08009,-79.06912,2024-09-19T22:04:35.000000Z
2024,263.9198611111112,43.08008,-79.06912,2024-09-19T22:04:36.000000Z
2024,263.9198726851852,43.08008,-79.06912,2024-09-19T22:04:37.000000Z
2024,263.9198842592593,43.08007,-79.06912,2024-09-19T22:04:38.000000Z
2024,263.9198958333334,43.08007,-79.06913,2024-09-19T22:04:39.000000Z
2024,263.91990740740744,43.08006,-79.06913,2024-09-19T22:04:40.000000Z
2024,263.91991898148154,43.08007,-79.06913,2024-09-19T22:04:41.000000Z
2024,263.9199305555556,43.08007,-79.06913,2024-09-19T22:04:42.000000Z
2024,263.91994212962965,43.08006,-79.06913,2024-09-19T22:04:43.000000Z
2024,263.91995370370375,43.08005,-79.06913,2024-09-19T22:04:44.000000Z
2024,263.9199652777778,43.08005,-79.06913,2024-09-19T22:04:45.000000Z
2024,263.9199768518519,43.08004,-79.06913,2024-09-19T22:04:46.000000Z
2024,263.91998842592596,43.08004,-79.06913,2024-09-19T22:04:47.000000Z
2024,263.92,43.08003,-79.06912,2024-09-19T22:04:48.000000Z
2024,263.9200115740741,43.08002,-79.06913,2024-09-19T22:04:49.000000Z
2024,263.9200231481482,43.08002,-79.06913,2024-09-19T22:04:50.000000Z
2024,263.9200347222223,43.08002,-79.06913,2024-09-19T22:04:51.000000Z
2024,263.92004629629633,43.08002,-79.06913,2024-09-19T22:04:52.000000Z
2024,263.9200578703704,43.08002,-79.06913,2024-09-19T22:04:53.000000Z
2024,263.9302662037037,43.08018,-79.06898,2024-09-19T22:19:35.000000Z
2024,263.9302777777778,43.08018,-79.06899,2024-09-19T22:19:36.000000Z
2024,263.93028935185185,43.08019,-79.069,2024-09-19T22:19:37.000000Z
2024,263.9303009259259,43.08019,-79.069,2024-09-19T22:19:38.000000Z
2024,263.9303125,43.0802,-79.069,2024-09-19T22:19:39.000000Z
2024,263.93032407407406,43.0802,-79.06901,2024-09-19T22:19:40.000000Z
2024,263.9303356481482,43.08021,-79.06901,2024-09-19T22:19:41.000000Z
2024,263.9303472222222,43.08022,-79.06902,2024-09-19T22:19:42.000000Z
2024,263.9303587962963,43.08023,-79.06902,2024-09-19T22:19:43.000000Z
2024,263.9303703703704,43.08023,-79.06901,2024-09-19T22:19:44.000000Z
2024,263.93038194444443,43.08023,-79.06901,2024-09-19T22:19:45.000000Z
2024,263.93039351851854,43.08023,-79.06901,2024-09-19T22:19:46.000000Z
2024,263.9304050925926,43.08023,-79.06901,2024-09-19T22:19:47.000000Z
2024,263.93041666666664,43.08023,-79.06901,2024-09-19T22:19:48.000000Z
2024,263.93042824074075,43.08023,-79.069,2024-09-19T22:19:49.000000Z
2024,263.9304398148148,43.08023,-79.069,2024-09-19T22:19:50.000000Z
2024,263.9304513888889,43.08023,-79.069,2024-09-19T22:19:51.000000Z
2024,263.93046296296296,43.08023,-79.06899,2024-09-19T22:19:52.000000Z
2024,263.930474537037,43.08024,-79.06898,2024-09-19T22:19:53.000000Z
2024,263.9406828703704,43.08018,-79.069,2024-09-19T22:34:35.000000Z
2024,263.9406944444445,43.08019,-79.06902,2024-09-19T22:34:36.000000Z
2024,263.94070601851854,43.08019,-79.06903,2024-09-19T22:34:37.000000Z
2024,263.9407175925926,43.08018,-79.06903,2024-09-19T22:34:38.000000Z
2024,263.9407291666667,43.08018,-79.06903,2024-09-19T22:34:39.000000Z
2024,263.94074074074075,43.0802,-79.06905,2024-09-19T22:34:40.000000Z
2024,263.94075231481486,43.08021,-79.06906,2024-09-19T22:34:41.000000Z
2024,263.9407638888889,43.08021,-79.06906,2024-09-19T22:34:42.000000Z
2024,263.94077546296296,43.08021,-79.06907,2024-09-19T22:34:43.000000Z
2024,263.94078703703707,43.08021,-79.06908,2024-09-19T22:34:44.000000Z
2024,263.9407986111111,43.08021,-79.06908,2024-09-19T22:34:45.000000Z
2024,263.9408101851852,43.08021,-79.06908,2024-09-19T22:34:46.000000Z
2024,263.9408217592593,43.0802,-79.06908,2024-09-19T22:34:47.000000Z
2024,263.94083333333333,43.0802,-79.06908,2024-09-19T22:34:48.000000Z
2024,263.94084490740744,43.0802,-79.06909,2024-09-19T22:34:49.000000Z
2024,263.9408564814815,43.0802,-79.06909,2024-09-19T22:34:50.000000Z
2024,263.9408680555556,43.0802,-79.06909,2024-09-19T22:34:51.000000Z
2024,263.94087962962965,43.0802,-79.06909,2024-09-19T22:34:52.000000Z
2024,263.9408912037037,43.0802,-79.06909,2024-09-19T22:34:53.000000Z
2024,263.95109953703707,43.08023,-79.06911,2024-09-19T22:49:35.000000Z
2024,263.9511111111112,43.08021,-79.06911,2024-09-19T22:49:36.000000Z
2024,263.9511226851852,43.08021,-79.0691,2024-09-19T22:49:37.000000Z
2024,263.9511342592593,43.08021,-79.0691,2024-09-19T22:49:38.000000Z
2024,263.9511458333334,43.0802,-79.0691,2024-09-19T22:49:39.000000Z
2024,263.95115740740744,43.0802,-79.0691,2024-09-19T22:49:40.000000Z
2024,263.95116898148154,43.0802,-79.0691,2024-09-19T22:49:41.000000Z
2024,263.9511805555556,43.0802,-79.06909,2024-09-19T22:49:42.000000Z
2024,263.95119212962965,43.0802,-79.06909,2024-09-19T22:49:43.000000Z
2024,263.95120370370375,43.0802,-79.06909,2024-09-19T22:49:44.000000Z
2024,263.9512152777778,43.08021,-79.06909,2024-09-19T22:49:45.000000Z
2024,263.9512268518519,43.08021,-79.06909,2024-09-19T22:49:46.000000Z
2024,263.95123842592596,43.08021,-79.06909,2024-09-19T22:49:47.000000Z
2024,263.95125,43.08021,-79.06909,2024-09-19T22:49:48.000000Z
2024,263.9512615740741,43.08022,-79.06909,2024-09-19T22:49:49.000000Z
2024,263.9512731481482,43.08021,-79.06909,2024-09-19T22:49:50.000000Z
2024,263.9512847222223,43.08021,-79.06908,2024-09-19T22:49:51.000000Z
2024,263.95129629629633,43.08022,-79.06908,2024-09-19T22:49:52.000000Z
2024,263.9513078703704,43.08022,-79.06909,2024-09-19T22:49:53.000000Z
2024,263.9615162037037,43.08004,-79.06867,2024-09-19T23:04:35.000000Z
2024,263.9615277777778,43.08007,-79.06867,2024-09-19T23:04:36.000000Z
2024,263.96153935185185,43.08007,-79.06866,2024-09-19T23:04:37.000000Z
2024,263.9615509259259,43.08007,-79.06868,2024-09-19T23:04:38.000000Z
2024,263.9615625,43.08006,-79.06868,2024-09-19T23:04:39.000000Z
2024,263.96157407407406,43.08006,-79.06868,2024-09-19T23:04:40.000000Z
2024,263.9615856481482,43.08005,-79.06869,2024-09-19T23:04:41.000000Z
2024,263.9615972222222,43.08004,-79.0687,2024-09-19T23:04:42.000000Z
2024,263.9616087962963,43.08004,-79.06871,2024-09-19T23:04:43.000000Z
2024,263.9616203703704,43.08005,-79.06872,2024-09-19T23:04:44.000000Z
2024,263.96163194444443,43.08004,-79.06872,2024-09-19T23:04:45.000000Z
2024,263.96164351851854,43.08004,-79.06874,2024-09-19T23:04:46.000000Z
2024,263.9616550925926,43.08004,-79.06874,2024-09-19T23:04:47.000000Z
2024,263.96166666666664,43.08004,-79.06875,2024-09-19T23:04:48.000000Z
2024,263.96167824074075,43.08004,-79.06875,2024-09-19T23:04:49.000000Z
2024,263.9616898148148,43.08004,-79.06876,2024-09-19T23:04:50.000000Z
2024,263.9617013888889,43.08005,-79.06877,2024-09-19T23:04:51.000000Z
2024,263.96171296296296,43.08006,-79.06878,2024-09-19T23:04:52.000000Z
2024,263.961724537037,43.08007,-79.06879,2024-09-19T23:04:53.000000Z
2024,263.9719328703703,43.08021,-79.06912,2024-09-19T23:19:35.000000Z
2024,263.97194444444443,43.08021,-79.06912,2024-09-19T23:19:36.000000Z
2024,263.9719560185185,43.0802,-79.06912,2024-09-19T23:19:37.000000Z
2024,263.97196759259253,43.0802,-79.06913,2024-09-19T23:19:38.000000Z
2024,263.97197916666664,43.0802,-79.06913,2024-09-19T23:19:39.000000Z
2024,263.9719907407407,43.08019,-79.06912,2024-09-19T23:19:40.000000Z
2024,263.9720023148148,43.08019,-79.06912,2024-09-19T23:19:41.000000Z
2024,263.97201388888885,43.08019,-79.06912,2024-09-19T23:19:42.000000Z
2024,263.9720254629629,43.08018,-79.06912,2024-09-19T23:19:43.000000Z
2024,263.972037037037,43.08018,-79.06912,2024-09-19T23:19:44.000000Z
2024,263.97204861111106,43.08018,-79.06912,2024-09-19T23:19:45.000000Z
2024,263.97206018518517,43.08018,-79.06912,2024-09-19T23:19:46.000000Z
2024,263.9720717592592,43.08018,-79.06912,2024-09-19T23:19:47.000000Z
2024,263.9720833333333,43.08018,-79.06913,2024-09-19T23:19:48.000000Z
2024,263.9720949074074,43.08018,-79.06913,2024-09-19T23:19:49.000000Z
2024,263.97210648148143,43.08017,-79.06913,2024-09-19T23:19:50.000000Z
2024,263.97211805555554,43.08017,-79.06913,2024-09-19T23:19:51.000000Z
2024,263.9721296296296,43.08017,-79.06912,2024-09-19T23:19:52.000000Z
2024,263.97214120370364,43.08017,-79.06913,2024-09-19T23:19:53.000000Z
2024,263.982349537037,43.08002,-79.06888,2024-09-19T23:34:35.000000Z
2024,263.9823611111111,43.08003,-79.06888,2024-09-19T23:34:36.000000Z
2024,263.98237268518517,43.08005,-79.06888,2024-09-19T23:34:37.000000Z
2024,263.9823842592592,43.08007,-79.06888,2024-09-19T23:34:38.000000Z
2024,263.9823958333333,43.08007,-79.06888,2024-09-19T23:34:39.000000Z
2024,263.9824074074074,43.08007,-79.06888,2024-09-19T23:34:40.000000Z
2024,263.9824189814815,43.08008,-79.06888,2024-09-19T23:34:41.000000Z
2024,263.98243055555554,43.0801,-79.06888,2024-09-19T23:34:42.000000Z
2024,263.9824421296296,43.0801,-79.06887,2024-09-19T23:34:43.000000Z
2024,263.9824537037037,43.08012,-79.06887,2024-09-19T23:34:44.000000Z
2024,263.98246527777775,43.08012,-79.06887,2024-09-19T23:34:45.000000Z
2024,263.98247685185186,43.08013,-79.06887,2024-09-19T23:34:46.000000Z
2024,263.9824884259259,43.08013,-79.06887,2024-09-19T23:34:47.000000Z
2024,263.98249999999996,43.08014,-79.06887,2024-09-19T23:34:48.000000Z
2024,263.98251157407407,43.08015,-79.06887,2024-09-19T23:34:49.000000Z
2024,263.9825231481481,43.08017,-79.06889,2024-09-19T23:34:50.000000Z
2024,263.9825347222222,43.08018,-79.06889,2024-09-19T23:34:51.000000Z
2024,263.9825462962963,43.08019,-79.0689,2024-09-19T23:34:52.000000Z
2024,263.98255787037033,43.0802,-79.0689,2024-09-19T23:34:53.000000Z
2024,263.9927662037037,43.08046,-79.0689,2024-09-19T23:49:35.000000Z
2024,263.9927777777778,43.08045,-79.06889,2024-09-19T23:49:36.000000Z
2024,263.99278935185185,43.08044,-79.06889,2024-09-19T23:49:37.000000Z
2024,263.9928009259259,43.08044,-79.06888,2024-09-19T23:49:38.000000Z
2024,263.9928125,43.08044,-79.06888,2024-09-19T23:49:39.000000Z
2024,263.99282407407406,43.08042,-79.06889,2024-09-19T23:49:40.000000Z
2024,263.9928356481482,43.08042,-79.06889,2024-09-19T23:49:41.000000Z
2024,263.9928472222222,43.08042,-79.06888,2024-09-19T23:49:42.000000Z
2024,263.9928587962963,43.08042,-79.06888,2024-09-19T23:49:43.000000Z
2024,263.9928703703704,43.08042,-79.06888,2024-09-19T23:49:44.000000Z
2024,263.99288194444443,43.08042,-79.06888,2024-09-19T23:49:45.000000Z
2024,263.99289351851854,43.08042,-79.06888,2024-09-19T23:49:46.000000Z
2024,263.9929050925926,43.08042,-79.06888,2024-09-19T23:49:47.000000Z
2024,263.99291666666664,43.08042,-79.06888,2024-09-19T23:49:48.000000Z
2024,263.99292824074075,43.08042,-79.06888,2024-09-19T23:49:49.000000Z
2024,263.9929398148148,43.08042,-79.06888,2024-09-19T23:49:50.000000Z
2024,263.99296296296296,43.08042,-79.06888,2024-09-19T23:49:52.000000Z
2024,263.992974537037,43.08042,-79.06888,2024-09-19T23:49:53.000000Z
2024,264.00317129629633,43.0802,-79.06886,2024-09-20T00:04:34.000000Z
2024,264.0031828703704,43.08019,-79.06887,2024-09-20T00:04:35.000000Z
2024,264.0031944444445,43.0802,-79.06887,2024-09-20T00:04:36.000000Z
2024,264.00320601851854,43.08021,-79.06887,2024-09-20T00:04:37.000000Z
2024,264.0032175925926,43.08022,-79.06888,2024-09-20T00:04:38.000000Z
2024,264.0032291666667,43.08023,-79.06889,2024-09-20T00:04:39.000000Z
2024,264.00324074074075,43.08024,-79.0689,2024-09-20T00:04:40.000000Z
2024,264.00325231481486,43.08025,-79.0689,2024-09-20T00:04:41.000000Z
2024,264.0032638888889,43.08026,-79.0689,2024-09-20T00:04:42.000000Z
2024,264.00327546296296,43.08028,-79.0689,2024-09-20T00:04:43.000000Z
2024,264.00328703703707,43.08029,-79.0689,2024-09-20T00:04:44.000000Z
2024,264.0032986111111,43.08029,-79.0689,2024-09-20T00:04:45.000000Z
2024,264.0033101851852,43.08029,-79.0689,2024-09-20T00:04:46.000000Z
2024,264.0033217592593,43.08029,-79.0689,2024-09-20T00:04:47.000000Z
2024,264.00333333333333,43.0803,-79.0689,2024-09-20T00:04:48.000000Z
2024,264.00334490740744,43.0803,-79.0689,2024-09-20T00:04:49.000000Z
2024,264.0033564814815,43.0803,-79.0689,2024-09-20T00:04:50.000000Z
2024,264.0033680555556,43.08031,-79.0689,2024-09-20T00:04:51.000000Z
2024,264.00337962962965,43.08031,-79.0689,2024-09-20T00:04:52.000000Z
2024,264.013599537037,43.08028,-79.06887,2024-09-20T00:19:35.000000Z
2024,264.0136111111111,43.08028,-79.06887,2024-09-20T00:19:36.000000Z
2024,264.01362268518517,43.08028,-79.06887,2024-09-20T00:19:37.000000Z
2024,264.0136342592592,43.08028,-79.06887,2024-09-20T00:19:38.000000Z
2024,264.0136458333333,43.08028,-79.06887,2024-09-20T00:19:39.000000Z
2024,264.0136574074074,43.08028,-79.06887,2024-09-20T00:19:40.000000Z
2024,264.0136689814815,43.08028,-79.06888,2024-09-20T00:19:41.000000Z
2024,264.01368055555554,43.08028,-79.06887,2024-09-20T00:19:42.000000Z
2024,264.0136921296296,43.08029,-79.06888,2024-09-20T00:19:43.000000Z
2024,264.0137037037037,43.08029,-79.06888,2024-09-20T00:19:44.000000Z
2024,264.01371527777775,43.08029,-79.06888,2024-09-20T00:19:45.000000Z
2024,264.01372685185186,43.08029,-79.06889,2024-09-20T00:19:46.000000Z
2024,264.0137384259259,43.0803,-79.06889,2024-09-20T00:19:47.000000Z
2024,264.01374999999996,43.0803,-79.06889,2024-09-20T00:19:48.000000Z
2024,264.01376157407407,43.08031,-79.06889,2024-09-20T00:19:49.000000Z
2024,264.0137731481481,43.08031,-79.06889,2024-09-20T00:19:50.000000Z
2024,264.0137847222222,43.08031,-79.0689,2024-09-20T00:19:51.000000Z
2024,264.0137962962963,43.08031,-79.0689,2024-09-20T00:19:52.000000Z
2024,264.01380787037033,43.08031,-79.0689,2024-09-20T00:19:53.000000Z
2024,264.0240162037037,43.08041,-79.06884,2024-09-20T00:34:35.000000Z
2024,264.0240277777778,43.0804,-79.06884,2024-09-20T00:34:36.000000Z
2024,264.02403935185185,43.08039,-79.06884,2024-09-20T00:34:37.000000Z
2024,264.0240509259259,43.08039,-79.06884,2024-09-20T00:34:38.000000Z
2024,264.0240625,43.08038,-79.06883,2024-09-20T00:34:39.000000Z
2024,264.02407407407406,43.08038,-79.06883,2024-09-20T00:34:40.000000Z
2024,264.0240856481482,43.08038,-79.06883,2024-09-20T00:34:41.000000Z
2024,264.0240972222222,43.08037,-79.06883,2024-09-20T00:34:42.000000Z
2024,264.0241087962963,43.08037,-79.06883,2024-09-20T00:34:43.000000Z
2024,264.0241203703704,43.08037,-79.06883,2024-09-20T00:34:44.000000Z
2024,264.02413194444443,43.08036,-79.06883,2024-09-20T00:34:45.000000Z
2024,264.02414351851854,43.08036,-79.06883,2024-09-20T00:34:46.000000Z
2024,264.0241550925926,43.08035,-79.06882,2024-09-20T00:34:47.000000Z
2024,264.02416666666664,43.08034,-79.06882,2024-09-20T00:34:48.000000Z
2024,264.02417824074075,43.08034,-79.06882,2024-09-20T00:34:49.000000Z
2024,264.0241898148148,43.08033,-79.06882,2024-09-20T00:34:50.000000Z
2024,264.0242013888889,43.08032,-79.06882,2024-09-20T00:34:51.000000Z
2024,264.02421296296296,43.08032,-79.06882,2024-09-20T00:34:52.000000Z
2024,264.024224537037,43.08032,-79.06882,2024-09-20T00:34:53.000000Z
2024,264.0344328703704,43.08045,-79.06898,2024-09-20T00:49:35.000000Z
2024,264.0344444444445,43.08045,-79.06898,2024-09-20T00:49:36.000000Z
2024,264.03445601851854,43.08045,-79.06898,2024-09-20T00:49:37.000000Z
2024,264.0344675925926,43.08045,-79.06898,2024-09-20T00:49:38.000000Z
2024,264.0344791666667,43.08045,-79.06899,2024-09-20T00:49:39.000000Z
2024,264.03449074074075,43.08045,-79.06899,2024-09-20T00:49:40.000000Z
2024,264.03450231481486,43.08044,-79.06899,2024-09-20T00:49:41.000000Z
2024,264.0345138888889,43.08043,-79.06899,2024-09-20T00:49:42.000000Z
2024,264.03452546296296,43.08042,-79.06898,2024-09-20T00:49:43.000000Z
2024,264.03453703703707,43.08041,-79.06898,2024-09-20T00:49:44.000000Z
2024,264.0345486111111,43.0804,-79.06898,2024-09-20T00:49:45.000000Z
2024,264.0345601851852,43.08039,-79.06897,2024-09-20T00:49:46.000000Z
2024,264.0345717592593,43.08038,-79.06897,2024-09-20T00:49:47.000000Z
2024,264.03458333333333,43.08037,-79.06897,2024-09-20T00:49:48.000000Z
2024,264.03459490740744,43.08036,-79.06897,2024-09-20T00:49:49.000000Z
2024,264.0346064814815,43.08035,-79.06897,2024-09-20T00:49:50.000000Z
2024,264.0346180555556,43.08034,-79.06897,2024-09-20T00:49:51.000000Z
2024,264.03462962962965,43.08034,-79.06897,2024-09-20T00:49:52.000000Z
2024,264.0346412037037,43.08033,-79.06897,2024-09-20T00:49:53.000000Z
2024,264.04484953703707,43.08016,-79.06887,2024-09-20T01:04:35.000000Z
2024,264.0448611111112,43.08017,-79.06887,2024-09-20T01:04:36.000000Z
2024,264.0448726851852,43.08018,-79.06888,2024-09-20T01:04:37.000000Z
2024,264.0448842592593,43.08018,-79.06889,2024-09-20T01:04:38.000000Z
2024,264.0448958333334,43.08018,-79.06889,2024-09-20T01:04:39.000000Z
2024,264.04490740740744,43.08018,-79.06889,2024-09-20T01:04:40.000000Z
2024,264.04491898148154,43.08019,-79.06889,2024-09-20T01:04:41.000000Z
2024,264.0449305555556,43.08019,-79.06888,2024-09-20T01:04:42.000000Z
2024,264.04494212962965,43.0802,-79.06887,2024-09-20T01:04:43.000000Z
2024,264.04495370370375,43.08021,-79.06887,2024-09-20T01:04:44.000000Z
2024,264.0449652777778,43.08021,-79.06887,2024-09-20T01:04:45.000000Z
2024,264.0449768518519,43.08023,-79.06887,2024-09-20T01:04:46.000000Z
2024,264.04498842592596,43.08023,-79.06887,2024-09-20T01:04:47.000000Z
2024,264.045,43.08024,-79.06887,2024-09-20T01:04:48.000000Z
2024,264.0450115740741,43.08024,-79.06887,2024-09-20T01:04:49.000000Z
2024,264.0450231481482,43.08024,-79.06887,2024-09-20T01:04:50.000000Z
2024,264.0450347222223,43.08025,-79.06887,2024-09-20T01:04:51.000000Z
2024,264.04504629629633,43.08025,-79.06887,2024-09-20T01:04:52.000000Z
2024,264.0450578703704,43.08025,-79.06887,2024-09-20T01:04:53.000000Z
2024,264.0552662037037,43.08045,-79.06906,2024-09-20T01:19:35.000000Z
2024,264.0552777777778,43.08045,-79.06906,2024-09-20T01:19:36.000000Z
2024,264.05528935185185,43.08046,-79.06908,2024-09-20T01:19:37.000000Z
2024,264.0553009259259,43.08046,-79.06909,2024-09-20T01:19:38.000000Z
2024,264.0553125,43.08047,-79.06909,2024-09-20T01:19:39.000000Z
2024,264.05532407407406,43.08047,-79.06909,2024-09-20T01:19:40.000000Z
2024,264.0553356481482,43.08047,-79.06909,2024-09-20T01:19:41.000000Z
2024,264.0553472222222,43.08047,-79.06909,2024-09-20T01:19:42.000000Z
2024,264.0553587962963,43.08047,-79.06909,2024-09-20T01:19:43.000000Z
2024,264.0553703703704,43.08047,-79.06908,2024-09-20T01:19:44.000000Z
2024,264.05538194444443,43.08048,-79.06908,2024-09-20T01:19:45.000000Z
2024,264.05539351851854,43.08048,-79.06908,2024-09-20T01:19:46.000000Z
2024,264.05542824074075,43.08045,-79.06906,2024-09-20T01:19:49.000000Z
2024,264.0554398148148,43.08044,-79.06906,2024-09-20T01:19:50.000000Z
2024,264.0554513888889,43.08042,-79.06906,2024-09-20T01:19:51.000000Z
2024,264.05546296296296,43.08041,-79.06905,2024-09-20T01:19:52.000000Z
2024,264.055474537037,43.0804,-79.06904,2024-09-20T01:19:53.000000Z
2024,264.0554861111111,43.08039,-79.06903,2024-09-20T01:19:54.000000Z
2024,264.0554976851852,43.08039,-79.06903,2024-09-20T01:19:55.000000Z
2024,264.0656828703704,43.08032,-79.06903,2024-09-20T01:34:35.000000Z
2024,264.0656944444445,43.08032,-79.06903,2024-09-20T01:34:36.000000Z
2024,264.06570601851854,43.08032,-79.06903,2024-09-20T01:34:37.000000Z
2024,264.0657175925926,43.08032,-79.06903,2024-09-20T01:34:38.000000Z
2024,264.0657291666667,43.08032,-79.06904,2024-09-20T01:34:39.000000Z
2024,264.0657638888889,43.08031,-79.06904,2024-09-20T01:34:42.000000Z
2024,264.06577546296296,43.08031,-79.06904,2024-09-20T01:34:43.000000Z
2024,264.06578703703707,43.08031,-79.06904,2024-09-20T01:34:44.000000Z
2024,264.0657986111111,43.08031,-79.06904,2024-09-20T01:34:45.000000Z
2024,264.0658101851852,43.08031,-79.06903,2024-09-20T01:34:46.000000Z
2024,264.0658217592593,43.08031,-79.06903,2024-09-20T01:34:47.000000Z
2024,264.06583333333333,43.08031,-79.06903,2024-09-20T01:34:48.000000Z
2024,264.06584490740744,43.08031,-79.06903,2024-09-20T01:34:49.000000Z
2024,264.0658564814815,43.08031,-79.06903,2024-09-20T01:34:50.000000Z
2024,264.0658680555556,43.08031,-79.06903,2024-09-20T01:34:51.000000Z
2024,264.06587962962965,43.0803,-79.06902,2024-09-20T01:34:52.000000Z
2024,264.0658912037037,43.0803,-79.06902,2024-09-20T01:34:53.000000Z
2024,264.0659027777778,43.0803,-79.06902,2024-09-20T01:34:54.000000Z
2024,264.06591435185186,43.08031,-79.06903,2024-09-20T01:34:55.000000Z
2024,264.07609953703707,43.08036,-79.06903,2024-09-20T01:49:35.000000Z
2024,264.0761111111112,43.08036,-79.06903,2024-09-20T01:49:36.000000Z
2024,264.0761226851852,43.08036,-79.06903,2024-09-20T01:49:37.000000Z
2024,264.0761342592593,43.08036,-79.06903,2024-09-20T01:49:38.000000Z
2024,264.0761458333334,43.08036,-79.06904,2024-09-20T01:49:39.000000Z
2024,264.07615740740744,43.08035,-79.06904,2024-09-20T01:49:40.000000Z
2024,264.07616898148154,43.08035,-79.06904,2024-09-20T01:49:41.000000Z
2024,264.0761805555556,43.08035,-79.06904,2024-09-20T01:49:42.000000Z
2024,264.07619212962965,43.08034,-79.06904,2024-09-20T01:49:43.000000Z
2024,264.07620370370375,43.08034,-79.06904,2024-09-20T01:49:44.000000Z
2024,264.0762152777778,43.08034,-79.06903,2024-09-20T01:49:45.000000Z
2024,264.0762268518519,43.08034,-79.06903,2024-09-20T01:49:46.000000Z
2024,264.07623842592596,43.08034,-79.06903,2024-09-20T01:49:47.000000Z
2024,264.07625,43.08034,-79.06902,2024-09-20T01:49:48.000000Z
2024,264.0762615740741,43.08034,-79.06902,2024-09-20T01:49:49.000000Z
2024,264.0762731481482,43.08034,-79.06901,2024-09-20T01:49:50.000000Z
2024,264.0762847222223,43.08034,-79.06901,2024-09-20T01:49:51.000000Z
2024,264.07629629629633,43.08034,-79.06901,2024-09-20T01:49:52.000000Z
2024,264.0763078703704,43.08034,-79.069,2024-09-20T01:49:53.000000Z
2024,264.0865162037037,43.08037,-79.06912,2024-09-20T02:04:35.000000Z
2024,264.0865277777778,43.08037,-79.06912,2024-09-20T02:04:36.000000Z
2024,264.08653935185185,43.08037,-79.06912,2024-09-20T02:04:37.000000Z
2024,264.0865509259259,43.08037,-79.06912,2024-09-20T02:04:38.000000Z
2024,264.0865625,43.08037,-79.06912,2024-09-20T02:04:39.000000Z
2024,264.08657407407406,43.08037,-79.06912,2024-09-20T02:04:40.000000Z
2024,264.0865856481482,43.08037,-79.06912,2024-09-20T02:04:41.000000Z
2024,264.0865972222222,43.08037,-79.06912,2024-09-20T02:04:42.000000Z
2024,264.0866087962963,43.08037,-79.06912,2024-09-20T02:04:43.000000Z
2024,264.0866203703704,43.08037,-79.06912,2024-09-20T02:04:44.000000Z
2024,264.08663194444443,43.08036,-79.06912,2024-09-20T02:04:45.000000Z
2024,264.08664351851854,43.08036,-79.06911,2024-09-20T02:04:46.000000Z
2024,264.0866550925926,43.08036,-79.06911,2024-09-20T02:04:47.000000Z
2024,264.08666666666664,43.08036,-79.06911,2024-09-20T02:04:48.000000Z
2024,264.08667824074075,43.08036,-79.06911,2024-09-20T02:04:49.000000Z
2024,264.0866898148148,43.08035,-79.06911,2024-09-20T02:04:50.000000Z
2024,264.0867013888889,43.08035,-79.0691,2024-09-20T02:04:51.000000Z
2024,264.08671296296296,43.08034,-79.0691,2024-09-20T02:04:52.000000Z
2024,264.086724537037,43.08034,-79.0691,2024-09-20T02:04:53.000000Z
2024,264.0969328703703,43.08036,-79.06906,2024-09-20T02:19:35.000000Z
2024,264.09694444444443,43.08035,-79.06906,2024-09-20T02:19:36.000000Z
2024,264.0969560185185,43.08035,-79.06906,2024-09-20T02:19:37.000000Z
2024,264.09696759259253,43.08034,-79.06906,2024-09-20T02:19:38.000000Z
2024,264.09697916666664,43.08034,-79.06906,2024-09-20T02:19:39.000000Z
2024,264.0969907407407,43.08034,-79.06906,2024-09-20T02:19:40.000000Z
2024,264.0970023148148,43.08034,-79.06906,2024-09-20T02:19:41.000000Z
2024,264.09701388888885,43.08034,-79.06907,2024-09-20T02:19:42.000000Z
2024,264.0970254629629,43.08034,-79.06908,2024-09-20T02:19:43.000000Z
2024,264.097037037037,43.08034,-79.06908,2024-09-20T02:19:44.000000Z
2024,264.09704861111106,43.08034,-79.06908,2024-09-20T02:19:45.000000Z
2024,264.09706018518517,43.08034,-79.06908,2024-09-20T02:19:46.000000Z
2024,264.0970717592592,43.08035,-79.06908,2024-09-20T02:19:47.000000Z
2024,264.0970833333333,43.08035,-79.06908,2024-09-20T02:19:48.000000Z
2024,264.0970949074074,43.08035,-79.06908,2024-09-20T02:19:49.000000Z
2024,264.09710648148143,43.08035,-79.06908,2024-09-20T02:19:50.000000Z
2024,264.09711805555554,43.08035,-79.06908,2024-09-20T02:19:51.000000Z
2024,264.0971296296296,43.08035,-79.06908,2024-09-20T02:19:52.000000Z
2024,264.09714120370364,43.08035,-79.06908,2024-09-20T02:19:53.000000Z
2024,264.10733796296296,43.08033,-79.06904,2024-09-20T02:34:34.000000Z
2024,264.107349537037,43.08033,-79.06903,2024-09-20T02:34:35.000000Z
2024,264.1073611111111,43.08033,-79.06903,2024-09-20T02:34:36.000000Z
2024,264.10737268518517,43.08033,-79.06903,2024-09-20T02:34:37.000000Z
2024,264.1073842592592,43.08033,-79.06903,2024-09-20T02:34:38.000000Z
2024,264.1073958333333,43.08033,-79.06903,2024-09-20T02:34:39.000000Z
2024,264.1074074074074,43.08033,-79.06903,2024-09-20T02:34:40.000000Z
2024,264.1074189814815,43.08033,-79.06903,2024-09-20T02:34:41.000000Z
2024,264.10743055555554,43.08033,-79.06903,2024-09-20T02:34:42.000000Z
2024,264.1074421296296,43.08033,-79.06903,2024-09-20T02:34:43.000000Z
2024,264.1074537037037,43.08034,-79.06903,2024-09-20T02:34:44.000000Z
2024,264.10746527777775,43.08034,-79.06903,2024-09-20T02:34:45.000000Z
2024,264.10747685185186,43.08034,-79.06903,2024-09-20T02:34:46.000000Z
2024,264.1074884259259,43.08034,-79.06904,2024-09-20T02:34:47.000000Z
2024,264.10749999999996,43.08034,-79.06904,2024-09-20T02:34:48.000000Z
2024,264.10751157407407,43.08034,-79.06904,2024-09-20T02:34:49.000000Z
2024,264.1075231481481,43.08034,-79.06904,2024-09-20T02:34:50.000000Z
2024,264.1075347222222,43.08034,-79.06905,2024-09-20T02:34:51.000000Z
2024,264.1075462962963,43.08034,-79.06905,2024-09-20T02:34:52.000000Z
2024,264.11775462962964,43.08025,-79.06898,2024-09-20T02:49:34.000000Z
2024,264.1177662037037,43.08024,-79.06898,2024-09-20T02:49:35.000000Z
2024,264.1177777777778,43.08024,-79.06898,2024-09-20T02:49:36.000000Z
2024,264.11778935185185,43.08024,-79.06897,2024-09-20T02:49:37.000000Z
2024,264.1178009259259,43.08023,-79.06897,2024-09-20T02:49:38.000000Z
2024,264.1178125,43.08024,-79.06896,2024-09-20T02:49:39.000000Z
2024,264.11782407407406,43.08023,-79.06896,2024-09-20T02:49:40.000000Z
2024,264.1178356481482,43.08023,-79.06896,2024-09-20T02:49:41.000000Z
2024,264.1178472222222,43.08023,-79.06896,2024-09-20T02:49:42.000000Z
2024,264.1178587962963,43.08023,-79.06896,2024-09-20T02:49:43.000000Z
2024,264.1178703703704,43.08023,-79.06896,2024-09-20T02:49:44.000000Z
2024,264.11788194444443,43.08023,-79.06896,2024-09-20T02:49:45.000000Z
2024,264.11789351851854,43.08023,-79.06897,2024-09-20T02:49:46.000000Z
2024,264.1179050925926,43.08023,-79.06897,2024-09-20T02:49:47.000000Z
2024,264.11791666666664,43.08023,-79.06898,2024-09-20T02:49:48.000000Z
2024,264.11792824074075,43.08023,-79.06898,2024-09-20T02:49:49.000000Z
2024,264.1179398148148,43.08022,-79.06898,2024-09-20T02:49:50.000000Z
2024,264.1179513888889,43.08022,-79.06899,2024-09-20T02:49:51.000000Z
2024,264.11796296296296,43.08022,-79.06898,2024-09-20T02:49:52.000000Z
2024,264.12817129629633,43.08028,-79.06888,2024-09-20T03:04:34.000000Z
2024,264.1281828703704,43.08027,-79.06888,2024-09-20T03:04:35.000000Z
2024,264.1281944444445,43.08027,-79.06888,2024-09-20T03:04:36.000000Z
2024,264.12820601851854,43.08027,-79.06888,2024-09-20T03:04:37.000000Z
2024,264.1282175925926,43.08028,-79.06887,2024-09-20T03:04:38.000000Z
2024,264.1282291666667,43.08028,-79.06887,2024-09-20T03:04:39.000000Z
2024,264.12824074074075,43.08027,-79.06887,2024-09-20T03:04:40.000000Z
2024,264.12825231481486,43.08027,-79.06887,2024-09-20T03:04:41.000000Z
2024,264.1282638888889,43.08026,-79.06887,2024-09-20T03:04:42.000000Z
2024,264.12827546296296,43.08026,-79.06887,2024-09-20T03:04:43.000000Z
2024,264.12828703703707,43.08026,-79.06887,2024-09-20T03:04:44.000000Z
2024,264.1282986111111,43.08026,-79.06887,2024-09-20T03:04:45.000000Z
2024,264.1283101851852,43.08025,-79.06887,2024-09-20T03:04:46.000000Z
2024,264.1283217592593,43.08025,-79.06887,2024-09-20T03:04:47.000000Z
2024,264.12833333333333,43.08025,-79.06888,2024-09-20T03:04:48.000000Z
2024,264.12834490740744,43.08025,-79.06888,2024-09-20T03:04:49.000000Z
2024,264.1283564814815,43.08025,-79.06888,2024-09-20T03:04:50.000000Z
2024,264.1283680555556,43.08025,-79.06888,2024-09-20T03:04:51.000000Z
2024,264.12837962962965,43.08025,-79.06887,2024-09-20T03:04:52.000000Z
2024,264.13858796296296,43.08031,-79.06896,2024-09-20T03:19:34.000000Z
2024,264.138599537037,43.0803,-79.06896,2024-09-20T03:19:35.000000Z
2024,264.1386111111111,43.0803,-79.06896,2024-09-20T03:19:36.000000Z
2024,264.13862268518517,43.08029,-79.06895,2024-09-20T03:19:37.000000Z
2024,264.1386342592592,43.08029,-79.06895,2024-09-20T03:19:38.000000Z
2024,264.1386458333333,43.08029,-79.06895,2024-09-20T03:19:39.000000Z
2024,264.1386574074074,43.08028,-79.06895,2024-09-20T03:19:40.000000Z
2024,264.1386689814815,43.08028,-79.06894,2024-09-20T03:19:41.000000Z
2024,264.13868055555554,43.08028,-79.06895,2024-09-20T03:19:42.000000Z
2024,264.1386921296296,43.08028,-79.06896,2024-09-20T03:19:43.000000Z
2024,264.1387037037037,43.08028,-79.06896,2024-09-20T03:19:44.000000Z
2024,264.13871527777775,43.08028,-79.06896,2024-09-20T03:19:45.000000Z
2024,264.13872685185186,43.08028,-79.06896,2024-09-20T03:19:46.000000Z
2024,264.1387384259259,43.08028,-79.06897,2024-09-20T03:19:47.000000Z
2024,264.13874999999996,43.08028,-79.06897,2024-09-20T03:19:48.000000Z
2024,264.13876157407407,43.08028,-79.06897,2024-09-20T03:19:49.000000Z
2024,264.1387731481481,43.08028,-79.06898,2024-09-20T03:19:50.000000Z
2024,264.1387847222222,43.08028,-79.06899,2024-09-20T03:19:51.000000Z
2024,264.1387962962963,43.08028,-79.06899,2024-09-20T03:19:52.000000Z
2024,264.14900462962964,43.08031,-79.06881,2024-09-20T03:34:34.000000Z
2024,264.1490162037037,43.08031,-79.0688,2024-09-20T03:34:35.000000Z
2024,264.1490277777778,43.08031,-79.0688,2024-09-20T03:34:36.000000Z
2024,264.14903935185185,43.08031,-79.0688,2024-09-20T03:34:37.000000Z
2024,264.1490509259259,43.08031,-79.06879,2024-09-20T03:34:38.000000Z
2024,264.1490625,43.0803,-79.06878,2024-09-20T03:34:39.000000Z
2024,264.14907407407406,43.0803,-79.06878,2024-09-20T03:34:40.000000Z
2024,264.1490856481482,43.0803,-79.06878,2024-09-20T03:34:41.000000Z
2024,264.1490972222222,43.0803,-79.06877,2024-09-20T03:34:42.000000Z
2024,264.1491087962963,43.0803,-79.06877,2024-09-20T03:34:43.000000Z
2024,264.1491203703704,43.08029,-79.06877,2024-09-20T03:34:44.000000Z
2024,264.14913194444443,43.08029,-79.06878,2024-09-20T03:34:45.000000Z
2024,264.14914351851854,43.08029,-79.06879,2024-09-20T03:34:46.000000Z
2024,264.1491550925926,43.08029,-79.06879,2024-09-20T03:34:47.000000Z
2024,264.14916666666664,43.08028,-79.0688,2024-09-20T03:34:48.000000Z
2024,264.14917824074075,43.08028,-79.0688,2024-09-20T03:34:49.000000Z
2024,264.1491898148148,43.08028,-79.06881,2024-09-20T03:34:50.000000Z
2024,264.1492013888889,43.08028,-79.06881,2024-09-20T03:34:51.000000Z
2024,264.14921296296296,43.08028,-79.06882,2024-09-20T03:34:52.000000Z
2024,264.15942129629633,43.08026,-79.06891,2024-09-20T03:49:34.000000Z
2024,264.1594328703704,43.08026,-79.06892,2024-09-20T03:49:35.000000Z
2024,264.1594444444445,43.08027,-79.06892,2024-09-20T03:49:36.000000Z
2024,264.15945601851854,43.08026,-79.06892,2024-09-20T03:49:37.000000Z
2024,264.1594675925926,43.08026,-79.06892,2024-09-20T03:49:38.000000Z
2024,264.1594791666667,43.08027,-79.06892,2024-09-20T03:49:39.000000Z
2024,264.15949074074075,43.08026,-79.06892,2024-09-20T03:49:40.000000Z
2024,264.15950231481486,43.08026,-79.06892,2024-09-20T03:49:41.000000Z
2024,264.1595138888889,43.08026,-79.06891,2024-09-20T03:49:42.000000Z
2024,264.15952546296296,43.08026,-79.06891,2024-09-20T03:49:43.000000Z
2024,264.15953703703707,43.08026,-79.06891,2024-09-20T03:49:44.000000Z
2024,264.1595486111111,43.08026,-79.0689,2024-09-20T03:49:45.000000Z
2024,264.1595601851852,43.08026,-79.0689,2024-09-20T03:49:46.000000Z
2024,264.1595717592593,43.08027,-79.0689,2024-09-20T03:49:47.000000Z
2024,264.15958333333333,43.08028,-79.0689,2024-09-20T03:49:48.000000Z
2024,264.15959490740744,43.08028,-79.0689,2024-09-20T03:49:49.000000Z
2024,264.1596064814815,43.08028,-79.0689,2024-09-20T03:49:50.000000Z
2024,264.1596180555556,43.08028,-79.0689,2024-09-20T03:49:51.000000Z
2024,264.15962962962965,43.08028,-79.0689,2024-09-20T03:49:52.000000Z
2024,264.169837962963,43.08017,-79.06898,2024-09-20T04:04:34.000000Z
2024,264.16984953703707,43.08017,-79.06897,2024-09-20T04:04:35.000000Z
2024,264.1698611111112,43.08017,-79.06896,2024-09-20T04:04:36.000000Z
2024,264.1698726851852,43.08017,-79.06896,2024-09-20T04:04:37.000000Z
2024,264.1698842592593,43.08016,-79.06896,2024-09-20T04:04:38.000000Z
2024,264.1698958333334,43.08016,-79.06895,2024-09-20T04:04:39.000000Z
2024,264.16990740740744,43.08017,-79.06895,2024-09-20T04:04:40.000000Z
2024,264.16991898148154,43.08017,-79.06895,2024-09-20T04:04:41.000000Z
2024,264.1699305555556,43.08018,-79.06895,2024-09-20T04:04:42.000000Z
2024,264.16994212962965,43.08018,-79.06895,2024-09-20T04:04:43.000000Z
2024,264.16995370370375,43.08018,-79.06895,2024-09-20T04:04:44.000000Z
2024,264.1699652777778,43.08018,-79.06895,2024-09-20T04:04:45.000000Z
2024,264.1699768518519,43.08019,-79.06894,2024-09-20T04:04:46.000000Z
2024,264.16998842592596,43.08019,-79.06894,2024-09-20T04:04:47.000000Z
2024,264.17,43.08018,-79.06894,2024-09-20T04:04:48.000000Z
2024,264.1700115740741,43.08018,-79.06893,2024-09-20T04:04:49.000000Z
2024,264.1700231481482,43.08018,-79.06893,2024-09-20T04:04:50.000000Z
2024,264.1700347222223,43.08018,-79.06893,2024-09-20T04:04:51.000000Z
2024,264.17004629629633,43.08018,-79.06893,2024-09-20T04:04:52.000000Z
2024,264.18025462962964,43.08023,-79.0688,2024-09-20T04:19:34.000000Z
2024,264.1802662037037,43.08023,-79.0688,2024-09-20T04:19:35.000000Z
2024,264.1802777777778,43.08023,-79.0688,2024-09-20T04:19:36.000000Z
2024,264.18028935185185,43.08023,-79.06881,2024-09-20T04:19:37.000000Z
2024,264.1803009259259,43.08023,-79.06881,2024-09-20T04:19:38.000000Z
2024,264.1803125,43.08023,-79.06882,2024-09-20T04:19:39.000000Z
2024,264.18032407407406,43.08023,-79.06883,2024-09-20T04:19:40.000000Z
2024,264.1803356481482,43.08023,-79.06884,2024-09-20T04:19:41.000000Z
2024,264.1803472222222,43.08023,-79.06884,2024-09-20T04:19:42.000000Z
2024,264.1803587962963,43.08023,-79.06884,2024-09-20T04:19:43.000000Z
2024,264.1803703703704,43.08022,-79.06885,2024-09-20T04:19:44.000000Z
2024,264.18038194444443,43.08022,-79.06886,2024-09-20T04:19:45.000000Z
2024,264.18039351851854,43.08021,-79.06886,2024-09-20T04:19:46.000000Z
2024,264.1804050925926,43.08021,-79.06887,2024-09-20T04:19:47.000000Z
2024,264.18041666666664,43.08021,-79.06887,2024-09-20T04:19:48.000000Z
2024,264.18042824074075,43.08021,-79.06887,2024-09-20T04:19:49.000000Z
2024,264.1804398148148,43.08021,-79.06887,2024-09-20T04:19:50.000000Z
2024,264.1804513888889,43.08021,-79.06887,2024-09-20T04:19:51.000000Z
2024,264.18046296296296,43.0802,-79.06887,2024-09-20T04:19:52.000000Z
2024,264.19067129629633,43.08017,-79.06893,2024-09-20T04:34:34.000000Z
2024,264.1906828703704,43.08016,-79.06893,2024-09-20T04:34:35.000000Z
2024,264.1906944444445,43.08016,-79.06893,2024-09-20T04:34:36.000000Z
2024,264.19070601851854,43.08016,-79.06893,2024-09-20T04:34:37.000000Z
2024,264.1907175925926,43.08015,-79.06892,2024-09-20T04:34:38.000000Z
2024,264.1907291666667,43.08015,-79.06891,2024-09-20T04:34:39.000000Z
2024,264.19074074074075,43.08015,-79.06891,2024-09-20T04:34:40.000000Z
2024,264.19075231481486,43.08015,-79.06891,2024-09-20T04:34:41.000000Z
2024,264.1907638888889,43.08014,-79.06891,2024-09-20T04:34:42.000000Z
2024,264.19077546296296,43.08013,-79.06891,2024-09-20T04:34:43.000000Z
2024,264.19078703703707,43.08013,-79.06891,2024-09-20T04:34:44.000000Z
2024,264.1907986111111,43.08012,-79.06891,2024-09-20T04:34:45.000000Z
2024,264.1908101851852,43.08012,-79.06891,2024-09-20T04:34:46.000000Z
2024,264.1908217592593,43.08011,-79.06891,2024-09-20T04:34:47.000000Z
2024,264.19083333333333,43.0801,-79.06891,2024-09-20T04:34:48.000000Z
2024,264.19084490740744,43.0801,-79.06891,2024-09-20T04:34:49.000000Z
2024,264.1908564814815,43.0801,-79.06891,2024-09-20T04:34:50.000000Z
2024,264.1908680555556,43.0801,-79.06891,2024-09-20T04:34:51.000000Z
2024,264.19087962962965,43.0801,-79.0689,2024-09-20T04:34:52.000000Z
2024,264.201087962963,43.0802,-79.06894,2024-09-20T04:49:34.000000Z
2024,264.20109953703707,43.0802,-79.06893,2024-09-20T04:49:35.000000Z
2024,264.2011111111112,43.08021,-79.06893,2024-09-20T04:49:36.000000Z
2024,264.2011226851852,43.0802,-79.06893,2024-09-20T04:49:37.000000Z
2024,264.2011342592593,43.08021,-79.06893,2024-09-20T04:49:38.000000Z
2024,264.2011458333334,43.0802,-79.06893,2024-09-20T04:49:39.000000Z
2024,264.20115740740744,43.0802,-79.06893,2024-09-20T04:49:40.000000Z
2024,264.20116898148154,43.08021,-79.06893,2024-09-20T04:49:41.000000Z
2024,264.2011805555556,43.0802,-79.06893,2024-09-20T04:49:42.000000Z
2024,264.20119212962965,43.0802,-79.06894,2024-09-20T04:49:43.000000Z
2024,264.20120370370375,43.0802,-79.06895,2024-09-20T04:49:44.000000Z
2024,264.2012152777778,43.0802,-79.06896,2024-09-20T04:49:45.000000Z
2024,264.2012268518519,43.08019,-79.06896,2024-09-20T04:49:46.000000Z
2024,264.20123842592596,43.08018,-79.06897,2024-09-20T04:49:47.000000Z
2024,264.20125,43.08018,-79.06898,2024-09-20T04:49:48.000000Z
2024,264.2012615740741,43.08018,-79.06899,2024-09-20T04:49:49.000000Z
2024,264.2012731481482,43.08018,-79.06899,2024-09-20T04:49:50.000000Z
2024,264.2012847222223,43.08018,-79.06899,2024-09-20T04:49:51.000000Z
2024,264.20129629629633,43.08018,-79.06899,2024-09-20T04:49:52.000000Z
2024,264.21150462962964,43.08016,-79.06901,2024-09-20T05:04:34.000000Z
2024,264.2115162037037,43.08016,-79.06901,2024-09-20T05:04:35.000000Z
2024,264.2115277777778,43.08015,-79.06902,2024-09-20T05:04:36.000000Z
2024,264.21153935185185,43.08015,-79.06901,2024-09-20T05:04:37.000000Z
2024,264.2115509259259,43.08015,-79.06901,2024-09-20T05:04:38.000000Z
2024,264.2115625,43.08015,-79.06901,2024-09-20T05:04:39.000000Z
2024,264.21157407407406,43.08015,-79.06901,2024-09-20T05:04:40.000000Z
2024,264.2115856481482,43.08015,-79.06901,2024-09-20T05:04:41.000000Z
2024,264.2115972222222,43.08015,-79.06901,2024-09-20T05:04:42.000000Z
2024,264.2116087962963,43.08015,-79.06901,2024-09-20T05:04:43.000000Z
2024,264.2116203703704,43.08015,-79.06901,2024-09-20T05:04:44.000000Z
2024,264.21163194444443,43.08015,-79.069,2024-09-20T05:04:45.000000Z
2024,264.21164351851854,43.08015,-79.069,2024-09-20T05:04:46.000000Z
2024,264.2116550925926,43.08015,-79.069,2024-09-20T05:04:47.000000Z
2024,264.21166666666664,43.08015,-79.069,2024-09-20T05:04:48.000000Z
2024,264.21167824074075,43.08015,-79.06899,2024-09-20T05:04:49.000000Z
2024,264.2116898148148,43.08015,-79.06899,2024-09-20T05:04:50.000000Z
2024,264.2117013888889,43.08015,-79.06899,2024-09-20T05:04:51.000000Z
2024,264.21171296296296,43.08015,-79.06899,2024-09-20T05:04:52.000000Z
2024,264.2219212962963,43.0803,-79.06897,2024-09-20T05:19:34.000000Z
2024,264.2219328703703,43.0803,-79.06897,2024-09-20T05:19:35.000000Z
2024,264.22194444444443,43.08029,-79.06896,2024-09-20T05:19:36.000000Z
2024,264.2219560185185,43.08029,-79.06896,2024-09-20T05:19:37.000000Z
2024,264.22196759259253,43.08029,-79.06896,2024-09-20T05:19:38.000000Z
2024,264.22197916666664,43.08029,-79.06896,2024-09-20T05:19:39.000000Z
2024,264.2219907407407,43.08029,-79.06896,2024-09-20T05:19:40.000000Z
2024,264.2220023148148,43.08029,-79.06896,2024-09-20T05:19:41.000000Z
2024,264.22201388888885,43.08029,-79.06896,2024-09-20T05:19:42.000000Z
2024,264.2220254629629,43.08029,-79.06896,2024-09-20T05:19:43.000000Z
2024,264.222037037037,43.08029,-79.06896,2024-09-20T05:19:44.000000Z
2024,264.22204861111106,43.08029,-79.06896,2024-09-20T05:19:45.000000Z
2024,264.22206018518517,43.08029,-79.06897,2024-09-20T05:19:46.000000Z
2024,264.2220717592592,43.08029,-79.06897,2024-09-20T05:19:47.000000Z
2024,264.2220833333333,43.08029,-79.06897,2024-09-20T05:19:48.000000Z
2024,264.2220949074074,43.08029,-79.06898,2024-09-20T05:19:49.000000Z
2024,264.22210648148143,43.08029,-79.06898,2024-09-20T05:19:50.000000Z
2024,264.22211805555554,43.08029,-79.06898,2024-09-20T05:19:51.000000Z
2024,264.2221296296296,43.08028,-79.06898,2024-09-20T05:19:52.000000Z
2024,264.23233796296296,43.08019,-79.06886,2024-09-20T05:34:34.000000Z
2024,264.232349537037,43.08018,-79.06884,2024-09-20T05:34:35.000000Z
2024,264.2323611111111,43.08018,-79.06883,2024-09-20T05:34:36.000000Z
2024,264.23237268518517,43.08018,-79.06884,2024-09-20T05:34:37.000000Z
2024,264.2323842592592,43.08018,-79.06885,2024-09-20T05:34:38.000000Z
2024,264.2323958333333,43.08018,-79.06886,2024-09-20T05:34:39.000000Z
2024,264.2324074074074,43.08018,-79.06886,2024-09-20T05:34:40.000000Z
2024,264.2324189814815,43.08018,-79.06887,2024-09-20T05:34:41.000000Z
2024,264.23243055555554,43.08019,-79.06887,2024-09-20T05:34:42.000000Z
2024,264.2324421296296,43.0802,-79.06887,2024-09-20T05:34:43.000000Z
2024,264.2324537037037,43.08021,-79.06886,2024-09-20T05:34:44.000000Z
2024,264.23246527777775,43.08021,-79.06886,2024-09-20T05:34:45.000000Z
2024,264.23247685185186,43.08022,-79.06885,2024-09-20T05:34:46.000000Z
2024,264.2324884259259,43.08023,-79.06887,2024-09-20T05:34:47.000000Z
2024,264.23249999999996,43.08023,-79.06887,2024-09-20T05:34:48.000000Z
2024,264.23251157407407,43.08023,-79.06888,2024-09-20T05:34:49.000000Z
2024,264.2325231481481,43.08024,-79.06889,2024-09-20T05:34:50.000000Z
2024,264.2325347222222,43.08024,-79.0689,2024-09-20T05:34:51.000000Z
2024,264.2325462962963,43.08024,-79.06892,2024-09-20T05:34:52.000000Z
2024,264.23255787037033,43.08024,-79.06893,2024-09-20T05:34:53.000000Z
2024,264.24275462962964,43.08036,-79.06917,2024-09-20T05:49:34.000000Z
2024,264.2427662037037,43.08036,-79.06917,2024-09-20T05:49:35.000000Z
2024,264.2427777777778,43.08037,-79.06918,2024-09-20T05:49:36.000000Z
2024,264.24278935185185,43.08038,-79.06919,2024-09-20T05:49:37.000000Z
2024,264.2428009259259,43.08038,-79.06919,2024-09-20T05:49:38.000000Z
2024,264.2428125,43.08039,-79.06919,2024-09-20T05:49:39.000000Z
2024,264.24282407407406,43.08039,-79.06919,2024-09-20T05:49:40.000000Z
2024,264.2428356481482,43.0804,-79.06919,2024-09-20T05:49:41.000000Z
2024,264.2428472222222,43.0804,-79.06919,2024-09-20T05:49:42.000000Z
2024,264.2428587962963,43.0804,-79.06919,2024-09-20T05:49:43.000000Z
2024,264.2428703703704,43.0804,-79.06919,2024-09-20T05:49:44.000000Z
2024,264.24288194444443,43.0804,-79.06919,2024-09-20T05:49:45.000000Z
2024,264.24289351851854,43.0804,-79.06919,2024-09-20T05:49:46.000000Z
2024,264.2429050925926,43.0804,-79.06919,2024-09-20T05:49:47.000000Z
2024,264.24291666666664,43.08039,-79.06919,2024-09-20T05:49:48.000000Z
2024,264.24292824074075,43.08039,-79.06919,2024-09-20T05:49:49.000000Z
2024,264.2429398148148,43.08039,-79.06919,2024-09-20T05:49:50.000000Z
2024,264.2429513888889,43.08039,-79.06919,2024-09-20T05:49:51.000000Z
2024,264.24296296296296,43.08039,-79.06919,2024-09-20T05:49:52.000000Z
2024,264.25317129629633,43.08039,-79.06919,2024-09-20T06:04:34.000000Z
2024,264.2531828703704,43.0804,-79.06918,2024-09-20T06:04:35.000000Z
2024,264.2531944444445,43.08041,-79.06917,2024-09-20T06:04:36.000000Z
2024,264.25320601851854,43.08041,-79.06916,2024-09-20T06:04:37.000000Z
2024,264.2532175925926,43.08041,-79.06915,2024-09-20T06:04:38.000000Z
2024,264.2532291666667,43.08041,-79.06913,2024-09-20T06:04:39.000000Z
2024,264.25324074074075,43.0804,-79.06912,2024-09-20T06:04:40.000000Z
2024,264.25325231481486,43.08039,-79.06912,2024-09-20T06:04:41.000000Z
2024,264.2532638888889,43.08038,-79.06911,2024-09-20T06:04:42.000000Z
2024,264.25327546296296,43.08037,-79.06911,2024-09-20T06:04:43.000000Z
2024,264.25328703703707,43.08035,-79.0691,2024-09-20T06:04:44.000000Z
2024,264.2532986111111,43.08035,-79.0691,2024-09-20T06:04:45.000000Z
2024,264.2533101851852,43.08035,-79.06909,2024-09-20T06:04:46.000000Z
2024,264.2533217592593,43.08034,-79.06909,2024-09-20T06:04:47.000000Z
2024,264.25333333333333,43.08034,-79.06909,2024-09-20T06:04:48.000000Z
2024,264.25334490740744,43.08034,-79.06909,2024-09-20T06:04:49.000000Z
2024,264.2533564814815,43.08034,-79.06909,2024-09-20T06:04:50.000000Z
2024,264.2533680555556,43.08034,-79.06908,2024-09-20T06:04:51.000000Z
2024,264.25337962962965,43.08034,-79.06907,2024-09-20T06:04:52.000000Z
2024,264.2636574074074,43.08026,-79.06906,2024-09-20T06:19:40.000000Z
2024,264.2636689814815,43.08027,-79.06908,2024-09-20T06:19:41.000000Z
2024,264.26368055555554,43.08027,-79.06909,2024-09-20T06:19:42.000000Z
2024,264.2636921296296,43.08027,-79.06909,2024-09-20T06:19:43.000000Z
2024,264.2637037037037,43.08028,-79.0691,2024-09-20T06:19:44.000000Z
2024,264.26371527777775,43.08028,-79.06911,2024-09-20T06:19:45.000000Z
2024,264.26372685185186,43.08028,-79.06911,2024-09-20T06:19:46.000000Z
2024,264.2637384259259,43.08027,-79.06911,2024-09-20T06:19:47.000000Z
2024,264.26374999999996,43.08026,-79.06911,2024-09-20T06:19:48.000000Z
2024,264.26376157407407,43.08026,-79.0691,2024-09-20T06:19:49.000000Z
2024,264.2637731481481,43.08026,-79.0691,2024-09-20T06:19:50.000000Z
2024,264.2637847222222,43.08025,-79.06909,2024-09-20T06:19:51.000000Z
2024,264.26381944444444,43.08024,-79.06908,2024-09-20T06:19:54.000000Z
2024,264.2638310185185,43.08024,-79.06906,2024-09-20T06:19:55.000000Z
2024,264.2638657407407,43.08026,-79.06906,2024-09-20T06:19:58.000000Z
2024,264.26390046296297,43.08027,-79.06906,2024-09-20T06:20:01.000000Z
2024,264.2639120370371,43.08027,-79.06906,2024-09-20T06:20:02.000000Z
2024,264.2639236111111,43.08028,-79.06906,2024-09-20T06:20:03.000000Z
2024,264.26393518518523,43.08028,-79.06906,2024-09-20T06:20:04.000000Z
2024,264.2639467592593,43.08029,-79.06906,2024-09-20T06:20:05.000000Z
2024,264.26395833333333,43.08029,-79.06906,2024-09-20T06:20:06.000000Z
2024,264.26396990740744,43.08029,-79.06906,2024-09-20T06:20:07.000000Z
2024,264.2639814814815,43.0803,-79.06906,2024-09-20T06:20:08.000000Z
2024,264.2639930555556,43.0803,-79.06907,2024-09-20T06:20:09.000000Z
2024,264.26400462962965,43.08031,-79.06907,2024-09-20T06:20:10.000000Z
2024,264.2640162037037,43.08031,-79.06907,2024-09-20T06:20:11.000000Z
2024,264.2640277777778,43.08032,-79.06907,2024-09-20T06:20:12.000000Z
2024,264.26403935185186,43.08032,-79.06907,2024-09-20T06:20:13.000000Z
2024,264.26405092592597,43.08032,-79.06907,2024-09-20T06:20:14.000000Z
2024,264.2640625,43.08033,-79.06908,2024-09-20T06:20:15.000000Z
2024,264.2640740740741,43.08033,-79.06908,2024-09-20T06:20:16.000000Z
2024,264.2640856481482,43.08034,-79.06908,2024-09-20T06:20:17.000000Z
2024,264.26409722222223,43.08034,-79.06908,2024-09-20T06:20:18.000000Z
2024,264.26410879629634,43.08034,-79.06908,2024-09-20T06:20:19.000000Z
2024,264.2641203703704,43.08034,-79.06909,2024-09-20T06:20:20.000000Z
2024,264.2740162037037,43.08034,-79.06912,2024-09-20T06:34:35.000000Z
2024,264.2740277777778,43.08034,-79.06912,2024-09-20T06:34:36.000000Z
2024,264.27403935185185,43.08034,-79.06911,2024-09-20T06:34:37.000000Z
2024,264.2740509259259,43.08034,-79.0691,2024-09-20T06:34:38.000000Z
2024,264.2740856481482,43.08034,-79.06911,2024-09-20T06:34:41.000000Z
2024,264.2740972222222,43.08035,-79.06911,2024-09-20T06:34:42.000000Z
2024,264.27414351851854,43.08035,-79.06912,2024-09-20T06:34:46.000000Z
2024,264.27417824074075,43.08036,-79.06913,2024-09-20T06:34:49.000000Z
2024,264.27421296296296,43.08037,-79.06914,2024-09-20T06:34:52.000000Z
2024,264.274224537037,43.08037,-79.06914,2024-09-20T06:34:53.000000Z
2024,264.2742361111111,43.08038,-79.06914,2024-09-20T06:34:54.000000Z
2024,264.2742476851852,43.08037,-79.06915,2024-09-20T06:34:55.000000Z
2024,264.2742592592593,43.08037,-79.06916,2024-09-20T06:34:56.000000Z
2024,264.27427083333333,43.08037,-79.06916,2024-09-20T06:34:57.000000Z
2024,264.2742824074074,43.08036,-79.06916,2024-09-20T06:34:58.000000Z
2024,264.2742939814815,43.08036,-79.06916,2024-09-20T06:34:59.000000Z
2024,264.27430555555554,43.08036,-79.06916,2024-09-20T06:35:00.000000Z
2024,264.2743171296296,43.08036,-79.06916,2024-09-20T06:35:01.000000Z
2024,264.2743287037037,43.08036,-79.06915,2024-09-20T06:35:02.000000Z
2024,264.28442129629633,43.08028,-79.06896,2024-09-20T06:49:34.000000Z
2024,264.2844328703704,43.08028,-79.06899,2024-09-20T06:49:35.000000Z
2024,264.2844444444445,43.08031,-79.06899,2024-09-20T06:49:36.000000Z
2024,264.28445601851854,43.08032,-79.069,2024-09-20T06:49:37.000000Z
2024,264.2844675925926,43.08032,-79.06902,2024-09-20T06:49:38.000000Z
2024,264.2844791666667,43.08032,-79.06903,2024-09-20T06:49:39.000000Z
2024,264.28449074074075,43.08032,-79.06904,2024-09-20T06:49:40.000000Z
2024,264.28450231481486,43.08032,-79.06905,2024-09-20T06:49:41.000000Z
2024,264.2845138888889,43.08032,-79.06906,2024-09-20T06:49:42.000000Z
2024,264.28452546296296,43.08032,-79.06906,2024-09-20T06:49:43.000000Z
2024,264.28453703703707,43.08032,-79.06906,2024-09-20T06:49:44.000000Z
2024,264.2845486111111,43.08032,-79.06906,2024-09-20T06:49:45.000000Z
2024,264.2845601851852,43.08032,-79.06906,2024-09-20T06:49:46.000000Z
2024,264.2845717592593,43.08032,-79.06906,2024-09-20T06:49:47.000000Z
2024,264.28458333333333,43.08033,-79.06906,2024-09-20T06:49:48.000000Z
2024,264.28459490740744,43.08033,-79.06906,2024-09-20T06:49:49.000000Z
2024,264.2846064814815,43.08033,-79.06906,2024-09-20T06:49:50.000000Z
2024,264.2846180555556,43.08033,-79.06906,2024-09-20T06:49:51.000000Z
2024,264.28462962962965,43.08033,-79.06906,2024-09-20T06:49:52.000000Z
2024,264.294837962963,43.08037,-79.06913,2024-09-20T07:04:34.000000Z
2024,264.29484953703707,43.08037,-79.06912,2024-09-20T07:04:35.000000Z
2024,264.2948611111112,43.08037,-79.06912,2024-09-20T07:04:36.000000Z
2024,264.2948726851852,43.08037,-79.06912,2024-09-20T07:04:37.000000Z
2024,264.2948842592593,43.08036,-79.06911,2024-09-20T07:04:38.000000Z
2024,264.2948958333334,43.08035,-79.06912,2024-09-20T07:04:39.000000Z
2024,264.29490740740744,43.08035,-79.06912,2024-09-20T07:04:40.000000Z
2024,264.29491898148154,43.08034,-79.06912,2024-09-20T07:04:41.000000Z
2024,264.2949305555556,43.08034,-79.06912,2024-09-20T07:04:42.000000Z
2024,264.29494212962965,43.08034,-79.06912,2024-09-20T07:04:43.000000Z
2024,264.29495370370375,43.08034,-79.06912,2024-09-20T07:04:44.000000Z
2024,264.2949652777778,43.08034,-79.06912,2024-09-20T07:04:45.000000Z
2024,264.2949768518519,43.08034,-79.06912,2024-09-20T07:04:46.000000Z
2024,264.29498842592596,43.08034,-79.06912,2024-09-20T07:04:47.000000Z
2024,264.295,43.08034,-79.06911,2024-09-20T07:04:48.000000Z
2024,264.2950115740741,43.08034,-79.06911,2024-09-20T07:04:49.000000Z
2024,264.2950231481482,43.08034,-79.06911,2024-09-20T07:04:50.000000Z
2024,264.2950347222223,43.08034,-79.06911,2024-09-20T07:04:51.000000Z
2024,264.29504629629633,43.08034,-79.0691,2024-09-20T07:04:52.000000Z
2024,264.30525462962964,43.08032,-79.06899,2024-09-20T07:19:34.000000Z
2024,264.3052662037037,43.08034,-79.069,2024-09-20T07:19:35.000000Z
2024,264.3052777777778,43.08035,-79.06901,2024-09-20T07:19:36.000000Z
2024,264.30528935185185,43.08035,-79.06902,2024-09-20T07:19:37.000000Z
2024,264.3053009259259,43.08036,-79.06902,2024-09-20T07:19:38.000000Z
2024,264.3053125,43.08036,-79.06902,2024-09-20T07:19:39.000000Z
2024,264.30532407407406,43.08035,-79.06902,2024-09-20T07:19:40.000000Z
2024,264.3053356481482,43.08035,-79.06902,2024-09-20T07:19:41.000000Z
2024,264.3053472222222,43.08035,-79.06903,2024-09-20T07:19:42.000000Z
2024,264.3053587962963,43.08035,-79.06903,2024-09-20T07:19:43.000000Z
2024,264.3053703703704,43.08035,-79.06902,2024-09-20T07:19:44.000000Z
2024,264.30538194444443,43.08035,-79.06902,2024-09-20T07:19:45.000000Z
2024,264.30539351851854,43.08035,-79.06902,2024-09-20T07:19:46.000000Z
2024,264.3054050925926,43.08035,-79.06902,2024-09-20T07:19:47.000000Z
2024,264.30541666666664,43.08035,-79.06901,2024-09-20T07:19:48.000000Z
2024,264.30542824074075,43.08035,-79.06901,2024-09-20T07:19:49.000000Z
2024,264.3054398148148,43.08035,-79.06901,2024-09-20T07:19:50.000000Z
2024,264.3054513888889,43.08034,-79.069,2024-09-20T07:19:51.000000Z
2024,264.30546296296296,43.08034,-79.069,2024-09-20T07:19:52.000000Z
2024,264.31567129629633,43.08034,-79.06897,2024-09-20T07:34:34.000000Z
2024,264.3156828703704,43.08034,-79.06897,2024-09-20T07:34:35.000000Z
2024,264.3156944444445,43.08034,-79.06897,2024-09-20T07:34:36.000000Z
2024,264.31570601851854,43.08034,-79.06896,2024-09-20T07:34:37.000000Z
2024,264.3157175925926,43.08034,-79.06896,2024-09-20T07:34:38.000000Z
2024,264.3157291666667,43.08034,-79.06896,2024-09-20T07:34:39.000000Z
2024,264.31574074074075,43.08034,-79.06896,2024-09-20T07:34:40.000000Z
2024,264.31575231481486,43.08034,-79.06896,2024-09-20T07:34:41.000000Z
2024,264.3157638888889,43.08035,-79.06896,2024-09-20T07:34:42.000000Z
2024,264.31577546296296,43.08035,-79.06896,2024-09-20T07:34:43.000000Z
2024,264.31578703703707,43.08036,-79.06896,2024-09-20T07:34:44.000000Z
2024,264.3157986111111,43.08036,-79.06896,2024-09-20T07:34:45.000000Z
2024,264.3158101851852,43.08036,-79.06896,2024-09-20T07:34:46.000000Z
2024,264.3158217592593,43.08036,-79.06896,2024-09-20T07:34:47.000000Z
2024,264.31583333333333,43.08036,-79.06896,2024-09-20T07:34:48.000000Z
2024,264.31584490740744,43.08036,-79.06896,2024-09-20T07:34:49.000000Z
2024,264.3158564814815,43.08036,-79.06896,2024-09-20T07:34:50.000000Z
2024,264.3158680555556,43.08036,-79.06896,2024-09-20T07:34:51.000000Z
2024,264.31587962962965,43.08036,-79.06896,2024-09-20T07:34:52.000000Z
2024,264.326087962963,43.08023,-79.06881,2024-09-20T07:49:34.000000Z
2024,264.32609953703707,43.08023,-79.0688,2024-09-20T07:49:35.000000Z
2024,264.3261111111112,43.08022,-79.0688,2024-09-20T07:49:36.000000Z
2024,264.3261226851852,43.08022,-79.0688,2024-09-20T07:49:37.000000Z
2024,264.3261342592593,43.08021,-79.0688,2024-09-20T07:49:38.000000Z
2024,264.3261458333334,43.08021,-79.0688,2024-09-20T07:49:39.000000Z
2024,264.32615740740744,43.08021,-79.06881,2024-09-20T07:49:40.000000Z
2024,264.32616898148154,43.08021,-79.06881,2024-09-20T07:49:41.000000Z
2024,264.3261805555556,43.08021,-79.06882,2024-09-20T07:49:42.000000Z
2024,264.32619212962965,43.08021,-79.06883,2024-09-20T07:49:43.000000Z
2024,264.32620370370375,43.08021,-79.06883,2024-09-20T07:49:44.000000Z
2024,264.3262152777778,43.08021,-79.06883,2024-09-20T07:49:45.000000Z
2024,264.3262268518519,43.08022,-79.06884,2024-09-20T07:49:46.000000Z
2024,264.32623842592596,43.08022,-79.06884,2024-09-20T07:49:47.000000Z
2024,264.32625,43.08023,-79.06884,2024-09-20T07:49:48.000000Z
2024,264.3262615740741,43.08023,-79.06885,2024-09-20T07:49:49.000000Z
2024,264.3262731481482,43.08023,-79.06885,2024-09-20T07:49:50.000000Z
2024,264.3262847222223,43.08024,-79.06886,2024-09-20T07:49:51.000000Z
2024,264.32629629629633,43.08024,-79.06887,2024-09-20T07:49:52.000000Z
2024,264.33650462962964,43.08034,-79.06906,2024-09-20T08:04:34.000000Z
2024,264.3365162037037,43.08034,-79.06906,2024-09-20T08:04:35.000000Z
2024,264.3365277777778,43.08033,-79.06906,2024-09-20T08:04:36.000000Z
2024,264.33653935185185,43.08033,-79.06906,2024-09-20T08:04:37.000000Z
2024,264.3365509259259,43.08033,-79.06906,2024-09-20T08:04:38.000000Z
2024,264.3365625,43.08033,-79.06906,2024-09-20T08:04:39.000000Z
2024,264.33657407407406,43.08033,-79.06905,2024-09-20T08:04:40.000000Z
2024,264.3365856481482,43.08033,-79.06904,2024-09-20T08:04:41.000000Z
2024,264.3365972222222,43.08033,-79.06904,2024-09-20T08:04:42.000000Z
2024,264.3366087962963,43.08033,-79.06903,2024-09-20T08:04:43.000000Z
2024,264.3366203703704,43.08033,-79.06903,2024-09-20T08:04:44.000000Z
2024,264.33663194444443,43.08033,-79.06903,2024-09-20T08:04:45.000000Z
2024,264.33664351851854,43.08033,-79.06903,2024-09-20T08:04:46.000000Z
2024,264.3366550925926,43.08033,-79.06903,2024-09-20T08:04:47.000000Z
2024,264.33666666666664,43.08033,-79.06902,2024-09-20T08:04:48.000000Z
2024,264.33667824074075,43.08033,-79.06901,2024-09-20T08:04:49.000000Z
2024,264.3366898148148,43.08033,-79.069,2024-09-20T08:04:50.000000Z
2024,264.3367013888889,43.08033,-79.069,2024-09-20T08:04:51.000000Z
2024,264.33671296296296,43.08033,-79.069,2024-09-20T08:04:52.000000Z
2024,264.3469212962963,43.08043,-79.06912,2024-09-20T08:19:34.000000Z
2024,264.3469328703703,43.08042,-79.06912,2024-09-20T08:19:35.000000Z
2024,264.34694444444443,43.08042,-79.06912,2024-09-20T08:19:36.000000Z
2024,264.3469560185185,43.08042,-79.06912,2024-09-20T08:19:37.000000Z
2024,264.34696759259253,43.08042,-79.06912,2024-09-20T08:19:38.000000Z
2024,264.34697916666664,43.08042,-79.06912,2024-09-20T08:19:39.000000Z
2024,264.3469907407407,43.08042,-79.0691,2024-09-20T08:19:40.000000Z
2024,264.3470023148148,43.08042,-79.06909,2024-09-20T08:19:41.000000Z
2024,264.34701388888885,43.08042,-79.06909,2024-09-20T08:19:42.000000Z
2024,264.3470254629629,43.08041,-79.06906,2024-09-20T08:19:43.000000Z
2024,264.347037037037,43.08041,-79.06906,2024-09-20T08:19:44.000000Z
2024,264.34704861111106,43.0804,-79.06906,2024-09-20T08:19:45.000000Z
2024,264.34706018518517,43.08039,-79.06906,2024-09-20T08:19:46.000000Z
2024,264.3470717592592,43.08039,-79.06906,2024-09-20T08:19:47.000000Z
2024,264.3470833333333,43.08038,-79.06906,2024-09-20T08:19:48.000000Z
2024,264.3470949074074,43.08037,-79.06905,2024-09-20T08:19:49.000000Z
2024,264.34710648148143,43.08037,-79.06904,2024-09-20T08:19:50.000000Z
2024,264.34711805555554,43.08036,-79.06903,2024-09-20T08:19:51.000000Z
2024,264.3471296296296,43.08036,-79.06903,2024-09-20T08:19:52.000000Z
2024,264.35733796296296,43.08015,-79.06892,2024-09-20T08:34:34.000000Z
2024,264.357349537037,43.08016,-79.06893,2024-09-20T08:34:35.000000Z
2024,264.3573611111111,43.08017,-79.06893,2024-09-20T08:34:36.000000Z
2024,264.35737268518517,43.08017,-79.06893,2024-09-20T08:34:37.000000Z
2024,264.3573842592592,43.08018,-79.06894,2024-09-20T08:34:38.000000Z
2024,264.3573958333333,43.0802,-79.06895,2024-09-20T08:34:39.000000Z
2024,264.3574074074074,43.08022,-79.06896,2024-09-20T08:34:40.000000Z
2024,264.3574189814815,43.08023,-79.06897,2024-09-20T08:34:41.000000Z
2024,264.35743055555554,43.08026,-79.06899,2024-09-20T08:34:42.000000Z
2024,264.3574421296296,43.08028,-79.069,2024-09-20T08:34:43.000000Z
2024,264.3574537037037,43.08029,-79.06902,2024-09-20T08:34:44.000000Z
2024,264.35746527777775,43.0803,-79.06903,2024-09-20T08:34:45.000000Z
2024,264.35747685185186,43.0803,-79.06903,2024-09-20T08:34:46.000000Z
2024,264.3574884259259,43.0803,-79.06903,2024-09-20T08:34:47.000000Z
2024,264.35749999999996,43.0803,-79.06903,2024-09-20T08:34:48.000000Z
2024,264.35751157407407,43.0803,-79.06902,2024-09-20T08:34:49.000000Z
2024,264.3575231481481,43.08029,-79.06901,2024-09-20T08:34:50.000000Z
2024,264.3575347222222,43.08029,-79.069,2024-09-20T08:34:51.000000Z
2024,264.3575462962963,43.08028,-79.069,2024-09-20T08:34:52.000000Z
2024,264.36775462962964,43.08044,-79.06906,2024-09-20T08:49:34.000000Z
2024,264.3677662037037,43.08042,-79.06906,2024-09-20T08:49:35.000000Z
2024,264.3677777777778,43.08042,-79.06904,2024-09-20T08:49:36.000000Z
2024,264.36778935185185,43.08041,-79.06903,2024-09-20T08:49:37.000000Z
2024,264.3678009259259,43.08041,-79.06903,2024-09-20T08:49:38.000000Z
2024,264.3678125,43.08041,-79.06903,2024-09-20T08:49:39.000000Z
2024,264.36782407407406,43.0804,-79.06901,2024-09-20T08:49:40.000000Z
2024,264.3678356481482,43.0804,-79.06901,2024-09-20T08:49:41.000000Z
2024,264.3678472222222,43.0804,-79.069,2024-09-20T08:49:42.000000Z
2024,264.3678587962963,43.08039,-79.069,2024-09-20T08:49:43.000000Z
2024,264.3678703703704,43.08039,-79.069,2024-09-20T08:49:44.000000Z
2024,264.36788194444443,43.08039,-79.069,2024-09-20T08:49:45.000000Z
2024,264.36789351851854,43.08039,-79.069,2024-09-20T08:49:46.000000Z
2024,264.3679050925926,43.08038,-79.069,2024-09-20T08:49:47.000000Z
2024,264.36791666666664,43.08038,-79.069,2024-09-20T08:49:48.000000Z
2024,264.36792824074075,43.08038,-79.069,2024-09-20T08:49:49.000000Z
2024,264.3679398148148,43.08037,-79.069,2024-09-20T08:49:50.000000Z
2024,264.3679513888889,43.08038,-79.069,2024-09-20T08:49:51.000000Z
2024,264.36796296296296,43.08038,-79.069,2024-09-20T08:49:52.000000Z
2024,264.37817129629633,43.0802,-79.06898,2024-09-20T09:04:34.000000Z
2024,264.3781828703704,43.08021,-79.069,2024-09-20T09:04:35.000000Z
2024,264.3781944444445,43.08021,-79.069,2024-09-20T09:04:36.000000Z
2024,264.37820601851854,43.08022,-79.06901,2024-09-20T09:04:37.000000Z
2024,264.3782175925926,43.08023,-79.06902,2024-09-20T09:04:38.000000Z
2024,264.3782291666667,43.08023,-79.06901,2024-09-20T09:04:39.000000Z
2024,264.37824074074075,43.08022,-79.06901,2024-09-20T09:04:40.000000Z
2024,264.37825231481486,43.08023,-79.06901,2024-09-20T09:04:41.000000Z
2024,264.3782638888889,43.08023,-79.06901,2024-09-20T09:04:42.000000Z
2024,264.37827546296296,43.08023,-79.069,2024-09-20T09:04:43.000000Z
2024,264.37828703703707,43.08024,-79.069,2024-09-20T09:04:44.000000Z
2024,264.3782986111111,43.08024,-79.069,2024-09-20T09:04:45.000000Z
2024,264.3783101851852,43.08025,-79.069,2024-09-20T09:04:46.000000Z
2024,264.3783217592593,43.08025,-79.069,2024-09-20T09:04:47.000000Z
2024,264.37833333333333,43.08026,-79.069,2024-09-20T09:04:48.000000Z
2024,264.37834490740744,43.08026,-79.069,2024-09-20T09:04:49.000000Z
2024,264.3783564814815,43.08026,-79.069,2024-09-20T09:04:50.000000Z
2024,264.3783680555556,43.08026,-79.069,2024-09-20T09:04:51.000000Z
2024,264.37837962962965,43.08026,-79.06899,2024-09-20T09:04:52.000000Z
2024,264.38857638888885,43.08026,-79.06893,2024-09-20T09:19:33.000000Z
2024,264.38858796296296,43.08026,-79.06893,2024-09-20T09:19:34.000000Z
2024,264.388599537037,43.08026,-79.06894,2024-09-20T09:19:35.000000Z
2024,264.3886111111111,43.08026,-79.06895,2024-09-20T09:19:36.000000Z
2024,264.38862268518517,43.08026,-79.06895,2024-09-20T09:19:37.000000Z
2024,264.3886342592592,43.08026,-79.06895,2024-09-20T09:19:38.000000Z
2024,264.3886458333333,43.08026,-79.06896,2024-09-20T09:19:39.000000Z
2024,264.3886574074074,43.08027,-79.06897,2024-09-20T09:19:40.000000Z
2024,264.3886689814815,43.08028,-79.06898,2024-09-20T09:19:41.000000Z
2024,264.38868055555554,43.08028,-79.06898,2024-09-20T09:19:42.000000Z
2024,264.3886921296296,43.08029,-79.06897,2024-09-20T09:19:43.000000Z
2024,264.3887037037037,43.08029,-79.06897,2024-09-20T09:19:44.000000Z
2024,264.38871527777775,43.08029,-79.06898,2024-09-20T09:19:45.000000Z
2024,264.38872685185186,43.0803,-79.06897,2024-09-20T09:19:46.000000Z
2024,264.3887384259259,43.0803,-79.06898,2024-09-20T09:19:47.000000Z
2024,264.38874999999996,43.0803,-79.06898,2024-09-20T09:19:48.000000Z
2024,264.38876157407407,43.0803,-79.06899,2024-09-20T09:19:49.000000Z
2024,264.3887731481481,43.0803,-79.06899,2024-09-20T09:19:50.000000Z
2024,264.3887847222222,43.0803,-79.069,2024-09-20T09:19:51.000000Z
2024,264.3887962962963,43.0803,-79.069,2024-09-20T09:19:52.000000Z
2024,264.39899305555554,43.08008,-79.06905,2024-09-20T09:34:33.000000Z
2024,264.39900462962964,43.0801,-79.06906,2024-09-20T09:34:34.000000Z
2024,264.3990162037037,43.08013,-79.06905,2024-09-20T09:34:35.000000Z
2024,264.3990277777778,43.08015,-79.06904,2024-09-20T09:34:36.000000Z
2024,264.39903935185185,43.08017,-79.06904,2024-09-20T09:34:37.000000Z
2024,264.3990509259259,43.08019,-79.06905,2024-09-20T09:34:38.000000Z
2024,264.3990625,43.08021,-79.06905,2024-09-20T09:34:39.000000Z
2024,264.39907407407406,43.08021,-79.06905,2024-09-20T09:34:40.000000Z
2024,264.3990856481482,43.08021,-79.06906,2024-09-20T09:34:41.000000Z
2024,264.3990972222222,43.08021,-79.06906,2024-09-20T09:34:42.000000Z
2024,264.3991087962963,43.08021,-79.06905,2024-09-20T09:34:43.000000Z
2024,264.3991203703704,43.08022,-79.06905,2024-09-20T09:34:44.000000Z
2024,264.39913194444443,43.08023,-79.06905,2024-09-20T09:34:45.000000Z
2024,264.39914351851854,43.08023,-79.06905,2024-09-20T09:34:46.000000Z
2024,264.3991550925926,43.08023,-79.06905,2024-09-20T09:34:47.000000Z
2024,264.39916666666664,43.08023,-79.06904,2024-09-20T09:34:48.000000Z
2024,264.39917824074075,43.08024,-79.06904,2024-09-20T09:34:49.000000Z
2024,264.3991898148148,43.08024,-79.06904,2024-09-20T09:34:50.000000Z
2024,264.3992013888889,43.08024,-79.06904,2024-09-20T09:34:51.000000Z
2024,264.39921296296296,43.08024,-79.06904,2024-09-20T09:34:52.000000Z
2024,264.4094097222222,43.08034,-79.06906,2024-09-20T09:49:33.000000Z
2024,264.40942129629633,43.08036,-79.06906,2024-09-20T09:49:34.000000Z
2024,264.4094328703704,43.08037,-79.06908,2024-09-20T09:49:35.000000Z
2024,264.4094444444445,43.08038,-79.06908,2024-09-20T09:49:36.000000Z
2024,264.40945601851854,43.08037,-79.06908,2024-09-20T09:49:37.000000Z
2024,264.4094675925926,43.08038,-79.06908,2024-09-20T09:49:38.000000Z
2024,264.4094791666667,43.08038,-79.06908,2024-09-20T09:49:39.000000Z
2024,264.40949074074075,43.08037,-79.06908,2024-09-20T09:49:40.000000Z
2024,264.40950231481486,43.08037,-79.06908,2024-09-20T09:49:41.000000Z
2024,264.4095138888889,43.08035,-79.06908,2024-09-20T09:49:42.000000Z
2024,264.40952546296296,43.08034,-79.06908,2024-09-20T09:49:43.000000Z
2024,264.40953703703707,43.08034,-79.06908,2024-09-20T09:49:44.000000Z
2024,264.4095486111111,43.08034,-79.06907,2024-09-20T09:49:45.000000Z
2024,264.4095601851852,43.08033,-79.06906,2024-09-20T09:49:46.000000Z
2024,264.4095717592593,43.08033,-79.06906,2024-09-20T09:49:47.000000Z
2024,264.40958333333333,43.08033,-79.06905,2024-09-20T09:49:48.000000Z
2024,264.40959490740744,43.08032,-79.06905,2024-09-20T09:49:49.000000Z
2024,264.4096064814815,43.08032,-79.06904,2024-09-20T09:49:50.000000Z
2024,264.4096180555556,43.08032,-79.06903,2024-09-20T09:49:51.000000Z
2024,264.40962962962965,43.08032,-79.06903,2024-09-20T09:49:52.000000Z
2024,264.4198263888889,43.08026,-79.06904,2024-09-20T10:04:33.000000Z
2024,264.419837962963,43.08026,-79.06904,2024-09-20T10:04:34.000000Z
2024,264.41984953703707,43.08025,-79.06903,2024-09-20T10:04:35.000000Z
2024,264.4198611111112,43.08025,-79.06903,2024-09-20T10:04:36.000000Z
2024,264.4198726851852,43.08024,-79.06903,2024-09-20T10:04:37.000000Z
2024,264.4198842592593,43.08024,-79.06903,2024-09-20T10:04:38.000000Z
2024,264.4198958333334,43.08024,-79.06903,2024-09-20T10:04:39.000000Z
2024,264.41990740740744,43.08024,-79.06903,2024-09-20T10:04:40.000000Z
2024,264.41991898148154,43.08024,-79.06904,2024-09-20T10:04:41.000000Z
2024,264.4199305555556,43.08024,-79.06904,2024-09-20T10:04:42.000000Z
2024,264.41994212962965,43.08024,-79.06904,2024-09-20T10:04:43.000000Z
2024,264.41995370370375,43.08024,-79.06904,2024-09-20T10:04:44.000000Z
2024,264.4199652777778,43.08024,-79.06904,2024-09-20T10:04:45.000000Z
2024,264.4199768518519,43.08024,-79.06904,2024-09-20T10:04:46.000000Z
2024,264.41998842592596,43.08024,-79.06904,2024-09-20T10:04:47.000000Z
2024,264.42,43.08024,-79.06904,2024-09-20T10:04:48.000000Z
2024,264.4200115740741,43.08024,-79.06904,2024-09-20T10:04:49.000000Z
2024,264.4200231481482,43.08024,-79.06905,2024-09-20T10:04:50.000000Z
2024,264.4200347222223,43.08025,-79.06905,2024-09-20T10:04:51.000000Z
2024,264.42004629629633,43.08025,-79.06905,2024-09-20T10:04:52.000000Z
2024,264.43024305555554,43.08033,-79.06904,2024-09-20T10:19:33.000000Z
2024,264.4302662037037,43.08033,-79.06904,2024-09-20T10:19:35.000000Z
2024,264.4302777777778,43.08033,-79.06904,2024-09-20T10:19:36.000000Z
2024,264.43028935185185,43.08033,-79.06903,2024-09-20T10:19:37.000000Z
2024,264.4303009259259,43.08033,-79.06903,2024-09-20T10:19:38.000000Z
2024,264.4303125,43.08033,-79.06904,2024-09-20T10:19:39.000000Z
2024,264.43032407407406,43.08032,-79.06903,2024-09-20T10:19:40.000000Z
2024,264.4303356481482,43.08032,-79.06903,2024-09-20T10:19:41.000000Z
2024,264.4303472222222,43.08031,-79.06903,2024-09-20T10:19:42.000000Z
2024,264.4303587962963,43.08031,-79.06903,2024-09-20T10:19:43.000000Z
2024,264.4303703703704,43.08031,-79.06903,2024-09-20T10:19:44.000000Z
2024,264.43038194444443,43.0803,-79.06903,2024-09-20T10:19:45.000000Z
2024,264.43039351851854,43.08031,-79.06904,2024-09-20T10:19:46.000000Z
2024,264.4304050925926,43.0803,-79.06904,2024-09-20T10:19:47.000000Z
2024,264.43041666666664,43.0803,-79.06904,2024-09-20T10:19:48.000000Z
2024,264.43042824074075,43.0803,-79.06904,2024-09-20T10:19:49.000000Z
2024,264.4304398148148,43.0803,-79.06904,2024-09-20T10:19:50.000000Z
2024,264.4304513888889,43.0803,-79.06904,2024-09-20T10:19:51.000000Z
2024,264.43046296296296,43.0803,-79.06904,2024-09-20T10:19:52.000000Z
2024,264.4406597222222,43.08029,-79.06896,2024-09-20T10:34:33.000000Z
2024,264.44067129629633,43.08028,-79.06896,2024-09-20T10:34:34.000000Z
2024,264.4406828703704,43.08028,-79.06896,2024-09-20T10:34:35.000000Z
2024,264.4406944444445,43.08028,-79.06896,2024-09-20T10:34:36.000000Z
2024,264.44070601851854,43.08028,-79.06895,2024-09-20T10:34:37.000000Z
2024,264.4407175925926,43.08028,-79.06895,2024-09-20T10:34:38.000000Z
2024,264.4407291666667,43.08028,-79.06895,2024-09-20T10:34:39.000000Z
2024,264.44074074074075,43.08028,-79.06896,2024-09-20T10:34:40.000000Z
2024,264.44075231481486,43.08028,-79.06896,2024-09-20T10:34:41.000000Z
2024,264.4407638888889,43.08028,-79.06896,2024-09-20T10:34:42.000000Z
2024,264.44077546296296,43.08028,-79.06896,2024-09-20T10:34:43.000000Z
2024,264.44078703703707,43.08028,-79.06896,2024-09-20T10:34:44.000000Z
2024,264.4407986111111,43.08028,-79.06896,2024-09-20T10:34:45.000000Z
2024,264.4408101851852,43.08027,-79.06897,2024-09-20T10:34:46.000000Z
2024,264.4408217592593,43.08026,-79.06898,2024-09-20T10:34:47.000000Z
2024,264.44083333333333,43.08026,-79.06899,2024-09-20T10:34:48.000000Z
2024,264.44084490740744,43.08026,-79.06899,2024-09-20T10:34:49.000000Z
2024,264.4408564814815,43.08026,-79.069,2024-09-20T10:34:50.000000Z
2024,264.4408680555556,43.08026,-79.069,2024-09-20T10:34:51.000000Z
2024,264.44087962962965,43.08026,-79.069,2024-09-20T10:34:52.000000Z
2024,264.4510763888889,43.0804,-79.06904,2024-09-20T10:49:33.000000Z
2024,264.451087962963,43.08041,-79.06904,2024-09-20T10:49:34.000000Z
2024,264.45109953703707,43.08042,-79.06903,2024-09-20T10:49:35.000000Z
2024,264.4511111111112,43.08042,-79.06903,2024-09-20T10:49:36.000000Z
2024,264.4511226851852,43.08042,-79.06902,2024-09-20T10:49:37.000000Z
2024,264.4511342592593,43.08042,-79.06902,2024-09-20T10:49:38.000000Z
2024,264.4511458333334,43.08043,-79.06901,2024-09-20T10:49:39.000000Z
2024,264.45115740740744,43.08041,-79.069,2024-09-20T10:49:40.000000Z
2024,264.45116898148154,43.0804,-79.069,2024-09-20T10:49:41.000000Z
2024,264.4511805555556,43.08039,-79.06899,2024-09-20T10:49:42.000000Z
2024,264.45119212962965,43.08038,-79.06899,2024-09-20T10:49:43.000000Z
2024,264.45120370370375,43.08037,-79.06898,2024-09-20T10:49:44.000000Z
2024,264.4512152777778,43.08037,-79.06898,2024-09-20T10:49:45.000000Z
2024,264.45123842592596,43.08036,-79.06897,2024-09-20T10:49:47.000000Z
2024,264.45125,43.08036,-79.06896,2024-09-20T10:49:48.000000Z
2024,264.4512615740741,43.08036,-79.06897,2024-09-20T10:49:49.000000Z
2024,264.4512731481482,43.08036,-79.06897,2024-09-20T10:49:50.000000Z
2024,264.4512847222223,43.08036,-79.06897,2024-09-20T10:49:51.000000Z
2024,264.45129629629633,43.08036,-79.06897,2024-09-20T10:49:52.000000Z
2024,264.46149305555554,43.08038,-79.06894,2024-09-20T11:04:33.000000Z
2024,264.46150462962964,43.08039,-79.06893,2024-09-20T11:04:34.000000Z
2024,264.4615162037037,43.08039,-79.06893,2024-09-20T11:04:35.000000Z
2024,264.4615277777778,43.08038,-79.06893,2024-09-20T11:04:36.000000Z
2024,264.46153935185185,43.08039,-79.06893,2024-09-20T11:04:37.000000Z
2024,264.4615509259259,43.08039,-79.06893,2024-09-20T11:04:38.000000Z
2024,264.4615625,43.0804,-79.06893,2024-09-20T11:04:39.000000Z
2024,264.46157407407406,43.0804,-79.06893,2024-09-20T11:04:40.000000Z
2024,264.4615856481482,43.0804,-79.06893,2024-09-20T11:04:41.000000Z
2024,264.4615972222222,43.0804,-79.06893,2024-09-20T11:04:42.000000Z
2024,264.4616087962963,43.0804,-79.06893,2024-09-20T11:04:43.000000Z
2024,264.4616203703704,43.0804,-79.06893,2024-09-20T11:04:44.000000Z
2024,264.46163194444443,43.08039,-79.06893,2024-09-20T11:04:45.000000Z
2024,264.46164351851854,43.08039,-79.06893,2024-09-20T11:04:46.000000Z
2024,264.4616550925926,43.08039,-79.06893,2024-09-20T11:04:47.000000Z
2024,264.46166666666664,43.08039,-79.06893,2024-09-20T11:04:48.000000Z
2024,264.46167824074075,43.08039,-79.06893,2024-09-20T11:04:49.000000Z
2024,264.4616898148148,43.08039,-79.06893,2024-09-20T11:04:50.000000Z
2024,264.4617013888889,43.08039,-79.06893,2024-09-20T11:04:51.000000Z
2024,264.46171296296296,43.08039,-79.06893,2024-09-20T11:04:52.000000Z
2024,264.47190972222216,43.08031,-79.06894,2024-09-20T11:19:33.000000Z
2024,264.4719212962963,43.08031,-79.06895,2024-09-20T11:19:34.000000Z
2024,264.4719328703703,43.08031,-79.06894,2024-09-20T11:19:35.000000Z
2024,264.47194444444443,43.08031,-79.06894,2024-09-20T11:19:36.000000Z
2024,264.4719560185185,43.08032,-79.06894,2024-09-20T11:19:37.000000Z
2024,264.47196759259253,43.08032,-79.06894,2024-09-20T11:19:38.000000Z
2024,264.47197916666664,43.08032,-79.06893,2024-09-20T11:19:39.000000Z
2024,264.4719907407407,43.08032,-79.06893,2024-09-20T11:19:40.000000Z
2024,264.4720023148148,43.08031,-79.06893,2024-09-20T11:19:41.000000Z
2024,264.47201388888885,43.08031,-79.06894,2024-09-20T11:19:42.000000Z
2024,264.4720254629629,43.08032,-79.06894,2024-09-20T11:19:43.000000Z
2024,264.472037037037,43.08032,-79.06894,2024-09-20T11:19:44.000000Z
2024,264.47204861111106,43.08032,-79.06894,2024-09-20T11:19:45.000000Z
2024,264.47206018518517,43.08032,-79.06895,2024-09-20T11:19:46.000000Z
2024,264.4720717592592,43.08032,-79.06895,2024-09-20T11:19:47.000000Z
2024,264.4720833333333,43.08032,-79.06896,2024-09-20T11:19:48.000000Z
2024,264.4720949074074,43.08032,-79.06896,2024-09-20T11:19:49.000000Z
2024,264.47210648148143,43.08033,-79.06896,2024-09-20T11:19:50.000000Z
2024,264.47211805555554,43.08033,-79.06896,2024-09-20T11:19:51.000000Z
2024,264.4721296296296,43.08033,-79.06896,2024-09-20T11:19:52.000000Z
2024,264.48232638888885,43.08035,-79.06917,2024-09-20T11:34:33.000000Z
2024,264.48233796296296,43.08036,-79.06917,2024-09-20T11:34:34.000000Z
2024,264.482349537037,43.08036,-79.06917,2024-09-20T11:34:35.000000Z
2024,264.4823611111111,43.08036,-79.06917,2024-09-20T11:34:36.000000Z
2024,264.48237268518517,43.08036,-79.06916,2024-09-20T11:34:37.000000Z
2024,264.4823842592592,43.08036,-79.06916,2024-09-20T11:34:38.000000Z
2024,264.4823958333333,43.08036,-79.06915,2024-09-20T11:34:39.000000Z
2024,264.4824074074074,43.08036,-79.06913,2024-09-20T11:34:40.000000Z
2024,264.4824189814815,43.08035,-79.06912,2024-09-20T11:34:41.000000Z
2024,264.48243055555554,43.08035,-79.06912,2024-09-20T11:34:42.000000Z
2024,264.4824421296296,43.08034,-79.06911,2024-09-20T11:34:43.000000Z
2024,264.4824537037037,43.08034,-79.06909,2024-09-20T11:34:44.000000Z
2024,264.48246527777775,43.08034,-79.06909,2024-09-20T11:34:45.000000Z
2024,264.48247685185186,43.08034,-79.06909,2024-09-20T11:34:46.000000Z
2024,264.4824884259259,43.08033,-79.06908,2024-09-20T11:34:47.000000Z
2024,264.48249999999996,43.08033,-79.06907,2024-09-20T11:34:48.000000Z
2024,264.48251157407407,43.08033,-79.06906,2024-09-20T11:34:49.000000Z
2024,264.4825231481481,43.08033,-79.06906,2024-09-20T11:34:50.000000Z
2024,264.4825347222222,43.08033,-79.06906,2024-09-20T11:34:51.000000Z
2024,264.4825462962963,43.08032,-79.06905,2024-09-20T11:34:52.000000Z
2024,264.49274305555554,43.08038,-79.06896,2024-09-20T11:49:33.000000Z
2024,264.49275462962964,43.08038,-79.06898,2024-09-20T11:49:34.000000Z
2024,264.4927662037037,43.08038,-79.06899,2024-09-20T11:49:35.000000Z
2024,264.4927777777778,43.08038,-79.06899,2024-09-20T11:49:36.000000Z
2024,264.49278935185185,43.08039,-79.06899,2024-09-20T11:49:37.000000Z
2024,264.4928009259259,43.08039,-79.06895,2024-09-20T11:49:38.000000Z
2024,264.4928125,43.08039,-79.06893,2024-09-20T11:49:39.000000Z
2024,264.49282407407406,43.08039,-79.06888,2024-09-20T11:49:40.000000Z
2024,264.4928356481482,43.08039,-79.06887,2024-09-20T11:49:41.000000Z
2024,264.4928472222222,43.08039,-79.06887,2024-09-20T11:49:42.000000Z
2024,264.4928587962963,43.08039,-79.06887,2024-09-20T11:49:43.000000Z
2024,264.4928703703704,43.08039,-79.06887,2024-09-20T11:49:44.000000Z
2024,264.49288194444443,43.0804,-79.06887,2024-09-20T11:49:45.000000Z
2024,264.49289351851854,43.0804,-79.06887,2024-09-20T11:49:46.000000Z
2024,264.4929050925926,43.0804,-79.06888,2024-09-20T11:49:47.000000Z
2024,264.49291666666664,43.0804,-79.06888,2024-09-20T11:49:48.000000Z
2024,264.49292824074075,43.08039,-79.06888,2024-09-20T11:49:49.000000Z
2024,264.4929398148148,43.08039,-79.06888,2024-09-20T11:49:50.000000Z
2024,264.4929513888889,43.08039,-79.06888,2024-09-20T11:49:51.000000Z
2024,264.49296296296296,43.08039,-79.06889,2024-09-20T11:49:52.000000Z
2024,264.5031597222222,43.08039,-79.0687,2024-09-20T12:04:33.000000Z
2024,264.50317129629633,43.08042,-79.06867,2024-09-20T12:04:34.000000Z
2024,264.5031828703704,43.08044,-79.06864,2024-09-20T12:04:35.000000Z
2024,264.5031944444445,43.08045,-79.06864,2024-09-20T12:04:36.000000Z
2024,264.50320601851854,43.08046,-79.06863,2024-09-20T12:04:37.000000Z
2024,264.5032175925926,43.08047,-79.06862,2024-09-20T12:04:38.000000Z
2024,264.5032291666667,43.08047,-79.06862,2024-09-20T12:04:39.000000Z
2024,264.50324074074075,43.08048,-79.06861,2024-09-20T12:04:40.000000Z
2024,264.50325231481486,43.08048,-79.06861,2024-09-20T12:04:41.000000Z
2024,264.5032638888889,43.08049,-79.06861,2024-09-20T12:04:42.000000Z
2024,264.50327546296296,43.08049,-79.06861,2024-09-20T12:04:43.000000Z
2024,264.50328703703707,43.08049,-79.06861,2024-09-20T12:04:44.000000Z
2024,264.5032986111111,43.08049,-79.06861,2024-09-20T12:04:45.000000Z
2024,264.5033101851852,43.08049,-79.06861,2024-09-20T12:04:46.000000Z
2024,264.5033217592593,43.0805,-79.06861,2024-09-20T12:04:47.000000Z
2024,264.50333333333333,43.0805,-79.06861,2024-09-20T12:04:48.000000Z
2024,264.50334490740744,43.08051,-79.06861,2024-09-20T12:04:49.000000Z
2024,264.5033564814815,43.08052,-79.06861,2024-09-20T12:04:50.000000Z
2024,264.5033680555556,43.08052,-79.06861,2024-09-20T12:04:51.000000Z
2024,264.50337962962965,43.08053,-79.06861,2024-09-20T12:04:52.000000Z
2024,264.51357638888885,43.08021,-79.06915,2024-09-20T12:19:33.000000Z
2024,264.51358796296296,43.08022,-79.06919,2024-09-20T12:19:34.000000Z
2024,264.513599537037,43.08023,-79.06916,2024-09-20T12:19:35.000000Z
2024,264.5136111111111,43.08024,-79.06914,2024-09-20T12:19:36.000000Z
2024,264.51362268518517,43.08024,-79.06912,2024-09-20T12:19:37.000000Z
2024,264.5136342592592,43.08024,-79.06909,2024-09-20T12:19:38.000000Z
2024,264.5136458333333,43.08025,-79.06906,2024-09-20T12:19:39.000000Z
2024,264.5136574074074,43.08027,-79.06903,2024-09-20T12:19:40.000000Z
2024,264.5136689814815,43.08028,-79.069,2024-09-20T12:19:41.000000Z
2024,264.51368055555554,43.08029,-79.06899,2024-09-20T12:19:42.000000Z
2024,264.5136921296296,43.08029,-79.06898,2024-09-20T12:19:43.000000Z
2024,264.5137037037037,43.0803,-79.06897,2024-09-20T12:19:44.000000Z
2024,264.51371527777775,43.0803,-79.06897,2024-09-20T12:19:45.000000Z
2024,264.51372685185186,43.08031,-79.06897,2024-09-20T12:19:46.000000Z
2024,264.5137384259259,43.08031,-79.06897,2024-09-20T12:19:47.000000Z
2024,264.51374999999996,43.08029,-79.06902,2024-09-20T12:19:48.000000Z
2024,264.51376157407407,43.08029,-79.06906,2024-09-20T12:19:49.000000Z
2024,264.5137731481481,43.08028,-79.06908,2024-09-20T12:19:50.000000Z
2024,264.5137847222222,43.08028,-79.0691,2024-09-20T12:19:51.000000Z
2024,264.5137962962963,43.08028,-79.06912,2024-09-20T12:19:52.000000Z
2024,264.52399305555554,43.0803,-79.06897,2024-09-20T12:34:33.000000Z
2024,264.52400462962964,43.08029,-79.06897,2024-09-20T12:34:34.000000Z
2024,264.5240162037037,43.08028,-79.06897,2024-09-20T12:34:35.000000Z
2024,264.5240277777778,43.08028,-79.06898,2024-09-20T12:34:36.000000Z
2024,264.52403935185185,43.08028,-79.06898,2024-09-20T12:34:37.000000Z
2024,264.5240509259259,43.08028,-79.06899,2024-09-20T12:34:38.000000Z
2024,264.5240625,43.08028,-79.069,2024-09-20T12:34:39.000000Z
2024,264.52407407407406,43.08027,-79.069,2024-09-20T12:34:40.000000Z
2024,264.5240856481482,43.08027,-79.069,2024-09-20T12:34:41.000000Z
2024,264.5240972222222,43.08027,-79.06901,2024-09-20T12:34:42.000000Z
2024,264.5241087962963,43.08027,-79.06902,2024-09-20T12:34:43.000000Z
2024,264.5241203703704,43.08027,-79.06902,2024-09-20T12:34:44.000000Z
2024,264.52413194444443,43.08027,-79.06903,2024-09-20T12:34:45.000000Z
2024,264.52414351851854,43.08026,-79.06903,2024-09-20T12:34:46.000000Z
2024,264.5241550925926,43.08026,-79.06903,2024-09-20T12:34:47.000000Z
2024,264.52416666666664,43.08026,-79.06904,2024-09-20T12:34:48.000000Z
2024,264.52417824074075,43.08026,-79.06905,2024-09-20T12:34:49.000000Z
2024,264.5241898148148,43.08026,-79.06906,2024-09-20T12:34:50.000000Z
2024,264.5242013888889,43.08026,-79.06906,2024-09-20T12:34:51.000000Z
2024,264.52421296296296,43.08026,-79.06906,2024-09-20T12:34:52.000000Z
2024,264.5344328703704,43.08026,-79.06922,2024-09-20T12:49:35.000000Z
2024,264.5344444444445,43.08025,-79.0692,2024-09-20T12:49:36.000000Z
2024,264.53445601851854,43.08025,-79.06919,2024-09-20T12:49:37.000000Z
2024,264.5344675925926,43.08025,-79.06918,2024-09-20T12:49:38.000000Z
2024,264.5344791666667,43.08025,-79.06918,2024-09-20T12:49:39.000000Z
2024,264.53449074074075,43.08025,-79.06917,2024-09-20T12:49:40.000000Z
2024,264.53450231481486,43.08025,-79.06917,2024-09-20T12:49:41.000000Z
2024,264.5345138888889,43.08024,-79.06916,2024-09-20T12:49:42.000000Z
2024,264.53452546296296,43.08024,-79.06916,2024-09-20T12:49:43.000000Z
2024,264.53453703703707,43.08024,-79.06914,2024-09-20T12:49:44.000000Z
2024,264.5345486111111,43.08024,-79.06913,2024-09-20T12:49:45.000000Z
2024,264.5345601851852,43.08024,-79.06912,2024-09-20T12:49:46.000000Z
2024,264.5345717592593,43.08024,-79.06912,2024-09-20T12:49:47.000000Z
2024,264.53458333333333,43.08024,-79.06911,2024-09-20T12:49:48.000000Z
2024,264.53459490740744,43.08023,-79.06911,2024-09-20T12:49:49.000000Z
2024,264.5346064814815,43.08023,-79.06911,2024-09-20T12:49:50.000000Z
2024,264.5346180555556,43.08023,-79.06911,2024-09-20T12:49:51.000000Z
2024,264.53462962962965,43.08023,-79.06911,2024-09-20T12:49:52.000000Z
2024,264.5346412037037,43.08023,-79.06911,2024-09-20T12:49:53.000000Z
2024,264.5346527777778,43.08023,-79.06912,2024-09-20T12:49:54.000000Z
2024,264.5448263888889,43.0804,-79.06884,2024-09-20T13:04:33.000000Z
2024,264.544837962963,43.0804,-79.06884,2024-09-20T13:04:34.000000Z
2024,264.54484953703707,43.08039,-79.06884,2024-09-20T13:04:35.000000Z
2024,264.5448611111112,43.08039,-79.06886,2024-09-20T13:04:36.000000Z
2024,264.5448726851852,43.08038,-79.06887,2024-09-20T13:04:37.000000Z
2024,264.5448842592593,43.08038,-79.06888,2024-09-20T13:04:38.000000Z
2024,264.5448958333334,43.08038,-79.06889,2024-09-20T13:04:39.000000Z
2024,264.54490740740744,43.08038,-79.0689,2024-09-20T13:04:40.000000Z
2024,264.54491898148154,43.08037,-79.0689,2024-09-20T13:04:41.000000Z
2024,264.5449305555556,43.08037,-79.06891,2024-09-20T13:04:42.000000Z
2024,264.54494212962965,43.08037,-79.06891,2024-09-20T13:04:43.000000Z
2024,264.54495370370375,43.08037,-79.06892,2024-09-20T13:04:44.000000Z
2024,264.5449652777778,43.08037,-79.06893,2024-09-20T13:04:45.000000Z
2024,264.5449768518519,43.08036,-79.06893,2024-09-20T13:04:46.000000Z
2024,264.54498842592596,43.08036,-79.06894,2024-09-20T13:04:47.000000Z
2024,264.545,43.08036,-79.06894,2024-09-20T13:04:48.000000Z
2024,264.5450115740741,43.08036,-79.06894,2024-09-20T13:04:49.000000Z
2024,264.5450231481482,43.08035,-79.06894,2024-09-20T13:04:50.000000Z
2024,264.5450347222223,43.08035,-79.06894,2024-09-20T13:04:51.000000Z
2024,264.54504629629633,43.08036,-79.06893,2024-09-20T13:04:52.000000Z
2024,264.55524305555554,43.08026,-79.06902,2024-09-20T13:19:33.000000Z
2024,264.55525462962964,43.08021,-79.06908,2024-09-20T13:19:34.000000Z
2024,264.5552662037037,43.08021,-79.06906,2024-09-20T13:19:35.000000Z
2024,264.5552777777778,43.08023,-79.06906,2024-09-20T13:19:36.000000Z
2024,264.55528935185185,43.08023,-79.06906,2024-09-20T13:19:37.000000Z
2024,264.5553009259259,43.08024,-79.06906,2024-09-20T13:19:38.000000Z
2024,264.5553125,43.08024,-79.06906,2024-09-20T13:19:39.000000Z
2024,264.55532407407406,43.08024,-79.06905,2024-09-20T13:19:40.000000Z
2024,264.5553356481482,43.08026,-79.06903,2024-09-20T13:19:41.000000Z
2024,264.5553472222222,43.08027,-79.06901,2024-09-20T13:19:42.000000Z
2024,264.5553587962963,43.08027,-79.069,2024-09-20T13:19:43.000000Z
2024,264.5553703703704,43.08028,-79.069,2024-09-20T13:19:44.000000Z
2024,264.55538194444443,43.08028,-79.06899,2024-09-20T13:19:45.000000Z
2024,264.55539351851854,43.08028,-79.06898,2024-09-20T13:19:46.000000Z
2024,264.5554050925926,43.08028,-79.06898,2024-09-20T13:19:47.000000Z
2024,264.55541666666664,43.08028,-79.06898,2024-09-20T13:19:48.000000Z
2024,264.55542824074075,43.08027,-79.06897,2024-09-20T13:19:49.000000Z
2024,264.5554398148148,43.08027,-79.06897,2024-09-20T13:19:50.000000Z
2024,264.5554513888889,43.08027,-79.06897,2024-09-20T13:19:51.000000Z
2024,264.55546296296296,43.08027,-79.06896,2024-09-20T13:19:52.000000Z
2024,264.5656597222222,43.0802,-79.06913,2024-09-20T13:34:33.000000Z
2024,264.56567129629633,43.0802,-79.06913,2024-09-20T13:34:34.000000Z
2024,264.5656828703704,43.0802,-79.06913,2024-09-20T13:34:35.000000Z
2024,264.5656944444445,43.0802,-79.06912,2024-09-20T13:34:36.000000Z
2024,264.56570601851854,43.0802,-79.06913,2024-09-20T13:34:37.000000Z
2024,264.5657175925926,43.0802,-79.06913,2024-09-20T13:34:38.000000Z
2024,264.5657291666667,43.0802,-79.06913,2024-09-20T13:34:39.000000Z
2024,264.56574074074075,43.0802,-79.06912,2024-09-20T13:34:40.000000Z
2024,264.56575231481486,43.0802,-79.06912,2024-09-20T13:34:41.000000Z
2024,264.5657638888889,43.0802,-79.0691,2024-09-20T13:34:42.000000Z
2024,264.56577546296296,43.0802,-79.06909,2024-09-20T13:34:43.000000Z
2024,264.56578703703707,43.0802,-79.06909,2024-09-20T13:34:44.000000Z
2024,264.5657986111111,43.08021,-79.06908,2024-09-20T13:34:45.000000Z
2024,264.5658101851852,43.08021,-79.06908,2024-09-20T13:34:46.000000Z
2024,264.5658217592593,43.08021,-79.06908,2024-09-20T13:34:47.000000Z
2024,264.56583333333333,43.08021,-79.06908,2024-09-20T13:34:48.000000Z
2024,264.56584490740744,43.08021,-79.06907,2024-09-20T13:34:49.000000Z
2024,264.5658564814815,43.0802,-79.06907,2024-09-20T13:34:50.000000Z
2024,264.5658680555556,43.0802,-79.06907,2024-09-20T13:34:51.000000Z
2024,264.56587962962965,43.0802,-79.06908,2024-09-20T13:34:52.000000Z
2024,264.5760763888889,43.08032,-79.06896,2024-09-20T13:49:33.000000Z
2024,264.576087962963,43.08031,-79.06896,2024-09-20T13:49:34.000000Z
2024,264.57609953703707,43.08031,-79.06896,2024-09-20T13:49:35.000000Z
2024,264.5761111111112,43.08031,-79.06896,2024-09-20T13:49:36.000000Z
2024,264.5761226851852,43.08031,-79.06896,2024-09-20T13:49:37.000000Z
2024,264.5761342592593,43.08031,-79.06897,2024-09-20T13:49:38.000000Z
2024,264.5761458333334,43.08031,-79.06898,2024-09-20T13:49:39.000000Z
2024,264.57615740740744,43.0803,-79.06899,2024-09-20T13:49:40.000000Z
2024,264.57616898148154,43.08029,-79.06899,2024-09-20T13:49:41.000000Z
2024,264.5761805555556,43.08028,-79.069,2024-09-20T13:49:42.000000Z
2024,264.57619212962965,43.08028,-79.069,2024-09-20T13:49:43.000000Z
2024,264.57620370370375,43.08027,-79.06902,2024-09-20T13:49:44.000000Z
2024,264.5762152777778,43.08026,-79.06903,2024-09-20T13:49:45.000000Z
2024,264.5762268518519,43.08026,-79.06903,2024-09-20T13:49:46.000000Z
2024,264.57623842592596,43.08026,-79.06904,2024-09-20T13:49:47.000000Z
2024,264.57625,43.08026,-79.06904,2024-09-20T13:49:48.000000Z
2024,264.5762615740741,43.08025,-79.06904,2024-09-20T13:49:49.000000Z
2024,264.5762731481482,43.08025,-79.06904,2024-09-20T13:49:50.000000Z
2024,264.5762847222223,43.08025,-79.06904,2024-09-20T13:49:51.000000Z
2024,264.57629629629633,43.08025,-79.06904,2024-09-20T13:49:52.000000Z
2024,264.58649305555554,43.08032,-79.06909,2024-09-20T14:04:33.000000Z
2024,264.58650462962964,43.08032,-79.06909,2024-09-20T14:04:34.000000Z
2024,264.5865162037037,43.08032,-79.06909,2024-09-20T14:04:35.000000Z
2024,264.5865277777778,43.08032,-79.06909,2024-09-20T14:04:36.000000Z
2024,264.58653935185185,43.08031,-79.06909,2024-09-20T14:04:37.000000Z
2024,264.5865509259259,43.08031,-79.06909,2024-09-20T14:04:38.000000Z
2024,264.5865625,43.08031,-79.06909,2024-09-20T14:04:39.000000Z
2024,264.58657407407406,43.08031,-79.06909,2024-09-20T14:04:40.000000Z
2024,264.5865856481482,43.08032,-79.06909,2024-09-20T14:04:41.000000Z
2024,264.5865972222222,43.08032,-79.06909,2024-09-20T14:04:42.000000Z
2024,264.5866087962963,43.08033,-79.06909,2024-09-20T14:04:43.000000Z
2024,264.5866203703704,43.08033,-79.06908,2024-09-20T14:04:44.000000Z
2024,264.58663194444443,43.08033,-79.06908,2024-09-20T14:04:45.000000Z
2024,264.58664351851854,43.08034,-79.06907,2024-09-20T14:04:46.000000Z
2024,264.5866550925926,43.08034,-79.06907,2024-09-20T14:04:47.000000Z
2024,264.58666666666664,43.08034,-79.06906,2024-09-20T14:04:48.000000Z
2024,264.58667824074075,43.08035,-79.06906,2024-09-20T14:04:49.000000Z
2024,264.5866898148148,43.08035,-79.06906,2024-09-20T14:04:50.000000Z
2024,264.5867013888889,43.08036,-79.06906,2024-09-20T14:04:51.000000Z
2024,264.58671296296296,43.08036,-79.06906,2024-09-20T14:04:52.000000Z
2024,264.59690972222216,43.08036,-79.06901,2024-09-20T14:19:33.000000Z
2024,264.5969212962963,43.08036,-79.06902,2024-09-20T14:19:34.000000Z
2024,264.5969328703703,43.08036,-79.06903,2024-09-20T14:19:35.000000Z
2024,264.59694444444443,43.08036,-79.06903,2024-09-20T14:19:36.000000Z
2024,264.5969560185185,43.08035,-79.06903,2024-09-20T14:19:37.000000Z
2024,264.59696759259253,43.08034,-79.06903,2024-09-20T14:19:38.000000Z
2024,264.59697916666664,43.08034,-79.06902,2024-09-20T14:19:39.000000Z
2024,264.5969907407407,43.08032,-79.06904,2024-09-20T14:19:40.000000Z
2024,264.5970023148148,43.08031,-79.06904,2024-09-20T14:19:41.000000Z
2024,264.59701388888885,43.08031,-79.06904,2024-09-20T14:19:42.000000Z
2024,264.5970254629629,43.08031,-79.06904,2024-09-20T14:19:43.000000Z
2024,264.597037037037,43.08031,-79.06903,2024-09-20T14:19:44.000000Z
2024,264.59704861111106,43.08031,-79.06903,2024-09-20T14:19:45.000000Z
2024,264.59706018518517,43.08032,-79.06903,2024-09-20T14:19:46.000000Z
2024,264.5970717592592,43.08032,-79.06903,2024-09-20T14:19:47.000000Z
2024,264.5970833333333,43.08032,-79.06904,2024-09-20T14:19:48.000000Z
2024,264.5970949074074,43.08032,-79.06904,2024-09-20T14:19:49.000000Z
2024,264.59710648148143,43.08033,-79.06904,2024-09-20T14:19:50.000000Z
2024,264.59711805555554,43.08033,-79.06904,2024-09-20T14:19:51.000000Z
2024,264.5971296296296,43.08034,-79.06905,2024-09-20T14:19:52.000000Z
2024,264.6073611111111,43.08036,-79.06902,2024-09-20T14:34:36.000000Z
2024,264.60737268518517,43.08036,-79.06903,2024-09-20T14:34:37.000000Z
2024,264.6073842592592,43.08037,-79.06903,2024-09-20T14:34:38.000000Z
2024,264.6073958333333,43.08037,-79.06903,2024-09-20T14:34:39.000000Z
2024,264.6074074074074,43.08037,-79.06903,2024-09-20T14:34:40.000000Z
2024,264.6074189814815,43.08037,-79.06903,2024-09-20T14:34:41.000000Z
2024,264.60743055555554,43.08037,-79.06903,2024-09-20T14:34:42.000000Z
2024,264.6074421296296,43.08038,-79.06903,2024-09-20T14:34:43.000000Z
2024,264.6074537037037,43.08038,-79.06903,2024-09-20T14:34:44.000000Z
2024,264.60746527777775,43.08038,-79.06903,2024-09-20T14:34:45.000000Z
2024,264.60747685185186,43.08038,-79.06903,2024-09-20T14:34:46.000000Z
2024,264.6074884259259,43.08038,-79.06903,2024-09-20T14:34:47.000000Z
2024,264.60749999999996,43.08038,-79.06903,2024-09-20T14:34:48.000000Z
2024,264.60751157407407,43.08038,-79.06903,2024-09-20T14:34:49.000000Z
2024,264.6075231481481,43.08038,-79.06903,2024-09-20T14:34:50.000000Z
2024,264.6075347222222,43.08039,-79.06903,2024-09-20T14:34:51.000000Z
2024,264.6075462962963,43.08039,-79.06903,2024-09-20T14:34:52.000000Z
2024,264.60755787037033,43.08039,-79.06903,2024-09-20T14:34:53.000000Z
2024,264.6178356481482,43.08033,-79.06903,2024-09-20T14:49:41.000000Z
2024,264.6178472222222,43.08033,-79.06903,2024-09-20T14:49:42.000000Z
2024,264.6178587962963,43.08034,-79.06903,2024-09-20T14:49:43.000000Z
2024,264.6178703703704,43.08033,-79.06903,2024-09-20T14:49:44.000000Z
2024,264.61788194444443,43.08033,-79.06904,2024-09-20T14:49:45.000000Z
2024,264.61789351851854,43.08033,-79.06904,2024-09-20T14:49:46.000000Z
2024,264.6179050925926,43.08033,-79.06904,2024-09-20T14:49:47.000000Z
2024,264.61791666666664,43.08034,-79.06904,2024-09-20T14:49:48.000000Z
2024,264.61792824074075,43.08034,-79.06904,2024-09-20T14:49:49.000000Z
2024,264.6179398148148,43.08034,-79.06903,2024-09-20T14:49:50.000000Z
2024,264.6179513888889,43.08034,-79.06903,2024-09-20T14:49:51.000000Z
2024,264.61796296296296,43.08034,-79.06903,2024-09-20T14:49:52.000000Z
2024,264.617974537037,43.08034,-79.06903,2024-09-20T14:49:53.000000Z
2024,264.6179861111111,43.08034,-79.06903,2024-09-20T14:49:54.000000Z
2024,264.6179976851852,43.08035,-79.06901,2024-09-20T14:49:55.000000Z
2024,264.6180092592593,43.08034,-79.069,2024-09-20T14:49:56.000000Z
2024,264.61802083333333,43.08034,-79.06899,2024-09-20T14:49:57.000000Z
2024,264.6180324074074,43.08033,-79.06899,2024-09-20T14:49:58.000000Z
2024,264.6180439814815,43.08033,-79.06898,2024-09-20T14:49:59.000000Z
2024,264.61805555555554,43.08032,-79.06898,2024-09-20T14:50:00.000000Z
2024,264.6281828703704,43.08041,-79.06912,2024-09-20T15:04:35.000000Z
2024,264.6281944444445,43.08041,-79.06912,2024-09-20T15:04:36.000000Z
2024,264.62820601851854,43.08041,-79.06912,2024-09-20T15:04:37.000000Z
2024,264.6282175925926,43.08041,-79.06912,2024-09-20T15:04:38.000000Z
2024,264.6282291666667,43.08041,-79.06912,2024-09-20T15:04:39.000000Z
2024,264.62824074074075,43.08041,-79.06912,2024-09-20T15:04:40.000000Z
2024,264.62825231481486,43.08041,-79.06912,2024-09-20T15:04:41.000000Z
2024,264.6282638888889,43.08041,-79.06912,2024-09-20T15:04:42.000000Z
2024,264.62827546296296,43.08042,-79.06912,2024-09-20T15:04:43.000000Z
2024,264.62828703703707,43.08042,-79.06912,2024-09-20T15:04:44.000000Z
2024,264.6282986111111,43.08041,-79.06912,2024-09-20T15:04:45.000000Z
2024,264.6283101851852,43.08041,-79.06911,2024-09-20T15:04:46.000000Z
2024,264.62833333333333,43.08041,-79.0691,2024-09-20T15:04:48.000000Z
2024,264.62834490740744,43.08041,-79.0691,2024-09-20T15:04:49.000000Z
2024,264.6283564814815,43.08041,-79.06909,2024-09-20T15:04:50.000000Z
2024,264.6283680555556,43.08041,-79.06909,2024-09-20T15:04:51.000000Z
2024,264.62837962962965,43.08041,-79.06909,2024-09-20T15:04:52.000000Z
2024,264.6283912037037,43.08041,-79.06909,2024-09-20T15:04:53.000000Z
2024,264.638599537037,43.08033,-79.06903,2024-09-20T15:19:35.000000Z
2024,264.6386111111111,43.08033,-79.06903,2024-09-20T15:19:36.000000Z
2024,264.63862268518517,43.08033,-79.06902,2024-09-20T15:19:37.000000Z
2024,264.6386342592592,43.08033,-79.06903,2024-09-20T15:19:38.000000Z
2024,264.6386458333333,43.08033,-79.06903,2024-09-20T15:19:39.000000Z
2024,264.6386574074074,43.08034,-79.06903,2024-09-20T15:19:40.000000Z
2024,264.6386689814815,43.08034,-79.06903,2024-09-20T15:19:41.000000Z
2024,264.63868055555554,43.08034,-79.06902,2024-09-20T15:19:42.000000Z
2024,264.6386921296296,43.08034,-79.06902,2024-09-20T15:19:43.000000Z
2024,264.6387037037037,43.08034,-79.06902,2024-09-20T15:19:44.000000Z
2024,264.63871527777775,43.08034,-79.06901,2024-09-20T15:19:45.000000Z
2024,264.63872685185186,43.08034,-79.06901,2024-09-20T15:19:46.000000Z
2024,264.6387384259259,43.08034,-79.06902,2024-09-20T15:19:47.000000Z
2024,264.63874999999996,43.08034,-79.06902,2024-09-20T15:19:48.000000Z
2024,264.63876157407407,43.08034,-79.06902,2024-09-20T15:19:49.000000Z
2024,264.6387731481481,43.08034,-79.06902,2024-09-20T15:19:50.000000Z
2024,264.6387847222222,43.08034,-79.06902,2024-09-20T15:19:51.000000Z
2024,264.6387962962963,43.08034,-79.06903,2024-09-20T15:19:52.000000Z
2024,264.63880787037033,43.08034,-79.06903,2024-09-20T15:19:53.000000Z
2024,264.6490162037037,43.08037,-79.06903,2024-09-20T15:34:35.000000Z
2024,264.6490277777778,43.08037,-79.06904,2024-09-20T15:34:36.000000Z
2024,264.64903935185185,43.08037,-79.06904,2024-09-20T15:34:37.000000Z
2024,264.6490509259259,43.08037,-79.06904,2024-09-20T15:34:38.000000Z
2024,264.6490625,43.08037,-79.06904,2024-09-20T15:34:39.000000Z
2024,264.64907407407406,43.08037,-79.06904,2024-09-20T15:34:40.000000Z
2024,264.6490856481482,43.08037,-79.06904,2024-09-20T15:34:41.000000Z
2024,264.6490972222222,43.08037,-79.06905,2024-09-20T15:34:42.000000Z
2024,264.6491087962963,43.08037,-79.06906,2024-09-20T15:34:43.000000Z
2024,264.6491203703704,43.08037,-79.06906,2024-09-20T15:34:44.000000Z
2024,264.64913194444443,43.08037,-79.06906,2024-09-20T15:34:45.000000Z
2024,264.64914351851854,43.08037,-79.06906,2024-09-20T15:34:46.000000Z
2024,264.6491550925926,43.08037,-79.06906,2024-09-20T15:34:47.000000Z
2024,264.64916666666664,43.08037,-79.06906,2024-09-20T15:34:48.000000Z
2024,264.64917824074075,43.08037,-79.06906,2024-09-20T15:34:49.000000Z
2024,264.6491898148148,43.08037,-79.06906,2024-09-20T15:34:50.000000Z
2024,264.6492013888889,43.08037,-79.06906,2024-09-20T15:34:51.000000Z
2024,264.64921296296296,43.08036,-79.06906,2024-09-20T15:34:52.000000Z
2024,264.649224537037,43.08036,-79.06906,2024-09-20T15:34:53.000000Z
2024,264.6594328703704,43.08034,-79.06907,2024-09-20T15:49:35.000000Z
2024,264.6594444444445,43.08034,-79.06908,2024-09-20T15:49:36.000000Z
2024,264.65945601851854,43.08034,-79.06908,2024-09-20T15:49:37.000000Z
2024,264.6594675925926,43.08033,-79.06908,2024-09-20T15:49:38.000000Z
2024,264.6594791666667,43.08034,-79.06909,2024-09-20T15:49:39.000000Z
2024,264.65949074074075,43.08036,-79.06912,2024-09-20T15:49:40.000000Z
2024,264.65950231481486,43.08036,-79.06912,2024-09-20T15:49:41.000000Z
2024,264.6595138888889,43.08037,-79.06913,2024-09-20T15:49:42.000000Z
2024,264.65952546296296,43.08036,-79.06912,2024-09-20T15:49:43.000000Z
2024,264.65953703703707,43.08036,-79.06912,2024-09-20T15:49:44.000000Z
2024,264.6595486111111,43.08037,-79.06912,2024-09-20T15:49:45.000000Z
2024,264.6595601851852,43.08037,-79.06912,2024-09-20T15:49:46.000000Z
2024,264.6595717592593,43.08038,-79.06912,2024-09-20T15:49:47.000000Z
2024,264.65958333333333,43.08039,-79.06913,2024-09-20T15:49:48.000000Z
2024,264.65959490740744,43.08039,-79.06914,2024-09-20T15:49:49.000000Z
2024,264.6596064814815,43.0804,-79.06914,2024-09-20T15:49:50.000000Z
2024,264.6596180555556,43.0804,-79.06915,2024-09-20T15:49:51.000000Z
2024,264.65962962962965,43.08041,-79.06915,2024-09-20T15:49:52.000000Z
2024,264.6596412037037,43.08041,-79.06915,2024-09-20T15:49:53.000000Z
2024,264.66984953703707,43.08034,-79.06888,2024-09-20T16:04:35.000000Z
2024,264.6698611111112,43.08034,-79.06887,2024-09-20T16:04:36.000000Z
2024,264.6698726851852,43.08034,-79.06887,2024-09-20T16:04:37.000000Z
2024,264.6698842592593,43.08034,-79.06887,2024-09-20T16:04:38.000000Z
2024,264.6698958333334,43.08034,-79.06888,2024-09-20T16:04:39.000000Z
2024,264.66990740740744,43.08033,-79.06889,2024-09-20T16:04:40.000000Z
2024,264.66991898148154,43.08032,-79.0689,2024-09-20T16:04:41.000000Z
2024,264.6699305555556,43.08032,-79.0689,2024-09-20T16:04:42.000000Z
2024,264.66994212962965,43.08032,-79.06889,2024-09-20T16:04:43.000000Z
2024,264.66995370370375,43.08032,-79.06889,2024-09-20T16:04:44.000000Z
2024,264.6699652777778,43.08032,-79.06889,2024-09-20T16:04:45.000000Z
2024,264.6699768518519,43.08032,-79.06889,2024-09-20T16:04:46.000000Z
2024,264.66998842592596,43.08031,-79.06889,2024-09-20T16:04:47.000000Z
2024,264.67,43.08031,-79.06889,2024-09-20T16:04:48.000000Z
2024,264.6700115740741,43.08031,-79.0689,2024-09-20T16:04:49.000000Z
2024,264.6700231481482,43.08031,-79.06889,2024-09-20T16:04:50.000000Z
2024,264.6700347222223,43.08031,-79.06889,2024-09-20T16:04:51.000000Z
2024,264.67004629629633,43.08031,-79.06889,2024-09-20T16:04:52.000000Z
2024,264.6700578703704,43.08031,-79.0689,2024-09-20T16:04:53.000000Z
2024,264.6802662037037,43.08033,-79.06906,2024-09-20T16:19:35.000000Z
2024,264.6802777777778,43.08033,-79.06905,2024-09-20T16:19:36.000000Z
2024,264.68028935185185,43.08034,-79.06905,2024-09-20T16:19:37.000000Z
2024,264.6803009259259,43.08034,-79.06904,2024-09-20T16:19:38.000000Z
2024,264.6803125,43.08034,-79.06903,2024-09-20T16:19:39.000000Z
2024,264.68032407407406,43.08034,-79.06903,2024-09-20T16:19:40.000000Z
2024,264.6803356481482,43.08034,-79.06901,2024-09-20T16:19:41.000000Z
2024,264.6803472222222,43.08034,-79.06901,2024-09-20T16:19:42.000000Z
2024,264.6803587962963,43.08034,-79.069,2024-09-20T16:19:43.000000Z
2024,264.6803703703704,43.08034,-79.06899,2024-09-20T16:19:44.000000Z
2024,264.68038194444443,43.08034,-79.06899,2024-09-20T16:19:45.000000Z
2024,264.68039351851854,43.08034,-79.06898,2024-09-20T16:19:46.000000Z
2024,264.6804050925926,43.08034,-79.06899,2024-09-20T16:19:47.000000Z
2024,264.68041666666664,43.08034,-79.069,2024-09-20T16:19:48.000000Z
2024,264.68042824074075,43.08034,-79.069,2024-09-20T16:19:49.000000Z
2024,264.6804398148148,43.08034,-79.069,2024-09-20T16:19:50.000000Z
2024,264.6804513888889,43.08035,-79.069,2024-09-20T16:19:51.000000Z
2024,264.68046296296296,43.08035,-79.06901,2024-09-20T16:19:52.000000Z
2024,264.680474537037,43.08035,-79.06901,2024-09-20T16:19:53.000000Z
2024,264.6906828703704,43.08037,-79.0689,2024-09-20T16:34:35.000000Z
2024,264.6906944444445,43.08037,-79.06891,2024-09-20T16:34:36.000000Z
2024,264.69070601851854,43.08036,-79.06893,2024-09-20T16:34:37.000000Z
2024,264.6907175925926,43.08036,-79.06892,2024-09-20T16:34:38.000000Z
2024,264.6907291666667,43.08035,-79.06892,2024-09-20T16:34:39.000000Z
2024,264.69074074074075,43.08034,-79.06892,2024-09-20T16:34:40.000000Z
2024,264.69075231481486,43.08034,-79.06892,2024-09-20T16:34:41.000000Z
2024,264.6907638888889,43.08034,-79.06891,2024-09-20T16:34:42.000000Z
2024,264.69077546296296,43.08033,-79.0689,2024-09-20T16:34:43.000000Z
2024,264.69078703703707,43.08033,-79.06888,2024-09-20T16:34:44.000000Z
2024,264.6907986111111,43.08034,-79.06887,2024-09-20T16:34:45.000000Z
2024,264.6908101851852,43.08033,-79.06886,2024-09-20T16:34:46.000000Z
2024,264.6908217592593,43.08033,-79.06886,2024-09-20T16:34:47.000000Z
2024,264.69083333333333,43.08033,-79.06885,2024-09-20T16:34:48.000000Z
2024,264.69084490740744,43.08033,-79.06885,2024-09-20T16:34:49.000000Z
2024,264.6908564814815,43.08033,-79.06885,2024-09-20T16:34:50.000000Z
2024,264.6908680555556,43.08033,-79.06885,2024-09-20T16:34:51.000000Z
2024,264.69087962962965,43.08033,-79.06885,2024-09-20T16:34:52.000000Z
2024,264.6908912037037,43.08033,-79.06885,2024-09-20T16:34:53.000000Z
2024,264.70109953703707,43.08035,-79.0688,2024-09-20T16:49:35.000000Z
2024,264.7011111111112,43.08035,-79.06879,2024-09-20T16:49:36.000000Z
2024,264.7011226851852,43.08034,-79.06878,2024-09-20T16:49:37.000000Z
2024,264.7011342592593,43.08033,-79.06877,2024-09-20T16:49:38.000000Z
2024,264.7011458333334,43.08033,-79.06877,2024-09-20T16:49:39.000000Z
2024,264.70115740740744,43.08034,-79.06887,2024-09-20T16:49:40.000000Z
2024,264.70116898148154,43.08034,-79.06891,2024-09-20T16:49:41.000000Z
2024,264.7011805555556,43.08034,-79.06895,2024-09-20T16:49:42.000000Z
2024,264.70119212962965,43.08034,-79.06897,2024-09-20T16:49:43.000000Z
2024,264.70120370370375,43.08034,-79.06898,2024-09-20T16:49:44.000000Z
2024,264.7012152777778,43.08034,-79.06898,2024-09-20T16:49:45.000000Z
2024,264.7012268518519,43.08034,-79.06898,2024-09-20T16:49:46.000000Z
2024,264.70123842592596,43.08034,-79.06899,2024-09-20T16:49:47.000000Z
2024,264.70125,43.08034,-79.06899,2024-09-20T16:49:48.000000Z
2024,264.7012615740741,43.08034,-79.06898,2024-09-20T16:49:49.000000Z
2024,264.7012731481482,43.08034,-79.06898,2024-09-20T16:49:50.000000Z
2024,264.7012847222223,43.08034,-79.06897,2024-09-20T16:49:51.000000Z
2024,264.70129629629633,43.08034,-79.06897,2024-09-20T16:49:52.000000Z
2024,264.7013078703704,43.08035,-79.06896,2024-09-20T16:49:53.000000Z
2024,264.7115162037037,43.08028,-79.06895,2024-09-20T17:04:35.000000Z
2024,264.7115277777778,43.08028,-79.06894,2024-09-20T17:04:36.000000Z
2024,264.71153935185185,43.08028,-79.06895,2024-09-20T17:04:37.000000Z
2024,264.7115509259259,43.08028,-79.06895,2024-09-20T17:04:38.000000Z
2024,264.7115625,43.08028,-79.06895,2024-09-20T17:04:39.000000Z
2024,264.71157407407406,43.08028,-79.06895,2024-09-20T17:04:40.000000Z
2024,264.7115856481482,43.08028,-79.06895,2024-09-20T17:04:41.000000Z
2024,264.7115972222222,43.08028,-79.06896,2024-09-20T17:04:42.000000Z
2024,264.7116087962963,43.08028,-79.06896,2024-09-20T17:04:43.000000Z
2024,264.7116203703704,43.08029,-79.06897,2024-09-20T17:04:44.000000Z
2024,264.71163194444443,43.0803,-79.06898,2024-09-20T17:04:45.000000Z
2024,264.71164351851854,43.08031,-79.06899,2024-09-20T17:04:46.000000Z
2024,264.7116550925926,43.08031,-79.06899,2024-09-20T17:04:47.000000Z
2024,264.71166666666664,43.08032,-79.069,2024-09-20T17:04:48.000000Z
2024,264.71167824074075,43.08033,-79.069,2024-09-20T17:04:49.000000Z
2024,264.7116898148148,43.08034,-79.06901,2024-09-20T17:04:50.000000Z
2024,264.7117013888889,43.08034,-79.06901,2024-09-20T17:04:51.000000Z
2024,264.71171296296296,43.08035,-79.06902,2024-09-20T17:04:52.000000Z
2024,264.711724537037,43.08036,-79.06903,2024-09-20T17:04:53.000000Z
2024,264.7219212962963,43.08045,-79.06898,2024-09-20T17:19:34.000000Z
2024,264.7219328703703,43.08045,-79.06897,2024-09-20T17:19:35.000000Z
2024,264.72194444444443,43.08045,-79.06896,2024-09-20T17:19:36.000000Z
2024,264.7219560185185,43.08045,-79.06896,2024-09-20T17:19:37.000000Z
2024,264.72196759259253,43.08045,-79.06896,2024-09-20T17:19:38.000000Z
2024,264.72197916666664,43.08045,-79.06896,2024-09-20T17:19:39.000000Z
2024,264.7219907407407,43.08044,-79.06896,2024-09-20T17:19:40.000000Z
2024,264.7220023148148,43.08044,-79.06896,2024-09-20T17:19:41.000000Z
2024,264.72201388888885,43.08043,-79.06896,2024-09-20T17:19:42.000000Z
2024,264.7220254629629,43.08043,-79.06896,2024-09-20T17:19:43.000000Z
2024,264.722037037037,43.08042,-79.06896,2024-09-20T17:19:44.000000Z
2024,264.72204861111106,43.08042,-79.06896,2024-09-20T17:19:45.000000Z
2024,264.72206018518517,43.08042,-79.06896,2024-09-20T17:19:46.000000Z
2024,264.7220717592592,43.08042,-79.06896,2024-09-20T17:19:47.000000Z
2024,264.7220833333333,43.08042,-79.06896,2024-09-20T17:19:48.000000Z
2024,264.7220949074074,43.08041,-79.06896,2024-09-20T17:19:49.000000Z
2024,264.72210648148143,43.08041,-79.06896,2024-09-20T17:19:50.000000Z
2024,264.72211805555554,43.0804,-79.06896,2024-09-20T17:19:51.000000Z
2024,264.7221296296296,43.08039,-79.06897,2024-09-20T17:19:52.000000Z
2024,264.732349537037,43.08026,-79.06896,2024-09-20T17:34:35.000000Z
2024,264.7323611111111,43.08034,-79.06894,2024-09-20T17:34:36.000000Z
2024,264.73237268518517,43.08036,-79.06895,2024-09-20T17:34:37.000000Z
2024,264.7323842592592,43.08036,-79.06896,2024-09-20T17:34:38.000000Z
2024,264.7323958333333,43.08037,-79.06896,2024-09-20T17:34:39.000000Z
2024,264.7324074074074,43.08036,-79.06897,2024-09-20T17:34:40.000000Z
2024,264.7324189814815,43.08035,-79.06897,2024-09-20T17:34:41.000000Z
2024,264.73243055555554,43.08035,-79.06898,2024-09-20T17:34:42.000000Z
2024,264.7324421296296,43.08034,-79.06899,2024-09-20T17:34:43.000000Z
2024,264.7324537037037,43.08034,-79.069,2024-09-20T17:34:44.000000Z
2024,264.73246527777775,43.08034,-79.069,2024-09-20T17:34:45.000000Z
2024,264.73247685185186,43.08034,-79.06901,2024-09-20T17:34:46.000000Z
2024,264.7324884259259,43.08033,-79.06902,2024-09-20T17:34:47.000000Z
2024,264.73249999999996,43.08033,-79.06902,2024-09-20T17:34:48.000000Z
2024,264.73251157407407,43.08033,-79.06902,2024-09-20T17:34:49.000000Z
2024,264.7325231481481,43.08034,-79.06902,2024-09-20T17:34:50.000000Z
2024,264.7325347222222,43.08034,-79.06902,2024-09-20T17:34:51.000000Z
2024,264.7325462962963,43.08034,-79.06902,2024-09-20T17:34:52.000000Z
2024,264.73255787037033,43.08034,-79.06902,2024-09-20T17:34:53.000000Z
2024,264.73256944444444,43.08034,-79.06902,2024-09-20T17:34:54.000000Z
2024,264.7427662037037,43.08045,-79.0688,2024-09-20T17:49:35.000000Z
2024,264.7427777777778,43.08044,-79.06881,2024-09-20T17:49:36.000000Z
2024,264.74278935185185,43.08042,-79.06883,2024-09-20T17:49:37.000000Z
2024,264.7428009259259,43.08039,-79.06885,2024-09-20T17:49:38.000000Z
2024,264.7428125,43.08038,-79.06887,2024-09-20T17:49:39.000000Z
2024,264.74282407407406,43.08038,-79.0689,2024-09-20T17:49:40.000000Z
2024,264.7428356481482,43.08037,-79.06892,2024-09-20T17:49:41.000000Z
2024,264.7428472222222,43.08037,-79.06894,2024-09-20T17:49:42.000000Z
2024,264.7428587962963,43.08037,-79.06895,2024-09-20T17:49:43.000000Z
2024,264.7428703703704,43.08037,-79.06895,2024-09-20T17:49:44.000000Z
2024,264.74288194444443,43.08037,-79.06895,2024-09-20T17:49:45.000000Z
2024,264.74289351851854,43.08038,-79.06895,2024-09-20T17:49:46.000000Z
2024,264.7429050925926,43.08039,-79.06894,2024-09-20T17:49:47.000000Z
2024,264.74291666666664,43.08039,-79.06894,2024-09-20T17:49:48.000000Z
2024,264.74292824074075,43.08042,-79.06891,2024-09-20T17:49:49.000000Z
2024,264.7429398148148,43.08044,-79.06889,2024-09-20T17:49:50.000000Z
2024,264.7429513888889,43.08045,-79.06888,2024-09-20T17:49:51.000000Z
2024,264.74296296296296,43.08046,-79.06887,2024-09-20T17:49:52.000000Z
2024,264.742974537037,43.08047,-79.06886,2024-09-20T17:49:53.000000Z
2024,264.7531828703704,43.08029,-79.06886,2024-09-20T18:04:35.000000Z
2024,264.7531944444445,43.08029,-79.06885,2024-09-20T18:04:36.000000Z
2024,264.75320601851854,43.08029,-79.06886,2024-09-20T18:04:37.000000Z
2024,264.7532175925926,43.08029,-79.06886,2024-09-20T18:04:38.000000Z
2024,264.7532291666667,43.08029,-79.06887,2024-09-20T18:04:39.000000Z
2024,264.75324074074075,43.08029,-79.06887,2024-09-20T18:04:40.000000Z
2024,264.75325231481486,43.08029,-79.06887,2024-09-20T18:04:41.000000Z
2024,264.7532638888889,43.08028,-79.06887,2024-09-20T18:04:42.000000Z
2024,264.75327546296296,43.08029,-79.06887,2024-09-20T18:04:43.000000Z
2024,264.75328703703707,43.08029,-79.06887,2024-09-20T18:04:44.000000Z
2024,264.7532986111111,43.0803,-79.06887,2024-09-20T18:04:45.000000Z
2024,264.7533101851852,43.08032,-79.06888,2024-09-20T18:04:46.000000Z
2024,264.7533217592593,43.08032,-79.06889,2024-09-20T18:04:47.000000Z
2024,264.75333333333333,43.08033,-79.06889,2024-09-20T18:04:48.000000Z
2024,264.75334490740744,43.08034,-79.0689,2024-09-20T18:04:49.000000Z
2024,264.7533564814815,43.08035,-79.0689,2024-09-20T18:04:50.000000Z
2024,264.7533680555556,43.08036,-79.0689,2024-09-20T18:04:51.000000Z
2024,264.75337962962965,43.08036,-79.0689,2024-09-20T18:04:52.000000Z
2024,264.7533912037037,43.08037,-79.0689,2024-09-20T18:04:53.000000Z
2024,264.763599537037,43.08045,-79.0689,2024-09-20T18:19:35.000000Z
2024,264.7636111111111,43.08045,-79.0689,2024-09-20T18:19:36.000000Z
2024,264.76362268518517,43.08044,-79.0689,2024-09-20T18:19:37.000000Z
2024,264.7636342592592,43.08044,-79.0689,2024-09-20T18:19:38.000000Z
2024,264.7636458333333,43.08044,-79.0689,2024-09-20T18:19:39.000000Z
2024,264.7636574074074,43.08042,-79.06891,2024-09-20T18:19:40.000000Z
2024,264.7636689814815,43.08042,-79.06892,2024-09-20T18:19:41.000000Z
2024,264.76368055555554,43.0804,-79.06892,2024-09-20T18:19:42.000000Z
2024,264.7636921296296,43.08039,-79.06893,2024-09-20T18:19:43.000000Z
2024,264.7637037037037,43.08039,-79.06893,2024-09-20T18:19:44.000000Z
2024,264.76371527777775,43.08039,-79.06893,2024-09-20T18:19:45.000000Z
2024,264.76372685185186,43.08039,-79.06893,2024-09-20T18:19:46.000000Z
2024,264.7637384259259,43.08039,-79.06893,2024-09-20T18:19:47.000000Z
2024,264.76374999999996,43.08039,-79.06893,2024-09-20T18:19:48.000000Z
2024,264.76376157407407,43.08039,-79.06893,2024-09-20T18:19:49.000000Z
2024,264.7637731481481,43.08039,-79.06893,2024-09-20T18:19:50.000000Z
2024,264.7637847222222,43.08039,-79.06893,2024-09-20T18:19:51.000000Z
2024,264.7637962962963,43.08039,-79.06894,2024-09-20T18:19:52.000000Z
2024,264.76380787037033,43.08039,-79.06895,2024-09-20T18:19:53.000000Z
2024,264.7740162037037,43.08035,-79.06877,2024-09-20T18:34:35.000000Z
2024,264.7740277777778,43.08037,-79.06877,2024-09-20T18:34:36.000000Z
2024,264.77403935185185,43.08037,-79.06873,2024-09-20T18:34:37.000000Z
2024,264.7740509259259,43.08038,-79.06871,2024-09-20T18:34:38.000000Z
2024,264.7740625,43.08039,-79.0687,2024-09-20T18:34:39.000000Z
2024,264.77407407407406,43.08039,-79.06868,2024-09-20T18:34:40.000000Z
2024,264.7740856481482,43.0804,-79.06867,2024-09-20T18:34:41.000000Z
2024,264.7740972222222,43.08039,-79.06867,2024-09-20T18:34:42.000000Z
2024,264.7741087962963,43.08039,-79.06869,2024-09-20T18:34:43.000000Z
2024,264.7741203703704,43.08039,-79.0687,2024-09-20T18:34:44.000000Z
2024,264.77413194444443,43.08039,-79.06871,2024-09-20T18:34:45.000000Z
2024,264.77414351851854,43.08039,-79.06871,2024-09-20T18:34:46.000000Z
2024,264.7741550925926,43.08038,-79.06871,2024-09-20T18:34:47.000000Z
2024,264.77416666666664,43.08038,-79.06872,2024-09-20T18:34:48.000000Z
2024,264.77417824074075,43.08038,-79.06872,2024-09-20T18:34:49.000000Z
2024,264.7741898148148,43.08038,-79.06873,2024-09-20T18:34:50.000000Z
2024,264.7742013888889,43.08037,-79.06874,2024-09-20T18:34:51.000000Z
2024,264.77421296296296,43.08037,-79.06874,2024-09-20T18:34:52.000000Z
2024,264.774224537037,43.08037,-79.06874,2024-09-20T18:34:53.000000Z
2024,264.7742361111111,43.08038,-79.06874,2024-09-20T18:34:54.000000Z
2024,264.78450231481486,43.08042,-79.06897,2024-09-20T18:49:41.000000Z
2024,264.7845138888889,43.08042,-79.06897,2024-09-20T18:49:42.000000Z
2024,264.78452546296296,43.08042,-79.06897,2024-09-20T18:49:43.000000Z
2024,264.78453703703707,43.08042,-79.06897,2024-09-20T18:49:44.000000Z
2024,264.7845486111111,43.08041,-79.06897,2024-09-20T18:49:45.000000Z
2024,264.7845601851852,43.08041,-79.06897,2024-09-20T18:49:46.000000Z
2024,264.7845717592593,43.08041,-79.06896,2024-09-20T18:49:47.000000Z
2024,264.78458333333333,43.08041,-79.06897,2024-09-20T18:49:48.000000Z
2024,264.78459490740744,43.08041,-79.06897,2024-09-20T18:49:49.000000Z
2024,264.7846064814815,43.08041,-79.06898,2024-09-20T18:49:50.000000Z
2024,264.7846180555556,43.0804,-79.06898,2024-09-20T18:49:51.000000Z
2024,264.78462962962965,43.0804,-79.06899,2024-09-20T18:49:52.000000Z
2024,264.7846412037037,43.0804,-79.069,2024-09-20T18:49:53.000000Z
2024,264.7846527777778,43.0804,-79.069,2024-09-20T18:49:54.000000Z
2024,264.78466435185186,43.0804,-79.069,2024-09-20T18:49:55.000000Z
2024,264.78467592592597,43.08039,-79.069,2024-09-20T18:49:56.000000Z
2024,264.7846875,43.08039,-79.069,2024-09-20T18:49:57.000000Z
2024,264.78469907407407,43.08039,-79.06901,2024-09-20T18:49:58.000000Z
2024,264.7847106481482,43.08039,-79.06902,2024-09-20T18:49:59.000000Z
2024,264.78472222222223,43.08038,-79.06903,2024-09-20T18:50:00.000000Z
2024,264.79484953703707,43.08032,-79.06894,2024-09-20T19:04:35.000000Z
2024,264.7948611111112,43.08032,-79.06893,2024-09-20T19:04:36.000000Z
2024,264.7948726851852,43.08032,-79.06892,2024-09-20T19:04:37.000000Z
2024,264.7948842592593,43.08032,-79.06892,2024-09-20T19:04:38.000000Z
2024,264.7948958333334,43.08033,-79.06892,2024-09-20T19:04:39.000000Z
2024,264.79490740740744,43.08032,-79.06891,2024-09-20T19:04:40.000000Z
2024,264.79491898148154,43.08032,-79.06891,2024-09-20T19:04:41.000000Z
2024,264.7949305555556,43.08031,-79.06891,2024-09-20T19:04:42.000000Z
2024,264.79494212962965,43.08031,-79.06891,2024-09-20T19:04:43.000000Z
2024,264.79495370370375,43.08031,-79.06892,2024-09-20T19:04:44.000000Z
2024,264.7949652777778,43.08031,-79.06892,2024-09-20T19:04:45.000000Z
2024,264.7949768518519,43.08031,-79.06893,2024-09-20T19:04:46.000000Z
2024,264.79498842592596,43.08031,-79.06893,2024-09-20T19:04:47.000000Z
2024,264.795,43.08031,-79.06893,2024-09-20T19:04:48.000000Z
2024,264.7950115740741,43.08031,-79.06893,2024-09-20T19:04:49.000000Z
2024,264.7950231481482,43.08031,-79.06893,2024-09-20T19:04:50.000000Z
2024,264.7950347222223,43.08031,-79.06894,2024-09-20T19:04:51.000000Z
2024,264.79504629629633,43.08031,-79.06894,2024-09-20T19:04:52.000000Z
2024,264.7950578703704,43.08031,-79.06894,2024-09-20T19:04:53.000000Z
2024,264.80525462962964,43.08037,-79.06899,2024-09-20T19:19:34.000000Z
2024,264.8052662037037,43.08037,-79.06899,2024-09-20T19:19:35.000000Z
2024,264.8052777777778,43.08037,-79.069,2024-09-20T19:19:36.000000Z
2024,264.80528935185185,43.08037,-79.069,2024-09-20T19:19:37.000000Z
2024,264.8053009259259,43.08036,-79.069,2024-09-20T19:19:38.000000Z
2024,264.8053125,43.08035,-79.069,2024-09-20T19:19:39.000000Z
2024,264.80532407407406,43.08035,-79.069,2024-09-20T19:19:40.000000Z
2024,264.8053356481482,43.08034,-79.069,2024-09-20T19:19:41.000000Z
2024,264.8053472222222,43.08034,-79.069,2024-09-20T19:19:42.000000Z
2024,264.8053587962963,43.08033,-79.069,2024-09-20T19:19:43.000000Z
2024,264.8053703703704,43.08032,-79.06901,2024-09-20T19:19:44.000000Z
2024,264.80538194444443,43.08032,-79.06901,2024-09-20T19:19:45.000000Z
2024,264.80539351851854,43.08032,-79.06901,2024-09-20T19:19:46.000000Z
2024,264.8054050925926,43.08031,-79.06901,2024-09-20T19:19:47.000000Z
2024,264.80541666666664,43.08031,-79.06901,2024-09-20T19:19:48.000000Z
2024,264.80542824074075,43.08031,-79.06901,2024-09-20T19:19:49.000000Z
2024,264.8054398148148,43.08031,-79.06901,2024-09-20T19:19:50.000000Z
2024,264.8054513888889,43.08031,-79.06902,2024-09-20T19:19:51.000000Z
2024,264.80546296296296,43.08032,-79.06902,2024-09-20T19:19:52.000000Z
2024,264.81567129629633,43.08033,-79.06906,2024-09-20T19:34:34.000000Z
2024,264.8156828703704,43.08033,-79.06906,2024-09-20T19:34:35.000000Z
2024,264.8156944444445,43.08032,-79.06906,2024-09-20T19:34:36.000000Z
2024,264.81570601851854,43.08032,-79.06906,2024-09-20T19:34:37.000000Z
2024,264.8157175925926,43.08032,-79.06906,2024-09-20T19:34:38.000000Z
2024,264.8157291666667,43.08032,-79.06905,2024-09-20T19:34:39.000000Z
2024,264.81574074074075,43.08032,-79.06904,2024-09-20T19:34:40.000000Z
2024,264.81575231481486,43.08032,-79.06904,2024-09-20T19:34:41.000000Z
2024,264.8157638888889,43.08032,-79.06904,2024-09-20T19:34:42.000000Z
2024,264.81577546296296,43.08032,-79.06904,2024-09-20T19:34:43.000000Z
2024,264.81578703703707,43.08032,-79.06903,2024-09-20T19:34:44.000000Z
2024,264.8157986111111,43.08032,-79.06903,2024-09-20T19:34:45.000000Z
2024,264.8158101851852,43.08032,-79.06903,2024-09-20T19:34:46.000000Z
2024,264.8158217592593,43.08032,-79.06903,2024-09-20T19:34:47.000000Z
2024,264.81583333333333,43.08032,-79.06904,2024-09-20T19:34:48.000000Z
2024,264.81584490740744,43.08032,-79.06904,2024-09-20T19:34:49.000000Z
2024,264.8158564814815,43.08032,-79.06905,2024-09-20T19:34:50.000000Z
2024,264.8158680555556,43.08031,-79.06905,2024-09-20T19:34:51.000000Z
2024,264.81587962962965,43.08031,-79.06905,2024-09-20T19:34:52.000000Z
2024,264.826087962963,43.0803,-79.06902,2024-09-20T19:49:34.000000Z
2024,264.82609953703707,43.08031,-79.06902,2024-09-20T19:49:35.000000Z
2024,264.8261111111112,43.08031,-79.06902,2024-09-20T19:49:36.000000Z
2024,264.8261226851852,43.08032,-79.06902,2024-09-20T19:49:37.000000Z
2024,264.8261342592593,43.08032,-79.06903,2024-09-20T19:49:38.000000Z
2024,264.8261458333334,43.08032,-79.06903,2024-09-20T19:49:39.000000Z
2024,264.82615740740744,43.08033,-79.06904,2024-09-20T19:49:40.000000Z
2024,264.82616898148154,43.08033,-79.06905,2024-09-20T19:49:41.000000Z
2024,264.8261805555556,43.08034,-79.06906,2024-09-20T19:49:42.000000Z
2024,264.82619212962965,43.08034,-79.06906,2024-09-20T19:49:43.000000Z
2024,264.82620370370375,43.08034,-79.06906,2024-09-20T19:49:44.000000Z
2024,264.8262152777778,43.08034,-79.06906,2024-09-20T19:49:45.000000Z
2024,264.8262268518519,43.08034,-79.06906,2024-09-20T19:49:46.000000Z
2024,264.82623842592596,43.08034,-79.06907,2024-09-20T19:49:47.000000Z
2024,264.82625,43.08034,-79.06907,2024-09-20T19:49:48.000000Z
2024,264.8262615740741,43.08034,-79.06907,2024-09-20T19:49:49.000000Z
2024,264.8262731481482,43.08033,-79.06908,2024-09-20T19:49:50.000000Z
2024,264.8262847222223,43.08032,-79.06908,2024-09-20T19:49:51.000000Z
2024,264.82629629629633,43.08032,-79.06909,2024-09-20T19:49:52.000000Z
2024,264.83650462962964,43.08032,-79.06899,2024-09-20T20:04:34.000000Z
2024,264.8365162037037,43.08032,-79.06899,2024-09-20T20:04:35.000000Z
2024,264.8365277777778,43.08033,-79.069,2024-09-20T20:04:36.000000Z
2024,264.83653935185185,43.08033,-79.069,2024-09-20T20:04:37.000000Z
2024,264.8365509259259,43.08033,-79.069,2024-09-20T20:04:38.000000Z
2024,264.8365625,43.08034,-79.069,2024-09-20T20:04:39.000000Z
2024,264.83657407407406,43.08034,-79.06899,2024-09-20T20:04:40.000000Z
2024,264.8365856481482,43.08034,-79.06899,2024-09-20T20:04:41.000000Z
2024,264.8365972222222,43.08034,-79.06899,2024-09-20T20:04:42.000000Z
2024,264.8366087962963,43.08035,-79.06899,2024-09-20T20:04:43.000000Z
2024,264.8366203703704,43.08035,-79.06899,2024-09-20T20:04:44.000000Z
2024,264.83663194444443,43.08035,-79.069,2024-09-20T20:04:45.000000Z
2024,264.83664351851854,43.08036,-79.069,2024-09-20T20:04:46.000000Z
2024,264.8366550925926,43.08036,-79.069,2024-09-20T20:04:47.000000Z
2024,264.83666666666664,43.08036,-79.06901,2024-09-20T20:04:48.000000Z
2024,264.83667824074075,43.08036,-79.06902,2024-09-20T20:04:49.000000Z
2024,264.8366898148148,43.08037,-79.06902,2024-09-20T20:04:50.000000Z
2024,264.8367013888889,43.08038,-79.06903,2024-09-20T20:04:51.000000Z
2024,264.83671296296296,43.08038,-79.06903,2024-09-20T20:04:52.000000Z
2024,264.8469212962963,43.08033,-79.06899,2024-09-20T20:19:34.000000Z
2024,264.8469328703703,43.08032,-79.069,2024-09-20T20:19:35.000000Z
2024,264.84694444444443,43.08032,-79.06899,2024-09-20T20:19:36.000000Z
2024,264.8469560185185,43.08032,-79.06899,2024-09-20T20:19:37.000000Z
2024,264.84696759259253,43.08032,-79.069,2024-09-20T20:19:38.000000Z
2024,264.84697916666664,43.08032,-79.069,2024-09-20T20:19:39.000000Z
2024,264.8469907407407,43.08032,-79.069,2024-09-20T20:19:40.000000Z
2024,264.8470023148148,43.08032,-79.069,2024-09-20T20:19:41.000000Z
2024,264.84701388888885,43.08032,-79.069,2024-09-20T20:19:42.000000Z
2024,264.8470254629629,43.08031,-79.06901,2024-09-20T20:19:43.000000Z
2024,264.847037037037,43.08031,-79.06901,2024-09-20T20:19:44.000000Z
2024,264.84704861111106,43.08031,-79.06902,2024-09-20T20:19:45.000000Z
2024,264.8470833333333,43.08031,-79.06903,2024-09-20T20:19:48.000000Z
2024,264.8470949074074,43.0803,-79.06903,2024-09-20T20:19:49.000000Z
2024,264.84710648148143,43.0803,-79.06904,2024-09-20T20:19:50.000000Z
2024,264.84711805555554,43.0803,-79.06904,2024-09-20T20:19:51.000000Z
2024,264.8471296296296,43.0803,-79.06905,2024-09-20T20:19:52.000000Z
2024,264.84714120370364,43.0803,-79.06905,2024-09-20T20:19:53.000000Z
2024,264.84715277777775,43.0803,-79.06906,2024-09-20T20:19:54.000000Z
2024,264.85733796296296,43.08034,-79.06891,2024-09-20T20:34:34.000000Z
2024,264.857349537037,43.08034,-79.06891,2024-09-20T20:34:35.000000Z
2024,264.8573611111111,43.08035,-79.06891,2024-09-20T20:34:36.000000Z
2024,264.85737268518517,43.08036,-79.06893,2024-09-20T20:34:37.000000Z
2024,264.8573842592592,43.08036,-79.06893,2024-09-20T20:34:38.000000Z
2024,264.8573958333333,43.08036,-79.06893,2024-09-20T20:34:39.000000Z
2024,264.8574074074074,43.08036,-79.06893,2024-09-20T20:34:40.000000Z
2024,264.8574189814815,43.08037,-79.06893,2024-09-20T20:34:41.000000Z
2024,264.85743055555554,43.08037,-79.06893,2024-09-20T20:34:42.000000Z
2024,264.8574421296296,43.08037,-79.06893,2024-09-20T20:34:43.000000Z
2024,264.8574537037037,43.08036,-79.06893,2024-09-20T20:34:44.000000Z
2024,264.85746527777775,43.08036,-79.06893,2024-09-20T20:34:45.000000Z
2024,264.85747685185186,43.08036,-79.06893,2024-09-20T20:34:46.000000Z
2024,264.8574884259259,43.08036,-79.06893,2024-09-20T20:34:47.000000Z
2024,264.85749999999996,43.08036,-79.06893,2024-09-20T20:34:48.000000Z
2024,264.85751157407407,43.08036,-79.06893,2024-09-20T20:34:49.000000Z
2024,264.8575231481481,43.08036,-79.06893,2024-09-20T20:34:50.000000Z
2024,264.8575347222222,43.08036,-79.06893,2024-09-20T20:34:51.000000Z
2024,264.8575462962963,43.08036,-79.06893,2024-09-20T20:34:52.000000Z
2024,264.86775462962964,43.08031,-79.0689,2024-09-20T20:49:34.000000Z
2024,264.8677662037037,43.08031,-79.0689,2024-09-20T20:49:35.000000Z
2024,264.8677777777778,43.08031,-79.06891,2024-09-20T20:49:36.000000Z
2024,264.86778935185185,43.08031,-79.06891,2024-09-20T20:49:37.000000Z
2024,264.8678009259259,43.08031,-79.06892,2024-09-20T20:49:38.000000Z
2024,264.8678125,43.08031,-79.06893,2024-09-20T20:49:39.000000Z
2024,264.86782407407406,43.08031,-79.06894,2024-09-20T20:49:40.000000Z
2024,264.8678356481482,43.08032,-79.06894,2024-09-20T20:49:41.000000Z
2024,264.8678472222222,43.08032,-79.06894,2024-09-20T20:49:42.000000Z
2024,264.8678587962963,43.08032,-79.06894,2024-09-20T20:49:43.000000Z
2024,264.8678703703704,43.08032,-79.06894,2024-09-20T20:49:44.000000Z
2024,264.86788194444443,43.08033,-79.06893,2024-09-20T20:49:45.000000Z
2024,264.86789351851854,43.08033,-79.06893,2024-09-20T20:49:46.000000Z
2024,264.8679050925926,43.08034,-79.06893,2024-09-20T20:49:47.000000Z
2024,264.86791666666664,43.08034,-79.06893,2024-09-20T20:49:48.000000Z
2024,264.86792824074075,43.08034,-79.06893,2024-09-20T20:49:49.000000Z
2024,264.8679398148148,43.08035,-79.06893,2024-09-20T20:49:50.000000Z
2024,264.8679513888889,43.08035,-79.06893,2024-09-20T20:49:51.000000Z
2024,264.86796296296296,43.08035,-79.06893,2024-09-20T20:49:52.000000Z
2024,264.87817129629633,43.08025,-79.06883,2024-09-20T21:04:34.000000Z
2024,264.8781828703704,43.08025,-79.06882,2024-09-20T21:04:35.000000Z
2024,264.8781944444445,43.08025,-79.06881,2024-09-20T21:04:36.000000Z
2024,264.87820601851854,43.08025,-79.06879,2024-09-20T21:04:37.000000Z
2024,264.8782175925926,43.08026,-79.0688,2024-09-20T21:04:38.000000Z
2024,264.8782291666667,43.08026,-79.0688,2024-09-20T21:04:39.000000Z
2024,264.87824074074075,43.08026,-79.0688,2024-09-20T21:04:40.000000Z
2024,264.87825231481486,43.08027,-79.0688,2024-09-20T21:04:41.000000Z
2024,264.8782638888889,43.08026,-79.0688,2024-09-20T21:04:42.000000Z
2024,264.87827546296296,43.08026,-79.06879,2024-09-20T21:04:43.000000Z
2024,264.87828703703707,43.08026,-79.06879,2024-09-20T21:04:44.000000Z
2024,264.8782986111111,43.08026,-79.06878,2024-09-20T21:04:45.000000Z
2024,264.8783101851852,43.08026,-79.06878,2024-09-20T21:04:46.000000Z
2024,264.8783217592593,43.08026,-79.06878,2024-09-20T21:04:47.000000Z
2024,264.87833333333333,43.08027,-79.06878,2024-09-20T21:04:48.000000Z
2024,264.87834490740744,43.08027,-79.06878,2024-09-20T21:04:49.000000Z
2024,264.8783564814815,43.08027,-79.06878,2024-09-20T21:04:50.000000Z
2024,264.8783680555556,43.08027,-79.06878,2024-09-20T21:04:51.000000Z
2024,264.87837962962965,43.08027,-79.06879,2024-09-20T21:04:52.000000Z
2024,264.88858796296296,43.08039,-79.06883,2024-09-20T21:19:34.000000Z
2024,264.888599537037,43.08038,-79.06883,2024-09-20T21:19:35.000000Z
2024,264.8886111111111,43.08038,-79.06883,2024-09-20T21:19:36.000000Z
2024,264.88862268518517,43.08038,-79.06883,2024-09-20T21:19:37.000000Z
2024,264.8886342592592,43.08038,-79.06884,2024-09-20T21:19:38.000000Z
2024,264.8886458333333,43.08039,-79.06884,2024-09-20T21:19:39.000000Z
2024,264.8886574074074,43.08039,-79.06884,2024-09-20T21:19:40.000000Z
2024,264.8886689814815,43.08039,-79.06885,2024-09-20T21:19:41.000000Z
2024,264.88868055555554,43.08039,-79.06885,2024-09-20T21:19:42.000000Z
2024,264.8886921296296,43.08039,-79.06885,2024-09-20T21:19:43.000000Z
2024,264.8887037037037,43.08039,-79.06886,2024-09-20T21:19:44.000000Z
2024,264.88871527777775,43.08038,-79.06886,2024-09-20T21:19:45.000000Z
2024,264.88872685185186,43.08038,-79.06886,2024-09-20T21:19:46.000000Z
2024,264.8887384259259,43.08038,-79.06886,2024-09-20T21:19:47.000000Z
2024,264.88874999999996,43.08038,-79.06886,2024-09-20T21:19:48.000000Z
2024,264.88876157407407,43.08038,-79.06885,2024-09-20T21:19:49.000000Z
2024,264.8887731481481,43.08038,-79.06885,2024-09-20T21:19:50.000000Z
2024,264.8887847222222,43.08038,-79.06885,2024-09-20T21:19:51.000000Z
2024,264.8887962962963,43.08038,-79.06885,2024-09-20T21:19:52.000000Z
2024,264.89900462962964,43.08015,-79.06888,2024-09-20T21:34:34.000000Z
2024,264.8990162037037,43.08016,-79.06889,2024-09-20T21:34:35.000000Z
2024,264.8990277777778,43.08015,-79.06889,2024-09-20T21:34:36.000000Z
2024,264.89903935185185,43.08015,-79.0689,2024-09-20T21:34:37.000000Z
2024,264.8990509259259,43.08015,-79.06892,2024-09-20T21:34:38.000000Z
2024,264.8990625,43.08015,-79.06894,2024-09-20T21:34:39.000000Z
2024,264.89907407407406,43.08016,-79.06896,2024-09-20T21:34:40.000000Z
2024,264.8990856481482,43.08016,-79.06896,2024-09-20T21:34:41.000000Z
2024,264.8990972222222,43.08017,-79.06898,2024-09-20T21:34:42.000000Z
2024,264.8991087962963,43.08017,-79.06899,2024-09-20T21:34:43.000000Z
2024,264.8991203703704,43.08017,-79.069,2024-09-20T21:34:44.000000Z
2024,264.89913194444443,43.08017,-79.069,2024-09-20T21:34:45.000000Z
2024,264.89914351851854,43.08018,-79.069,2024-09-20T21:34:46.000000Z
2024,264.8991550925926,43.08018,-79.06901,2024-09-20T21:34:47.000000Z
2024,264.89916666666664,43.08018,-79.06901,2024-09-20T21:34:48.000000Z
2024,264.89917824074075,43.08018,-79.06902,2024-09-20T21:34:49.000000Z
2024,264.8991898148148,43.08018,-79.06902,2024-09-20T21:34:50.000000Z
2024,264.8992013888889,43.08018,-79.06902,2024-09-20T21:34:51.000000Z
2024,264.89921296296296,43.08018,-79.06902,2024-09-20T21:34:52.000000Z
2024,264.90942129629633,43.08023,-79.06868,2024-09-20T21:49:34.000000Z
2024,264.9094328703704,43.08024,-79.06868,2024-09-20T21:49:35.000000Z
2024,264.9094444444445,43.08024,-79.06869,2024-09-20T21:49:36.000000Z
2024,264.90945601851854,43.08024,-79.06869,2024-09-20T21:49:37.000000Z
2024,264.9094675925926,43.08024,-79.06869,2024-09-20T21:49:38.000000Z
2024,264.9094791666667,43.08024,-79.06869,2024-09-20T21:49:39.000000Z
2024,264.90949074074075,43.08024,-79.06869,2024-09-20T21:49:40.000000Z
2024,264.9095138888889,43.08024,-79.06869,2024-09-20T21:49:42.000000Z
2024,264.90952546296296,43.08023,-79.06869,2024-09-20T21:49:43.000000Z
2024,264.90953703703707,43.08023,-79.0687,2024-09-20T21:49:44.000000Z
2024,264.9095486111111,43.08023,-79.0687,2024-09-20T21:49:45.000000Z
2024,264.9095601851852,43.08023,-79.0687,2024-09-20T21:49:46.000000Z
2024,264.9095717592593,43.08022,-79.06871,2024-09-20T21:49:47.000000Z
2024,264.90958333333333,43.08021,-79.06871,2024-09-20T21:49:48.000000Z
2024,264.90959490740744,43.08021,-79.06871,2024-09-20T21:49:49.000000Z
2024,264.9096064814815,43.08021,-79.06872,2024-09-20T21:49:50.000000Z
2024,264.9096180555556,43.0802,-79.06872,2024-09-20T21:49:51.000000Z
2024,264.90962962962965,43.0802,-79.06872,2024-09-20T21:49:52.000000Z
2024,264.919837962963,43.07999,-79.06864,2024-09-20T22:04:34.000000Z
2024,264.91984953703707,43.07999,-79.06864,2024-09-20T22:04:35.000000Z
2024,264.9198611111112,43.08,-79.06864,2024-09-20T22:04:36.000000Z
2024,264.9198726851852,43.08,-79.06864,2024-09-20T22:04:37.000000Z
2024,264.9198842592593,43.08,-79.06863,2024-09-20T22:04:38.000000Z
2024,264.9198958333334,43.08,-79.06863,2024-09-20T22:04:39.000000Z
2024,264.91990740740744,43.07999,-79.06864,2024-09-20T22:04:40.000000Z
2024,264.91991898148154,43.07999,-79.06864,2024-09-20T22:04:41.000000Z
2024,264.9199305555556,43.07999,-79.06864,2024-09-20T22:04:42.000000Z
2024,264.91994212962965,43.07999,-79.06864,2024-09-20T22:04:43.000000Z
2024,264.91995370370375,43.07999,-79.06864,2024-09-20T22:04:44.000000Z
2024,264.9199652777778,43.07999,-79.06864,2024-09-20T22:04:45.000000Z
2024,264.9199768518519,43.07999,-79.06864,2024-09-20T22:04:46.000000Z
2024,264.91998842592596,43.07999,-79.06864,2024-09-20T22:04:47.000000Z
2024,264.92,43.07999,-79.06864,2024-09-20T22:04:48.000000Z
2024,264.9200115740741,43.07999,-79.06864,2024-09-20T22:04:49.000000Z
2024,264.9200231481482,43.07999,-79.06864,2024-09-20T22:04:50.000000Z
2024,264.9200347222223,43.07999,-79.06864,2024-09-20T22:04:51.000000Z
2024,264.92004629629633,43.07999,-79.06864,2024-09-20T22:04:52.000000Z
2024,264.93025462962964,43.0801,-79.06879,2024-09-20T22:19:34.000000Z
2024,264.9302662037037,43.08011,-79.06879,2024-09-20T22:19:35.000000Z
2024,264.9302777777778,43.08012,-79.06878,2024-09-20T22:19:36.000000Z
2024,264.93028935185185,43.08013,-79.06877,2024-09-20T22:19:37.000000Z
2024,264.9303009259259,43.08013,-79.06877,2024-09-20T22:19:38.000000Z
2024,264.9303125,43.08013,-79.06875,2024-09-20T22:19:39.000000Z
2024,264.93032407407406,43.08012,-79.06874,2024-09-20T22:19:40.000000Z
2024,264.9303356481482,43.08012,-79.06874,2024-09-20T22:19:41.000000Z
2024,264.9303472222222,43.08012,-79.06873,2024-09-20T22:19:42.000000Z
2024,264.9303587962963,43.08012,-79.06873,2024-09-20T22:19:43.000000Z
2024,264.9303703703704,43.08012,-79.06873,2024-09-20T22:19:44.000000Z
2024,264.93038194444443,43.08013,-79.06873,2024-09-20T22:19:45.000000Z
2024,264.93039351851854,43.08012,-79.06873,2024-09-20T22:19:46.000000Z
2024,264.9304050925926,43.08013,-79.06873,2024-09-20T22:19:47.000000Z
2024,264.93041666666664,43.08013,-79.06873,2024-09-20T22:19:48.000000Z
2024,264.93042824074075,43.08013,-79.06873,2024-09-20T22:19:49.000000Z
2024,264.9304398148148,43.08012,-79.06873,2024-09-20T22:19:50.000000Z
2024,264.9304513888889,43.08012,-79.06873,2024-09-20T22:19:51.000000Z
2024,264.93046296296296,43.08012,-79.06874,2024-09-20T22:19:52.000000Z
2024,264.94070601851854,43.07987,-79.06863,2024-09-20T22:34:37.000000Z
2024,264.9407175925926,43.07987,-79.06862,2024-09-20T22:34:38.000000Z
2024,264.9407291666667,43.07987,-79.06862,2024-09-20T22:34:39.000000Z
2024,264.94074074074075,43.07985,-79.06864,2024-09-20T22:34:40.000000Z
2024,264.94075231481486,43.07983,-79.06866,2024-09-20T22:34:41.000000Z
2024,264.9407638888889,43.07981,-79.06867,2024-09-20T22:34:42.000000Z
2024,264.94077546296296,43.0798,-79.06868,2024-09-20T22:34:43.000000Z
2024,264.94078703703707,43.07979,-79.06868,2024-09-20T22:34:44.000000Z
2024,264.9407986111111,43.07979,-79.06869,2024-09-20T22:34:45.000000Z
2024,264.9408101851852,43.07978,-79.0687,2024-09-20T22:34:46.000000Z
2024,264.9408217592593,43.07978,-79.0687,2024-09-20T22:34:47.000000Z
2024,264.94083333333333,43.07978,-79.06871,2024-09-20T22:34:48.000000Z
2024,264.94084490740744,43.07978,-79.06871,2024-09-20T22:34:49.000000Z
2024,264.9408564814815,43.07978,-79.06871,2024-09-20T22:34:50.000000Z
2024,264.9408680555556,43.07977,-79.06871,2024-09-20T22:34:51.000000Z
2024,264.94087962962965,43.07979,-79.06868,2024-09-20T22:34:52.000000Z
2024,264.9408912037037,43.07981,-79.06867,2024-09-20T22:34:53.000000Z
2024,264.9409027777778,43.07981,-79.06866,2024-09-20T22:34:54.000000Z
2024,264.94091435185186,43.07982,-79.06866,2024-09-20T22:34:55.000000Z
2024,264.9739236111111,43.09703,-79.03771,2024-09-20T23:22:27.000000Z
2024,264.97393518518516,43.09703,-79.03775,2024-09-20T23:22:28.000000Z
2024,264.97394675925926,43.09704,-79.03776,2024-09-20T23:22:29.000000Z
2024,264.9739583333333,43.09704,-79.03775,2024-09-20T23:22:30.000000Z
2024,264.9739814814815,43.09704,-79.03772,2024-09-20T23:22:32.000000Z
2024,264.9739930555555,43.09703,-79.03769,2024-09-20T23:22:33.000000Z
2024,264.97400462962963,43.09701,-79.03764,2024-09-20T23:22:34.000000Z
2024,264.9740162037037,43.09699,-79.03759,2024-09-20T23:22:35.000000Z
2024,264.9740277777778,43.09698,-79.03757,2024-09-20T23:22:36.000000Z
2024,264.97403935185184,43.09698,-79.03756,2024-09-20T23:22:37.000000Z
2024,264.9740509259259,43.09697,-79.03755,2024-09-20T23:22:38.000000Z
2024,264.9740625,43.09697,-79.03754,2024-09-20T23:22:39.000000Z
2024,264.97407407407405,43.09696,-79.03753,2024-09-20T23:22:40.000000Z
2024,264.97408564814816,43.09696,-79.03752,2024-09-20T23:22:41.000000Z
2024,264.9740972222222,43.09698,-79.03753,2024-09-20T23:22:42.000000Z
2024,264.97410879629626,43.09698,-79.03753,2024-09-20T23:22:43.000000Z
2024,264.9741203703704,43.09698,-79.03752,2024-09-20T23:22:44.000000Z
2024,264.9741319444444,43.09698,-79.03752,2024-09-20T23:22:45.000000Z
2024,264.97414351851853,43.09699,-79.03752,2024-09-20T23:22:46.000000Z
2024,264.9741550925926,43.09698,-79.03752,2024-09-20T23:22:47.000000Z
2024,264.97416666666663,43.09698,-79.03752,2024-09-20T23:22:48.000000Z
2024,264.97417824074074,43.09698,-79.03753,2024-09-20T23:22:49.000000Z
2024,264.9741898148148,43.09698,-79.03754,2024-09-20T23:22:50.000000Z
2024,264.9742013888889,43.09698,-79.03754,2024-09-20T23:22:51.000000Z
2024,264.97421296296295,43.09698,-79.03754,2024-09-20T23:22:52.000000Z
2024,264.974224537037,43.09698,-79.03753,2024-09-20T23:22:53.000000Z
2024,264.9742361111111,43.09697,-79.03753,2024-09-20T23:22:54.000000Z
2024,264.97424768518516,43.09697,-79.03752,2024-09-20T23:22:55.000000Z
2024,264.97425925925927,43.09696,-79.03752,2024-09-20T23:22:56.000000Z
2024,264.9742708333333,43.09696,-79.03751,2024-09-20T23:22:57.000000Z
2024,264.9742824074074,43.09696,-79.0375,2024-09-20T23:22:58.000000Z
2024,264.9742939814815,43.09696,-79.03749,2024-09-20T23:22:59.000000Z
2024,264.97430555555553,43.09695,-79.03749,2024-09-20T23:23:00.000000Z
2024,264.9743171296296,43.09696,-79.03749,2024-09-20T23:23:01.000000Z
2024,264.9743287037037,43.09696,-79.03748,2024-09-20T23:23:02.000000Z
2024,264.97434027777774,43.09696,-79.03748,2024-09-20T23:23:03.000000Z
2024,264.97435185185185,43.09696,-79.03748,2024-09-20T23:23:04.000000Z
2024,264.9743634259259,43.09696,-79.03747,2024-09-20T23:23:05.000000Z
2024,264.97437499999995,43.09696,-79.03746,2024-09-20T23:23:06.000000Z
2024,264.97438657407406,43.09696,-79.03746,2024-09-20T23:23:07.000000Z
2024,264.9743981481481,43.09697,-79.03746,2024-09-20T23:23:08.000000Z
2024,264.9744097222222,43.09697,-79.03746,2024-09-20T23:23:09.000000Z
2024,264.97442129629627,43.09697,-79.03747,2024-09-20T23:23:10.000000Z
2024,264.9744328703703,43.09697,-79.03746,2024-09-20T23:23:11.000000Z
2024,264.97444444444443,43.09697,-79.03747,2024-09-20T23:23:12.000000Z
2024,264.9744560185185,43.09697,-79.03747,2024-09-20T23:23:13.000000Z
2024,264.9744675925926,43.09697,-79.03747,2024-09-20T23:23:14.000000Z
2024,264.97447916666664,43.09697,-79.03747,2024-09-20T23:23:15.000000Z
2024,264.9744907407407,43.09696,-79.03746,2024-09-20T23:23:16.000000Z
2024,264.9745023148148,43.09696,-79.03746,2024-09-20T23:23:17.000000Z
2024,264.97451388888885,43.09697,-79.03746,2024-09-20T23:23:18.000000Z
2024,264.97452546296296,43.09697,-79.03747,2024-09-20T23:23:19.000000Z
2024,264.974537037037,43.09697,-79.03747,2024-09-20T23:23:20.000000Z
2024,264.97454861111106,43.09697,-79.03747,2024-09-20T23:23:21.000000Z
2024,264.97456018518517,43.09698,-79.03747,2024-09-20T23:23:22.000000Z
2024,264.9745717592592,43.09698,-79.03747,2024-09-20T23:23:23.000000Z
2024,264.9745833333333,43.09697,-79.03747,2024-09-20T23:23:24.000000Z
2024,264.9745949074074,43.09697,-79.03747,2024-09-20T23:23:25.000000Z
2024,264.97460648148143,43.09698,-79.03746,2024-09-20T23:23:26.000000Z
2024,264.97461805555554,43.09698,-79.03747,2024-09-20T23:23:27.000000Z
2024,264.9746296296296,43.09699,-79.03747,2024-09-20T23:23:28.000000Z
2024,264.9746412037037,43.09699,-79.03747,2024-09-20T23:23:29.000000Z
2024,264.97465277777775,43.097,-79.03747,2024-09-20T23:23:30.000000Z
2024,264.9746643518518,43.097,-79.03746,2024-09-20T23:23:31.000000Z
2024,264.9746759259259,43.097,-79.03746,2024-09-20T23:23:32.000000Z
2024,264.97468749999996,43.09701,-79.03746,2024-09-20T23:23:33.000000Z
2024,264.97469907407407,43.09701,-79.03746,2024-09-20T23:23:34.000000Z
2024,264.9747106481481,43.09701,-79.03747,2024-09-20T23:23:35.000000Z
2024,264.9747222222222,43.09701,-79.03749,2024-09-20T23:23:36.000000Z
2024,264.9747337962963,43.09703,-79.03749,2024-09-20T23:23:37.000000Z
2024,264.97475694444444,43.09704,-79.0375,2024-09-20T23:23:39.000000Z
2024,264.9747685185185,43.09706,-79.03749,2024-09-20T23:23:40.000000Z
2024,264.9747800925926,43.09708,-79.0375,2024-09-20T23:23:41.000000Z
2024,264.97479166666665,43.09711,-79.03748,2024-09-20T23:23:42.000000Z
2024,264.9748032407407,43.09713,-79.03745,2024-09-20T23:23:43.000000Z
2024,264.9748148148148,43.09715,-79.03744,2024-09-20T23:23:44.000000Z
2024,264.97482638888886,43.09717,-79.03743,2024-09-20T23:23:45.000000Z
2024,264.97483796296297,43.09717,-79.03742,2024-09-20T23:23:46.000000Z
2024,264.974849537037,43.09716,-79.03742,2024-09-20T23:23:47.000000Z
2024,264.97486111111107,43.09714,-79.0374,2024-09-20T23:23:48.000000Z
2024,264.9748726851852,43.09712,-79.03739,2024-09-20T23:23:49.000000Z
2024,264.9748842592592,43.09712,-79.03739,2024-09-20T23:23:50.000000Z
2024,264.97489583333333,43.0971,-79.03739,2024-09-20T23:23:51.000000Z
2024,264.9749074074074,43.09709,-79.0374,2024-09-20T23:23:52.000000Z
2024,264.97491898148144,43.09707,-79.03739,2024-09-20T23:23:53.000000Z
2024,264.97493055555555,43.09706,-79.03739,2024-09-20T23:23:54.000000Z
2024,264.9749421296296,43.09707,-79.03739,2024-09-20T23:23:55.000000Z
2024,264.9749537037037,43.09706,-79.03739,2024-09-20T23:23:56.000000Z
2024,264.97496527777776,43.09706,-79.0374,2024-09-20T23:23:57.000000Z
2024,264.9749768518518,43.09705,-79.03741,2024-09-20T23:23:58.000000Z
2024,264.9749884259259,43.09705,-79.03741,2024-09-20T23:23:59.000000Z
2024,264.97499999999997,43.09704,-79.03741,2024-09-20T23:24:00.000000Z
2024,264.975011574074,43.09703,-79.03741,2024-09-20T23:24:01.000000Z
2024,264.9750231481481,43.09704,-79.03741,2024-09-20T23:24:02.000000Z
2024,264.9750347222222,43.09704,-79.03742,2024-09-20T23:24:03.000000Z
2024,264.9750462962963,43.09704,-79.03741,2024-09-20T23:24:04.000000Z
2024,264.97505787037034,43.09704,-79.03741,2024-09-20T23:24:05.000000Z
2024,264.9750694444444,43.09704,-79.0374,2024-09-20T23:24:06.000000Z
2024,264.9750810185185,43.09704,-79.0374,2024-09-20T23:24:07.000000Z
2024,264.97509259259255,43.09705,-79.03739,2024-09-20T23:24:08.000000Z
2024,264.97510416666665,43.09705,-79.03739,2024-09-20T23:24:09.000000Z
2024,264.9751157407407,43.09704,-79.0374,2024-09-20T23:24:10.000000Z
2024,264.97512731481476,43.09704,-79.03742,2024-09-20T23:24:11.000000Z
2024,264.97513888888886,43.09703,-79.0374,2024-09-20T23:24:12.000000Z
2024,264.9751504629629,43.09701,-79.03739,2024-09-20T23:24:13.000000Z
2024,264.975162037037,43.097,-79.03738,2024-09-20T23:24:14.000000Z
2024,264.9751736111111,43.09698,-79.03735,2024-09-20T23:24:15.000000Z
2024,264.9751851851851,43.09695,-79.03733,2024-09-20T23:24:16.000000Z
2024,264.97519675925923,43.09693,-79.03729,2024-09-20T23:24:17.000000Z
2024,264.9752083333333,43.09692,-79.0373,2024-09-20T23:24:18.000000Z
2024,264.9752199074074,43.09691,-79.0373,2024-09-20T23:24:19.000000Z
2024,264.97523148148144,43.09689,-79.03728,2024-09-20T23:24:20.000000Z
2024,264.9752430555555,43.09687,-79.03726,2024-09-20T23:24:21.000000Z
2024,264.9752546296296,43.09689,-79.03726,2024-09-20T23:24:22.000000Z
2024,264.97526620370365,43.09687,-79.03724,2024-09-20T23:24:23.000000Z
2024,264.97527777777776,43.09686,-79.03723,2024-09-20T23:24:24.000000Z
2024,264.9752893518518,43.09685,-79.03722,2024-09-20T23:24:25.000000Z
2024,264.97530092592586,43.09685,-79.03722,2024-09-20T23:24:26.000000Z
2024,264.9753125,43.09687,-79.03721,2024-09-20T23:24:27.000000Z
2024,264.975324074074,43.09687,-79.03721,2024-09-20T23:24:28.000000Z
2024,264.97533564814813,43.09687,-79.0372,2024-09-20T23:24:29.000000Z
2024,264.9753472222222,43.09686,-79.0372,2024-09-20T23:24:30.000000Z
2024,264.97535879629623,43.09686,-79.03721,2024-09-20T23:24:31.000000Z
2024,264.97537037037034,43.09685,-79.03721,2024-09-20T23:24:32.000000Z
2024,264.9753819444444,43.09685,-79.0372,2024-09-20T23:24:33.000000Z
2024,264.9753935185185,43.09685,-79.0372,2024-09-20T23:24:34.000000Z
2024,264.97540509259255,43.09685,-79.03721,2024-09-20T23:24:35.000000Z
2024,264.97541666666666,43.09685,-79.03722,2024-09-20T23:24:36.000000Z
2024,264.9754282407407,43.09685,-79.03721,2024-09-20T23:24:37.000000Z
2024,264.97543981481476,43.09685,-79.0372,2024-09-20T23:24:38.000000Z
2024,264.97545138888887,43.09685,-79.0372,2024-09-20T23:24:39.000000Z
2024,264.9754629629629,43.09686,-79.0372,2024-09-20T23:24:40.000000Z
2024,264.97547453703703,43.09686,-79.03721,2024-09-20T23:24:41.000000Z
2024,264.9754861111111,43.09686,-79.0372,2024-09-20T23:24:42.000000Z
2024,264.97549768518513,43.09686,-79.0372,2024-09-20T23:24:43.000000Z
2024,264.97550925925924,43.09686,-79.0372,2024-09-20T23:24:44.000000Z
2024,264.9755324074074,43.09687,-79.0372,2024-09-20T23:24:46.000000Z
2024,264.97554398148145,43.09687,-79.0372,2024-09-20T23:24:47.000000Z
2024,264.9755555555555,43.09687,-79.0372,2024-09-20T23:24:48.000000Z
2024,264.9755671296296,43.09687,-79.0372,2024-09-20T23:24:49.000000Z
2024,264.97557870370366,43.09687,-79.0372,2024-09-20T23:24:50.000000Z
2024,264.97559027777777,43.09687,-79.0372,2024-09-20T23:24:51.000000Z
2024,264.9756018518518,43.09687,-79.0372,2024-09-20T23:24:52.000000Z
2024,264.97561342592587,43.09687,-79.03719,2024-09-20T23:24:53.000000Z
2024,264.975625,43.09687,-79.03719,2024-09-20T23:24:54.000000Z
2024,264.97563657407403,43.09688,-79.03719,2024-09-20T23:24:55.000000Z
2024,264.97564814814814,43.09688,-79.03718,2024-09-20T23:24:56.000000Z
2024,264.9756597222222,43.09688,-79.03718,2024-09-20T23:24:57.000000Z
2024,264.97567129629624,43.09688,-79.03718,2024-09-20T23:24:58.000000Z
2024,264.97568287037035,43.09688,-79.03718,2024-09-20T23:24:59.000000Z
2024,264.9756944444444,43.09688,-79.03718,2024-09-20T23:25:00.000000Z
2024,264.97570601851845,43.09688,-79.03718,2024-09-20T23:25:01.000000Z
2024,264.97571759259256,43.09688,-79.03718,2024-09-20T23:25:02.000000Z
2024,264.9757291666666,43.09688,-79.03718,2024-09-20T23:25:03.000000Z
2024,264.9757407407407,43.09688,-79.03717,2024-09-20T23:25:04.000000Z
2024,264.97575231481477,43.09688,-79.03717,2024-09-20T23:25:05.000000Z
2024,264.9757638888888,43.09687,-79.03717,2024-09-20T23:25:06.000000Z
2024,264.97577546296293,43.09687,-79.03717,2024-09-20T23:25:07.000000Z
2024,264.975787037037,43.09687,-79.03717,2024-09-20T23:25:08.000000Z
2024,264.9757986111111,43.09687,-79.03717,2024-09-20T23:25:09.000000Z
2024,264.97581018518514,43.09687,-79.03717,2024-09-20T23:25:10.000000Z
2024,264.9758217592592,43.09687,-79.03717,2024-09-20T23:25:11.000000Z
2024,264.9758333333333,43.09687,-79.03717,2024-09-20T23:25:12.000000Z
2024,264.97584490740735,43.09687,-79.03716,2024-09-20T23:25:13.000000Z
2024,264.97585648148146,43.09687,-79.03715,2024-09-20T23:25:14.000000Z
2024,264.9758680555555,43.09687,-79.03714,2024-09-20T23:25:15.000000Z
2024,264.97587962962956,43.09687,-79.03714,2024-09-20T23:25:16.000000Z
2024,264.97589120370367,43.09687,-79.03713,2024-09-20T23:25:17.000000Z
2024,264.9759027777777,43.09687,-79.03713,2024-09-20T23:25:18.000000Z
2024,264.9759143518518,43.09687,-79.03713,2024-09-20T23:25:19.000000Z
2024,264.9759259259259,43.09687,-79.03712,2024-09-20T23:25:20.000000Z
2024,264.97593749999993,43.09687,-79.03712,2024-09-20T23:25:21.000000Z
2024,264.97594907407404,43.09687,-79.03711,2024-09-20T23:25:22.000000Z
2024,264.9759606481481,43.09687,-79.03711,2024-09-20T23:25:23.000000Z
2024,264.9759722222222,43.09687,-79.0371,2024-09-20T23:25:24.000000Z
2024,264.97598379629625,43.09687,-79.0371,2024-09-20T23:25:25.000000Z
2024,264.9759953703703,43.09686,-79.0371,2024-09-20T23:25:26.000000Z
2024,264.9760069444444,43.09686,-79.03709,2024-09-20T23:25:27.000000Z
2024,264.97601851851846,43.09686,-79.03708,2024-09-20T23:25:28.000000Z
2024,264.97603009259257,43.09686,-79.03708,2024-09-20T23:25:29.000000Z
2024,264.9760416666666,43.09686,-79.03707,2024-09-20T23:25:30.000000Z
2024,264.97605324074067,43.09686,-79.03707,2024-09-20T23:25:31.000000Z
2024,264.9760648148148,43.09686,-79.03707,2024-09-20T23:25:32.000000Z
2024,264.9760763888888,43.09686,-79.03707,2024-09-20T23:25:33.000000Z
2024,264.97608796296294,43.09686,-79.03707,2024-09-20T23:25:34.000000Z
2024,264.976099537037,43.09686,-79.03706,2024-09-20T23:25:35.000000Z
2024,264.9761111111111,43.09685,-79.03705,2024-09-20T23:25:36.000000Z
2024,264.97612268518515,43.09685,-79.03704,2024-09-20T23:25:37.000000Z
2024,264.9761342592592,43.09685,-79.03704,2024-09-20T23:25:38.000000Z
2024,264.9761458333333,43.09685,-79.03703,2024-09-20T23:25:39.000000Z
2024,264.97615740740736,43.09685,-79.03703,2024-09-20T23:25:40.000000Z
2024,264.97616898148146,43.09685,-79.03703,2024-09-20T23:25:41.000000Z
2024,264.9761805555555,43.09685,-79.03701,2024-09-20T23:25:42.000000Z
2024,264.97619212962957,43.09685,-79.037,2024-09-20T23:25:43.000000Z
2024,264.9762037037037,43.09685,-79.03699,2024-09-20T23:25:44.000000Z
2024,264.9762152777777,43.09684,-79.03698,2024-09-20T23:25:45.000000Z
2024,264.97622685185183,43.09684,-79.03697,2024-09-20T23:25:46.000000Z
2024,264.9762384259259,43.09684,-79.03697,2024-09-20T23:25:47.000000Z
2024,264.97624999999994,43.09684,-79.03697,2024-09-20T23:25:48.000000Z
2024,264.97626157407404,43.09684,-79.03696,2024-09-20T23:25:49.000000Z
2024,264.9762731481481,43.09684,-79.03695,2024-09-20T23:25:50.000000Z
2024,264.9762847222222,43.09683,-79.03694,2024-09-20T23:25:51.000000Z
2024,264.97629629629625,43.09683,-79.03694,2024-09-20T23:25:52.000000Z
2024,264.9763078703703,43.09683,-79.03693,2024-09-20T23:25:53.000000Z
2024,264.9763194444444,43.09683,-79.03692,2024-09-20T23:25:54.000000Z
2024,264.97633101851847,43.09683,-79.03691,2024-09-20T23:25:55.000000Z
2024,264.9763425925926,43.09683,-79.03691,2024-09-20T23:25:56.000000Z
2024,264.9763541666666,43.09683,-79.03691,2024-09-20T23:25:57.000000Z
2024,264.9763657407407,43.09683,-79.03691,2024-09-20T23:25:58.000000Z
2024,264.9763773148148,43.09683,-79.03691,2024-09-20T23:25:59.000000Z
2024,264.9763888888889,43.09683,-79.0369,2024-09-20T23:26:00.000000Z
2024,264.97640046296294,43.09683,-79.03691,2024-09-20T23:26:01.000000Z
2024,264.97641203703705,43.09683,-79.03691,2024-09-20T23:26:02.000000Z
2024,264.9764236111111,43.09683,-79.0369,2024-09-20T23:26:03.000000Z
2024,264.9764351851852,43.09683,-79.0369,2024-09-20T23:26:04.000000Z
2024,264.97644675925926,43.09683,-79.03689,2024-09-20T23:26:05.000000Z
2024,264.9764583333333,43.09683,-79.03689,2024-09-20T23:26:06.000000Z
2024,264.9764699074074,43.09683,-79.03689,2024-09-20T23:26:07.000000Z
2024,264.97648148148147,43.09683,-79.03688,2024-09-20T23:26:08.000000Z
2024,264.9764930555556,43.09683,-79.03688,2024-09-20T23:26:09.000000Z
2024,264.97650462962963,43.09683,-79.03688,2024-09-20T23:26:10.000000Z
2024,264.9765162037037,43.09683,-79.03688,2024-09-20T23:26:11.000000Z
2024,264.9765277777778,43.09683,-79.03689,2024-09-20T23:26:12.000000Z
2024,264.97653935185184,43.09683,-79.03689,2024-09-20T23:26:13.000000Z
2024,264.97655092592595,43.09683,-79.03689,2024-09-20T23:26:14.000000Z
2024,264.9765625,43.09683,-79.03689,2024-09-20T23:26:15.000000Z
2024,264.97657407407405,43.09683,-79.03689,2024-09-20T23:26:16.000000Z
2024,264.97658564814816,43.09683,-79.03689,2024-09-20T23:26:17.000000Z
2024,264.9765972222222,43.09684,-79.03689,2024-09-20T23:26:18.000000Z
2024,264.9766087962963,43.09683,-79.03688,2024-09-20T23:26:19.000000Z
2024,264.97662037037037,43.09683,-79.03688,2024-09-20T23:26:20.000000Z
2024,264.9766319444444,43.09683,-79.03686,2024-09-20T23:26:21.000000Z
2024,264.97664351851853,43.09682,-79.03685,2024-09-20T23:26:22.000000Z
2024,264.9766550925926,43.09683,-79.03685,2024-09-20T23:26:23.000000Z
2024,264.9766666666667,43.09683,-79.03684,2024-09-20T23:26:24.000000Z
2024,264.97667824074074,43.09683,-79.03684,2024-09-20T23:26:25.000000Z
2024,264.9766898148148,43.09683,-79.03684,2024-09-20T23:26:26.000000Z
2024,264.9767013888889,43.09683,-79.03684,2024-09-20T23:26:27.000000Z
2024,264.97671296296295,43.09683,-79.03685,2024-09-20T23:26:28.000000Z
2024,264.97672453703706,43.09683,-79.03686,2024-09-20T23:26:29.000000Z
2024,264.9767361111111,43.09683,-79.03686,2024-09-20T23:26:30.000000Z
2024,264.97674768518516,43.09683,-79.03686,2024-09-20T23:26:31.000000Z
2024,264.97675925925927,43.09684,-79.03686,2024-09-20T23:26:32.000000Z
2024,264.9767708333333,43.09684,-79.03685,2024-09-20T23:26:33.000000Z
2024,264.9767824074074,43.09683,-79.03685,2024-09-20T23:26:34.000000Z
2024,264.9767939814815,43.09683,-79.03684,2024-09-20T23:26:35.000000Z
2024,264.9768055555556,43.09683,-79.03684,2024-09-20T23:26:36.000000Z
2024,264.97681712962964,43.09683,-79.03684,2024-09-20T23:26:37.000000Z
2024,264.9768287037037,43.09683,-79.03684,2024-09-20T23:26:38.000000Z
2024,264.9768402777778,43.09683,-79.03684,2024-09-20T23:26:39.000000Z
2024,264.97685185185185,43.09683,-79.03684,2024-09-20T23:26:40.000000Z
2024,264.97686342592596,43.09683,-79.03684,2024-09-20T23:26:41.000000Z
2024,264.976875,43.09683,-79.03684,2024-09-20T23:26:42.000000Z
2024,264.97688657407406,43.09683,-79.03684,2024-09-20T23:26:43.000000Z
2024,264.97689814814817,43.09683,-79.03683,2024-09-20T23:26:44.000000Z
2024,264.9769097222222,43.09683,-79.03683,2024-09-20T23:26:45.000000Z
2024,264.9769212962963,43.09683,-79.03684,2024-09-20T23:26:46.000000Z
2024,264.9769328703704,43.09683,-79.03683,2024-09-20T23:26:47.000000Z
2024,264.9769444444444,43.09683,-79.03683,2024-09-20T23:26:48.000000Z
2024,264.97695601851854,43.09683,-79.03683,2024-09-20T23:26:49.000000Z
2024,264.9769675925926,43.09683,-79.03683,2024-09-20T23:26:50.000000Z
2024,264.9769791666667,43.09683,-79.03683,2024-09-20T23:26:51.000000Z
2024,264.97699074074075,43.09683,-79.03683,2024-09-20T23:26:52.000000Z
2024,264.9770023148148,43.09683,-79.03683,2024-09-20T23:26:53.000000Z
2024,264.9770138888889,43.09683,-79.03683,2024-09-20T23:26:54.000000Z
2024,264.97702546296296,43.09683,-79.03683,2024-09-20T23:26:55.000000Z
2024,264.97703703703706,43.09683,-79.03684,2024-09-20T23:26:56.000000Z
2024,264.9770486111111,43.09683,-79.03683,2024-09-20T23:26:57.000000Z
2024,264.97706018518517,43.09683,-79.03684,2024-09-20T23:26:58.000000Z
2024,264.9770717592593,43.09683,-79.03684,2024-09-20T23:26:59.000000Z
2024,264.9770833333333,43.09683,-79.03684,2024-09-20T23:27:00.000000Z
2024,264.9770949074074,43.09683,-79.03684,2024-09-20T23:27:01.000000Z
2024,264.9771064814815,43.09683,-79.03684,2024-09-20T23:27:02.000000Z
2024,264.97711805555554,43.09683,-79.03684,2024-09-20T23:27:03.000000Z
2024,264.97712962962964,43.09683,-79.03684,2024-09-20T23:27:04.000000Z
2024,264.9771412037037,43.09683,-79.03684,2024-09-20T23:27:05.000000Z
2024,264.97715277777775,43.09683,-79.03684,2024-09-20T23:27:06.000000Z
2024,264.97716435185185,43.09683,-79.03684,2024-09-20T23:27:07.000000Z
2024,264.9771759259259,43.09683,-79.03684,2024-09-20T23:27:08.000000Z
2024,264.9771875,43.09683,-79.03684,2024-09-20T23:27:09.000000Z
2024,264.97719907407406,43.09683,-79.03684,2024-09-20T23:27:10.000000Z
2024,264.9772106481481,43.09683,-79.03684,2024-09-20T23:27:11.000000Z
2024,264.9772222222222,43.09683,-79.03684,2024-09-20T23:27:12.000000Z
2024,264.9772337962963,43.09683,-79.03684,2024-09-20T23:27:13.000000Z
2024,264.9772453703704,43.09683,-79.03684,2024-09-20T23:27:14.000000Z
2024,264.97725694444443,43.09683,-79.03684,2024-09-20T23:27:15.000000Z
2024,264.9772685185185,43.09683,-79.03684,2024-09-20T23:27:16.000000Z
2024,264.9772800925926,43.09683,-79.03684,2024-09-20T23:27:17.000000Z
2024,264.97729166666664,43.09683,-79.03684,2024-09-20T23:27:18.000000Z
2024,264.97730324074075,43.09683,-79.03684,2024-09-20T23:27:19.000000Z
2024,264.9773148148148,43.09683,-79.03684,2024-09-20T23:27:20.000000Z
2024,264.97732638888886,43.09683,-79.03684,2024-09-20T23:27:21.000000Z
2024,264.97733796296296,43.09683,-79.03684,2024-09-20T23:27:22.000000Z
2024,264.977349537037,43.09683,-79.03684,2024-09-20T23:27:23.000000Z
2024,264.9773611111111,43.09683,-79.03684,2024-09-20T23:27:24.000000Z
2024,264.9773726851852,43.09683,-79.03684,2024-09-20T23:27:25.000000Z
2024,264.9773842592592,43.09683,-79.03684,2024-09-20T23:27:26.000000Z
2024,264.97739583333333,43.09683,-79.03684,2024-09-20T23:27:27.000000Z
2024,264.9774074074074,43.09683,-79.03684,2024-09-20T23:27:28.000000Z
2024,264.9774189814815,43.09683,-79.03684,2024-09-20T23:27:29.000000Z
2024,264.97743055555554,43.09683,-79.03684,2024-09-20T23:27:30.000000Z
2024,264.9774421296296,43.09683,-79.03684,2024-09-20T23:27:31.000000Z
2024,264.9774537037037,43.09683,-79.03684,2024-09-20T23:27:32.000000Z
2024,264.97746527777775,43.09683,-79.03684,2024-09-20T23:27:33.000000Z
2024,264.97747685185186,43.09683,-79.03684,2024-09-20T23:27:34.000000Z
2024,264.9774884259259,43.09683,-79.03684,2024-09-20T23:27:35.000000Z
2024,264.9775,43.09683,-79.03684,2024-09-20T23:27:36.000000Z
2024,264.9775115740741,43.09683,-79.03684,2024-09-20T23:27:37.000000Z
2024,264.9775231481481,43.09683,-79.03684,2024-09-20T23:27:38.000000Z
2024,264.97753472222223,43.09683,-79.03684,2024-09-20T23:27:39.000000Z
2024,264.9775462962963,43.09683,-79.03684,2024-09-20T23:27:40.000000Z
2024,264.9775578703704,43.09683,-79.03684,2024-09-20T23:27:41.000000Z
2024,264.97756944444444,43.09683,-79.03684,2024-09-20T23:27:42.000000Z
2024,264.9775810185185,43.09683,-79.03684,2024-09-20T23:27:43.000000Z
2024,264.9775925925926,43.09683,-79.03684,2024-09-20T23:27:44.000000Z
2024,264.97760416666665,43.09683,-79.03684,2024-09-20T23:27:45.000000Z
2024,264.97761574074076,43.09684,-79.03684,2024-09-20T23:27:46.000000Z
2024,264.9776273148148,43.09684,-79.03684,2024-09-20T23:27:47.000000Z
2024,264.97763888888886,43.09684,-79.03684,2024-09-20T23:27:48.000000Z
2024,264.97765046296297,43.09684,-79.03684,2024-09-20T23:27:49.000000Z
2024,264.977662037037,43.09684,-79.03684,2024-09-20T23:27:50.000000Z
2024,264.97767361111113,43.09684,-79.03684,2024-09-20T23:27:51.000000Z
2024,264.9776851851852,43.09684,-79.03684,2024-09-20T23:27:52.000000Z
2024,264.97769675925923,43.09684,-79.03684,2024-09-20T23:27:53.000000Z
2024,264.97770833333334,43.09684,-79.03684,2024-09-20T23:27:54.000000Z
2024,264.9777199074074,43.09684,-79.03684,2024-09-20T23:27:55.000000Z
2024,264.9777314814815,43.09684,-79.03684,2024-09-20T23:27:56.000000Z
2024,264.97774305555555,43.09684,-79.03684,2024-09-20T23:27:57.000000Z
2024,264.9777546296296,43.09684,-79.03684,2024-09-20T23:27:58.000000Z
2024,264.9777662037037,43.09684,-79.03684,2024-09-20T23:27:59.000000Z
2024,264.97777777777776,43.09684,-79.03684,2024-09-20T23:28:00.000000Z
2024,264.9777893518518,43.09684,-79.03684,2024-09-20T23:28:01.000000Z
2024,264.9778009259259,43.09684,-79.03684,2024-09-20T23:28:02.000000Z
2024,264.97781249999997,43.09684,-79.03684,2024-09-20T23:28:03.000000Z
2024,264.9778240740741,43.09684,-79.03684,2024-09-20T23:28:04.000000Z
2024,264.97783564814813,43.09684,-79.03684,2024-09-20T23:28:05.000000Z
2024,264.9778472222222,43.09684,-79.03684,2024-09-20T23:28:06.000000Z
2024,264.9778587962963,43.09684,-79.03684,2024-09-20T23:28:07.000000Z
2024,264.97787037037034,43.09684,-79.03685,2024-09-20T23:28:08.000000Z
2024,264.97788194444445,43.09684,-79.03685,2024-09-20T23:28:09.000000Z
2024,264.9778935185185,43.09684,-79.03685,2024-09-20T23:28:10.000000Z
2024,264.97790509259255,43.09684,-79.03685,2024-09-20T23:28:11.000000Z
2024,264.97791666666666,43.09684,-79.03685,2024-09-20T23:28:12.000000Z
2024,264.9779282407407,43.09684,-79.03685,2024-09-20T23:28:13.000000Z
2024,264.9779398148148,43.09684,-79.03685,2024-09-20T23:28:14.000000Z
2024,264.97795138888887,43.09684,-79.03685,2024-09-20T23:28:15.000000Z
2024,264.9779629629629,43.09684,-79.03685,2024-09-20T23:28:16.000000Z
2024,264.977974537037,43.09684,-79.03685,2024-09-20T23:28:17.000000Z
2024,264.9779861111111,43.09684,-79.03685,2024-09-20T23:28:18.000000Z
2024,264.9779976851852,43.09684,-79.03685,2024-09-20T23:28:19.000000Z
2024,264.97800925925924,43.09684,-79.03685,2024-09-20T23:28:20.000000Z
2024,264.9780208333333,43.09684,-79.03685,2024-09-20T23:28:21.000000Z
2024,264.9780324074074,43.09684,-79.03685,2024-09-20T23:28:22.000000Z
2024,264.97804398148145,43.09684,-79.03685,2024-09-20T23:28:23.000000Z
2024,264.97805555555556,43.09684,-79.03685,2024-09-20T23:28:24.000000Z
2024,264.9780671296296,43.09684,-79.03685,2024-09-20T23:28:25.000000Z
2024,264.97807870370366,43.09684,-79.03685,2024-09-20T23:28:26.000000Z
2024,264.97809027777777,43.09684,-79.03685,2024-09-20T23:28:27.000000Z
2024,264.9781018518518,43.09684,-79.03685,2024-09-20T23:28:28.000000Z
2024,264.9781134259259,43.09684,-79.03685,2024-09-20T23:28:29.000000Z
2024,264.978125,43.09684,-79.03685,2024-09-20T23:28:30.000000Z
2024,264.97813657407403,43.09684,-79.03685,2024-09-20T23:28:31.000000Z
2024,264.97814814814814,43.09684,-79.03685,2024-09-20T23:28:32.000000Z
2024,264.9781597222222,43.09684,-79.03685,2024-09-20T23:28:33.000000Z
2024,264.9781712962963,43.09684,-79.03685,2024-09-20T23:28:34.000000Z
2024,264.97818287037035,43.09684,-79.03685,2024-09-20T23:28:35.000000Z
2024,264.97819444444445,43.09684,-79.03685,2024-09-20T23:28:36.000000Z
2024,264.9782060185185,43.09684,-79.03685,2024-09-20T23:28:37.000000Z
2024,264.97821759259256,43.09684,-79.03685,2024-09-20T23:28:38.000000Z
2024,264.97822916666667,43.09684,-79.03685,2024-09-20T23:28:39.000000Z
2024,264.9782407407407,43.09684,-79.03685,2024-09-20T23:28:40.000000Z
2024,264.9782523148148,43.09684,-79.03685,2024-09-20T23:28:41.000000Z
2024,264.9782638888889,43.09684,-79.03685,2024-09-20T23:28:42.000000Z
2024,264.9782754629629,43.09684,-79.03686,2024-09-20T23:28:43.000000Z
2024,264.97828703703703,43.09684,-79.03685,2024-09-20T23:28:44.000000Z
2024,264.9782986111111,43.09684,-79.03685,2024-09-20T23:28:45.000000Z
2024,264.9783101851852,43.09684,-79.03686,2024-09-20T23:28:46.000000Z
2024,264.97832175925925,43.09684,-79.03686,2024-09-20T23:28:47.000000Z
2024,264.9783333333333,43.09684,-79.03686,2024-09-20T23:28:48.000000Z
2024,264.9783449074074,43.09684,-79.03686,2024-09-20T23:28:49.000000Z
2024,264.97835648148146,43.09684,-79.03686,2024-09-20T23:28:50.000000Z
2024,264.97836805555556,43.09684,-79.03686,2024-09-20T23:28:51.000000Z
2024,264.9783796296296,43.09684,-79.03686,2024-09-20T23:28:52.000000Z
2024,264.97839120370367,43.09684,-79.03686,2024-09-20T23:28:53.000000Z
2024,264.9784027777778,43.09684,-79.03686,2024-09-20T23:28:54.000000Z
2024,264.9784143518518,43.09684,-79.03686,2024-09-20T23:28:55.000000Z
2024,264.97842592592593,43.09685,-79.03686,2024-09-20T23:28:56.000000Z
2024,264.9784375,43.09685,-79.03686,2024-09-20T23:28:57.000000Z
2024,264.97844907407404,43.09685,-79.03686,2024-09-20T23:28:58.000000Z
2024,264.97846064814814,43.09685,-79.03686,2024-09-20T23:28:59.000000Z
2024,264.9784722222222,43.09685,-79.03686,2024-09-20T23:29:00.000000Z
2024,264.97848379629625,43.09685,-79.03686,2024-09-20T23:29:01.000000Z
2024,264.97849537037035,43.09685,-79.03686,2024-09-20T23:29:02.000000Z
2024,264.9785069444444,43.09685,-79.03686,2024-09-20T23:29:03.000000Z
2024,264.9785185185185,43.09685,-79.03686,2024-09-20T23:29:04.000000Z
2024,264.97853009259256,43.09685,-79.03686,2024-09-20T23:29:05.000000Z
2024,264.9785416666666,43.09685,-79.03686,2024-09-20T23:29:06.000000Z
2024,264.9785532407407,43.09685,-79.03686,2024-09-20T23:29:07.000000Z
2024,264.9785648148148,43.09685,-79.03686,2024-09-20T23:29:08.000000Z
2024,264.9785763888889,43.09685,-79.03686,2024-09-20T23:29:09.000000Z
2024,264.97858796296293,43.09685,-79.03686,2024-09-20T23:29:10.000000Z
2024,264.978599537037,43.09685,-79.03686,2024-09-20T23:29:11.000000Z
2024,264.9786111111111,43.09685,-79.03687,2024-09-20T23:29:12.000000Z
2024,264.97862268518514,43.09685,-79.03687,2024-09-20T23:29:13.000000Z
2024,264.97863425925925,43.09685,-79.03687,2024-09-20T23:29:14.000000Z
2024,264.9786458333333,43.09685,-79.03687,2024-09-20T23:29:15.000000Z
2024,264.97865740740735,43.09685,-79.03687,2024-09-20T23:29:16.000000Z
2024,264.97866898148146,43.09685,-79.03687,2024-09-20T23:29:17.000000Z
2024,264.9786805555555,43.09685,-79.03687,2024-09-20T23:29:18.000000Z
2024,264.9786921296296,43.09685,-79.03687,2024-09-20T23:29:19.000000Z
2024,264.9787037037037,43.09685,-79.03687,2024-09-20T23:29:20.000000Z
2024,264.9787152777777,43.09685,-79.03687,2024-09-20T23:29:21.000000Z
2024,264.97872685185183,43.09685,-79.03687,2024-09-20T23:29:22.000000Z
2024,264.9787384259259,43.09685,-79.03687,2024-09-20T23:29:23.000000Z
2024,264.97875,43.09685,-79.03687,2024-09-20T23:29:24.000000Z
2024,264.97876157407404,43.09685,-79.03687,2024-09-20T23:29:25.000000Z
2024,264.9787731481481,43.09685,-79.03687,2024-09-20T23:29:26.000000Z
2024,264.9787847222222,43.09685,-79.03687,2024-09-20T23:29:27.000000Z
2024,264.97879629629625,43.09685,-79.03687,2024-09-20T23:29:28.000000Z
2024,264.97880787037036,43.09685,-79.03686,2024-09-20T23:29:29.000000Z
2024,264.9788194444444,43.09684,-79.03686,2024-09-20T23:29:30.000000Z
2024,264.97883101851846,43.09684,-79.03687,2024-09-20T23:29:31.000000Z
2024,264.97884259259257,43.09685,-79.03687,2024-09-20T23:29:32.000000Z
2024,264.9788541666666,43.09685,-79.03687,2024-09-20T23:29:33.000000Z
2024,264.97886574074073,43.09685,-79.03687,2024-09-20T23:29:34.000000Z
2024,264.9788773148148,43.09685,-79.03687,2024-09-20T23:29:35.000000Z
2024,264.9788888888889,43.09685,-79.03686,2024-09-20T23:29:36.000000Z
2024,264.97890046296294,43.09685,-79.03686,2024-09-20T23:29:37.000000Z
2024,264.978912037037,43.09685,-79.03686,2024-09-20T23:29:38.000000Z
2024,264.9789236111111,43.09684,-79.03686,2024-09-20T23:29:39.000000Z
2024,264.97893518518515,43.09684,-79.03686,2024-09-20T23:29:40.000000Z
2024,264.97894675925926,43.09684,-79.03687,2024-09-20T23:29:41.000000Z
2024,264.9789583333333,43.09685,-79.03687,2024-09-20T23:29:42.000000Z
2024,264.97896990740736,43.09685,-79.03687,2024-09-20T23:29:43.000000Z
2024,264.97898148148147,43.09685,-79.03687,2024-09-20T23:29:44.000000Z
2024,264.9789930555555,43.09685,-79.03687,2024-09-20T23:29:45.000000Z
2024,264.9790046296296,43.09685,-79.03687,2024-09-20T23:29:46.000000Z
2024,264.9790162037037,43.09685,-79.03687,2024-09-20T23:29:47.000000Z
2024,264.97902777777773,43.09685,-79.03687,2024-09-20T23:29:48.000000Z
2024,264.97903935185184,43.09685,-79.03687,2024-09-20T23:29:49.000000Z
2024,264.9790509259259,43.09685,-79.03687,2024-09-20T23:29:50.000000Z
2024,264.9790625,43.09685,-79.03687,2024-09-20T23:29:51.000000Z
2024,264.97907407407405,43.09685,-79.03687,2024-09-20T23:29:52.000000Z
2024,264.9790856481481,43.09685,-79.03687,2024-09-20T23:29:53.000000Z
2024,264.9790972222222,43.09685,-79.03687,2024-09-20T23:29:54.000000Z
2024,264.97910879629626,43.09685,-79.03687,2024-09-20T23:29:55.000000Z
2024,264.97912037037037,43.09685,-79.03687,2024-09-20T23:29:56.000000Z
2024,264.9791319444444,43.09685,-79.03687,2024-09-20T23:29:57.000000Z
2024,264.97914351851847,43.09685,-79.03687,2024-09-20T23:29:58.000000Z
2024,264.9791550925926,43.09685,-79.03687,2024-09-20T23:29:59.000000Z
2024,264.97916666666663,43.09684,-79.03687,2024-09-20T23:30:00.000000Z
2024,264.9791782407407,43.09684,-79.03687,2024-09-20T23:30:01.000000Z
2024,264.9791898148148,43.09684,-79.03686,2024-09-20T23:30:02.000000Z
2024,264.97920138888884,43.09684,-79.03686,2024-09-20T23:30:03.000000Z
2024,264.97921296296295,43.09684,-79.03686,2024-09-20T23:30:04.000000Z
2024,264.979224537037,43.09684,-79.03686,2024-09-20T23:30:05.000000Z
2024,264.97923611111105,43.09684,-79.03687,2024-09-20T23:30:06.000000Z
2024,264.97924768518516,43.09684,-79.03687,2024-09-20T23:30:07.000000Z
2024,264.9792592592592,43.09684,-79.03686,2024-09-20T23:30:08.000000Z
2024,264.9792708333333,43.09684,-79.03686,2024-09-20T23:30:09.000000Z
2024,264.97928240740737,43.09684,-79.03686,2024-09-20T23:30:10.000000Z
2024,264.9792939814814,43.09684,-79.03686,2024-09-20T23:30:11.000000Z
2024,264.9793055555555,43.09684,-79.03687,2024-09-20T23:30:12.000000Z
2024,264.9793171296296,43.09684,-79.03686,2024-09-20T23:30:13.000000Z
2024,264.9793287037037,43.09684,-79.03686,2024-09-20T23:30:14.000000Z
2024,264.97934027777774,43.09684,-79.03686,2024-09-20T23:30:15.000000Z
2024,264.9793518518518,43.09684,-79.03686,2024-09-20T23:30:16.000000Z
2024,264.9793634259259,43.09684,-79.03686,2024-09-20T23:30:17.000000Z
2024,264.97937499999995,43.09684,-79.03686,2024-09-20T23:30:18.000000Z
2024,264.97938657407406,43.09684,-79.03685,2024-09-20T23:30:19.000000Z
2024,264.9793981481481,43.09684,-79.03685,2024-09-20T23:30:20.000000Z
2024,264.97940972222216,43.09684,-79.03685,2024-09-20T23:30:21.000000Z
2024,264.97942129629627,43.09684,-79.03685,2024-09-20T23:30:22.000000Z
2024,264.9794328703703,43.09684,-79.03684,2024-09-20T23:30:23.000000Z
2024,264.9794444444444,43.09684,-79.03684,2024-09-20T23:30:24.000000Z
2024,264.9794560185185,43.09684,-79.03685,2024-09-20T23:30:25.000000Z
2024,264.9794675925925,43.09684,-79.03685,2024-09-20T23:30:26.000000Z
2024,264.97947916666664,43.09684,-79.03685,2024-09-20T23:30:27.000000Z
2024,264.9794907407407,43.09684,-79.03685,2024-09-20T23:30:28.000000Z
2024,264.9795023148148,43.09684,-79.03684,2024-09-20T23:30:29.000000Z
2024,264.97951388888885,43.09684,-79.03685,2024-09-20T23:30:30.000000Z
2024,264.9795254629629,43.09684,-79.03685,2024-09-20T23:30:31.000000Z
2024,264.979537037037,43.09684,-79.03685,2024-09-20T23:30:32.000000Z
2024,264.97954861111106,43.09684,-79.03685,2024-09-20T23:30:33.000000Z
2024,264.97956018518516,43.09684,-79.03684,2024-09-20T23:30:34.000000Z
2024,264.9795717592592,43.09684,-79.03684,2024-09-20T23:30:35.000000Z
2024,264.9795833333333,43.09684,-79.03685,2024-09-20T23:30:36.000000Z
2024,264.9795949074074,43.09684,-79.03685,2024-09-20T23:30:37.000000Z
2024,264.9796064814814,43.09684,-79.03685,2024-09-20T23:30:38.000000Z
2024,264.97961805555553,43.09684,-79.03685,2024-09-20T23:30:39.000000Z
2024,264.9796296296296,43.09684,-79.03685,2024-09-20T23:30:40.000000Z
2024,264.9796412037037,43.09684,-79.03685,2024-09-20T23:30:41.000000Z
2024,264.97965277777774,43.09684,-79.03685,2024-09-20T23:30:42.000000Z
2024,264.9796643518518,43.09684,-79.03685,2024-09-20T23:30:43.000000Z
2024,264.9796759259259,43.09684,-79.03685,2024-09-20T23:30:44.000000Z
2024,264.97968749999995,43.09684,-79.03685,2024-09-20T23:30:45.000000Z
2024,264.97969907407406,43.09684,-79.03685,2024-09-20T23:30:46.000000Z
2024,264.9797106481481,43.09684,-79.03685,2024-09-20T23:30:47.000000Z
2024,264.97972222222216,43.09684,-79.03685,2024-09-20T23:30:48.000000Z
2024,264.9797337962963,43.09684,-79.03685,2024-09-20T23:30:49.000000Z
2024,264.9797453703703,43.09684,-79.03685,2024-09-20T23:30:50.000000Z
2024,264.97975694444443,43.09684,-79.03685,2024-09-20T23:30:51.000000Z
2024,264.9797685185185,43.09684,-79.03684,2024-09-20T23:30:52.000000Z
2024,264.97978009259253,43.09684,-79.03684,2024-09-20T23:30:53.000000Z
2024,264.97979166666664,43.09684,-79.03685,2024-09-20T23:30:54.000000Z
2024,264.9798032407407,43.09684,-79.03685,2024-09-20T23:30:55.000000Z
2024,264.9798148148148,43.09684,-79.03684,2024-09-20T23:30:56.000000Z
2024,264.97982638888885,43.09684,-79.03684,2024-09-20T23:30:57.000000Z
2024,264.9798379629629,43.09684,-79.03684,2024-09-20T23:30:58.000000Z
2024,264.979849537037,43.09684,-79.03684,2024-09-20T23:30:59.000000Z
2024,264.9798611111111,43.09684,-79.03684,2024-09-20T23:31:00.000000Z
2024,264.97987268518517,43.09684,-79.03684,2024-09-20T23:31:01.000000Z
2024,264.9798842592593,43.09684,-79.03684,2024-09-20T23:31:02.000000Z
2024,264.97989583333333,43.09684,-79.03684,2024-09-20T23:31:03.000000Z
2024,264.97990740740744,43.09684,-79.03684,2024-09-20T23:31:04.000000Z
2024,264.9799189814815,43.09684,-79.03684,2024-09-20T23:31:05.000000Z
2024,264.97993055555554,43.09684,-79.03684,2024-09-20T23:31:06.000000Z
2024,264.97994212962965,43.09684,-79.03684,2024-09-20T23:31:07.000000Z
2024,264.9799537037037,43.09684,-79.03684,2024-09-20T23:31:08.000000Z
2024,264.9799652777778,43.09684,-79.03684,2024-09-20T23:31:09.000000Z
2024,264.97997685185186,43.09684,-79.03684,2024-09-20T23:31:10.000000Z
2024,264.9799884259259,43.09684,-79.03684,2024-09-20T23:31:11.000000Z
2024,264.98,43.09684,-79.03684,2024-09-20T23:31:12.000000Z
2024,264.98001157407407,43.09684,-79.03684,2024-09-20T23:31:13.000000Z
2024,264.9800231481482,43.09684,-79.03684,2024-09-20T23:31:14.000000Z
2024,264.98003472222223,43.09684,-79.03684,2024-09-20T23:31:15.000000Z
2024,264.9800462962963,43.09684,-79.03684,2024-09-20T23:31:16.000000Z
2024,264.9800578703704,43.09684,-79.03684,2024-09-20T23:31:17.000000Z
2024,264.98006944444444,43.09684,-79.03684,2024-09-20T23:31:18.000000Z
2024,264.98008101851855,43.09684,-79.03684,2024-09-20T23:31:19.000000Z
2024,264.9800925925926,43.09684,-79.03684,2024-09-20T23:31:20.000000Z
2024,264.98010416666665,43.09684,-79.03684,2024-09-20T23:31:21.000000Z
2024,264.98011574074076,43.09684,-79.03684,2024-09-20T23:31:22.000000Z
2024,264.9801273148148,43.09684,-79.03684,2024-09-20T23:31:23.000000Z
2024,264.9801388888889,43.09684,-79.03684,2024-09-20T23:31:24.000000Z
2024,264.98015046296297,43.09684,-79.03684,2024-09-20T23:31:25.000000Z
2024,264.980162037037,43.09684,-79.03684,2024-09-20T23:31:26.000000Z
2024,264.9801736111111,43.09684,-79.03684,2024-09-20T23:31:27.000000Z
2024,264.9801967592593,43.09684,-79.03685,2024-09-20T23:31:29.000000Z
2024,264.98020833333334,43.09684,-79.03685,2024-09-20T23:31:30.000000Z
2024,264.9802199074074,43.09684,-79.03685,2024-09-20T23:31:31.000000Z
2024,264.9802314814815,43.09684,-79.03685,2024-09-20T23:31:32.000000Z
2024,264.98024305555555,43.09684,-79.03685,2024-09-20T23:31:33.000000Z
2024,264.98025462962966,43.09684,-79.03685,2024-09-20T23:31:34.000000Z
2024,264.9802662037037,43.09684,-79.03685,2024-09-20T23:31:35.000000Z
2024,264.9802777777778,43.09684,-79.03685,2024-09-20T23:31:36.000000Z
2024,264.98028935185187,43.09684,-79.03685,2024-09-20T23:31:37.000000Z
2024,264.9803009259259,43.09684,-79.03685,2024-09-20T23:31:38.000000Z
2024,264.9803125,43.09684,-79.03685,2024-09-20T23:31:39.000000Z
2024,264.9803240740741,43.09684,-79.03685,2024-09-20T23:31:40.000000Z
2024,264.9803356481482,43.09684,-79.03685,2024-09-20T23:31:41.000000Z
2024,264.98034722222224,43.09684,-79.03685,2024-09-20T23:31:42.000000Z
2024,264.9803587962963,43.09684,-79.03685,2024-09-20T23:31:43.000000Z
2024,264.9803703703704,43.09684,-79.03685,2024-09-20T23:31:44.000000Z
2024,264.98038194444445,43.09684,-79.03685,2024-09-20T23:31:45.000000Z
2024,264.98039351851855,43.09684,-79.03685,2024-09-20T23:31:46.000000Z
2024,264.9804050925926,43.09684,-79.03685,2024-09-20T23:31:47.000000Z
2024,264.98041666666666,43.09684,-79.03685,2024-09-20T23:31:48.000000Z
2024,264.98042824074076,43.09684,-79.03685,2024-09-20T23:31:49.000000Z
2024,264.9804398148148,43.09684,-79.03685,2024-09-20T23:31:50.000000Z
2024,264.9804513888889,43.09684,-79.03685,2024-09-20T23:31:51.000000Z
2024,264.980462962963,43.09684,-79.03685,2024-09-20T23:31:52.000000Z
2024,264.980474537037,43.09684,-79.03685,2024-09-20T23:31:53.000000Z
2024,264.98048611111113,43.09684,-79.03685,2024-09-20T23:31:54.000000Z
2024,264.9804976851852,43.09684,-79.03685,2024-09-20T23:31:55.000000Z
2024,264.9805092592593,43.09684,-79.03685,2024-09-20T23:31:56.000000Z
2024,264.98052083333334,43.09684,-79.03685,2024-09-20T23:31:57.000000Z
2024,264.9805324074074,43.09684,-79.03685,2024-09-20T23:31:58.000000Z
2024,264.9805439814815,43.09684,-79.03685,2024-09-20T23:31:59.000000Z
2024,264.98055555555555,43.09684,-79.03686,2024-09-20T23:32:00.000000Z
2024,264.9805671296296,43.09684,-79.03685,2024-09-20T23:32:01.000000Z
2024,264.9805787037037,43.09684,-79.03685,2024-09-20T23:32:02.000000Z
2024,264.98059027777776,43.09684,-79.03686,2024-09-20T23:32:03.000000Z
2024,264.9806018518519,43.09684,-79.03685,2024-09-20T23:32:04.000000Z
2024,264.9806134259259,43.09684,-79.03685,2024-09-20T23:32:05.000000Z
2024,264.980625,43.09684,-79.03685,2024-09-20T23:32:06.000000Z
2024,264.9806365740741,43.09685,-79.03686,2024-09-20T23:32:07.000000Z
2024,264.98064814814813,43.09685,-79.03685,2024-09-20T23:32:08.000000Z
2024,264.98065972222224,43.09685,-79.03686,2024-09-20T23:32:09.000000Z
2024,264.9806712962963,43.09685,-79.03686,2024-09-20T23:32:10.000000Z
2024,264.98068287037034,43.09685,-79.03686,2024-09-20T23:32:11.000000Z
2024,264.98069444444445,43.09685,-79.03686,2024-09-20T23:32:12.000000Z
2024,264.9807060185185,43.09685,-79.03686,2024-09-20T23:32:13.000000Z
2024,264.9807175925926,43.09685,-79.03686,2024-09-20T23:32:14.000000Z
2024,264.98072916666666,43.09685,-79.03686,2024-09-20T23:32:15.000000Z
2024,264.9807407407407,43.09685,-79.03686,2024-09-20T23:32:16.000000Z
2024,264.9807523148148,43.09684,-79.03686,2024-09-20T23:32:17.000000Z
2024,264.9807638888889,43.09684,-79.03686,2024-09-20T23:32:18.000000Z
2024,264.980775462963,43.09685,-79.03686,2024-09-20T23:32:19.000000Z
2024,264.98078703703703,43.09685,-79.03686,2024-09-20T23:32:20.000000Z
2024,264.9807986111111,43.09685,-79.03686,2024-09-20T23:32:21.000000Z
2024,264.9808101851852,43.09685,-79.03686,2024-09-20T23:32:22.000000Z
2024,264.98082175925924,43.09685,-79.03686,2024-09-20T23:32:23.000000Z
2024,264.98083333333335,43.09685,-79.03686,2024-09-20T23:32:24.000000Z
2024,264.9808449074074,43.09685,-79.03687,2024-09-20T23:32:25.000000Z
2024,264.98085648148145,43.09685,-79.03687,2024-09-20T23:32:26.000000Z
2024,264.98086805555556,43.09685,-79.03687,2024-09-20T23:32:27.000000Z
2024,264.9808796296296,43.09685,-79.03687,2024-09-20T23:32:28.000000Z
2024,264.9808912037037,43.09685,-79.03686,2024-09-20T23:32:29.000000Z
2024,264.98090277777777,43.09685,-79.03687,2024-09-20T23:32:30.000000Z
2024,264.9809143518518,43.09685,-79.03687,2024-09-20T23:32:31.000000Z
2024,264.98092592592593,43.09685,-79.03687,2024-09-20T23:32:32.000000Z
2024,264.9809375,43.09685,-79.03687,2024-09-20T23:32:33.000000Z
2024,264.9809490740741,43.09685,-79.03687,2024-09-20T23:32:34.000000Z
2024,264.98097222222225,43.09685,-79.03687,2024-09-20T23:32:36.000000Z
2024,264.9809837962963,43.09685,-79.03687,2024-09-20T23:32:37.000000Z
2024,264.98099537037035,43.09685,-79.03687,2024-09-20T23:32:38.000000Z
2024,264.98100694444446,43.09685,-79.03687,2024-09-20T23:32:39.000000Z
2024,264.9810185185185,43.09685,-79.03687,2024-09-20T23:32:40.000000Z
2024,264.9810300925926,43.09685,-79.03688,2024-09-20T23:32:41.000000Z
2024,264.98104166666667,43.09685,-79.03687,2024-09-20T23:32:42.000000Z
2024,264.9810532407407,43.09684,-79.03687,2024-09-20T23:32:43.000000Z
2024,264.98106481481483,43.09684,-79.03688,2024-09-20T23:32:44.000000Z
2024,264.9810763888889,43.09684,-79.03688,2024-09-20T23:32:45.000000Z
2024,264.981087962963,43.09684,-79.03688,2024-09-20T23:32:46.000000Z
2024,264.98109953703704,43.09684,-79.03688,2024-09-20T23:32:47.000000Z
2024,264.9811111111111,43.09684,-79.03687,2024-09-20T23:32:48.000000Z
2024,264.9811226851852,43.09684,-79.03688,2024-09-20T23:32:49.000000Z
2024,264.98113425925925,43.09684,-79.03688,2024-09-20T23:32:50.000000Z
2024,264.98114583333336,43.09684,-79.03688,2024-09-20T23:32:51.000000Z
2024,264.9811574074074,43.09684,-79.03688,2024-09-20T23:32:52.000000Z
2024,264.98116898148146,43.09684,-79.03688,2024-09-20T23:32:53.000000Z
2024,264.98118055555557,43.09684,-79.03688,2024-09-20T23:32:54.000000Z
2024,264.9811921296296,43.09684,-79.03688,2024-09-20T23:32:55.000000Z
2024,264.9812037037037,43.09684,-79.03688,2024-09-20T23:32:56.000000Z
2024,264.9812152777778,43.09684,-79.03688,2024-09-20T23:32:57.000000Z
2024,264.98122685185183,43.09684,-79.03688,2024-09-20T23:32:58.000000Z
2024,264.98123842592594,43.09684,-79.03688,2024-09-20T23:32:59.000000Z
2024,264.98125,43.09684,-79.03688,2024-09-20T23:33:00.000000Z
2024,264.98126157407404,43.09684,-79.03688,2024-09-20T23:33:01.000000Z
2024,264.98127314814815,43.09684,-79.03688,2024-09-20T23:33:02.000000Z
2024,264.9812847222222,43.09684,-79.03688,2024-09-20T23:33:03.000000Z
2024,264.9812962962963,43.09684,-79.03688,2024-09-20T23:33:04.000000Z
2024,264.98130787037036,43.09684,-79.03688,2024-09-20T23:33:05.000000Z
2024,264.9813194444444,43.09684,-79.03688,2024-09-20T23:33:06.000000Z
2024,264.9813310185185,43.09684,-79.03688,2024-09-20T23:33:07.000000Z
2024,264.98134259259257,43.09684,-79.03688,2024-09-20T23:33:08.000000Z
2024,264.9813541666667,43.09684,-79.03688,2024-09-20T23:33:09.000000Z
2024,264.9813657407407,43.09684,-79.03688,2024-09-20T23:33:10.000000Z
2024,264.9813773148148,43.09684,-79.03688,2024-09-20T23:33:11.000000Z
2024,264.9813888888889,43.09684,-79.03688,2024-09-20T23:33:12.000000Z
2024,264.98140046296294,43.09684,-79.03688,2024-09-20T23:33:13.000000Z
2024,264.98141203703705,43.09684,-79.03688,2024-09-20T23:33:14.000000Z
2024,264.9814236111111,43.09684,-79.03688,2024-09-20T23:33:15.000000Z
2024,264.98143518518515,43.09684,-79.03688,2024-09-20T23:33:16.000000Z
2024,264.98144675925926,43.09684,-79.03688,2024-09-20T23:33:17.000000Z
2024,264.9814583333333,43.09684,-79.03688,2024-09-20T23:33:18.000000Z
2024,264.9814699074074,43.09684,-79.03688,2024-09-20T23:33:19.000000Z
2024,264.98148148148147,43.09684,-79.03688,2024-09-20T23:33:20.000000Z
2024,264.9814930555555,43.09684,-79.03688,2024-09-20T23:33:21.000000Z
2024,264.9815046296296,43.09684,-79.03688,2024-09-20T23:33:22.000000Z
2024,264.9815162037037,43.09684,-79.03688,2024-09-20T23:33:23.000000Z
2024,264.9815277777778,43.09683,-79.03688,2024-09-20T23:33:24.000000Z
2024,264.98153935185184,43.09683,-79.03688,2024-09-20T23:33:25.000000Z
2024,264.9815509259259,43.09683,-79.03688,2024-09-20T23:33:26.000000Z
2024,264.9815625,43.09683,-79.03688,2024-09-20T23:33:27.000000Z
2024,264.98157407407405,43.09683,-79.03688,2024-09-20T23:33:28.000000Z
2024,264.98158564814815,43.09683,-79.03688,2024-09-20T23:33:29.000000Z
2024,264.9815972222222,43.09683,-79.03688,2024-09-20T23:33:30.000000Z
2024,264.98160879629626,43.09683,-79.03689,2024-09-20T23:33:31.000000Z
2024,264.98162037037036,43.09683,-79.03689,2024-09-20T23:33:32.000000Z
2024,264.9816319444444,43.09683,-79.03689,2024-09-20T23:33:33.000000Z
2024,264.9816435185185,43.09683,-79.03689,2024-09-20T23:33:34.000000Z
2024,264.9816550925926,43.09683,-79.03688,2024-09-20T23:33:35.000000Z
2024,264.9816666666667,43.09683,-79.03689,2024-09-20T23:33:36.000000Z
2024,264.98167824074073,43.09683,-79.03689,2024-09-20T23:33:37.000000Z
2024,264.9816898148148,43.09683,-79.03689,2024-09-20T23:33:38.000000Z
2024,264.9817013888889,43.09683,-79.03689,2024-09-20T23:33:39.000000Z
2024,264.98171296296294,43.09683,-79.03689,2024-09-20T23:33:40.000000Z
2024,264.98172453703705,43.09683,-79.03689,2024-09-20T23:33:41.000000Z
2024,264.98174768518516,43.09683,-79.03689,2024-09-20T23:33:43.000000Z
2024,264.98175925925926,43.09683,-79.03689,2024-09-20T23:33:44.000000Z
2024,264.9817708333333,43.09683,-79.03689,2024-09-20T23:33:45.000000Z
2024,264.9817824074074,43.09683,-79.03689,2024-09-20T23:33:46.000000Z
2024,264.9817939814815,43.09683,-79.0369,2024-09-20T23:33:47.000000Z
2024,264.9818055555555,43.09683,-79.0369,2024-09-20T23:33:48.000000Z
2024,264.98181712962963,43.09683,-79.0369,2024-09-20T23:33:49.000000Z
2024,264.9818287037037,43.09683,-79.0369,2024-09-20T23:33:50.000000Z
2024,264.9818402777778,43.09683,-79.0369,2024-09-20T23:33:51.000000Z
2024,264.98185185185184,43.09683,-79.0369,2024-09-20T23:33:52.000000Z
2024,264.9818634259259,43.09683,-79.0369,2024-09-20T23:33:53.000000Z
2024,264.981875,43.09683,-79.0369,2024-09-20T23:33:54.000000Z
2024,264.98188657407405,43.09683,-79.0369,2024-09-20T23:33:55.000000Z
2024,264.98189814814816,43.09683,-79.03691,2024-09-20T23:33:56.000000Z
2024,264.9819097222222,43.09683,-79.03691,2024-09-20T23:33:57.000000Z
2024,264.98192129629626,43.09683,-79.0369,2024-09-20T23:33:58.000000Z
2024,264.9819328703704,43.09683,-79.0369,2024-09-20T23:33:59.000000Z
2024,264.9819444444444,43.09683,-79.03691,2024-09-20T23:34:00.000000Z
2024,264.9819560185185,43.09683,-79.03691,2024-09-20T23:34:01.000000Z
2024,264.9819675925926,43.09683,-79.03691,2024-09-20T23:34:02.000000Z
2024,264.98197916666663,43.09683,-79.0369,2024-09-20T23:34:03.000000Z
2024,264.98199074074074,43.09683,-79.0369,2024-09-20T23:34:04.000000Z
2024,264.9820023148148,43.09683,-79.0369,2024-09-20T23:34:05.000000Z
2024,264.98201388888884,43.09683,-79.03691,2024-09-20T23:34:06.000000Z
2024,264.98202546296295,43.09683,-79.03691,2024-09-20T23:34:07.000000Z
2024,264.982037037037,43.09683,-79.03691,2024-09-20T23:34:08.000000Z
2024,264.9820486111111,43.09683,-79.03691,2024-09-20T23:34:09.000000Z
2024,264.98206018518516,43.09683,-79.0369,2024-09-20T23:34:10.000000Z
2024,264.9820717592592,43.09683,-79.03691,2024-09-20T23:34:11.000000Z
2024,264.9820833333333,43.09683,-79.03691,2024-09-20T23:34:12.000000Z
2024,264.9820949074074,43.09683,-79.03691,2024-09-20T23:34:13.000000Z
2024,264.9821064814815,43.09683,-79.0369,2024-09-20T23:34:14.000000Z
2024,264.98211805555553,43.09683,-79.03691,2024-09-20T23:34:15.000000Z
2024,264.9821296296296,43.09683,-79.03691,2024-09-20T23:34:16.000000Z
2024,264.9821412037037,43.09683,-79.0369,2024-09-20T23:34:17.000000Z
2024,264.98215277777774,43.09683,-79.03691,2024-09-20T23:34:18.000000Z
2024,264.98216435185185,43.09683,-79.03691,2024-09-20T23:34:19.000000Z
2024,264.9821759259259,43.09683,-79.03691,2024-09-20T23:34:20.000000Z
2024,264.98218749999995,43.09683,-79.03691,2024-09-20T23:34:21.000000Z
2024,264.98219907407406,43.09683,-79.03691,2024-09-20T23:34:22.000000Z
2024,264.9822106481481,43.09683,-79.0369,2024-09-20T23:34:23.000000Z
2024,264.9822222222222,43.09683,-79.03691,2024-09-20T23:34:24.000000Z
2024,264.98223379629627,43.09683,-79.03691,2024-09-20T23:34:25.000000Z
2024,264.9822453703703,43.09683,-79.03691,2024-09-20T23:34:26.000000Z
2024,264.98225694444443,43.09683,-79.03691,2024-09-20T23:34:27.000000Z
2024,264.9822685185185,43.09683,-79.03691,2024-09-20T23:34:28.000000Z
2024,264.9822800925926,43.09683,-79.03691,2024-09-20T23:34:29.000000Z
2024,264.98229166666664,43.09683,-79.03691,2024-09-20T23:34:30.000000Z
2024,264.9823032407407,43.09683,-79.03691,2024-09-20T23:34:31.000000Z
2024,264.9823148148148,43.09683,-79.03691,2024-09-20T23:34:32.000000Z
2024,264.98232638888885,43.09683,-79.03691,2024-09-20T23:34:33.000000Z
2024,264.98233796296296,43.09683,-79.03691,2024-09-20T23:34:34.000000Z
2024,264.982349537037,43.09683,-79.0369,2024-09-20T23:34:35.000000Z
2024,264.9823611111111,43.09683,-79.0369,2024-09-20T23:34:36.000000Z
2024,264.98237268518517,43.09683,-79.03691,2024-09-20T23:34:37.000000Z
2024,264.9823842592592,43.09683,-79.03691,2024-09-20T23:34:38.000000Z
2024,264.9823958333333,43.09683,-79.0369,2024-09-20T23:34:39.000000Z
2024,264.9824074074074,43.09683,-79.03691,2024-09-20T23:34:40.000000Z
2024,264.9824189814815,43.09683,-79.03691,2024-09-20T23:34:41.000000Z
2024,264.98243055555554,43.09683,-79.03691,2024-09-20T23:34:42.000000Z
2024,264.9824421296296,43.09683,-79.03691,2024-09-20T23:34:43.000000Z
2024,264.9824537037037,43.09683,-79.03691,2024-09-20T23:34:44.000000Z
2024,264.98246527777775,43.09683,-79.03691,2024-09-20T23:34:45.000000Z
2024,264.98247685185186,43.09683,-79.03691,2024-09-20T23:34:46.000000Z
2024,264.9824884259259,43.09683,-79.03691,2024-09-20T23:34:47.000000Z
2024,264.98249999999996,43.09683,-79.03691,2024-09-20T23:34:48.000000Z
2024,264.98251157407407,43.09683,-79.03691,2024-09-20T23:34:49.000000Z
2024,264.9825231481481,43.09683,-79.03691,2024-09-20T23:34:50.000000Z
2024,264.9825347222222,43.09683,-79.03691,2024-09-20T23:34:51.000000Z
2024,264.9825462962963,43.09683,-79.03691,2024-09-20T23:34:52.000000Z
2024,264.98255787037033,43.09683,-79.03691,2024-09-20T23:34:53.000000Z
2024,264.98256944444444,43.09683,-79.03691,2024-09-20T23:34:54.000000Z
2024,264.9825810185185,43.09683,-79.03691,2024-09-20T23:34:55.000000Z
2024,264.9825925925926,43.09683,-79.03691,2024-09-20T23:34:56.000000Z
2024,264.98260416666665,43.09683,-79.03691,2024-09-20T23:34:57.000000Z
2024,264.9826157407407,43.09683,-79.03691,2024-09-20T23:34:58.000000Z
2024,264.9826273148148,43.09683,-79.03691,2024-09-20T23:34:59.000000Z
2024,264.98263888888886,43.09683,-79.03691,2024-09-20T23:35:00.000000Z
2024,264.9826504629629,43.09683,-79.03691,2024-09-20T23:35:01.000000Z
2024,264.982662037037,43.09683,-79.03691,2024-09-20T23:35:02.000000Z
2024,264.98267361111107,43.09683,-79.03691,2024-09-20T23:35:03.000000Z
2024,264.9826851851852,43.09683,-79.03691,2024-09-20T23:35:04.000000Z
2024,264.9826967592592,43.09683,-79.03691,2024-09-20T23:35:05.000000Z
2024,264.9827083333333,43.09683,-79.03691,2024-09-20T23:35:06.000000Z
2024,264.9827199074074,43.09683,-79.03691,2024-09-20T23:35:07.000000Z
2024,264.98273148148144,43.09683,-79.03691,2024-09-20T23:35:08.000000Z
2024,264.98274305555555,43.09683,-79.03691,2024-09-20T23:35:09.000000Z
2024,264.9827546296296,43.09683,-79.03691,2024-09-20T23:35:10.000000Z
2024,264.98276620370365,43.09683,-79.03691,2024-09-20T23:35:11.000000Z
2024,264.98277777777776,43.09683,-79.03691,2024-09-20T23:35:12.000000Z
2024,264.9827893518518,43.09683,-79.03691,2024-09-20T23:35:13.000000Z
2024,264.9828009259259,43.09683,-79.03691,2024-09-20T23:35:14.000000Z
2024,264.98281249999997,43.09683,-79.03691,2024-09-20T23:35:15.000000Z
2024,264.982824074074,43.09683,-79.03691,2024-09-20T23:35:16.000000Z
2024,264.9828356481481,43.09683,-79.03691,2024-09-20T23:35:17.000000Z
2024,264.9828472222222,43.09683,-79.03691,2024-09-20T23:35:18.000000Z
2024,264.9828587962963,43.09683,-79.03691,2024-09-20T23:35:19.000000Z
2024,264.98287037037034,43.09683,-79.03691,2024-09-20T23:35:20.000000Z
2024,264.9828819444444,43.09683,-79.03691,2024-09-20T23:35:21.000000Z
2024,264.9828935185185,43.09683,-79.03691,2024-09-20T23:35:22.000000Z
2024,264.98290509259255,43.09683,-79.03691,2024-09-20T23:35:23.000000Z
2024,264.98291666666665,43.09683,-79.03691,2024-09-20T23:35:24.000000Z
2024,264.9829282407407,43.09683,-79.03691,2024-09-20T23:35:25.000000Z
2024,264.98293981481476,43.09683,-79.03691,2024-09-20T23:35:26.000000Z
2024,264.98295138888886,43.09683,-79.03691,2024-09-20T23:35:27.000000Z
2024,264.9829629629629,43.09683,-79.03691,2024-09-20T23:35:28.000000Z
2024,264.982974537037,43.09683,-79.03691,2024-09-20T23:35:29.000000Z
2024,264.9829861111111,43.09683,-79.03691,2024-09-20T23:35:30.000000Z
2024,264.9829976851851,43.09683,-79.03691,2024-09-20T23:35:31.000000Z
2024,264.98300925925923,43.09683,-79.03691,2024-09-20T23:35:32.000000Z
2024,264.9830208333333,43.09683,-79.03691,2024-09-20T23:35:33.000000Z
2024,264.9830324074074,43.09683,-79.03691,2024-09-20T23:35:34.000000Z
2024,264.98304398148144,43.09683,-79.03691,2024-09-20T23:35:35.000000Z
2024,264.98305555555555,43.09683,-79.03691,2024-09-20T23:35:36.000000Z
2024,264.9830671296296,43.09683,-79.03691,2024-09-20T23:35:37.000000Z
2024,264.98307870370365,43.09683,-79.03691,2024-09-20T23:35:38.000000Z
2024,264.98309027777776,43.09683,-79.03691,2024-09-20T23:35:39.000000Z
2024,264.9831018518518,43.09683,-79.03691,2024-09-20T23:35:40.000000Z
2024,264.9831134259259,43.09683,-79.03691,2024-09-20T23:35:41.000000Z
2024,264.983125,43.09683,-79.03691,2024-09-20T23:35:42.000000Z
2024,264.983136574074,43.09683,-79.03691,2024-09-20T23:35:43.000000Z
2024,264.98314814814813,43.09683,-79.03691,2024-09-20T23:35:44.000000Z
2024,264.9831597222222,43.09683,-79.03691,2024-09-20T23:35:45.000000Z
2024,264.9831712962963,43.09683,-79.03691,2024-09-20T23:35:46.000000Z
2024,264.98318287037034,43.09683,-79.03691,2024-09-20T23:35:47.000000Z
2024,264.9831944444444,43.09683,-79.03691,2024-09-20T23:35:48.000000Z
2024,264.9832060185185,43.09683,-79.03691,2024-09-20T23:35:49.000000Z
2024,264.98321759259255,43.09683,-79.03691,2024-09-20T23:35:50.000000Z
2024,264.98322916666666,43.09683,-79.03691,2024-09-20T23:35:51.000000Z
2024,264.9832407407407,43.09683,-79.03691,2024-09-20T23:35:52.000000Z
2024,264.98325231481476,43.09683,-79.03691,2024-09-20T23:35:53.000000Z
2024,264.98326388888887,43.09683,-79.03691,2024-09-20T23:35:54.000000Z
2024,264.9832754629629,43.09683,-79.03691,2024-09-20T23:35:55.000000Z
2024,264.98328703703703,43.09683,-79.03691,2024-09-20T23:35:56.000000Z
2024,264.9832986111111,43.09683,-79.03691,2024-09-20T23:35:57.000000Z
2024,264.98331018518513,43.09683,-79.03691,2024-09-20T23:35:58.000000Z
2024,264.98332175925924,43.09683,-79.03691,2024-09-20T23:35:59.000000Z
2024,264.9833333333333,43.09683,-79.03691,2024-09-20T23:36:00.000000Z
2024,264.98334490740734,43.09683,-79.03691,2024-09-20T23:36:01.000000Z
2024,264.98335648148145,43.09683,-79.03691,2024-09-20T23:36:02.000000Z
2024,264.9833680555555,43.09683,-79.03691,2024-09-20T23:36:03.000000Z
2024,264.9833796296296,43.09683,-79.03691,2024-09-20T23:36:04.000000Z
2024,264.98339120370366,43.09683,-79.03691,2024-09-20T23:36:05.000000Z
2024,264.9834027777777,43.09683,-79.03691,2024-09-20T23:36:06.000000Z
2024,264.9834143518518,43.09684,-79.03692,2024-09-20T23:36:07.000000Z
2024,264.98342592592587,43.09683,-79.03691,2024-09-20T23:36:08.000000Z
2024,264.9834375,43.09683,-79.03691,2024-09-20T23:36:09.000000Z
2024,264.98344907407403,43.09683,-79.03691,2024-09-20T23:36:10.000000Z
2024,264.9834606481481,43.09684,-79.03691,2024-09-20T23:36:11.000000Z
2024,264.9834722222222,43.09684,-79.03691,2024-09-20T23:36:12.000000Z
2024,264.98348379629624,43.09684,-79.03692,2024-09-20T23:36:13.000000Z
2024,264.98349537037035,43.09684,-79.03692,2024-09-20T23:36:14.000000Z
2024,264.9835069444444,43.09684,-79.03692,2024-09-20T23:36:15.000000Z
2024,264.98351851851845,43.09684,-79.03692,2024-09-20T23:36:16.000000Z
2024,264.98353009259256,43.09684,-79.03692,2024-09-20T23:36:17.000000Z
2024,264.9835416666666,43.09684,-79.03692,2024-09-20T23:36:18.000000Z
2024,264.9835532407407,43.09684,-79.03692,2024-09-20T23:36:19.000000Z
2024,264.98356481481477,43.09684,-79.03692,2024-09-20T23:36:20.000000Z
2024,264.9835763888888,43.09684,-79.03692,2024-09-20T23:36:21.000000Z
2024,264.98358796296293,43.09684,-79.03692,2024-09-20T23:36:22.000000Z
2024,264.983599537037,43.09684,-79.03692,2024-09-20T23:36:23.000000Z
2024,264.9836111111111,43.09684,-79.03692,2024-09-20T23:36:24.000000Z
2024,264.98362268518514,43.09684,-79.03692,2024-09-20T23:36:25.000000Z
2024,264.9836342592592,43.09684,-79.03692,2024-09-20T23:36:26.000000Z
2024,264.9836458333333,43.09684,-79.03692,2024-09-20T23:36:27.000000Z
2024,264.98365740740735,43.09684,-79.03692,2024-09-20T23:36:28.000000Z
2024,264.98366898148146,43.09684,-79.03692,2024-09-20T23:36:29.000000Z
2024,264.9836805555555,43.09684,-79.03692,2024-09-20T23:36:30.000000Z
2024,264.98369212962956,43.09684,-79.03692,2024-09-20T23:36:31.000000Z
2024,264.98370370370367,43.09684,-79.03692,2024-09-20T23:36:32.000000Z
2024,264.9837152777777,43.09684,-79.03692,2024-09-20T23:36:33.000000Z
2024,264.9837268518518,43.09684,-79.03692,2024-09-20T23:36:34.000000Z
2024,264.9837384259259,43.09684,-79.03692,2024-09-20T23:36:35.000000Z
2024,264.98375,43.09684,-79.03692,2024-09-20T23:36:36.000000Z
2024,264.98376157407404,43.09684,-79.03692,2024-09-20T23:36:37.000000Z
2024,264.9837731481481,43.09684,-79.03692,2024-09-20T23:36:38.000000Z
2024,264.9837847222222,43.09684,-79.03692,2024-09-20T23:36:39.000000Z
2024,264.98379629629625,43.09684,-79.03692,2024-09-20T23:36:40.000000Z
2024,264.98380787037036,43.09684,-79.03692,2024-09-20T23:36:41.000000Z
2024,264.9838194444444,43.09684,-79.03692,2024-09-20T23:36:42.000000Z
2024,264.98383101851846,43.09684,-79.03692,2024-09-20T23:36:43.000000Z
2024,264.98384259259257,43.09684,-79.03692,2024-09-20T23:36:44.000000Z
2024,264.9838541666666,43.09684,-79.03692,2024-09-20T23:36:45.000000Z
2024,264.9838657407407,43.09684,-79.03692,2024-09-20T23:36:46.000000Z
2024,264.9838773148148,43.09684,-79.03692,2024-09-20T23:36:47.000000Z
2024,264.9838888888888,43.09684,-79.03692,2024-09-20T23:36:48.000000Z
2024,264.98390046296294,43.09684,-79.03692,2024-09-20T23:36:49.000000Z
2024,264.983912037037,43.09684,-79.03692,2024-09-20T23:36:50.000000Z
2024,264.9839236111111,43.09684,-79.03692,2024-09-20T23:36:51.000000Z
2024,264.98393518518515,43.09684,-79.03692,2024-09-20T23:36:52.000000Z
2024,264.9839467592592,43.09684,-79.03692,2024-09-20T23:36:53.000000Z
2024,264.9839583333333,43.09684,-79.03692,2024-09-20T23:36:54.000000Z
2024,264.98396990740736,43.09684,-79.03693,2024-09-20T23:36:55.000000Z
2024,264.98398148148146,43.09684,-79.03693,2024-09-20T23:36:56.000000Z
2024,264.9839930555555,43.09684,-79.03693,2024-09-20T23:36:57.000000Z
2024,264.98400462962957,43.09684,-79.03693,2024-09-20T23:36:58.000000Z
2024,264.9840162037037,43.09684,-79.03693,2024-09-20T23:36:59.000000Z
2024,264.9840277777778,43.09684,-79.03693,2024-09-20T23:37:00.000000Z
2024,264.98403935185183,43.09684,-79.03693,2024-09-20T23:37:01.000000Z
2024,264.98405092592594,43.09684,-79.03693,2024-09-20T23:37:02.000000Z
2024,264.9840625,43.09684,-79.03693,2024-09-20T23:37:03.000000Z
2024,264.9840740740741,43.09684,-79.03693,2024-09-20T23:37:04.000000Z
2024,264.98408564814815,43.09684,-79.03693,2024-09-20T23:37:05.000000Z
2024,264.9840972222222,43.09684,-79.03693,2024-09-20T23:37:06.000000Z
2024,264.9841087962963,43.09684,-79.03693,2024-09-20T23:37:07.000000Z
2024,264.98412037037036,43.09684,-79.03693,2024-09-20T23:37:08.000000Z
2024,264.98413194444447,43.09684,-79.03693,2024-09-20T23:37:09.000000Z
2024,264.9841435185185,43.09684,-79.03693,2024-09-20T23:37:10.000000Z
2024,264.9841550925926,43.09684,-79.03693,2024-09-20T23:37:11.000000Z
2024,264.9841666666667,43.09684,-79.03693,2024-09-20T23:37:12.000000Z
2024,264.98417824074073,43.09684,-79.03693,2024-09-20T23:37:13.000000Z
2024,264.98418981481484,43.09684,-79.03693,2024-09-20T23:37:14.000000Z
2024,264.9842013888889,43.09684,-79.03693,2024-09-20T23:37:15.000000Z
2024,264.98421296296294,43.09684,-79.03693,2024-09-20T23:37:16.000000Z
2024,264.98422453703705,43.09685,-79.03693,2024-09-20T23:37:17.000000Z
2024,264.9842361111111,43.09685,-79.03693,2024-09-20T23:37:18.000000Z
2024,264.9842476851852,43.09685,-79.03693,2024-09-20T23:37:19.000000Z
2024,264.98425925925926,43.09685,-79.03693,2024-09-20T23:37:20.000000Z
2024,264.9842708333333,43.09685,-79.03693,2024-09-20T23:37:21.000000Z
2024,264.9842824074074,43.09685,-79.03693,2024-09-20T23:37:22.000000Z
2024,264.98429398148147,43.09685,-79.03693,2024-09-20T23:37:23.000000Z
2024,264.9843055555556,43.09685,-79.03693,2024-09-20T23:37:24.000000Z
2024,264.98431712962963,43.09685,-79.03693,2024-09-20T23:37:25.000000Z
2024,264.9843287037037,43.09685,-79.03693,2024-09-20T23:37:26.000000Z
2024,264.9843402777778,43.09685,-79.03693,2024-09-20T23:37:27.000000Z
2024,264.98435185185184,43.09685,-79.03693,2024-09-20T23:37:28.000000Z
2024,264.98436342592595,43.09685,-79.03693,2024-09-20T23:37:29.000000Z
2024,264.984375,43.09685,-79.03693,2024-09-20T23:37:30.000000Z
2024,264.98438657407405,43.09685,-79.03693,2024-09-20T23:37:31.000000Z
2024,264.98439814814816,43.09685,-79.03693,2024-09-20T23:37:32.000000Z
2024,264.9844097222222,43.09685,-79.03693,2024-09-20T23:37:33.000000Z
2024,264.9844212962963,43.09685,-79.03693,2024-09-20T23:37:34.000000Z
2024,264.98443287037037,43.09685,-79.03693,2024-09-20T23:37:35.000000Z
2024,264.9844444444445,43.09685,-79.03693,2024-09-20T23:37:36.000000Z
2024,264.98445601851853,43.09685,-79.03693,2024-09-20T23:37:37.000000Z
2024,264.9844675925926,43.09685,-79.03693,2024-09-20T23:37:38.000000Z
2024,264.9844791666667,43.09685,-79.03693,2024-09-20T23:37:39.000000Z
2024,264.98449074074074,43.09685,-79.03693,2024-09-20T23:37:40.000000Z
2024,264.98450231481485,43.09685,-79.03693,2024-09-20T23:37:41.000000Z
2024,264.9845138888889,43.09685,-79.03693,2024-09-20T23:37:42.000000Z
2024,264.98452546296295,43.09685,-79.03693,2024-09-20T23:37:43.000000Z
2024,264.98453703703706,43.09685,-79.03693,2024-09-20T23:37:44.000000Z
2024,264.9845486111111,43.09685,-79.03693,2024-09-20T23:37:45.000000Z
2024,264.9845601851852,43.09685,-79.03693,2024-09-20T23:37:46.000000Z
2024,264.98457175925927,43.09685,-79.03693,2024-09-20T23:37:47.000000Z
2024,264.9845833333333,43.09685,-79.03693,2024-09-20T23:37:48.000000Z
2024,264.9845949074074,43.09685,-79.03693,2024-09-20T23:37:49.000000Z
2024,264.9846064814815,43.09685,-79.03693,2024-09-20T23:37:50.000000Z
2024,264.9846180555556,43.09685,-79.03693,2024-09-20T23:37:51.000000Z
2024,264.98462962962964,43.09685,-79.03693,2024-09-20T23:37:52.000000Z
2024,264.9846412037037,43.09685,-79.03693,2024-09-20T23:37:53.000000Z
2024,264.9846527777778,43.09685,-79.03694,2024-09-20T23:37:54.000000Z
2024,264.98466435185185,43.09685,-79.03694,2024-09-20T23:37:55.000000Z
2024,264.98467592592596,43.09685,-79.03694,2024-09-20T23:37:56.000000Z
2024,264.9846875,43.09685,-79.03694,2024-09-20T23:37:57.000000Z
2024,264.98469907407406,43.09685,-79.03694,2024-09-20T23:37:58.000000Z
2024,264.98471064814817,43.09685,-79.03694,2024-09-20T23:37:59.000000Z
2024,264.9847222222222,43.09685,-79.03694,2024-09-20T23:38:00.000000Z
2024,264.98473379629627,43.09685,-79.03694,2024-09-20T23:38:01.000000Z
2024,264.9847453703704,43.09685,-79.03694,2024-09-20T23:38:02.000000Z
2024,264.9847569444444,43.09685,-79.03694,2024-09-20T23:38:03.000000Z
2024,264.98476851851854,43.09685,-79.03694,2024-09-20T23:38:04.000000Z
2024,264.9847800925926,43.09685,-79.03694,2024-09-20T23:38:05.000000Z
2024,264.98479166666664,43.09685,-79.03694,2024-09-20T23:38:06.000000Z
2024,264.98480324074075,43.09685,-79.03694,2024-09-20T23:38:07.000000Z
2024,264.9848148148148,43.09685,-79.03693,2024-09-20T23:38:08.000000Z
2024,264.9848263888889,43.09685,-79.03694,2024-09-20T23:38:09.000000Z
2024,264.98483796296296,43.09685,-79.03694,2024-09-20T23:38:10.000000Z
2024,264.984849537037,43.09685,-79.03694,2024-09-20T23:38:11.000000Z
2024,264.9848611111111,43.09685,-79.03694,2024-09-20T23:38:12.000000Z
2024,264.98487268518517,43.09685,-79.03694,2024-09-20T23:38:13.000000Z
2024,264.9848842592593,43.09685,-79.03694,2024-09-20T23:38:14.000000Z
2024,264.9848958333333,43.09685,-79.03694,2024-09-20T23:38:15.000000Z
2024,264.9849074074074,43.09685,-79.03694,2024-09-20T23:38:16.000000Z
2024,264.9849189814815,43.09685,-79.03694,2024-09-20T23:38:17.000000Z
2024,264.98493055555554,43.09685,-79.03694,2024-09-20T23:38:18.000000Z
2024,264.98494212962964,43.09685,-79.03694,2024-09-20T23:38:19.000000Z
2024,264.9849537037037,43.09685,-79.03694,2024-09-20T23:38:20.000000Z
2024,264.98496527777775,43.09685,-79.03694,2024-09-20T23:38:21.000000Z
2024,264.98497685185185,43.09685,-79.03694,2024-09-20T23:38:22.000000Z
2024,264.9849884259259,43.09685,-79.03694,2024-09-20T23:38:23.000000Z
2024,264.985,43.09685,-79.03694,2024-09-20T23:38:24.000000Z
2024,264.98501157407406,43.09685,-79.03694,2024-09-20T23:38:25.000000Z
2024,264.9850231481481,43.09685,-79.03694,2024-09-20T23:38:26.000000Z
2024,264.9850347222222,43.09685,-79.03694,2024-09-20T23:38:27.000000Z
2024,264.9850462962963,43.09685,-79.03694,2024-09-20T23:38:28.000000Z
2024,264.9850578703704,43.09685,-79.03694,2024-09-20T23:38:29.000000Z
2024,264.98506944444443,43.09685,-79.03694,2024-09-20T23:38:30.000000Z
2024,264.9850810185185,43.09685,-79.03694,2024-09-20T23:38:31.000000Z
2024,264.9850925925926,43.09685,-79.03694,2024-09-20T23:38:32.000000Z
2024,264.98510416666664,43.09685,-79.03694,2024-09-20T23:38:33.000000Z
2024,264.98511574074075,43.09685,-79.03694,2024-09-20T23:38:34.000000Z
2024,264.9851273148148,43.09685,-79.03694,2024-09-20T23:38:35.000000Z
2024,264.9851388888889,43.09685,-79.03694,2024-09-20T23:38:36.000000Z
2024,264.98515046296296,43.09685,-79.03694,2024-09-20T23:38:37.000000Z
2024,264.985162037037,43.09685,-79.03694,2024-09-20T23:38:38.000000Z
2024,264.9851736111111,43.09685,-79.03694,2024-09-20T23:38:39.000000Z
2024,264.9851851851852,43.09685,-79.03694,2024-09-20T23:38:40.000000Z
2024,264.9851967592593,43.09685,-79.03694,2024-09-20T23:38:41.000000Z
2024,264.98520833333333,43.09685,-79.03695,2024-09-20T23:38:42.000000Z
2024,264.9852199074074,43.09685,-79.03695,2024-09-20T23:38:43.000000Z
2024,264.9852314814815,43.09685,-79.03695,2024-09-20T23:38:44.000000Z
2024,264.98524305555554,43.09685,-79.03695,2024-09-20T23:38:45.000000Z
2024,264.98525462962965,43.09685,-79.03695,2024-09-20T23:38:46.000000Z
2024,264.9852662037037,43.09685,-79.03695,2024-09-20T23:38:47.000000Z
2024,264.98527777777775,43.09685,-79.03695,2024-09-20T23:38:48.000000Z
2024,264.98528935185186,43.09685,-79.03695,2024-09-20T23:38:49.000000Z
2024,264.9853009259259,43.09685,-79.03695,2024-09-20T23:38:50.000000Z
2024,264.9853125,43.09685,-79.03695,2024-09-20T23:38:51.000000Z
2024,264.9853240740741,43.09685,-79.03695,2024-09-20T23:38:52.000000Z
2024,264.9853356481481,43.09685,-79.03695,2024-09-20T23:38:53.000000Z
2024,264.98534722222223,43.09685,-79.03695,2024-09-20T23:38:54.000000Z
2024,264.9853587962963,43.09685,-79.03695,2024-09-20T23:38:55.000000Z
2024,264.9853703703704,43.09685,-79.03695,2024-09-20T23:38:56.000000Z
2024,264.98538194444444,43.09685,-79.03695,2024-09-20T23:38:57.000000Z
2024,264.9853935185185,43.09685,-79.03695,2024-09-20T23:38:58.000000Z
2024,264.9854050925926,43.09685,-79.03695,2024-09-20T23:38:59.000000Z
2024,264.98541666666665,43.09685,-79.03695,2024-09-20T23:39:00.000000Z
2024,264.9854282407407,43.09685,-79.03695,2024-09-20T23:39:01.000000Z
2024,264.9854398148148,43.09685,-79.03695,2024-09-20T23:39:02.000000Z
2024,264.98545138888886,43.09685,-79.03695,2024-09-20T23:39:03.000000Z
2024,264.98546296296297,43.09685,-79.03694,2024-09-20T23:39:04.000000Z
2024,264.985474537037,43.09685,-79.03695,2024-09-20T23:39:05.000000Z
2024,264.9854861111111,43.09685,-79.03694,2024-09-20T23:39:06.000000Z
2024,264.9854976851852,43.09685,-79.03694,2024-09-20T23:39:07.000000Z
2024,264.98550925925923,43.09685,-79.03695,2024-09-20T23:39:08.000000Z
2024,264.98552083333334,43.09685,-79.03695,2024-09-20T23:39:09.000000Z
2024,264.9855324074074,43.09685,-79.03695,2024-09-20T23:39:10.000000Z
2024,264.98554398148144,43.09685,-79.03695,2024-09-20T23:39:11.000000Z
2024,264.98555555555555,43.09685,-79.03695,2024-09-20T23:39:12.000000Z
2024,264.9855671296296,43.09685,-79.03695,2024-09-20T23:39:13.000000Z
2024,264.9855787037037,43.09685,-79.03696,2024-09-20T23:39:14.000000Z
2024,264.98559027777776,43.09685,-79.03696,2024-09-20T23:39:15.000000Z
2024,264.9856018518518,43.09685,-79.03696,2024-09-20T23:39:16.000000Z
2024,264.9856134259259,43.09685,-79.03696,2024-09-20T23:39:17.000000Z
2024,264.98562499999997,43.09685,-79.03696,2024-09-20T23:39:18.000000Z
2024,264.9856365740741,43.09685,-79.03696,2024-09-20T23:39:19.000000Z
2024,264.98564814814813,43.09685,-79.03696,2024-09-20T23:39:20.000000Z
2024,264.9856597222222,43.09685,-79.03695,2024-09-20T23:39:21.000000Z
2024,264.9856712962963,43.09685,-79.03695,2024-09-20T23:39:22.000000Z
2024,264.98568287037034,43.09685,-79.03695,2024-09-20T23:39:23.000000Z
2024,264.98569444444445,43.09685,-79.03695,2024-09-20T23:39:24.000000Z
2024,264.9857060185185,43.09685,-79.03695,2024-09-20T23:39:25.000000Z
2024,264.98571759259255,43.09685,-79.03695,2024-09-20T23:39:26.000000Z
2024,264.98572916666666,43.09685,-79.03696,2024-09-20T23:39:27.000000Z
2024,264.9857407407407,43.09685,-79.03696,2024-09-20T23:39:28.000000Z
2024,264.9857523148148,43.09685,-79.03696,2024-09-20T23:39:29.000000Z
2024,264.98576388888887,43.09685,-79.03696,2024-09-20T23:39:30.000000Z
2024,264.9857754629629,43.09685,-79.03696,2024-09-20T23:39:31.000000Z
2024,264.985787037037,43.09685,-79.03696,2024-09-20T23:39:32.000000Z
2024,264.9857986111111,43.09685,-79.03696,2024-09-20T23:39:33.000000Z
2024,264.9858101851852,43.09685,-79.03696,2024-09-20T23:39:34.000000Z
2024,264.98582175925924,43.09685,-79.03696,2024-09-20T23:39:35.000000Z
2024,264.98583333333335,43.09685,-79.03696,2024-09-20T23:39:36.000000Z
2024,264.9858449074074,43.09685,-79.03696,2024-09-20T23:39:37.000000Z
2024,264.98585648148145,43.09685,-79.03695,2024-09-20T23:39:38.000000Z
2024,264.98586805555556,43.09685,-79.03695,2024-09-20T23:39:39.000000Z
2024,264.9858796296296,43.09685,-79.03695,2024-09-20T23:39:40.000000Z
2024,264.9858912037037,43.09685,-79.03695,2024-09-20T23:39:41.000000Z
2024,264.98590277777777,43.09685,-79.03695,2024-09-20T23:39:42.000000Z
2024,264.9859143518518,43.09685,-79.03696,2024-09-20T23:39:43.000000Z
2024,264.9859259259259,43.09685,-79.03696,2024-09-20T23:39:44.000000Z
2024,264.9859375,43.09685,-79.03696,2024-09-20T23:39:45.000000Z
2024,264.9859490740741,43.09685,-79.03696,2024-09-20T23:39:46.000000Z
2024,264.98596064814814,43.09685,-79.03696,2024-09-20T23:39:47.000000Z
2024,264.9859722222222,43.09685,-79.03697,2024-09-20T23:39:48.000000Z
2024,264.9859837962963,43.09685,-79.03697,2024-09-20T23:39:49.000000Z
2024,264.98599537037035,43.09685,-79.03697,2024-09-20T23:39:50.000000Z
2024,264.98600694444445,43.09685,-79.03696,2024-09-20T23:39:51.000000Z
2024,264.9860185185185,43.09685,-79.03696,2024-09-20T23:39:52.000000Z
2024,264.98603009259256,43.09685,-79.03696,2024-09-20T23:39:53.000000Z
2024,264.98604166666667,43.09685,-79.03696,2024-09-20T23:39:54.000000Z
2024,264.9860532407407,43.09685,-79.03696,2024-09-20T23:39:55.000000Z
2024,264.9860648148148,43.09685,-79.03696,2024-09-20T23:39:56.000000Z
2024,264.9860763888889,43.09685,-79.03696,2024-09-20T23:39:57.000000Z
2024,264.9860879629629,43.09685,-79.03696,2024-09-20T23:39:58.000000Z
2024,264.98609953703703,43.09685,-79.03696,2024-09-20T23:39:59.000000Z
2024,264.9861111111111,43.09685,-79.03697,2024-09-20T23:40:00.000000Z
2024,264.98612268518514,43.09685,-79.03697,2024-09-20T23:40:01.000000Z
2024,264.98613425925925,43.09686,-79.03697,2024-09-20T23:40:02.000000Z
2024,264.9861458333333,43.09686,-79.03697,2024-09-20T23:40:03.000000Z
2024,264.9861574074074,43.09686,-79.03697,2024-09-20T23:40:04.000000Z
2024,264.98616898148146,43.09686,-79.03697,2024-09-20T23:40:05.000000Z
2024,264.9861805555555,43.09687,-79.03698,2024-09-20T23:40:06.000000Z
2024,264.9861921296296,43.09687,-79.03699,2024-09-20T23:40:07.000000Z
2024,264.98620370370367,43.09687,-79.03698,2024-09-20T23:40:08.000000Z
2024,264.9862152777778,43.09687,-79.03699,2024-09-20T23:40:09.000000Z
2024,264.9862268518518,43.09687,-79.03699,2024-09-20T23:40:10.000000Z
2024,264.9862384259259,43.09687,-79.03699,2024-09-20T23:40:11.000000Z
2024,264.98625,43.09687,-79.03699,2024-09-20T23:40:12.000000Z
2024,264.98626157407404,43.09687,-79.037,2024-09-20T23:40:13.000000Z
2024,264.98627314814814,43.09687,-79.037,2024-09-20T23:40:14.000000Z
2024,264.9862847222222,43.09687,-79.037,2024-09-20T23:40:15.000000Z
2024,264.98629629629625,43.09687,-79.037,2024-09-20T23:40:16.000000Z
2024,264.98630787037035,43.09687,-79.037,2024-09-20T23:40:17.000000Z
2024,264.9863194444444,43.09687,-79.03699,2024-09-20T23:40:18.000000Z
2024,264.9863310185185,43.09687,-79.03699,2024-09-20T23:40:19.000000Z
2024,264.98634259259256,43.09687,-79.037,2024-09-20T23:40:20.000000Z
2024,264.9863541666666,43.09687,-79.037,2024-09-20T23:40:21.000000Z
2024,264.9863657407407,43.09687,-79.037,2024-09-20T23:40:22.000000Z
2024,264.9863773148148,43.09687,-79.037,2024-09-20T23:40:23.000000Z
2024,264.9863888888889,43.09687,-79.037,2024-09-20T23:40:24.000000Z
2024,264.98640046296293,43.09687,-79.037,2024-09-20T23:40:25.000000Z
2024,264.986412037037,43.09687,-79.037,2024-09-20T23:40:26.000000Z
2024,264.9864236111111,43.09687,-79.037,2024-09-20T23:40:27.000000Z
2024,264.98643518518514,43.09687,-79.037,2024-09-20T23:40:28.000000Z
2024,264.98644675925925,43.09687,-79.037,2024-09-20T23:40:29.000000Z
2024,264.9864583333333,43.09687,-79.037,2024-09-20T23:40:30.000000Z
2024,264.98646990740735,43.09687,-79.037,2024-09-20T23:40:31.000000Z
2024,264.98648148148146,43.09687,-79.037,2024-09-20T23:40:32.000000Z
2024,264.9864930555555,43.09687,-79.037,2024-09-20T23:40:33.000000Z
2024,264.9865046296296,43.09687,-79.03701,2024-09-20T23:40:34.000000Z
2024,264.9865162037037,43.09687,-79.03701,2024-09-20T23:40:35.000000Z
2024,264.9865277777778,43.09687,-79.03701,2024-09-20T23:40:36.000000Z
2024,264.98653935185183,43.09687,-79.03701,2024-09-20T23:40:37.000000Z
2024,264.9865509259259,43.09687,-79.03701,2024-09-20T23:40:38.000000Z
2024,264.9865625,43.09687,-79.03701,2024-09-20T23:40:39.000000Z
2024,264.98657407407404,43.09687,-79.03701,2024-09-20T23:40:40.000000Z
2024,264.98658564814815,43.09687,-79.03701,2024-09-20T23:40:41.000000Z
2024,264.9865972222222,43.09687,-79.03701,2024-09-20T23:40:42.000000Z
2024,264.98660879629625,43.09687,-79.03701,2024-09-20T23:40:43.000000Z
2024,264.98662037037036,43.09687,-79.03701,2024-09-20T23:40:44.000000Z
2024,264.9866319444444,43.09687,-79.03701,2024-09-20T23:40:45.000000Z
2024,264.9866435185185,43.09687,-79.03701,2024-09-20T23:40:46.000000Z
2024,264.98665509259257,43.09687,-79.03701,2024-09-20T23:40:47.000000Z
2024,264.9866666666666,43.09687,-79.03701,2024-09-20T23:40:48.000000Z
2024,264.98667824074073,43.09687,-79.03701,2024-09-20T23:40:49.000000Z
2024,264.9866898148148,43.09687,-79.03701,2024-09-20T23:40:50.000000Z
2024,264.9867013888889,43.09687,-79.03701,2024-09-20T23:40:51.000000Z
2024,264.98671296296294,43.09687,-79.03701,2024-09-20T23:40:52.000000Z
2024,264.986724537037,43.09687,-79.03701,2024-09-20T23:40:53.000000Z
2024,264.9867361111111,43.09687,-79.03701,2024-09-20T23:40:54.000000Z
2024,264.98674768518515,43.09687,-79.03701,2024-09-20T23:40:55.000000Z
2024,264.98675925925926,43.09687,-79.03701,2024-09-20T23:40:56.000000Z
2024,264.9867708333333,43.09687,-79.03701,2024-09-20T23:40:57.000000Z
2024,264.98678240740736,43.09687,-79.03701,2024-09-20T23:40:58.000000Z
2024,264.98679398148147,43.09687,-79.03701,2024-09-20T23:40:59.000000Z
2024,264.9868055555555,43.09687,-79.03701,2024-09-20T23:41:00.000000Z
2024,264.98681712962957,43.09687,-79.03701,2024-09-20T23:41:01.000000Z
2024,264.9868287037037,43.09687,-79.03701,2024-09-20T23:41:02.000000Z
2024,264.98684027777773,43.09687,-79.037,2024-09-20T23:41:03.000000Z
2024,264.98685185185184,43.09687,-79.03701,2024-09-20T23:41:04.000000Z
2024,264.9868634259259,43.09687,-79.037,2024-09-20T23:41:05.000000Z
2024,264.98687499999994,43.09687,-79.037,2024-09-20T23:41:06.000000Z
2024,264.98688657407405,43.09687,-79.03701,2024-09-20T23:41:07.000000Z
2024,264.9868981481481,43.09687,-79.03701,2024-09-20T23:41:08.000000Z
2024,264.9869097222222,43.09687,-79.03701,2024-09-20T23:41:09.000000Z
2024,264.98692129629626,43.09687,-79.03701,2024-09-20T23:41:10.000000Z
2024,264.9869328703703,43.09687,-79.03701,2024-09-20T23:41:11.000000Z
2024,264.9869444444444,43.09687,-79.03701,2024-09-20T23:41:12.000000Z
2024,264.98695601851847,43.09687,-79.03701,2024-09-20T23:41:13.000000Z
2024,264.9869675925926,43.09687,-79.037,2024-09-20T23:41:14.000000Z
2024,264.98697916666663,43.09686,-79.037,2024-09-20T23:41:15.000000Z
2024,264.9869907407407,43.09686,-79.037,2024-09-20T23:41:16.000000Z
2024,264.9870023148148,43.09686,-79.037,2024-09-20T23:41:17.000000Z
2024,264.98701388888884,43.09686,-79.037,2024-09-20T23:41:18.000000Z
2024,264.98702546296295,43.09686,-79.03699,2024-09-20T23:41:19.000000Z
2024,264.987037037037,43.09686,-79.037,2024-09-20T23:41:20.000000Z
2024,264.98704861111105,43.09686,-79.037,2024-09-20T23:41:21.000000Z
2024,264.98706018518516,43.09686,-79.037,2024-09-20T23:41:22.000000Z
2024,264.9870717592592,43.09687,-79.03701,2024-09-20T23:41:23.000000Z
2024,264.9870833333333,43.09687,-79.03701,2024-09-20T23:41:24.000000Z
2024,264.98709490740737,43.09687,-79.03701,2024-09-20T23:41:25.000000Z
2024,264.9871064814814,43.09686,-79.03701,2024-09-20T23:41:26.000000Z
2024,264.9871180555555,43.09686,-79.03701,2024-09-20T23:41:27.000000Z
2024,264.9871296296296,43.09686,-79.03701,2024-09-20T23:41:28.000000Z
2024,264.9871412037037,43.09687,-79.03701,2024-09-20T23:41:29.000000Z
2024,264.98715277777774,43.09686,-79.03701,2024-09-20T23:41:30.000000Z
2024,264.9871643518518,43.09686,-79.03701,2024-09-20T23:41:31.000000Z
2024,264.98718749999995,43.09687,-79.03701,2024-09-20T23:41:33.000000Z
2024,264.98719907407406,43.09687,-79.03701,2024-09-20T23:41:34.000000Z
2024,264.9872106481481,43.09687,-79.03701,2024-09-20T23:41:35.000000Z
2024,264.9872222222222,43.09687,-79.03701,2024-09-20T23:41:36.000000Z
2024,264.98723379629627,43.09687,-79.03701,2024-09-20T23:41:37.000000Z
2024,264.9872453703703,43.09687,-79.03702,2024-09-20T23:41:38.000000Z
2024,264.9872569444444,43.09687,-79.03702,2024-09-20T23:41:39.000000Z
2024,264.9872685185185,43.09687,-79.03702,2024-09-20T23:41:40.000000Z
2024,264.9872800925926,43.09687,-79.03702,2024-09-20T23:41:41.000000Z
2024,264.98729166666664,43.09687,-79.03702,2024-09-20T23:41:42.000000Z
2024,264.9873032407407,43.09687,-79.03702,2024-09-20T23:41:43.000000Z
2024,264.9873148148148,43.09687,-79.03702,2024-09-20T23:41:44.000000Z
2024,264.98732638888885,43.09687,-79.03702,2024-09-20T23:41:45.000000Z
2024,264.98733796296295,43.09687,-79.03702,2024-09-20T23:41:46.000000Z
2024,264.987349537037,43.09687,-79.03703,2024-09-20T23:41:47.000000Z
2024,264.98736111111106,43.09687,-79.03703,2024-09-20T23:41:48.000000Z
2024,264.98737268518516,43.09687,-79.03704,2024-09-20T23:41:49.000000Z
2024,264.9873842592592,43.09688,-79.03704,2024-09-20T23:41:50.000000Z
2024,264.9873958333333,43.09688,-79.03704,2024-09-20T23:41:51.000000Z
2024,264.9874074074074,43.09688,-79.03705,2024-09-20T23:41:52.000000Z
2024,264.9874189814814,43.09688,-79.03705,2024-09-20T23:41:53.000000Z
2024,264.98743055555553,43.09688,-79.03705,2024-09-20T23:41:54.000000Z
2024,264.9874421296296,43.09688,-79.03705,2024-09-20T23:41:55.000000Z
2024,264.9874537037037,43.09688,-79.03705,2024-09-20T23:41:56.000000Z
2024,264.98746527777774,43.09688,-79.03705,2024-09-20T23:41:57.000000Z
2024,264.9874768518518,43.09688,-79.03705,2024-09-20T23:41:58.000000Z
2024,264.9874884259259,43.09688,-79.03705,2024-09-20T23:41:59.000000Z
2024,264.98749999999995,43.09688,-79.03705,2024-09-20T23:42:00.000000Z
2024,264.987511574074,43.09688,-79.03705,2024-09-20T23:42:01.000000Z
2024,264.9875231481481,43.09688,-79.03706,2024-09-20T23:42:02.000000Z
2024,264.98753472222216,43.09688,-79.03706,2024-09-20T23:42:03.000000Z
2024,264.9875462962963,43.09688,-79.03707,2024-09-20T23:42:04.000000Z
2024,264.9875578703703,43.09688,-79.03707,2024-09-20T23:42:05.000000Z
2024,264.9875694444444,43.09688,-79.03707,2024-09-20T23:42:06.000000Z
2024,264.9875810185185,43.09689,-79.03707,2024-09-20T23:42:07.000000Z
2024,264.98759259259253,43.09689,-79.03707,2024-09-20T23:42:08.000000Z
2024,264.98760416666664,43.09689,-79.03707,2024-09-20T23:42:09.000000Z
2024,264.9876157407407,43.09689,-79.03708,2024-09-20T23:42:10.000000Z
2024,264.98762731481474,43.09689,-79.03708,2024-09-20T23:42:11.000000Z
2024,264.98763888888885,43.0969,-79.03709,2024-09-20T23:42:12.000000Z
2024,264.9876504629629,43.0969,-79.03709,2024-09-20T23:42:13.000000Z
2024,264.987662037037,43.0969,-79.03709,2024-09-20T23:42:14.000000Z
2024,264.98767361111106,43.0969,-79.03709,2024-09-20T23:42:15.000000Z
2024,264.9876851851851,43.0969,-79.03709,2024-09-20T23:42:16.000000Z
2024,264.9876967592592,43.0969,-79.03709,2024-09-20T23:42:17.000000Z
2024,264.9877083333333,43.0969,-79.03709,2024-09-20T23:42:18.000000Z
2024,264.9877199074074,43.0969,-79.03709,2024-09-20T23:42:19.000000Z
2024,264.98773148148143,43.0969,-79.03709,2024-09-20T23:42:20.000000Z
2024,264.9877430555555,43.0969,-79.03709,2024-09-20T23:42:21.000000Z
2024,264.9877546296296,43.0969,-79.0371,2024-09-20T23:42:22.000000Z
2024,264.98776620370364,43.0969,-79.0371,2024-09-20T23:42:23.000000Z
2024,264.98777777777775,43.09691,-79.0371,2024-09-20T23:42:24.000000Z
2024,264.9877893518518,43.09691,-79.0371,2024-09-20T23:42:25.000000Z
2024,264.98780092592585,43.09691,-79.0371,2024-09-20T23:42:26.000000Z
2024,264.98781249999996,43.09691,-79.0371,2024-09-20T23:42:27.000000Z
2024,264.987824074074,43.09691,-79.0371,2024-09-20T23:42:28.000000Z
2024,264.9878356481481,43.09691,-79.0371,2024-09-20T23:42:29.000000Z
2024,264.9878472222222,43.09691,-79.0371,2024-09-20T23:42:30.000000Z
2024,264.9878587962962,43.09691,-79.0371,2024-09-20T23:42:31.000000Z
2024,264.98787037037033,43.09691,-79.0371,2024-09-20T23:42:32.000000Z
2024,264.9878819444444,43.09691,-79.0371,2024-09-20T23:42:33.000000Z
2024,264.9878935185185,43.09691,-79.0371,2024-09-20T23:42:34.000000Z
2024,264.98790509259254,43.09691,-79.0371,2024-09-20T23:42:35.000000Z
2024,264.98791666666665,43.09691,-79.0371,2024-09-20T23:42:36.000000Z
2024,264.9879282407407,43.09691,-79.0371,2024-09-20T23:42:37.000000Z
2024,264.98793981481475,43.09691,-79.0371,2024-09-20T23:42:38.000000Z
2024,264.9879629629629,43.09691,-79.0371,2024-09-20T23:42:40.000000Z
2024,264.987974537037,43.09691,-79.0371,2024-09-20T23:42:41.000000Z
2024,264.98798611111107,43.09691,-79.03711,2024-09-20T23:42:42.000000Z
2024,264.9879976851851,43.09691,-79.03711,2024-09-20T23:42:43.000000Z
2024,264.98800925925923,43.09691,-79.03711,2024-09-20T23:42:44.000000Z
2024,264.9880208333333,43.09692,-79.03711,2024-09-20T23:42:45.000000Z
2024,264.9880324074074,43.09692,-79.03712,2024-09-20T23:42:46.000000Z
2024,264.98804398148144,43.09692,-79.03712,2024-09-20T23:42:47.000000Z
2024,264.9880555555555,43.09692,-79.03712,2024-09-20T23:42:48.000000Z
2024,264.9880671296296,43.09692,-79.03712,2024-09-20T23:42:49.000000Z
2024,264.98807870370365,43.09692,-79.03712,2024-09-20T23:42:50.000000Z
2024,264.98809027777776,43.09692,-79.03712,2024-09-20T23:42:51.000000Z
2024,264.9881018518518,43.09692,-79.03712,2024-09-20T23:42:52.000000Z
2024,264.98811342592586,43.09692,-79.03712,2024-09-20T23:42:53.000000Z
2024,264.98812499999997,43.09692,-79.03713,2024-09-20T23:42:54.000000Z
2024,264.988136574074,43.09692,-79.03713,2024-09-20T23:42:55.000000Z
2024,264.9881481481481,43.09692,-79.03713,2024-09-20T23:42:56.000000Z
2024,264.9881597222222,43.09692,-79.03713,2024-09-20T23:42:57.000000Z
2024,264.98817129629623,43.09692,-79.03713,2024-09-20T23:42:58.000000Z
2024,264.98818287037034,43.09692,-79.03713,2024-09-20T23:42:59.000000Z
2024,264.98819444444445,43.09692,-79.03713,2024-09-20T23:43:00.000000Z
2024,264.9882060185185,43.09692,-79.03713,2024-09-20T23:43:01.000000Z
2024,264.9882175925926,43.09692,-79.03713,2024-09-20T23:43:02.000000Z
2024,264.98822916666666,43.09692,-79.03714,2024-09-20T23:43:03.000000Z
2024,264.98824074074076,43.09692,-79.03714,2024-09-20T23:43:04.000000Z
2024,264.9882523148148,43.09692,-79.03714,2024-09-20T23:43:05.000000Z
2024,264.98826388888887,43.09692,-79.03714,2024-09-20T23:43:06.000000Z
2024,264.988275462963,43.09692,-79.03714,2024-09-20T23:43:07.000000Z
2024,264.988287037037,43.09692,-79.03714,2024-09-20T23:43:08.000000Z
2024,264.98829861111113,43.09692,-79.03714,2024-09-20T23:43:09.000000Z
2024,264.9883101851852,43.09692,-79.03714,2024-09-20T23:43:10.000000Z
2024,264.98832175925924,43.09692,-79.03714,2024-09-20T23:43:11.000000Z
2024,264.98833333333334,43.09692,-79.03714,2024-09-20T23:43:12.000000Z
2024,264.9883449074074,43.09692,-79.03714,2024-09-20T23:43:13.000000Z
2024,264.9883564814815,43.09692,-79.03714,2024-09-20T23:43:14.000000Z
2024,264.98836805555555,43.09692,-79.03714,2024-09-20T23:43:15.000000Z
2024,264.9883796296296,43.09692,-79.03714,2024-09-20T23:43:16.000000Z
2024,264.9883912037037,43.09692,-79.03714,2024-09-20T23:43:17.000000Z
2024,264.98840277777776,43.09692,-79.03714,2024-09-20T23:43:18.000000Z
2024,264.9884143518519,43.09692,-79.03714,2024-09-20T23:43:19.000000Z
2024,264.9884259259259,43.09692,-79.03714,2024-09-20T23:43:20.000000Z
2024,264.9884375,43.09692,-79.03714,2024-09-20T23:43:21.000000Z
2024,264.98846064814813,43.09692,-79.03714,2024-09-20T23:43:23.000000Z
2024,264.98847222222224,43.09692,-79.03714,2024-09-20T23:43:24.000000Z
2024,264.9884837962963,43.09692,-79.03714,2024-09-20T23:43:25.000000Z
2024,264.98849537037034,43.09692,-79.03714,2024-09-20T23:43:26.000000Z
2024,264.98850694444445,43.09692,-79.03714,2024-09-20T23:43:27.000000Z
2024,264.9885185185185,43.09692,-79.03714,2024-09-20T23:43:28.000000Z
2024,264.9885300925926,43.09692,-79.03714,2024-09-20T23:43:29.000000Z
2024,264.98854166666666,43.09692,-79.03714,2024-09-20T23:43:30.000000Z
2024,264.9885532407407,43.09692,-79.03714,2024-09-20T23:43:31.000000Z
2024,264.9885648148148,43.09692,-79.03714,2024-09-20T23:43:32.000000Z
2024,264.9885763888889,43.09692,-79.03714,2024-09-20T23:43:33.000000Z
2024,264.988587962963,43.09692,-79.03714,2024-09-20T23:43:34.000000Z
2024,264.98859953703703,43.09692,-79.03714,2024-09-20T23:43:35.000000Z
2024,264.98861111111114,43.09692,-79.03714,2024-09-20T23:43:36.000000Z
2024,264.9886226851852,43.09692,-79.03714,2024-09-20T23:43:37.000000Z
2024,264.98863425925924,43.09692,-79.03714,2024-09-20T23:43:38.000000Z
2024,264.98864583333335,43.09692,-79.03714,2024-09-20T23:43:39.000000Z
2024,264.9886574074074,43.09692,-79.03714,2024-09-20T23:43:40.000000Z
2024,264.9886689814815,43.09692,-79.03714,2024-09-20T23:43:41.000000Z
2024,264.98868055555556,43.09692,-79.03714,2024-09-20T23:43:42.000000Z
2024,264.9886921296296,43.09692,-79.03714,2024-09-20T23:43:43.000000Z
2024,264.9887037037037,43.09692,-79.03714,2024-09-20T23:43:44.000000Z
2024,264.98871527777777,43.09692,-79.03714,2024-09-20T23:43:45.000000Z
2024,264.98873842592593,43.09692,-79.03714,2024-09-20T23:43:47.000000Z
2024,264.98875,43.09692,-79.03714,2024-09-20T23:43:48.000000Z
2024,264.9887615740741,43.09692,-79.03714,2024-09-20T23:43:49.000000Z
2024,264.98877314814814,43.09692,-79.03714,2024-09-20T23:43:50.000000Z
2024,264.98878472222225,43.09692,-79.03714,2024-09-20T23:43:51.000000Z
2024,264.9887962962963,43.09692,-79.03714,2024-09-20T23:43:52.000000Z
2024,264.98880787037035,43.09692,-79.03714,2024-09-20T23:43:53.000000Z
2024,264.98881944444446,43.09692,-79.03714,2024-09-20T23:43:54.000000Z
2024,264.9888310185185,43.09692,-79.03714,2024-09-20T23:43:55.000000Z
2024,264.9888425925926,43.09692,-79.03714,2024-09-20T23:43:56.000000Z
2024,264.98885416666667,43.09692,-79.03714,2024-09-20T23:43:57.000000Z
2024,264.9888657407407,43.09692,-79.03714,2024-09-20T23:43:58.000000Z
2024,264.98887731481483,43.09692,-79.03714,2024-09-20T23:43:59.000000Z
2024,264.9888888888889,43.09692,-79.03714,2024-09-20T23:44:00.000000Z
2024,264.98890046296293,43.09692,-79.03714,2024-09-20T23:44:01.000000Z
2024,264.98891203703704,43.09692,-79.03715,2024-09-20T23:44:02.000000Z
2024,264.9889236111111,43.09692,-79.03715,2024-09-20T23:44:03.000000Z
2024,264.9889351851852,43.09692,-79.03715,2024-09-20T23:44:04.000000Z
2024,264.98894675925925,43.09692,-79.03715,2024-09-20T23:44:05.000000Z
2024,264.9889583333333,43.09692,-79.03715,2024-09-20T23:44:06.000000Z
2024,264.9889699074074,43.09692,-79.03715,2024-09-20T23:44:07.000000Z
2024,264.98898148148146,43.09692,-79.03715,2024-09-20T23:44:08.000000Z
2024,264.98899305555557,43.09692,-79.03715,2024-09-20T23:44:09.000000Z
2024,264.9890046296296,43.09692,-79.03715,2024-09-20T23:44:10.000000Z
2024,264.98901620370367,43.09692,-79.03715,2024-09-20T23:44:11.000000Z
2024,264.9890277777778,43.09692,-79.03715,2024-09-20T23:44:12.000000Z
2024,264.98903935185183,43.09692,-79.03715,2024-09-20T23:44:13.000000Z
2024,264.98905092592594,43.09692,-79.03715,2024-09-20T23:44:14.000000Z
2024,264.9890625,43.09692,-79.03715,2024-09-20T23:44:15.000000Z
2024,264.98907407407404,43.09692,-79.03715,2024-09-20T23:44:16.000000Z
2024,264.98908564814815,43.09692,-79.03715,2024-09-20T23:44:17.000000Z
2024,264.9890972222222,43.09692,-79.03715,2024-09-20T23:44:18.000000Z
2024,264.9891087962963,43.09692,-79.03715,2024-09-20T23:44:19.000000Z
2024,264.98912037037036,43.09692,-79.03715,2024-09-20T23:44:20.000000Z
2024,264.9891319444444,43.09692,-79.03715,2024-09-20T23:44:21.000000Z
2024,264.9891435185185,43.09692,-79.03715,2024-09-20T23:44:22.000000Z
2024,264.98915509259257,43.09692,-79.03715,2024-09-20T23:44:23.000000Z
2024,264.9891666666667,43.09692,-79.03715,2024-09-20T23:44:24.000000Z
2024,264.9891782407407,43.09692,-79.03715,2024-09-20T23:44:25.000000Z
2024,264.9891898148148,43.09692,-79.03715,2024-09-20T23:44:26.000000Z
2024,264.9892013888889,43.09692,-79.03715,2024-09-20T23:44:27.000000Z
2024,264.98921296296294,43.09692,-79.03715,2024-09-20T23:44:28.000000Z
2024,264.98922453703705,43.09692,-79.03715,2024-09-20T23:44:29.000000Z
2024,264.9892361111111,43.09692,-79.03715,2024-09-20T23:44:30.000000Z
2024,264.98924768518515,43.09692,-79.03715,2024-09-20T23:44:31.000000Z
2024,264.98925925925926,43.09692,-79.03715,2024-09-20T23:44:32.000000Z
2024,264.9892708333333,43.09692,-79.03715,2024-09-20T23:44:33.000000Z
2024,264.9892824074074,43.09692,-79.03715,2024-09-20T23:44:34.000000Z
2024,264.98929398148147,43.09692,-79.03715,2024-09-20T23:44:35.000000Z
2024,264.9893055555556,43.09692,-79.03715,2024-09-20T23:44:36.000000Z
2024,264.9893171296296,43.09692,-79.03715,2024-09-20T23:44:37.000000Z
2024,264.9893287037037,43.09692,-79.03715,2024-09-20T23:44:38.000000Z
2024,264.9893402777778,43.09692,-79.03715,2024-09-20T23:44:39.000000Z
2024,264.98935185185184,43.09692,-79.03715,2024-09-20T23:44:40.000000Z
2024,264.98936342592594,43.09692,-79.03715,2024-09-20T23:44:41.000000Z
2024,264.989375,43.09692,-79.03715,2024-09-20T23:44:42.000000Z
2024,264.98938657407405,43.09692,-79.03715,2024-09-20T23:44:43.000000Z
2024,264.98939814814815,43.09692,-79.03715,2024-09-20T23:44:44.000000Z
2024,264.9894097222222,43.09692,-79.03715,2024-09-20T23:44:45.000000Z
2024,264.9894212962963,43.09692,-79.03715,2024-09-20T23:44:46.000000Z
2024,264.98943287037036,43.09692,-79.03715,2024-09-20T23:44:47.000000Z
2024,264.9894444444444,43.09692,-79.03716,2024-09-20T23:44:48.000000Z
2024,264.9894560185185,43.09692,-79.03716,2024-09-20T23:44:49.000000Z
2024,264.9894675925926,43.09692,-79.03716,2024-09-20T23:44:50.000000Z
2024,264.9894791666667,43.09692,-79.03716,2024-09-20T23:44:51.000000Z
2024,264.98949074074073,43.09692,-79.03716,2024-09-20T23:44:52.000000Z
2024,264.9895023148148,43.09692,-79.03716,2024-09-20T23:44:53.000000Z
2024,264.9895138888889,43.09692,-79.03716,2024-09-20T23:44:54.000000Z
2024,264.98952546296294,43.09692,-79.03716,2024-09-20T23:44:55.000000Z
2024,264.98953703703705,43.09692,-79.03716,2024-09-20T23:44:56.000000Z
2024,264.9895486111111,43.09692,-79.03716,2024-09-20T23:44:57.000000Z
2024,264.98956018518516,43.09693,-79.03716,2024-09-20T23:44:58.000000Z
2024,264.98957175925926,43.09693,-79.03716,2024-09-20T23:44:59.000000Z
2024,264.9895833333333,43.09692,-79.03716,2024-09-20T23:45:00.000000Z
2024,264.98959490740737,43.09693,-79.03716,2024-09-20T23:45:01.000000Z
2024,264.9896064814815,43.09693,-79.03716,2024-09-20T23:45:02.000000Z
2024,264.9896180555555,43.09693,-79.03716,2024-09-20T23:45:03.000000Z
2024,264.98962962962963,43.09692,-79.03716,2024-09-20T23:45:04.000000Z
2024,264.9896412037037,43.09692,-79.03716,2024-09-20T23:45:05.000000Z
2024,264.98965277777774,43.09693,-79.03716,2024-09-20T23:45:06.000000Z
2024,264.98966435185184,43.09693,-79.03716,2024-09-20T23:45:07.000000Z
2024,264.9896759259259,43.09693,-79.03716,2024-09-20T23:45:08.000000Z
2024,264.9896875,43.09693,-79.03716,2024-09-20T23:45:09.000000Z
2024,264.98969907407405,43.09693,-79.03716,2024-09-20T23:45:10.000000Z
2024,264.9897106481481,43.09693,-79.03716,2024-09-20T23:45:11.000000Z
2024,264.9897222222222,43.09693,-79.03716,2024-09-20T23:45:12.000000Z
2024,264.98973379629626,43.09693,-79.03716,2024-09-20T23:45:13.000000Z
2024,264.9897453703704,43.09693,-79.03716,2024-09-20T23:45:14.000000Z
2024,264.9897569444444,43.09693,-79.03716,2024-09-20T23:45:15.000000Z
2024,264.9897685185185,43.09693,-79.03716,2024-09-20T23:45:16.000000Z
2024,264.9897800925926,43.09693,-79.03716,2024-09-20T23:45:17.000000Z
2024,264.98979166666663,43.09693,-79.03716,2024-09-20T23:45:18.000000Z
2024,264.98980324074074,43.09693,-79.03716,2024-09-20T23:45:19.000000Z
2024,264.9898148148148,43.09693,-79.03716,2024-09-20T23:45:20.000000Z
2024,264.98982638888884,43.09693,-79.03716,2024-09-20T23:45:21.000000Z
2024,264.98983796296295,43.09693,-79.03716,2024-09-20T23:45:22.000000Z
2024,264.989849537037,43.09693,-79.03716,2024-09-20T23:45:23.000000Z
2024,264.9898611111111,43.09693,-79.03716,2024-09-20T23:45:24.000000Z
2024,264.98987268518516,43.09693,-79.03716,2024-09-20T23:45:25.000000Z
2024,264.9898842592592,43.09693,-79.03716,2024-09-20T23:45:26.000000Z
2024,264.9898958333333,43.09693,-79.03716,2024-09-20T23:45:27.000000Z
2024,264.9899074074074,43.09693,-79.03716,2024-09-20T23:45:28.000000Z
2024,264.9899189814815,43.09693,-79.03716,2024-09-20T23:45:29.000000Z
2024,264.98993055555553,43.09693,-79.03716,2024-09-20T23:45:30.000000Z
2024,264.9899421296296,43.09693,-79.03716,2024-09-20T23:45:31.000000Z
2024,264.9899537037037,43.09693,-79.03716,2024-09-20T23:45:32.000000Z
2024,264.98996527777774,43.09693,-79.03716,2024-09-20T23:45:33.000000Z
2024,264.98997685185185,43.09693,-79.03716,2024-09-20T23:45:34.000000Z
2024,264.9899884259259,43.09693,-79.03716,2024-09-20T23:45:35.000000Z
2024,264.99,43.09693,-79.03716,2024-09-20T23:45:36.000000Z
2024,264.99001157407406,43.09693,-79.03716,2024-09-20T23:45:37.000000Z
2024,264.9900231481481,43.09693,-79.03716,2024-09-20T23:45:38.000000Z
2024,264.9900347222222,43.09693,-79.03716,2024-09-20T23:45:39.000000Z
2024,264.99004629629627,43.09693,-79.03716,2024-09-20T23:45:40.000000Z
2024,264.9900578703704,43.09693,-79.03716,2024-09-20T23:45:41.000000Z
2024,264.99006944444443,43.09693,-79.03716,2024-09-20T23:45:42.000000Z
2024,264.9900810185185,43.09693,-79.03716,2024-09-20T23:45:43.000000Z
2024,264.9900925925926,43.09693,-79.03716,2024-09-20T23:45:44.000000Z
2024,264.99010416666664,43.09693,-79.03716,2024-09-20T23:45:45.000000Z
2024,264.99011574074075,43.09693,-79.03716,2024-09-20T23:45:46.000000Z
2024,264.9901273148148,43.09693,-79.03716,2024-09-20T23:45:47.000000Z
2024,264.99013888888885,43.09693,-79.03716,2024-09-20T23:45:48.000000Z
2024,264.99015046296296,43.09693,-79.03716,2024-09-20T23:45:49.000000Z
2024,264.990162037037,43.09693,-79.03716,2024-09-20T23:45:50.000000Z
2024,264.9901736111111,43.09693,-79.03716,2024-09-20T23:45:51.000000Z
2024,264.99018518518517,43.09693,-79.03716,2024-09-20T23:45:52.000000Z
2024,264.9901967592592,43.09693,-79.03716,2024-09-20T23:45:53.000000Z
2024,264.9902083333333,43.09693,-79.03716,2024-09-20T23:45:54.000000Z
2024,264.9902199074074,43.09693,-79.03716,2024-09-20T23:45:55.000000Z
2024,264.9902314814815,43.09693,-79.03716,2024-09-20T23:45:56.000000Z
2024,264.99024305555554,43.09693,-79.03716,2024-09-20T23:45:57.000000Z
2024,264.9902546296296,43.09693,-79.03716,2024-09-20T23:45:58.000000Z
2024,264.9902662037037,43.09693,-79.03716,2024-09-20T23:45:59.000000Z
2024,264.99027777777775,43.09693,-79.03716,2024-09-20T23:46:00.000000Z
2024,264.9902893518518,43.09693,-79.03716,2024-09-20T23:46:01.000000Z
2024,264.9903009259259,43.09693,-79.03716,2024-09-20T23:46:02.000000Z
2024,264.99031249999996,43.09693,-79.03716,2024-09-20T23:46:03.000000Z
2024,264.99032407407407,43.09693,-79.03716,2024-09-20T23:46:04.000000Z
2024,264.9903356481481,43.09693,-79.03716,2024-09-20T23:46:05.000000Z
2024,264.99034722222217,43.09693,-79.03716,2024-09-20T23:46:06.000000Z
2024,264.9903587962963,43.09693,-79.03716,2024-09-20T23:46:07.000000Z
2024,264.99037037037033,43.09693,-79.03716,2024-09-20T23:46:08.000000Z
2024,264.99038194444444,43.09693,-79.03716,2024-09-20T23:46:09.000000Z
2024,264.9903935185185,43.09693,-79.03716,2024-09-20T23:46:10.000000Z
2024,264.99040509259254,43.09693,-79.03716,2024-09-20T23:46:11.000000Z
2024,264.99041666666665,43.09693,-79.03716,2024-09-20T23:46:12.000000Z
2024,264.9904282407407,43.09693,-79.03716,2024-09-20T23:46:13.000000Z
2024,264.9904398148148,43.09693,-79.03716,2024-09-20T23:46:14.000000Z
2024,264.99045138888886,43.09693,-79.03716,2024-09-20T23:46:15.000000Z
2024,264.9904629629629,43.09693,-79.03717,2024-09-20T23:46:16.000000Z
2024,264.990474537037,43.09693,-79.03717,2024-09-20T23:46:17.000000Z
2024,264.99048611111107,43.09693,-79.03717,2024-09-20T23:46:18.000000Z
2024,264.9904976851852,43.09693,-79.03717,2024-09-20T23:46:19.000000Z
2024,264.9905092592592,43.09693,-79.03717,2024-09-20T23:46:20.000000Z
2024,264.9905208333333,43.09693,-79.03717,2024-09-20T23:46:21.000000Z
2024,264.9905324074074,43.09693,-79.03717,2024-09-20T23:46:22.000000Z
2024,264.99054398148144,43.09693,-79.03717,2024-09-20T23:46:23.000000Z
2024,264.99055555555555,43.09693,-79.03717,2024-09-20T23:46:24.000000Z
2024,264.9905671296296,43.09693,-79.03717,2024-09-20T23:46:25.000000Z
2024,264.99057870370365,43.09693,-79.03717,2024-09-20T23:46:26.000000Z
2024,264.99059027777776,43.09693,-79.03717,2024-09-20T23:46:27.000000Z
2024,264.9906018518518,43.09693,-79.03717,2024-09-20T23:46:28.000000Z
2024,264.9906134259259,43.09693,-79.03717,2024-09-20T23:46:29.000000Z
2024,264.99062499999997,43.09693,-79.03717,2024-09-20T23:46:30.000000Z
2024,264.990636574074,43.09693,-79.03717,2024-09-20T23:46:31.000000Z
2024,264.9906481481481,43.09693,-79.03717,2024-09-20T23:46:32.000000Z
2024,264.9906597222222,43.09693,-79.03717,2024-09-20T23:46:33.000000Z
2024,264.9906712962963,43.09693,-79.03717,2024-09-20T23:46:34.000000Z
2024,264.99068287037034,43.09693,-79.03717,2024-09-20T23:46:35.000000Z
2024,264.99069444444444,43.09693,-79.03717,2024-09-20T23:46:36.000000Z
2024,264.9907060185185,43.09693,-79.03717,2024-09-20T23:46:37.000000Z
2024,264.99071759259255,43.09693,-79.03717,2024-09-20T23:46:38.000000Z
2024,264.99072916666665,43.09693,-79.03717,2024-09-20T23:46:39.000000Z
2024,264.9907407407407,43.09693,-79.03717,2024-09-20T23:46:40.000000Z
2024,264.9907523148148,43.09693,-79.03717,2024-09-20T23:46:41.000000Z
2024,264.99076388888886,43.09693,-79.03717,2024-09-20T23:46:42.000000Z
2024,264.9907754629629,43.09693,-79.03717,2024-09-20T23:46:43.000000Z
2024,264.990787037037,43.09693,-79.03717,2024-09-20T23:46:44.000000Z
2024,264.9907986111111,43.09693,-79.03717,2024-09-20T23:46:45.000000Z
2024,264.9908101851852,43.09693,-79.03717,2024-09-20T23:46:46.000000Z
2024,264.99082175925923,43.09693,-79.03717,2024-09-20T23:46:47.000000Z
2024,264.9908333333333,43.09693,-79.03717,2024-09-20T23:46:48.000000Z
2024,264.9908449074074,43.09693,-79.03717,2024-09-20T23:46:49.000000Z
2024,264.99085648148144,43.09693,-79.03717,2024-09-20T23:46:50.000000Z
2024,264.99086805555555,43.09693,-79.03717,2024-09-20T23:46:51.000000Z
2024,264.9908796296296,43.09693,-79.03717,2024-09-20T23:46:52.000000Z
2024,264.99089120370365,43.09693,-79.03717,2024-09-20T23:46:53.000000Z
2024,264.99090277777776,43.09693,-79.03717,2024-09-20T23:46:54.000000Z
2024,264.9909143518518,43.09693,-79.03717,2024-09-20T23:46:55.000000Z
2024,264.9909259259259,43.09693,-79.03717,2024-09-20T23:46:56.000000Z
2024,264.9909375,43.09693,-79.03717,2024-09-20T23:46:57.000000Z
2024,264.990949074074,43.09693,-79.03717,2024-09-20T23:46:58.000000Z
2024,264.99096064814813,43.09693,-79.03717,2024-09-20T23:46:59.000000Z
2024,264.9909722222222,43.09693,-79.03717,2024-09-20T23:47:00.000000Z
2024,264.99098379629623,43.09693,-79.03717,2024-09-20T23:47:01.000000Z
2024,264.99099537037034,43.09693,-79.03717,2024-09-20T23:47:02.000000Z
2024,264.9910069444444,43.09693,-79.03717,2024-09-20T23:47:03.000000Z
2024,264.9910185185185,43.09693,-79.03717,2024-09-20T23:47:04.000000Z
2024,264.99103009259255,43.09693,-79.03717,2024-09-20T23:47:05.000000Z
2024,264.9910416666666,43.09693,-79.03717,2024-09-20T23:47:06.000000Z
2024,264.9910532407407,43.09693,-79.03717,2024-09-20T23:47:07.000000Z
2024,264.99106481481476,43.09693,-79.03717,2024-09-20T23:47:08.000000Z
2024,264.99107638888887,43.09693,-79.03717,2024-09-20T23:47:09.000000Z
2024,264.9910879629629,43.09693,-79.03717,2024-09-20T23:47:10.000000Z
2024,264.991099537037,43.09693,-79.03717,2024-09-20T23:47:11.000000Z
2024,264.9911111111111,43.09693,-79.03717,2024-09-20T23:47:12.000000Z
2024,264.99112268518513,43.09693,-79.03717,2024-09-20T23:47:13.000000Z
2024,264.99113425925924,43.09693,-79.03717,2024-09-20T23:47:14.000000Z
2024,264.9911458333333,43.09693,-79.03717,2024-09-20T23:47:15.000000Z
2024,264.99115740740734,43.09693,-79.03717,2024-09-20T23:47:16.000000Z
2024,264.99116898148145,43.09693,-79.03717,2024-09-20T23:47:17.000000Z
2024,264.9911805555555,43.09693,-79.03717,2024-09-20T23:47:18.000000Z
2024,264.9911921296296,43.09693,-79.03717,2024-09-20T23:47:19.000000Z
2024,264.99120370370366,43.09693,-79.03717,2024-09-20T23:47:20.000000Z
2024,264.9912152777777,43.09693,-79.03717,2024-09-20T23:47:21.000000Z
2024,264.9912268518518,43.09693,-79.03717,2024-09-20T23:47:22.000000Z
2024,264.99123842592587,43.09693,-79.03717,2024-09-20T23:47:23.000000Z
2024,264.99125,43.09693,-79.03717,2024-09-20T23:47:24.000000Z
2024,264.99126157407403,43.09693,-79.03717,2024-09-20T23:47:25.000000Z
2024,264.9912731481481,43.09693,-79.03717,2024-09-20T23:47:26.000000Z
2024,264.9912847222222,43.09693,-79.03717,2024-09-20T23:47:27.000000Z
2024,264.99129629629624,43.09693,-79.03717,2024-09-20T23:47:28.000000Z
2024,264.99130787037035,43.09693,-79.03717,2024-09-20T23:47:29.000000Z
2024,264.9913194444444,43.09693,-79.03717,2024-09-20T23:47:30.000000Z
2024,264.99133101851845,43.09693,-79.03717,2024-09-20T23:47:31.000000Z
2024,264.99134259259256,43.09693,-79.03717,2024-09-20T23:47:32.000000Z
2024,264.9913541666666,43.09693,-79.03717,2024-09-20T23:47:33.000000Z
2024,264.9913657407407,43.09693,-79.03717,2024-09-20T23:47:34.000000Z
2024,264.99137731481477,43.09693,-79.03717,2024-09-20T23:47:35.000000Z
2024,264.9913888888889,43.09693,-79.03717,2024-09-20T23:47:36.000000Z
2024,264.99140046296293,43.09693,-79.03717,2024-09-20T23:47:37.000000Z
2024,264.991412037037,43.09693,-79.03717,2024-09-20T23:47:38.000000Z
2024,264.9914236111111,43.09693,-79.03717,2024-09-20T23:47:39.000000Z
2024,264.99143518518514,43.09693,-79.03717,2024-09-20T23:47:40.000000Z
2024,264.99144675925925,43.09693,-79.03717,2024-09-20T23:47:41.000000Z
2024,264.9914583333333,43.09693,-79.03717,2024-09-20T23:47:42.000000Z
2024,264.99146990740735,43.09693,-79.03717,2024-09-20T23:47:43.000000Z
2024,264.99148148148146,43.09693,-79.03717,2024-09-20T23:47:44.000000Z
2024,264.9914930555555,43.09693,-79.03717,2024-09-20T23:47:45.000000Z
2024,264.9915046296296,43.09693,-79.03717,2024-09-20T23:47:46.000000Z
2024,264.99151620370367,43.09693,-79.03717,2024-09-20T23:47:47.000000Z
2024,264.9915277777777,43.09693,-79.03717,2024-09-20T23:47:48.000000Z
2024,264.9915393518518,43.09694,-79.03717,2024-09-20T23:47:49.000000Z
2024,264.9915509259259,43.09694,-79.03717,2024-09-20T23:47:50.000000Z
2024,264.9915625,43.09694,-79.03717,2024-09-20T23:47:51.000000Z
2024,264.99157407407404,43.09694,-79.03717,2024-09-20T23:47:52.000000Z
2024,264.9915856481481,43.09694,-79.03717,2024-09-20T23:47:53.000000Z
2024,264.9915972222222,43.09694,-79.03717,2024-09-20T23:47:54.000000Z
2024,264.99160879629625,43.09694,-79.03717,2024-09-20T23:47:55.000000Z
2024,264.99162037037036,43.09694,-79.03717,2024-09-20T23:47:56.000000Z
2024,264.9916319444444,43.09694,-79.03717,2024-09-20T23:47:57.000000Z
2024,264.99164351851846,43.09693,-79.03717,2024-09-20T23:47:58.000000Z
2024,264.99165509259257,43.09693,-79.03717,2024-09-20T23:47:59.000000Z
2024,264.9916666666667,43.09693,-79.03717,2024-09-20T23:48:00.000000Z
2024,264.9916782407407,43.09693,-79.03717,2024-09-20T23:48:01.000000Z
2024,264.99168981481483,43.09694,-79.03717,2024-09-20T23:48:02.000000Z
2024,264.9917013888889,43.09694,-79.03717,2024-09-20T23:48:03.000000Z
2024,264.991712962963,43.09694,-79.03717,2024-09-20T23:48:04.000000Z
2024,264.99172453703704,43.09694,-79.03717,2024-09-20T23:48:05.000000Z
2024,264.9917361111111,43.09694,-79.03717,2024-09-20T23:48:06.000000Z
2024,264.9917476851852,43.09694,-79.03717,2024-09-20T23:48:07.000000Z
2024,264.99175925925925,43.09694,-79.03717,2024-09-20T23:48:08.000000Z
2024,264.99177083333336,43.09694,-79.03717,2024-09-20T23:48:09.000000Z
2024,264.9917824074074,43.09694,-79.03717,2024-09-20T23:48:10.000000Z
2024,264.99179398148146,43.09694,-79.03717,2024-09-20T23:48:11.000000Z
2024,264.9918055555556,43.09694,-79.03717,2024-09-20T23:48:12.000000Z
2024,264.9918171296296,43.09694,-79.03717,2024-09-20T23:48:13.000000Z
2024,264.99182870370373,43.09694,-79.03717,2024-09-20T23:48:14.000000Z
2024,264.9918402777778,43.09694,-79.03717,2024-09-20T23:48:15.000000Z
2024,264.99185185185183,43.09694,-79.03717,2024-09-20T23:48:16.000000Z
2024,264.99186342592594,43.09694,-79.03717,2024-09-20T23:48:17.000000Z
2024,264.991875,43.09694,-79.03717,2024-09-20T23:48:18.000000Z
2024,264.9918865740741,43.09694,-79.03717,2024-09-20T23:48:19.000000Z
2024,264.99189814814815,43.09694,-79.03717,2024-09-20T23:48:20.000000Z
2024,264.9919097222222,43.09694,-79.03717,2024-09-20T23:48:21.000000Z
2024,264.9919212962963,43.09694,-79.03717,2024-09-20T23:48:22.000000Z
2024,264.99193287037036,43.09694,-79.03717,2024-09-20T23:48:23.000000Z
2024,264.99194444444447,43.09694,-79.03717,2024-09-20T23:48:24.000000Z
2024,264.9919560185185,43.09694,-79.03717,2024-09-20T23:48:25.000000Z
2024,264.9919675925926,43.09694,-79.03717,2024-09-20T23:48:26.000000Z
2024,264.9919791666667,43.09694,-79.03717,2024-09-20T23:48:27.000000Z
2024,264.99199074074073,43.09694,-79.03717,2024-09-20T23:48:28.000000Z
2024,264.99200231481484,43.09694,-79.03718,2024-09-20T23:48:29.000000Z
2024,264.9920138888889,43.09694,-79.03718,2024-09-20T23:48:30.000000Z
2024,264.99202546296294,43.09694,-79.03718,2024-09-20T23:48:31.000000Z
2024,264.99203703703705,43.09694,-79.03718,2024-09-20T23:48:32.000000Z
2024,264.9920486111111,43.09694,-79.03719,2024-09-20T23:48:33.000000Z
2024,264.9920601851852,43.09695,-79.03719,2024-09-20T23:48:34.000000Z
2024,264.99207175925926,43.09695,-79.03719,2024-09-20T23:48:35.000000Z
2024,264.99208333333337,43.09695,-79.03719,2024-09-20T23:48:36.000000Z
2024,264.9920949074074,43.09695,-79.03719,2024-09-20T23:48:37.000000Z
2024,264.99210648148147,43.09695,-79.03719,2024-09-20T23:48:38.000000Z
2024,264.9921180555556,43.09695,-79.03719,2024-09-20T23:48:39.000000Z
2024,264.99212962962963,43.09695,-79.03719,2024-09-20T23:48:40.000000Z
2024,264.99214120370374,43.09694,-79.0372,2024-09-20T23:48:41.000000Z
2024,264.9921527777778,43.09694,-79.03719,2024-09-20T23:48:42.000000Z
2024,264.99216435185184,43.09694,-79.03719,2024-09-20T23:48:43.000000Z
2024,264.99217592592595,43.09694,-79.03719,2024-09-20T23:48:44.000000Z
2024,264.9921875,43.09694,-79.0372,2024-09-20T23:48:45.000000Z
2024,264.9921990740741,43.09694,-79.0372,2024-09-20T23:48:46.000000Z
2024,264.99221064814816,43.09694,-79.0372,2024-09-20T23:48:47.000000Z
2024,264.9922222222222,43.09694,-79.0372,2024-09-20T23:48:48.000000Z
2024,264.9922337962963,43.09694,-79.0372,2024-09-20T23:48:49.000000Z
2024,264.99224537037037,43.09695,-79.0372,2024-09-20T23:48:50.000000Z
2024,264.9922569444445,43.09695,-79.0372,2024-09-20T23:48:51.000000Z
2024,264.99226851851853,43.09695,-79.0372,2024-09-20T23:48:52.000000Z
2024,264.9922800925926,43.09695,-79.0372,2024-09-20T23:48:53.000000Z
2024,264.9922916666667,43.09695,-79.0372,2024-09-20T23:48:54.000000Z
2024,264.99230324074074,43.09695,-79.0372,2024-09-20T23:48:55.000000Z
2024,264.99231481481485,43.09695,-79.0372,2024-09-20T23:48:56.000000Z
2024,264.9923263888889,43.09695,-79.0372,2024-09-20T23:48:57.000000Z
2024,264.99233796296295,43.09695,-79.0372,2024-09-20T23:48:58.000000Z
2024,264.99234953703706,43.09695,-79.0372,2024-09-20T23:48:59.000000Z
2024,264.9923611111111,43.09695,-79.0372,2024-09-20T23:49:00.000000Z
2024,264.99237268518516,43.09695,-79.0372,2024-09-20T23:49:01.000000Z
2024,264.99238425925927,43.09695,-79.0372,2024-09-20T23:49:02.000000Z
2024,264.9923958333333,43.09695,-79.0372,2024-09-20T23:49:03.000000Z
2024,264.9924074074074,43.09695,-79.0372,2024-09-20T23:49:04.000000Z
2024,264.9924189814815,43.09695,-79.0372,2024-09-20T23:49:05.000000Z
2024,264.99243055555553,43.09695,-79.0372,2024-09-20T23:49:06.000000Z
2024,264.99244212962964,43.09695,-79.0372,2024-09-20T23:49:07.000000Z
2024,264.9924537037037,43.09695,-79.0372,2024-09-20T23:49:08.000000Z
2024,264.9924652777778,43.09695,-79.0372,2024-09-20T23:49:09.000000Z
2024,264.99247685185185,43.09694,-79.0372,2024-09-20T23:49:10.000000Z
2024,264.9924884259259,43.09694,-79.0372,2024-09-20T23:49:11.000000Z
2024,264.9925,43.09695,-79.0372,2024-09-20T23:49:12.000000Z
2024,264.99251157407406,43.09695,-79.0372,2024-09-20T23:49:13.000000Z
2024,264.99252314814817,43.09695,-79.0372,2024-09-20T23:49:14.000000Z
2024,264.9925347222222,43.09695,-79.0372,2024-09-20T23:49:15.000000Z
2024,264.99254629629627,43.09695,-79.0372,2024-09-20T23:49:16.000000Z
2024,264.9925578703704,43.09695,-79.0372,2024-09-20T23:49:17.000000Z
2024,264.9925694444444,43.09695,-79.0372,2024-09-20T23:49:18.000000Z
2024,264.99258101851854,43.09695,-79.0372,2024-09-20T23:49:19.000000Z
2024,264.9925925925926,43.09695,-79.0372,2024-09-20T23:49:20.000000Z
2024,264.99260416666664,43.09695,-79.0372,2024-09-20T23:49:21.000000Z
2024,264.99261574074075,43.09695,-79.0372,2024-09-20T23:49:22.000000Z
2024,264.9926273148148,43.09695,-79.0372,2024-09-20T23:49:23.000000Z
2024,264.9926388888889,43.09695,-79.0372,2024-09-20T23:49:24.000000Z
2024,264.99265046296296,43.09695,-79.0372,2024-09-20T23:49:25.000000Z
2024,264.992662037037,43.09695,-79.0372,2024-09-20T23:49:26.000000Z
2024,264.9926736111111,43.09695,-79.0372,2024-09-20T23:49:27.000000Z
2024,264.99268518518517,43.09695,-79.0372,2024-09-20T23:49:28.000000Z
2024,264.9926967592593,43.09695,-79.0372,2024-09-20T23:49:29.000000Z
2024,264.9927083333333,43.09695,-79.0372,2024-09-20T23:49:30.000000Z
2024,264.9927199074074,43.09695,-79.0372,2024-09-20T23:49:31.000000Z
2024,264.9927314814815,43.09695,-79.0372,2024-09-20T23:49:32.000000Z
2024,264.99274305555554,43.09695,-79.0372,2024-09-20T23:49:33.000000Z
2024,264.99275462962964,43.09695,-79.03721,2024-09-20T23:49:34.000000Z
2024,264.9927662037037,43.09695,-79.03721,2024-09-20T23:49:35.000000Z
2024,264.9927777777778,43.09695,-79.03721,2024-09-20T23:49:36.000000Z
2024,264.99278935185185,43.09695,-79.03721,2024-09-20T23:49:37.000000Z
2024,264.9928009259259,43.09695,-79.03721,2024-09-20T23:49:38.000000Z
2024,264.9928125,43.09695,-79.03721,2024-09-20T23:49:39.000000Z
2024,264.99282407407406,43.09695,-79.03721,2024-09-20T23:49:40.000000Z
2024,264.9928356481482,43.09695,-79.03721,2024-09-20T23:49:41.000000Z
2024,264.9928472222222,43.09695,-79.03722,2024-09-20T23:49:42.000000Z
2024,264.9928587962963,43.09695,-79.03721,2024-09-20T23:49:43.000000Z
2024,264.9928703703704,43.09695,-79.03721,2024-09-20T23:49:44.000000Z
2024,264.99288194444443,43.09695,-79.03722,2024-09-20T23:49:45.000000Z
2024,264.99289351851854,43.09695,-79.03722,2024-09-20T23:49:46.000000Z
2024,264.9929050925926,43.09695,-79.03722,2024-09-20T23:49:47.000000Z
2024,264.99291666666664,43.09695,-79.03722,2024-09-20T23:49:48.000000Z
2024,264.99292824074075,43.09695,-79.03722,2024-09-20T23:49:49.000000Z
2024,264.9929398148148,43.09695,-79.03722,2024-09-20T23:49:50.000000Z
2024,264.9929513888889,43.09695,-79.03722,2024-09-20T23:49:51.000000Z
2024,264.99296296296296,43.09695,-79.03722,2024-09-20T23:49:52.000000Z
2024,264.992974537037,43.09695,-79.03722,2024-09-20T23:49:53.000000Z
2024,264.9929861111111,43.09695,-79.03722,2024-09-20T23:49:54.000000Z
2024,264.9929976851852,43.09695,-79.03722,2024-09-20T23:49:55.000000Z
2024,264.9930092592593,43.09695,-79.03722,2024-09-20T23:49:56.000000Z
2024,264.99302083333333,43.09695,-79.03722,2024-09-20T23:49:57.000000Z
2024,264.9930324074074,43.09695,-79.03722,2024-09-20T23:49:58.000000Z
2024,264.9930439814815,43.09695,-79.03722,2024-09-20T23:49:59.000000Z
2024,264.99305555555554,43.09695,-79.03722,2024-09-20T23:50:00.000000Z
2024,264.9930671296296,43.09695,-79.03722,2024-09-20T23:50:01.000000Z
2024,264.9930787037037,43.09695,-79.03722,2024-09-20T23:50:02.000000Z
2024,264.99309027777775,43.09695,-79.03722,2024-09-20T23:50:03.000000Z
2024,264.99310185185186,43.09695,-79.03722,2024-09-20T23:50:04.000000Z
2024,264.9931134259259,43.09695,-79.03722,2024-09-20T23:50:05.000000Z
2024,264.99312499999996,43.09695,-79.03722,2024-09-20T23:50:06.000000Z
2024,264.9931365740741,43.09695,-79.03722,2024-09-20T23:50:07.000000Z
2024,264.9931481481481,43.09695,-79.03723,2024-09-20T23:50:08.000000Z
2024,264.99315972222223,43.09695,-79.03723,2024-09-20T23:50:09.000000Z
2024,264.9931712962963,43.09695,-79.03723,2024-09-20T23:50:10.000000Z
2024,264.99318287037033,43.09695,-79.03723,2024-09-20T23:50:11.000000Z
2024,264.99319444444444,43.09695,-79.03723,2024-09-20T23:50:12.000000Z
2024,264.9932060185185,43.09695,-79.03723,2024-09-20T23:50:13.000000Z
2024,264.9932175925926,43.09695,-79.03723,2024-09-20T23:50:14.000000Z
2024,264.99322916666665,43.09695,-79.03723,2024-09-20T23:50:15.000000Z
2024,264.9932407407407,43.09695,-79.03723,2024-09-20T23:50:16.000000Z
2024,264.9932523148148,43.09695,-79.03723,2024-09-20T23:50:17.000000Z
2024,264.99326388888886,43.09695,-79.03723,2024-09-20T23:50:18.000000Z
2024,264.99327546296297,43.09695,-79.03723,2024-09-20T23:50:19.000000Z
2024,264.993287037037,43.09695,-79.03723,2024-09-20T23:50:20.000000Z
2024,264.9932986111111,43.09695,-79.03723,2024-09-20T23:50:21.000000Z
2024,264.9933101851852,43.09695,-79.03723,2024-09-20T23:50:22.000000Z
2024,264.99332175925923,43.09695,-79.03723,2024-09-20T23:50:23.000000Z
2024,264.99333333333334,43.09695,-79.03723,2024-09-20T23:50:24.000000Z
2024,264.9933449074074,43.09695,-79.03723,2024-09-20T23:50:25.000000Z
2024,264.99335648148144,43.09695,-79.03723,2024-09-20T23:50:26.000000Z
2024,264.99336805555555,43.09695,-79.03723,2024-09-20T23:50:27.000000Z
2024,264.9933796296296,43.09695,-79.03723,2024-09-20T23:50:28.000000Z
2024,264.9933912037037,43.09695,-79.03723,2024-09-20T23:50:29.000000Z
2024,264.99340277777776,43.09695,-79.03723,2024-09-20T23:50:30.000000Z
2024,264.9934143518518,43.09695,-79.03723,2024-09-20T23:50:31.000000Z
2024,264.9934259259259,43.09695,-79.03723,2024-09-20T23:50:32.000000Z
2024,264.99343749999997,43.09695,-79.03723,2024-09-20T23:50:33.000000Z
2024,264.9934490740741,43.09695,-79.03723,2024-09-20T23:50:34.000000Z
2024,264.99346064814813,43.09695,-79.03723,2024-09-20T23:50:35.000000Z
2024,264.99347222222224,43.09695,-79.03723,2024-09-20T23:50:36.000000Z
2024,264.9934837962963,43.09695,-79.03724,2024-09-20T23:50:37.000000Z
2024,264.99349537037034,43.09695,-79.03723,2024-09-20T23:50:38.000000Z
2024,264.99350694444445,43.09695,-79.03723,2024-09-20T23:50:39.000000Z
2024,264.9935185185185,43.09695,-79.03723,2024-09-20T23:50:40.000000Z
2024,264.9935300925926,43.09695,-79.03723,2024-09-20T23:50:41.000000Z
2024,264.99354166666666,43.09695,-79.03723,2024-09-20T23:50:42.000000Z
2024,264.9935532407407,43.09695,-79.03724,2024-09-20T23:50:43.000000Z
2024,264.9935648148148,43.09695,-79.03724,2024-09-20T23:50:44.000000Z
2024,264.99357638888887,43.09695,-79.03724,2024-09-20T23:50:45.000000Z
2024,264.993587962963,43.09695,-79.03724,2024-09-20T23:50:46.000000Z
2024,264.993599537037,43.09695,-79.03723,2024-09-20T23:50:47.000000Z
2024,264.9936111111111,43.09695,-79.03724,2024-09-20T23:50:48.000000Z
2024,264.9936226851852,43.09695,-79.03724,2024-09-20T23:50:49.000000Z
2024,264.99363425925924,43.09695,-79.03724,2024-09-20T23:50:50.000000Z
2024,264.99364583333335,43.09695,-79.03724,2024-09-20T23:50:51.000000Z
2024,264.9936574074074,43.09695,-79.03724,2024-09-20T23:50:52.000000Z
2024,264.99366898148145,43.09695,-79.03723,2024-09-20T23:50:53.000000Z
2024,264.99368055555556,43.09695,-79.03724,2024-09-20T23:50:54.000000Z
2024,264.9936921296296,43.09695,-79.03724,2024-09-20T23:50:55.000000Z
2024,264.9937037037037,43.09695,-79.03724,2024-09-20T23:50:56.000000Z
2024,264.99371527777777,43.09695,-79.03724,2024-09-20T23:50:57.000000Z
2024,264.9937268518518,43.09695,-79.03724,2024-09-20T23:50:58.000000Z
2024,264.9937384259259,43.09695,-79.03724,2024-09-20T23:50:59.000000Z
2024,264.99375,43.09695,-79.03724,2024-09-20T23:51:00.000000Z
2024,264.99376157407403,43.09695,-79.03724,2024-09-20T23:51:01.000000Z
2024,264.99377314814814,43.09695,-79.03724,2024-09-20T23:51:02.000000Z
2024,264.9937847222222,43.09695,-79.03724,2024-09-20T23:51:03.000000Z
2024,264.9937962962963,43.09695,-79.03724,2024-09-20T23:51:04.000000Z
2024,264.99380787037035,43.09695,-79.03723,2024-09-20T23:51:05.000000Z
2024,264.9938194444444,43.09695,-79.03724,2024-09-20T23:51:06.000000Z
2024,264.9938310185185,43.09695,-79.03724,2024-09-20T23:51:07.000000Z
2024,264.99384259259256,43.09695,-79.03724,2024-09-20T23:51:08.000000Z
2024,264.99385416666667,43.09695,-79.03724,2024-09-20T23:51:09.000000Z
2024,264.9938657407407,43.09695,-79.03724,2024-09-20T23:51:10.000000Z
2024,264.99387731481477,43.09695,-79.03724,2024-09-20T23:51:11.000000Z
2024,264.9938888888889,43.09695,-79.03724,2024-09-20T23:51:12.000000Z
2024,264.9939004629629,43.09695,-79.03724,2024-09-20T23:51:13.000000Z
2024,264.99391203703703,43.09695,-79.03723,2024-09-20T23:51:14.000000Z
2024,264.9939236111111,43.09695,-79.03724,2024-09-20T23:51:15.000000Z
2024,264.99393518518514,43.09695,-79.03724,2024-09-20T23:51:16.000000Z
2024,264.99394675925925,43.09695,-79.03724,2024-09-20T23:51:17.000000Z
2024,264.9939583333333,43.09695,-79.03724,2024-09-20T23:51:18.000000Z
2024,264.9939699074074,43.09695,-79.03723,2024-09-20T23:51:19.000000Z
2024,264.99398148148146,43.09695,-79.03724,2024-09-20T23:51:20.000000Z
2024,264.9939930555555,43.09695,-79.03724,2024-09-20T23:51:21.000000Z
2024,264.9940046296296,43.09695,-79.03724,2024-09-20T23:51:22.000000Z
2024,264.99401620370367,43.09695,-79.03724,2024-09-20T23:51:23.000000Z
2024,264.9940277777778,43.09695,-79.03724,2024-09-20T23:51:24.000000Z
2024,264.9940393518518,43.09695,-79.03724,2024-09-20T23:51:25.000000Z
2024,264.9940509259259,43.09695,-79.03724,2024-09-20T23:51:26.000000Z
2024,264.9940625,43.09695,-79.03724,2024-09-20T23:51:27.000000Z
2024,264.99407407407404,43.09695,-79.03724,2024-09-20T23:51:28.000000Z
2024,264.99408564814814,43.09695,-79.03724,2024-09-20T23:51:29.000000Z
2024,264.9940972222222,43.09695,-79.03724,2024-09-20T23:51:30.000000Z
2024,264.99410879629625,43.09695,-79.03724,2024-09-20T23:51:31.000000Z
2024,264.99412037037035,43.09695,-79.03724,2024-09-20T23:51:32.000000Z
2024,264.9941319444444,43.09695,-79.03723,2024-09-20T23:51:33.000000Z
2024,264.9941435185185,43.09695,-79.03724,2024-09-20T23:51:34.000000Z
2024,264.99415509259256,43.09695,-79.03724,2024-09-20T23:51:35.000000Z
2024,264.9941666666667,43.09695,-79.03724,2024-09-20T23:51:36.000000Z
2024,264.9941782407407,43.09695,-79.03724,2024-09-20T23:51:37.000000Z
2024,264.9941898148148,43.09695,-79.03724,2024-09-20T23:51:38.000000Z
2024,264.9942013888889,43.09695,-79.03724,2024-09-20T23:51:39.000000Z
2024,264.99421296296293,43.09695,-79.03724,2024-09-20T23:51:40.000000Z
2024,264.99422453703704,43.09695,-79.03724,2024-09-20T23:51:41.000000Z
2024,264.9942361111111,43.09695,-79.03723,2024-09-20T23:51:42.000000Z
2024,264.99424768518514,43.09695,-79.03723,2024-09-20T23:51:43.000000Z
2024,264.99425925925925,43.09695,-79.03723,2024-09-20T23:51:44.000000Z
2024,264.9942708333333,43.09695,-79.03723,2024-09-20T23:51:45.000000Z
2024,264.9942824074074,43.09695,-79.03723,2024-09-20T23:51:46.000000Z
2024,264.99429398148146,43.09695,-79.03723,2024-09-20T23:51:47.000000Z
2024,264.9943055555555,43.09695,-79.03723,2024-09-20T23:51:48.000000Z
2024,264.9943171296296,43.09695,-79.03723,2024-09-20T23:51:49.000000Z
2024,264.9943287037037,43.09695,-79.03723,2024-09-20T23:51:50.000000Z
2024,264.9943402777778,43.09695,-79.03723,2024-09-20T23:51:51.000000Z
2024,264.99435185185183,43.09695,-79.03723,2024-09-20T23:51:52.000000Z
2024,264.9943634259259,43.09695,-79.03723,2024-09-20T23:51:53.000000Z
2024,264.994375,43.09695,-79.03723,2024-09-20T23:51:54.000000Z
2024,264.99438657407404,43.09695,-79.03723,2024-09-20T23:51:55.000000Z
2024,264.99439814814815,43.09695,-79.03723,2024-09-20T23:51:56.000000Z
2024,264.9944097222222,43.09695,-79.03723,2024-09-20T23:51:57.000000Z
2024,264.99442129629625,43.09695,-79.03723,2024-09-20T23:51:58.000000Z
2024,264.99443287037036,43.09695,-79.03724,2024-09-20T23:51:59.000000Z
2024,264.9944444444444,43.09695,-79.03723,2024-09-20T23:52:00.000000Z
2024,264.99445601851846,43.09695,-79.03723,2024-09-20T23:52:01.000000Z
2024,264.99446759259257,43.09695,-79.03723,2024-09-20T23:52:02.000000Z
2024,264.9944791666666,43.09695,-79.03723,2024-09-20T23:52:03.000000Z
2024,264.99449074074073,43.09695,-79.03724,2024-09-20T23:52:04.000000Z
2024,264.9945023148148,43.09695,-79.03723,2024-09-20T23:52:05.000000Z
2024,264.99451388888883,43.09695,-79.03724,2024-09-20T23:52:06.000000Z
2024,264.99452546296294,43.09695,-79.03724,2024-09-20T23:52:07.000000Z
2024,264.994537037037,43.09695,-79.03724,2024-09-20T23:52:08.000000Z
2024,264.9945486111111,43.09695,-79.03724,2024-09-20T23:52:09.000000Z
2024,264.99456018518515,43.09695,-79.03724,2024-09-20T23:52:10.000000Z
2024,264.9945717592592,43.09695,-79.03724,2024-09-20T23:52:11.000000Z
2024,264.9945833333333,43.09695,-79.03724,2024-09-20T23:52:12.000000Z
2024,264.99459490740736,43.09695,-79.03724,2024-09-20T23:52:13.000000Z
2024,264.99460648148147,43.09695,-79.03724,2024-09-20T23:52:14.000000Z
2024,264.9946180555555,43.09695,-79.03724,2024-09-20T23:52:15.000000Z
2024,264.99462962962957,43.09695,-79.03724,2024-09-20T23:52:16.000000Z
2024,264.9946412037037,43.09695,-79.03724,2024-09-20T23:52:17.000000Z
2024,264.99465277777773,43.09695,-79.03724,2024-09-20T23:52:18.000000Z
2024,264.99466435185184,43.09695,-79.03724,2024-09-20T23:52:19.000000Z
2024,264.9946759259259,43.09695,-79.03724,2024-09-20T23:52:20.000000Z
2024,264.99468749999994,43.09695,-79.03724,2024-09-20T23:52:21.000000Z
2024,264.99469907407405,43.09695,-79.03725,2024-09-20T23:52:22.000000Z
2024,264.9947106481481,43.09695,-79.03725,2024-09-20T23:52:23.000000Z
2024,264.9947222222222,43.09695,-79.03725,2024-09-20T23:52:24.000000Z
2024,264.99473379629626,43.09695,-79.03725,2024-09-20T23:52:25.000000Z
2024,264.9947453703703,43.09696,-79.03725,2024-09-20T23:52:26.000000Z
2024,264.9947569444444,43.09696,-79.03725,2024-09-20T23:52:27.000000Z
2024,265.00504629629626,43.09712,-79.03781,2024-09-21T00:07:16.000000Z
2024,265.00505787037036,43.09712,-79.03781,2024-09-21T00:07:17.000000Z
2024,265.0050694444444,43.09712,-79.03782,2024-09-21T00:07:18.000000Z
2024,265.0050810185185,43.09712,-79.03782,2024-09-21T00:07:19.000000Z
2024,265.0050925925926,43.09713,-79.03784,2024-09-21T00:07:20.000000Z
2024,265.0051041666666,43.09714,-79.03785,2024-09-21T00:07:21.000000Z
2024,265.00511574074073,43.09714,-79.03786,2024-09-21T00:07:22.000000Z
2024,265.0051273148148,43.09714,-79.03787,2024-09-21T00:07:23.000000Z
2024,265.0051388888889,43.09714,-79.03787,2024-09-21T00:07:24.000000Z
2024,265.00515046296294,43.09714,-79.03787,2024-09-21T00:07:25.000000Z
2024,265.005162037037,43.09714,-79.03786,2024-09-21T00:07:26.000000Z
2024,265.0051736111111,43.09714,-79.03787,2024-09-21T00:07:27.000000Z
2024,265.00518518518516,43.09714,-79.03786,2024-09-21T00:07:28.000000Z
2024,265.00519675925926,43.09714,-79.03787,2024-09-21T00:07:29.000000Z
2024,265.0052083333333,43.09714,-79.03786,2024-09-21T00:07:30.000000Z
2024,265.00521990740737,43.09714,-79.03787,2024-09-21T00:07:31.000000Z
2024,265.0052314814815,43.09714,-79.03787,2024-09-21T00:07:32.000000Z
2024,265.0052430555555,43.09714,-79.03787,2024-09-21T00:07:33.000000Z
2024,265.00525462962963,43.09714,-79.03787,2024-09-21T00:07:34.000000Z
2024,265.01546296296294,43.09715,-79.03798,2024-09-21T00:22:16.000000Z
2024,265.01547453703705,43.09714,-79.03799,2024-09-21T00:22:17.000000Z
2024,265.0154861111111,43.09714,-79.03799,2024-09-21T00:22:18.000000Z
2024,265.0154976851852,43.09714,-79.03799,2024-09-21T00:22:19.000000Z
2024,265.01550925925926,43.09714,-79.03798,2024-09-21T00:22:20.000000Z
2024,265.0155208333333,43.09714,-79.03798,2024-09-21T00:22:21.000000Z
2024,265.0155324074074,43.09714,-79.03797,2024-09-21T00:22:22.000000Z
2024,265.01554398148147,43.09713,-79.03796,2024-09-21T00:22:23.000000Z
2024,265.0155555555556,43.09713,-79.03794,2024-09-21T00:22:24.000000Z
2024,265.01556712962963,43.09712,-79.03793,2024-09-21T00:22:25.000000Z
2024,265.0155787037037,43.09712,-79.03791,2024-09-21T00:22:26.000000Z
2024,265.0155902777778,43.09712,-79.03791,2024-09-21T00:22:27.000000Z
2024,265.01560185185184,43.09711,-79.03789,2024-09-21T00:22:28.000000Z
2024,265.01561342592595,43.09711,-79.03788,2024-09-21T00:22:29.000000Z
2024,265.015625,43.09711,-79.03787,2024-09-21T00:22:30.000000Z
2024,265.01563657407405,43.09711,-79.03785,2024-09-21T00:22:31.000000Z
2024,265.01564814814816,43.09711,-79.03784,2024-09-21T00:22:32.000000Z
2024,265.0156597222222,43.09711,-79.03782,2024-09-21T00:22:33.000000Z
2024,265.0156712962963,43.09711,-79.03781,2024-09-21T00:22:34.000000Z
2024,265.0258796296296,43.09717,-79.03786,2024-09-21T00:37:16.000000Z
2024,265.02589120370374,43.09717,-79.03786,2024-09-21T00:37:17.000000Z
2024,265.0259027777778,43.09716,-79.03786,2024-09-21T00:37:18.000000Z
2024,265.0259143518519,43.09716,-79.03786,2024-09-21T00:37:19.000000Z
2024,265.02592592592595,43.09716,-79.03786,2024-09-21T00:37:20.000000Z
2024,265.0259375,43.09716,-79.03786,2024-09-21T00:37:21.000000Z
2024,265.0259490740741,43.09716,-79.03786,2024-09-21T00:37:22.000000Z
2024,265.02596064814816,43.09716,-79.03784,2024-09-21T00:37:23.000000Z
2024,265.02597222222226,43.09716,-79.03784,2024-09-21T00:37:24.000000Z
2024,265.0259837962963,43.09715,-79.03784,2024-09-21T00:37:25.000000Z
2024,265.02599537037037,43.09715,-79.03782,2024-09-21T00:37:26.000000Z
2024,265.0260069444445,43.09714,-79.03781,2024-09-21T00:37:27.000000Z
2024,265.0260185185185,43.09714,-79.03781,2024-09-21T00:37:28.000000Z
2024,265.02603009259263,43.09714,-79.03781,2024-09-21T00:37:29.000000Z
2024,265.0260416666667,43.09714,-79.03781,2024-09-21T00:37:30.000000Z
2024,265.02605324074074,43.09714,-79.03781,2024-09-21T00:37:31.000000Z
2024,265.02606481481484,43.09714,-79.03781,2024-09-21T00:37:32.000000Z
2024,265.0260763888889,43.09713,-79.03781,2024-09-21T00:37:33.000000Z
2024,265.026087962963,43.09713,-79.0378,2024-09-21T00:37:34.000000Z
2024,265.03629629629626,43.09713,-79.03775,2024-09-21T00:52:16.000000Z
2024,265.03630787037036,43.09713,-79.03775,2024-09-21T00:52:17.000000Z
2024,265.0363194444444,43.09713,-79.03776,2024-09-21T00:52:18.000000Z
2024,265.0363310185185,43.09713,-79.03776,2024-09-21T00:52:19.000000Z
2024,265.0363425925926,43.09713,-79.03777,2024-09-21T00:52:20.000000Z
2024,265.0363541666666,43.09713,-79.03777,2024-09-21T00:52:21.000000Z
2024,265.03636574074073,43.09713,-79.03777,2024-09-21T00:52:22.000000Z
2024,265.0363773148148,43.09713,-79.03777,2024-09-21T00:52:23.000000Z
2024,265.0363888888889,43.09713,-79.03777,2024-09-21T00:52:24.000000Z
2024,265.03640046296294,43.09713,-79.03777,2024-09-21T00:52:25.000000Z
2024,265.036412037037,43.09713,-79.03777,2024-09-21T00:52:26.000000Z
2024,265.0364236111111,43.09713,-79.03777,2024-09-21T00:52:27.000000Z
2024,265.03643518518516,43.09713,-79.03777,2024-09-21T00:52:28.000000Z
2024,265.03644675925926,43.09713,-79.03777,2024-09-21T00:52:29.000000Z
2024,265.0364583333333,43.09713,-79.03777,2024-09-21T00:52:30.000000Z
2024,265.03646990740737,43.09713,-79.03778,2024-09-21T00:52:31.000000Z
2024,265.0364814814815,43.09713,-79.03778,2024-09-21T00:52:32.000000Z
2024,265.0364930555555,43.09713,-79.03778,2024-09-21T00:52:33.000000Z
2024,265.03650462962963,43.09713,-79.03778,2024-09-21T00:52:34.000000Z
2024,265.04671296296294,43.09722,-79.03789,2024-09-21T01:07:16.000000Z
2024,265.04672453703705,43.09722,-79.0379,2024-09-21T01:07:17.000000Z
2024,265.0467361111111,43.09722,-79.0379,2024-09-21T01:07:18.000000Z
2024,265.0467476851852,43.09722,-79.0379,2024-09-21T01:07:19.000000Z
2024,265.04675925925926,43.09722,-79.0379,2024-09-21T01:07:20.000000Z
2024,265.0467708333333,43.09722,-79.0379,2024-09-21T01:07:21.000000Z
2024,265.0467824074074,43.09722,-79.03789,2024-09-21T01:07:22.000000Z
2024,265.04679398148147,43.09722,-79.0379,2024-09-21T01:07:23.000000Z
2024,265.0468055555556,43.09722,-79.03789,2024-09-21T01:07:24.000000Z
2024,265.04681712962963,43.09722,-79.03789,2024-09-21T01:07:25.000000Z
2024,265.0468287037037,43.09721,-79.03788,2024-09-21T01:07:26.000000Z
2024,265.0468402777778,43.0972,-79.03787,2024-09-21T01:07:27.000000Z
2024,265.04685185185184,43.0972,-79.03786,2024-09-21T01:07:28.000000Z
2024,265.04686342592595,43.0972,-79.03785,2024-09-21T01:07:29.000000Z
2024,265.046875,43.0972,-79.03784,2024-09-21T01:07:30.000000Z
2024,265.04688657407405,43.0972,-79.03783,2024-09-21T01:07:31.000000Z
2024,265.04689814814816,43.0972,-79.03784,2024-09-21T01:07:32.000000Z
2024,265.0469097222222,43.0972,-79.03783,2024-09-21T01:07:33.000000Z
2024,265.0469212962963,43.09719,-79.03783,2024-09-21T01:07:34.000000Z
2024,265.0571296296296,43.0971,-79.03777,2024-09-21T01:22:16.000000Z
2024,265.05714120370374,43.0971,-79.03777,2024-09-21T01:22:17.000000Z
2024,265.0571527777778,43.0971,-79.03777,2024-09-21T01:22:18.000000Z
2024,265.0571643518519,43.0971,-79.03776,2024-09-21T01:22:19.000000Z
2024,265.05717592592595,43.09709,-79.03775,2024-09-21T01:22:20.000000Z
2024,265.0571875,43.09709,-79.03775,2024-09-21T01:22:21.000000Z
2024,265.0571990740741,43.09709,-79.03775,2024-09-21T01:22:22.000000Z
2024,265.05721064814816,43.09709,-79.03775,2024-09-21T01:22:23.000000Z
2024,265.05722222222226,43.09709,-79.03775,2024-09-21T01:22:24.000000Z
2024,265.0572916666667,43.09709,-79.03774,2024-09-21T01:22:30.000000Z
2024,265.05730324074074,43.09709,-79.03773,2024-09-21T01:22:31.000000Z
2024,265.05731481481484,43.09709,-79.03773,2024-09-21T01:22:32.000000Z
2024,265.0573263888889,43.09709,-79.03773,2024-09-21T01:22:33.000000Z
2024,265.057337962963,43.0971,-79.03775,2024-09-21T01:22:34.000000Z
2024,265.05734953703706,43.09711,-79.03777,2024-09-21T01:22:35.000000Z
2024,265.05736111111116,43.09711,-79.03777,2024-09-21T01:22:36.000000Z
2024,265.0573726851852,43.09711,-79.03776,2024-09-21T01:22:37.000000Z
2024,265.05738425925927,43.09711,-79.03776,2024-09-21T01:22:38.000000Z
2024,265.0573958333334,43.09712,-79.03776,2024-09-21T01:22:39.000000Z
2024,265.0678356481482,43.09717,-79.03786,2024-09-21T01:37:41.000000Z
2024,265.06784722222227,43.09717,-79.03786,2024-09-21T01:37:42.000000Z
2024,265.0678587962963,43.09717,-79.03787,2024-09-21T01:37:43.000000Z
2024,265.06787037037043,43.09717,-79.03786,2024-09-21T01:37:44.000000Z
2024,265.0678819444445,43.09717,-79.03786,2024-09-21T01:37:45.000000Z
2024,265.0678935185186,43.09717,-79.03786,2024-09-21T01:37:46.000000Z
2024,265.06790509259264,43.09717,-79.03786,2024-09-21T01:37:47.000000Z
2024,265.0679166666667,43.09717,-79.03786,2024-09-21T01:37:48.000000Z
2024,265.0679282407408,43.09717,-79.03786,2024-09-21T01:37:49.000000Z
2024,265.06793981481485,43.09717,-79.03787,2024-09-21T01:37:50.000000Z
2024,265.06795138888896,43.09718,-79.03787,2024-09-21T01:37:51.000000Z
2024,265.067962962963,43.09718,-79.03787,2024-09-21T01:37:52.000000Z
2024,265.06797453703706,43.09718,-79.03787,2024-09-21T01:37:53.000000Z
2024,265.06798611111117,43.09718,-79.03787,2024-09-21T01:37:54.000000Z
2024,265.0679976851852,43.09718,-79.03787,2024-09-21T01:37:55.000000Z
2024,265.0680092592593,43.09718,-79.03787,2024-09-21T01:37:56.000000Z
2024,265.0680208333334,43.09718,-79.03787,2024-09-21T01:37:57.000000Z
2024,265.06803240740743,43.09718,-79.03787,2024-09-21T01:37:58.000000Z
2024,265.06804398148154,43.09717,-79.03787,2024-09-21T01:37:59.000000Z
2024,265.0680555555556,43.09717,-79.03787,2024-09-21T01:38:00.000000Z
2024,265.07796296296294,43.09717,-79.03788,2024-09-21T01:52:16.000000Z
2024,265.07797453703705,43.09717,-79.03788,2024-09-21T01:52:17.000000Z
2024,265.0779861111111,43.09717,-79.03788,2024-09-21T01:52:18.000000Z
2024,265.0779976851852,43.09717,-79.03788,2024-09-21T01:52:19.000000Z
2024,265.07800925925926,43.09717,-79.03788,2024-09-21T01:52:20.000000Z
2024,265.0780208333333,43.09717,-79.03787,2024-09-21T01:52:21.000000Z
2024,265.0780324074074,43.09717,-79.03787,2024-09-21T01:52:22.000000Z
2024,265.07804398148147,43.09717,-79.03787,2024-09-21T01:52:23.000000Z
2024,265.0780555555556,43.09717,-79.03787,2024-09-21T01:52:24.000000Z
2024,265.07806712962963,43.09717,-79.03787,2024-09-21T01:52:25.000000Z
2024,265.0780787037037,43.09717,-79.03787,2024-09-21T01:52:26.000000Z
2024,265.0780902777778,43.09717,-79.03787,2024-09-21T01:52:27.000000Z
2024,265.07810185185184,43.09717,-79.03787,2024-09-21T01:52:28.000000Z
2024,265.07811342592595,43.09717,-79.03787,2024-09-21T01:52:29.000000Z
2024,265.078125,43.09717,-79.03787,2024-09-21T01:52:30.000000Z
2024,265.07813657407405,43.09717,-79.03787,2024-09-21T01:52:31.000000Z
2024,265.07814814814816,43.09717,-79.03786,2024-09-21T01:52:32.000000Z
2024,265.0781597222222,43.09717,-79.03786,2024-09-21T01:52:33.000000Z
2024,265.0781712962963,43.09717,-79.03786,2024-09-21T01:52:34.000000Z
2024,265.08837962962957,43.09719,-79.03794,2024-09-21T02:07:16.000000Z
2024,265.0883912037037,43.09719,-79.03794,2024-09-21T02:07:17.000000Z
2024,265.08840277777773,43.09719,-79.03795,2024-09-21T02:07:18.000000Z
2024,265.08841435185184,43.09719,-79.03795,2024-09-21T02:07:19.000000Z
2024,265.0884259259259,43.09719,-79.03795,2024-09-21T02:07:20.000000Z
2024,265.08843749999994,43.09719,-79.03796,2024-09-21T02:07:21.000000Z
2024,265.08844907407405,43.09719,-79.03797,2024-09-21T02:07:22.000000Z
2024,265.0884606481481,43.0972,-79.03797,2024-09-21T02:07:23.000000Z
2024,265.0884722222222,43.0972,-79.03797,2024-09-21T02:07:24.000000Z
2024,265.08848379629626,43.0972,-79.03798,2024-09-21T02:07:25.000000Z
2024,265.0884953703703,43.0972,-79.03798,2024-09-21T02:07:26.000000Z
2024,265.0885069444444,43.0972,-79.03799,2024-09-21T02:07:27.000000Z
2024,265.08851851851847,43.09721,-79.038,2024-09-21T02:07:28.000000Z
2024,265.0885300925926,43.09721,-79.038,2024-09-21T02:07:29.000000Z
2024,265.08854166666663,43.09721,-79.038,2024-09-21T02:07:30.000000Z
2024,265.0885532407407,43.09721,-79.038,2024-09-21T02:07:31.000000Z
2024,265.0885648148148,43.09721,-79.038,2024-09-21T02:07:32.000000Z
2024,265.08857638888884,43.09722,-79.038,2024-09-21T02:07:33.000000Z
2024,265.08858796296295,43.09722,-79.038,2024-09-21T02:07:34.000000Z
2024,265.09879629629626,43.09722,-79.0379,2024-09-21T02:22:16.000000Z
2024,265.09880787037036,43.09722,-79.0379,2024-09-21T02:22:17.000000Z
2024,265.0988194444444,43.09722,-79.03789,2024-09-21T02:22:18.000000Z
2024,265.0988310185185,43.09722,-79.03788,2024-09-21T02:22:19.000000Z
2024,265.0988425925926,43.09724,-79.03785,2024-09-21T02:22:20.000000Z
2024,265.0988541666666,43.09724,-79.03784,2024-09-21T02:22:21.000000Z
2024,265.09886574074073,43.09724,-79.03782,2024-09-21T02:22:22.000000Z
2024,265.0988773148148,43.09725,-79.03781,2024-09-21T02:22:23.000000Z
2024,265.0988888888889,43.09725,-79.03779,2024-09-21T02:22:24.000000Z
2024,265.09890046296294,43.09725,-79.03778,2024-09-21T02:22:25.000000Z
2024,265.098912037037,43.09725,-79.03778,2024-09-21T02:22:26.000000Z
2024,265.0989236111111,43.09726,-79.03777,2024-09-21T02:22:27.000000Z
2024,265.09893518518516,43.09726,-79.03777,2024-09-21T02:22:28.000000Z
2024,265.09894675925926,43.09726,-79.03777,2024-09-21T02:22:29.000000Z
2024,265.0989583333333,43.09726,-79.03776,2024-09-21T02:22:30.000000Z
2024,265.09896990740737,43.09726,-79.03778,2024-09-21T02:22:31.000000Z
2024,265.0989814814815,43.09726,-79.03778,2024-09-21T02:22:32.000000Z
2024,265.0989930555555,43.09726,-79.03778,2024-09-21T02:22:33.000000Z
2024,265.09900462962963,43.09726,-79.03778,2024-09-21T02:22:34.000000Z
2024,265.1092013888889,43.09717,-79.03749,2024-09-21T02:37:15.000000Z
2024,265.10921296296294,43.09717,-79.03751,2024-09-21T02:37:16.000000Z
2024,265.10922453703705,43.09716,-79.03754,2024-09-21T02:37:17.000000Z
2024,265.1092361111111,43.09715,-79.03755,2024-09-21T02:37:18.000000Z
2024,265.1092476851852,43.09715,-79.03755,2024-09-21T02:37:19.000000Z
2024,265.10925925925926,43.09715,-79.03757,2024-09-21T02:37:20.000000Z
2024,265.1092708333333,43.09714,-79.03757,2024-09-21T02:37:21.000000Z
2024,265.1092824074074,43.09714,-79.03758,2024-09-21T02:37:22.000000Z
2024,265.10929398148147,43.09716,-79.03758,2024-09-21T02:37:23.000000Z
2024,265.1093055555556,43.09716,-79.03759,2024-09-21T02:37:24.000000Z
2024,265.10931712962963,43.09717,-79.03759,2024-09-21T02:37:25.000000Z
2024,265.1093287037037,43.09717,-79.03759,2024-09-21T02:37:26.000000Z
2024,265.1093402777778,43.09717,-79.03759,2024-09-21T02:37:27.000000Z
2024,265.10935185185184,43.09716,-79.03758,2024-09-21T02:37:28.000000Z
2024,265.10936342592595,43.09716,-79.03757,2024-09-21T02:37:29.000000Z
2024,265.109375,43.09716,-79.03757,2024-09-21T02:37:30.000000Z
2024,265.10938657407405,43.09714,-79.03757,2024-09-21T02:37:31.000000Z
2024,265.10939814814816,43.09712,-79.03755,2024-09-21T02:37:32.000000Z
2024,265.1094097222222,43.09711,-79.03755,2024-09-21T02:37:33.000000Z
2024,265.1094212962963,43.09709,-79.03754,2024-09-21T02:37:34.000000Z
2024,265.11962962962957,43.09704,-79.03781,2024-09-21T02:52:16.000000Z
2024,265.1196412037037,43.09704,-79.03781,2024-09-21T02:52:17.000000Z
2024,265.11965277777773,43.09704,-79.03781,2024-09-21T02:52:18.000000Z
2024,265.11966435185184,43.09704,-79.03779,2024-09-21T02:52:19.000000Z
2024,265.1196759259259,43.09704,-79.03779,2024-09-21T02:52:20.000000Z
2024,265.11968749999994,43.09704,-79.03778,2024-09-21T02:52:21.000000Z
2024,265.11969907407405,43.09703,-79.03778,2024-09-21T02:52:22.000000Z
2024,265.1197106481481,43.09703,-79.03777,2024-09-21T02:52:23.000000Z
2024,265.1197222222222,43.09703,-79.03776,2024-09-21T02:52:24.000000Z
2024,265.11973379629626,43.09703,-79.03775,2024-09-21T02:52:25.000000Z
2024,265.1197453703703,43.09703,-79.03775,2024-09-21T02:52:26.000000Z
2024,265.1197569444444,43.09703,-79.03774,2024-09-21T02:52:27.000000Z
2024,265.11976851851847,43.09703,-79.03774,2024-09-21T02:52:28.000000Z
2024,265.1197800925926,43.09702,-79.03773,2024-09-21T02:52:29.000000Z
2024,265.11979166666663,43.09702,-79.03773,2024-09-21T02:52:30.000000Z
2024,265.1198032407407,43.09702,-79.03772,2024-09-21T02:52:31.000000Z
2024,265.1198148148148,43.09702,-79.03772,2024-09-21T02:52:32.000000Z
2024,265.11982638888884,43.09702,-79.03771,2024-09-21T02:52:33.000000Z
2024,265.11983796296295,43.09702,-79.03771,2024-09-21T02:52:34.000000Z
2024,265.13005787037036,43.09698,-79.03767,2024-09-21T03:07:17.000000Z
2024,265.1300694444444,43.09698,-79.03768,2024-09-21T03:07:18.000000Z
2024,265.1300810185185,43.09697,-79.03766,2024-09-21T03:07:19.000000Z
2024,265.1300925925926,43.09697,-79.03766,2024-09-21T03:07:20.000000Z
2024,265.1301041666666,43.09696,-79.03765,2024-09-21T03:07:21.000000Z
2024,265.13011574074073,43.09696,-79.03765,2024-09-21T03:07:22.000000Z
2024,265.1301273148148,43.09697,-79.03765,2024-09-21T03:07:23.000000Z
2024,265.1301388888889,43.09697,-79.03765,2024-09-21T03:07:24.000000Z
2024,265.13015046296294,43.09697,-79.03765,2024-09-21T03:07:25.000000Z
2024,265.130162037037,43.09697,-79.03765,2024-09-21T03:07:26.000000Z
2024,265.1301736111111,43.09697,-79.03764,2024-09-21T03:07:27.000000Z
2024,265.13018518518516,43.09697,-79.03764,2024-09-21T03:07:28.000000Z
2024,265.13019675925926,43.09696,-79.03764,2024-09-21T03:07:29.000000Z
2024,265.1302083333333,43.09697,-79.03764,2024-09-21T03:07:30.000000Z
2024,265.13021990740737,43.09697,-79.03765,2024-09-21T03:07:31.000000Z
2024,265.1302314814815,43.09697,-79.03765,2024-09-21T03:07:32.000000Z
2024,265.1302430555555,43.09698,-79.03765,2024-09-21T03:07:33.000000Z
2024,265.13025462962963,43.09698,-79.03766,2024-09-21T03:07:34.000000Z
2024,265.1302662037037,43.09699,-79.03768,2024-09-21T03:07:35.000000Z
2024,265.14046296296294,43.09708,-79.03778,2024-09-21T03:22:16.000000Z
2024,265.14047453703705,43.09708,-79.03778,2024-09-21T03:22:17.000000Z
2024,265.1404861111111,43.09708,-79.03778,2024-09-21T03:22:18.000000Z
2024,265.1404976851852,43.09708,-79.03778,2024-09-21T03:22:19.000000Z
2024,265.14050925925926,43.09708,-79.03778,2024-09-21T03:22:20.000000Z
2024,265.1405208333333,43.09708,-79.03778,2024-09-21T03:22:21.000000Z
2024,265.1405324074074,43.09708,-79.03778,2024-09-21T03:22:22.000000Z
2024,265.14054398148147,43.09708,-79.03778,2024-09-21T03:22:23.000000Z
2024,265.1405555555556,43.09708,-79.03778,2024-09-21T03:22:24.000000Z
2024,265.14056712962963,43.09708,-79.03778,2024-09-21T03:22:25.000000Z
2024,265.1405787037037,43.09708,-79.03778,2024-09-21T03:22:26.000000Z
2024,265.1405902777778,43.09708,-79.03777,2024-09-21T03:22:27.000000Z
2024,265.14060185185184,43.09707,-79.03777,2024-09-21T03:22:28.000000Z
2024,265.14061342592595,43.09707,-79.03777,2024-09-21T03:22:29.000000Z
2024,265.140625,43.09707,-79.03778,2024-09-21T03:22:30.000000Z
2024,265.14063657407405,43.09707,-79.03778,2024-09-21T03:22:31.000000Z
2024,265.14064814814816,43.09707,-79.03778,2024-09-21T03:22:32.000000Z
2024,265.1406597222222,43.09707,-79.03778,2024-09-21T03:22:33.000000Z
2024,265.1406712962963,43.09707,-79.03778,2024-09-21T03:22:34.000000Z
2024,265.1508796296296,43.09708,-79.03759,2024-09-21T03:37:16.000000Z
2024,265.15089120370374,43.09707,-79.03759,2024-09-21T03:37:17.000000Z
2024,265.1509027777778,43.09707,-79.03759,2024-09-21T03:37:18.000000Z
2024,265.1509143518519,43.09707,-79.03759,2024-09-21T03:37:19.000000Z
2024,265.15092592592595,43.09707,-79.03759,2024-09-21T03:37:20.000000Z
2024,265.1509375,43.09708,-79.03759,2024-09-21T03:37:21.000000Z
2024,265.1509490740741,43.09708,-79.03759,2024-09-21T03:37:22.000000Z
2024,265.15096064814816,43.09708,-79.03759,2024-09-21T03:37:23.000000Z
2024,265.15097222222226,43.09708,-79.03759,2024-09-21T03:37:24.000000Z
2024,265.1509837962963,43.09708,-79.0376,2024-09-21T03:37:25.000000Z
2024,265.15099537037037,43.09708,-79.0376,2024-09-21T03:37:26.000000Z
2024,265.1510069444445,43.09708,-79.03761,2024-09-21T03:37:27.000000Z
2024,265.1510185185185,43.09708,-79.03762,2024-09-21T03:37:28.000000Z
2024,265.15103009259263,43.09708,-79.03762,2024-09-21T03:37:29.000000Z
2024,265.1510416666667,43.09708,-79.03762,2024-09-21T03:37:30.000000Z
2024,265.15105324074074,43.09708,-79.03762,2024-09-21T03:37:31.000000Z
2024,265.15106481481484,43.09708,-79.03763,2024-09-21T03:37:32.000000Z
2024,265.1510763888889,43.09708,-79.03763,2024-09-21T03:37:33.000000Z
2024,265.151087962963,43.09708,-79.03764,2024-09-21T03:37:34.000000Z
2024,265.16129629629626,43.09709,-79.03775,2024-09-21T03:52:16.000000Z
2024,265.16130787037036,43.09708,-79.03774,2024-09-21T03:52:17.000000Z
2024,265.1613194444444,43.09708,-79.03772,2024-09-21T03:52:18.000000Z
2024,265.1613310185185,43.09708,-79.03771,2024-09-21T03:52:19.000000Z
2024,265.1613425925926,43.09708,-79.03768,2024-09-21T03:52:20.000000Z
2024,265.1613541666666,43.09708,-79.03767,2024-09-21T03:52:21.000000Z
2024,265.16136574074073,43.09708,-79.03766,2024-09-21T03:52:22.000000Z
2024,265.1613773148148,43.09708,-79.03767,2024-09-21T03:52:23.000000Z
2024,265.1613888888889,43.09709,-79.03768,2024-09-21T03:52:24.000000Z
2024,265.16140046296294,43.09709,-79.03768,2024-09-21T03:52:25.000000Z
2024,265.161412037037,43.09709,-79.03768,2024-09-21T03:52:26.000000Z
2024,265.1614236111111,43.09709,-79.03768,2024-09-21T03:52:27.000000Z
2024,265.16143518518516,43.09709,-79.03769,2024-09-21T03:52:28.000000Z
2024,265.16144675925926,43.0971,-79.0377,2024-09-21T03:52:29.000000Z
2024,265.1614583333333,43.0971,-79.0377,2024-09-21T03:52:30.000000Z
2024,265.16146990740737,43.0971,-79.03771,2024-09-21T03:52:31.000000Z
2024,265.1614814814815,43.0971,-79.03771,2024-09-21T03:52:32.000000Z
2024,265.1614930555555,43.0971,-79.03771,2024-09-21T03:52:33.000000Z
2024,265.16150462962963,43.09709,-79.03771,2024-09-21T03:52:34.000000Z
2024,265.17171296296294,43.09703,-79.03779,2024-09-21T04:07:16.000000Z
2024,265.17172453703705,43.09703,-79.03779,2024-09-21T04:07:17.000000Z
2024,265.1717361111111,43.09703,-79.03779,2024-09-21T04:07:18.000000Z
2024,265.1717476851852,43.09703,-79.03779,2024-09-21T04:07:19.000000Z
2024,265.17175925925926,43.09703,-79.03779,2024-09-21T04:07:20.000000Z
2024,265.1717708333333,43.09703,-79.03779,2024-09-21T04:07:21.000000Z
2024,265.1717824074074,43.09703,-79.03779,2024-09-21T04:07:22.000000Z
2024,265.17179398148147,43.09703,-79.03779,2024-09-21T04:07:23.000000Z
2024,265.1718055555556,43.09703,-79.03779,2024-09-21T04:07:24.000000Z
2024,265.17181712962963,43.09704,-79.03779,2024-09-21T04:07:25.000000Z
2024,265.1718287037037,43.09704,-79.03779,2024-09-21T04:07:26.000000Z
2024,265.1718402777778,43.09704,-79.03779,2024-09-21T04:07:27.000000Z
2024,265.17185185185184,43.09704,-79.03779,2024-09-21T04:07:28.000000Z
2024,265.17186342592595,43.09704,-79.03779,2024-09-21T04:07:29.000000Z
2024,265.171875,43.09704,-79.03779,2024-09-21T04:07:30.000000Z
2024,265.17188657407405,43.09704,-79.03779,2024-09-21T04:07:31.000000Z
2024,265.17189814814816,43.09704,-79.03779,2024-09-21T04:07:32.000000Z
2024,265.1719097222222,43.09704,-79.03779,2024-09-21T04:07:33.000000Z
2024,265.1719212962963,43.09704,-79.03779,2024-09-21T04:07:34.000000Z
2024,265.18214120370374,43.09698,-79.03771,2024-09-21T04:22:17.000000Z
2024,265.1821527777778,43.09698,-79.03772,2024-09-21T04:22:18.000000Z
2024,265.1821643518519,43.09699,-79.03774,2024-09-21T04:22:19.000000Z
2024,265.18217592592595,43.09699,-79.03775,2024-09-21T04:22:20.000000Z
2024,265.1821875,43.09699,-79.03775,2024-09-21T04:22:21.000000Z
2024,265.1821990740741,43.09699,-79.03774,2024-09-21T04:22:22.000000Z
2024,265.18221064814816,43.09698,-79.03772,2024-09-21T04:22:23.000000Z
2024,265.18222222222226,43.09698,-79.03772,2024-09-21T04:22:24.000000Z
2024,265.1822337962963,43.09698,-79.03771,2024-09-21T04:22:25.000000Z
2024,265.18224537037037,43.09698,-79.03771,2024-09-21T04:22:26.000000Z
2024,265.1822569444445,43.09698,-79.03771,2024-09-21T04:22:27.000000Z
2024,265.1822685185185,43.09697,-79.03771,2024-09-21T04:22:28.000000Z
2024,265.18228009259263,43.09697,-79.0377,2024-09-21T04:22:29.000000Z
2024,265.1822916666667,43.09697,-79.0377,2024-09-21T04:22:30.000000Z
2024,265.18230324074074,43.09697,-79.0377,2024-09-21T04:22:31.000000Z
2024,265.18231481481484,43.09697,-79.0377,2024-09-21T04:22:32.000000Z
2024,265.1823263888889,43.09697,-79.03769,2024-09-21T04:22:33.000000Z
2024,265.182337962963,43.09696,-79.03769,2024-09-21T04:22:34.000000Z
2024,265.18234953703706,43.09696,-79.03768,2024-09-21T04:22:35.000000Z
2024,265.1925462962963,43.09697,-79.03758,2024-09-21T04:37:16.000000Z
2024,265.1925578703704,43.09697,-79.03759,2024-09-21T04:37:17.000000Z
2024,265.1925694444445,43.09697,-79.03759,2024-09-21T04:37:18.000000Z
2024,265.1925810185186,43.09697,-79.03759,2024-09-21T04:37:19.000000Z
2024,265.19259259259263,43.09698,-79.03759,2024-09-21T04:37:20.000000Z
2024,265.1926041666667,43.09698,-79.03759,2024-09-21T04:37:21.000000Z
2024,265.1926157407408,43.09698,-79.03759,2024-09-21T04:37:22.000000Z
2024,265.19262731481484,43.09698,-79.03759,2024-09-21T04:37:23.000000Z
2024,265.19263888888895,43.09698,-79.03759,2024-09-21T04:37:24.000000Z
2024,265.192650462963,43.09698,-79.03759,2024-09-21T04:37:25.000000Z
2024,265.19266203703705,43.09698,-79.03759,2024-09-21T04:37:26.000000Z
2024,265.19267361111116,43.09698,-79.03759,2024-09-21T04:37:27.000000Z
2024,265.1926851851852,43.09698,-79.03759,2024-09-21T04:37:28.000000Z
2024,265.1926967592593,43.09698,-79.0376,2024-09-21T04:37:29.000000Z
2024,265.19270833333337,43.09698,-79.0376,2024-09-21T04:37:30.000000Z
2024,265.1927199074074,43.09699,-79.03762,2024-09-21T04:37:31.000000Z
2024,265.19273148148153,43.097,-79.03764,2024-09-21T04:37:32.000000Z
2024,265.1927430555556,43.09701,-79.03766,2024-09-21T04:37:33.000000Z
2024,265.1927546296297,43.09702,-79.03767,2024-09-21T04:37:34.000000Z
2024,265.20296296296294,43.09706,-79.03778,2024-09-21T04:52:16.000000Z
2024,265.20297453703705,43.09707,-79.03778,2024-09-21T04:52:17.000000Z
2024,265.2029861111111,43.09707,-79.03779,2024-09-21T04:52:18.000000Z
2024,265.2029976851852,43.09706,-79.03779,2024-09-21T04:52:19.000000Z
2024,265.20300925925926,43.09706,-79.03779,2024-09-21T04:52:20.000000Z
2024,265.2030208333333,43.09706,-79.03779,2024-09-21T04:52:21.000000Z
2024,265.2030324074074,43.09706,-79.03779,2024-09-21T04:52:22.000000Z
2024,265.20304398148147,43.09706,-79.03779,2024-09-21T04:52:23.000000Z
2024,265.2030555555556,43.09706,-79.0378,2024-09-21T04:52:24.000000Z
2024,265.20306712962963,43.09706,-79.0378,2024-09-21T04:52:25.000000Z
2024,265.2030787037037,43.09706,-79.0378,2024-09-21T04:52:26.000000Z
2024,265.2030902777778,43.09706,-79.0378,2024-09-21T04:52:27.000000Z
2024,265.20310185185184,43.09705,-79.0378,2024-09-21T04:52:28.000000Z
2024,265.20311342592595,43.09705,-79.03781,2024-09-21T04:52:29.000000Z
2024,265.203125,43.09705,-79.0378,2024-09-21T04:52:30.000000Z
2024,265.20313657407405,43.09705,-79.03781,2024-09-21T04:52:31.000000Z
2024,265.20314814814816,43.09704,-79.0378,2024-09-21T04:52:32.000000Z
2024,265.2031597222222,43.09704,-79.0378,2024-09-21T04:52:33.000000Z
2024,265.2031712962963,43.09704,-79.0378,2024-09-21T04:52:34.000000Z
2024,265.21337962962957,43.09708,-79.03776,2024-09-21T05:07:16.000000Z
2024,265.2133912037037,43.09709,-79.03778,2024-09-21T05:07:17.000000Z
2024,265.21340277777773,43.0971,-79.0378,2024-09-21T05:07:18.000000Z
2024,265.21341435185184,43.09711,-79.03781,2024-09-21T05:07:19.000000Z
2024,265.2134259259259,43.09712,-79.03784,2024-09-21T05:07:20.000000Z
2024,265.21343749999994,43.09714,-79.03785,2024-09-21T05:07:21.000000Z
2024,265.21344907407405,43.09714,-79.03787,2024-09-21T05:07:22.000000Z
2024,265.2134606481481,43.09716,-79.03789,2024-09-21T05:07:23.000000Z
2024,265.2134722222222,43.09717,-79.03791,2024-09-21T05:07:24.000000Z
2024,265.21348379629626,43.09717,-79.03792,2024-09-21T05:07:25.000000Z
2024,265.2134953703703,43.09718,-79.03793,2024-09-21T05:07:26.000000Z
2024,265.2135069444444,43.09719,-79.03794,2024-09-21T05:07:27.000000Z
2024,265.21351851851847,43.0972,-79.03794,2024-09-21T05:07:28.000000Z
2024,265.2135300925926,43.0972,-79.03795,2024-09-21T05:07:29.000000Z
2024,265.21354166666663,43.0972,-79.03796,2024-09-21T05:07:30.000000Z
2024,265.2135532407407,43.0972,-79.03795,2024-09-21T05:07:31.000000Z
2024,265.2135648148148,43.09721,-79.03795,2024-09-21T05:07:32.000000Z
2024,265.21357638888884,43.09721,-79.03795,2024-09-21T05:07:33.000000Z
2024,265.21358796296295,43.09721,-79.03795,2024-09-21T05:07:34.000000Z
2024,265.22379629629626,43.09727,-79.03789,2024-09-21T05:22:16.000000Z
2024,265.22380787037036,43.09727,-79.03789,2024-09-21T05:22:17.000000Z
2024,265.2238194444444,43.09727,-79.03789,2024-09-21T05:22:18.000000Z
2024,265.2238310185185,43.09727,-79.03789,2024-09-21T05:22:19.000000Z
2024,265.2238425925926,43.09727,-79.03789,2024-09-21T05:22:20.000000Z
2024,265.2238541666666,43.09727,-79.03789,2024-09-21T05:22:21.000000Z
2024,265.22386574074073,43.09727,-79.0379,2024-09-21T05:22:22.000000Z
2024,265.2238773148148,43.09727,-79.03791,2024-09-21T05:22:23.000000Z
2024,265.2238888888889,43.09727,-79.03791,2024-09-21T05:22:24.000000Z
2024,265.22390046296294,43.09727,-79.03791,2024-09-21T05:22:25.000000Z
2024,265.223912037037,43.09727,-79.03791,2024-09-21T05:22:26.000000Z
2024,265.2239236111111,43.09727,-79.03792,2024-09-21T05:22:27.000000Z
2024,265.22393518518516,43.09727,-79.03792,2024-09-21T05:22:28.000000Z
2024,265.22394675925926,43.09727,-79.03792,2024-09-21T05:22:29.000000Z
2024,265.2239583333333,43.09727,-79.03792,2024-09-21T05:22:30.000000Z
2024,265.22396990740737,43.09726,-79.03792,2024-09-21T05:22:31.000000Z
2024,265.2239814814815,43.09725,-79.03791,2024-09-21T05:22:32.000000Z
2024,265.2239930555555,43.09725,-79.03791,2024-09-21T05:22:33.000000Z
2024,265.22400462962963,43.09724,-79.03791,2024-09-21T05:22:34.000000Z
2024,265.23421296296294,43.09721,-79.03791,2024-09-21T05:37:16.000000Z
2024,265.23422453703705,43.09721,-79.03791,2024-09-21T05:37:17.000000Z
2024,265.2342361111111,43.09721,-79.03791,2024-09-21T05:37:18.000000Z
2024,265.2342476851852,43.09721,-79.03791,2024-09-21T05:37:19.000000Z
2024,265.23425925925926,43.09721,-79.03791,2024-09-21T05:37:20.000000Z
2024,265.2342708333333,43.09721,-79.03791,2024-09-21T05:37:21.000000Z
2024,265.2342824074074,43.09721,-79.03791,2024-09-21T05:37:22.000000Z
2024,265.23429398148147,43.09721,-79.03791,2024-09-21T05:37:23.000000Z
2024,265.2343055555556,43.09721,-79.03791,2024-09-21T05:37:24.000000Z
2024,265.23431712962963,43.09721,-79.03791,2024-09-21T05:37:25.000000Z
2024,265.2343287037037,43.09721,-79.03791,2024-09-21T05:37:26.000000Z
2024,265.2343402777778,43.09721,-79.0379,2024-09-21T05:37:27.000000Z
2024,265.23435185185184,43.0972,-79.03789,2024-09-21T05:37:28.000000Z
2024,265.23436342592595,43.0972,-79.03789,2024-09-21T05:37:29.000000Z
2024,265.234375,43.0972,-79.03788,2024-09-21T05:37:30.000000Z
2024,265.23438657407405,43.0972,-79.03788,2024-09-21T05:37:31.000000Z
2024,265.23439814814816,43.0972,-79.03788,2024-09-21T05:37:32.000000Z
2024,265.2344097222222,43.0972,-79.03787,2024-09-21T05:37:33.000000Z
2024,265.2344212962963,43.0972,-79.03787,2024-09-21T05:37:34.000000Z
2024,265.24462962962957,43.09717,-79.03781,2024-09-21T05:52:16.000000Z
2024,265.2446412037037,43.09717,-79.03781,2024-09-21T05:52:17.000000Z
2024,265.24465277777773,43.09717,-79.03781,2024-09-21T05:52:18.000000Z
2024,265.24466435185184,43.09717,-79.03781,2024-09-21T05:52:19.000000Z
2024,265.2446759259259,43.09717,-79.03781,2024-09-21T05:52:20.000000Z
2024,265.24468749999994,43.09717,-79.0378,2024-09-21T05:52:21.000000Z
2024,265.24469907407405,43.09717,-79.03779,2024-09-21T05:52:22.000000Z
2024,265.2447106481481,43.09717,-79.03778,2024-09-21T05:52:23.000000Z
2024,265.2447222222222,43.09717,-79.03778,2024-09-21T05:52:24.000000Z
2024,265.24473379629626,43.09716,-79.03777,2024-09-21T05:52:25.000000Z
2024,265.2447453703703,43.09716,-79.03777,2024-09-21T05:52:26.000000Z
2024,265.2447569444444,43.09716,-79.03776,2024-09-21T05:52:27.000000Z
2024,265.24476851851847,43.09716,-79.03776,2024-09-21T05:52:28.000000Z
2024,265.2447800925926,43.09716,-79.03776,2024-09-21T05:52:29.000000Z
2024,265.24479166666663,43.09716,-79.03776,2024-09-21T05:52:30.000000Z
2024,265.2448032407407,43.09716,-79.03776,2024-09-21T05:52:31.000000Z
2024,265.2448148148148,43.09716,-79.03776,2024-09-21T05:52:32.000000Z
2024,265.24482638888884,43.09716,-79.03776,2024-09-21T05:52:33.000000Z
2024,265.24483796296295,43.09716,-79.03777,2024-09-21T05:52:34.000000Z
2024,265.25504629629626,43.09719,-79.03782,2024-09-21T06:07:16.000000Z
2024,265.25505787037036,43.09719,-79.03782,2024-09-21T06:07:17.000000Z
2024,265.2550694444444,43.09719,-79.03782,2024-09-21T06:07:18.000000Z
2024,265.2550810185185,43.09719,-79.03781,2024-09-21T06:07:19.000000Z
2024,265.2550925925926,43.09719,-79.03781,2024-09-21T06:07:20.000000Z
2024,265.2551041666666,43.09719,-79.03781,2024-09-21T06:07:21.000000Z
2024,265.25511574074073,43.09719,-79.03781,2024-09-21T06:07:22.000000Z
2024,265.2551273148148,43.09719,-79.03781,2024-09-21T06:07:23.000000Z
2024,265.2551388888889,43.09719,-79.03781,2024-09-21T06:07:24.000000Z
2024,265.25515046296294,43.09719,-79.03781,2024-09-21T06:07:25.000000Z
2024,265.255162037037,43.09719,-79.03781,2024-09-21T06:07:26.000000Z
2024,265.2551736111111,43.09719,-79.03781,2024-09-21T06:07:27.000000Z
2024,265.25518518518516,43.09719,-79.03782,2024-09-21T06:07:28.000000Z
2024,265.25519675925926,43.09719,-79.03782,2024-09-21T06:07:29.000000Z
2024,265.2552083333333,43.09719,-79.03782,2024-09-21T06:07:30.000000Z
2024,265.25521990740737,43.09719,-79.03782,2024-09-21T06:07:31.000000Z
2024,265.2552314814815,43.09719,-79.03783,2024-09-21T06:07:32.000000Z
2024,265.2552430555555,43.09719,-79.03783,2024-09-21T06:07:33.000000Z
2024,265.25525462962963,43.09719,-79.03783,2024-09-21T06:07:34.000000Z
2024,265.2654513888889,43.0972,-79.03785,2024-09-21T06:22:15.000000Z
2024,265.26546296296294,43.0972,-79.03784,2024-09-21T06:22:16.000000Z
2024,265.26547453703705,43.0972,-79.03784,2024-09-21T06:22:17.000000Z
2024,265.2654861111111,43.09719,-79.03784,2024-09-21T06:22:18.000000Z
2024,265.2654976851852,43.09719,-79.03784,2024-09-21T06:22:19.000000Z
2024,265.26550925925926,43.09719,-79.03784,2024-09-21T06:22:20.000000Z
2024,265.2655208333333,43.09719,-79.03784,2024-09-21T06:22:21.000000Z
2024,265.2655324074074,43.09719,-79.03784,2024-09-21T06:22:22.000000Z
2024,265.26554398148147,43.09719,-79.03783,2024-09-21T06:22:23.000000Z
2024,265.2655555555556,43.09719,-79.03783,2024-09-21T06:22:24.000000Z
2024,265.26556712962963,43.09719,-79.03783,2024-09-21T06:22:25.000000Z
2024,265.2655787037037,43.09718,-79.03783,2024-09-21T06:22:26.000000Z
2024,265.2655902777778,43.09718,-79.03783,2024-09-21T06:22:27.000000Z
2024,265.26560185185184,43.09718,-79.03783,2024-09-21T06:22:28.000000Z
2024,265.26561342592595,43.09718,-79.03783,2024-09-21T06:22:29.000000Z
2024,265.265625,43.09719,-79.03783,2024-09-21T06:22:30.000000Z
2024,265.26563657407405,43.09719,-79.03783,2024-09-21T06:22:31.000000Z
2024,265.26564814814816,43.09719,-79.03783,2024-09-21T06:22:32.000000Z
2024,265.2656597222222,43.09719,-79.03784,2024-09-21T06:22:33.000000Z
2024,265.2656712962963,43.09719,-79.03784,2024-09-21T06:22:34.000000Z
2024,265.2759027777778,43.09734,-79.03757,2024-09-21T06:37:18.000000Z
2024,265.2759143518519,43.09734,-79.03758,2024-09-21T06:37:19.000000Z
2024,265.27592592592595,43.09733,-79.03758,2024-09-21T06:37:20.000000Z
2024,265.2759375,43.09733,-79.03759,2024-09-21T06:37:21.000000Z
2024,265.2759490740741,43.09733,-79.03759,2024-09-21T06:37:22.000000Z
2024,265.27596064814816,43.09733,-79.03758,2024-09-21T06:37:23.000000Z
2024,265.27597222222226,43.09733,-79.03758,2024-09-21T06:37:24.000000Z
2024,265.2759837962963,43.09733,-79.03759,2024-09-21T06:37:25.000000Z
2024,265.27599537037037,43.09733,-79.03759,2024-09-21T06:37:26.000000Z
2024,265.2760069444445,43.09732,-79.03759,2024-09-21T06:37:27.000000Z
2024,265.2760185185185,43.09733,-79.03759,2024-09-21T06:37:28.000000Z
2024,265.27603009259263,43.09721,-79.03775,2024-09-21T06:37:29.000000Z
2024,265.2760416666667,43.09717,-79.03781,2024-09-21T06:37:30.000000Z
2024,265.27605324074074,43.09716,-79.03783,2024-09-21T06:37:31.000000Z
2024,265.27606481481484,43.09714,-79.03784,2024-09-21T06:37:32.000000Z
2024,265.2760763888889,43.09714,-79.03784,2024-09-21T06:37:33.000000Z
2024,265.276087962963,43.09713,-79.03787,2024-09-21T06:37:34.000000Z
2024,265.27609953703706,43.09713,-79.03787,2024-09-21T06:37:35.000000Z
2024,265.27611111111116,43.09712,-79.03788,2024-09-21T06:37:36.000000Z
2024,265.2761226851852,43.09712,-79.03789,2024-09-21T06:37:37.000000Z
2024,265.28630787037036,43.09706,-79.03802,2024-09-21T06:52:17.000000Z
2024,265.2863194444444,43.09706,-79.03801,2024-09-21T06:52:18.000000Z
2024,265.2863310185185,43.09706,-79.03802,2024-09-21T06:52:19.000000Z
2024,265.2863425925926,43.09706,-79.03802,2024-09-21T06:52:20.000000Z
2024,265.2863541666666,43.09706,-79.03802,2024-09-21T06:52:21.000000Z
2024,265.28636574074073,43.09706,-79.03803,2024-09-21T06:52:22.000000Z
2024,265.2863773148148,43.09706,-79.03801,2024-09-21T06:52:23.000000Z
2024,265.2863888888889,43.09706,-79.038,2024-09-21T06:52:24.000000Z
2024,265.28640046296294,43.09706,-79.038,2024-09-21T06:52:25.000000Z
2024,265.286412037037,43.09706,-79.038,2024-09-21T06:52:26.000000Z
2024,265.2864236111111,43.09706,-79.038,2024-09-21T06:52:27.000000Z
2024,265.28643518518516,43.09706,-79.038,2024-09-21T06:52:28.000000Z
2024,265.28644675925926,43.09706,-79.03799,2024-09-21T06:52:29.000000Z
2024,265.2864583333333,43.09706,-79.038,2024-09-21T06:52:30.000000Z
2024,265.28646990740737,43.09706,-79.038,2024-09-21T06:52:31.000000Z
2024,265.2864814814815,43.09706,-79.038,2024-09-21T06:52:32.000000Z
2024,265.2864930555555,43.09706,-79.038,2024-09-21T06:52:33.000000Z
2024,265.28650462962963,43.09706,-79.038,2024-09-21T06:52:34.000000Z
2024,265.2865162037037,43.09706,-79.038,2024-09-21T06:52:35.000000Z
2024,265.2967476851852,43.09717,-79.03807,2024-09-21T07:07:19.000000Z
2024,265.29675925925926,43.09717,-79.03809,2024-09-21T07:07:20.000000Z
2024,265.2967708333333,43.09717,-79.03809,2024-09-21T07:07:21.000000Z
2024,265.2967824074074,43.09717,-79.0381,2024-09-21T07:07:22.000000Z
2024,265.29679398148147,43.09717,-79.03813,2024-09-21T07:07:23.000000Z
2024,265.2968055555556,43.09717,-79.03813,2024-09-21T07:07:24.000000Z
2024,265.29681712962963,43.09717,-79.03813,2024-09-21T07:07:25.000000Z
2024,265.2968287037037,43.09717,-79.03813,2024-09-21T07:07:26.000000Z
2024,265.2968402777778,43.09717,-79.03813,2024-09-21T07:07:27.000000Z
2024,265.29685185185184,43.09717,-79.03813,2024-09-21T07:07:28.000000Z
2024,265.29686342592595,43.09717,-79.03813,2024-09-21T07:07:29.000000Z
2024,265.296875,43.09717,-79.0381,2024-09-21T07:07:30.000000Z
2024,265.29688657407405,43.09717,-79.03807,2024-09-21T07:07:31.000000Z
2024,265.29689814814816,43.09717,-79.03805,2024-09-21T07:07:32.000000Z
2024,265.2969097222222,43.09717,-79.03803,2024-09-21T07:07:33.000000Z
2024,265.2969212962963,43.09717,-79.03801,2024-09-21T07:07:34.000000Z
2024,265.29693287037037,43.09716,-79.03801,2024-09-21T07:07:35.000000Z
2024,265.2969444444445,43.09716,-79.038,2024-09-21T07:07:36.000000Z
2024,265.29695601851853,43.09716,-79.03801,2024-09-21T07:07:37.000000Z
2024,265.2969675925926,43.09716,-79.03801,2024-09-21T07:07:38.000000Z
2024,265.3071180555556,43.09722,-79.03819,2024-09-21T07:22:15.000000Z
2024,265.3071296296296,43.09721,-79.03816,2024-09-21T07:22:16.000000Z
2024,265.30714120370374,43.09721,-79.03816,2024-09-21T07:22:17.000000Z
2024,265.3071527777778,43.0972,-79.03816,2024-09-21T07:22:18.000000Z
2024,265.3071643518519,43.0972,-79.03815,2024-09-21T07:22:19.000000Z
2024,265.30717592592595,43.0972,-79.03814,2024-09-21T07:22:20.000000Z
2024,265.3071875,43.09721,-79.03813,2024-09-21T07:22:21.000000Z
2024,265.3071990740741,43.0972,-79.03813,2024-09-21T07:22:22.000000Z
2024,265.30721064814816,43.0972,-79.03813,2024-09-21T07:22:23.000000Z
2024,265.30722222222226,43.0972,-79.03812,2024-09-21T07:22:24.000000Z
2024,265.3072337962963,43.0972,-79.03812,2024-09-21T07:22:25.000000Z
2024,265.30724537037037,43.0972,-79.03811,2024-09-21T07:22:26.000000Z
2024,265.3072569444445,43.0972,-79.0381,2024-09-21T07:22:27.000000Z
2024,265.3072685185185,43.0972,-79.03811,2024-09-21T07:22:28.000000Z
2024,265.30728009259263,43.0972,-79.03812,2024-09-21T07:22:29.000000Z
2024,265.3072916666667,43.0972,-79.03813,2024-09-21T07:22:30.000000Z
2024,265.30730324074074,43.0972,-79.03812,2024-09-21T07:22:31.000000Z
2024,265.30731481481484,43.0972,-79.03813,2024-09-21T07:22:32.000000Z
2024,265.3073263888889,43.09719,-79.03812,2024-09-21T07:22:33.000000Z
2024,265.307337962963,43.0972,-79.03812,2024-09-21T07:22:34.000000Z
2024,265.31753472222226,43.09716,-79.03786,2024-09-21T07:37:15.000000Z
2024,265.3175462962963,43.09715,-79.03784,2024-09-21T07:37:16.000000Z
2024,265.3175578703704,43.09715,-79.03784,2024-09-21T07:37:17.000000Z
2024,265.3175694444445,43.09715,-79.03783,2024-09-21T07:37:18.000000Z
2024,265.3175810185186,43.09715,-79.03783,2024-09-21T07:37:19.000000Z
2024,265.31759259259263,43.09714,-79.03782,2024-09-21T07:37:20.000000Z
2024,265.3176041666667,43.09714,-79.03782,2024-09-21T07:37:21.000000Z
2024,265.3176157407408,43.09714,-79.03781,2024-09-21T07:37:22.000000Z
2024,265.31762731481484,43.09714,-79.03781,2024-09-21T07:37:23.000000Z
2024,265.31763888888895,43.09714,-79.03781,2024-09-21T07:37:24.000000Z
2024,265.317650462963,43.09714,-79.03781,2024-09-21T07:37:25.000000Z
2024,265.31766203703705,43.09714,-79.03781,2024-09-21T07:37:26.000000Z
2024,265.31767361111116,43.09714,-79.03781,2024-09-21T07:37:27.000000Z
2024,265.3176851851852,43.09714,-79.03781,2024-09-21T07:37:28.000000Z
2024,265.3176967592593,43.09714,-79.03781,2024-09-21T07:37:29.000000Z
2024,265.31770833333337,43.09714,-79.03782,2024-09-21T07:37:30.000000Z
2024,265.3177199074074,43.09714,-79.03783,2024-09-21T07:37:31.000000Z
2024,265.31773148148153,43.09714,-79.03783,2024-09-21T07:37:32.000000Z
2024,265.3177430555556,43.09714,-79.03784,2024-09-21T07:37:33.000000Z
2024,265.3177546296297,43.09714,-79.03784,2024-09-21T07:37:34.000000Z
2024,265.3279513888889,43.09716,-79.03793,2024-09-21T07:52:15.000000Z
2024,265.32796296296294,43.09716,-79.03793,2024-09-21T07:52:16.000000Z
2024,265.32797453703705,43.09716,-79.03792,2024-09-21T07:52:17.000000Z
2024,265.3279861111111,43.09716,-79.03792,2024-09-21T07:52:18.000000Z
2024,265.3279976851852,43.09715,-79.03791,2024-09-21T07:52:19.000000Z
2024,265.32800925925926,43.09715,-79.03791,2024-09-21T07:52:20.000000Z
2024,265.3280208333333,43.09715,-79.03791,2024-09-21T07:52:21.000000Z
2024,265.3280324074074,43.09715,-79.03791,2024-09-21T07:52:22.000000Z
2024,265.32804398148147,43.09714,-79.0379,2024-09-21T07:52:23.000000Z
2024,265.3280555555556,43.09714,-79.0379,2024-09-21T07:52:24.000000Z
2024,265.32806712962963,43.09714,-79.0379,2024-09-21T07:52:25.000000Z
2024,265.3280787037037,43.09714,-79.03789,2024-09-21T07:52:26.000000Z
2024,265.3280902777778,43.09714,-79.03789,2024-09-21T07:52:27.000000Z
2024,265.32810185185184,43.09714,-79.03788,2024-09-21T07:52:28.000000Z
2024,265.32811342592595,43.09714,-79.03788,2024-09-21T07:52:29.000000Z
2024,265.328125,43.09714,-79.03788,2024-09-21T07:52:30.000000Z
2024,265.32813657407405,43.09714,-79.03788,2024-09-21T07:52:31.000000Z
2024,265.32814814814816,43.09714,-79.03788,2024-09-21T07:52:32.000000Z
2024,265.3281597222222,43.09714,-79.03788,2024-09-21T07:52:33.000000Z
2024,265.3281712962963,43.09714,-79.03788,2024-09-21T07:52:34.000000Z
2024,265.3383680555555,43.09717,-79.03805,2024-09-21T08:07:15.000000Z
2024,265.33837962962957,43.09717,-79.03806,2024-09-21T08:07:16.000000Z
2024,265.3383912037037,43.09716,-79.03804,2024-09-21T08:07:17.000000Z
2024,265.33840277777773,43.09716,-79.038,2024-09-21T08:07:18.000000Z
2024,265.33841435185184,43.09716,-79.03796,2024-09-21T08:07:19.000000Z
2024,265.3384259259259,43.09715,-79.03792,2024-09-21T08:07:20.000000Z
2024,265.33843749999994,43.09714,-79.03788,2024-09-21T08:07:21.000000Z
2024,265.33844907407405,43.09714,-79.03784,2024-09-21T08:07:22.000000Z
2024,265.3384606481481,43.09713,-79.03781,2024-09-21T08:07:23.000000Z
2024,265.3384722222222,43.09713,-79.03779,2024-09-21T08:07:24.000000Z
2024,265.33848379629626,43.09712,-79.03777,2024-09-21T08:07:25.000000Z
2024,265.3384953703703,43.09712,-79.03776,2024-09-21T08:07:26.000000Z
2024,265.3385069444444,43.09712,-79.03775,2024-09-21T08:07:27.000000Z
2024,265.33851851851847,43.09712,-79.03775,2024-09-21T08:07:28.000000Z
2024,265.3385300925926,43.09712,-79.03775,2024-09-21T08:07:29.000000Z
2024,265.33854166666663,43.09712,-79.03776,2024-09-21T08:07:30.000000Z
2024,265.3385532407407,43.09712,-79.03776,2024-09-21T08:07:31.000000Z
2024,265.3385648148148,43.09712,-79.03778,2024-09-21T08:07:32.000000Z
2024,265.33857638888884,43.09712,-79.03779,2024-09-21T08:07:33.000000Z
2024,265.33858796296295,43.09712,-79.0378,2024-09-21T08:07:34.000000Z
2024,265.3487847222222,43.0971,-79.03778,2024-09-21T08:22:15.000000Z
2024,265.34879629629626,43.0971,-79.03778,2024-09-21T08:22:16.000000Z
2024,265.34880787037036,43.0971,-79.03779,2024-09-21T08:22:17.000000Z
2024,265.3488194444444,43.0971,-79.03779,2024-09-21T08:22:18.000000Z
2024,265.3488310185185,43.0971,-79.03779,2024-09-21T08:22:19.000000Z
2024,265.3488425925926,43.0971,-79.0378,2024-09-21T08:22:20.000000Z
2024,265.3488541666666,43.0971,-79.0378,2024-09-21T08:22:21.000000Z
2024,265.34886574074073,43.09711,-79.0378,2024-09-21T08:22:22.000000Z
2024,265.3488773148148,43.09711,-79.03781,2024-09-21T08:22:23.000000Z
2024,265.3488888888889,43.09711,-79.03781,2024-09-21T08:22:24.000000Z
2024,265.34890046296294,43.09711,-79.03781,2024-09-21T08:22:25.000000Z
2024,265.348912037037,43.09711,-79.03781,2024-09-21T08:22:26.000000Z
2024,265.3489236111111,43.09711,-79.03781,2024-09-21T08:22:27.000000Z
2024,265.34893518518516,43.09711,-79.03781,2024-09-21T08:22:28.000000Z
2024,265.34894675925926,43.09711,-79.03781,2024-09-21T08:22:29.000000Z
2024,265.3489583333333,43.09711,-79.03781,2024-09-21T08:22:30.000000Z
2024,265.34896990740737,43.09711,-79.03781,2024-09-21T08:22:31.000000Z
2024,265.3489814814815,43.09711,-79.03781,2024-09-21T08:22:32.000000Z
2024,265.3489930555555,43.09711,-79.03781,2024-09-21T08:22:33.000000Z
2024,265.34900462962963,43.09712,-79.03781,2024-09-21T08:22:34.000000Z
2024,265.3592013888889,43.09708,-79.03775,2024-09-21T08:37:15.000000Z
2024,265.35921296296294,43.09708,-79.03775,2024-09-21T08:37:16.000000Z
2024,265.35922453703705,43.09709,-79.03775,2024-09-21T08:37:17.000000Z
2024,265.3592361111111,43.09709,-79.03776,2024-09-21T08:37:18.000000Z
2024,265.3592476851852,43.09708,-79.03775,2024-09-21T08:37:19.000000Z
2024,265.35925925925926,43.09708,-79.03775,2024-09-21T08:37:20.000000Z
2024,265.3592708333333,43.09707,-79.03775,2024-09-21T08:37:21.000000Z
2024,265.3592824074074,43.09706,-79.03775,2024-09-21T08:37:22.000000Z
2024,265.35929398148147,43.09705,-79.03774,2024-09-21T08:37:23.000000Z
2024,265.3593055555556,43.09705,-79.03774,2024-09-21T08:37:24.000000Z
2024,265.35931712962963,43.09705,-79.03775,2024-09-21T08:37:25.000000Z
2024,265.3593287037037,43.09705,-79.03775,2024-09-21T08:37:26.000000Z
2024,265.3593402777778,43.09704,-79.03775,2024-09-21T08:37:27.000000Z
2024,265.35935185185184,43.09704,-79.03775,2024-09-21T08:37:28.000000Z
2024,265.35936342592595,43.09704,-79.03775,2024-09-21T08:37:29.000000Z
2024,265.359375,43.09704,-79.03775,2024-09-21T08:37:30.000000Z
2024,265.35938657407405,43.09703,-79.03775,2024-09-21T08:37:31.000000Z
2024,265.35939814814816,43.09703,-79.03775,2024-09-21T08:37:32.000000Z
2024,265.3594097222222,43.09703,-79.03775,2024-09-21T08:37:33.000000Z
2024,265.3594212962963,43.09703,-79.03775,2024-09-21T08:37:34.000000Z
2024,265.3696180555555,43.09695,-79.03774,2024-09-21T08:52:15.000000Z
2024,265.36962962962957,43.09696,-79.03774,2024-09-21T08:52:16.000000Z
2024,265.3696412037037,43.09696,-79.03774,2024-09-21T08:52:17.000000Z
2024,265.36965277777773,43.09697,-79.03774,2024-09-21T08:52:18.000000Z
2024,265.36966435185184,43.09698,-79.03774,2024-09-21T08:52:19.000000Z
2024,265.3696759259259,43.09698,-79.03774,2024-09-21T08:52:20.000000Z
2024,265.36968749999994,43.09698,-79.03774,2024-09-21T08:52:21.000000Z
2024,265.36969907407405,43.09699,-79.03774,2024-09-21T08:52:22.000000Z
2024,265.3697106481481,43.09699,-79.03774,2024-09-21T08:52:23.000000Z
2024,265.3697222222222,43.097,-79.03775,2024-09-21T08:52:24.000000Z
2024,265.36973379629626,43.097,-79.03774,2024-09-21T08:52:25.000000Z
2024,265.3697453703703,43.097,-79.03775,2024-09-21T08:52:26.000000Z
2024,265.3697569444444,43.09701,-79.03775,2024-09-21T08:52:27.000000Z
2024,265.36976851851847,43.09701,-79.03775,2024-09-21T08:52:28.000000Z
2024,265.3697800925926,43.09701,-79.03774,2024-09-21T08:52:29.000000Z
2024,265.36979166666663,43.09701,-79.03774,2024-09-21T08:52:30.000000Z
2024,265.3698032407407,43.09701,-79.03772,2024-09-21T08:52:31.000000Z
2024,265.3698148148148,43.09701,-79.03771,2024-09-21T08:52:32.000000Z
2024,265.36982638888884,43.09701,-79.03771,2024-09-21T08:52:33.000000Z
2024,265.36983796296295,43.09701,-79.03772,2024-09-21T08:52:34.000000Z
2024,265.3800347222222,43.09703,-79.03778,2024-09-21T09:07:15.000000Z
2024,265.38004629629626,43.09703,-79.03778,2024-09-21T09:07:16.000000Z
2024,265.38005787037036,43.09703,-79.03778,2024-09-21T09:07:17.000000Z
2024,265.3800694444444,43.09704,-79.03778,2024-09-21T09:07:18.000000Z
2024,265.3800810185185,43.09704,-79.03779,2024-09-21T09:07:19.000000Z
2024,265.3800925925926,43.09703,-79.03779,2024-09-21T09:07:20.000000Z
2024,265.3801041666666,43.09704,-79.03781,2024-09-21T09:07:21.000000Z
2024,265.38011574074073,43.09703,-79.0378,2024-09-21T09:07:22.000000Z
2024,265.3801273148148,43.09703,-79.03781,2024-09-21T09:07:23.000000Z
2024,265.3801388888889,43.09703,-79.03781,2024-09-21T09:07:24.000000Z
2024,265.38015046296294,43.09703,-79.03781,2024-09-21T09:07:25.000000Z
2024,265.380162037037,43.09703,-79.03781,2024-09-21T09:07:26.000000Z
2024,265.3801736111111,43.09703,-79.03782,2024-09-21T09:07:27.000000Z
2024,265.38018518518516,43.09703,-79.03782,2024-09-21T09:07:28.000000Z
2024,265.38019675925926,43.09703,-79.03782,2024-09-21T09:07:29.000000Z
2024,265.3802083333333,43.09703,-79.03782,2024-09-21T09:07:30.000000Z
2024,265.38021990740737,43.09703,-79.03781,2024-09-21T09:07:31.000000Z
2024,265.3802314814815,43.09703,-79.03781,2024-09-21T09:07:32.000000Z
2024,265.3802430555555,43.09704,-79.03782,2024-09-21T09:07:33.000000Z
2024,265.38025462962963,43.09704,-79.03781,2024-09-21T09:07:34.000000Z
2024,265.3904513888889,43.09711,-79.03788,2024-09-21T09:22:15.000000Z
2024,265.39046296296294,43.09711,-79.03788,2024-09-21T09:22:16.000000Z
2024,265.39047453703705,43.09711,-79.03787,2024-09-21T09:22:17.000000Z
2024,265.3904861111111,43.09711,-79.0379,2024-09-21T09:22:18.000000Z
2024,265.3904976851852,43.09711,-79.03791,2024-09-21T09:22:19.000000Z
2024,265.39050925925926,43.09711,-79.03792,2024-09-21T09:22:20.000000Z
2024,265.3905208333333,43.09711,-79.03791,2024-09-21T09:22:21.000000Z
2024,265.3905324074074,43.09711,-79.03792,2024-09-21T09:22:22.000000Z
2024,265.39054398148147,43.09711,-79.03794,2024-09-21T09:22:23.000000Z
2024,265.3905555555556,43.09711,-79.03794,2024-09-21T09:22:24.000000Z
2024,265.39056712962963,43.09711,-79.03794,2024-09-21T09:22:25.000000Z
2024,265.3905787037037,43.09711,-79.03794,2024-09-21T09:22:26.000000Z
2024,265.3905902777778,43.09711,-79.03794,2024-09-21T09:22:27.000000Z
2024,265.39060185185184,43.09711,-79.03794,2024-09-21T09:22:28.000000Z
2024,265.39061342592595,43.09711,-79.03794,2024-09-21T09:22:29.000000Z
2024,265.390625,43.09711,-79.03794,2024-09-21T09:22:30.000000Z
2024,265.39063657407405,43.09711,-79.03794,2024-09-21T09:22:31.000000Z
2024,265.39064814814816,43.09711,-79.03793,2024-09-21T09:22:32.000000Z
2024,265.3906597222222,43.09711,-79.03793,2024-09-21T09:22:33.000000Z
2024,265.3906712962963,43.09711,-79.03792,2024-09-21T09:22:34.000000Z
2024,265.4008796296296,43.09687,-79.03864,2024-09-21T09:37:16.000000Z
2024,265.40089120370374,43.09687,-79.03862,2024-09-21T09:37:17.000000Z
2024,265.4009027777778,43.09688,-79.0386,2024-09-21T09:37:18.000000Z
2024,265.4009143518519,43.09688,-79.03858,2024-09-21T09:37:19.000000Z
2024,265.40092592592595,43.09689,-79.03855,2024-09-21T09:37:20.000000Z
2024,265.4009375,43.0969,-79.03855,2024-09-21T09:37:21.000000Z
2024,265.4009490740741,43.0969,-79.03854,2024-09-21T09:37:22.000000Z
2024,265.40096064814816,43.0969,-79.03852,2024-09-21T09:37:23.000000Z
2024,265.40097222222226,43.09691,-79.03851,2024-09-21T09:37:24.000000Z
2024,265.4009837962963,43.09691,-79.0385,2024-09-21T09:37:25.000000Z
2024,265.40099537037037,43.09691,-79.0385,2024-09-21T09:37:26.000000Z
2024,265.4010069444445,43.09691,-79.03849,2024-09-21T09:37:27.000000Z
2024,265.4010185185185,43.09691,-79.03849,2024-09-21T09:37:28.000000Z
2024,265.40103009259263,43.09691,-79.03848,2024-09-21T09:37:29.000000Z
2024,265.4010416666667,43.09692,-79.03846,2024-09-21T09:37:30.000000Z
2024,265.40105324074074,43.09692,-79.03846,2024-09-21T09:37:31.000000Z
2024,265.40106481481484,43.09693,-79.03845,2024-09-21T09:37:32.000000Z
2024,265.4010763888889,43.09693,-79.03844,2024-09-21T09:37:33.000000Z
2024,265.401087962963,43.09693,-79.03843,2024-09-21T09:37:34.000000Z
2024,265.40109953703706,43.09694,-79.03841,2024-09-21T09:37:35.000000Z
2024,265.4112847222222,43.09709,-79.03768,2024-09-21T09:52:15.000000Z
2024,265.41129629629626,43.09709,-79.03771,2024-09-21T09:52:16.000000Z
2024,265.41130787037036,43.09708,-79.03772,2024-09-21T09:52:17.000000Z
2024,265.4113194444444,43.09708,-79.03774,2024-09-21T09:52:18.000000Z
2024,265.4113310185185,43.09708,-79.03773,2024-09-21T09:52:19.000000Z
2024,265.4113425925926,43.09708,-79.03773,2024-09-21T09:52:20.000000Z
2024,265.4113541666666,43.09708,-79.03774,2024-09-21T09:52:21.000000Z
2024,265.41136574074073,43.09707,-79.03775,2024-09-21T09:52:22.000000Z
2024,265.4113773148148,43.09707,-79.03776,2024-09-21T09:52:23.000000Z
2024,265.4113888888889,43.09707,-79.03777,2024-09-21T09:52:24.000000Z
2024,265.41140046296294,43.09706,-79.03778,2024-09-21T09:52:25.000000Z
2024,265.411412037037,43.09706,-79.03778,2024-09-21T09:52:26.000000Z
2024,265.4114236111111,43.09706,-79.03778,2024-09-21T09:52:27.000000Z
2024,265.41143518518516,43.09706,-79.03778,2024-09-21T09:52:28.000000Z
2024,265.41144675925926,43.09706,-79.03778,2024-09-21T09:52:29.000000Z
2024,265.4114583333333,43.09707,-79.03778,2024-09-21T09:52:30.000000Z
2024,265.41146990740737,43.09707,-79.03778,2024-09-21T09:52:31.000000Z
2024,265.4114814814815,43.09707,-79.03777,2024-09-21T09:52:32.000000Z
2024,265.4114930555555,43.09707,-79.03778,2024-09-21T09:52:33.000000Z
2024,265.41150462962963,43.09707,-79.03778,2024-09-21T09:52:34.000000Z
2024,265.4217013888889,43.09711,-79.03803,2024-09-21T10:07:15.000000Z
2024,265.42171296296294,43.09712,-79.03802,2024-09-21T10:07:16.000000Z
2024,265.42172453703705,43.09711,-79.038,2024-09-21T10:07:17.000000Z
2024,265.4217361111111,43.09711,-79.03799,2024-09-21T10:07:18.000000Z
2024,265.4217476851852,43.09711,-79.03798,2024-09-21T10:07:19.000000Z
2024,265.42175925925926,43.09711,-79.03797,2024-09-21T10:07:20.000000Z
2024,265.4217708333333,43.09711,-79.03796,2024-09-21T10:07:21.000000Z
2024,265.4217824074074,43.09711,-79.03795,2024-09-21T10:07:22.000000Z
2024,265.42179398148147,43.09711,-79.03794,2024-09-21T10:07:23.000000Z
2024,265.4218055555556,43.09711,-79.03794,2024-09-21T10:07:24.000000Z
2024,265.42181712962963,43.09711,-79.03794,2024-09-21T10:07:25.000000Z
2024,265.4218287037037,43.09711,-79.03792,2024-09-21T10:07:26.000000Z
2024,265.4218402777778,43.09711,-79.03792,2024-09-21T10:07:27.000000Z
2024,265.42185185185184,43.09711,-79.03791,2024-09-21T10:07:28.000000Z
2024,265.42186342592595,43.09711,-79.03791,2024-09-21T10:07:29.000000Z
2024,265.421875,43.09712,-79.03791,2024-09-21T10:07:30.000000Z
2024,265.42188657407405,43.09712,-79.0379,2024-09-21T10:07:31.000000Z
2024,265.42189814814816,43.09712,-79.0379,2024-09-21T10:07:32.000000Z
2024,265.4219097222222,43.09712,-79.0379,2024-09-21T10:07:33.000000Z
2024,265.4219212962963,43.09712,-79.03788,2024-09-21T10:07:34.000000Z
2024,265.4321180555556,43.09725,-79.03796,2024-09-21T10:22:15.000000Z
2024,265.4321296296296,43.09726,-79.03795,2024-09-21T10:22:16.000000Z
2024,265.43214120370374,43.09726,-79.03796,2024-09-21T10:22:17.000000Z
2024,265.4321527777778,43.09727,-79.03797,2024-09-21T10:22:18.000000Z
2024,265.4321643518519,43.09727,-79.03799,2024-09-21T10:22:19.000000Z
2024,265.43217592592595,43.09726,-79.03798,2024-09-21T10:22:20.000000Z
2024,265.4321875,43.09725,-79.03797,2024-09-21T10:22:21.000000Z
2024,265.4321990740741,43.09726,-79.03798,2024-09-21T10:22:22.000000Z
2024,265.43221064814816,43.09727,-79.03799,2024-09-21T10:22:23.000000Z
2024,265.43222222222226,43.09724,-79.03796,2024-09-21T10:22:24.000000Z
2024,265.4322337962963,43.09722,-79.03794,2024-09-21T10:22:25.000000Z
2024,265.4322569444445,43.0972,-79.03793,2024-09-21T10:22:27.000000Z
2024,265.4322685185185,43.0972,-79.03792,2024-09-21T10:22:28.000000Z
2024,265.43228009259263,43.09719,-79.03792,2024-09-21T10:22:29.000000Z
2024,265.4322916666667,43.09719,-79.03791,2024-09-21T10:22:30.000000Z
2024,265.43230324074074,43.09719,-79.03791,2024-09-21T10:22:31.000000Z
2024,265.43231481481484,43.09719,-79.03791,2024-09-21T10:22:32.000000Z
2024,265.4323263888889,43.09719,-79.03791,2024-09-21T10:22:33.000000Z
2024,265.432337962963,43.09719,-79.03791,2024-09-21T10:22:34.000000Z
2024,265.44253472222226,43.09719,-79.03803,2024-09-21T10:37:15.000000Z
2024,265.4425462962963,43.09719,-79.03803,2024-09-21T10:37:16.000000Z
2024,265.4425578703704,43.0972,-79.03803,2024-09-21T10:37:17.000000Z
2024,265.4425694444445,43.0972,-79.03802,2024-09-21T10:37:18.000000Z
2024,265.4425810185186,43.0972,-79.03802,2024-09-21T10:37:19.000000Z
2024,265.44259259259263,43.0972,-79.03803,2024-09-21T10:37:20.000000Z
2024,265.4426041666667,43.0972,-79.03803,2024-09-21T10:37:21.000000Z
2024,265.4426157407408,43.0972,-79.03804,2024-09-21T10:37:22.000000Z
2024,265.44262731481484,43.0972,-79.03804,2024-09-21T10:37:23.000000Z
2024,265.44263888888895,43.0972,-79.03804,2024-09-21T10:37:24.000000Z
2024,265.442650462963,43.0972,-79.03804,2024-09-21T10:37:25.000000Z
2024,265.44266203703705,43.0972,-79.03806,2024-09-21T10:37:26.000000Z
2024,265.44267361111116,43.0972,-79.03806,2024-09-21T10:37:27.000000Z
2024,265.4426851851852,43.0972,-79.03806,2024-09-21T10:37:28.000000Z
2024,265.4426967592593,43.0972,-79.03807,2024-09-21T10:37:29.000000Z
2024,265.44270833333337,43.0972,-79.03806,2024-09-21T10:37:30.000000Z
2024,265.4427199074074,43.0972,-79.03806,2024-09-21T10:37:31.000000Z
2024,265.44273148148153,43.0972,-79.03806,2024-09-21T10:37:32.000000Z
2024,265.4427430555556,43.0972,-79.03806,2024-09-21T10:37:33.000000Z
2024,265.4427546296297,43.09719,-79.03806,2024-09-21T10:37:34.000000Z
