year,date,lat,lon,t
2024,260.62027777777774,43.08356,-79.0713,2024-09-16T14:53:12.000000Z
2024,260.6202893518518,43.08356,-79.0713,2024-09-16T14:53:13.000000Z
2024,260.6203009259259,43.08358,-79.07131,2024-09-16T14:53:14.000000Z
2024,260.62031249999995,43.08358,-79.07131,2024-09-16T14:53:15.000000Z
2024,260.620324074074,43.08358,-79.07131,2024-09-16T14:53:16.000000Z
2024,260.6203356481481,43.08358,-79.0713,2024-09-16T14:53:17.000000Z
2024,260.62034722222216,43.08358,-79.0713,2024-09-16T14:53:18.000000Z
2024,260.6203587962963,43.08358,-79.0713,2024-09-16T14:53:19.000000Z
2024,260.6203703703703,43.08358,-79.0713,2024-09-16T14:53:20.000000Z
2024,260.6203819444444,43.08358,-79.0713,2024-09-16T14:53:21.000000Z
2024,260.6203935185185,43.08358,-79.0713,2024-09-16T14:53:22.000000Z
2024,260.62040509259253,43.08358,-79.0713,2024-09-16T14:53:23.000000Z
2024,260.62041666666664,43.08358,-79.07129,2024-09-16T14:53:24.000000Z
2024,260.6204282407407,43.08358,-79.07129,2024-09-16T14:53:25.000000Z
2024,260.62043981481474,43.08358,-79.07129,2024-09-16T14:53:26.000000Z
2024,260.62045138888885,43.08358,-79.0713,2024-09-16T14:53:27.000000Z
2024,260.6204629629629,43.08358,-79.07129,2024-09-16T14:53:28.000000Z
2024,260.620474537037,43.08358,-79.07129,2024-09-16T14:53:29.000000Z
2024,260.62048611111106,43.08358,-79.07129,2024-09-16T14:53:30.000000Z
2024,260.6204976851851,43.08358,-79.07128,2024-09-16T14:53:31.000000Z
2024,260.6205092592592,43.08358,-79.07128,2024-09-16T14:53:32.000000Z
2024,260.6205208333333,43.08358,-79.07128,2024-09-16T14:53:33.000000Z
2024,260.6205324074074,43.08358,-79.07127,2024-09-16T14:53:34.000000Z
2024,260.62054398148143,43.08358,-79.07126,2024-09-16T14:53:35.000000Z
2024,260.62055555555554,43.08358,-79.07126,2024-09-16T14:53:36.000000Z
2024,260.6205671296296,43.08358,-79.07126,2024-09-16T14:53:37.000000Z
2024,260.62057870370364,43.08358,-79.07127,2024-09-16T14:53:38.000000Z
2024,260.62059027777775,43.08357,-79.07127,2024-09-16T14:53:39.000000Z
2024,260.6206018518518,43.08357,-79.07127,2024-09-16T14:53:40.000000Z
2024,260.6206134259259,43.08357,-79.07127,2024-09-16T14:53:41.000000Z
2024,260.62062499999996,43.08357,-79.07127,2024-09-16T14:53:42.000000Z
2024,260.620636574074,43.08357,-79.07128,2024-09-16T14:53:43.000000Z
2024,260.6206481481481,43.08357,-79.07128,2024-09-16T14:53:44.000000Z
2024,260.6206597222222,43.08357,-79.07128,2024-09-16T14:53:45.000000Z
2024,260.6206712962963,43.08357,-79.07128,2024-09-16T14:53:46.000000Z
2024,260.62068287037033,43.08356,-79.07128,2024-09-16T14:53:47.000000Z
2024,260.6206944444444,43.08356,-79.07128,2024-09-16T14:53:48.000000Z
2024,260.6207060185185,43.08356,-79.07128,2024-09-16T14:53:49.000000Z
2024,260.62071759259254,43.08356,-79.07127,2024-09-16T14:53:50.000000Z
2024,260.62072916666665,43.08356,-79.07128,2024-09-16T14:53:51.000000Z
2024,260.6207407407407,43.08356,-79.07128,2024-09-16T14:53:52.000000Z
2024,260.62075231481475,43.08356,-79.07128,2024-09-16T14:53:53.000000Z
2024,260.62076388888886,43.08356,-79.07128,2024-09-16T14:53:54.000000Z
2024,260.6207754629629,43.08356,-79.07128,2024-09-16T14:53:55.000000Z
2024,260.620787037037,43.08355,-79.07128,2024-09-16T14:53:56.000000Z
2024,260.62079861111107,43.08355,-79.07128,2024-09-16T14:53:57.000000Z
2024,260.6208101851851,43.08355,-79.07129,2024-09-16T14:53:58.000000Z
2024,260.62082175925923,43.08356,-79.07129,2024-09-16T14:53:59.000000Z
2024,260.62083333333334,43.08355,-79.07129,2024-09-16T14:54:00.000000Z
2024,260.6208449074074,43.08356,-79.07129,2024-09-16T14:54:01.000000Z
2024,260.6208564814815,43.08356,-79.07129,2024-09-16T14:54:02.000000Z
2024,260.62086805555555,43.08356,-79.07129,2024-09-16T14:54:03.000000Z
2024,260.62087962962966,43.08356,-79.07129,2024-09-16T14:54:04.000000Z
2024,260.6208912037037,43.08356,-79.07129,2024-09-16T14:54:05.000000Z
2024,260.62090277777776,43.08356,-79.07129,2024-09-16T14:54:06.000000Z
2024,260.62091435185187,43.08356,-79.07129,2024-09-16T14:54:07.000000Z
2024,260.6209259259259,43.08356,-79.07129,2024-09-16T14:54:08.000000Z
2024,260.6209490740741,43.08355,-79.07129,2024-09-16T14:54:10.000000Z
2024,260.6209606481481,43.08355,-79.07129,2024-09-16T14:54:11.000000Z
2024,260.62097222222224,43.08355,-79.0713,2024-09-16T14:54:12.000000Z
2024,260.6210300925926,43.08355,-79.0713,2024-09-16T14:54:17.000000Z
2024,260.6210648148148,43.08355,-79.0713,2024-09-16T14:54:20.000000Z
2024,260.621099537037,43.08355,-79.0713,2024-09-16T14:54:23.000000Z
2024,260.6211574074074,43.08354,-79.07131,2024-09-16T14:54:28.000000Z
2024,260.6211689814815,43.08353,-79.07131,2024-09-16T14:54:29.000000Z
2024,260.62118055555555,43.08353,-79.07131,2024-09-16T14:54:30.000000Z
2024,260.62121527777776,43.08352,-79.07131,2024-09-16T14:54:33.000000Z
2024,260.62142361111114,43.08359,-79.07122,2024-09-16T14:54:51.000000Z
2024,260.6214351851852,43.0836,-79.07122,2024-09-16T14:54:52.000000Z
2024,260.6215972222222,43.08366,-79.07111,2024-09-16T14:55:06.000000Z
2024,260.6216087962963,43.08366,-79.07111,2024-09-16T14:55:07.000000Z
2024,260.62162037037035,43.08366,-79.0711,2024-09-16T14:55:08.000000Z
2024,260.62163194444446,43.08366,-79.0711,2024-09-16T14:55:09.000000Z
2024,260.6216435185185,43.08366,-79.07109,2024-09-16T14:55:10.000000Z
2024,260.62165509259256,43.08366,-79.07109,2024-09-16T14:55:11.000000Z
2024,260.62166666666667,43.08366,-79.07109,2024-09-16T14:55:12.000000Z
2024,260.6216782407407,43.08366,-79.07109,2024-09-16T14:55:13.000000Z
2024,260.62168981481483,43.08366,-79.07109,2024-09-16T14:55:14.000000Z
2024,260.6217013888889,43.08366,-79.07109,2024-09-16T14:55:15.000000Z
2024,260.62172453703704,43.08366,-79.07109,2024-09-16T14:55:17.000000Z
2024,260.6217361111111,43.08366,-79.07109,2024-09-16T14:55:18.000000Z
2024,260.6217476851852,43.08366,-79.07109,2024-09-16T14:55:19.000000Z
2024,260.62175925925925,43.08367,-79.07109,2024-09-16T14:55:20.000000Z
2024,260.6217708333333,43.08366,-79.0711,2024-09-16T14:55:21.000000Z
2024,260.6217824074074,43.08366,-79.07111,2024-09-16T14:55:22.000000Z
2024,260.62179398148146,43.08366,-79.07112,2024-09-16T14:55:23.000000Z
2024,260.62180555555557,43.08366,-79.07112,2024-09-16T14:55:24.000000Z
2024,260.6218402777778,43.08365,-79.07115,2024-09-16T14:55:27.000000Z
2024,260.62185185185183,43.08364,-79.07115,2024-09-16T14:55:28.000000Z
2024,260.62186342592594,43.08364,-79.07117,2024-09-16T14:55:29.000000Z
2024,260.621875,43.08364,-79.07118,2024-09-16T14:55:30.000000Z
2024,260.62188657407404,43.08364,-79.07119,2024-09-16T14:55:31.000000Z
2024,260.62189814814815,43.08363,-79.07121,2024-09-16T14:55:32.000000Z
2024,260.6219097222222,43.08363,-79.07122,2024-09-16T14:55:33.000000Z
2024,260.6219212962963,43.08362,-79.07123,2024-09-16T14:55:34.000000Z
2024,260.62193287037036,43.08362,-79.07124,2024-09-16T14:55:35.000000Z
2024,260.62194444444447,43.08362,-79.07125,2024-09-16T14:55:36.000000Z
2024,260.6219560185185,43.08361,-79.07127,2024-09-16T14:55:37.000000Z
2024,260.62196759259257,43.0836,-79.07128,2024-09-16T14:55:38.000000Z
2024,260.6219791666667,43.08359,-79.07128,2024-09-16T14:55:39.000000Z
2024,260.6219907407407,43.08359,-79.07129,2024-09-16T14:55:40.000000Z
2024,260.62200231481484,43.08358,-79.0713,2024-09-16T14:55:41.000000Z
2024,260.6220138888889,43.08358,-79.07131,2024-09-16T14:55:42.000000Z
2024,260.62202546296294,43.08355,-79.07133,2024-09-16T14:55:43.000000Z
2024,260.62203703703705,43.08354,-79.07134,2024-09-16T14:55:44.000000Z
2024,260.6220486111111,43.08353,-79.07135,2024-09-16T14:55:45.000000Z
2024,260.6220601851852,43.08352,-79.07136,2024-09-16T14:55:46.000000Z
2024,260.62207175925926,43.08351,-79.07137,2024-09-16T14:55:47.000000Z
2024,260.62210648148147,43.08349,-79.07141,2024-09-16T14:55:50.000000Z
2024,260.6221180555556,43.08348,-79.07141,2024-09-16T14:55:51.000000Z
2024,260.6221296296296,43.08347,-79.07143,2024-09-16T14:55:52.000000Z
2024,260.6221412037037,43.08347,-79.07144,2024-09-16T14:55:53.000000Z
2024,260.6221527777778,43.08346,-79.07144,2024-09-16T14:55:54.000000Z
2024,260.6221875,43.08342,-79.07148,2024-09-16T14:55:57.000000Z
2024,260.62219907407405,43.08341,-79.0715,2024-09-16T14:55:58.000000Z
2024,260.62221064814815,43.08341,-79.07151,2024-09-16T14:55:59.000000Z
2024,260.6222685185185,43.08341,-79.07157,2024-09-16T14:56:04.000000Z
2024,260.6222800925926,43.08341,-79.07158,2024-09-16T14:56:05.000000Z
2024,260.6222916666666,43.0834,-79.07159,2024-09-16T14:56:06.000000Z
2024,260.62230324074073,43.08337,-79.07161,2024-09-16T14:56:07.000000Z
2024,260.6223148148148,43.08336,-79.07162,2024-09-16T14:56:08.000000Z
2024,260.6223263888889,43.08335,-79.07164,2024-09-16T14:56:09.000000Z
2024,260.6223611111111,43.08333,-79.07166,2024-09-16T14:56:12.000000Z
2024,260.62237268518516,43.08332,-79.07167,2024-09-16T14:56:13.000000Z
2024,260.62238425925926,43.08331,-79.07167,2024-09-16T14:56:14.000000Z
2024,260.6223958333333,43.08331,-79.07168,2024-09-16T14:56:15.000000Z
2024,260.62240740740737,43.0833,-79.07169,2024-09-16T14:56:16.000000Z
2024,260.6224189814815,43.0833,-79.0717,2024-09-16T14:56:17.000000Z
2024,260.6224537037037,43.08327,-79.07175,2024-09-16T14:56:20.000000Z
2024,260.62251157407405,43.08322,-79.07181,2024-09-16T14:56:25.000000Z
2024,260.6225578703704,43.08318,-79.07184,2024-09-16T14:56:29.000000Z
2024,260.62261574074074,43.08312,-79.07184,2024-09-16T14:56:34.000000Z
2024,260.62265046296295,43.08312,-79.07184,2024-09-16T14:56:37.000000Z
2024,260.62268518518516,43.08312,-79.07184,2024-09-16T14:56:40.000000Z
2024,260.6227199074074,43.08312,-79.07184,2024-09-16T14:56:43.000000Z
2024,260.6227314814815,43.08312,-79.07184,2024-09-16T14:56:44.000000Z
2024,260.62274305555553,43.08312,-79.07184,2024-09-16T14:56:45.000000Z
2024,260.62275462962964,43.08312,-79.07184,2024-09-16T14:56:46.000000Z
2024,260.6227662037037,43.08312,-79.07184,2024-09-16T14:56:47.000000Z
2024,260.62277777777774,43.08312,-79.07184,2024-09-16T14:56:48.000000Z
2024,260.62278935185185,43.08312,-79.07184,2024-09-16T14:56:49.000000Z
2024,260.6228009259259,43.08312,-79.07184,2024-09-16T14:56:50.000000Z
2024,260.6228356481481,43.08312,-79.07184,2024-09-16T14:56:53.000000Z
2024,260.6228472222222,43.08312,-79.07184,2024-09-16T14:56:54.000000Z
2024,260.62285879629627,43.08312,-79.07184,2024-09-16T14:56:55.000000Z
2024,260.6228703703704,43.08312,-79.07184,2024-09-16T14:56:56.000000Z
2024,260.62288194444443,43.08312,-79.07184,2024-09-16T14:56:57.000000Z
2024,260.62291666666664,43.08312,-79.07184,2024-09-16T14:57:00.000000Z
2024,260.6229282407407,43.08312,-79.07184,2024-09-16T14:57:01.000000Z
2024,260.6229398148148,43.08312,-79.07184,2024-09-16T14:57:02.000000Z
2024,260.62295138888885,43.08312,-79.07184,2024-09-16T14:57:03.000000Z
2024,260.62296296296296,43.08311,-79.07183,2024-09-16T14:57:04.000000Z
2024,260.622974537037,43.08311,-79.07183,2024-09-16T14:57:05.000000Z
2024,260.62298611111106,43.08311,-79.07183,2024-09-16T14:57:06.000000Z
2024,260.62299768518517,43.08311,-79.07183,2024-09-16T14:57:07.000000Z
2024,260.6230092592592,43.08311,-79.07183,2024-09-16T14:57:08.000000Z
2024,260.6230208333333,43.08311,-79.07183,2024-09-16T14:57:09.000000Z
2024,260.6230324074074,43.08311,-79.07183,2024-09-16T14:57:10.000000Z
2024,260.62305555555554,43.08311,-79.07183,2024-09-16T14:57:12.000000Z
2024,260.6230671296296,43.08311,-79.07183,2024-09-16T14:57:13.000000Z
2024,260.6230787037037,43.08311,-79.07183,2024-09-16T14:57:14.000000Z
2024,260.62309027777775,43.08311,-79.07183,2024-09-16T14:57:15.000000Z
2024,260.6231018518518,43.08311,-79.07183,2024-09-16T14:57:16.000000Z
2024,260.6231134259259,43.08311,-79.07183,2024-09-16T14:57:17.000000Z
2024,260.62312499999996,43.08311,-79.07183,2024-09-16T14:57:18.000000Z
2024,260.62313657407407,43.08311,-79.07183,2024-09-16T14:57:19.000000Z
2024,260.6231481481481,43.08311,-79.07183,2024-09-16T14:57:20.000000Z
2024,260.62315972222217,43.08311,-79.07183,2024-09-16T14:57:21.000000Z
2024,260.6231712962963,43.08311,-79.07183,2024-09-16T14:57:22.000000Z
2024,260.62318287037033,43.08311,-79.07183,2024-09-16T14:57:23.000000Z
2024,260.62319444444444,43.08311,-79.07183,2024-09-16T14:57:24.000000Z
2024,260.6232060185185,43.08311,-79.07183,2024-09-16T14:57:25.000000Z
2024,260.62321759259254,43.08311,-79.07183,2024-09-16T14:57:26.000000Z
2024,260.62322916666665,43.08311,-79.07183,2024-09-16T14:57:27.000000Z
2024,260.6232407407407,43.08311,-79.07183,2024-09-16T14:57:28.000000Z
2024,260.6232523148148,43.08311,-79.07183,2024-09-16T14:57:29.000000Z
2024,260.62326388888886,43.08312,-79.07183,2024-09-16T14:57:30.000000Z
2024,260.6232754629629,43.08312,-79.07183,2024-09-16T14:57:31.000000Z
2024,260.623287037037,43.08312,-79.07183,2024-09-16T14:57:32.000000Z
2024,260.62329861111107,43.08312,-79.07183,2024-09-16T14:57:33.000000Z
2024,260.6233101851852,43.08312,-79.07183,2024-09-16T14:57:34.000000Z
2024,260.6233217592592,43.08312,-79.07183,2024-09-16T14:57:35.000000Z
2024,260.62333333333333,43.08312,-79.07183,2024-09-16T14:57:36.000000Z
2024,260.6233449074074,43.08312,-79.07183,2024-09-16T14:57:37.000000Z
2024,260.62335648148144,43.08312,-79.07183,2024-09-16T14:57:38.000000Z
2024,260.62336805555555,43.08312,-79.07183,2024-09-16T14:57:39.000000Z
2024,260.6233796296296,43.08312,-79.07183,2024-09-16T14:57:40.000000Z
2024,260.6233912037037,43.08312,-79.07183,2024-09-16T14:57:41.000000Z
2024,260.62340277777776,43.08312,-79.07183,2024-09-16T14:57:42.000000Z
2024,260.6234143518518,43.08312,-79.07183,2024-09-16T14:57:43.000000Z
2024,260.6234259259259,43.08312,-79.07183,2024-09-16T14:57:44.000000Z
2024,260.62343749999997,43.08312,-79.07183,2024-09-16T14:57:45.000000Z
2024,260.6234490740741,43.08312,-79.07183,2024-09-16T14:57:46.000000Z
2024,260.6234606481481,43.08312,-79.07183,2024-09-16T14:57:47.000000Z
2024,260.6234722222222,43.08312,-79.07183,2024-09-16T14:57:48.000000Z
2024,260.6234837962963,43.08312,-79.07183,2024-09-16T14:57:49.000000Z
2024,260.62349537037034,43.08312,-79.07183,2024-09-16T14:57:50.000000Z
2024,260.62350694444444,43.08312,-79.07183,2024-09-16T14:57:51.000000Z
2024,260.6235185185185,43.08312,-79.07183,2024-09-16T14:57:52.000000Z
2024,260.62353009259255,43.08312,-79.07183,2024-09-16T14:57:53.000000Z
2024,260.62354166666665,43.08312,-79.07183,2024-09-16T14:57:54.000000Z
2024,260.6235532407407,43.08312,-79.07183,2024-09-16T14:57:55.000000Z
2024,260.6235648148148,43.08312,-79.07183,2024-09-16T14:57:56.000000Z
2024,260.62357638888886,43.08312,-79.07183,2024-09-16T14:57:57.000000Z
2024,260.6235879629629,43.08312,-79.07183,2024-09-16T14:57:58.000000Z
2024,260.623599537037,43.08312,-79.07183,2024-09-16T14:57:59.000000Z
2024,260.6236111111111,43.08312,-79.07183,2024-09-16T14:58:00.000000Z
2024,260.6236226851851,43.08312,-79.07183,2024-09-16T14:58:01.000000Z
2024,260.62363425925923,43.08312,-79.07183,2024-09-16T14:58:02.000000Z
2024,260.6236458333333,43.08312,-79.07183,2024-09-16T14:58:03.000000Z
2024,260.6236574074074,43.08312,-79.07183,2024-09-16T14:58:04.000000Z
2024,260.62366898148144,43.08312,-79.07183,2024-09-16T14:58:05.000000Z
2024,260.6236805555555,43.08312,-79.07183,2024-09-16T14:58:06.000000Z
2024,260.6236921296296,43.08312,-79.07183,2024-09-16T14:58:07.000000Z
2024,260.62370370370365,43.08312,-79.07183,2024-09-16T14:58:08.000000Z
2024,260.62371527777776,43.08312,-79.07183,2024-09-16T14:58:09.000000Z
2024,260.6237268518518,43.08312,-79.07183,2024-09-16T14:58:10.000000Z
2024,260.62373842592586,43.08312,-79.07183,2024-09-16T14:58:11.000000Z
2024,260.62375,43.08312,-79.07183,2024-09-16T14:58:12.000000Z
2024,260.623761574074,43.08312,-79.07183,2024-09-16T14:58:13.000000Z
2024,260.62377314814813,43.08312,-79.07183,2024-09-16T14:58:14.000000Z
2024,260.6237847222222,43.08312,-79.07183,2024-09-16T14:58:15.000000Z
2024,260.62379629629623,43.08312,-79.07183,2024-09-16T14:58:16.000000Z
2024,260.62380787037034,43.08312,-79.07183,2024-09-16T14:58:17.000000Z
2024,260.6238194444444,43.08312,-79.07183,2024-09-16T14:58:18.000000Z
2024,260.6238310185185,43.08312,-79.07183,2024-09-16T14:58:19.000000Z
2024,260.62384259259255,43.08312,-79.07183,2024-09-16T14:58:20.000000Z
2024,260.6238541666666,43.08312,-79.07183,2024-09-16T14:58:21.000000Z
2024,260.6238657407407,43.08312,-79.07183,2024-09-16T14:58:22.000000Z
2024,260.62387731481476,43.08312,-79.07183,2024-09-16T14:58:23.000000Z
2024,260.62388888888887,43.08312,-79.07183,2024-09-16T14:58:24.000000Z
2024,260.6239004629629,43.08312,-79.07183,2024-09-16T14:58:25.000000Z
2024,260.623912037037,43.08312,-79.07183,2024-09-16T14:58:26.000000Z
2024,260.6239236111111,43.08312,-79.07183,2024-09-16T14:58:27.000000Z
2024,260.62393518518513,43.08312,-79.07182,2024-09-16T14:58:28.000000Z
2024,260.62394675925924,43.08312,-79.07182,2024-09-16T14:58:29.000000Z
2024,260.6239583333333,43.08312,-79.07182,2024-09-16T14:58:30.000000Z
2024,260.62396990740734,43.08312,-79.07182,2024-09-16T14:58:31.000000Z
2024,260.62398148148145,43.08312,-79.07182,2024-09-16T14:58:32.000000Z
2024,260.6239930555555,43.08312,-79.07182,2024-09-16T14:58:33.000000Z
2024,260.6240046296296,43.08312,-79.07182,2024-09-16T14:58:34.000000Z
2024,260.62401620370366,43.08312,-79.07182,2024-09-16T14:58:35.000000Z
2024,260.62402777777777,43.08312,-79.07182,2024-09-16T14:58:36.000000Z
2024,260.6240393518518,43.08311,-79.07181,2024-09-16T14:58:37.000000Z
2024,260.62405092592587,43.08311,-79.07181,2024-09-16T14:58:38.000000Z
2024,260.6240625,43.08311,-79.07181,2024-09-16T14:58:39.000000Z
2024,260.62407407407403,43.08311,-79.07181,2024-09-16T14:58:40.000000Z
2024,260.62408564814814,43.08311,-79.07181,2024-09-16T14:58:41.000000Z
2024,260.6240972222222,43.08311,-79.07181,2024-09-16T14:58:42.000000Z
2024,260.62410879629624,43.08311,-79.07181,2024-09-16T14:58:43.000000Z
2024,260.62412037037035,43.08311,-79.07181,2024-09-16T14:58:44.000000Z
2024,260.6241319444444,43.08311,-79.07181,2024-09-16T14:58:45.000000Z
2024,260.6241435185185,43.08311,-79.07181,2024-09-16T14:58:46.000000Z
2024,260.62415509259256,43.08312,-79.07182,2024-09-16T14:58:47.000000Z
2024,260.6241666666666,43.08312,-79.07182,2024-09-16T14:58:48.000000Z
2024,260.6241782407407,43.08312,-79.07182,2024-09-16T14:58:49.000000Z
2024,260.62418981481477,43.08312,-79.07182,2024-09-16T14:58:50.000000Z
2024,260.6242013888889,43.08312,-79.07182,2024-09-16T14:58:51.000000Z
2024,260.62421296296293,43.08312,-79.07182,2024-09-16T14:58:52.000000Z
2024,260.624224537037,43.08312,-79.07182,2024-09-16T14:58:53.000000Z
2024,260.6242361111111,43.08312,-79.07182,2024-09-16T14:58:54.000000Z
2024,260.62424768518514,43.08312,-79.07182,2024-09-16T14:58:55.000000Z
2024,260.62425925925925,43.08312,-79.07182,2024-09-16T14:58:56.000000Z
2024,260.6242708333333,43.08312,-79.07182,2024-09-16T14:58:57.000000Z
2024,260.62428240740735,43.08311,-79.07182,2024-09-16T14:58:58.000000Z
2024,260.62429398148146,43.08312,-79.07182,2024-09-16T14:58:59.000000Z
2024,260.6243055555555,43.08312,-79.07182,2024-09-16T14:59:00.000000Z
2024,260.62431712962956,43.08312,-79.07182,2024-09-16T14:59:01.000000Z
2024,260.62432870370367,43.08312,-79.07182,2024-09-16T14:59:02.000000Z
2024,260.6243402777777,43.08312,-79.07182,2024-09-16T14:59:03.000000Z
2024,260.6243518518518,43.08312,-79.07182,2024-09-16T14:59:04.000000Z
2024,260.6243634259259,43.08312,-79.07182,2024-09-16T14:59:05.000000Z
2024,260.62437499999993,43.08312,-79.07181,2024-09-16T14:59:06.000000Z
2024,260.62438657407404,43.08312,-79.07181,2024-09-16T14:59:07.000000Z
2024,260.6243981481481,43.08312,-79.07181,2024-09-16T14:59:08.000000Z
2024,260.6244097222222,43.08312,-79.07181,2024-09-16T14:59:09.000000Z
2024,260.62442129629625,43.08312,-79.07181,2024-09-16T14:59:10.000000Z
2024,260.6244328703703,43.08312,-79.07181,2024-09-16T14:59:11.000000Z
2024,260.6244444444444,43.08312,-79.07181,2024-09-16T14:59:12.000000Z
2024,260.62445601851846,43.08312,-79.07181,2024-09-16T14:59:13.000000Z
2024,260.62446759259257,43.08312,-79.07181,2024-09-16T14:59:14.000000Z
2024,260.6244791666666,43.08312,-79.07181,2024-09-16T14:59:15.000000Z
2024,260.62449074074067,43.08312,-79.07181,2024-09-16T14:59:16.000000Z
2024,260.6245023148148,43.08312,-79.07181,2024-09-16T14:59:17.000000Z
2024,260.6245138888888,43.08312,-79.07181,2024-09-16T14:59:18.000000Z
2024,260.62452546296294,43.08312,-79.07181,2024-09-16T14:59:19.000000Z
2024,260.624537037037,43.08312,-79.07181,2024-09-16T14:59:20.000000Z
2024,260.62454861111104,43.08312,-79.07181,2024-09-16T14:59:21.000000Z
2024,260.62456018518515,43.08311,-79.07181,2024-09-16T14:59:22.000000Z
2024,260.6245717592592,43.08311,-79.07181,2024-09-16T14:59:23.000000Z
2024,260.6245833333333,43.08311,-79.07181,2024-09-16T14:59:24.000000Z
2024,260.62459490740736,43.08311,-79.07181,2024-09-16T14:59:25.000000Z
2024,260.6246064814814,43.08311,-79.07181,2024-09-16T14:59:26.000000Z
2024,260.6246180555555,43.08311,-79.07181,2024-09-16T14:59:27.000000Z
2024,260.62462962962957,43.08311,-79.07181,2024-09-16T14:59:28.000000Z
2024,260.6246412037037,43.08311,-79.07181,2024-09-16T14:59:29.000000Z
2024,260.6246527777777,43.08311,-79.07181,2024-09-16T14:59:30.000000Z
2024,260.6246643518518,43.08311,-79.07181,2024-09-16T14:59:31.000000Z
2024,260.6246759259259,43.08311,-79.07181,2024-09-16T14:59:32.000000Z
2024,260.62468749999994,43.08311,-79.07181,2024-09-16T14:59:33.000000Z
2024,260.62469907407404,43.08311,-79.07181,2024-09-16T14:59:34.000000Z
2024,260.6247106481481,43.08311,-79.07181,2024-09-16T14:59:35.000000Z
2024,260.6247222222222,43.08311,-79.07181,2024-09-16T14:59:36.000000Z
2024,260.62473379629625,43.08311,-79.07181,2024-09-16T14:59:37.000000Z
2024,260.6247453703703,43.08311,-79.07181,2024-09-16T14:59:38.000000Z
2024,260.6247569444444,43.08311,-79.07181,2024-09-16T14:59:39.000000Z
2024,260.62476851851847,43.08311,-79.07181,2024-09-16T14:59:40.000000Z
2024,260.6247800925926,43.08311,-79.07181,2024-09-16T14:59:41.000000Z
2024,260.6247916666666,43.08311,-79.07181,2024-09-16T14:59:42.000000Z
2024,260.6248032407407,43.08311,-79.07181,2024-09-16T14:59:43.000000Z
2024,260.6248148148148,43.08311,-79.07181,2024-09-16T14:59:44.000000Z
2024,260.62482638888883,43.08311,-79.07181,2024-09-16T14:59:45.000000Z
2024,260.62483796296294,43.08311,-79.07181,2024-09-16T14:59:46.000000Z
2024,260.624849537037,43.08311,-79.07181,2024-09-16T14:59:47.000000Z
2024,260.62486111111104,43.08311,-79.07181,2024-09-16T14:59:48.000000Z
2024,260.62487268518515,43.08311,-79.07181,2024-09-16T14:59:49.000000Z
2024,260.6248842592592,43.08311,-79.07181,2024-09-16T14:59:50.000000Z
2024,260.6248958333333,43.08311,-79.07181,2024-09-16T14:59:51.000000Z
2024,260.62490740740736,43.08312,-79.07181,2024-09-16T14:59:52.000000Z
2024,260.6249189814814,43.08311,-79.07181,2024-09-16T14:59:53.000000Z
2024,260.6249305555555,43.08311,-79.07181,2024-09-16T14:59:54.000000Z
2024,260.6249421296296,43.08311,-79.07181,2024-09-16T14:59:55.000000Z
2024,260.6249537037037,43.08311,-79.07181,2024-09-16T14:59:56.000000Z
2024,260.62496527777773,43.08311,-79.07181,2024-09-16T14:59:57.000000Z
2024,260.6249768518518,43.08311,-79.07181,2024-09-16T14:59:58.000000Z
2024,260.6249884259259,43.08311,-79.07181,2024-09-16T14:59:59.000000Z
2024,260.625,43.08311,-79.0718,2024-09-16T15:00:00.000000Z
2024,260.62501157407405,43.08311,-79.07181,2024-09-16T15:00:01.000000Z
2024,260.62502314814816,43.08311,-79.0718,2024-09-16T15:00:02.000000Z
2024,260.6250347222222,43.08311,-79.07181,2024-09-16T15:00:03.000000Z
2024,260.6250462962963,43.08311,-79.0718,2024-09-16T15:00:04.000000Z
2024,260.62505787037037,43.08311,-79.0718,2024-09-16T15:00:05.000000Z
2024,260.6250694444444,43.08311,-79.0718,2024-09-16T15:00:06.000000Z
2024,260.62508101851853,43.08311,-79.0718,2024-09-16T15:00:07.000000Z
2024,260.6250925925926,43.08311,-79.07181,2024-09-16T15:00:08.000000Z
2024,260.6251041666667,43.08311,-79.07181,2024-09-16T15:00:09.000000Z
2024,260.62511574074074,43.08311,-79.07181,2024-09-16T15:00:10.000000Z
2024,260.6251273148148,43.08311,-79.07181,2024-09-16T15:00:11.000000Z
2024,260.6251388888889,43.08311,-79.0718,2024-09-16T15:00:12.000000Z
2024,260.62515046296295,43.08311,-79.07181,2024-09-16T15:00:13.000000Z
2024,260.62516203703706,43.08311,-79.07181,2024-09-16T15:00:14.000000Z
2024,260.6251736111111,43.08311,-79.07181,2024-09-16T15:00:15.000000Z
2024,260.62518518518516,43.08311,-79.07181,2024-09-16T15:00:16.000000Z
2024,260.62519675925927,43.08311,-79.07181,2024-09-16T15:00:17.000000Z
2024,260.6252083333333,43.08311,-79.07181,2024-09-16T15:00:18.000000Z
2024,260.6252199074074,43.08311,-79.07181,2024-09-16T15:00:19.000000Z
2024,260.6252314814815,43.08311,-79.07181,2024-09-16T15:00:20.000000Z
2024,260.62524305555553,43.08311,-79.07181,2024-09-16T15:00:21.000000Z
2024,260.62525462962964,43.08311,-79.07181,2024-09-16T15:00:22.000000Z
2024,260.6252662037037,43.08311,-79.07181,2024-09-16T15:00:23.000000Z
2024,260.6252777777778,43.08311,-79.07181,2024-09-16T15:00:24.000000Z
2024,260.62528935185185,43.08311,-79.07182,2024-09-16T15:00:25.000000Z
2024,260.6253009259259,43.08311,-79.07182,2024-09-16T15:00:26.000000Z
2024,260.6253125,43.08311,-79.07182,2024-09-16T15:00:27.000000Z
2024,260.62532407407406,43.08311,-79.07182,2024-09-16T15:00:28.000000Z
2024,260.62533564814817,43.08311,-79.07182,2024-09-16T15:00:29.000000Z
2024,260.6253472222222,43.08311,-79.07182,2024-09-16T15:00:30.000000Z
2024,260.62535879629627,43.08311,-79.07181,2024-09-16T15:00:31.000000Z
2024,260.6253703703704,43.08311,-79.07182,2024-09-16T15:00:32.000000Z
2024,260.6253819444444,43.08311,-79.07181,2024-09-16T15:00:33.000000Z
2024,260.62539351851854,43.08311,-79.07182,2024-09-16T15:00:34.000000Z
2024,260.6254050925926,43.08311,-79.07182,2024-09-16T15:00:35.000000Z
2024,260.6254166666667,43.08311,-79.07182,2024-09-16T15:00:36.000000Z
2024,260.62542824074075,43.08311,-79.07182,2024-09-16T15:00:37.000000Z
2024,260.6254398148148,43.08311,-79.07182,2024-09-16T15:00:38.000000Z
2024,260.6254513888889,43.08311,-79.07182,2024-09-16T15:00:39.000000Z
2024,260.62546296296296,43.08311,-79.07182,2024-09-16T15:00:40.000000Z
2024,260.62547453703706,43.08311,-79.07182,2024-09-16T15:00:41.000000Z
2024,260.6254861111111,43.08311,-79.07182,2024-09-16T15:00:42.000000Z
2024,260.62549768518517,43.08311,-79.07182,2024-09-16T15:00:43.000000Z
2024,260.6255092592593,43.08311,-79.07182,2024-09-16T15:00:44.000000Z
2024,260.6255208333333,43.08311,-79.07182,2024-09-16T15:00:45.000000Z
2024,260.62553240740743,43.08311,-79.07182,2024-09-16T15:00:46.000000Z
2024,260.6255439814815,43.08311,-79.07182,2024-09-16T15:00:47.000000Z
2024,260.62555555555554,43.08311,-79.07182,2024-09-16T15:00:48.000000Z
2024,260.62556712962964,43.08311,-79.07182,2024-09-16T15:00:49.000000Z
2024,260.6255787037037,43.08311,-79.07181,2024-09-16T15:00:50.000000Z
2024,260.6255902777778,43.08311,-79.07181,2024-09-16T15:00:51.000000Z
2024,260.62560185185185,43.08311,-79.07181,2024-09-16T15:00:52.000000Z
2024,260.6256134259259,43.08311,-79.07182,2024-09-16T15:00:53.000000Z
2024,260.625625,43.08311,-79.07181,2024-09-16T15:00:54.000000Z
2024,260.62563657407406,43.08311,-79.07181,2024-09-16T15:00:55.000000Z
2024,260.6256481481482,43.08311,-79.07181,2024-09-16T15:00:56.000000Z
2024,260.6256597222222,43.08311,-79.07182,2024-09-16T15:00:57.000000Z
2024,260.6256712962963,43.08311,-79.07182,2024-09-16T15:00:58.000000Z
2024,260.6256828703704,43.08311,-79.07182,2024-09-16T15:00:59.000000Z
2024,260.62569444444443,43.08311,-79.07182,2024-09-16T15:01:00.000000Z
2024,260.6257060185185,43.08311,-79.07182,2024-09-16T15:01:01.000000Z
2024,260.6257175925926,43.08311,-79.07182,2024-09-16T15:01:02.000000Z
2024,260.62572916666664,43.08311,-79.07182,2024-09-16T15:01:03.000000Z
2024,260.62574074074075,43.08311,-79.07182,2024-09-16T15:01:04.000000Z
2024,260.6257523148148,43.08311,-79.07182,2024-09-16T15:01:05.000000Z
2024,260.62576388888886,43.08311,-79.07182,2024-09-16T15:01:06.000000Z
2024,260.62577546296296,43.08311,-79.07182,2024-09-16T15:01:07.000000Z
2024,260.625787037037,43.08311,-79.07182,2024-09-16T15:01:08.000000Z
2024,260.6257986111111,43.08311,-79.07182,2024-09-16T15:01:09.000000Z
2024,260.6258101851852,43.08311,-79.07182,2024-09-16T15:01:10.000000Z
2024,260.6258217592592,43.08311,-79.07182,2024-09-16T15:01:11.000000Z
2024,260.62583333333333,43.08311,-79.07182,2024-09-16T15:01:12.000000Z
2024,260.6258449074074,43.08311,-79.07182,2024-09-16T15:01:13.000000Z
2024,260.6258564814815,43.08311,-79.07182,2024-09-16T15:01:14.000000Z
2024,260.62586805555554,43.08311,-79.07182,2024-09-16T15:01:15.000000Z
2024,260.6258796296296,43.08311,-79.07182,2024-09-16T15:01:16.000000Z
2024,260.6258912037037,43.08311,-79.07182,2024-09-16T15:01:17.000000Z
2024,260.62590277777775,43.08311,-79.07182,2024-09-16T15:01:18.000000Z
2024,260.62591435185186,43.08311,-79.07182,2024-09-16T15:01:19.000000Z
2024,260.6259259259259,43.08311,-79.07182,2024-09-16T15:01:20.000000Z
2024,260.62593749999996,43.08311,-79.07182,2024-09-16T15:01:21.000000Z
2024,260.6259490740741,43.08311,-79.07182,2024-09-16T15:01:22.000000Z
2024,260.6259606481481,43.08311,-79.07181,2024-09-16T15:01:23.000000Z
2024,260.62597222222223,43.0831,-79.07181,2024-09-16T15:01:24.000000Z
2024,260.6259837962963,43.08309,-79.07181,2024-09-16T15:01:25.000000Z
2024,260.62599537037033,43.08309,-79.07181,2024-09-16T15:01:26.000000Z
2024,260.62600694444444,43.08308,-79.07181,2024-09-16T15:01:27.000000Z
2024,260.6260185185185,43.08308,-79.07182,2024-09-16T15:01:28.000000Z
2024,260.6260300925926,43.08307,-79.07183,2024-09-16T15:01:29.000000Z
2024,260.62604166666665,43.08306,-79.07183,2024-09-16T15:01:30.000000Z
2024,260.6260532407407,43.08305,-79.07183,2024-09-16T15:01:31.000000Z
2024,260.6260648148148,43.08304,-79.07184,2024-09-16T15:01:32.000000Z
2024,260.62607638888886,43.08303,-79.07184,2024-09-16T15:01:33.000000Z
2024,260.62608796296297,43.08303,-79.07185,2024-09-16T15:01:34.000000Z
2024,260.626099537037,43.08302,-79.07186,2024-09-16T15:01:35.000000Z
2024,260.62611111111113,43.08301,-79.07185,2024-09-16T15:01:36.000000Z
2024,260.6261226851852,43.083,-79.07186,2024-09-16T15:01:37.000000Z
2024,260.62613425925923,43.08299,-79.07186,2024-09-16T15:01:38.000000Z
2024,260.62614583333334,43.08298,-79.07186,2024-09-16T15:01:39.000000Z
2024,260.6261574074074,43.08297,-79.07187,2024-09-16T15:01:40.000000Z
2024,260.6261689814815,43.08296,-79.07187,2024-09-16T15:01:41.000000Z
2024,260.62618055555555,43.08296,-79.07188,2024-09-16T15:01:42.000000Z
2024,260.6261921296296,43.08295,-79.07188,2024-09-16T15:01:43.000000Z
2024,260.6262037037037,43.08293,-79.07189,2024-09-16T15:01:44.000000Z
2024,260.62621527777776,43.0829,-79.07189,2024-09-16T15:01:45.000000Z
2024,260.62622685185187,43.0829,-79.0719,2024-09-16T15:01:46.000000Z
2024,260.6262384259259,43.08287,-79.07191,2024-09-16T15:01:47.000000Z
2024,260.62624999999997,43.08286,-79.07191,2024-09-16T15:01:48.000000Z
2024,260.6262615740741,43.08285,-79.07192,2024-09-16T15:01:49.000000Z
2024,260.62627314814813,43.08284,-79.07192,2024-09-16T15:01:50.000000Z
2024,260.62628472222224,43.08283,-79.07192,2024-09-16T15:01:51.000000Z
2024,260.6262962962963,43.08283,-79.07192,2024-09-16T15:01:52.000000Z
2024,260.62630787037034,43.08282,-79.07193,2024-09-16T15:01:53.000000Z
2024,260.62631944444445,43.0828,-79.07194,2024-09-16T15:01:54.000000Z
2024,260.6263310185185,43.08279,-79.07195,2024-09-16T15:01:55.000000Z
2024,260.6263425925926,43.08275,-79.07196,2024-09-16T15:01:56.000000Z
2024,260.62635416666666,43.08275,-79.07197,2024-09-16T15:01:57.000000Z
2024,260.6263657407407,43.08274,-79.07198,2024-09-16T15:01:58.000000Z
2024,260.6263773148148,43.08273,-79.07199,2024-09-16T15:01:59.000000Z
2024,260.62638888888887,43.08272,-79.07199,2024-09-16T15:02:00.000000Z
2024,260.6264004629629,43.08271,-79.07199,2024-09-16T15:02:01.000000Z
2024,260.626412037037,43.0827,-79.072,2024-09-16T15:02:02.000000Z
2024,260.6264236111111,43.08269,-79.07201,2024-09-16T15:02:03.000000Z
2024,260.6264351851852,43.08268,-79.07202,2024-09-16T15:02:04.000000Z
2024,260.62644675925924,43.08267,-79.07202,2024-09-16T15:02:05.000000Z
2024,260.6264583333333,43.08267,-79.07203,2024-09-16T15:02:06.000000Z
2024,260.6264699074074,43.08267,-79.07204,2024-09-16T15:02:07.000000Z
2024,260.62648148148145,43.08268,-79.07204,2024-09-16T15:02:08.000000Z
2024,260.62649305555556,43.08267,-79.07204,2024-09-16T15:02:09.000000Z
2024,260.6265046296296,43.08268,-79.07205,2024-09-16T15:02:10.000000Z
2024,260.62651620370366,43.08268,-79.07204,2024-09-16T15:02:11.000000Z
2024,260.62652777777777,43.08268,-79.07204,2024-09-16T15:02:12.000000Z
2024,260.6265393518518,43.08269,-79.07203,2024-09-16T15:02:13.000000Z
2024,260.6265509259259,43.08269,-79.07202,2024-09-16T15:02:14.000000Z
2024,260.6265625,43.0827,-79.07202,2024-09-16T15:02:15.000000Z
2024,260.62657407407403,43.08269,-79.07201,2024-09-16T15:02:16.000000Z
2024,260.62658564814814,43.08269,-79.07201,2024-09-16T15:02:17.000000Z
2024,260.6265972222222,43.0827,-79.07201,2024-09-16T15:02:18.000000Z
2024,260.6266087962963,43.08271,-79.07201,2024-09-16T15:02:19.000000Z
2024,260.62662037037035,43.08271,-79.072,2024-09-16T15:02:20.000000Z
2024,260.6266319444444,43.08272,-79.072,2024-09-16T15:02:21.000000Z
2024,260.6266435185185,43.08272,-79.07199,2024-09-16T15:02:22.000000Z
2024,260.62665509259256,43.08273,-79.07198,2024-09-16T15:02:23.000000Z
2024,260.62666666666667,43.08273,-79.07198,2024-09-16T15:02:24.000000Z
2024,260.6266782407407,43.08272,-79.07198,2024-09-16T15:02:25.000000Z
2024,260.62668981481477,43.08272,-79.07199,2024-09-16T15:02:26.000000Z
2024,260.6267013888889,43.08272,-79.07199,2024-09-16T15:02:27.000000Z
2024,260.6267129629629,43.08272,-79.07199,2024-09-16T15:02:28.000000Z
2024,260.62672453703703,43.08272,-79.07199,2024-09-16T15:02:29.000000Z
2024,260.6267361111111,43.08272,-79.07199,2024-09-16T15:02:30.000000Z
2024,260.62674768518514,43.08272,-79.07199,2024-09-16T15:02:31.000000Z
2024,260.62675925925925,43.08272,-79.07199,2024-09-16T15:02:32.000000Z
2024,260.6267708333333,43.08272,-79.07199,2024-09-16T15:02:33.000000Z
2024,260.6267824074074,43.08272,-79.07199,2024-09-16T15:02:34.000000Z
2024,260.62679398148146,43.08272,-79.07198,2024-09-16T15:02:35.000000Z
2024,260.62680555555556,43.08272,-79.07198,2024-09-16T15:02:36.000000Z
2024,260.6268171296296,43.08273,-79.07198,2024-09-16T15:02:37.000000Z
2024,260.62682870370367,43.08273,-79.07198,2024-09-16T15:02:38.000000Z
2024,260.6268402777778,43.08273,-79.07197,2024-09-16T15:02:39.000000Z
2024,260.6268518518518,43.08273,-79.07197,2024-09-16T15:02:40.000000Z
2024,260.62686342592593,43.08273,-79.07197,2024-09-16T15:02:41.000000Z
2024,260.626875,43.08273,-79.07197,2024-09-16T15:02:42.000000Z
2024,260.62688657407404,43.08273,-79.07197,2024-09-16T15:02:43.000000Z
2024,260.62689814814814,43.08273,-79.07197,2024-09-16T15:02:44.000000Z
2024,260.6269097222222,43.08273,-79.07196,2024-09-16T15:02:45.000000Z
2024,260.6269212962963,43.08273,-79.07196,2024-09-16T15:02:46.000000Z
2024,260.62693287037035,43.08273,-79.07196,2024-09-16T15:02:47.000000Z
2024,260.6269444444444,43.08273,-79.07196,2024-09-16T15:02:48.000000Z
2024,260.6269560185185,43.08273,-79.07196,2024-09-16T15:02:49.000000Z
2024,260.62696759259256,43.08273,-79.07196,2024-09-16T15:02:50.000000Z
2024,260.6269791666667,43.08273,-79.07196,2024-09-16T15:02:51.000000Z
2024,260.6269907407407,43.08274,-79.07196,2024-09-16T15:02:52.000000Z
2024,260.6270023148148,43.08275,-79.07195,2024-09-16T15:02:53.000000Z
2024,260.6270138888889,43.08275,-79.07194,2024-09-16T15:02:54.000000Z
2024,260.62702546296293,43.08276,-79.07193,2024-09-16T15:02:55.000000Z
2024,260.62703703703704,43.08277,-79.07193,2024-09-16T15:02:56.000000Z
2024,260.6270486111111,43.08278,-79.07192,2024-09-16T15:02:57.000000Z
2024,260.62706018518514,43.08279,-79.07192,2024-09-16T15:02:58.000000Z
2024,260.62707175925925,43.0828,-79.07192,2024-09-16T15:02:59.000000Z
2024,260.62708333333336,43.08281,-79.07191,2024-09-16T15:03:00.000000Z
2024,260.6270949074074,43.08282,-79.07191,2024-09-16T15:03:01.000000Z
2024,260.6271064814815,43.08283,-79.0719,2024-09-16T15:03:02.000000Z
2024,260.62711805555557,43.08284,-79.07189,2024-09-16T15:03:03.000000Z
2024,260.6271296296297,43.08285,-79.07189,2024-09-16T15:03:04.000000Z
2024,260.62714120370373,43.08286,-79.07189,2024-09-16T15:03:05.000000Z
2024,260.6271527777778,43.08288,-79.07189,2024-09-16T15:03:06.000000Z
2024,260.6271643518519,43.08289,-79.07188,2024-09-16T15:03:07.000000Z
2024,260.62717592592594,43.0829,-79.07187,2024-09-16T15:03:08.000000Z
2024,260.62718750000005,43.0829,-79.07186,2024-09-16T15:03:09.000000Z
2024,260.6271990740741,43.08291,-79.07186,2024-09-16T15:03:10.000000Z
2024,260.62721064814815,43.08292,-79.07186,2024-09-16T15:03:11.000000Z
2024,260.62722222222226,43.08292,-79.07184,2024-09-16T15:03:12.000000Z
2024,260.6272337962963,43.08293,-79.07183,2024-09-16T15:03:13.000000Z
2024,260.6272453703704,43.08294,-79.07183,2024-09-16T15:03:14.000000Z
2024,260.62725694444447,43.08295,-79.07183,2024-09-16T15:03:15.000000Z
2024,260.6272685185185,43.08296,-79.07183,2024-09-16T15:03:16.000000Z
2024,260.6272800925926,43.08297,-79.07183,2024-09-16T15:03:17.000000Z
2024,260.6272916666667,43.08298,-79.07182,2024-09-16T15:03:18.000000Z
2024,260.6273032407408,43.083,-79.07182,2024-09-16T15:03:19.000000Z
2024,260.62731481481484,43.083,-79.07181,2024-09-16T15:03:20.000000Z
2024,260.6273263888889,43.08301,-79.07181,2024-09-16T15:03:21.000000Z
2024,260.627337962963,43.08302,-79.07181,2024-09-16T15:03:22.000000Z
2024,260.62734953703705,43.08303,-79.07181,2024-09-16T15:03:23.000000Z
2024,260.62736111111116,43.08303,-79.0718,2024-09-16T15:03:24.000000Z
2024,260.6273726851852,43.08304,-79.0718,2024-09-16T15:03:25.000000Z
2024,260.62738425925926,43.08304,-79.0718,2024-09-16T15:03:26.000000Z
2024,260.62739583333337,43.08305,-79.07179,2024-09-16T15:03:27.000000Z
2024,260.6274074074074,43.08307,-79.07177,2024-09-16T15:03:28.000000Z
2024,260.6274189814815,43.08308,-79.07177,2024-09-16T15:03:29.000000Z
2024,260.6274305555556,43.08308,-79.07176,2024-09-16T15:03:30.000000Z
2024,260.6274421296296,43.08309,-79.07176,2024-09-16T15:03:31.000000Z
2024,260.62745370370374,43.08309,-79.07176,2024-09-16T15:03:32.000000Z
2024,260.6274652777778,43.0831,-79.07176,2024-09-16T15:03:33.000000Z
2024,260.6274768518519,43.0831,-79.07176,2024-09-16T15:03:34.000000Z
2024,260.62748842592595,43.0831,-79.07176,2024-09-16T15:03:35.000000Z
2024,260.62750000000005,43.0831,-79.07176,2024-09-16T15:03:36.000000Z
2024,260.6275115740741,43.0831,-79.07176,2024-09-16T15:03:37.000000Z
2024,260.62752314814816,43.0831,-79.07176,2024-09-16T15:03:38.000000Z
2024,260.62753472222226,43.0831,-79.07176,2024-09-16T15:03:39.000000Z
2024,260.6275462962963,43.0831,-79.07176,2024-09-16T15:03:40.000000Z
2024,260.6275578703704,43.0831,-79.07176,2024-09-16T15:03:41.000000Z
2024,260.6275694444445,43.0831,-79.07176,2024-09-16T15:03:42.000000Z
2024,260.6275810185185,43.0831,-79.07176,2024-09-16T15:03:43.000000Z
2024,260.62759259259263,43.0831,-79.07176,2024-09-16T15:03:44.000000Z
2024,260.6276041666667,43.0831,-79.07176,2024-09-16T15:03:45.000000Z
2024,260.6276157407408,43.0831,-79.07176,2024-09-16T15:03:46.000000Z
2024,260.62762731481484,43.0831,-79.07176,2024-09-16T15:03:47.000000Z
2024,260.6276388888889,43.08311,-79.07176,2024-09-16T15:03:48.000000Z
2024,260.627650462963,43.08311,-79.07176,2024-09-16T15:03:49.000000Z
2024,260.62766203703706,43.08311,-79.07176,2024-09-16T15:03:50.000000Z
2024,260.62767361111116,43.08311,-79.07176,2024-09-16T15:03:51.000000Z
2024,260.6276851851852,43.08311,-79.07175,2024-09-16T15:03:52.000000Z
2024,260.62769675925927,43.08311,-79.07175,2024-09-16T15:03:53.000000Z
2024,260.6277083333334,43.08311,-79.07175,2024-09-16T15:03:54.000000Z
2024,260.6277199074074,43.08311,-79.07175,2024-09-16T15:03:55.000000Z
2024,260.62773148148153,43.08311,-79.07175,2024-09-16T15:03:56.000000Z
2024,260.6277430555556,43.08311,-79.07176,2024-09-16T15:03:57.000000Z
2024,260.62775462962964,43.08311,-79.07175,2024-09-16T15:03:58.000000Z
2024,260.62776620370374,43.08311,-79.07175,2024-09-16T15:03:59.000000Z
2024,260.6277777777778,43.08311,-79.07175,2024-09-16T15:04:00.000000Z
2024,260.62778935185185,43.08311,-79.07175,2024-09-16T15:04:01.000000Z
2024,260.62780092592595,43.08311,-79.07175,2024-09-16T15:04:02.000000Z
2024,260.6278125,43.08311,-79.07175,2024-09-16T15:04:03.000000Z
2024,260.6278240740741,43.08311,-79.07175,2024-09-16T15:04:04.000000Z
2024,260.62783564814816,43.08311,-79.07175,2024-09-16T15:04:05.000000Z
2024,260.6278472222222,43.08311,-79.07175,2024-09-16T15:04:06.000000Z
2024,260.6278587962963,43.08311,-79.07175,2024-09-16T15:04:07.000000Z
2024,260.6278703703704,43.08311,-79.07175,2024-09-16T15:04:08.000000Z
2024,260.6278819444445,43.08311,-79.07175,2024-09-16T15:04:09.000000Z
2024,260.62789351851853,43.08311,-79.07175,2024-09-16T15:04:10.000000Z
2024,260.6279050925926,43.08312,-79.07175,2024-09-16T15:04:11.000000Z
2024,260.6279166666667,43.08312,-79.07175,2024-09-16T15:04:12.000000Z
2024,260.62793981481485,43.08312,-79.07175,2024-09-16T15:04:14.000000Z
2024,260.6279513888889,43.08312,-79.07175,2024-09-16T15:04:15.000000Z
2024,260.62796296296295,43.08312,-79.07175,2024-09-16T15:04:16.000000Z
2024,260.62797453703706,43.08312,-79.07175,2024-09-16T15:04:17.000000Z
2024,260.6279861111111,43.08312,-79.07175,2024-09-16T15:04:18.000000Z
2024,260.6279976851852,43.08312,-79.07175,2024-09-16T15:04:19.000000Z
2024,260.6280092592593,43.08312,-79.07175,2024-09-16T15:04:20.000000Z
2024,260.6280208333333,43.08312,-79.07175,2024-09-16T15:04:21.000000Z
2024,260.62803240740743,43.08312,-79.07175,2024-09-16T15:04:22.000000Z
2024,260.6280439814815,43.08312,-79.07176,2024-09-16T15:04:23.000000Z
2024,260.6280555555556,43.08312,-79.07176,2024-09-16T15:04:24.000000Z
2024,260.62806712962964,43.08312,-79.07176,2024-09-16T15:04:25.000000Z
2024,260.6280787037037,43.08312,-79.07176,2024-09-16T15:04:26.000000Z
2024,260.6280902777778,43.08312,-79.07176,2024-09-16T15:04:27.000000Z
2024,260.62810185185185,43.08312,-79.07176,2024-09-16T15:04:28.000000Z
2024,260.62811342592596,43.08312,-79.07176,2024-09-16T15:04:29.000000Z
2024,260.628125,43.08312,-79.07176,2024-09-16T15:04:30.000000Z
2024,260.62813657407406,43.08312,-79.07176,2024-09-16T15:04:31.000000Z
2024,260.62814814814817,43.08312,-79.07176,2024-09-16T15:04:32.000000Z
2024,260.6281597222222,43.08312,-79.07176,2024-09-16T15:04:33.000000Z
2024,260.62817129629633,43.08312,-79.07176,2024-09-16T15:04:34.000000Z
2024,260.6281828703704,43.08312,-79.07175,2024-09-16T15:04:35.000000Z
2024,260.6281944444445,43.08312,-79.07175,2024-09-16T15:04:36.000000Z
2024,260.62820601851854,43.08312,-79.07174,2024-09-16T15:04:37.000000Z
2024,260.6282175925926,43.08313,-79.07174,2024-09-16T15:04:38.000000Z
2024,260.6282291666667,43.08313,-79.07173,2024-09-16T15:04:39.000000Z
2024,260.62824074074075,43.08314,-79.07173,2024-09-16T15:04:40.000000Z
2024,260.62825231481486,43.08314,-79.07173,2024-09-16T15:04:41.000000Z
2024,260.6282638888889,43.08315,-79.07172,2024-09-16T15:04:42.000000Z
2024,260.62827546296296,43.08316,-79.07171,2024-09-16T15:04:43.000000Z
2024,260.62828703703707,43.08316,-79.0717,2024-09-16T15:04:44.000000Z
2024,260.6282986111111,43.08317,-79.0717,2024-09-16T15:04:45.000000Z
2024,260.6283101851852,43.08317,-79.0717,2024-09-16T15:04:46.000000Z
2024,260.6283217592593,43.08319,-79.07168,2024-09-16T15:04:47.000000Z
2024,260.62833333333333,43.08319,-79.07167,2024-09-16T15:04:48.000000Z
2024,260.62834490740744,43.0832,-79.07167,2024-09-16T15:04:49.000000Z
2024,260.6283564814815,43.0832,-79.07167,2024-09-16T15:04:50.000000Z
2024,260.6283680555556,43.08321,-79.07166,2024-09-16T15:04:51.000000Z
2024,260.62837962962965,43.08322,-79.07165,2024-09-16T15:04:52.000000Z
2024,260.6283912037037,43.08323,-79.07164,2024-09-16T15:04:53.000000Z
2024,260.6284027777778,43.08323,-79.07164,2024-09-16T15:04:54.000000Z
2024,260.62841435185186,43.08323,-79.07164,2024-09-16T15:04:55.000000Z
2024,260.62842592592597,43.08323,-79.07164,2024-09-16T15:04:56.000000Z
2024,260.6284375,43.08323,-79.07164,2024-09-16T15:04:57.000000Z
2024,260.62844907407407,43.08323,-79.07164,2024-09-16T15:04:58.000000Z
2024,260.6284606481482,43.08323,-79.07164,2024-09-16T15:04:59.000000Z
2024,260.62847222222223,43.08323,-79.07164,2024-09-16T15:05:00.000000Z
2024,260.6284837962963,43.08323,-79.07164,2024-09-16T15:05:01.000000Z
2024,260.6284953703704,43.08323,-79.07164,2024-09-16T15:05:02.000000Z
2024,260.62850694444444,43.08323,-79.07164,2024-09-16T15:05:03.000000Z
2024,260.62851851851855,43.08324,-79.07164,2024-09-16T15:05:04.000000Z
2024,260.6285300925926,43.08324,-79.07164,2024-09-16T15:05:05.000000Z
2024,260.62854166666665,43.08325,-79.07164,2024-09-16T15:05:06.000000Z
2024,260.62855324074076,43.08325,-79.07164,2024-09-16T15:05:07.000000Z
2024,260.6285648148148,43.08326,-79.07164,2024-09-16T15:05:08.000000Z
2024,260.6285763888889,43.08326,-79.07164,2024-09-16T15:05:09.000000Z
2024,260.62858796296297,43.08326,-79.07164,2024-09-16T15:05:10.000000Z
2024,260.628599537037,43.08326,-79.07164,2024-09-16T15:05:11.000000Z
2024,260.6286111111111,43.08326,-79.07164,2024-09-16T15:05:12.000000Z
2024,260.6286226851852,43.08326,-79.07164,2024-09-16T15:05:13.000000Z
2024,260.6286342592593,43.08326,-79.07164,2024-09-16T15:05:14.000000Z
2024,260.62864583333334,43.08326,-79.07164,2024-09-16T15:05:15.000000Z
2024,260.6286574074074,43.08326,-79.07164,2024-09-16T15:05:16.000000Z
2024,260.6286689814815,43.08326,-79.07164,2024-09-16T15:05:17.000000Z
2024,260.62868055555555,43.08326,-79.07164,2024-09-16T15:05:18.000000Z
2024,260.62869212962966,43.08326,-79.07163,2024-09-16T15:05:19.000000Z
2024,260.62871527777776,43.08326,-79.07163,2024-09-16T15:05:21.000000Z
2024,260.62872685185187,43.08326,-79.07163,2024-09-16T15:05:22.000000Z
2024,260.6287384259259,43.08326,-79.07163,2024-09-16T15:05:23.000000Z
2024,260.62875,43.08326,-79.07163,2024-09-16T15:05:24.000000Z
2024,260.6287615740741,43.08326,-79.07163,2024-09-16T15:05:25.000000Z
2024,260.6287731481481,43.08326,-79.07164,2024-09-16T15:05:26.000000Z
2024,260.62878472222224,43.08327,-79.07164,2024-09-16T15:05:27.000000Z
2024,260.6287962962963,43.08327,-79.07164,2024-09-16T15:05:28.000000Z
2024,260.6288078703704,43.08327,-79.07164,2024-09-16T15:05:29.000000Z
2024,260.62881944444445,43.08327,-79.07164,2024-09-16T15:05:30.000000Z
2024,260.6288310185185,43.08327,-79.07164,2024-09-16T15:05:31.000000Z
2024,260.6288425925926,43.08327,-79.07164,2024-09-16T15:05:32.000000Z
2024,260.62885416666666,43.08327,-79.07164,2024-09-16T15:05:33.000000Z
2024,260.62886574074076,43.08327,-79.07164,2024-09-16T15:05:34.000000Z
2024,260.6288773148148,43.08327,-79.07164,2024-09-16T15:05:35.000000Z
2024,260.6288888888889,43.08327,-79.07164,2024-09-16T15:05:36.000000Z
2024,260.628900462963,43.08327,-79.07164,2024-09-16T15:05:37.000000Z
2024,260.628912037037,43.08327,-79.07164,2024-09-16T15:05:38.000000Z
2024,260.62892361111113,43.08326,-79.07164,2024-09-16T15:05:39.000000Z
2024,260.6289351851852,43.08326,-79.07164,2024-09-16T15:05:40.000000Z
2024,260.6289467592593,43.08326,-79.07164,2024-09-16T15:05:41.000000Z
2024,260.62895833333334,43.08326,-79.07163,2024-09-16T15:05:42.000000Z
2024,260.6289699074074,43.08326,-79.07161,2024-09-16T15:05:43.000000Z
2024,260.6289814814815,43.08327,-79.0716,2024-09-16T15:05:44.000000Z
2024,260.62899305555555,43.08328,-79.0716,2024-09-16T15:05:45.000000Z
2024,260.62900462962966,43.08329,-79.07159,2024-09-16T15:05:46.000000Z
2024,260.6290162037037,43.0833,-79.07158,2024-09-16T15:05:47.000000Z
2024,260.62902777777776,43.0833,-79.07157,2024-09-16T15:05:48.000000Z
2024,260.6290393518519,43.08332,-79.07157,2024-09-16T15:05:49.000000Z
2024,260.6290509259259,43.08332,-79.07157,2024-09-16T15:05:50.000000Z
2024,260.62906250000003,43.08333,-79.07156,2024-09-16T15:05:51.000000Z
2024,260.6290740740741,43.08333,-79.07155,2024-09-16T15:05:52.000000Z
2024,260.62908564814813,43.08334,-79.07155,2024-09-16T15:05:53.000000Z
2024,260.62909722222224,43.08337,-79.07154,2024-09-16T15:05:54.000000Z
2024,260.6291087962963,43.08338,-79.07154,2024-09-16T15:05:55.000000Z
2024,260.6291203703704,43.08339,-79.07153,2024-09-16T15:05:56.000000Z
2024,260.62913194444445,43.08341,-79.07153,2024-09-16T15:05:57.000000Z
2024,260.6291435185185,43.08342,-79.07152,2024-09-16T15:05:58.000000Z
2024,260.6291550925926,43.08343,-79.07152,2024-09-16T15:05:59.000000Z
2024,260.62916666666666,43.08344,-79.07151,2024-09-16T15:06:00.000000Z
2024,260.6291782407407,43.08345,-79.07151,2024-09-16T15:06:01.000000Z
2024,260.6291898148148,43.08346,-79.0715,2024-09-16T15:06:02.000000Z
2024,260.6292013888889,43.08346,-79.07149,2024-09-16T15:06:03.000000Z
2024,260.629212962963,43.08347,-79.07148,2024-09-16T15:06:04.000000Z
2024,260.62922453703703,43.08348,-79.07147,2024-09-16T15:06:05.000000Z
2024,260.6292361111111,43.08349,-79.07146,2024-09-16T15:06:06.000000Z
2024,260.6292476851852,43.08351,-79.07145,2024-09-16T15:06:07.000000Z
2024,260.62925925925924,43.08351,-79.07144,2024-09-16T15:06:08.000000Z
2024,260.62927083333335,43.08353,-79.07144,2024-09-16T15:06:09.000000Z
2024,260.6292824074074,43.08354,-79.07143,2024-09-16T15:06:10.000000Z
2024,260.62929398148145,43.08354,-79.07142,2024-09-16T15:06:11.000000Z
2024,260.62930555555556,43.08355,-79.07142,2024-09-16T15:06:12.000000Z
2024,260.6293171296296,43.08355,-79.07143,2024-09-16T15:06:13.000000Z
2024,260.6293287037037,43.08356,-79.07143,2024-09-16T15:06:14.000000Z
2024,260.62934027777777,43.08356,-79.07144,2024-09-16T15:06:15.000000Z
2024,260.6293518518518,43.08356,-79.07144,2024-09-16T15:06:16.000000Z
2024,260.62936342592593,43.08357,-79.07144,2024-09-16T15:06:17.000000Z
2024,260.629375,43.08357,-79.07144,2024-09-16T15:06:18.000000Z
2024,260.6293865740741,43.08357,-79.07144,2024-09-16T15:06:19.000000Z
2024,260.62939814814814,43.08358,-79.07144,2024-09-16T15:06:20.000000Z
2024,260.6294097222222,43.08358,-79.07145,2024-09-16T15:06:21.000000Z
2024,260.6294212962963,43.08358,-79.07145,2024-09-16T15:06:22.000000Z
2024,260.62943287037035,43.08358,-79.07145,2024-09-16T15:06:23.000000Z
2024,260.62944444444446,43.08359,-79.07146,2024-09-16T15:06:24.000000Z
2024,260.6294560185185,43.08359,-79.07146,2024-09-16T15:06:25.000000Z
2024,260.62946759259256,43.08359,-79.07147,2024-09-16T15:06:26.000000Z
2024,260.62947916666667,43.0836,-79.07147,2024-09-16T15:06:27.000000Z
2024,260.6294907407407,43.0836,-79.07147,2024-09-16T15:06:28.000000Z
2024,260.62950231481483,43.0836,-79.07147,2024-09-16T15:06:29.000000Z
2024,260.6295138888889,43.08361,-79.07148,2024-09-16T15:06:30.000000Z
2024,260.62952546296293,43.08361,-79.07148,2024-09-16T15:06:31.000000Z
2024,260.62953703703704,43.08362,-79.07149,2024-09-16T15:06:32.000000Z
2024,260.6295486111111,43.08362,-79.0715,2024-09-16T15:06:33.000000Z
2024,260.6295601851852,43.08362,-79.07151,2024-09-16T15:06:34.000000Z
2024,260.62957175925925,43.08363,-79.07152,2024-09-16T15:06:35.000000Z
2024,260.62958333333336,43.08363,-79.07152,2024-09-16T15:06:36.000000Z
2024,260.6295949074074,43.08363,-79.07154,2024-09-16T15:06:37.000000Z
2024,260.62960648148146,43.08364,-79.07154,2024-09-16T15:06:38.000000Z
2024,260.62961805555557,43.08364,-79.07154,2024-09-16T15:06:39.000000Z
2024,260.6296296296296,43.08364,-79.07154,2024-09-16T15:06:40.000000Z
2024,260.6296412037037,43.08364,-79.07154,2024-09-16T15:06:41.000000Z
2024,260.6296527777778,43.08364,-79.07155,2024-09-16T15:06:42.000000Z
2024,260.62966435185183,43.08364,-79.07155,2024-09-16T15:06:43.000000Z
2024,260.62967592592594,43.08365,-79.07156,2024-09-16T15:06:44.000000Z
2024,260.6296875,43.08365,-79.07157,2024-09-16T15:06:45.000000Z
2024,260.6296990740741,43.08366,-79.07157,2024-09-16T15:06:46.000000Z
2024,260.62971064814815,43.08366,-79.07157,2024-09-16T15:06:47.000000Z
2024,260.6297222222222,43.08367,-79.07156,2024-09-16T15:06:48.000000Z
2024,260.6297337962963,43.08367,-79.07155,2024-09-16T15:06:49.000000Z
2024,260.62974537037036,43.08368,-79.07154,2024-09-16T15:06:50.000000Z
2024,260.62975694444447,43.08369,-79.07154,2024-09-16T15:06:51.000000Z
2024,260.6297685185185,43.0837,-79.07153,2024-09-16T15:06:52.000000Z
2024,260.62978009259257,43.0837,-79.07152,2024-09-16T15:06:53.000000Z
2024,260.6297916666667,43.08371,-79.07151,2024-09-16T15:06:54.000000Z
2024,260.6298032407407,43.08372,-79.07151,2024-09-16T15:06:55.000000Z
2024,260.62981481481484,43.08372,-79.07151,2024-09-16T15:06:56.000000Z
2024,260.6298263888889,43.08373,-79.0715,2024-09-16T15:06:57.000000Z
2024,260.62983796296294,43.08374,-79.07149,2024-09-16T15:06:58.000000Z
2024,260.62984953703705,43.08374,-79.07148,2024-09-16T15:06:59.000000Z
2024,260.6298611111111,43.08374,-79.07147,2024-09-16T15:07:00.000000Z
2024,260.62987268518515,43.08374,-79.07147,2024-09-16T15:07:01.000000Z
2024,260.62988425925926,43.08375,-79.07147,2024-09-16T15:07:02.000000Z
2024,260.6298958333333,43.08375,-79.07147,2024-09-16T15:07:03.000000Z
2024,260.6299074074074,43.08376,-79.07146,2024-09-16T15:07:04.000000Z
2024,260.62991898148147,43.08377,-79.07146,2024-09-16T15:07:05.000000Z
2024,260.6299305555555,43.08378,-79.07144,2024-09-16T15:07:06.000000Z
2024,260.6299421296296,43.08379,-79.07144,2024-09-16T15:07:07.000000Z
2024,260.6299537037037,43.0838,-79.07144,2024-09-16T15:07:08.000000Z
2024,260.6299652777778,43.0838,-79.07143,2024-09-16T15:07:09.000000Z
2024,260.62997685185184,43.08381,-79.07143,2024-09-16T15:07:10.000000Z
2024,260.6299884259259,43.08381,-79.07142,2024-09-16T15:07:11.000000Z
2024,260.63,43.08382,-79.07141,2024-09-16T15:07:12.000000Z
2024,260.63001157407405,43.08382,-79.07141,2024-09-16T15:07:13.000000Z
2024,260.63002314814815,43.08383,-79.0714,2024-09-16T15:07:14.000000Z
2024,260.6300347222222,43.08383,-79.07139,2024-09-16T15:07:15.000000Z
2024,260.63004629629626,43.08384,-79.07139,2024-09-16T15:07:16.000000Z
2024,260.63005787037036,43.08384,-79.07139,2024-09-16T15:07:17.000000Z
2024,260.6300694444444,43.08384,-79.07139,2024-09-16T15:07:18.000000Z
2024,260.6300810185185,43.08384,-79.07139,2024-09-16T15:07:19.000000Z
2024,260.6300925925926,43.08384,-79.07139,2024-09-16T15:07:20.000000Z
2024,260.6301041666666,43.08384,-79.0714,2024-09-16T15:07:21.000000Z
2024,260.63011574074073,43.08384,-79.07141,2024-09-16T15:07:22.000000Z
2024,260.6301273148148,43.08384,-79.07141,2024-09-16T15:07:23.000000Z
2024,260.6301388888889,43.08385,-79.07141,2024-09-16T15:07:24.000000Z
2024,260.63015046296294,43.08385,-79.07142,2024-09-16T15:07:25.000000Z
2024,260.630162037037,43.08386,-79.07144,2024-09-16T15:07:26.000000Z
2024,260.6301736111111,43.08386,-79.07144,2024-09-16T15:07:27.000000Z
2024,260.63018518518516,43.08387,-79.07144,2024-09-16T15:07:28.000000Z
2024,260.63019675925926,43.08388,-79.07144,2024-09-16T15:07:29.000000Z
2024,260.6302083333333,43.08388,-79.07144,2024-09-16T15:07:30.000000Z
2024,260.63021990740737,43.08388,-79.07144,2024-09-16T15:07:31.000000Z
2024,260.6302314814815,43.08388,-79.07144,2024-09-16T15:07:32.000000Z
2024,260.6302430555555,43.08388,-79.07144,2024-09-16T15:07:33.000000Z
2024,260.63025462962963,43.08388,-79.07144,2024-09-16T15:07:34.000000Z
2024,260.6302662037037,43.08388,-79.07144,2024-09-16T15:07:35.000000Z
2024,260.6302777777778,43.08388,-79.07144,2024-09-16T15:07:36.000000Z
2024,260.63028935185184,43.08388,-79.07144,2024-09-16T15:07:37.000000Z
2024,260.6303009259259,43.08388,-79.07144,2024-09-16T15:07:38.000000Z
2024,260.6303125,43.08388,-79.07144,2024-09-16T15:07:39.000000Z
2024,260.63032407407405,43.08388,-79.07144,2024-09-16T15:07:40.000000Z
2024,260.63033564814816,43.08388,-79.07144,2024-09-16T15:07:41.000000Z
2024,260.6303472222222,43.08388,-79.07144,2024-09-16T15:07:42.000000Z
2024,260.63035879629626,43.08388,-79.07144,2024-09-16T15:07:43.000000Z
2024,260.6303703703704,43.08388,-79.07144,2024-09-16T15:07:44.000000Z
2024,260.6303819444444,43.08388,-79.07144,2024-09-16T15:07:45.000000Z
2024,260.63039351851853,43.08388,-79.07144,2024-09-16T15:07:46.000000Z
2024,260.6304050925926,43.08388,-79.07144,2024-09-16T15:07:47.000000Z
2024,260.63041666666663,43.08387,-79.07144,2024-09-16T15:07:48.000000Z
2024,260.63042824074074,43.08386,-79.07144,2024-09-16T15:07:49.000000Z
2024,260.6304398148148,43.08386,-79.07145,2024-09-16T15:07:50.000000Z
2024,260.6304513888889,43.08385,-79.07146,2024-09-16T15:07:51.000000Z
2024,260.63046296296295,43.08384,-79.07147,2024-09-16T15:07:52.000000Z
2024,260.630474537037,43.08384,-79.07147,2024-09-16T15:07:53.000000Z
2024,260.6304861111111,43.08384,-79.07148,2024-09-16T15:07:54.000000Z
2024,260.63049768518516,43.08384,-79.07148,2024-09-16T15:07:55.000000Z
2024,260.63050925925927,43.08384,-79.07148,2024-09-16T15:07:56.000000Z
2024,260.6305208333333,43.08384,-79.07148,2024-09-16T15:07:57.000000Z
2024,260.6305324074074,43.08384,-79.07148,2024-09-16T15:07:58.000000Z
2024,260.6305439814815,43.08384,-79.07148,2024-09-16T15:07:59.000000Z
2024,260.63055555555553,43.08384,-79.07148,2024-09-16T15:08:00.000000Z
2024,260.6305671296296,43.08384,-79.07148,2024-09-16T15:08:01.000000Z
2024,260.6305787037037,43.08384,-79.07148,2024-09-16T15:08:02.000000Z
2024,260.63059027777774,43.08384,-79.07148,2024-09-16T15:08:03.000000Z
2024,260.63060185185185,43.08384,-79.07148,2024-09-16T15:08:04.000000Z
2024,260.6306134259259,43.08384,-79.07148,2024-09-16T15:08:05.000000Z
2024,260.63062499999995,43.08384,-79.07148,2024-09-16T15:08:06.000000Z
2024,260.63063657407406,43.08384,-79.07148,2024-09-16T15:08:07.000000Z
2024,260.6306481481481,43.08384,-79.07148,2024-09-16T15:08:08.000000Z
2024,260.6306597222222,43.08384,-79.07148,2024-09-16T15:08:09.000000Z
2024,260.63067129629627,43.08384,-79.07148,2024-09-16T15:08:10.000000Z
2024,260.6306828703703,43.08384,-79.07148,2024-09-16T15:08:11.000000Z
2024,260.63069444444443,43.08384,-79.07148,2024-09-16T15:08:12.000000Z
2024,260.6307060185185,43.08384,-79.07148,2024-09-16T15:08:13.000000Z
2024,260.6307175925926,43.08384,-79.07148,2024-09-16T15:08:14.000000Z
2024,260.63072916666664,43.08384,-79.07148,2024-09-16T15:08:15.000000Z
2024,260.6307407407407,43.08384,-79.07148,2024-09-16T15:08:16.000000Z
2024,260.6307523148148,43.08384,-79.07148,2024-09-16T15:08:17.000000Z
2024,260.63076388888885,43.08384,-79.07148,2024-09-16T15:08:18.000000Z
2024,260.63077546296296,43.08384,-79.07148,2024-09-16T15:08:19.000000Z
2024,260.630787037037,43.08384,-79.07148,2024-09-16T15:08:20.000000Z
2024,260.63079861111106,43.08384,-79.07148,2024-09-16T15:08:21.000000Z
2024,260.63081018518517,43.08384,-79.07148,2024-09-16T15:08:22.000000Z
2024,260.6308217592592,43.08384,-79.07148,2024-09-16T15:08:23.000000Z
2024,260.6308333333333,43.08384,-79.07148,2024-09-16T15:08:24.000000Z
2024,260.6308449074074,43.08384,-79.07148,2024-09-16T15:08:25.000000Z
2024,260.63085648148143,43.08384,-79.07148,2024-09-16T15:08:26.000000Z
2024,260.63086805555554,43.08384,-79.07148,2024-09-16T15:08:27.000000Z
2024,260.6308796296296,43.08384,-79.07148,2024-09-16T15:08:28.000000Z
2024,260.6308912037037,43.08384,-79.07148,2024-09-16T15:08:29.000000Z
2024,260.63090277777775,43.08384,-79.07148,2024-09-16T15:08:30.000000Z
2024,260.6309143518518,43.08384,-79.07148,2024-09-16T15:08:31.000000Z
2024,260.6309259259259,43.08384,-79.07148,2024-09-16T15:08:32.000000Z
2024,260.63093749999996,43.08384,-79.07148,2024-09-16T15:08:33.000000Z
2024,260.63094907407407,43.08384,-79.07148,2024-09-16T15:08:34.000000Z
2024,260.6309606481481,43.08384,-79.07148,2024-09-16T15:08:35.000000Z
2024,260.6309722222222,43.08384,-79.07148,2024-09-16T15:08:36.000000Z
2024,260.6309837962963,43.08384,-79.07148,2024-09-16T15:08:37.000000Z
2024,260.63099537037033,43.08384,-79.07148,2024-09-16T15:08:38.000000Z
2024,260.63100694444444,43.08384,-79.07148,2024-09-16T15:08:39.000000Z
2024,260.6310185185185,43.08384,-79.07148,2024-09-16T15:08:40.000000Z
2024,260.6310300925926,43.08384,-79.07148,2024-09-16T15:08:41.000000Z
2024,260.63104166666665,43.08384,-79.07148,2024-09-16T15:08:42.000000Z
2024,260.6310532407407,43.08384,-79.07148,2024-09-16T15:08:43.000000Z
2024,260.6310648148148,43.08384,-79.07148,2024-09-16T15:08:44.000000Z
2024,260.63107638888886,43.08384,-79.07148,2024-09-16T15:08:45.000000Z
2024,260.63108796296297,43.08384,-79.07148,2024-09-16T15:08:46.000000Z
2024,260.631099537037,43.08384,-79.07148,2024-09-16T15:08:47.000000Z
2024,260.63111111111107,43.08384,-79.07148,2024-09-16T15:08:48.000000Z
2024,260.6311226851852,43.08384,-79.07148,2024-09-16T15:08:49.000000Z
2024,260.6311342592592,43.08384,-79.07147,2024-09-16T15:08:50.000000Z
2024,260.63114583333333,43.08383,-79.07147,2024-09-16T15:08:51.000000Z
2024,260.6311574074074,43.08383,-79.07147,2024-09-16T15:08:52.000000Z
2024,260.63116898148144,43.08383,-79.07146,2024-09-16T15:08:53.000000Z
2024,260.63118055555555,43.08383,-79.07146,2024-09-16T15:08:54.000000Z
2024,260.6311921296296,43.08384,-79.07146,2024-09-16T15:08:55.000000Z
2024,260.6312037037037,43.08384,-79.07146,2024-09-16T15:08:56.000000Z
2024,260.63121527777776,43.08384,-79.07146,2024-09-16T15:08:57.000000Z
2024,260.6312268518518,43.08384,-79.07146,2024-09-16T15:08:58.000000Z
2024,260.6312384259259,43.08384,-79.07146,2024-09-16T15:08:59.000000Z
2024,260.63125,43.08384,-79.07146,2024-09-16T15:09:00.000000Z
2024,260.6312615740741,43.08384,-79.07146,2024-09-16T15:09:01.000000Z
2024,260.6312731481482,43.08384,-79.07146,2024-09-16T15:09:02.000000Z
2024,260.63128472222223,43.08384,-79.07146,2024-09-16T15:09:03.000000Z
2024,260.63129629629634,43.08384,-79.07146,2024-09-16T15:09:04.000000Z
2024,260.6313078703704,43.08384,-79.07146,2024-09-16T15:09:05.000000Z
2024,260.63131944444444,43.08384,-79.07146,2024-09-16T15:09:06.000000Z
2024,260.63133101851855,43.08384,-79.07146,2024-09-16T15:09:07.000000Z
2024,260.6313425925926,43.08384,-79.07146,2024-09-16T15:09:08.000000Z
2024,260.6313541666667,43.08384,-79.07147,2024-09-16T15:09:09.000000Z
2024,260.63136574074076,43.08385,-79.07147,2024-09-16T15:09:10.000000Z
2024,260.6313773148148,43.08385,-79.07147,2024-09-16T15:09:11.000000Z
2024,260.6313888888889,43.08385,-79.07147,2024-09-16T15:09:12.000000Z
2024,260.631400462963,43.08385,-79.07147,2024-09-16T15:09:13.000000Z
2024,260.6314120370371,43.08385,-79.07147,2024-09-16T15:09:14.000000Z
2024,260.63142361111113,43.08385,-79.07147,2024-09-16T15:09:15.000000Z
2024,260.6314351851852,43.08385,-79.07147,2024-09-16T15:09:16.000000Z
2024,260.6314467592593,43.08385,-79.07147,2024-09-16T15:09:17.000000Z
2024,260.63145833333334,43.08385,-79.07147,2024-09-16T15:09:18.000000Z
2024,260.63146990740745,43.08385,-79.07147,2024-09-16T15:09:19.000000Z
2024,260.6314814814815,43.08385,-79.07147,2024-09-16T15:09:20.000000Z
2024,260.63149305555555,43.08385,-79.07147,2024-09-16T15:09:21.000000Z
2024,260.63150462962966,43.08385,-79.07147,2024-09-16T15:09:22.000000Z
2024,260.6315162037037,43.08385,-79.07147,2024-09-16T15:09:23.000000Z
2024,260.6315277777778,43.08385,-79.07147,2024-09-16T15:09:24.000000Z
2024,260.63153935185187,43.08385,-79.07147,2024-09-16T15:09:25.000000Z
2024,260.6315509259259,43.08385,-79.07147,2024-09-16T15:09:26.000000Z
2024,260.63156250000003,43.08385,-79.07147,2024-09-16T15:09:27.000000Z
2024,260.6315740740741,43.08385,-79.07147,2024-09-16T15:09:28.000000Z
2024,260.6315856481482,43.08385,-79.07147,2024-09-16T15:09:29.000000Z
2024,260.63159722222224,43.08385,-79.07147,2024-09-16T15:09:30.000000Z
2024,260.6316087962963,43.08385,-79.07147,2024-09-16T15:09:31.000000Z
2024,260.6316203703704,43.08385,-79.07147,2024-09-16T15:09:32.000000Z
2024,260.63163194444445,43.08385,-79.07147,2024-09-16T15:09:33.000000Z
2024,260.63164351851856,43.08385,-79.07147,2024-09-16T15:09:34.000000Z
2024,260.6316550925926,43.08385,-79.07147,2024-09-16T15:09:35.000000Z
2024,260.6316666666667,43.08385,-79.07147,2024-09-16T15:09:36.000000Z
2024,260.63167824074077,43.08385,-79.07147,2024-09-16T15:09:37.000000Z
2024,260.6316898148148,43.08385,-79.07147,2024-09-16T15:09:38.000000Z
2024,260.6317013888889,43.08385,-79.07147,2024-09-16T15:09:39.000000Z
2024,260.631712962963,43.08385,-79.07147,2024-09-16T15:09:40.000000Z
2024,260.6317245370371,43.08385,-79.07147,2024-09-16T15:09:41.000000Z
2024,260.63173611111114,43.08385,-79.07147,2024-09-16T15:09:42.000000Z
2024,260.6317476851852,43.08385,-79.07147,2024-09-16T15:09:43.000000Z
2024,260.6317592592593,43.08385,-79.07147,2024-09-16T15:09:44.000000Z
2024,260.63177083333335,43.08385,-79.07147,2024-09-16T15:09:45.000000Z
2024,260.63178240740746,43.08385,-79.07147,2024-09-16T15:09:46.000000Z
2024,260.6317939814815,43.08385,-79.07147,2024-09-16T15:09:47.000000Z
2024,260.63180555555556,43.08385,-79.07147,2024-09-16T15:09:48.000000Z
2024,260.63181712962967,43.08385,-79.07147,2024-09-16T15:09:49.000000Z
2024,260.6318287037037,43.08385,-79.07147,2024-09-16T15:09:50.000000Z
2024,260.6318402777778,43.08385,-79.07147,2024-09-16T15:09:51.000000Z
2024,260.6318518518519,43.08385,-79.07147,2024-09-16T15:09:52.000000Z
2024,260.6318634259259,43.08385,-79.07147,2024-09-16T15:09:53.000000Z
2024,260.63187500000004,43.08385,-79.07147,2024-09-16T15:09:54.000000Z
2024,260.6318865740741,43.08385,-79.07147,2024-09-16T15:09:55.000000Z
2024,260.6318981481482,43.08385,-79.07147,2024-09-16T15:09:56.000000Z
2024,260.63190972222225,43.08385,-79.07147,2024-09-16T15:09:57.000000Z
2024,260.6319212962963,43.08385,-79.07147,2024-09-16T15:09:58.000000Z
2024,260.6319328703704,43.08385,-79.07147,2024-09-16T15:09:59.000000Z
2024,260.63194444444446,43.08385,-79.07147,2024-09-16T15:10:00.000000Z
2024,260.6319560185185,43.08385,-79.07147,2024-09-16T15:10:01.000000Z
2024,260.6319675925926,43.08385,-79.07147,2024-09-16T15:10:02.000000Z
2024,260.63197916666667,43.08385,-79.07147,2024-09-16T15:10:03.000000Z
2024,260.6319907407408,43.08385,-79.07147,2024-09-16T15:10:04.000000Z
2024,260.6320023148148,43.08385,-79.07147,2024-09-16T15:10:05.000000Z
2024,260.6320138888889,43.08385,-79.07147,2024-09-16T15:10:06.000000Z
2024,260.632025462963,43.08385,-79.07147,2024-09-16T15:10:07.000000Z
2024,260.63203703703704,43.08385,-79.07147,2024-09-16T15:10:08.000000Z
2024,260.63204861111114,43.08385,-79.07147,2024-09-16T15:10:09.000000Z
2024,260.6320601851852,43.08385,-79.07147,2024-09-16T15:10:10.000000Z
2024,260.63207175925925,43.08385,-79.07147,2024-09-16T15:10:11.000000Z
2024,260.63208333333336,43.08385,-79.07147,2024-09-16T15:10:12.000000Z
2024,260.6320949074074,43.08385,-79.07147,2024-09-16T15:10:13.000000Z
2024,260.6321064814815,43.08385,-79.07147,2024-09-16T15:10:14.000000Z
2024,260.63211805555557,43.08385,-79.07147,2024-09-16T15:10:15.000000Z
2024,260.6321296296296,43.08385,-79.07147,2024-09-16T15:10:16.000000Z
2024,260.6321412037037,43.08385,-79.07147,2024-09-16T15:10:17.000000Z
2024,260.6321527777778,43.08385,-79.07147,2024-09-16T15:10:18.000000Z
2024,260.6321643518519,43.08385,-79.07147,2024-09-16T15:10:19.000000Z
2024,260.63217592592594,43.08385,-79.07147,2024-09-16T15:10:20.000000Z
2024,260.6321875,43.08385,-79.07147,2024-09-16T15:10:21.000000Z
2024,260.6321990740741,43.08385,-79.07147,2024-09-16T15:10:22.000000Z
2024,260.63221064814815,43.08385,-79.07147,2024-09-16T15:10:23.000000Z
2024,260.63222222222225,43.08385,-79.07147,2024-09-16T15:10:24.000000Z
2024,260.6322337962963,43.08385,-79.07147,2024-09-16T15:10:25.000000Z
2024,260.63224537037036,43.08385,-79.07147,2024-09-16T15:10:26.000000Z
2024,260.63225694444446,43.08385,-79.07147,2024-09-16T15:10:27.000000Z
2024,260.6322685185185,43.08385,-79.07147,2024-09-16T15:10:28.000000Z
2024,260.6322800925926,43.08385,-79.07147,2024-09-16T15:10:29.000000Z
2024,260.6322916666667,43.08385,-79.07147,2024-09-16T15:10:30.000000Z
2024,260.6323032407407,43.08385,-79.07147,2024-09-16T15:10:31.000000Z
2024,260.63231481481483,43.08385,-79.07147,2024-09-16T15:10:32.000000Z
2024,260.6323263888889,43.08385,-79.07147,2024-09-16T15:10:33.000000Z
2024,260.632337962963,43.08385,-79.07147,2024-09-16T15:10:34.000000Z
2024,260.63234953703704,43.08385,-79.07147,2024-09-16T15:10:35.000000Z
2024,260.63236111111115,43.08385,-79.07147,2024-09-16T15:10:36.000000Z
2024,260.6323726851852,43.08385,-79.07147,2024-09-16T15:10:37.000000Z
2024,260.63238425925925,43.08385,-79.07147,2024-09-16T15:10:38.000000Z
2024,260.63239583333336,43.08385,-79.07147,2024-09-16T15:10:39.000000Z
2024,260.6324074074074,43.08385,-79.07147,2024-09-16T15:10:40.000000Z
2024,260.6324189814815,43.08385,-79.07147,2024-09-16T15:10:41.000000Z
2024,260.6324305555556,43.08385,-79.07147,2024-09-16T15:10:42.000000Z
2024,260.6324421296296,43.08385,-79.07147,2024-09-16T15:10:43.000000Z
2024,260.63245370370373,43.08385,-79.07147,2024-09-16T15:10:44.000000Z
2024,260.6324652777778,43.08385,-79.07147,2024-09-16T15:10:45.000000Z
2024,260.6324768518519,43.08385,-79.07147,2024-09-16T15:10:46.000000Z
2024,260.63248842592594,43.08385,-79.07147,2024-09-16T15:10:47.000000Z
2024,260.6325,43.08385,-79.07147,2024-09-16T15:10:48.000000Z
2024,260.6325115740741,43.08385,-79.07146,2024-09-16T15:10:49.000000Z
2024,260.63252314814815,43.08385,-79.07145,2024-09-16T15:10:50.000000Z
2024,260.63253472222226,43.08385,-79.07145,2024-09-16T15:10:51.000000Z
2024,260.6325462962963,43.08385,-79.07145,2024-09-16T15:10:52.000000Z
2024,260.63255787037036,43.08385,-79.07145,2024-09-16T15:10:53.000000Z
2024,260.63256944444447,43.08385,-79.07145,2024-09-16T15:10:54.000000Z
2024,260.6325810185185,43.08385,-79.07145,2024-09-16T15:10:55.000000Z
2024,260.63259259259263,43.08385,-79.07145,2024-09-16T15:10:56.000000Z
2024,260.6326041666667,43.08385,-79.07145,2024-09-16T15:10:57.000000Z
2024,260.63261574074073,43.08385,-79.07145,2024-09-16T15:10:58.000000Z
2024,260.63262731481484,43.08385,-79.07145,2024-09-16T15:10:59.000000Z
2024,260.6326388888889,43.08385,-79.07145,2024-09-16T15:11:00.000000Z
2024,260.63265046296294,43.08385,-79.07145,2024-09-16T15:11:01.000000Z
2024,260.63266203703705,43.08385,-79.07145,2024-09-16T15:11:02.000000Z
2024,260.6326736111111,43.08385,-79.07145,2024-09-16T15:11:03.000000Z
2024,260.6326851851852,43.08385,-79.07145,2024-09-16T15:11:04.000000Z
2024,260.63269675925926,43.08385,-79.07145,2024-09-16T15:11:05.000000Z
2024,260.6327083333333,43.08385,-79.07145,2024-09-16T15:11:06.000000Z
2024,260.6327199074074,43.08385,-79.07145,2024-09-16T15:11:07.000000Z
2024,260.63273148148147,43.08385,-79.07145,2024-09-16T15:11:08.000000Z
2024,260.6327430555556,43.08385,-79.07145,2024-09-16T15:11:09.000000Z
2024,260.63275462962963,43.08385,-79.07145,2024-09-16T15:11:10.000000Z
2024,260.6327662037037,43.08385,-79.07145,2024-09-16T15:11:11.000000Z
2024,260.6327777777778,43.08385,-79.07145,2024-09-16T15:11:12.000000Z
2024,260.63278935185184,43.08385,-79.07145,2024-09-16T15:11:13.000000Z
2024,260.63280092592595,43.08385,-79.07145,2024-09-16T15:11:14.000000Z
2024,260.6328125,43.08385,-79.07145,2024-09-16T15:11:15.000000Z
2024,260.63282407407405,43.08385,-79.07145,2024-09-16T15:11:16.000000Z
2024,260.63283564814816,43.08385,-79.07145,2024-09-16T15:11:17.000000Z
2024,260.6328472222222,43.08385,-79.07145,2024-09-16T15:11:18.000000Z
2024,260.6328587962963,43.08385,-79.07145,2024-09-16T15:11:19.000000Z
2024,260.63287037037037,43.08385,-79.07145,2024-09-16T15:11:20.000000Z
2024,260.6328819444444,43.08385,-79.07145,2024-09-16T15:11:21.000000Z
2024,260.63289351851853,43.08385,-79.07145,2024-09-16T15:11:22.000000Z
2024,260.6329050925926,43.08385,-79.07145,2024-09-16T15:11:23.000000Z
2024,260.6329166666667,43.08385,-79.07145,2024-09-16T15:11:24.000000Z
2024,260.63292824074074,43.08385,-79.07145,2024-09-16T15:11:25.000000Z
2024,260.6329398148148,43.08385,-79.07145,2024-09-16T15:11:26.000000Z
2024,260.6329513888889,43.08385,-79.07145,2024-09-16T15:11:27.000000Z
2024,260.63296296296295,43.08385,-79.07145,2024-09-16T15:11:28.000000Z
2024,260.63297453703706,43.08385,-79.07145,2024-09-16T15:11:29.000000Z
2024,260.6329861111111,43.08385,-79.07145,2024-09-16T15:11:30.000000Z
2024,260.63299768518516,43.08385,-79.07145,2024-09-16T15:11:31.000000Z
2024,260.63300925925927,43.08385,-79.07145,2024-09-16T15:11:32.000000Z
2024,260.6330208333333,43.08385,-79.07145,2024-09-16T15:11:33.000000Z
2024,260.6330324074074,43.08386,-79.07145,2024-09-16T15:11:34.000000Z
2024,260.6330439814815,43.08386,-79.07144,2024-09-16T15:11:35.000000Z
2024,260.6330555555556,43.08386,-79.07143,2024-09-16T15:11:36.000000Z
2024,260.63306712962964,43.08386,-79.07141,2024-09-16T15:11:37.000000Z
2024,260.6330787037037,43.08386,-79.07141,2024-09-16T15:11:38.000000Z
2024,260.6330902777778,43.08386,-79.07139,2024-09-16T15:11:39.000000Z
2024,260.63310185185185,43.08386,-79.07139,2024-09-16T15:11:40.000000Z
2024,260.63311342592596,43.08386,-79.07138,2024-09-16T15:11:41.000000Z
2024,260.633125,43.08386,-79.07138,2024-09-16T15:11:42.000000Z
2024,260.63313657407406,43.08385,-79.07138,2024-09-16T15:11:43.000000Z
2024,260.63314814814817,43.08385,-79.07137,2024-09-16T15:11:44.000000Z
2024,260.6331597222222,43.08384,-79.07136,2024-09-16T15:11:45.000000Z
2024,260.6331712962963,43.08384,-79.07135,2024-09-16T15:11:46.000000Z
2024,260.6331828703704,43.08384,-79.07133,2024-09-16T15:11:47.000000Z
2024,260.6331944444444,43.08385,-79.07132,2024-09-16T15:11:48.000000Z
2024,260.63320601851854,43.08385,-79.07131,2024-09-16T15:11:49.000000Z
2024,260.6332175925926,43.08385,-79.07131,2024-09-16T15:11:50.000000Z
2024,260.6332291666667,43.08385,-79.07131,2024-09-16T15:11:51.000000Z
2024,260.63324074074075,43.08385,-79.07131,2024-09-16T15:11:52.000000Z
2024,260.6332523148148,43.08385,-79.0713,2024-09-16T15:11:53.000000Z
2024,260.6332638888889,43.08385,-79.07129,2024-09-16T15:11:54.000000Z
2024,260.63327546296296,43.08385,-79.07128,2024-09-16T15:11:55.000000Z
2024,260.63328703703706,43.08385,-79.07126,2024-09-16T15:11:56.000000Z
2024,260.6332986111111,43.08385,-79.07125,2024-09-16T15:11:57.000000Z
2024,260.63331018518517,43.08385,-79.07123,2024-09-16T15:11:58.000000Z
2024,260.6333217592593,43.08385,-79.07122,2024-09-16T15:11:59.000000Z
2024,260.6333333333333,43.08385,-79.07122,2024-09-16T15:12:00.000000Z
2024,260.6333449074074,43.08385,-79.07121,2024-09-16T15:12:01.000000Z
2024,260.6333564814815,43.08385,-79.07119,2024-09-16T15:12:02.000000Z
2024,260.63336805555554,43.08385,-79.07118,2024-09-16T15:12:03.000000Z
2024,260.63337962962964,43.08385,-79.07116,2024-09-16T15:12:04.000000Z
2024,260.6333912037037,43.08385,-79.07115,2024-09-16T15:12:05.000000Z
2024,260.63340277777775,43.08385,-79.07115,2024-09-16T15:12:06.000000Z
2024,260.63341435185185,43.08385,-79.07115,2024-09-16T15:12:07.000000Z
2024,260.6334259259259,43.08385,-79.07115,2024-09-16T15:12:08.000000Z
2024,260.6334375,43.08386,-79.07115,2024-09-16T15:12:09.000000Z
2024,260.63344907407406,43.08386,-79.07115,2024-09-16T15:12:10.000000Z
2024,260.6334606481481,43.08386,-79.07115,2024-09-16T15:12:11.000000Z
2024,260.6334722222222,43.08385,-79.07114,2024-09-16T15:12:12.000000Z
2024,260.6334837962963,43.08385,-79.07114,2024-09-16T15:12:13.000000Z
2024,260.6334953703704,43.08385,-79.07113,2024-09-16T15:12:14.000000Z
2024,260.63350694444443,43.08385,-79.07112,2024-09-16T15:12:15.000000Z
2024,260.6335185185185,43.08385,-79.07109,2024-09-16T15:12:16.000000Z
2024,260.6335300925926,43.08385,-79.07108,2024-09-16T15:12:17.000000Z
2024,260.63354166666664,43.08385,-79.07106,2024-09-16T15:12:18.000000Z
2024,260.63355324074075,43.08384,-79.07106,2024-09-16T15:12:19.000000Z
2024,260.6335648148148,43.08384,-79.07105,2024-09-16T15:12:20.000000Z
2024,260.63357638888886,43.08384,-79.07104,2024-09-16T15:12:21.000000Z
2024,260.63358796296296,43.08383,-79.07103,2024-09-16T15:12:22.000000Z
2024,260.633599537037,43.08383,-79.07102,2024-09-16T15:12:23.000000Z
2024,260.6336111111111,43.08382,-79.07102,2024-09-16T15:12:24.000000Z
2024,260.6336226851852,43.08382,-79.07101,2024-09-16T15:12:25.000000Z
2024,260.6336342592592,43.08381,-79.071,2024-09-16T15:12:26.000000Z
2024,260.63364583333333,43.08381,-79.07099,2024-09-16T15:12:27.000000Z
2024,260.6336574074074,43.08379,-79.07098,2024-09-16T15:12:28.000000Z
2024,260.6336689814815,43.08378,-79.07098,2024-09-16T15:12:29.000000Z
2024,260.63368055555554,43.08377,-79.07097,2024-09-16T15:12:30.000000Z
2024,260.6336921296296,43.08376,-79.07097,2024-09-16T15:12:31.000000Z
2024,260.6337037037037,43.08375,-79.07097,2024-09-16T15:12:32.000000Z
2024,260.63371527777775,43.08375,-79.07098,2024-09-16T15:12:33.000000Z
2024,260.63372685185186,43.08373,-79.07099,2024-09-16T15:12:34.000000Z
2024,260.6337384259259,43.08372,-79.071,2024-09-16T15:12:35.000000Z
2024,260.63375,43.0837,-79.07101,2024-09-16T15:12:36.000000Z
2024,260.6337615740741,43.08369,-79.07102,2024-09-16T15:12:37.000000Z
2024,260.6337731481481,43.08367,-79.07104,2024-09-16T15:12:38.000000Z
2024,260.63378472222223,43.08366,-79.07105,2024-09-16T15:12:39.000000Z
2024,260.6337962962963,43.08365,-79.07106,2024-09-16T15:12:40.000000Z
2024,260.6338078703704,43.08364,-79.07106,2024-09-16T15:12:41.000000Z
2024,260.63381944444444,43.08364,-79.07108,2024-09-16T15:12:42.000000Z
2024,260.6338310185185,43.08362,-79.07109,2024-09-16T15:12:43.000000Z
2024,260.6338425925926,43.08362,-79.07109,2024-09-16T15:12:44.000000Z
2024,260.63385416666665,43.08362,-79.07108,2024-09-16T15:12:45.000000Z
2024,260.63386574074076,43.08362,-79.07108,2024-09-16T15:12:46.000000Z
2024,260.6338773148148,43.08362,-79.07107,2024-09-16T15:12:47.000000Z
2024,260.63388888888886,43.08361,-79.07107,2024-09-16T15:12:48.000000Z
2024,260.63390046296297,43.08361,-79.07106,2024-09-16T15:12:49.000000Z
2024,260.633912037037,43.08361,-79.07106,2024-09-16T15:12:50.000000Z
2024,260.63392361111113,43.08361,-79.07106,2024-09-16T15:12:51.000000Z
2024,260.6339351851852,43.0836,-79.07106,2024-09-16T15:12:52.000000Z
2024,260.63394675925923,43.08359,-79.07105,2024-09-16T15:12:53.000000Z
2024,260.63395833333334,43.08359,-79.07104,2024-09-16T15:12:54.000000Z
2024,260.6339699074074,43.08359,-79.07102,2024-09-16T15:12:55.000000Z
2024,260.6339814814815,43.08358,-79.071,2024-09-16T15:12:56.000000Z
2024,260.63399305555555,43.08357,-79.07099,2024-09-16T15:12:57.000000Z
2024,260.6340046296296,43.08356,-79.07098,2024-09-16T15:12:58.000000Z
2024,260.6340162037037,43.08355,-79.07099,2024-09-16T15:12:59.000000Z
2024,260.63402777777776,43.08354,-79.071,2024-09-16T15:13:00.000000Z
2024,260.6340393518518,43.08353,-79.07101,2024-09-16T15:13:01.000000Z
2024,260.6340509259259,43.08351,-79.07102,2024-09-16T15:13:02.000000Z
2024,260.63406249999997,43.0835,-79.07103,2024-09-16T15:13:03.000000Z
2024,260.6340740740741,43.08349,-79.07105,2024-09-16T15:13:04.000000Z
2024,260.63408564814813,43.08348,-79.07106,2024-09-16T15:13:05.000000Z
2024,260.6340972222222,43.08348,-79.07107,2024-09-16T15:13:06.000000Z
2024,260.6341087962963,43.08347,-79.07108,2024-09-16T15:13:07.000000Z
2024,260.63412037037034,43.08348,-79.07109,2024-09-16T15:13:08.000000Z
2024,260.63413194444445,43.08348,-79.07109,2024-09-16T15:13:09.000000Z
2024,260.6341435185185,43.08349,-79.0711,2024-09-16T15:13:10.000000Z
2024,260.63415509259255,43.08349,-79.07111,2024-09-16T15:13:11.000000Z
2024,260.63416666666666,43.08349,-79.07111,2024-09-16T15:13:12.000000Z
2024,260.6341782407407,43.08349,-79.07112,2024-09-16T15:13:13.000000Z
2024,260.6341898148148,43.08349,-79.07112,2024-09-16T15:13:14.000000Z
2024,260.63420138888887,43.08349,-79.07112,2024-09-16T15:13:15.000000Z
2024,260.6342129629629,43.08349,-79.07112,2024-09-16T15:13:16.000000Z
2024,260.634224537037,43.08349,-79.07112,2024-09-16T15:13:17.000000Z
2024,260.6342361111111,43.08349,-79.07112,2024-09-16T15:13:18.000000Z
2024,260.6342476851852,43.08349,-79.07112,2024-09-16T15:13:19.000000Z
2024,260.63425925925924,43.08349,-79.07112,2024-09-16T15:13:20.000000Z
2024,260.6342708333333,43.0835,-79.07112,2024-09-16T15:13:21.000000Z
2024,260.6342824074074,43.0835,-79.07112,2024-09-16T15:13:22.000000Z
2024,260.63429398148145,43.0835,-79.07112,2024-09-16T15:13:23.000000Z
2024,260.63430555555556,43.0835,-79.07112,2024-09-16T15:13:24.000000Z
2024,260.6343171296296,43.0835,-79.07112,2024-09-16T15:13:25.000000Z
2024,260.63432870370366,43.08351,-79.07113,2024-09-16T15:13:26.000000Z
2024,260.63434027777777,43.08351,-79.07113,2024-09-16T15:13:27.000000Z
2024,260.6343518518518,43.08352,-79.07114,2024-09-16T15:13:28.000000Z
2024,260.6343634259259,43.08352,-79.07115,2024-09-16T15:13:29.000000Z
2024,260.634375,43.08353,-79.07115,2024-09-16T15:13:30.000000Z
2024,260.63438657407403,43.08353,-79.07116,2024-09-16T15:13:31.000000Z
2024,260.63439814814814,43.08354,-79.07117,2024-09-16T15:13:32.000000Z
2024,260.6344097222222,43.08354,-79.07118,2024-09-16T15:13:33.000000Z
2024,260.6344212962963,43.08354,-79.07118,2024-09-16T15:13:34.000000Z
2024,260.63443287037035,43.08354,-79.07118,2024-09-16T15:13:35.000000Z
2024,260.63444444444445,43.08355,-79.07119,2024-09-16T15:13:36.000000Z
2024,260.6344560185185,43.08355,-79.07119,2024-09-16T15:13:37.000000Z
2024,260.63446759259256,43.08356,-79.0712,2024-09-16T15:13:38.000000Z
2024,260.63447916666667,43.08356,-79.0712,2024-09-16T15:13:39.000000Z
2024,260.6344907407407,43.08356,-79.07121,2024-09-16T15:13:40.000000Z
2024,260.6345023148148,43.08357,-79.07121,2024-09-16T15:13:41.000000Z
2024,260.6345138888889,43.08358,-79.07122,2024-09-16T15:13:42.000000Z
2024,260.6345254629629,43.08358,-79.07123,2024-09-16T15:13:43.000000Z
2024,260.63453703703703,43.08358,-79.07125,2024-09-16T15:13:44.000000Z
2024,260.6345486111111,43.08357,-79.07126,2024-09-16T15:13:45.000000Z
2024,260.6345601851852,43.08356,-79.07127,2024-09-16T15:13:46.000000Z
2024,260.63457175925925,43.08356,-79.07128,2024-09-16T15:13:47.000000Z
2024,260.6345833333333,43.08355,-79.07128,2024-09-16T15:13:48.000000Z
2024,260.6345949074074,43.08355,-79.0713,2024-09-16T15:13:49.000000Z
2024,260.63460648148146,43.08354,-79.07131,2024-09-16T15:13:50.000000Z
2024,260.63461805555556,43.08354,-79.07132,2024-09-16T15:13:51.000000Z
2024,260.6346296296296,43.08353,-79.07134,2024-09-16T15:13:52.000000Z
2024,260.63464120370367,43.08352,-79.07135,2024-09-16T15:13:53.000000Z
2024,260.6346527777778,43.08351,-79.07135,2024-09-16T15:13:54.000000Z
2024,260.6346643518518,43.0835,-79.07137,2024-09-16T15:13:55.000000Z
2024,260.63467592592593,43.08349,-79.07138,2024-09-16T15:13:56.000000Z
2024,260.6346875,43.08348,-79.07138,2024-09-16T15:13:57.000000Z
2024,260.63469907407404,43.08347,-79.07139,2024-09-16T15:13:58.000000Z
2024,260.63471064814814,43.08346,-79.0714,2024-09-16T15:13:59.000000Z
2024,260.6347222222222,43.08345,-79.07141,2024-09-16T15:14:00.000000Z
2024,260.63473379629625,43.08344,-79.07142,2024-09-16T15:14:01.000000Z
2024,260.63474537037035,43.08343,-79.07143,2024-09-16T15:14:02.000000Z
2024,260.6347569444444,43.08342,-79.07144,2024-09-16T15:14:03.000000Z
2024,260.6347685185185,43.08341,-79.07144,2024-09-16T15:14:04.000000Z
2024,260.63478009259256,43.08341,-79.07146,2024-09-16T15:14:05.000000Z
2024,260.6347916666666,43.0834,-79.07147,2024-09-16T15:14:06.000000Z
2024,260.6348032407407,43.08339,-79.07147,2024-09-16T15:14:07.000000Z
2024,260.6348148148148,43.08338,-79.07148,2024-09-16T15:14:08.000000Z
2024,260.6348263888889,43.08337,-79.07149,2024-09-16T15:14:09.000000Z
2024,260.63483796296293,43.08335,-79.0715,2024-09-16T15:14:10.000000Z
2024,260.634849537037,43.08335,-79.07151,2024-09-16T15:14:11.000000Z
2024,260.6348611111111,43.08333,-79.07152,2024-09-16T15:14:12.000000Z
2024,260.63487268518514,43.08333,-79.07153,2024-09-16T15:14:13.000000Z
2024,260.63488425925925,43.08332,-79.07154,2024-09-16T15:14:14.000000Z
2024,260.6348958333333,43.08331,-79.07155,2024-09-16T15:14:15.000000Z
2024,260.63490740740735,43.0833,-79.07156,2024-09-16T15:14:16.000000Z
2024,260.6349305555555,43.08329,-79.07158,2024-09-16T15:14:18.000000Z
2024,260.6349421296296,43.08329,-79.0716,2024-09-16T15:14:19.000000Z
2024,260.6349537037037,43.08328,-79.0716,2024-09-16T15:14:20.000000Z
2024,260.6349652777777,43.08327,-79.07162,2024-09-16T15:14:21.000000Z
2024,260.63497685185183,43.08326,-79.07163,2024-09-16T15:14:22.000000Z
2024,260.6349884259259,43.08325,-79.07164,2024-09-16T15:14:23.000000Z
2024,260.635,43.08324,-79.07164,2024-09-16T15:14:24.000000Z
2024,260.63501157407404,43.08324,-79.07165,2024-09-16T15:14:25.000000Z
2024,260.6350231481481,43.08323,-79.07166,2024-09-16T15:14:26.000000Z
2024,260.6350347222222,43.08322,-79.07166,2024-09-16T15:14:27.000000Z
2024,260.63504629629625,43.08322,-79.07167,2024-09-16T15:14:28.000000Z
2024,260.63505787037036,43.08321,-79.07169,2024-09-16T15:14:29.000000Z
2024,260.6350694444444,43.0832,-79.0717,2024-09-16T15:14:30.000000Z
2024,260.63508101851846,43.08319,-79.07171,2024-09-16T15:14:31.000000Z
2024,260.63509259259257,43.08318,-79.07172,2024-09-16T15:14:32.000000Z
2024,260.6351041666666,43.08317,-79.07173,2024-09-16T15:14:33.000000Z
2024,260.63511574074073,43.08316,-79.07174,2024-09-16T15:14:34.000000Z
2024,260.6351273148148,43.08314,-79.07175,2024-09-16T15:14:35.000000Z
2024,260.6351388888889,43.08314,-79.07176,2024-09-16T15:14:36.000000Z
2024,260.63515046296294,43.08312,-79.07176,2024-09-16T15:14:37.000000Z
2024,260.635162037037,43.08311,-79.07177,2024-09-16T15:14:38.000000Z
2024,260.6351736111111,43.0831,-79.07178,2024-09-16T15:14:39.000000Z
2024,260.63518518518515,43.08309,-79.07179,2024-09-16T15:14:40.000000Z
2024,260.63519675925926,43.08308,-79.07179,2024-09-16T15:14:41.000000Z
2024,260.6352083333333,43.08306,-79.07179,2024-09-16T15:14:42.000000Z
2024,260.63521990740736,43.08305,-79.0718,2024-09-16T15:14:43.000000Z
2024,260.63523148148147,43.08304,-79.0718,2024-09-16T15:14:44.000000Z
2024,260.6352430555555,43.08303,-79.07181,2024-09-16T15:14:45.000000Z
2024,260.6352546296296,43.08302,-79.07182,2024-09-16T15:14:46.000000Z
2024,260.6352662037037,43.08301,-79.07183,2024-09-16T15:14:47.000000Z
2024,260.63527777777773,43.083,-79.07183,2024-09-16T15:14:48.000000Z
2024,260.63528935185184,43.08298,-79.07183,2024-09-16T15:14:49.000000Z
2024,260.6353009259259,43.08297,-79.07184,2024-09-16T15:14:50.000000Z
2024,260.6353125,43.08296,-79.07185,2024-09-16T15:14:51.000000Z
2024,260.63532407407405,43.08295,-79.07186,2024-09-16T15:14:52.000000Z
2024,260.6353356481481,43.08295,-79.07186,2024-09-16T15:14:53.000000Z
2024,260.6353472222222,43.08293,-79.07186,2024-09-16T15:14:54.000000Z
2024,260.63535879629626,43.08293,-79.07187,2024-09-16T15:14:55.000000Z
2024,260.63537037037037,43.08292,-79.07188,2024-09-16T15:14:56.000000Z
2024,260.6353819444444,43.08291,-79.07188,2024-09-16T15:14:57.000000Z
2024,260.63539351851847,43.0829,-79.07189,2024-09-16T15:14:58.000000Z
2024,260.6354050925926,43.08289,-79.07189,2024-09-16T15:14:59.000000Z
2024,260.6354166666667,43.08288,-79.0719,2024-09-16T15:15:00.000000Z
2024,260.63542824074074,43.08287,-79.07191,2024-09-16T15:15:01.000000Z
2024,260.63543981481484,43.08285,-79.07191,2024-09-16T15:15:02.000000Z
2024,260.6354513888889,43.08285,-79.07192,2024-09-16T15:15:03.000000Z
2024,260.635462962963,43.08283,-79.07192,2024-09-16T15:15:04.000000Z
2024,260.6354976851852,43.0828,-79.07193,2024-09-16T15:15:07.000000Z
2024,260.63550925925927,43.08279,-79.07193,2024-09-16T15:15:08.000000Z
2024,260.6355208333334,43.08279,-79.07193,2024-09-16T15:15:09.000000Z
2024,260.6355324074074,43.08277,-79.07193,2024-09-16T15:15:10.000000Z
2024,260.6355439814815,43.08277,-79.07194,2024-09-16T15:15:11.000000Z
2024,260.6355555555556,43.08276,-79.07195,2024-09-16T15:15:12.000000Z
2024,260.63556712962964,43.08275,-79.07195,2024-09-16T15:15:13.000000Z
2024,260.63557870370374,43.08274,-79.07196,2024-09-16T15:15:14.000000Z
2024,260.6355902777778,43.08272,-79.07196,2024-09-16T15:15:15.000000Z
2024,260.63560185185185,43.08271,-79.07196,2024-09-16T15:15:16.000000Z
2024,260.63561342592595,43.08269,-79.07197,2024-09-16T15:15:17.000000Z
2024,260.635625,43.08269,-79.07198,2024-09-16T15:15:18.000000Z
2024,260.6356365740741,43.08268,-79.07198,2024-09-16T15:15:19.000000Z
2024,260.63564814814816,43.08268,-79.07199,2024-09-16T15:15:20.000000Z
2024,260.6356597222222,43.08268,-79.07199,2024-09-16T15:15:21.000000Z
2024,260.6356712962963,43.08267,-79.072,2024-09-16T15:15:22.000000Z
2024,260.6357291666667,43.08261,-79.07203,2024-09-16T15:15:27.000000Z
2024,260.63574074074074,43.0826,-79.07204,2024-09-16T15:15:28.000000Z
2024,260.63575231481485,43.08259,-79.07204,2024-09-16T15:15:29.000000Z
2024,260.6357638888889,43.08258,-79.07204,2024-09-16T15:15:30.000000Z
2024,260.63577546296295,43.08258,-79.07203,2024-09-16T15:15:31.000000Z
2024,260.63578703703706,43.08257,-79.07202,2024-09-16T15:15:32.000000Z
2024,260.6357986111111,43.08257,-79.07201,2024-09-16T15:15:33.000000Z
2024,260.6358101851852,43.08256,-79.072,2024-09-16T15:15:34.000000Z
2024,260.6358217592593,43.08256,-79.07199,2024-09-16T15:15:35.000000Z
2024,260.6358333333334,43.08255,-79.07199,2024-09-16T15:15:36.000000Z
2024,260.63584490740743,43.08255,-79.07199,2024-09-16T15:15:37.000000Z
2024,260.6358564814815,43.08254,-79.07198,2024-09-16T15:15:38.000000Z
2024,260.6358680555556,43.08253,-79.07197,2024-09-16T15:15:39.000000Z
2024,260.63587962962964,43.08253,-79.07196,2024-09-16T15:15:40.000000Z
2024,260.63589120370375,43.08253,-79.07196,2024-09-16T15:15:41.000000Z
2024,260.6359027777778,43.08251,-79.07195,2024-09-16T15:15:42.000000Z
2024,260.63591435185185,43.0825,-79.07195,2024-09-16T15:15:43.000000Z
2024,260.63592592592596,43.08249,-79.07195,2024-09-16T15:15:44.000000Z
2024,260.6359375,43.08248,-79.07195,2024-09-16T15:15:45.000000Z
2024,260.6359490740741,43.08246,-79.07195,2024-09-16T15:15:46.000000Z
2024,260.63697916666666,43.08235,-79.07142,2024-09-16T15:17:15.000000Z
2024,260.6369907407407,43.08234,-79.07144,2024-09-16T15:17:16.000000Z
2024,260.6370023148148,43.08231,-79.07144,2024-09-16T15:17:17.000000Z
2024,260.6370138888889,43.08231,-79.07144,2024-09-16T15:17:18.000000Z
2024,260.637025462963,43.08231,-79.07145,2024-09-16T15:17:19.000000Z
2024,260.63703703703703,43.08231,-79.07145,2024-09-16T15:17:20.000000Z
2024,260.6370486111111,43.0823,-79.07145,2024-09-16T15:17:21.000000Z
2024,260.6370601851852,43.08231,-79.07146,2024-09-16T15:17:22.000000Z
2024,260.63707175925924,43.08231,-79.07147,2024-09-16T15:17:23.000000Z
2024,260.63708333333335,43.08231,-79.07147,2024-09-16T15:17:24.000000Z
2024,260.6370949074074,43.08231,-79.07148,2024-09-16T15:17:25.000000Z
2024,260.63710648148145,43.08231,-79.07149,2024-09-16T15:17:26.000000Z
2024,260.63711805555556,43.0823,-79.07149,2024-09-16T15:17:27.000000Z
2024,260.63715277777777,43.0823,-79.0715,2024-09-16T15:17:30.000000Z
2024,260.6371643518518,43.0823,-79.0715,2024-09-16T15:17:31.000000Z
2024,260.63717592592593,43.0823,-79.07151,2024-09-16T15:17:32.000000Z
2024,260.6371875,43.0823,-79.07151,2024-09-16T15:17:33.000000Z
2024,260.6371990740741,43.0823,-79.0715,2024-09-16T15:17:34.000000Z
2024,260.63721064814814,43.0823,-79.07149,2024-09-16T15:17:35.000000Z
2024,260.63722222222225,43.08231,-79.07149,2024-09-16T15:17:36.000000Z
2024,260.6372337962963,43.08231,-79.07149,2024-09-16T15:17:37.000000Z
2024,260.63724537037035,43.08231,-79.07149,2024-09-16T15:17:38.000000Z
2024,260.63725694444446,43.08231,-79.07149,2024-09-16T15:17:39.000000Z
2024,260.6372685185185,43.08231,-79.07149,2024-09-16T15:17:40.000000Z
2024,260.6372800925926,43.08231,-79.07149,2024-09-16T15:17:41.000000Z
2024,260.63729166666667,43.08232,-79.07149,2024-09-16T15:17:42.000000Z
2024,260.6373263888889,43.08232,-79.07151,2024-09-16T15:17:45.000000Z
2024,260.637337962963,43.08232,-79.07151,2024-09-16T15:17:46.000000Z
2024,260.63734953703704,43.08232,-79.07151,2024-09-16T15:17:47.000000Z
2024,260.6373611111111,43.08232,-79.07151,2024-09-16T15:17:48.000000Z
2024,260.63739583333336,43.08233,-79.0715,2024-09-16T15:17:51.000000Z
2024,260.63743055555557,43.08233,-79.0715,2024-09-16T15:17:54.000000Z
2024,260.6374421296296,43.08233,-79.0715,2024-09-16T15:17:55.000000Z
2024,260.6374537037037,43.08233,-79.0715,2024-09-16T15:17:56.000000Z
2024,260.6374652777778,43.08234,-79.0715,2024-09-16T15:17:57.000000Z
2024,260.63747685185183,43.08233,-79.0715,2024-09-16T15:17:58.000000Z
2024,260.63748842592594,43.08234,-79.0715,2024-09-16T15:17:59.000000Z
2024,260.6375,43.08234,-79.0715,2024-09-16T15:18:00.000000Z
2024,260.63751157407404,43.08234,-79.0715,2024-09-16T15:18:01.000000Z
2024,260.63752314814815,43.08234,-79.0715,2024-09-16T15:18:02.000000Z
2024,260.6375347222222,43.08234,-79.0715,2024-09-16T15:18:03.000000Z
2024,260.6375462962963,43.08233,-79.0715,2024-09-16T15:18:04.000000Z
2024,260.63755787037036,43.08233,-79.07151,2024-09-16T15:18:05.000000Z
2024,260.63759259259257,43.08233,-79.0715,2024-09-16T15:18:08.000000Z
2024,260.6376041666667,43.08233,-79.07151,2024-09-16T15:18:09.000000Z
2024,260.6376157407407,43.08233,-79.0715,2024-09-16T15:18:10.000000Z
2024,260.6376273148148,43.08233,-79.0715,2024-09-16T15:18:11.000000Z
2024,260.6376388888889,43.08233,-79.07149,2024-09-16T15:18:12.000000Z
2024,260.63765046296294,43.08233,-79.07149,2024-09-16T15:18:13.000000Z
2024,260.63766203703705,43.08233,-79.07149,2024-09-16T15:18:14.000000Z
2024,260.6376736111111,43.08233,-79.07149,2024-09-16T15:18:15.000000Z
2024,260.63768518518515,43.08233,-79.07149,2024-09-16T15:18:16.000000Z
2024,260.63769675925926,43.08233,-79.07149,2024-09-16T15:18:17.000000Z
2024,260.6377083333333,43.08233,-79.07148,2024-09-16T15:18:18.000000Z
2024,260.6377199074074,43.08234,-79.07148,2024-09-16T15:18:19.000000Z
2024,260.63773148148147,43.08234,-79.07148,2024-09-16T15:18:20.000000Z
2024,260.6377430555555,43.08234,-79.07148,2024-09-16T15:18:21.000000Z
2024,260.6377546296296,43.08234,-79.07147,2024-09-16T15:18:22.000000Z
2024,260.6377662037037,43.08234,-79.07147,2024-09-16T15:18:23.000000Z
2024,260.6377777777778,43.08234,-79.07147,2024-09-16T15:18:24.000000Z
2024,260.63778935185184,43.08234,-79.07147,2024-09-16T15:18:25.000000Z
2024,260.6378009259259,43.08234,-79.07147,2024-09-16T15:18:26.000000Z
2024,260.6378125,43.08234,-79.07147,2024-09-16T15:18:27.000000Z
2024,260.63782407407405,43.08234,-79.07147,2024-09-16T15:18:28.000000Z
2024,260.63783564814815,43.08234,-79.07146,2024-09-16T15:18:29.000000Z
2024,260.6378472222222,43.08234,-79.07146,2024-09-16T15:18:30.000000Z
2024,260.63785879629626,43.08235,-79.07145,2024-09-16T15:18:31.000000Z
2024,260.63787037037036,43.08235,-79.07145,2024-09-16T15:18:32.000000Z
2024,260.6378819444444,43.08235,-79.07144,2024-09-16T15:18:33.000000Z
2024,260.6378935185185,43.08235,-79.07144,2024-09-16T15:18:34.000000Z
2024,260.6379050925926,43.08235,-79.07144,2024-09-16T15:18:35.000000Z
2024,260.6379166666667,43.08235,-79.07144,2024-09-16T15:18:36.000000Z
2024,260.63792824074073,43.08235,-79.07144,2024-09-16T15:18:37.000000Z
2024,260.6379398148148,43.08235,-79.07144,2024-09-16T15:18:38.000000Z
2024,260.6379513888889,43.08235,-79.07144,2024-09-16T15:18:39.000000Z
2024,260.63796296296294,43.08235,-79.07144,2024-09-16T15:18:40.000000Z
2024,260.63797453703705,43.08235,-79.07144,2024-09-16T15:18:41.000000Z
2024,260.6379861111111,43.08235,-79.07144,2024-09-16T15:18:42.000000Z
2024,260.6380208333333,43.08235,-79.07144,2024-09-16T15:18:45.000000Z
2024,260.6380324074074,43.08235,-79.07144,2024-09-16T15:18:46.000000Z
2024,260.6380439814815,43.08235,-79.07144,2024-09-16T15:18:47.000000Z
2024,260.6380555555555,43.08235,-79.07144,2024-09-16T15:18:48.000000Z
2024,260.63806712962963,43.08235,-79.07144,2024-09-16T15:18:49.000000Z
2024,260.6380787037037,43.08235,-79.07144,2024-09-16T15:18:50.000000Z
2024,260.6380902777778,43.08235,-79.07144,2024-09-16T15:18:51.000000Z
2024,260.63810185185184,43.08235,-79.07144,2024-09-16T15:18:52.000000Z
2024,260.6381134259259,43.08235,-79.07144,2024-09-16T15:18:53.000000Z
2024,260.638125,43.08235,-79.07144,2024-09-16T15:18:54.000000Z
2024,260.63813657407405,43.08236,-79.07143,2024-09-16T15:18:55.000000Z
2024,260.63814814814816,43.08236,-79.07143,2024-09-16T15:18:56.000000Z
2024,260.6381597222222,43.08236,-79.07143,2024-09-16T15:18:57.000000Z
2024,260.63817129629626,43.08236,-79.07141,2024-09-16T15:18:58.000000Z
2024,260.6381828703704,43.08237,-79.07141,2024-09-16T15:18:59.000000Z
2024,260.6381944444444,43.08237,-79.07139,2024-09-16T15:19:00.000000Z
2024,260.6382060185185,43.08237,-79.07138,2024-09-16T15:19:01.000000Z
2024,260.6382175925926,43.08237,-79.07136,2024-09-16T15:19:02.000000Z
2024,260.63822916666663,43.08237,-79.07133,2024-09-16T15:19:03.000000Z
2024,260.63824074074074,43.08235,-79.07131,2024-09-16T15:19:04.000000Z
2024,260.6382523148148,43.08233,-79.0713,2024-09-16T15:19:05.000000Z
2024,260.63826388888884,43.08231,-79.07128,2024-09-16T15:19:06.000000Z
2024,260.63827546296295,43.0823,-79.07127,2024-09-16T15:19:07.000000Z
2024,260.638287037037,43.08229,-79.07127,2024-09-16T15:19:08.000000Z
2024,260.6382986111111,43.08228,-79.07127,2024-09-16T15:19:09.000000Z
2024,260.63831018518516,43.08228,-79.07127,2024-09-16T15:19:10.000000Z
2024,260.6383217592592,43.08228,-79.07128,2024-09-16T15:19:11.000000Z
2024,260.6383333333333,43.08228,-79.07128,2024-09-16T15:19:12.000000Z
2024,260.6383449074074,43.08228,-79.07128,2024-09-16T15:19:13.000000Z
2024,260.6383564814815,43.08228,-79.07128,2024-09-16T15:19:14.000000Z
2024,260.63836805555553,43.08228,-79.07128,2024-09-16T15:19:15.000000Z
2024,260.6383796296296,43.08228,-79.07128,2024-09-16T15:19:16.000000Z
2024,260.6383912037037,43.08228,-79.07128,2024-09-16T15:19:17.000000Z
2024,260.63840277777774,43.08228,-79.07128,2024-09-16T15:19:18.000000Z
2024,260.63841435185185,43.08228,-79.07128,2024-09-16T15:19:19.000000Z
2024,260.6384259259259,43.08228,-79.07128,2024-09-16T15:19:20.000000Z
2024,260.63843749999995,43.08228,-79.07128,2024-09-16T15:19:21.000000Z
2024,260.63844907407406,43.08228,-79.07128,2024-09-16T15:19:22.000000Z
2024,260.6384606481481,43.08228,-79.07128,2024-09-16T15:19:23.000000Z
2024,260.6384722222222,43.08228,-79.07128,2024-09-16T15:19:24.000000Z
2024,260.63848379629627,43.08228,-79.07128,2024-09-16T15:19:25.000000Z
2024,260.6384953703703,43.08228,-79.07128,2024-09-16T15:19:26.000000Z
2024,260.63850694444443,43.08228,-79.07128,2024-09-16T15:19:27.000000Z
2024,260.6385185185185,43.08228,-79.07128,2024-09-16T15:19:28.000000Z
2024,260.6385300925926,43.08228,-79.07128,2024-09-16T15:19:29.000000Z
2024,260.63854166666664,43.08228,-79.07128,2024-09-16T15:19:30.000000Z
2024,260.6385532407407,43.08228,-79.07128,2024-09-16T15:19:31.000000Z
2024,260.6385648148148,43.08228,-79.07128,2024-09-16T15:19:32.000000Z
2024,260.63857638888885,43.08228,-79.07128,2024-09-16T15:19:33.000000Z
2024,260.63858796296296,43.08227,-79.07128,2024-09-16T15:19:34.000000Z
2024,260.638599537037,43.08227,-79.07128,2024-09-16T15:19:35.000000Z
2024,260.6386111111111,43.08227,-79.07128,2024-09-16T15:19:36.000000Z
2024,260.63862268518517,43.08227,-79.07128,2024-09-16T15:19:37.000000Z
2024,260.6386342592592,43.08227,-79.07128,2024-09-16T15:19:38.000000Z
2024,260.6386458333333,43.08226,-79.07128,2024-09-16T15:19:39.000000Z
2024,260.6386574074074,43.08224,-79.07128,2024-09-16T15:19:40.000000Z
2024,260.6386689814815,43.08222,-79.07127,2024-09-16T15:19:41.000000Z
2024,260.63868055555554,43.08221,-79.07126,2024-09-16T15:19:42.000000Z
2024,260.6386921296296,43.08219,-79.07126,2024-09-16T15:19:43.000000Z
2024,260.6387037037037,43.08218,-79.07125,2024-09-16T15:19:44.000000Z
2024,260.63871527777775,43.08216,-79.07125,2024-09-16T15:19:45.000000Z
2024,260.63872685185186,43.08215,-79.07125,2024-09-16T15:19:46.000000Z
2024,260.6387384259259,43.08214,-79.07125,2024-09-16T15:19:47.000000Z
2024,260.63874999999996,43.08213,-79.07125,2024-09-16T15:19:48.000000Z
2024,260.63876157407407,43.08211,-79.07125,2024-09-16T15:19:49.000000Z
2024,260.6387731481481,43.08211,-79.07125,2024-09-16T15:19:50.000000Z
2024,260.6387847222222,43.08209,-79.07124,2024-09-16T15:19:51.000000Z
2024,260.6387962962963,43.08208,-79.07122,2024-09-16T15:19:52.000000Z
2024,260.63880787037033,43.08207,-79.07121,2024-09-16T15:19:53.000000Z
2024,260.63881944444444,43.08207,-79.07118,2024-09-16T15:19:54.000000Z
2024,260.6388310185185,43.08207,-79.07116,2024-09-16T15:19:55.000000Z
2024,260.6388425925926,43.08207,-79.07114,2024-09-16T15:19:56.000000Z
2024,260.63885416666665,43.08207,-79.07112,2024-09-16T15:19:57.000000Z
2024,260.6388657407407,43.08208,-79.0711,2024-09-16T15:19:58.000000Z
2024,260.6388773148148,43.08208,-79.07109,2024-09-16T15:19:59.000000Z
2024,260.6388888888889,43.08209,-79.07106,2024-09-16T15:20:00.000000Z
2024,260.63890046296297,43.0821,-79.07105,2024-09-16T15:20:01.000000Z
2024,260.6389120370371,43.08211,-79.07103,2024-09-16T15:20:02.000000Z
2024,260.6389236111111,43.08211,-79.07102,2024-09-16T15:20:03.000000Z
2024,260.63893518518523,43.08213,-79.071,2024-09-16T15:20:04.000000Z
2024,260.6389467592593,43.08213,-79.07099,2024-09-16T15:20:05.000000Z
2024,260.63895833333333,43.08214,-79.07097,2024-09-16T15:20:06.000000Z
2024,260.63896990740744,43.08215,-79.07096,2024-09-16T15:20:07.000000Z
2024,260.6389814814815,43.08216,-79.07095,2024-09-16T15:20:08.000000Z
2024,260.6389930555556,43.08217,-79.07094,2024-09-16T15:20:09.000000Z
2024,260.63900462962965,43.08218,-79.07094,2024-09-16T15:20:10.000000Z
2024,260.6390162037037,43.08218,-79.07094,2024-09-16T15:20:11.000000Z
2024,260.6390277777778,43.08219,-79.07093,2024-09-16T15:20:12.000000Z
2024,260.6390625,43.0822,-79.07093,2024-09-16T15:20:15.000000Z
2024,260.63909722222223,43.0822,-79.07094,2024-09-16T15:20:18.000000Z
2024,260.63910879629634,43.0822,-79.07094,2024-09-16T15:20:19.000000Z
2024,260.6391203703704,43.0822,-79.07096,2024-09-16T15:20:20.000000Z
2024,260.63913194444444,43.08219,-79.07097,2024-09-16T15:20:21.000000Z
2024,260.63914351851855,43.08219,-79.07097,2024-09-16T15:20:22.000000Z
2024,260.6391550925926,43.08219,-79.07098,2024-09-16T15:20:23.000000Z
2024,260.6391666666667,43.08219,-79.07097,2024-09-16T15:20:24.000000Z
2024,260.63917824074076,43.08218,-79.07097,2024-09-16T15:20:25.000000Z
2024,260.6391898148148,43.08218,-79.07096,2024-09-16T15:20:26.000000Z
2024,260.6392013888889,43.08216,-79.07097,2024-09-16T15:20:27.000000Z
2024,260.639212962963,43.08216,-79.07097,2024-09-16T15:20:28.000000Z
2024,260.6392245370371,43.08216,-79.07097,2024-09-16T15:20:29.000000Z
2024,260.63923611111113,43.08214,-79.07098,2024-09-16T15:20:30.000000Z
2024,260.6392476851852,43.08213,-79.071,2024-09-16T15:20:31.000000Z
2024,260.6392592592593,43.0821,-79.07101,2024-09-16T15:20:32.000000Z
2024,260.63927083333334,43.08207,-79.07103,2024-09-16T15:20:33.000000Z
2024,260.63928240740745,43.08206,-79.07105,2024-09-16T15:20:34.000000Z
2024,260.6392939814815,43.08205,-79.07107,2024-09-16T15:20:35.000000Z
2024,260.6393055555556,43.08204,-79.07107,2024-09-16T15:20:36.000000Z
2024,260.63931712962966,43.08205,-79.07107,2024-09-16T15:20:37.000000Z
2024,260.6393287037037,43.08205,-79.07107,2024-09-16T15:20:38.000000Z
2024,260.6393402777778,43.08204,-79.07107,2024-09-16T15:20:39.000000Z
2024,260.63935185185187,43.08203,-79.07106,2024-09-16T15:20:40.000000Z
2024,260.639363425926,43.08203,-79.07106,2024-09-16T15:20:41.000000Z
2024,260.63937500000003,43.08202,-79.07107,2024-09-16T15:20:42.000000Z
2024,260.6393865740741,43.08202,-79.07107,2024-09-16T15:20:43.000000Z
2024,260.6393981481482,43.08201,-79.07109,2024-09-16T15:20:44.000000Z
2024,260.63940972222224,43.08201,-79.07109,2024-09-16T15:20:45.000000Z
2024,260.63942129629635,43.08202,-79.07109,2024-09-16T15:20:46.000000Z
2024,260.6394328703704,43.08205,-79.07106,2024-09-16T15:20:47.000000Z
2024,260.63944444444445,43.08206,-79.07105,2024-09-16T15:20:48.000000Z
2024,260.63945601851856,43.08206,-79.07105,2024-09-16T15:20:49.000000Z
2024,260.6394675925926,43.08206,-79.07104,2024-09-16T15:20:50.000000Z
2024,260.6394791666667,43.08208,-79.07103,2024-09-16T15:20:51.000000Z
2024,260.63949074074077,43.0821,-79.07102,2024-09-16T15:20:52.000000Z
2024,260.6395023148148,43.08211,-79.071,2024-09-16T15:20:53.000000Z
2024,260.6395138888889,43.08212,-79.07099,2024-09-16T15:20:54.000000Z
2024,260.639525462963,43.08213,-79.07098,2024-09-16T15:20:55.000000Z
2024,260.6395370370371,43.08213,-79.07097,2024-09-16T15:20:56.000000Z
2024,260.63954861111114,43.08212,-79.07096,2024-09-16T15:20:57.000000Z
2024,260.6395601851852,43.08213,-79.07096,2024-09-16T15:20:58.000000Z
2024,260.6395717592593,43.08214,-79.07093,2024-09-16T15:20:59.000000Z
2024,260.63958333333335,43.08214,-79.07093,2024-09-16T15:21:00.000000Z
2024,260.6395949074074,43.08214,-79.07094,2024-09-16T15:21:01.000000Z
2024,260.6396064814815,43.08214,-79.07095,2024-09-16T15:21:02.000000Z
2024,260.63961805555556,43.08215,-79.07094,2024-09-16T15:21:03.000000Z
2024,260.63962962962967,43.08215,-79.07093,2024-09-16T15:21:04.000000Z
2024,260.6396412037037,43.08216,-79.07093,2024-09-16T15:21:05.000000Z
2024,260.63965277777777,43.08216,-79.07093,2024-09-16T15:21:06.000000Z
2024,260.6396643518519,43.08216,-79.07093,2024-09-16T15:21:07.000000Z
2024,260.6396759259259,43.08216,-79.07093,2024-09-16T15:21:08.000000Z
2024,260.63968750000004,43.08218,-79.07093,2024-09-16T15:21:09.000000Z
2024,260.6396990740741,43.08218,-79.07093,2024-09-16T15:21:10.000000Z
2024,260.63971064814814,43.08218,-79.07093,2024-09-16T15:21:11.000000Z
2024,260.63972222222225,43.08219,-79.07093,2024-09-16T15:21:12.000000Z
2024,260.6397337962963,43.08219,-79.07092,2024-09-16T15:21:13.000000Z
2024,260.6397453703704,43.08218,-79.07092,2024-09-16T15:21:14.000000Z
2024,260.63975694444446,43.08218,-79.07092,2024-09-16T15:21:15.000000Z
2024,260.6397685185185,43.08217,-79.07092,2024-09-16T15:21:16.000000Z
2024,260.6397800925926,43.08217,-79.07092,2024-09-16T15:21:17.000000Z
2024,260.63979166666667,43.08216,-79.07091,2024-09-16T15:21:18.000000Z
2024,260.6398032407408,43.08217,-79.07091,2024-09-16T15:21:19.000000Z
2024,260.6398148148148,43.08217,-79.07091,2024-09-16T15:21:20.000000Z
2024,260.6398263888889,43.08218,-79.07092,2024-09-16T15:21:21.000000Z
2024,260.639837962963,43.08218,-79.07092,2024-09-16T15:21:22.000000Z
2024,260.63984953703704,43.08218,-79.07092,2024-09-16T15:21:23.000000Z
2024,260.63986111111114,43.08218,-79.07092,2024-09-16T15:21:24.000000Z
2024,260.6398726851852,43.08218,-79.07093,2024-09-16T15:21:25.000000Z
2024,260.63988425925925,43.08219,-79.07092,2024-09-16T15:21:26.000000Z
2024,260.63989583333336,43.08219,-79.07092,2024-09-16T15:21:27.000000Z
2024,260.6399074074074,43.08219,-79.07092,2024-09-16T15:21:28.000000Z
2024,260.6399189814815,43.08219,-79.07091,2024-09-16T15:21:29.000000Z
2024,260.63993055555557,43.08218,-79.07092,2024-09-16T15:21:30.000000Z
2024,260.6399421296296,43.08217,-79.07093,2024-09-16T15:21:31.000000Z
2024,260.6399537037037,43.08216,-79.07094,2024-09-16T15:21:32.000000Z
2024,260.6399652777778,43.08215,-79.07094,2024-09-16T15:21:33.000000Z
2024,260.6399768518519,43.08215,-79.07094,2024-09-16T15:21:34.000000Z
2024,260.63998842592594,43.08215,-79.07094,2024-09-16T15:21:35.000000Z
2024,260.64000000000004,43.08215,-79.07095,2024-09-16T15:21:36.000000Z
2024,260.6400115740741,43.08215,-79.07096,2024-09-16T15:21:37.000000Z
2024,260.64002314814815,43.08214,-79.07096,2024-09-16T15:21:38.000000Z
2024,260.64003472222225,43.08214,-79.07097,2024-09-16T15:21:39.000000Z
2024,260.6400462962963,43.08215,-79.07097,2024-09-16T15:21:40.000000Z
2024,260.6400578703704,43.08215,-79.07097,2024-09-16T15:21:41.000000Z
2024,260.64006944444446,43.08216,-79.07098,2024-09-16T15:21:42.000000Z
2024,260.6400810185185,43.08218,-79.07096,2024-09-16T15:21:43.000000Z
2024,260.6400925925926,43.08218,-79.07096,2024-09-16T15:21:44.000000Z
2024,260.6401041666667,43.08219,-79.07096,2024-09-16T15:21:45.000000Z
2024,260.6401157407408,43.08219,-79.07096,2024-09-16T15:21:46.000000Z
2024,260.64012731481483,43.08219,-79.07096,2024-09-16T15:21:47.000000Z
2024,260.6401388888889,43.08217,-79.07096,2024-09-16T15:21:48.000000Z
2024,260.640150462963,43.08217,-79.07095,2024-09-16T15:21:49.000000Z
2024,260.64016203703704,43.08218,-79.07094,2024-09-16T15:21:50.000000Z
2024,260.64017361111115,43.08217,-79.07093,2024-09-16T15:21:51.000000Z
2024,260.6401851851852,43.08218,-79.07093,2024-09-16T15:21:52.000000Z
2024,260.64019675925925,43.08218,-79.07092,2024-09-16T15:21:53.000000Z
2024,260.64020833333336,43.08217,-79.07092,2024-09-16T15:21:54.000000Z
2024,260.6402199074074,43.08217,-79.07092,2024-09-16T15:21:55.000000Z
2024,260.6402314814815,43.08216,-79.07092,2024-09-16T15:21:56.000000Z
2024,260.6402430555556,43.08216,-79.07091,2024-09-16T15:21:57.000000Z
2024,260.6402546296296,43.08215,-79.07091,2024-09-16T15:21:58.000000Z
2024,260.64026620370373,43.08215,-79.0709,2024-09-16T15:21:59.000000Z
2024,260.6402777777778,43.08216,-79.0709,2024-09-16T15:22:00.000000Z
2024,260.64028935185183,43.08216,-79.07089,2024-09-16T15:22:01.000000Z
2024,260.64030092592594,43.08216,-79.07088,2024-09-16T15:22:02.000000Z
2024,260.6403125,43.08216,-79.07088,2024-09-16T15:22:03.000000Z
2024,260.6403240740741,43.08215,-79.07088,2024-09-16T15:22:04.000000Z
2024,260.64033564814815,43.08214,-79.07089,2024-09-16T15:22:05.000000Z
2024,260.6403472222222,43.08215,-79.07089,2024-09-16T15:22:06.000000Z
2024,260.6403587962963,43.08214,-79.07089,2024-09-16T15:22:07.000000Z
2024,260.64037037037036,43.08214,-79.07089,2024-09-16T15:22:08.000000Z
2024,260.64038194444447,43.08214,-79.0709,2024-09-16T15:22:09.000000Z
2024,260.6403935185185,43.08214,-79.07091,2024-09-16T15:22:10.000000Z
2024,260.6404050925926,43.08213,-79.07091,2024-09-16T15:22:11.000000Z
2024,260.6404166666667,43.08213,-79.07092,2024-09-16T15:22:12.000000Z
2024,260.64042824074073,43.08211,-79.07093,2024-09-16T15:22:13.000000Z
2024,260.64043981481484,43.08211,-79.07093,2024-09-16T15:22:14.000000Z
2024,260.6404513888889,43.0821,-79.07095,2024-09-16T15:22:15.000000Z
2024,260.64046296296294,43.0821,-79.07095,2024-09-16T15:22:16.000000Z
2024,260.64047453703705,43.08209,-79.07096,2024-09-16T15:22:17.000000Z
2024,260.6404861111111,43.08209,-79.07098,2024-09-16T15:22:18.000000Z
2024,260.6404976851852,43.08212,-79.07099,2024-09-16T15:22:19.000000Z
2024,260.64050925925926,43.08212,-79.07099,2024-09-16T15:22:20.000000Z
2024,260.6405208333333,43.08213,-79.07099,2024-09-16T15:22:21.000000Z
2024,260.6405324074074,43.08212,-79.07097,2024-09-16T15:22:22.000000Z
2024,260.64054398148147,43.08211,-79.07097,2024-09-16T15:22:23.000000Z
2024,260.6405555555556,43.0821,-79.07098,2024-09-16T15:22:24.000000Z
2024,260.64056712962963,43.08209,-79.07098,2024-09-16T15:22:25.000000Z
2024,260.6405787037037,43.08209,-79.07099,2024-09-16T15:22:26.000000Z
2024,260.6405902777778,43.0821,-79.07102,2024-09-16T15:22:27.000000Z
2024,260.64060185185184,43.08212,-79.07102,2024-09-16T15:22:28.000000Z
2024,260.64061342592595,43.08214,-79.07102,2024-09-16T15:22:29.000000Z
2024,260.640625,43.08216,-79.07099,2024-09-16T15:22:30.000000Z
2024,260.64063657407405,43.08216,-79.07101,2024-09-16T15:22:31.000000Z
2024,260.64064814814816,43.08216,-79.07102,2024-09-16T15:22:32.000000Z
2024,260.6406597222222,43.08216,-79.07103,2024-09-16T15:22:33.000000Z
2024,260.6406712962963,43.08215,-79.07105,2024-09-16T15:22:34.000000Z
2024,260.64068287037037,43.08214,-79.07106,2024-09-16T15:22:35.000000Z
2024,260.6406944444445,43.08214,-79.07107,2024-09-16T15:22:36.000000Z
2024,260.64070601851853,43.08213,-79.07109,2024-09-16T15:22:37.000000Z
2024,260.6407175925926,43.08212,-79.07109,2024-09-16T15:22:38.000000Z
2024,260.6407291666667,43.08211,-79.07111,2024-09-16T15:22:39.000000Z
2024,260.64074074074074,43.0821,-79.07112,2024-09-16T15:22:40.000000Z
2024,260.64075231481485,43.08209,-79.07114,2024-09-16T15:22:41.000000Z
2024,260.6407638888889,43.08209,-79.07115,2024-09-16T15:22:42.000000Z
2024,260.64077546296295,43.08209,-79.07117,2024-09-16T15:22:43.000000Z
2024,260.64078703703706,43.08208,-79.07118,2024-09-16T15:22:44.000000Z
2024,260.6407986111111,43.08207,-79.07118,2024-09-16T15:22:45.000000Z
2024,260.6408101851852,43.08206,-79.07117,2024-09-16T15:22:46.000000Z
2024,260.64082175925927,43.08205,-79.07116,2024-09-16T15:22:47.000000Z
2024,260.6408333333333,43.08203,-79.07116,2024-09-16T15:22:48.000000Z
2024,260.6408449074074,43.08201,-79.07116,2024-09-16T15:22:49.000000Z
2024,260.6408564814815,43.08199,-79.07115,2024-09-16T15:22:50.000000Z
2024,260.6408680555556,43.08198,-79.07115,2024-09-16T15:22:51.000000Z
2024,260.64087962962964,43.08197,-79.07115,2024-09-16T15:22:52.000000Z
2024,260.6408912037037,43.08195,-79.07115,2024-09-16T15:22:53.000000Z
2024,260.6409027777778,43.08193,-79.07114,2024-09-16T15:22:54.000000Z
2024,260.64091435185185,43.08192,-79.07114,2024-09-16T15:22:55.000000Z
2024,260.64092592592596,43.0819,-79.07113,2024-09-16T15:22:56.000000Z
2024,260.6409375,43.08189,-79.07113,2024-09-16T15:22:57.000000Z
2024,260.64094907407406,43.08187,-79.07113,2024-09-16T15:22:58.000000Z
2024,260.64096064814817,43.08185,-79.07113,2024-09-16T15:22:59.000000Z
2024,260.6409722222222,43.08184,-79.07113,2024-09-16T15:23:00.000000Z
2024,260.64098379629627,43.08182,-79.07113,2024-09-16T15:23:01.000000Z
2024,260.6409953703704,43.08181,-79.07112,2024-09-16T15:23:02.000000Z
2024,260.6410069444444,43.08181,-79.07112,2024-09-16T15:23:03.000000Z
2024,260.64101851851854,43.0818,-79.07112,2024-09-16T15:23:04.000000Z
2024,260.6410300925926,43.08179,-79.07111,2024-09-16T15:23:05.000000Z
2024,260.64104166666664,43.08178,-79.0711,2024-09-16T15:23:06.000000Z
2024,260.64105324074075,43.08177,-79.07109,2024-09-16T15:23:07.000000Z
2024,260.6410648148148,43.08175,-79.07109,2024-09-16T15:23:08.000000Z
2024,260.6410763888889,43.08173,-79.07109,2024-09-16T15:23:09.000000Z
2024,260.64108796296296,43.08171,-79.07109,2024-09-16T15:23:10.000000Z
2024,260.641099537037,43.08169,-79.07108,2024-09-16T15:23:11.000000Z
2024,260.6411111111111,43.08169,-79.07107,2024-09-16T15:23:12.000000Z
2024,260.64112268518517,43.08168,-79.07107,2024-09-16T15:23:13.000000Z
2024,260.6411342592593,43.08167,-79.07106,2024-09-16T15:23:14.000000Z
2024,260.6411458333333,43.08166,-79.07106,2024-09-16T15:23:15.000000Z
2024,260.6411574074074,43.08165,-79.07106,2024-09-16T15:23:16.000000Z
2024,260.6411689814815,43.08163,-79.07105,2024-09-16T15:23:17.000000Z
2024,260.64118055555554,43.08162,-79.07104,2024-09-16T15:23:18.000000Z
2024,260.64119212962964,43.08161,-79.07102,2024-09-16T15:23:19.000000Z
2024,260.6412037037037,43.0816,-79.07101,2024-09-16T15:23:20.000000Z
2024,260.64121527777775,43.08159,-79.07099,2024-09-16T15:23:21.000000Z
2024,260.64122685185185,43.08158,-79.07097,2024-09-16T15:23:22.000000Z
2024,260.6412384259259,43.08157,-79.07095,2024-09-16T15:23:23.000000Z
2024,260.64125,43.08156,-79.07093,2024-09-16T15:23:24.000000Z
2024,260.64126157407406,43.08155,-79.07092,2024-09-16T15:23:25.000000Z
2024,260.6412731481481,43.08155,-79.0709,2024-09-16T15:23:26.000000Z
2024,260.6412847222222,43.08153,-79.07088,2024-09-16T15:23:27.000000Z
2024,260.6412962962963,43.08152,-79.07086,2024-09-16T15:23:28.000000Z
2024,260.6413078703704,43.08152,-79.07084,2024-09-16T15:23:29.000000Z
2024,260.64131944444443,43.08151,-79.07083,2024-09-16T15:23:30.000000Z
2024,260.6413310185185,43.0815,-79.0708,2024-09-16T15:23:31.000000Z
2024,260.6413425925926,43.0815,-79.07079,2024-09-16T15:23:32.000000Z
2024,260.64135416666664,43.0815,-79.07077,2024-09-16T15:23:33.000000Z
2024,260.64136574074075,43.0815,-79.07074,2024-09-16T15:23:34.000000Z
2024,260.6413773148148,43.0815,-79.07072,2024-09-16T15:23:35.000000Z
2024,260.6413888888889,43.08149,-79.0707,2024-09-16T15:23:36.000000Z
2024,260.64140046296296,43.08149,-79.07068,2024-09-16T15:23:37.000000Z
2024,260.641412037037,43.08148,-79.07067,2024-09-16T15:23:38.000000Z
2024,260.6414236111111,43.08148,-79.07065,2024-09-16T15:23:39.000000Z
2024,260.6414351851852,43.08147,-79.07064,2024-09-16T15:23:40.000000Z
2024,260.6414467592593,43.08146,-79.07061,2024-09-16T15:23:41.000000Z
2024,260.64145833333333,43.08145,-79.0706,2024-09-16T15:23:42.000000Z
2024,260.6414699074074,43.08143,-79.07059,2024-09-16T15:23:43.000000Z
2024,260.6414814814815,43.08143,-79.07058,2024-09-16T15:23:44.000000Z
2024,260.64149305555554,43.08141,-79.07058,2024-09-16T15:23:45.000000Z
2024,260.64150462962965,43.0814,-79.07057,2024-09-16T15:23:46.000000Z
2024,260.6415162037037,43.08139,-79.07057,2024-09-16T15:23:47.000000Z
2024,260.64152777777775,43.08138,-79.07057,2024-09-16T15:23:48.000000Z
2024,260.64153935185186,43.08137,-79.07056,2024-09-16T15:23:49.000000Z
2024,260.6415509259259,43.08136,-79.07054,2024-09-16T15:23:50.000000Z
2024,260.6415625,43.08134,-79.07054,2024-09-16T15:23:51.000000Z
2024,260.6415740740741,43.08133,-79.07053,2024-09-16T15:23:52.000000Z
2024,260.6415856481481,43.08132,-79.07051,2024-09-16T15:23:53.000000Z
2024,260.64159722222223,43.08131,-79.07049,2024-09-16T15:23:54.000000Z
2024,260.6416087962963,43.0813,-79.07048,2024-09-16T15:23:55.000000Z
2024,260.6416203703704,43.08129,-79.07047,2024-09-16T15:23:56.000000Z
2024,260.64163194444444,43.08129,-79.07045,2024-09-16T15:23:57.000000Z
2024,260.6416435185185,43.08128,-79.07044,2024-09-16T15:23:58.000000Z
2024,260.6416550925926,43.08128,-79.07044,2024-09-16T15:23:59.000000Z
2024,260.64166666666665,43.08128,-79.07044,2024-09-16T15:24:00.000000Z
2024,260.6416782407407,43.08127,-79.07044,2024-09-16T15:24:01.000000Z
2024,260.6416898148148,43.08127,-79.07044,2024-09-16T15:24:02.000000Z
2024,260.64170138888886,43.08127,-79.07044,2024-09-16T15:24:03.000000Z
2024,260.64171296296297,43.08127,-79.07044,2024-09-16T15:24:04.000000Z
2024,260.641724537037,43.08127,-79.07044,2024-09-16T15:24:05.000000Z
2024,260.6417361111111,43.08127,-79.07044,2024-09-16T15:24:06.000000Z
2024,260.6417476851852,43.08127,-79.07044,2024-09-16T15:24:07.000000Z
2024,260.64175925925923,43.08127,-79.07044,2024-09-16T15:24:08.000000Z
2024,260.64177083333334,43.08127,-79.07046,2024-09-16T15:24:09.000000Z
2024,260.6417824074074,43.08126,-79.07047,2024-09-16T15:24:10.000000Z
2024,260.64179398148144,43.08125,-79.07047,2024-09-16T15:24:11.000000Z
2024,260.64180555555555,43.08123,-79.07047,2024-09-16T15:24:12.000000Z
2024,260.6418171296296,43.08122,-79.07047,2024-09-16T15:24:13.000000Z
2024,260.6418287037037,43.08121,-79.07046,2024-09-16T15:24:14.000000Z
2024,260.64184027777776,43.0812,-79.07045,2024-09-16T15:24:15.000000Z
2024,260.6418518518518,43.08119,-79.07044,2024-09-16T15:24:16.000000Z
2024,260.6418634259259,43.08118,-79.07044,2024-09-16T15:24:17.000000Z
2024,260.64187499999997,43.08116,-79.07044,2024-09-16T15:24:18.000000Z
2024,260.6418865740741,43.08116,-79.07044,2024-09-16T15:24:19.000000Z
2024,260.64189814814813,43.08116,-79.07044,2024-09-16T15:24:20.000000Z
2024,260.6419212962963,43.08116,-79.07044,2024-09-16T15:24:22.000000Z
2024,260.64193287037034,43.08116,-79.07044,2024-09-16T15:24:23.000000Z
2024,260.64194444444445,43.08116,-79.07044,2024-09-16T15:24:24.000000Z
2024,260.6419560185185,43.08116,-79.07044,2024-09-16T15:24:25.000000Z
2024,260.64196759259255,43.08116,-79.07044,2024-09-16T15:24:26.000000Z
2024,260.64197916666666,43.08116,-79.07044,2024-09-16T15:24:27.000000Z
2024,260.6419907407407,43.08116,-79.07044,2024-09-16T15:24:28.000000Z
2024,260.6420023148148,43.08116,-79.07044,2024-09-16T15:24:29.000000Z
2024,260.64201388888887,43.08116,-79.07044,2024-09-16T15:24:30.000000Z
2024,260.6420254629629,43.08116,-79.07044,2024-09-16T15:24:31.000000Z
2024,260.642037037037,43.08117,-79.07044,2024-09-16T15:24:32.000000Z
2024,260.6420486111111,43.08117,-79.07043,2024-09-16T15:24:33.000000Z
2024,260.6420601851852,43.08116,-79.07043,2024-09-16T15:24:34.000000Z
2024,260.64207175925924,43.08116,-79.07043,2024-09-16T15:24:35.000000Z
2024,260.64208333333335,43.08116,-79.07043,2024-09-16T15:24:36.000000Z
2024,260.6420949074074,43.08116,-79.07043,2024-09-16T15:24:37.000000Z
2024,260.64210648148145,43.08116,-79.07043,2024-09-16T15:24:38.000000Z
2024,260.64211805555556,43.08116,-79.07043,2024-09-16T15:24:39.000000Z
2024,260.6421296296296,43.08116,-79.07043,2024-09-16T15:24:40.000000Z
2024,260.6421412037037,43.08116,-79.07043,2024-09-16T15:24:41.000000Z
2024,260.64215277777777,43.08116,-79.07043,2024-09-16T15:24:42.000000Z
2024,260.6421643518518,43.08116,-79.07043,2024-09-16T15:24:43.000000Z
2024,260.6421759259259,43.08116,-79.07043,2024-09-16T15:24:44.000000Z
2024,260.6421875,43.08116,-79.07044,2024-09-16T15:24:45.000000Z
2024,260.6421990740741,43.08116,-79.07043,2024-09-16T15:24:46.000000Z
2024,260.64221064814814,43.08116,-79.07042,2024-09-16T15:24:47.000000Z
2024,260.6422222222222,43.08116,-79.07041,2024-09-16T15:24:48.000000Z
2024,260.6422337962963,43.08116,-79.07041,2024-09-16T15:24:49.000000Z
2024,260.64224537037035,43.08116,-79.07041,2024-09-16T15:24:50.000000Z
2024,260.64225694444445,43.08116,-79.0704,2024-09-16T15:24:51.000000Z
2024,260.6422685185185,43.08116,-79.0704,2024-09-16T15:24:52.000000Z
2024,260.64228009259256,43.08116,-79.07039,2024-09-16T15:24:53.000000Z
2024,260.64229166666667,43.08116,-79.07039,2024-09-16T15:24:54.000000Z
2024,260.6423032407407,43.08116,-79.07038,2024-09-16T15:24:55.000000Z
2024,260.6423148148148,43.08116,-79.07038,2024-09-16T15:24:56.000000Z
2024,260.6423263888889,43.08116,-79.07039,2024-09-16T15:24:57.000000Z
2024,260.6423379629629,43.08116,-79.07039,2024-09-16T15:24:58.000000Z
2024,260.64234953703703,43.08116,-79.07039,2024-09-16T15:24:59.000000Z
2024,260.6423611111111,43.08116,-79.07039,2024-09-16T15:25:00.000000Z
2024,260.64237268518514,43.08116,-79.07039,2024-09-16T15:25:01.000000Z
2024,260.64238425925925,43.08116,-79.07039,2024-09-16T15:25:02.000000Z
2024,260.6423958333333,43.08116,-79.07039,2024-09-16T15:25:03.000000Z
2024,260.6424074074074,43.08116,-79.07039,2024-09-16T15:25:04.000000Z
2024,260.64241898148146,43.08116,-79.07038,2024-09-16T15:25:05.000000Z
2024,260.6424305555555,43.08117,-79.07038,2024-09-16T15:25:06.000000Z
2024,260.6424421296296,43.08117,-79.07038,2024-09-16T15:25:07.000000Z
2024,260.64245370370367,43.08117,-79.07038,2024-09-16T15:25:08.000000Z
2024,260.6424652777778,43.08117,-79.07038,2024-09-16T15:25:09.000000Z
2024,260.6424768518518,43.08117,-79.07038,2024-09-16T15:25:10.000000Z
2024,260.6424884259259,43.08117,-79.07038,2024-09-16T15:25:11.000000Z
2024,260.6425,43.08117,-79.07038,2024-09-16T15:25:12.000000Z
2024,260.64251157407404,43.08117,-79.07038,2024-09-16T15:25:13.000000Z
2024,260.64252314814814,43.08117,-79.07038,2024-09-16T15:25:14.000000Z
2024,260.6425347222222,43.08117,-79.07038,2024-09-16T15:25:15.000000Z
2024,260.64254629629625,43.08117,-79.07038,2024-09-16T15:25:16.000000Z
2024,260.64255787037035,43.08117,-79.07038,2024-09-16T15:25:17.000000Z
2024,260.6425694444444,43.08117,-79.07038,2024-09-16T15:25:18.000000Z
2024,260.6425810185185,43.08117,-79.07038,2024-09-16T15:25:19.000000Z
2024,260.64259259259256,43.08117,-79.07038,2024-09-16T15:25:20.000000Z
2024,260.6426041666666,43.08117,-79.07038,2024-09-16T15:25:21.000000Z
2024,260.6426157407407,43.08117,-79.07038,2024-09-16T15:25:22.000000Z
2024,260.6426273148148,43.08117,-79.07038,2024-09-16T15:25:23.000000Z
2024,260.6426388888889,43.08117,-79.07038,2024-09-16T15:25:24.000000Z
2024,260.64265046296293,43.08117,-79.07038,2024-09-16T15:25:25.000000Z
2024,260.642662037037,43.08117,-79.07038,2024-09-16T15:25:26.000000Z
2024,260.6426736111111,43.08117,-79.07038,2024-09-16T15:25:27.000000Z
2024,260.64269675925925,43.08118,-79.07038,2024-09-16T15:25:29.000000Z
2024,260.6427083333333,43.08118,-79.07038,2024-09-16T15:25:30.000000Z
2024,260.64271990740735,43.08118,-79.07038,2024-09-16T15:25:31.000000Z
2024,260.64273148148146,43.08118,-79.07038,2024-09-16T15:25:32.000000Z
2024,260.6427430555555,43.08118,-79.07038,2024-09-16T15:25:33.000000Z
2024,260.6427546296296,43.08118,-79.07038,2024-09-16T15:25:34.000000Z
2024,260.6427662037037,43.08118,-79.07038,2024-09-16T15:25:35.000000Z
2024,260.6427777777778,43.08118,-79.07038,2024-09-16T15:25:36.000000Z
2024,260.64278935185183,43.08118,-79.07038,2024-09-16T15:25:37.000000Z
2024,260.6428009259259,43.08118,-79.07038,2024-09-16T15:25:38.000000Z
2024,260.6428125,43.08118,-79.07038,2024-09-16T15:25:39.000000Z
2024,260.64282407407404,43.08118,-79.07038,2024-09-16T15:25:40.000000Z
2024,260.64283564814815,43.08118,-79.07038,2024-09-16T15:25:41.000000Z
2024,260.6428472222222,43.08118,-79.07038,2024-09-16T15:25:42.000000Z
2024,260.64285879629625,43.08118,-79.07038,2024-09-16T15:25:43.000000Z
2024,260.64287037037036,43.08118,-79.07038,2024-09-16T15:25:44.000000Z
2024,260.6428819444444,43.08118,-79.07038,2024-09-16T15:25:45.000000Z
2024,260.6428935185185,43.08118,-79.07038,2024-09-16T15:25:46.000000Z
2024,260.64290509259257,43.08118,-79.07038,2024-09-16T15:25:47.000000Z
2024,260.6429166666666,43.08118,-79.07038,2024-09-16T15:25:48.000000Z
2024,260.64292824074073,43.08118,-79.07038,2024-09-16T15:25:49.000000Z
2024,260.6429398148148,43.08118,-79.07038,2024-09-16T15:25:50.000000Z
2024,260.6429513888889,43.08118,-79.07038,2024-09-16T15:25:51.000000Z
2024,260.64296296296294,43.08118,-79.07038,2024-09-16T15:25:52.000000Z
2024,260.642974537037,43.08118,-79.07038,2024-09-16T15:25:53.000000Z
2024,260.6429861111111,43.08118,-79.07038,2024-09-16T15:25:54.000000Z
2024,260.64299768518515,43.08118,-79.07038,2024-09-16T15:25:55.000000Z
2024,260.64300925925926,43.08118,-79.07038,2024-09-16T15:25:56.000000Z
2024,260.6430208333333,43.08118,-79.07038,2024-09-16T15:25:57.000000Z
2024,260.64303240740736,43.08118,-79.07038,2024-09-16T15:25:58.000000Z
2024,260.64304398148147,43.08118,-79.07038,2024-09-16T15:25:59.000000Z
2024,260.6430555555556,43.08118,-79.07038,2024-09-16T15:26:00.000000Z
2024,260.6430671296296,43.08118,-79.07038,2024-09-16T15:26:01.000000Z
2024,260.64307870370374,43.08118,-79.07038,2024-09-16T15:26:02.000000Z
2024,260.6430902777778,43.08118,-79.07038,2024-09-16T15:26:03.000000Z
2024,260.6431018518519,43.08118,-79.07038,2024-09-16T15:26:04.000000Z
2024,260.64311342592595,43.08118,-79.07038,2024-09-16T15:26:05.000000Z
2024,260.643125,43.08118,-79.07038,2024-09-16T15:26:06.000000Z
2024,260.6431365740741,43.08118,-79.07038,2024-09-16T15:26:07.000000Z
2024,260.64314814814816,43.08118,-79.07038,2024-09-16T15:26:08.000000Z
2024,260.64315972222226,43.08118,-79.07038,2024-09-16T15:26:09.000000Z
2024,260.6431712962963,43.08118,-79.07038,2024-09-16T15:26:10.000000Z
2024,260.64318287037037,43.08118,-79.07038,2024-09-16T15:26:11.000000Z
2024,260.6431944444445,43.08118,-79.07038,2024-09-16T15:26:12.000000Z
2024,260.6432060185185,43.08118,-79.07038,2024-09-16T15:26:13.000000Z
2024,260.64321759259263,43.08118,-79.07038,2024-09-16T15:26:14.000000Z
2024,260.6432291666667,43.08118,-79.07038,2024-09-16T15:26:15.000000Z
2024,260.64324074074074,43.08118,-79.07038,2024-09-16T15:26:16.000000Z
2024,260.64325231481484,43.08118,-79.07038,2024-09-16T15:26:17.000000Z
2024,260.6432638888889,43.08118,-79.07038,2024-09-16T15:26:18.000000Z
2024,260.643275462963,43.08118,-79.07038,2024-09-16T15:26:19.000000Z
2024,260.64328703703706,43.08118,-79.07038,2024-09-16T15:26:20.000000Z
2024,260.6432986111111,43.08118,-79.07038,2024-09-16T15:26:21.000000Z
2024,260.6433101851852,43.08118,-79.07038,2024-09-16T15:26:22.000000Z
2024,260.64332175925927,43.08118,-79.07038,2024-09-16T15:26:23.000000Z
2024,260.6433333333334,43.08118,-79.07038,2024-09-16T15:26:24.000000Z
2024,260.6433449074074,43.08118,-79.07038,2024-09-16T15:26:25.000000Z
2024,260.6433564814815,43.08118,-79.07038,2024-09-16T15:26:26.000000Z
2024,260.6433680555556,43.08118,-79.07038,2024-09-16T15:26:27.000000Z
2024,260.64337962962964,43.08118,-79.07038,2024-09-16T15:26:28.000000Z
2024,260.64339120370374,43.08118,-79.07038,2024-09-16T15:26:29.000000Z
2024,260.6434027777778,43.08118,-79.07038,2024-09-16T15:26:30.000000Z
2024,260.64341435185185,43.08118,-79.07038,2024-09-16T15:26:31.000000Z
2024,260.64342592592595,43.08118,-79.07038,2024-09-16T15:26:32.000000Z
2024,260.6434375,43.08118,-79.07038,2024-09-16T15:26:33.000000Z
2024,260.6434490740741,43.08118,-79.07038,2024-09-16T15:26:34.000000Z
2024,260.6434722222223,43.08118,-79.07038,2024-09-16T15:26:36.000000Z
2024,260.6434837962963,43.08118,-79.07038,2024-09-16T15:26:37.000000Z
2024,260.6434953703704,43.08118,-79.07038,2024-09-16T15:26:38.000000Z
2024,260.6435069444445,43.08118,-79.07038,2024-09-16T15:26:39.000000Z
2024,260.64351851851853,43.08118,-79.07038,2024-09-16T15:26:40.000000Z
2024,260.64353009259264,43.08118,-79.07038,2024-09-16T15:26:41.000000Z
2024,260.6435416666667,43.08118,-79.07038,2024-09-16T15:26:42.000000Z
2024,260.64355324074074,43.08118,-79.07038,2024-09-16T15:26:43.000000Z
2024,260.64356481481485,43.08118,-79.07038,2024-09-16T15:26:44.000000Z
2024,260.6435763888889,43.08118,-79.07038,2024-09-16T15:26:45.000000Z
2024,260.643587962963,43.08119,-79.07038,2024-09-16T15:26:46.000000Z
2024,260.64359953703706,43.08119,-79.07038,2024-09-16T15:26:47.000000Z
2024,260.6436111111111,43.08119,-79.07038,2024-09-16T15:26:48.000000Z
2024,260.6436226851852,43.08119,-79.07038,2024-09-16T15:26:49.000000Z
2024,260.6436342592593,43.08119,-79.07038,2024-09-16T15:26:50.000000Z
2024,260.6436458333334,43.08119,-79.07038,2024-09-16T15:26:51.000000Z
2024,260.64365740740743,43.08119,-79.07039,2024-09-16T15:26:52.000000Z
2024,260.6436689814815,43.08119,-79.07039,2024-09-16T15:26:53.000000Z
2024,260.6436805555556,43.08119,-79.07039,2024-09-16T15:26:54.000000Z
2024,260.64369212962964,43.08119,-79.07039,2024-09-16T15:26:55.000000Z
2024,260.64370370370375,43.08119,-79.07039,2024-09-16T15:26:56.000000Z
2024,260.6437152777778,43.08119,-79.07039,2024-09-16T15:26:57.000000Z
2024,260.64372685185185,43.08119,-79.07039,2024-09-16T15:26:58.000000Z
2024,260.64373842592596,43.08119,-79.07039,2024-09-16T15:26:59.000000Z
2024,260.64375,43.08119,-79.07039,2024-09-16T15:27:00.000000Z
2024,260.64376157407406,43.08119,-79.07039,2024-09-16T15:27:01.000000Z
2024,260.64377314814817,43.08119,-79.07039,2024-09-16T15:27:02.000000Z
2024,260.6437847222222,43.08119,-79.07039,2024-09-16T15:27:03.000000Z
2024,260.64381944444443,43.08119,-79.07039,2024-09-16T15:27:06.000000Z
2024,260.6438541666667,43.08119,-79.07039,2024-09-16T15:27:09.000000Z
2024,260.64386574074075,43.08119,-79.07039,2024-09-16T15:27:10.000000Z
2024,260.6438773148148,43.08119,-79.07039,2024-09-16T15:27:11.000000Z
2024,260.6438888888889,43.08119,-79.07039,2024-09-16T15:27:12.000000Z
2024,260.64390046296296,43.0812,-79.07039,2024-09-16T15:27:13.000000Z
2024,260.64391203703707,43.0812,-79.07039,2024-09-16T15:27:14.000000Z
2024,260.6439236111111,43.0812,-79.07039,2024-09-16T15:27:15.000000Z
2024,260.64393518518517,43.0812,-79.07039,2024-09-16T15:27:16.000000Z
2024,260.6439467592593,43.0812,-79.07039,2024-09-16T15:27:17.000000Z
2024,260.64395833333333,43.0812,-79.07039,2024-09-16T15:27:18.000000Z
2024,260.64396990740744,43.0812,-79.07039,2024-09-16T15:27:19.000000Z
2024,260.6439814814815,43.0812,-79.07039,2024-09-16T15:27:20.000000Z
2024,260.64399305555554,43.0812,-79.07039,2024-09-16T15:27:21.000000Z
2024,260.64400462962965,43.0812,-79.07039,2024-09-16T15:27:22.000000Z
2024,260.6440162037037,43.0812,-79.07039,2024-09-16T15:27:23.000000Z
2024,260.6440277777778,43.0812,-79.07039,2024-09-16T15:27:24.000000Z
2024,260.64403935185186,43.0812,-79.07039,2024-09-16T15:27:25.000000Z
2024,260.6440509259259,43.0812,-79.07039,2024-09-16T15:27:26.000000Z
2024,260.6440625,43.0812,-79.07039,2024-09-16T15:27:27.000000Z
2024,260.64407407407407,43.0812,-79.07039,2024-09-16T15:27:28.000000Z
2024,260.6440856481482,43.0812,-79.07039,2024-09-16T15:27:29.000000Z
2024,260.64409722222223,43.0812,-79.07039,2024-09-16T15:27:30.000000Z
2024,260.6441087962963,43.0812,-79.07039,2024-09-16T15:27:31.000000Z
2024,260.6441203703704,43.0812,-79.07039,2024-09-16T15:27:32.000000Z
2024,260.64413194444444,43.0812,-79.07039,2024-09-16T15:27:33.000000Z
2024,260.64414351851855,43.0812,-79.07039,2024-09-16T15:27:34.000000Z
2024,260.6441550925926,43.08121,-79.07039,2024-09-16T15:27:35.000000Z
2024,260.6441666666667,43.08121,-79.07039,2024-09-16T15:27:36.000000Z
2024,260.64417824074076,43.08121,-79.07039,2024-09-16T15:27:37.000000Z
2024,260.6441898148148,43.08121,-79.07039,2024-09-16T15:27:38.000000Z
2024,260.6442013888889,43.08121,-79.07039,2024-09-16T15:27:39.000000Z
2024,260.64421296296297,43.08121,-79.07039,2024-09-16T15:27:40.000000Z
2024,260.6442245370371,43.08121,-79.07039,2024-09-16T15:27:41.000000Z
2024,260.6442361111111,43.08121,-79.07039,2024-09-16T15:27:42.000000Z
2024,260.6442476851852,43.08121,-79.07039,2024-09-16T15:27:43.000000Z
2024,260.6442592592593,43.08121,-79.07039,2024-09-16T15:27:44.000000Z
2024,260.64427083333334,43.08121,-79.07039,2024-09-16T15:27:45.000000Z
2024,260.64428240740745,43.08121,-79.07039,2024-09-16T15:27:46.000000Z
2024,260.6442939814815,43.08121,-79.07039,2024-09-16T15:27:47.000000Z
2024,260.64430555555555,43.08121,-79.07039,2024-09-16T15:27:48.000000Z
2024,260.64431712962966,43.08121,-79.07039,2024-09-16T15:27:49.000000Z
2024,260.6443287037037,43.08121,-79.07038,2024-09-16T15:27:50.000000Z
2024,260.6443402777778,43.08121,-79.07039,2024-09-16T15:27:51.000000Z
2024,260.64435185185187,43.08121,-79.07038,2024-09-16T15:27:52.000000Z
2024,260.6443634259259,43.08121,-79.07038,2024-09-16T15:27:53.000000Z
2024,260.644375,43.08121,-79.07038,2024-09-16T15:27:54.000000Z
2024,260.6443865740741,43.08121,-79.07038,2024-09-16T15:27:55.000000Z
2024,260.6443981481482,43.08121,-79.07038,2024-09-16T15:27:56.000000Z
2024,260.64440972222224,43.08121,-79.07038,2024-09-16T15:27:57.000000Z
2024,260.6444212962963,43.08121,-79.07038,2024-09-16T15:27:58.000000Z
2024,260.6444328703704,43.08121,-79.07038,2024-09-16T15:27:59.000000Z
2024,260.64444444444445,43.08121,-79.07038,2024-09-16T15:28:00.000000Z
2024,260.6444560185185,43.08121,-79.07038,2024-09-16T15:28:01.000000Z
2024,260.6444675925926,43.08121,-79.07038,2024-09-16T15:28:02.000000Z
2024,260.64447916666666,43.08121,-79.07038,2024-09-16T15:28:03.000000Z
2024,260.64449074074076,43.08121,-79.07038,2024-09-16T15:28:04.000000Z
2024,260.6445023148148,43.08121,-79.07038,2024-09-16T15:28:05.000000Z
2024,260.64451388888887,43.08121,-79.07038,2024-09-16T15:28:06.000000Z
2024,260.644525462963,43.08121,-79.07038,2024-09-16T15:28:07.000000Z
2024,260.644537037037,43.08121,-79.07038,2024-09-16T15:28:08.000000Z
2024,260.64454861111113,43.08121,-79.07038,2024-09-16T15:28:09.000000Z
2024,260.64458333333334,43.08121,-79.07038,2024-09-16T15:28:12.000000Z
2024,260.64461805555555,43.08121,-79.07038,2024-09-16T15:28:15.000000Z
2024,260.6446296296296,43.08121,-79.07038,2024-09-16T15:28:16.000000Z
2024,260.6446412037037,43.08121,-79.07038,2024-09-16T15:28:17.000000Z
2024,260.64465277777776,43.08121,-79.07038,2024-09-16T15:28:18.000000Z
2024,260.6446643518519,43.08121,-79.07038,2024-09-16T15:28:19.000000Z
2024,260.6446759259259,43.08121,-79.07038,2024-09-16T15:28:20.000000Z
2024,260.64471064814813,43.08121,-79.07039,2024-09-16T15:28:23.000000Z
2024,260.64472222222224,43.08121,-79.07039,2024-09-16T15:28:24.000000Z
2024,260.6447337962963,43.08121,-79.0704,2024-09-16T15:28:25.000000Z
2024,260.64474537037034,43.08121,-79.07041,2024-09-16T15:28:26.000000Z
2024,260.64475694444445,43.08121,-79.07041,2024-09-16T15:28:27.000000Z
2024,260.6447685185185,43.08121,-79.07041,2024-09-16T15:28:28.000000Z
2024,260.6447800925926,43.0812,-79.07041,2024-09-16T15:28:29.000000Z
2024,260.64479166666666,43.0812,-79.07042,2024-09-16T15:28:30.000000Z
2024,260.6448032407407,43.0812,-79.07042,2024-09-16T15:28:31.000000Z
2024,260.6448148148148,43.0812,-79.07042,2024-09-16T15:28:32.000000Z
2024,260.6448263888889,43.0812,-79.07044,2024-09-16T15:28:33.000000Z
2024,260.644837962963,43.08119,-79.07043,2024-09-16T15:28:34.000000Z
2024,260.64484953703703,43.08119,-79.07044,2024-09-16T15:28:35.000000Z
2024,260.64486111111114,43.08119,-79.07044,2024-09-16T15:28:36.000000Z
2024,260.6448726851852,43.08119,-79.07044,2024-09-16T15:28:37.000000Z
2024,260.64488425925924,43.08119,-79.07043,2024-09-16T15:28:38.000000Z
2024,260.64489583333335,43.08119,-79.07043,2024-09-16T15:28:39.000000Z
2024,260.6449074074074,43.08118,-79.07043,2024-09-16T15:28:40.000000Z
2024,260.6449189814815,43.08118,-79.07042,2024-09-16T15:28:41.000000Z
2024,260.64493055555556,43.08115,-79.07042,2024-09-16T15:28:42.000000Z
2024,260.6449421296296,43.08112,-79.07041,2024-09-16T15:28:43.000000Z
2024,260.6510185185185,43.09122,-79.04769,2024-09-16T15:37:28.000000Z
2024,260.65103009259263,43.09123,-79.04755,2024-09-16T15:37:29.000000Z
2024,260.6510416666667,43.09124,-79.04741,2024-09-16T15:37:30.000000Z
2024,260.65105324074074,43.09124,-79.04727,2024-09-16T15:37:31.000000Z
2024,260.65106481481484,43.09124,-79.04713,2024-09-16T15:37:32.000000Z
2024,260.6510763888889,43.09125,-79.047,2024-09-16T15:37:33.000000Z
2024,260.651087962963,43.09125,-79.04687,2024-09-16T15:37:34.000000Z
2024,260.65109953703706,43.09125,-79.04675,2024-09-16T15:37:35.000000Z
2024,260.65111111111116,43.09126,-79.04663,2024-09-16T15:37:36.000000Z
2024,260.6511226851852,43.09127,-79.04652,2024-09-16T15:37:37.000000Z
2024,260.65113425925927,43.09127,-79.04642,2024-09-16T15:37:38.000000Z
2024,260.6511458333334,43.09127,-79.04632,2024-09-16T15:37:39.000000Z
2024,260.6511574074074,43.09127,-79.04623,2024-09-16T15:37:40.000000Z
2024,260.65116898148153,43.09128,-79.04613,2024-09-16T15:37:41.000000Z
2024,260.6511805555556,43.09128,-79.04602,2024-09-16T15:37:42.000000Z
2024,260.65119212962964,43.09128,-79.04592,2024-09-16T15:37:43.000000Z
2024,260.65120370370374,43.09129,-79.04579,2024-09-16T15:37:44.000000Z
2024,260.6512152777778,43.0913,-79.04566,2024-09-16T15:37:45.000000Z
2024,260.6512268518519,43.0913,-79.04554,2024-09-16T15:37:46.000000Z
2024,260.66136574074073,43.09468,-79.05222,2024-09-16T15:52:22.000000Z
2024,260.6613773148148,43.09467,-79.05236,2024-09-16T15:52:23.000000Z
2024,260.6613888888889,43.09466,-79.05251,2024-09-16T15:52:24.000000Z
2024,260.66140046296294,43.09466,-79.05265,2024-09-16T15:52:25.000000Z
2024,260.661412037037,43.09466,-79.05278,2024-09-16T15:52:26.000000Z
2024,260.6614236111111,43.09466,-79.0529,2024-09-16T15:52:27.000000Z
2024,260.66143518518516,43.09465,-79.05303,2024-09-16T15:52:28.000000Z
2024,260.66144675925926,43.09465,-79.05316,2024-09-16T15:52:29.000000Z
2024,260.6614583333333,43.09465,-79.05329,2024-09-16T15:52:30.000000Z
2024,260.66146990740737,43.09465,-79.05342,2024-09-16T15:52:31.000000Z
2024,260.6614814814815,43.09465,-79.05355,2024-09-16T15:52:32.000000Z
2024,260.6614930555555,43.09464,-79.05367,2024-09-16T15:52:33.000000Z
2024,260.66150462962963,43.09463,-79.05377,2024-09-16T15:52:34.000000Z
2024,260.6615162037037,43.09463,-79.05388,2024-09-16T15:52:35.000000Z
2024,260.6615277777778,43.09462,-79.05397,2024-09-16T15:52:36.000000Z
2024,260.66153935185184,43.09462,-79.05404,2024-09-16T15:52:37.000000Z
2024,260.6615509259259,43.09461,-79.0541,2024-09-16T15:52:38.000000Z
2024,260.6615625,43.09461,-79.05414,2024-09-16T15:52:39.000000Z
2024,260.66157407407405,43.0946,-79.05417,2024-09-16T15:52:40.000000Z
2024,260.6717824074074,43.11902,-79.05898,2024-09-16T16:07:22.000000Z
2024,260.67179398148147,43.11902,-79.05898,2024-09-16T16:07:23.000000Z
2024,260.6718055555556,43.11902,-79.05899,2024-09-16T16:07:24.000000Z
2024,260.67181712962963,43.11902,-79.05898,2024-09-16T16:07:25.000000Z
2024,260.6718287037037,43.11902,-79.05898,2024-09-16T16:07:26.000000Z
2024,260.6718402777778,43.11902,-79.05898,2024-09-16T16:07:27.000000Z
2024,260.67185185185184,43.11902,-79.05898,2024-09-16T16:07:28.000000Z
2024,260.67186342592595,43.11902,-79.05898,2024-09-16T16:07:29.000000Z
2024,260.671875,43.11902,-79.05898,2024-09-16T16:07:30.000000Z
2024,260.67188657407405,43.11902,-79.05898,2024-09-16T16:07:31.000000Z
2024,260.67189814814816,43.11902,-79.05898,2024-09-16T16:07:32.000000Z
2024,260.6719097222222,43.11902,-79.05898,2024-09-16T16:07:33.000000Z
2024,260.6719212962963,43.11902,-79.05897,2024-09-16T16:07:34.000000Z
2024,260.67193287037037,43.11902,-79.05897,2024-09-16T16:07:35.000000Z
2024,260.6719444444445,43.11902,-79.05897,2024-09-16T16:07:36.000000Z
2024,260.67195601851853,43.11902,-79.05897,2024-09-16T16:07:37.000000Z
2024,260.6719675925926,43.11902,-79.05897,2024-09-16T16:07:38.000000Z
2024,260.6719791666667,43.11902,-79.05897,2024-09-16T16:07:39.000000Z
2024,260.67199074074074,43.11901,-79.05897,2024-09-16T16:07:40.000000Z
2024,260.6821990740741,43.11755,-79.05828,2024-09-16T16:22:22.000000Z
2024,260.68221064814816,43.11756,-79.05828,2024-09-16T16:22:23.000000Z
2024,260.68222222222226,43.11757,-79.05827,2024-09-16T16:22:24.000000Z
2024,260.6822337962963,43.11758,-79.05826,2024-09-16T16:22:25.000000Z
2024,260.68224537037037,43.1176,-79.05823,2024-09-16T16:22:26.000000Z
2024,260.6822569444445,43.11761,-79.05822,2024-09-16T16:22:27.000000Z
2024,260.6822685185185,43.11762,-79.05822,2024-09-16T16:22:28.000000Z
2024,260.68228009259263,43.11763,-79.05821,2024-09-16T16:22:29.000000Z
2024,260.6822916666667,43.11764,-79.05821,2024-09-16T16:22:30.000000Z
2024,260.68230324074074,43.11765,-79.05821,2024-09-16T16:22:31.000000Z
2024,260.68231481481484,43.11766,-79.0582,2024-09-16T16:22:32.000000Z
2024,260.6823263888889,43.11767,-79.0582,2024-09-16T16:22:33.000000Z
2024,260.682337962963,43.11767,-79.0582,2024-09-16T16:22:34.000000Z
2024,260.68234953703706,43.11768,-79.0582,2024-09-16T16:22:35.000000Z
2024,260.68236111111116,43.11769,-79.0582,2024-09-16T16:22:36.000000Z
2024,260.6823726851852,43.1177,-79.0582,2024-09-16T16:22:37.000000Z
2024,260.68238425925927,43.11771,-79.0582,2024-09-16T16:22:38.000000Z
2024,260.6823958333334,43.11772,-79.0582,2024-09-16T16:22:39.000000Z
2024,260.6824074074074,43.11772,-79.0582,2024-09-16T16:22:40.000000Z
2024,260.6926041666667,43.11814,-79.0592,2024-09-16T16:37:21.000000Z
2024,260.6926157407408,43.11814,-79.05921,2024-09-16T16:37:22.000000Z
2024,260.69262731481484,43.11814,-79.05923,2024-09-16T16:37:23.000000Z
2024,260.69263888888895,43.11814,-79.05924,2024-09-16T16:37:24.000000Z
2024,260.692650462963,43.11813,-79.05926,2024-09-16T16:37:25.000000Z
2024,260.69266203703705,43.11813,-79.05928,2024-09-16T16:37:26.000000Z
2024,260.69267361111116,43.11813,-79.05929,2024-09-16T16:37:27.000000Z
2024,260.6926851851852,43.11813,-79.0593,2024-09-16T16:37:28.000000Z
2024,260.6926967592593,43.11814,-79.05931,2024-09-16T16:37:29.000000Z
2024,260.69270833333337,43.11814,-79.05933,2024-09-16T16:37:30.000000Z
2024,260.6927199074074,43.11814,-79.05934,2024-09-16T16:37:31.000000Z
2024,260.69273148148153,43.11815,-79.05936,2024-09-16T16:37:32.000000Z
2024,260.6927430555556,43.11816,-79.05937,2024-09-16T16:37:33.000000Z
2024,260.6927546296297,43.11816,-79.05938,2024-09-16T16:37:34.000000Z
2024,260.69276620370374,43.11816,-79.0594,2024-09-16T16:37:35.000000Z
2024,260.69277777777785,43.11816,-79.05941,2024-09-16T16:37:36.000000Z
2024,260.6927893518519,43.11816,-79.05942,2024-09-16T16:37:37.000000Z
2024,260.69280092592595,43.11816,-79.05943,2024-09-16T16:37:38.000000Z
2024,260.69281250000006,43.11816,-79.05944,2024-09-16T16:37:39.000000Z
2024,260.6928240740741,43.11816,-79.05946,2024-09-16T16:37:40.000000Z
2024,260.7030208333333,43.11817,-79.05918,2024-09-16T16:52:21.000000Z
2024,260.7030324074074,43.11817,-79.05918,2024-09-16T16:52:22.000000Z
2024,260.70304398148147,43.11816,-79.05918,2024-09-16T16:52:23.000000Z
2024,260.7030555555556,43.11816,-79.05918,2024-09-16T16:52:24.000000Z
2024,260.70306712962963,43.11816,-79.05918,2024-09-16T16:52:25.000000Z
2024,260.7030787037037,43.11816,-79.05918,2024-09-16T16:52:26.000000Z
2024,260.7030902777778,43.11816,-79.05918,2024-09-16T16:52:27.000000Z
2024,260.70310185185184,43.11816,-79.05918,2024-09-16T16:52:28.000000Z
2024,260.70311342592595,43.11815,-79.05918,2024-09-16T16:52:29.000000Z
2024,260.703125,43.11814,-79.05917,2024-09-16T16:52:30.000000Z
2024,260.70313657407405,43.11813,-79.05918,2024-09-16T16:52:31.000000Z
2024,260.70314814814816,43.11812,-79.05917,2024-09-16T16:52:32.000000Z
2024,260.7031597222222,43.11812,-79.05918,2024-09-16T16:52:33.000000Z
2024,260.7031712962963,43.11812,-79.05918,2024-09-16T16:52:34.000000Z
2024,260.70318287037037,43.11812,-79.05917,2024-09-16T16:52:35.000000Z
2024,260.7031944444445,43.11812,-79.05917,2024-09-16T16:52:36.000000Z
2024,260.70320601851853,43.11812,-79.05916,2024-09-16T16:52:37.000000Z
2024,260.7032175925926,43.11812,-79.05915,2024-09-16T16:52:38.000000Z
2024,260.7032291666667,43.11811,-79.05915,2024-09-16T16:52:39.000000Z
2024,260.70324074074074,43.1181,-79.05914,2024-09-16T16:52:40.000000Z
2024,260.71343749999994,43.11735,-79.05968,2024-09-16T17:07:21.000000Z
2024,260.71344907407405,43.11735,-79.05968,2024-09-16T17:07:22.000000Z
2024,260.7134606481481,43.11735,-79.05968,2024-09-16T17:07:23.000000Z
2024,260.7134722222222,43.11735,-79.05968,2024-09-16T17:07:24.000000Z
2024,260.71348379629626,43.11734,-79.05968,2024-09-16T17:07:25.000000Z
2024,260.7134953703703,43.11734,-79.05968,2024-09-16T17:07:26.000000Z
2024,260.7135069444444,43.11734,-79.05968,2024-09-16T17:07:27.000000Z
2024,260.71351851851847,43.11734,-79.05968,2024-09-16T17:07:28.000000Z
2024,260.7135300925926,43.11735,-79.05968,2024-09-16T17:07:29.000000Z
2024,260.71354166666663,43.11735,-79.05968,2024-09-16T17:07:30.000000Z
2024,260.7135532407407,43.11735,-79.05968,2024-09-16T17:07:31.000000Z
2024,260.7135648148148,43.11736,-79.05969,2024-09-16T17:07:32.000000Z
2024,260.71357638888884,43.11737,-79.05969,2024-09-16T17:07:33.000000Z
2024,260.71358796296295,43.11737,-79.05969,2024-09-16T17:07:34.000000Z
2024,260.713599537037,43.11738,-79.05969,2024-09-16T17:07:35.000000Z
2024,260.7136111111111,43.11738,-79.05969,2024-09-16T17:07:36.000000Z
2024,260.71362268518516,43.11738,-79.05969,2024-09-16T17:07:37.000000Z
2024,260.7136342592592,43.11738,-79.05969,2024-09-16T17:07:38.000000Z
2024,260.7136458333333,43.11738,-79.05969,2024-09-16T17:07:39.000000Z
2024,260.71365740740737,43.11738,-79.05969,2024-09-16T17:07:40.000000Z
2024,260.7238541666666,43.11727,-79.05969,2024-09-16T17:22:21.000000Z
2024,260.72386574074073,43.11727,-79.0597,2024-09-16T17:22:22.000000Z
2024,260.7238773148148,43.11727,-79.0597,2024-09-16T17:22:23.000000Z
2024,260.7238888888889,43.11727,-79.05971,2024-09-16T17:22:24.000000Z
2024,260.72390046296294,43.11727,-79.05971,2024-09-16T17:22:25.000000Z
2024,260.723912037037,43.11728,-79.05972,2024-09-16T17:22:26.000000Z
2024,260.7239236111111,43.11727,-79.05972,2024-09-16T17:22:27.000000Z
2024,260.72393518518516,43.11728,-79.05973,2024-09-16T17:22:28.000000Z
2024,260.72394675925926,43.11728,-79.05973,2024-09-16T17:22:29.000000Z
2024,260.7239583333333,43.11728,-79.05973,2024-09-16T17:22:30.000000Z
2024,260.72396990740737,43.11728,-79.05973,2024-09-16T17:22:31.000000Z
2024,260.7239814814815,43.11727,-79.05974,2024-09-16T17:22:32.000000Z
2024,260.7239930555555,43.11727,-79.05974,2024-09-16T17:22:33.000000Z
2024,260.72400462962963,43.11727,-79.05974,2024-09-16T17:22:34.000000Z
2024,260.7240162037037,43.11727,-79.05975,2024-09-16T17:22:35.000000Z
2024,260.7240277777778,43.11727,-79.05975,2024-09-16T17:22:36.000000Z
2024,260.72403935185184,43.11727,-79.05975,2024-09-16T17:22:37.000000Z
2024,260.7240509259259,43.11727,-79.05975,2024-09-16T17:22:38.000000Z
2024,260.7240625,43.11727,-79.05975,2024-09-16T17:22:39.000000Z
2024,260.72407407407405,43.11727,-79.05975,2024-09-16T17:22:40.000000Z
2024,260.7342708333333,43.11728,-79.05962,2024-09-16T17:37:21.000000Z
2024,260.7342824074074,43.11728,-79.05962,2024-09-16T17:37:22.000000Z
2024,260.73429398148147,43.11729,-79.05962,2024-09-16T17:37:23.000000Z
2024,260.7343055555556,43.11729,-79.05962,2024-09-16T17:37:24.000000Z
2024,260.73431712962963,43.11729,-79.05963,2024-09-16T17:37:25.000000Z
2024,260.7343287037037,43.11729,-79.05963,2024-09-16T17:37:26.000000Z
2024,260.7343402777778,43.11729,-79.05963,2024-09-16T17:37:27.000000Z
2024,260.73435185185184,43.1173,-79.05963,2024-09-16T17:37:28.000000Z
2024,260.73436342592595,43.1173,-79.05963,2024-09-16T17:37:29.000000Z
2024,260.734375,43.1173,-79.05963,2024-09-16T17:37:30.000000Z
2024,260.73438657407405,43.1173,-79.05964,2024-09-16T17:37:31.000000Z
2024,260.73439814814816,43.1173,-79.05965,2024-09-16T17:37:32.000000Z
2024,260.7344097222222,43.1173,-79.05965,2024-09-16T17:37:33.000000Z
2024,260.7344212962963,43.1173,-79.05966,2024-09-16T17:37:34.000000Z
2024,260.73443287037037,43.1173,-79.05966,2024-09-16T17:37:35.000000Z
2024,260.7344444444445,43.1173,-79.05966,2024-09-16T17:37:36.000000Z
2024,260.73445601851853,43.1173,-79.05967,2024-09-16T17:37:37.000000Z
2024,260.7344675925926,43.1173,-79.05968,2024-09-16T17:37:38.000000Z
2024,260.7344791666667,43.1173,-79.05968,2024-09-16T17:37:39.000000Z
2024,260.73449074074074,43.1173,-79.05968,2024-09-16T17:37:40.000000Z
2024,260.74468749999994,43.11732,-79.05967,2024-09-16T17:52:21.000000Z
2024,260.74469907407405,43.11732,-79.05967,2024-09-16T17:52:22.000000Z
2024,260.7447106481481,43.11733,-79.05967,2024-09-16T17:52:23.000000Z
2024,260.7447222222222,43.11733,-79.05968,2024-09-16T17:52:24.000000Z
2024,260.74473379629626,43.11732,-79.05969,2024-09-16T17:52:25.000000Z
2024,260.7447453703703,43.11733,-79.0597,2024-09-16T17:52:26.000000Z
2024,260.7447569444444,43.11733,-79.0597,2024-09-16T17:52:27.000000Z
2024,260.74476851851847,43.11734,-79.0597,2024-09-16T17:52:28.000000Z
2024,260.7447800925926,43.11734,-79.0597,2024-09-16T17:52:29.000000Z
2024,260.74479166666663,43.11734,-79.0597,2024-09-16T17:52:30.000000Z
2024,260.7448032407407,43.11734,-79.05971,2024-09-16T17:52:31.000000Z
2024,260.7448148148148,43.11734,-79.0597,2024-09-16T17:52:32.000000Z
2024,260.74482638888884,43.11734,-79.05971,2024-09-16T17:52:33.000000Z
2024,260.74483796296295,43.11734,-79.05971,2024-09-16T17:52:34.000000Z
2024,260.744849537037,43.11734,-79.05971,2024-09-16T17:52:35.000000Z
2024,260.7448611111111,43.11734,-79.0597,2024-09-16T17:52:36.000000Z
2024,260.74487268518516,43.11734,-79.0597,2024-09-16T17:52:37.000000Z
2024,260.7448842592592,43.11734,-79.0597,2024-09-16T17:52:38.000000Z
2024,260.7448958333333,43.11734,-79.0597,2024-09-16T17:52:39.000000Z
2024,260.74490740740737,43.11735,-79.0597,2024-09-16T17:52:40.000000Z
2024,260.7551041666666,43.11734,-79.05969,2024-09-16T18:07:21.000000Z
2024,260.75511574074073,43.11733,-79.05969,2024-09-16T18:07:22.000000Z
2024,260.7551273148148,43.11733,-79.05968,2024-09-16T18:07:23.000000Z
2024,260.7551388888889,43.11733,-79.05968,2024-09-16T18:07:24.000000Z
2024,260.75515046296294,43.11732,-79.05968,2024-09-16T18:07:25.000000Z
2024,260.755162037037,43.11732,-79.05967,2024-09-16T18:07:26.000000Z
2024,260.7551736111111,43.11732,-79.05967,2024-09-16T18:07:27.000000Z
2024,260.75518518518516,43.11732,-79.05967,2024-09-16T18:07:28.000000Z
2024,260.75519675925926,43.11732,-79.05967,2024-09-16T18:07:29.000000Z
2024,260.7552083333333,43.11732,-79.05967,2024-09-16T18:07:30.000000Z
2024,260.75521990740737,43.11731,-79.05967,2024-09-16T18:07:31.000000Z
2024,260.7552314814815,43.11731,-79.05967,2024-09-16T18:07:32.000000Z
2024,260.7552430555555,43.11731,-79.05968,2024-09-16T18:07:33.000000Z
2024,260.75525462962963,43.11731,-79.05968,2024-09-16T18:07:34.000000Z
2024,260.7552662037037,43.1173,-79.05968,2024-09-16T18:07:35.000000Z
2024,260.7552777777778,43.1173,-79.05968,2024-09-16T18:07:36.000000Z
2024,260.75528935185184,43.1173,-79.05968,2024-09-16T18:07:37.000000Z
2024,260.7553009259259,43.1173,-79.05967,2024-09-16T18:07:38.000000Z
2024,260.7553125,43.1173,-79.05967,2024-09-16T18:07:39.000000Z
2024,260.75532407407405,43.11729,-79.05966,2024-09-16T18:07:40.000000Z
2024,260.7655208333333,43.1174,-79.0597,2024-09-16T18:22:21.000000Z
2024,260.7655324074074,43.1174,-79.0597,2024-09-16T18:22:22.000000Z
2024,260.76554398148147,43.11741,-79.0597,2024-09-16T18:22:23.000000Z
2024,260.7655555555556,43.11741,-79.05969,2024-09-16T18:22:24.000000Z
2024,260.76556712962963,43.11741,-79.05969,2024-09-16T18:22:25.000000Z
2024,260.7655787037037,43.11742,-79.05969,2024-09-16T18:22:26.000000Z
2024,260.7655902777778,43.11742,-79.05969,2024-09-16T18:22:27.000000Z
2024,260.76560185185184,43.11742,-79.05969,2024-09-16T18:22:28.000000Z
2024,260.76561342592595,43.11741,-79.05969,2024-09-16T18:22:29.000000Z
2024,260.765625,43.11741,-79.05968,2024-09-16T18:22:30.000000Z
2024,260.76563657407405,43.1174,-79.05969,2024-09-16T18:22:31.000000Z
2024,260.76564814814816,43.11739,-79.05969,2024-09-16T18:22:32.000000Z
2024,260.7656597222222,43.11739,-79.05968,2024-09-16T18:22:33.000000Z
2024,260.7656712962963,43.11738,-79.05968,2024-09-16T18:22:34.000000Z
2024,260.76568287037037,43.11738,-79.05967,2024-09-16T18:22:35.000000Z
2024,260.7656944444445,43.11738,-79.05967,2024-09-16T18:22:36.000000Z
2024,260.76570601851853,43.11738,-79.05967,2024-09-16T18:22:37.000000Z
2024,260.7657175925926,43.11738,-79.05967,2024-09-16T18:22:38.000000Z
2024,260.7657291666667,43.11737,-79.05966,2024-09-16T18:22:39.000000Z
2024,260.76574074074074,43.11737,-79.05966,2024-09-16T18:22:40.000000Z
2024,260.7759375,43.11735,-79.0596,2024-09-16T18:37:21.000000Z
2024,260.7759490740741,43.11735,-79.0596,2024-09-16T18:37:22.000000Z
2024,260.77596064814816,43.11735,-79.0596,2024-09-16T18:37:23.000000Z
2024,260.77597222222226,43.11735,-79.0596,2024-09-16T18:37:24.000000Z
2024,260.7759837962963,43.11735,-79.0596,2024-09-16T18:37:25.000000Z
2024,260.77599537037037,43.11735,-79.0596,2024-09-16T18:37:26.000000Z
2024,260.7760069444445,43.11735,-79.0596,2024-09-16T18:37:27.000000Z
2024,260.7760185185185,43.11736,-79.05961,2024-09-16T18:37:28.000000Z
2024,260.77603009259263,43.11736,-79.05961,2024-09-16T18:37:29.000000Z
2024,260.7760416666667,43.11736,-79.05961,2024-09-16T18:37:30.000000Z
2024,260.77605324074074,43.11736,-79.05961,2024-09-16T18:37:31.000000Z
2024,260.77606481481484,43.11736,-79.05961,2024-09-16T18:37:32.000000Z
2024,260.7760763888889,43.11736,-79.05961,2024-09-16T18:37:33.000000Z
2024,260.776087962963,43.11736,-79.05962,2024-09-16T18:37:34.000000Z
2024,260.77609953703706,43.11736,-79.05962,2024-09-16T18:37:35.000000Z
2024,260.77611111111116,43.11736,-79.05963,2024-09-16T18:37:36.000000Z
2024,260.7761226851852,43.11736,-79.05963,2024-09-16T18:37:37.000000Z
2024,260.77613425925927,43.11736,-79.05963,2024-09-16T18:37:38.000000Z
2024,260.7761458333334,43.11736,-79.05963,2024-09-16T18:37:39.000000Z
2024,260.7761574074074,43.11736,-79.05963,2024-09-16T18:37:40.000000Z
2024,260.7863541666666,43.11738,-79.0597,2024-09-16T18:52:21.000000Z
2024,260.78636574074073,43.11738,-79.0597,2024-09-16T18:52:22.000000Z
2024,260.7863773148148,43.11738,-79.05969,2024-09-16T18:52:23.000000Z
2024,260.7863888888889,43.11738,-79.05968,2024-09-16T18:52:24.000000Z
2024,260.78640046296294,43.11738,-79.05967,2024-09-16T18:52:25.000000Z
2024,260.786412037037,43.11738,-79.05966,2024-09-16T18:52:26.000000Z
2024,260.7864236111111,43.11738,-79.05966,2024-09-16T18:52:27.000000Z
2024,260.78643518518516,43.11738,-79.05965,2024-09-16T18:52:28.000000Z
2024,260.78644675925926,43.11739,-79.05966,2024-09-16T18:52:29.000000Z
2024,260.7864583333333,43.11739,-79.05966,2024-09-16T18:52:30.000000Z
2024,260.78646990740737,43.11739,-79.05966,2024-09-16T18:52:31.000000Z
2024,260.7864814814815,43.1174,-79.05966,2024-09-16T18:52:32.000000Z
2024,260.7864930555555,43.1174,-79.05967,2024-09-16T18:52:33.000000Z
2024,260.78650462962963,43.1174,-79.05967,2024-09-16T18:52:34.000000Z
2024,260.7865162037037,43.1174,-79.05968,2024-09-16T18:52:35.000000Z
2024,260.7865277777778,43.1174,-79.05968,2024-09-16T18:52:36.000000Z
2024,260.78653935185184,43.1174,-79.05968,2024-09-16T18:52:37.000000Z
2024,260.7865509259259,43.1174,-79.05969,2024-09-16T18:52:38.000000Z
2024,260.7865625,43.1174,-79.05969,2024-09-16T18:52:39.000000Z
2024,260.78657407407405,43.1174,-79.05969,2024-09-16T18:52:40.000000Z
2024,260.7967708333333,43.11736,-79.05963,2024-09-16T19:07:21.000000Z
2024,260.7967824074074,43.11736,-79.05963,2024-09-16T19:07:22.000000Z
2024,260.79679398148147,43.11736,-79.05964,2024-09-16T19:07:23.000000Z
2024,260.7968055555556,43.11737,-79.05965,2024-09-16T19:07:24.000000Z
2024,260.79681712962963,43.11737,-79.05965,2024-09-16T19:07:25.000000Z
2024,260.7968287037037,43.11737,-79.05965,2024-09-16T19:07:26.000000Z
2024,260.7968402777778,43.11737,-79.05965,2024-09-16T19:07:27.000000Z
2024,260.79685185185184,43.11737,-79.05965,2024-09-16T19:07:28.000000Z
2024,260.79686342592595,43.11737,-79.05965,2024-09-16T19:07:29.000000Z
2024,260.796875,43.11737,-79.05965,2024-09-16T19:07:30.000000Z
2024,260.79688657407405,43.11737,-79.05965,2024-09-16T19:07:31.000000Z
2024,260.79689814814816,43.11736,-79.05965,2024-09-16T19:07:32.000000Z
2024,260.7969097222222,43.11736,-79.05965,2024-09-16T19:07:33.000000Z
2024,260.7969212962963,43.11736,-79.05965,2024-09-16T19:07:34.000000Z
2024,260.79693287037037,43.11736,-79.05965,2024-09-16T19:07:35.000000Z
2024,260.7969444444445,43.11736,-79.05965,2024-09-16T19:07:36.000000Z
2024,260.79695601851853,43.11736,-79.05965,2024-09-16T19:07:37.000000Z
2024,260.7969675925926,43.11736,-79.05965,2024-09-16T19:07:38.000000Z
2024,260.7969791666667,43.11735,-79.05965,2024-09-16T19:07:39.000000Z
2024,260.79699074074074,43.11735,-79.05966,2024-09-16T19:07:40.000000Z
2024,260.8071875,43.11743,-79.05975,2024-09-16T19:22:21.000000Z
2024,260.8071990740741,43.11742,-79.05974,2024-09-16T19:22:22.000000Z
2024,260.80721064814816,43.11742,-79.05974,2024-09-16T19:22:23.000000Z
2024,260.80722222222226,43.11742,-79.05974,2024-09-16T19:22:24.000000Z
2024,260.8072337962963,43.11742,-79.05974,2024-09-16T19:22:25.000000Z
2024,260.80724537037037,43.11742,-79.05974,2024-09-16T19:22:26.000000Z
2024,260.8072569444445,43.11742,-79.05974,2024-09-16T19:22:27.000000Z
2024,260.8072685185185,43.11742,-79.05974,2024-09-16T19:22:28.000000Z
2024,260.80728009259263,43.11742,-79.05974,2024-09-16T19:22:29.000000Z
2024,260.8072916666667,43.11741,-79.05974,2024-09-16T19:22:30.000000Z
2024,260.80730324074074,43.1174,-79.05974,2024-09-16T19:22:31.000000Z
2024,260.80731481481484,43.1174,-79.05974,2024-09-16T19:22:32.000000Z
2024,260.8073263888889,43.1174,-79.05974,2024-09-16T19:22:33.000000Z
2024,260.807337962963,43.11739,-79.05974,2024-09-16T19:22:34.000000Z
2024,260.80734953703706,43.11739,-79.05973,2024-09-16T19:22:35.000000Z
2024,260.80736111111116,43.11738,-79.05973,2024-09-16T19:22:36.000000Z
2024,260.8073726851852,43.11738,-79.05973,2024-09-16T19:22:37.000000Z
2024,260.80738425925927,43.11738,-79.05973,2024-09-16T19:22:38.000000Z
2024,260.8073958333334,43.11738,-79.05973,2024-09-16T19:22:39.000000Z
2024,260.8074074074074,43.11737,-79.05973,2024-09-16T19:22:40.000000Z
2024,260.8176041666667,43.11738,-79.05972,2024-09-16T19:37:21.000000Z
2024,260.8176157407408,43.11738,-79.05972,2024-09-16T19:37:22.000000Z
2024,260.81762731481484,43.11738,-79.05972,2024-09-16T19:37:23.000000Z
2024,260.81763888888895,43.11738,-79.05973,2024-09-16T19:37:24.000000Z
2024,260.817650462963,43.11738,-79.05973,2024-09-16T19:37:25.000000Z
2024,260.81766203703705,43.11738,-79.05973,2024-09-16T19:37:26.000000Z
2024,260.81767361111116,43.11739,-79.05973,2024-09-16T19:37:27.000000Z
2024,260.8176851851852,43.11739,-79.05973,2024-09-16T19:37:28.000000Z
2024,260.8176967592593,43.11739,-79.05973,2024-09-16T19:37:29.000000Z
2024,260.81770833333337,43.11738,-79.05973,2024-09-16T19:37:30.000000Z
2024,260.8177199074074,43.11738,-79.05973,2024-09-16T19:37:31.000000Z
2024,260.81773148148153,43.11738,-79.05973,2024-09-16T19:37:32.000000Z
2024,260.8177430555556,43.11738,-79.05973,2024-09-16T19:37:33.000000Z
2024,260.8177546296297,43.11738,-79.05973,2024-09-16T19:37:34.000000Z
2024,260.81776620370374,43.11738,-79.05974,2024-09-16T19:37:35.000000Z
2024,260.81777777777785,43.11738,-79.05974,2024-09-16T19:37:36.000000Z
2024,260.8177893518519,43.11738,-79.05974,2024-09-16T19:37:37.000000Z
2024,260.81780092592595,43.11738,-79.05974,2024-09-16T19:37:38.000000Z
2024,260.81781250000006,43.11738,-79.05974,2024-09-16T19:37:39.000000Z
2024,260.8178240740741,43.11737,-79.05974,2024-09-16T19:37:40.000000Z
2024,260.8280208333333,43.11733,-79.05969,2024-09-16T19:52:21.000000Z
2024,260.8280324074074,43.11733,-79.05968,2024-09-16T19:52:22.000000Z
2024,260.82804398148147,43.11734,-79.05968,2024-09-16T19:52:23.000000Z
2024,260.8280555555556,43.11734,-79.05968,2024-09-16T19:52:24.000000Z
2024,260.82806712962963,43.11734,-79.05968,2024-09-16T19:52:25.000000Z
2024,260.8280787037037,43.11735,-79.05968,2024-09-16T19:52:26.000000Z
2024,260.8280902777778,43.11736,-79.05969,2024-09-16T19:52:27.000000Z
2024,260.82810185185184,43.11736,-79.05969,2024-09-16T19:52:28.000000Z
2024,260.82811342592595,43.11736,-79.05968,2024-09-16T19:52:29.000000Z
2024,260.828125,43.11737,-79.05969,2024-09-16T19:52:30.000000Z
2024,260.82813657407405,43.11737,-79.0597,2024-09-16T19:52:31.000000Z
2024,260.82814814814816,43.11737,-79.0597,2024-09-16T19:52:32.000000Z
2024,260.8281597222222,43.11737,-79.0597,2024-09-16T19:52:33.000000Z
2024,260.8281712962963,43.11737,-79.0597,2024-09-16T19:52:34.000000Z
2024,260.82818287037037,43.11738,-79.0597,2024-09-16T19:52:35.000000Z
2024,260.8281944444445,43.11738,-79.0597,2024-09-16T19:52:36.000000Z
2024,260.82820601851853,43.11738,-79.0597,2024-09-16T19:52:37.000000Z
2024,260.8282175925926,43.11738,-79.0597,2024-09-16T19:52:38.000000Z
2024,260.8282291666667,43.11738,-79.0597,2024-09-16T19:52:39.000000Z
2024,260.82824074074074,43.11738,-79.0597,2024-09-16T19:52:40.000000Z
2024,260.83843749999994,43.11728,-79.05974,2024-09-16T20:07:21.000000Z
2024,260.83844907407405,43.11728,-79.05974,2024-09-16T20:07:22.000000Z
2024,260.8384606481481,43.11728,-79.05975,2024-09-16T20:07:23.000000Z
2024,260.8384722222222,43.11729,-79.05975,2024-09-16T20:07:24.000000Z
2024,260.83848379629626,43.11728,-79.05975,2024-09-16T20:07:25.000000Z
2024,260.8384953703703,43.11729,-79.05975,2024-09-16T20:07:26.000000Z
2024,260.8385069444444,43.11729,-79.05975,2024-09-16T20:07:27.000000Z
2024,260.83851851851847,43.11729,-79.05976,2024-09-16T20:07:28.000000Z
2024,260.8385300925926,43.11729,-79.05976,2024-09-16T20:07:29.000000Z
2024,260.83854166666663,43.11729,-79.05976,2024-09-16T20:07:30.000000Z
2024,260.8385532407407,43.11729,-79.05976,2024-09-16T20:07:31.000000Z
2024,260.8385648148148,43.11729,-79.05976,2024-09-16T20:07:32.000000Z
2024,260.83857638888884,43.11729,-79.05976,2024-09-16T20:07:33.000000Z
2024,260.83858796296295,43.1173,-79.05976,2024-09-16T20:07:34.000000Z
2024,260.838599537037,43.1173,-79.05976,2024-09-16T20:07:35.000000Z
2024,260.8386111111111,43.1173,-79.05976,2024-09-16T20:07:36.000000Z
2024,260.83862268518516,43.1173,-79.05976,2024-09-16T20:07:37.000000Z
2024,260.8386342592592,43.11731,-79.05976,2024-09-16T20:07:38.000000Z
2024,260.8386458333333,43.11731,-79.05976,2024-09-16T20:07:39.000000Z
2024,260.83865740740737,43.11731,-79.05976,2024-09-16T20:07:40.000000Z
2024,260.8488773148148,43.11732,-79.05971,2024-09-16T20:22:23.000000Z
2024,260.8488888888889,43.11732,-79.05971,2024-09-16T20:22:24.000000Z
2024,260.84890046296294,43.11732,-79.05971,2024-09-16T20:22:25.000000Z
2024,260.848912037037,43.11732,-79.05972,2024-09-16T20:22:26.000000Z
2024,260.8489236111111,43.11732,-79.05972,2024-09-16T20:22:27.000000Z
2024,260.84893518518516,43.11733,-79.05972,2024-09-16T20:22:28.000000Z
2024,260.84894675925926,43.11733,-79.05972,2024-09-16T20:22:29.000000Z
2024,260.8489583333333,43.11734,-79.05972,2024-09-16T20:22:30.000000Z
2024,260.84896990740737,43.11734,-79.05973,2024-09-16T20:22:31.000000Z
2024,260.8489814814815,43.11735,-79.05973,2024-09-16T20:22:32.000000Z
2024,260.8489930555555,43.11735,-79.05973,2024-09-16T20:22:33.000000Z
2024,260.84900462962963,43.11735,-79.05973,2024-09-16T20:22:34.000000Z
2024,260.8490162037037,43.11735,-79.05973,2024-09-16T20:22:35.000000Z
2024,260.8490277777778,43.11735,-79.05973,2024-09-16T20:22:36.000000Z
2024,260.84903935185184,43.11736,-79.05973,2024-09-16T20:22:37.000000Z
2024,260.8490509259259,43.11736,-79.05973,2024-09-16T20:22:38.000000Z
2024,260.8490625,43.11736,-79.05973,2024-09-16T20:22:39.000000Z
2024,260.84907407407405,43.11736,-79.05973,2024-09-16T20:22:40.000000Z
2024,260.84908564814816,43.11736,-79.05973,2024-09-16T20:22:41.000000Z
2024,260.85929398148147,43.11736,-79.05974,2024-09-16T20:37:23.000000Z
2024,260.8593055555556,43.11736,-79.05975,2024-09-16T20:37:24.000000Z
2024,260.85931712962963,43.11736,-79.05975,2024-09-16T20:37:25.000000Z
2024,260.8593287037037,43.11735,-79.05975,2024-09-16T20:37:26.000000Z
2024,260.8593402777778,43.11735,-79.05975,2024-09-16T20:37:27.000000Z
2024,260.85935185185184,43.11735,-79.05975,2024-09-16T20:37:28.000000Z
2024,260.85936342592595,43.11734,-79.05975,2024-09-16T20:37:29.000000Z
2024,260.859375,43.11734,-79.05975,2024-09-16T20:37:30.000000Z
2024,260.85938657407405,43.11733,-79.05973,2024-09-16T20:37:31.000000Z
2024,260.85939814814816,43.11732,-79.05972,2024-09-16T20:37:32.000000Z
2024,260.8594097222222,43.11732,-79.05971,2024-09-16T20:37:33.000000Z
2024,260.8594212962963,43.11732,-79.0597,2024-09-16T20:37:34.000000Z
2024,260.85943287037037,43.11732,-79.0597,2024-09-16T20:37:35.000000Z
2024,260.8594444444445,43.11732,-79.0597,2024-09-16T20:37:36.000000Z
2024,260.85945601851853,43.11733,-79.05971,2024-09-16T20:37:37.000000Z
2024,260.8594675925926,43.11734,-79.05971,2024-09-16T20:37:38.000000Z
2024,260.8594791666667,43.11734,-79.05971,2024-09-16T20:37:39.000000Z
2024,260.85949074074074,43.11734,-79.05971,2024-09-16T20:37:40.000000Z
2024,260.85950231481485,43.11734,-79.05972,2024-09-16T20:37:41.000000Z
2024,260.8697106481481,43.11738,-79.0598,2024-09-16T20:52:23.000000Z
2024,260.8697222222222,43.11738,-79.0598,2024-09-16T20:52:24.000000Z
2024,260.86973379629626,43.11738,-79.0598,2024-09-16T20:52:25.000000Z
2024,260.8697453703703,43.11738,-79.0598,2024-09-16T20:52:26.000000Z
2024,260.8697569444444,43.11738,-79.0598,2024-09-16T20:52:27.000000Z
2024,260.86976851851847,43.11738,-79.0598,2024-09-16T20:52:28.000000Z
2024,260.8697800925926,43.11739,-79.0598,2024-09-16T20:52:29.000000Z
2024,260.86979166666663,43.11739,-79.05979,2024-09-16T20:52:30.000000Z
2024,260.8698032407407,43.11739,-79.05979,2024-09-16T20:52:31.000000Z
2024,260.8698148148148,43.11739,-79.05979,2024-09-16T20:52:32.000000Z
2024,260.86982638888884,43.11739,-79.05979,2024-09-16T20:52:33.000000Z
2024,260.86983796296295,43.11739,-79.05979,2024-09-16T20:52:34.000000Z
2024,260.869849537037,43.11739,-79.05979,2024-09-16T20:52:35.000000Z
2024,260.8698611111111,43.11739,-79.05979,2024-09-16T20:52:36.000000Z
2024,260.86987268518516,43.11739,-79.05979,2024-09-16T20:52:37.000000Z
2024,260.8698842592592,43.11739,-79.05979,2024-09-16T20:52:38.000000Z
2024,260.8698958333333,43.11739,-79.05978,2024-09-16T20:52:39.000000Z
2024,260.86990740740737,43.11739,-79.05978,2024-09-16T20:52:40.000000Z
2024,260.8699189814815,43.11739,-79.05978,2024-09-16T20:52:41.000000Z
2024,260.8801273148148,43.11732,-79.0597,2024-09-16T21:07:23.000000Z
2024,260.8801388888889,43.11732,-79.0597,2024-09-16T21:07:24.000000Z
2024,260.88015046296294,43.11733,-79.0597,2024-09-16T21:07:25.000000Z
2024,260.880162037037,43.11732,-79.0597,2024-09-16T21:07:26.000000Z
2024,260.8801736111111,43.11733,-79.0597,2024-09-16T21:07:27.000000Z
2024,260.88018518518516,43.11733,-79.0597,2024-09-16T21:07:28.000000Z
2024,260.88019675925926,43.11733,-79.0597,2024-09-16T21:07:29.000000Z
2024,260.8802083333333,43.11733,-79.0597,2024-09-16T21:07:30.000000Z
2024,260.88021990740737,43.11733,-79.0597,2024-09-16T21:07:31.000000Z
2024,260.8802314814815,43.11733,-79.05971,2024-09-16T21:07:32.000000Z
2024,260.8802430555555,43.11733,-79.05971,2024-09-16T21:07:33.000000Z
2024,260.88025462962963,43.11733,-79.05971,2024-09-16T21:07:34.000000Z
2024,260.8802662037037,43.11732,-79.05971,2024-09-16T21:07:35.000000Z
2024,260.8802777777778,43.11732,-79.05971,2024-09-16T21:07:36.000000Z
2024,260.88028935185184,43.11732,-79.05971,2024-09-16T21:07:37.000000Z
2024,260.8803009259259,43.11732,-79.05971,2024-09-16T21:07:38.000000Z
2024,260.8803125,43.11732,-79.05971,2024-09-16T21:07:39.000000Z
2024,260.88032407407405,43.11732,-79.05971,2024-09-16T21:07:40.000000Z
2024,260.88033564814816,43.11732,-79.05971,2024-09-16T21:07:41.000000Z
2024,260.89054398148147,43.1172,-79.05991,2024-09-16T21:22:23.000000Z
2024,260.8905555555556,43.11721,-79.0599,2024-09-16T21:22:24.000000Z
2024,260.89056712962963,43.11721,-79.05989,2024-09-16T21:22:25.000000Z
2024,260.8905787037037,43.11721,-79.05989,2024-09-16T21:22:26.000000Z
2024,260.8905902777778,43.11721,-79.05988,2024-09-16T21:22:27.000000Z
2024,260.89060185185184,43.11722,-79.05987,2024-09-16T21:22:28.000000Z
2024,260.89061342592595,43.11722,-79.05987,2024-09-16T21:22:29.000000Z
2024,260.890625,43.11722,-79.05987,2024-09-16T21:22:30.000000Z
2024,260.89063657407405,43.11723,-79.05986,2024-09-16T21:22:31.000000Z
2024,260.89064814814816,43.11724,-79.05986,2024-09-16T21:22:32.000000Z
2024,260.8906597222222,43.11724,-79.05986,2024-09-16T21:22:33.000000Z
2024,260.8906712962963,43.11724,-79.05986,2024-09-16T21:22:34.000000Z
2024,260.89068287037037,43.11725,-79.05986,2024-09-16T21:22:35.000000Z
2024,260.8906944444445,43.11726,-79.05985,2024-09-16T21:22:36.000000Z
2024,260.89070601851853,43.11727,-79.05984,2024-09-16T21:22:37.000000Z
2024,260.8907175925926,43.11727,-79.05983,2024-09-16T21:22:38.000000Z
2024,260.8907291666667,43.11727,-79.05983,2024-09-16T21:22:39.000000Z
2024,260.89074074074074,43.11728,-79.05982,2024-09-16T21:22:40.000000Z
2024,260.89075231481485,43.11729,-79.05982,2024-09-16T21:22:41.000000Z
2024,260.90096064814816,43.1173,-79.05983,2024-09-16T21:37:23.000000Z
2024,260.90097222222226,43.11729,-79.05984,2024-09-16T21:37:24.000000Z
2024,260.9009837962963,43.11728,-79.05984,2024-09-16T21:37:25.000000Z
2024,260.90099537037037,43.11728,-79.05984,2024-09-16T21:37:26.000000Z
2024,260.9010069444445,43.11728,-79.05983,2024-09-16T21:37:27.000000Z
2024,260.9010185185185,43.11727,-79.05983,2024-09-16T21:37:28.000000Z
2024,260.90103009259263,43.11729,-79.05982,2024-09-16T21:37:29.000000Z
2024,260.9010416666667,43.11729,-79.05982,2024-09-16T21:37:30.000000Z
2024,260.90105324074074,43.11731,-79.05982,2024-09-16T21:37:31.000000Z
2024,260.90106481481484,43.1173,-79.05982,2024-09-16T21:37:32.000000Z
2024,260.9010763888889,43.11731,-79.05981,2024-09-16T21:37:33.000000Z
2024,260.901087962963,43.11732,-79.05981,2024-09-16T21:37:34.000000Z
2024,260.90109953703706,43.11732,-79.05981,2024-09-16T21:37:35.000000Z
2024,260.90111111111116,43.11732,-79.05981,2024-09-16T21:37:36.000000Z
2024,260.9011226851852,43.11732,-79.05981,2024-09-16T21:37:37.000000Z
2024,260.90113425925927,43.11733,-79.0598,2024-09-16T21:37:38.000000Z
2024,260.9011458333334,43.11732,-79.0598,2024-09-16T21:37:39.000000Z
2024,260.9011574074074,43.11732,-79.0598,2024-09-16T21:37:40.000000Z
2024,260.90116898148153,43.11732,-79.0598,2024-09-16T21:37:41.000000Z
2024,260.9113773148148,43.11732,-79.05975,2024-09-16T21:52:23.000000Z
2024,260.9113888888889,43.11732,-79.05976,2024-09-16T21:52:24.000000Z
2024,260.91140046296294,43.11732,-79.05976,2024-09-16T21:52:25.000000Z
2024,260.911412037037,43.11732,-79.05976,2024-09-16T21:52:26.000000Z
2024,260.9114236111111,43.11732,-79.05976,2024-09-16T21:52:27.000000Z
2024,260.91143518518516,43.11732,-79.05977,2024-09-16T21:52:28.000000Z
2024,260.91144675925926,43.11732,-79.05977,2024-09-16T21:52:29.000000Z
2024,260.9114583333333,43.11732,-79.05977,2024-09-16T21:52:30.000000Z
2024,260.91146990740737,43.11732,-79.05977,2024-09-16T21:52:31.000000Z
2024,260.9114814814815,43.11732,-79.05978,2024-09-16T21:52:32.000000Z
2024,260.9114930555555,43.11732,-79.05978,2024-09-16T21:52:33.000000Z
2024,260.91150462962963,43.11732,-79.05978,2024-09-16T21:52:34.000000Z
2024,260.9115162037037,43.11733,-79.05978,2024-09-16T21:52:35.000000Z
2024,260.9115277777778,43.11732,-79.05978,2024-09-16T21:52:36.000000Z
2024,260.91153935185184,43.11732,-79.05978,2024-09-16T21:52:37.000000Z
2024,260.9115509259259,43.11733,-79.05978,2024-09-16T21:52:38.000000Z
2024,260.9115625,43.11733,-79.05979,2024-09-16T21:52:39.000000Z
2024,260.91157407407405,43.11732,-79.05979,2024-09-16T21:52:40.000000Z
2024,260.91158564814816,43.11732,-79.05979,2024-09-16T21:52:41.000000Z
2024,260.92179398148147,43.11732,-79.05968,2024-09-16T22:07:23.000000Z
2024,260.9218055555556,43.11731,-79.05969,2024-09-16T22:07:24.000000Z
2024,260.92181712962963,43.1173,-79.0597,2024-09-16T22:07:25.000000Z
2024,260.9218287037037,43.1173,-79.0597,2024-09-16T22:07:26.000000Z
2024,260.9218402777778,43.1173,-79.05972,2024-09-16T22:07:27.000000Z
2024,260.92185185185184,43.1173,-79.05973,2024-09-16T22:07:28.000000Z
2024,260.92186342592595,43.1173,-79.05973,2024-09-16T22:07:29.000000Z
2024,260.921875,43.1173,-79.05973,2024-09-16T22:07:30.000000Z
2024,260.92188657407405,43.11731,-79.05974,2024-09-16T22:07:31.000000Z
2024,260.92189814814816,43.11731,-79.05973,2024-09-16T22:07:32.000000Z
2024,260.9219097222222,43.11731,-79.05974,2024-09-16T22:07:33.000000Z
2024,260.9219212962963,43.11731,-79.05974,2024-09-16T22:07:34.000000Z
2024,260.92193287037037,43.11731,-79.05974,2024-09-16T22:07:35.000000Z
2024,260.9219444444445,43.11731,-79.05975,2024-09-16T22:07:36.000000Z
2024,260.92195601851853,43.11732,-79.05975,2024-09-16T22:07:37.000000Z
2024,260.9219675925926,43.11732,-79.05974,2024-09-16T22:07:38.000000Z
2024,260.9219791666667,43.11732,-79.05975,2024-09-16T22:07:39.000000Z
2024,260.92199074074074,43.11732,-79.05975,2024-09-16T22:07:40.000000Z
2024,260.92200231481485,43.11732,-79.05975,2024-09-16T22:07:41.000000Z
2024,260.93221064814816,43.11732,-79.05969,2024-09-16T22:22:23.000000Z
2024,260.93222222222226,43.11732,-79.05969,2024-09-16T22:22:24.000000Z
2024,260.9322337962963,43.11732,-79.05969,2024-09-16T22:22:25.000000Z
2024,260.93224537037037,43.11732,-79.0597,2024-09-16T22:22:26.000000Z
2024,260.9322569444445,43.11732,-79.0597,2024-09-16T22:22:27.000000Z
2024,260.9322685185185,43.11732,-79.0597,2024-09-16T22:22:28.000000Z
2024,260.93228009259263,43.11732,-79.0597,2024-09-16T22:22:29.000000Z
2024,260.9322916666667,43.11733,-79.0597,2024-09-16T22:22:30.000000Z
2024,260.93230324074074,43.11732,-79.0597,2024-09-16T22:22:31.000000Z
2024,260.93231481481484,43.11732,-79.0597,2024-09-16T22:22:32.000000Z
2024,260.9323263888889,43.11732,-79.05969,2024-09-16T22:22:33.000000Z
2024,260.932337962963,43.11732,-79.05969,2024-09-16T22:22:34.000000Z
2024,260.93234953703706,43.11732,-79.05968,2024-09-16T22:22:35.000000Z
2024,260.93236111111116,43.11733,-79.05968,2024-09-16T22:22:36.000000Z
2024,260.9323726851852,43.11733,-79.05967,2024-09-16T22:22:37.000000Z
2024,260.93238425925927,43.11733,-79.05967,2024-09-16T22:22:38.000000Z
2024,260.9323958333334,43.11734,-79.05967,2024-09-16T22:22:39.000000Z
2024,260.9324074074074,43.11734,-79.05967,2024-09-16T22:22:40.000000Z
2024,260.93241898148153,43.11734,-79.05967,2024-09-16T22:22:41.000000Z
2024,260.94262731481484,43.11738,-79.05978,2024-09-16T22:37:23.000000Z
2024,260.94263888888895,43.11738,-79.05978,2024-09-16T22:37:24.000000Z
2024,260.942650462963,43.11739,-79.05977,2024-09-16T22:37:25.000000Z
2024,260.94266203703705,43.11739,-79.05978,2024-09-16T22:37:26.000000Z
2024,260.94267361111116,43.11739,-79.05978,2024-09-16T22:37:27.000000Z
2024,260.9426851851852,43.11739,-79.05978,2024-09-16T22:37:28.000000Z
2024,260.9426967592593,43.1174,-79.05977,2024-09-16T22:37:29.000000Z
2024,260.94270833333337,43.1174,-79.05977,2024-09-16T22:37:30.000000Z
2024,260.9427199074074,43.11742,-79.05977,2024-09-16T22:37:31.000000Z
2024,260.94273148148153,43.11742,-79.05977,2024-09-16T22:37:32.000000Z
2024,260.9427430555556,43.11743,-79.05976,2024-09-16T22:37:33.000000Z
2024,260.9427546296297,43.11743,-79.05976,2024-09-16T22:37:34.000000Z
2024,260.94276620370374,43.11743,-79.05976,2024-09-16T22:37:35.000000Z
2024,260.94277777777785,43.11743,-79.05976,2024-09-16T22:37:36.000000Z
2024,260.9427893518519,43.11743,-79.05975,2024-09-16T22:37:37.000000Z
2024,260.94280092592595,43.11743,-79.05975,2024-09-16T22:37:38.000000Z
2024,260.94281250000006,43.11743,-79.05974,2024-09-16T22:37:39.000000Z
2024,260.9428240740741,43.11743,-79.05974,2024-09-16T22:37:40.000000Z
2024,260.9428356481482,43.11743,-79.05973,2024-09-16T22:37:41.000000Z
2024,260.95304398148147,43.1173,-79.05976,2024-09-16T22:52:23.000000Z
2024,260.9530555555556,43.1173,-79.05977,2024-09-16T22:52:24.000000Z
2024,260.95306712962963,43.11731,-79.05977,2024-09-16T22:52:25.000000Z
2024,260.9530787037037,43.11731,-79.05978,2024-09-16T22:52:26.000000Z
2024,260.9530902777778,43.11731,-79.05979,2024-09-16T22:52:27.000000Z
2024,260.95310185185184,43.11731,-79.05979,2024-09-16T22:52:28.000000Z
2024,260.95311342592595,43.11731,-79.05979,2024-09-16T22:52:29.000000Z
2024,260.953125,43.11732,-79.05979,2024-09-16T22:52:30.000000Z
2024,260.95313657407405,43.11732,-79.05979,2024-09-16T22:52:31.000000Z
2024,260.95314814814816,43.11732,-79.05979,2024-09-16T22:52:32.000000Z
2024,260.9531597222222,43.11733,-79.05979,2024-09-16T22:52:33.000000Z
2024,260.9531712962963,43.11733,-79.05979,2024-09-16T22:52:34.000000Z
2024,260.95318287037037,43.11734,-79.05979,2024-09-16T22:52:35.000000Z
2024,260.9531944444445,43.11734,-79.05979,2024-09-16T22:52:36.000000Z
2024,260.95320601851853,43.11734,-79.05979,2024-09-16T22:52:37.000000Z
2024,260.9532175925926,43.11734,-79.05979,2024-09-16T22:52:38.000000Z
2024,260.9532291666667,43.11735,-79.05979,2024-09-16T22:52:39.000000Z
2024,260.95324074074074,43.11735,-79.05979,2024-09-16T22:52:40.000000Z
2024,260.95325231481485,43.11735,-79.05979,2024-09-16T22:52:41.000000Z
2024,260.9634606481481,43.11737,-79.05967,2024-09-16T23:07:23.000000Z
2024,260.9634722222222,43.11736,-79.05968,2024-09-16T23:07:24.000000Z
2024,260.96348379629626,43.11736,-79.05968,2024-09-16T23:07:25.000000Z
2024,260.9634953703703,43.11736,-79.05969,2024-09-16T23:07:26.000000Z
2024,260.9635069444444,43.11735,-79.05969,2024-09-16T23:07:27.000000Z
2024,260.96351851851847,43.11735,-79.05969,2024-09-16T23:07:28.000000Z
2024,260.9635300925926,43.11735,-79.0597,2024-09-16T23:07:29.000000Z
2024,260.96354166666663,43.11735,-79.0597,2024-09-16T23:07:30.000000Z
2024,260.9635532407407,43.11735,-79.05971,2024-09-16T23:07:31.000000Z
2024,260.9635648148148,43.11735,-79.05972,2024-09-16T23:07:32.000000Z
2024,260.96357638888884,43.11735,-79.05972,2024-09-16T23:07:33.000000Z
2024,260.96358796296295,43.11735,-79.05973,2024-09-16T23:07:34.000000Z
2024,260.963599537037,43.11735,-79.05973,2024-09-16T23:07:35.000000Z
2024,260.9636111111111,43.11735,-79.05973,2024-09-16T23:07:36.000000Z
2024,260.96362268518516,43.11735,-79.05973,2024-09-16T23:07:37.000000Z
2024,260.9636342592592,43.11735,-79.05973,2024-09-16T23:07:38.000000Z
2024,260.9636458333333,43.11735,-79.05974,2024-09-16T23:07:39.000000Z
2024,260.96365740740737,43.11735,-79.05974,2024-09-16T23:07:40.000000Z
2024,260.9636689814815,43.11735,-79.05974,2024-09-16T23:07:41.000000Z
2024,260.9738773148148,43.11744,-79.05986,2024-09-16T23:22:23.000000Z
2024,260.9738888888889,43.11745,-79.05988,2024-09-16T23:22:24.000000Z
2024,260.97390046296294,43.11746,-79.05989,2024-09-16T23:22:25.000000Z
2024,260.973912037037,43.11746,-79.05989,2024-09-16T23:22:26.000000Z
2024,260.9739236111111,43.11746,-79.05989,2024-09-16T23:22:27.000000Z
2024,260.97393518518516,43.11746,-79.05989,2024-09-16T23:22:28.000000Z
2024,260.97394675925926,43.11745,-79.05989,2024-09-16T23:22:29.000000Z
2024,260.9739583333333,43.11744,-79.05987,2024-09-16T23:22:30.000000Z
2024,260.97396990740737,43.11743,-79.05986,2024-09-16T23:22:31.000000Z
2024,260.9739814814815,43.11742,-79.05986,2024-09-16T23:22:32.000000Z
2024,260.9739930555555,43.11742,-79.05985,2024-09-16T23:22:33.000000Z
2024,260.97400462962963,43.11741,-79.05985,2024-09-16T23:22:34.000000Z
2024,260.9740162037037,43.1174,-79.05984,2024-09-16T23:22:35.000000Z
2024,260.9740277777778,43.1174,-79.05983,2024-09-16T23:22:36.000000Z
2024,260.97403935185184,43.11739,-79.05982,2024-09-16T23:22:37.000000Z
2024,260.9740509259259,43.11738,-79.05982,2024-09-16T23:22:38.000000Z
2024,260.9740625,43.11738,-79.05981,2024-09-16T23:22:39.000000Z
2024,260.97407407407405,43.11738,-79.05981,2024-09-16T23:22:40.000000Z
2024,260.97408564814816,43.11737,-79.0598,2024-09-16T23:22:41.000000Z
2024,260.98429398148147,43.11736,-79.05978,2024-09-16T23:37:23.000000Z
2024,260.9843055555556,43.11735,-79.05977,2024-09-16T23:37:24.000000Z
2024,260.98431712962963,43.11735,-79.05976,2024-09-16T23:37:25.000000Z
2024,260.9843287037037,43.11734,-79.05976,2024-09-16T23:37:26.000000Z
2024,260.9843402777778,43.11734,-79.05976,2024-09-16T23:37:27.000000Z
2024,260.98435185185184,43.11734,-79.05976,2024-09-16T23:37:28.000000Z
2024,260.98436342592595,43.11733,-79.05976,2024-09-16T23:37:29.000000Z
2024,260.984375,43.11733,-79.05976,2024-09-16T23:37:30.000000Z
2024,260.98438657407405,43.11734,-79.05977,2024-09-16T23:37:31.000000Z
2024,260.98439814814816,43.11734,-79.05977,2024-09-16T23:37:32.000000Z
2024,260.9844097222222,43.11734,-79.05978,2024-09-16T23:37:33.000000Z
2024,260.9844212962963,43.11734,-79.05978,2024-09-16T23:37:34.000000Z
2024,260.98443287037037,43.11734,-79.05979,2024-09-16T23:37:35.000000Z
2024,260.9844444444445,43.11734,-79.05979,2024-09-16T23:37:36.000000Z
2024,260.98445601851853,43.11734,-79.05979,2024-09-16T23:37:37.000000Z
2024,260.9844675925926,43.11733,-79.05979,2024-09-16T23:37:38.000000Z
2024,260.9844791666667,43.11733,-79.05979,2024-09-16T23:37:39.000000Z
2024,260.98449074074074,43.11733,-79.05979,2024-09-16T23:37:40.000000Z
2024,260.98450231481485,43.11733,-79.05979,2024-09-16T23:37:41.000000Z
2024,260.9947106481481,43.1174,-79.0598,2024-09-16T23:52:23.000000Z
2024,260.9947222222222,43.1174,-79.05979,2024-09-16T23:52:24.000000Z
2024,260.99473379629626,43.1174,-79.05979,2024-09-16T23:52:25.000000Z
2024,260.9947453703703,43.1174,-79.05979,2024-09-16T23:52:26.000000Z
2024,260.9947569444444,43.1174,-79.05979,2024-09-16T23:52:27.000000Z
2024,260.99476851851847,43.1174,-79.05979,2024-09-16T23:52:28.000000Z
2024,260.9947800925926,43.1174,-79.05978,2024-09-16T23:52:29.000000Z
2024,260.99479166666663,43.1174,-79.05978,2024-09-16T23:52:30.000000Z
2024,260.9948032407407,43.1174,-79.05978,2024-09-16T23:52:31.000000Z
2024,260.9948148148148,43.1174,-79.05978,2024-09-16T23:52:32.000000Z
2024,260.99482638888884,43.1174,-79.05978,2024-09-16T23:52:33.000000Z
2024,260.99483796296295,43.1174,-79.05978,2024-09-16T23:52:34.000000Z
2024,260.994849537037,43.1174,-79.05978,2024-09-16T23:52:35.000000Z
2024,260.9948611111111,43.11739,-79.05978,2024-09-16T23:52:36.000000Z
2024,260.99487268518516,43.11739,-79.05977,2024-09-16T23:52:37.000000Z
2024,260.9948842592592,43.11739,-79.05977,2024-09-16T23:52:38.000000Z
2024,260.9948958333333,43.11739,-79.05977,2024-09-16T23:52:39.000000Z
2024,260.99490740740737,43.11739,-79.05977,2024-09-16T23:52:40.000000Z
2024,260.9949189814815,43.11739,-79.05977,2024-09-16T23:52:41.000000Z
2024,261.00511574074073,43.11738,-79.05966,2024-09-17T00:07:22.000000Z
2024,261.0051273148148,43.11739,-79.05966,2024-09-17T00:07:23.000000Z
2024,261.0051388888889,43.11739,-79.05967,2024-09-17T00:07:24.000000Z
2024,261.00515046296294,43.11739,-79.05968,2024-09-17T00:07:25.000000Z
2024,261.005162037037,43.1174,-79.05968,2024-09-17T00:07:26.000000Z
2024,261.0051736111111,43.1174,-79.05969,2024-09-17T00:07:27.000000Z
2024,261.00518518518516,43.1174,-79.05969,2024-09-17T00:07:28.000000Z
2024,261.00519675925926,43.11739,-79.05969,2024-09-17T00:07:29.000000Z
2024,261.0052083333333,43.11739,-79.05969,2024-09-17T00:07:30.000000Z
2024,261.00521990740737,43.11739,-79.05969,2024-09-17T00:07:31.000000Z
2024,261.0052314814815,43.11739,-79.05969,2024-09-17T00:07:32.000000Z
2024,261.0052430555555,43.11739,-79.05969,2024-09-17T00:07:33.000000Z
2024,261.00525462962963,43.11739,-79.05969,2024-09-17T00:07:34.000000Z
2024,261.0052662037037,43.11739,-79.05969,2024-09-17T00:07:35.000000Z
2024,261.0052777777778,43.11738,-79.05967,2024-09-17T00:07:36.000000Z
2024,261.00528935185184,43.11738,-79.05966,2024-09-17T00:07:37.000000Z
2024,261.0053009259259,43.11738,-79.05965,2024-09-17T00:07:38.000000Z
2024,261.0053125,43.11738,-79.05964,2024-09-17T00:07:39.000000Z
2024,261.00532407407405,43.11738,-79.05963,2024-09-17T00:07:40.000000Z
2024,261.0155324074074,43.11742,-79.05971,2024-09-17T00:22:22.000000Z
2024,261.01554398148147,43.11742,-79.05971,2024-09-17T00:22:23.000000Z
2024,261.0155555555556,43.11743,-79.0597,2024-09-17T00:22:24.000000Z
2024,261.01556712962963,43.11743,-79.0597,2024-09-17T00:22:25.000000Z
2024,261.0155787037037,43.11743,-79.0597,2024-09-17T00:22:26.000000Z
2024,261.0155902777778,43.11743,-79.0597,2024-09-17T00:22:27.000000Z
2024,261.01560185185184,43.11743,-79.0597,2024-09-17T00:22:28.000000Z
2024,261.01561342592595,43.11743,-79.0597,2024-09-17T00:22:29.000000Z
2024,261.015625,43.11743,-79.0597,2024-09-17T00:22:30.000000Z
2024,261.01563657407405,43.11743,-79.0597,2024-09-17T00:22:31.000000Z
2024,261.01564814814816,43.11743,-79.0597,2024-09-17T00:22:32.000000Z
2024,261.0156597222222,43.11743,-79.0597,2024-09-17T00:22:33.000000Z
2024,261.0156712962963,43.11743,-79.0597,2024-09-17T00:22:34.000000Z
2024,261.01568287037037,43.11743,-79.0597,2024-09-17T00:22:35.000000Z
2024,261.0156944444445,43.11743,-79.0597,2024-09-17T00:22:36.000000Z
2024,261.01570601851853,43.11743,-79.0597,2024-09-17T00:22:37.000000Z
2024,261.0157175925926,43.11743,-79.05971,2024-09-17T00:22:38.000000Z
2024,261.0157291666667,43.11743,-79.05971,2024-09-17T00:22:39.000000Z
2024,261.01574074074074,43.11743,-79.05971,2024-09-17T00:22:40.000000Z
2024,261.0259490740741,43.11744,-79.05973,2024-09-17T00:37:22.000000Z
2024,261.02596064814816,43.11745,-79.05973,2024-09-17T00:37:23.000000Z
2024,261.02597222222226,43.11745,-79.05973,2024-09-17T00:37:24.000000Z
2024,261.0259837962963,43.11745,-79.05973,2024-09-17T00:37:25.000000Z
2024,261.02599537037037,43.11745,-79.05973,2024-09-17T00:37:26.000000Z
2024,261.0260069444445,43.11745,-79.05973,2024-09-17T00:37:27.000000Z
2024,261.0260185185185,43.11745,-79.05973,2024-09-17T00:37:28.000000Z
2024,261.02603009259263,43.11745,-79.05973,2024-09-17T00:37:29.000000Z
2024,261.0260416666667,43.11745,-79.05972,2024-09-17T00:37:30.000000Z
2024,261.02605324074074,43.11744,-79.05971,2024-09-17T00:37:31.000000Z
2024,261.02606481481484,43.11743,-79.0597,2024-09-17T00:37:32.000000Z
2024,261.0260763888889,43.11743,-79.05969,2024-09-17T00:37:33.000000Z
2024,261.026087962963,43.11743,-79.05969,2024-09-17T00:37:34.000000Z
2024,261.02609953703706,43.11743,-79.05968,2024-09-17T00:37:35.000000Z
2024,261.02611111111116,43.11743,-79.05968,2024-09-17T00:37:36.000000Z
2024,261.0261226851852,43.11743,-79.05968,2024-09-17T00:37:37.000000Z
2024,261.02613425925927,43.11743,-79.05968,2024-09-17T00:37:38.000000Z
2024,261.0261458333334,43.11743,-79.05968,2024-09-17T00:37:39.000000Z
2024,261.0261574074074,43.11742,-79.05967,2024-09-17T00:37:40.000000Z
2024,261.03636574074073,43.11733,-79.05963,2024-09-17T00:52:22.000000Z
2024,261.0363773148148,43.11732,-79.05962,2024-09-17T00:52:23.000000Z
2024,261.0363888888889,43.11733,-79.05963,2024-09-17T00:52:24.000000Z
2024,261.03640046296294,43.11733,-79.05963,2024-09-17T00:52:25.000000Z
2024,261.036412037037,43.11733,-79.05963,2024-09-17T00:52:26.000000Z
2024,261.0364236111111,43.11733,-79.05963,2024-09-17T00:52:27.000000Z
2024,261.03643518518516,43.11733,-79.05963,2024-09-17T00:52:28.000000Z
2024,261.03644675925926,43.11733,-79.05963,2024-09-17T00:52:29.000000Z
2024,261.0364583333333,43.11733,-79.05963,2024-09-17T00:52:30.000000Z
2024,261.03646990740737,43.11734,-79.05963,2024-09-17T00:52:31.000000Z
2024,261.0364814814815,43.11733,-79.05963,2024-09-17T00:52:32.000000Z
2024,261.0364930555555,43.11733,-79.05963,2024-09-17T00:52:33.000000Z
2024,261.03650462962963,43.11733,-79.05963,2024-09-17T00:52:34.000000Z
2024,261.0365162037037,43.11733,-79.05963,2024-09-17T00:52:35.000000Z
2024,261.0365277777778,43.11733,-79.05963,2024-09-17T00:52:36.000000Z
2024,261.03653935185184,43.11733,-79.05963,2024-09-17T00:52:37.000000Z
2024,261.0365509259259,43.11733,-79.05963,2024-09-17T00:52:38.000000Z
2024,261.0365625,43.11732,-79.05963,2024-09-17T00:52:39.000000Z
2024,261.03657407407405,43.11732,-79.05963,2024-09-17T00:52:40.000000Z
2024,261.0467824074074,43.11741,-79.05967,2024-09-17T01:07:22.000000Z
2024,261.04679398148147,43.11741,-79.05967,2024-09-17T01:07:23.000000Z
2024,261.0468055555556,43.11741,-79.05968,2024-09-17T01:07:24.000000Z
2024,261.04681712962963,43.11741,-79.05968,2024-09-17T01:07:25.000000Z
2024,261.0468287037037,43.11741,-79.05968,2024-09-17T01:07:26.000000Z
2024,261.0468402777778,43.11741,-79.05968,2024-09-17T01:07:27.000000Z
2024,261.04685185185184,43.11742,-79.05968,2024-09-17T01:07:28.000000Z
2024,261.04686342592595,43.11742,-79.05968,2024-09-17T01:07:29.000000Z
2024,261.046875,43.11742,-79.05968,2024-09-17T01:07:30.000000Z
2024,261.04688657407405,43.11742,-79.05969,2024-09-17T01:07:31.000000Z
2024,261.04689814814816,43.11742,-79.05969,2024-09-17T01:07:32.000000Z
2024,261.0469097222222,43.11742,-79.05969,2024-09-17T01:07:33.000000Z
2024,261.0469212962963,43.11742,-79.05969,2024-09-17T01:07:34.000000Z
2024,261.04693287037037,43.11742,-79.0597,2024-09-17T01:07:35.000000Z
2024,261.0469444444445,43.11742,-79.0597,2024-09-17T01:07:36.000000Z
2024,261.04695601851853,43.11742,-79.0597,2024-09-17T01:07:37.000000Z
2024,261.0469675925926,43.11741,-79.05971,2024-09-17T01:07:38.000000Z
2024,261.0469791666667,43.1174,-79.05972,2024-09-17T01:07:39.000000Z
2024,261.04699074074074,43.1174,-79.05972,2024-09-17T01:07:40.000000Z
2024,261.0571990740741,43.11737,-79.05973,2024-09-17T01:22:22.000000Z
2024,261.05721064814816,43.11737,-79.05973,2024-09-17T01:22:23.000000Z
2024,261.05722222222226,43.11738,-79.05973,2024-09-17T01:22:24.000000Z
2024,261.0572337962963,43.11738,-79.05973,2024-09-17T01:22:25.000000Z
2024,261.05724537037037,43.11738,-79.05973,2024-09-17T01:22:26.000000Z
2024,261.0572569444445,43.11738,-79.05973,2024-09-17T01:22:27.000000Z
2024,261.0572685185185,43.11738,-79.05973,2024-09-17T01:22:28.000000Z
2024,261.05728009259263,43.11739,-79.05973,2024-09-17T01:22:29.000000Z
2024,261.0572916666667,43.11739,-79.05972,2024-09-17T01:22:30.000000Z
2024,261.05730324074074,43.11739,-79.05972,2024-09-17T01:22:31.000000Z
2024,261.05731481481484,43.11739,-79.05972,2024-09-17T01:22:32.000000Z
2024,261.0573263888889,43.11739,-79.05972,2024-09-17T01:22:33.000000Z
2024,261.057337962963,43.11739,-79.05972,2024-09-17T01:22:34.000000Z
2024,261.05734953703706,43.11739,-79.05972,2024-09-17T01:22:35.000000Z
2024,261.05736111111116,43.11739,-79.05972,2024-09-17T01:22:36.000000Z
2024,261.0573726851852,43.11738,-79.05972,2024-09-17T01:22:37.000000Z
2024,261.05738425925927,43.11738,-79.05972,2024-09-17T01:22:38.000000Z
2024,261.0573958333334,43.11738,-79.05972,2024-09-17T01:22:39.000000Z
2024,261.0574074074074,43.11738,-79.05972,2024-09-17T01:22:40.000000Z
2024,261.0676157407408,43.11738,-79.0598,2024-09-17T01:37:22.000000Z
2024,261.06762731481484,43.11737,-79.0598,2024-09-17T01:37:23.000000Z
2024,261.06763888888895,43.11737,-79.0598,2024-09-17T01:37:24.000000Z
2024,261.067650462963,43.11737,-79.05979,2024-09-17T01:37:25.000000Z
2024,261.06766203703705,43.11736,-79.0598,2024-09-17T01:37:26.000000Z
2024,261.06767361111116,43.11735,-79.0598,2024-09-17T01:37:27.000000Z
2024,261.0676851851852,43.11735,-79.0598,2024-09-17T01:37:28.000000Z
2024,261.0676967592593,43.11735,-79.0598,2024-09-17T01:37:29.000000Z
2024,261.06770833333337,43.11735,-79.0598,2024-09-17T01:37:30.000000Z
2024,261.0677199074074,43.11734,-79.0598,2024-09-17T01:37:31.000000Z
2024,261.06773148148153,43.11734,-79.0598,2024-09-17T01:37:32.000000Z
2024,261.0677430555556,43.11734,-79.0598,2024-09-17T01:37:33.000000Z
2024,261.0677546296297,43.11734,-79.0598,2024-09-17T01:37:34.000000Z
2024,261.06776620370374,43.11734,-79.0598,2024-09-17T01:37:35.000000Z
2024,261.06777777777785,43.11734,-79.0598,2024-09-17T01:37:36.000000Z
2024,261.0677893518519,43.11734,-79.0598,2024-09-17T01:37:37.000000Z
2024,261.06780092592595,43.11734,-79.0598,2024-09-17T01:37:38.000000Z
2024,261.06781250000006,43.11734,-79.0598,2024-09-17T01:37:39.000000Z
2024,261.0678240740741,43.11734,-79.0598,2024-09-17T01:37:40.000000Z
2024,261.0780324074074,43.1174,-79.0597,2024-09-17T01:52:22.000000Z
2024,261.07804398148147,43.1174,-79.05971,2024-09-17T01:52:23.000000Z
2024,261.0780555555556,43.1174,-79.05971,2024-09-17T01:52:24.000000Z
2024,261.07806712962963,43.1174,-79.05971,2024-09-17T01:52:25.000000Z
2024,261.0780787037037,43.1174,-79.05971,2024-09-17T01:52:26.000000Z
2024,261.0780902777778,43.1174,-79.05971,2024-09-17T01:52:27.000000Z
2024,261.07810185185184,43.1174,-79.05971,2024-09-17T01:52:28.000000Z
2024,261.07811342592595,43.1174,-79.05971,2024-09-17T01:52:29.000000Z
2024,261.078125,43.1174,-79.05971,2024-09-17T01:52:30.000000Z
2024,261.07813657407405,43.1174,-79.05971,2024-09-17T01:52:31.000000Z
2024,261.07814814814816,43.1174,-79.05971,2024-09-17T01:52:32.000000Z
2024,261.0781597222222,43.1174,-79.05971,2024-09-17T01:52:33.000000Z
2024,261.0781712962963,43.1174,-79.05971,2024-09-17T01:52:34.000000Z
2024,261.07818287037037,43.1174,-79.05971,2024-09-17T01:52:35.000000Z
2024,261.0781944444445,43.1174,-79.05971,2024-09-17T01:52:36.000000Z
2024,261.07820601851853,43.11739,-79.05971,2024-09-17T01:52:37.000000Z
2024,261.0782175925926,43.1174,-79.05971,2024-09-17T01:52:38.000000Z
2024,261.0782291666667,43.11739,-79.05971,2024-09-17T01:52:39.000000Z
2024,261.07824074074074,43.11739,-79.05971,2024-09-17T01:52:40.000000Z
2024,261.08844907407405,43.11737,-79.0597,2024-09-17T02:07:22.000000Z
2024,261.0884606481481,43.11737,-79.0597,2024-09-17T02:07:23.000000Z
2024,261.0884722222222,43.11737,-79.0597,2024-09-17T02:07:24.000000Z
2024,261.08848379629626,43.11737,-79.0597,2024-09-17T02:07:25.000000Z
2024,261.0884953703703,43.11736,-79.0597,2024-09-17T02:07:26.000000Z
2024,261.0885069444444,43.11736,-79.0597,2024-09-17T02:07:27.000000Z
2024,261.08851851851847,43.11736,-79.0597,2024-09-17T02:07:28.000000Z
2024,261.0885300925926,43.11737,-79.0597,2024-09-17T02:07:29.000000Z
2024,261.08854166666663,43.11737,-79.0597,2024-09-17T02:07:30.000000Z
2024,261.0885532407407,43.11737,-79.0597,2024-09-17T02:07:31.000000Z
2024,261.0885648148148,43.11737,-79.05971,2024-09-17T02:07:32.000000Z
2024,261.08857638888884,43.11737,-79.05971,2024-09-17T02:07:33.000000Z
2024,261.08858796296295,43.11737,-79.05971,2024-09-17T02:07:34.000000Z
2024,261.088599537037,43.11737,-79.05971,2024-09-17T02:07:35.000000Z
2024,261.0886111111111,43.11738,-79.05971,2024-09-17T02:07:36.000000Z
2024,261.08862268518516,43.11738,-79.05971,2024-09-17T02:07:37.000000Z
2024,261.0886342592592,43.11738,-79.05971,2024-09-17T02:07:38.000000Z
2024,261.0886458333333,43.11738,-79.05971,2024-09-17T02:07:39.000000Z
2024,261.08865740740737,43.11738,-79.05971,2024-09-17T02:07:40.000000Z
2024,261.09886574074073,43.11746,-79.05973,2024-09-17T02:22:22.000000Z
2024,261.0988773148148,43.11745,-79.05972,2024-09-17T02:22:23.000000Z
2024,261.0988888888889,43.11745,-79.05972,2024-09-17T02:22:24.000000Z
2024,261.09890046296294,43.11744,-79.0597,2024-09-17T02:22:25.000000Z
2024,261.098912037037,43.11743,-79.0597,2024-09-17T02:22:26.000000Z
2024,261.0989236111111,43.11743,-79.0597,2024-09-17T02:22:27.000000Z
2024,261.09893518518516,43.11742,-79.0597,2024-09-17T02:22:28.000000Z
2024,261.09894675925926,43.11742,-79.0597,2024-09-17T02:22:29.000000Z
2024,261.0989583333333,43.11742,-79.0597,2024-09-17T02:22:30.000000Z
2024,261.09896990740737,43.11742,-79.0597,2024-09-17T02:22:31.000000Z
2024,261.0989814814815,43.11742,-79.0597,2024-09-17T02:22:32.000000Z
2024,261.0989930555555,43.11742,-79.0597,2024-09-17T02:22:33.000000Z
2024,261.09900462962963,43.11742,-79.0597,2024-09-17T02:22:34.000000Z
2024,261.0990162037037,43.11742,-79.0597,2024-09-17T02:22:35.000000Z
2024,261.0990277777778,43.11742,-79.0597,2024-09-17T02:22:36.000000Z
2024,261.09903935185184,43.11741,-79.0597,2024-09-17T02:22:37.000000Z
2024,261.0990509259259,43.1174,-79.05969,2024-09-17T02:22:38.000000Z
2024,261.0990625,43.1174,-79.05969,2024-09-17T02:22:39.000000Z
2024,261.09907407407405,43.1174,-79.05969,2024-09-17T02:22:40.000000Z
2024,261.1092824074074,43.11744,-79.0597,2024-09-17T02:37:22.000000Z
2024,261.10929398148147,43.11744,-79.0597,2024-09-17T02:37:23.000000Z
2024,261.1093055555556,43.11744,-79.0597,2024-09-17T02:37:24.000000Z
2024,261.10931712962963,43.11744,-79.0597,2024-09-17T02:37:25.000000Z
2024,261.1093287037037,43.11744,-79.0597,2024-09-17T02:37:26.000000Z
2024,261.1093402777778,43.11744,-79.05971,2024-09-17T02:37:27.000000Z
2024,261.10935185185184,43.11744,-79.05971,2024-09-17T02:37:28.000000Z
2024,261.10936342592595,43.11744,-79.05972,2024-09-17T02:37:29.000000Z
2024,261.109375,43.11744,-79.05972,2024-09-17T02:37:30.000000Z
2024,261.10938657407405,43.11744,-79.05973,2024-09-17T02:37:31.000000Z
2024,261.10939814814816,43.11744,-79.05973,2024-09-17T02:37:32.000000Z
2024,261.1094097222222,43.11744,-79.05973,2024-09-17T02:37:33.000000Z
2024,261.1094212962963,43.11744,-79.05973,2024-09-17T02:37:34.000000Z
2024,261.10943287037037,43.11744,-79.05973,2024-09-17T02:37:35.000000Z
2024,261.1094444444445,43.11744,-79.05973,2024-09-17T02:37:36.000000Z
2024,261.10945601851853,43.11744,-79.05973,2024-09-17T02:37:37.000000Z
2024,261.1094675925926,43.11743,-79.05973,2024-09-17T02:37:38.000000Z
2024,261.1094791666667,43.11743,-79.05973,2024-09-17T02:37:39.000000Z
2024,261.10949074074074,43.11743,-79.05974,2024-09-17T02:37:40.000000Z
2024,261.11969907407405,43.11749,-79.05984,2024-09-17T02:52:22.000000Z
2024,261.1197106481481,43.11749,-79.05985,2024-09-17T02:52:23.000000Z
2024,261.1197222222222,43.1175,-79.05985,2024-09-17T02:52:24.000000Z
2024,261.11973379629626,43.1175,-79.05985,2024-09-17T02:52:25.000000Z
2024,261.1197453703703,43.11749,-79.05985,2024-09-17T02:52:26.000000Z
2024,261.1197569444444,43.11749,-79.05985,2024-09-17T02:52:27.000000Z
2024,261.11976851851847,43.11749,-79.05985,2024-09-17T02:52:28.000000Z
2024,261.11982638888884,43.11747,-79.05983,2024-09-17T02:52:33.000000Z
2024,261.11983796296295,43.11746,-79.05982,2024-09-17T02:52:34.000000Z
2024,261.119849537037,43.11746,-79.05982,2024-09-17T02:52:35.000000Z
2024,261.1198611111111,43.11746,-79.05982,2024-09-17T02:52:36.000000Z
2024,261.11987268518516,43.11745,-79.05982,2024-09-17T02:52:37.000000Z
2024,261.11990740740737,43.11745,-79.05979,2024-09-17T02:52:40.000000Z
2024,261.11996527777774,43.11745,-79.05976,2024-09-17T02:52:45.000000Z
2024,261.11997685185185,43.11745,-79.05975,2024-09-17T02:52:46.000000Z
2024,261.12001157407406,43.11745,-79.05973,2024-09-17T02:52:49.000000Z
2024,261.1200231481481,43.11745,-79.05973,2024-09-17T02:52:50.000000Z
2024,261.1200578703703,43.11744,-79.05972,2024-09-17T02:52:53.000000Z
2024,261.1200694444444,43.11744,-79.05972,2024-09-17T02:52:54.000000Z
2024,261.1200810185185,43.11743,-79.05971,2024-09-17T02:52:55.000000Z
2024,261.1200925925926,43.11743,-79.05971,2024-09-17T02:52:56.000000Z
2024,261.12010416666664,43.11743,-79.05971,2024-09-17T02:52:57.000000Z
2024,261.1201157407407,43.11742,-79.0597,2024-09-17T02:52:58.000000Z
2024,261.1201273148148,43.11742,-79.0597,2024-09-17T02:52:59.000000Z
2024,261.12013888888885,43.11742,-79.0597,2024-09-17T02:53:00.000000Z
2024,261.1201504629629,43.11741,-79.0597,2024-09-17T02:53:01.000000Z
2024,261.120162037037,43.11741,-79.0597,2024-09-17T02:53:02.000000Z
2024,261.12017361111106,43.11741,-79.0597,2024-09-17T02:53:03.000000Z
2024,261.12018518518516,43.1174,-79.0597,2024-09-17T02:53:04.000000Z
2024,261.1201967592592,43.1174,-79.0597,2024-09-17T02:53:05.000000Z
2024,261.12020833333327,43.1174,-79.0597,2024-09-17T02:53:06.000000Z
2024,261.1202199074074,43.1174,-79.0597,2024-09-17T02:53:07.000000Z
2024,261.1202314814814,43.1174,-79.0597,2024-09-17T02:53:08.000000Z
2024,261.12024305555553,43.11739,-79.0597,2024-09-17T02:53:09.000000Z
2024,261.1202546296296,43.11739,-79.0597,2024-09-17T02:53:10.000000Z
2024,261.13011574074073,43.11734,-79.05963,2024-09-17T03:07:22.000000Z
2024,261.1301273148148,43.11734,-79.05963,2024-09-17T03:07:23.000000Z
2024,261.1301388888889,43.11735,-79.05963,2024-09-17T03:07:24.000000Z
2024,261.13015046296294,43.11735,-79.05963,2024-09-17T03:07:25.000000Z
2024,261.130162037037,43.11735,-79.05964,2024-09-17T03:07:26.000000Z
2024,261.1301736111111,43.11735,-79.05964,2024-09-17T03:07:27.000000Z
2024,261.13018518518516,43.11735,-79.05964,2024-09-17T03:07:28.000000Z
2024,261.13019675925926,43.11735,-79.05964,2024-09-17T03:07:29.000000Z
2024,261.1302083333333,43.11735,-79.05964,2024-09-17T03:07:30.000000Z
2024,261.13021990740737,43.11735,-79.05964,2024-09-17T03:07:31.000000Z
2024,261.1302314814815,43.11735,-79.05964,2024-09-17T03:07:32.000000Z
2024,261.1302430555555,43.11735,-79.05964,2024-09-17T03:07:33.000000Z
2024,261.13025462962963,43.11735,-79.05964,2024-09-17T03:07:34.000000Z
2024,261.1302662037037,43.11735,-79.05965,2024-09-17T03:07:35.000000Z
2024,261.1302777777778,43.11735,-79.05965,2024-09-17T03:07:36.000000Z
2024,261.13028935185184,43.11735,-79.05966,2024-09-17T03:07:37.000000Z
2024,261.1303009259259,43.11735,-79.05966,2024-09-17T03:07:38.000000Z
2024,261.1303125,43.11735,-79.05966,2024-09-17T03:07:39.000000Z
2024,261.13032407407405,43.11735,-79.05966,2024-09-17T03:07:40.000000Z
2024,261.1405324074074,43.11733,-79.05977,2024-09-17T03:22:22.000000Z
2024,261.14054398148147,43.11733,-79.05976,2024-09-17T03:22:23.000000Z
2024,261.1405555555556,43.11732,-79.05976,2024-09-17T03:22:24.000000Z
2024,261.14056712962963,43.11732,-79.05976,2024-09-17T03:22:25.000000Z
2024,261.1405787037037,43.11732,-79.05976,2024-09-17T03:22:26.000000Z
2024,261.1405902777778,43.11732,-79.05976,2024-09-17T03:22:27.000000Z
2024,261.14060185185184,43.11732,-79.05976,2024-09-17T03:22:28.000000Z
2024,261.14061342592595,43.11732,-79.05976,2024-09-17T03:22:29.000000Z
2024,261.140625,43.11732,-79.05975,2024-09-17T03:22:30.000000Z
2024,261.14063657407405,43.11732,-79.05975,2024-09-17T03:22:31.000000Z
2024,261.14064814814816,43.11732,-79.05974,2024-09-17T03:22:32.000000Z
2024,261.1406597222222,43.11732,-79.05974,2024-09-17T03:22:33.000000Z
2024,261.1406712962963,43.11732,-79.05973,2024-09-17T03:22:34.000000Z
2024,261.14068287037037,43.11733,-79.05973,2024-09-17T03:22:35.000000Z
2024,261.1406944444445,43.11733,-79.05973,2024-09-17T03:22:36.000000Z
2024,261.14070601851853,43.11733,-79.05973,2024-09-17T03:22:37.000000Z
2024,261.1407175925926,43.11733,-79.05973,2024-09-17T03:22:38.000000Z
2024,261.1407291666667,43.11733,-79.05973,2024-09-17T03:22:39.000000Z
2024,261.14074074074074,43.11734,-79.05973,2024-09-17T03:22:40.000000Z
2024,261.1509490740741,43.11734,-79.05969,2024-09-17T03:37:22.000000Z
2024,261.15096064814816,43.11734,-79.05969,2024-09-17T03:37:23.000000Z
2024,261.15097222222226,43.11735,-79.05969,2024-09-17T03:37:24.000000Z
2024,261.1509837962963,43.11735,-79.05969,2024-09-17T03:37:25.000000Z
2024,261.15099537037037,43.11735,-79.0597,2024-09-17T03:37:26.000000Z
2024,261.1510069444445,43.11735,-79.0597,2024-09-17T03:37:27.000000Z
2024,261.1510185185185,43.11735,-79.0597,2024-09-17T03:37:28.000000Z
2024,261.15103009259263,43.11735,-79.0597,2024-09-17T03:37:29.000000Z
2024,261.1510416666667,43.11735,-79.0597,2024-09-17T03:37:30.000000Z
2024,261.15105324074074,43.11735,-79.0597,2024-09-17T03:37:31.000000Z
2024,261.15106481481484,43.11735,-79.0597,2024-09-17T03:37:32.000000Z
2024,261.1510763888889,43.11735,-79.0597,2024-09-17T03:37:33.000000Z
2024,261.151087962963,43.11735,-79.0597,2024-09-17T03:37:34.000000Z
2024,261.15109953703706,43.11735,-79.0597,2024-09-17T03:37:35.000000Z
2024,261.15111111111116,43.11736,-79.0597,2024-09-17T03:37:36.000000Z
2024,261.1511226851852,43.11736,-79.0597,2024-09-17T03:37:37.000000Z
2024,261.15113425925927,43.11736,-79.0597,2024-09-17T03:37:38.000000Z
2024,261.1511458333334,43.11736,-79.0597,2024-09-17T03:37:39.000000Z
2024,261.1511574074074,43.11736,-79.0597,2024-09-17T03:37:40.000000Z
2024,261.16136574074073,43.11734,-79.05975,2024-09-17T03:52:22.000000Z
2024,261.1613773148148,43.11734,-79.05976,2024-09-17T03:52:23.000000Z
2024,261.1613888888889,43.11734,-79.05975,2024-09-17T03:52:24.000000Z
2024,261.16140046296294,43.11734,-79.05975,2024-09-17T03:52:25.000000Z
2024,261.161412037037,43.11734,-79.05975,2024-09-17T03:52:26.000000Z
2024,261.1614236111111,43.11734,-79.05975,2024-09-17T03:52:27.000000Z
2024,261.16143518518516,43.11734,-79.05974,2024-09-17T03:52:28.000000Z
2024,261.16144675925926,43.11734,-79.05974,2024-09-17T03:52:29.000000Z
2024,261.1614583333333,43.11734,-79.05974,2024-09-17T03:52:30.000000Z
2024,261.16146990740737,43.11734,-79.05974,2024-09-17T03:52:31.000000Z
2024,261.1614814814815,43.11734,-79.05974,2024-09-17T03:52:32.000000Z
2024,261.1614930555555,43.11734,-79.05974,2024-09-17T03:52:33.000000Z
2024,261.16150462962963,43.11734,-79.05974,2024-09-17T03:52:34.000000Z
2024,261.1615162037037,43.11734,-79.05974,2024-09-17T03:52:35.000000Z
2024,261.1615277777778,43.11734,-79.05974,2024-09-17T03:52:36.000000Z
2024,261.16153935185184,43.11734,-79.05975,2024-09-17T03:52:37.000000Z
2024,261.1615509259259,43.11734,-79.05975,2024-09-17T03:52:38.000000Z
2024,261.1615625,43.11734,-79.05975,2024-09-17T03:52:39.000000Z
2024,261.16157407407405,43.11734,-79.05975,2024-09-17T03:52:40.000000Z
2024,261.1717824074074,43.11734,-79.0597,2024-09-17T04:07:22.000000Z
2024,261.17179398148147,43.11734,-79.0597,2024-09-17T04:07:23.000000Z
2024,261.1718055555556,43.11734,-79.0597,2024-09-17T04:07:24.000000Z
2024,261.17181712962963,43.11734,-79.0597,2024-09-17T04:07:25.000000Z
2024,261.1718287037037,43.11733,-79.0597,2024-09-17T04:07:26.000000Z
2024,261.1718402777778,43.11733,-79.0597,2024-09-17T04:07:27.000000Z
2024,261.17185185185184,43.11733,-79.0597,2024-09-17T04:07:28.000000Z
2024,261.17186342592595,43.11733,-79.0597,2024-09-17T04:07:29.000000Z
2024,261.171875,43.11733,-79.0597,2024-09-17T04:07:30.000000Z
2024,261.17188657407405,43.11733,-79.0597,2024-09-17T04:07:31.000000Z
2024,261.17189814814816,43.11732,-79.0597,2024-09-17T04:07:32.000000Z
2024,261.1719097222222,43.11732,-79.0597,2024-09-17T04:07:33.000000Z
2024,261.1719212962963,43.11732,-79.0597,2024-09-17T04:07:34.000000Z
2024,261.17193287037037,43.11732,-79.0597,2024-09-17T04:07:35.000000Z
2024,261.1719444444445,43.11732,-79.0597,2024-09-17T04:07:36.000000Z
2024,261.17195601851853,43.11732,-79.0597,2024-09-17T04:07:37.000000Z
2024,261.1719675925926,43.11732,-79.0597,2024-09-17T04:07:38.000000Z
2024,261.1719791666667,43.11732,-79.0597,2024-09-17T04:07:39.000000Z
2024,261.17199074074074,43.11731,-79.0597,2024-09-17T04:07:40.000000Z
2024,261.1821990740741,43.11737,-79.05961,2024-09-17T04:22:22.000000Z
2024,261.18221064814816,43.11735,-79.05961,2024-09-17T04:22:23.000000Z
2024,261.18222222222226,43.11735,-79.05961,2024-09-17T04:22:24.000000Z
2024,261.1822337962963,43.11735,-79.05961,2024-09-17T04:22:25.000000Z
2024,261.18224537037037,43.11735,-79.05961,2024-09-17T04:22:26.000000Z
2024,261.1822569444445,43.11735,-79.05961,2024-09-17T04:22:27.000000Z
2024,261.1822685185185,43.11734,-79.05961,2024-09-17T04:22:28.000000Z
2024,261.18228009259263,43.11734,-79.05961,2024-09-17T04:22:29.000000Z
2024,261.1822916666667,43.11734,-79.05962,2024-09-17T04:22:30.000000Z
2024,261.18230324074074,43.11733,-79.05962,2024-09-17T04:22:31.000000Z
2024,261.18231481481484,43.11733,-79.05963,2024-09-17T04:22:32.000000Z
2024,261.1823263888889,43.11733,-79.05963,2024-09-17T04:22:33.000000Z
2024,261.182337962963,43.11733,-79.05963,2024-09-17T04:22:34.000000Z
2024,261.18234953703706,43.11733,-79.05964,2024-09-17T04:22:35.000000Z
2024,261.18236111111116,43.11732,-79.05964,2024-09-17T04:22:36.000000Z
2024,261.1823726851852,43.11732,-79.05964,2024-09-17T04:22:37.000000Z
2024,261.18238425925927,43.11731,-79.05965,2024-09-17T04:22:38.000000Z
2024,261.1823958333334,43.11731,-79.05965,2024-09-17T04:22:39.000000Z
2024,261.1824074074074,43.1173,-79.05965,2024-09-17T04:22:40.000000Z
2024,261.1926157407408,43.11737,-79.05973,2024-09-17T04:37:22.000000Z
2024,261.19262731481484,43.11737,-79.05973,2024-09-17T04:37:23.000000Z
2024,261.19263888888895,43.11737,-79.05972,2024-09-17T04:37:24.000000Z
2024,261.192650462963,43.11736,-79.05972,2024-09-17T04:37:25.000000Z
2024,261.19266203703705,43.11736,-79.05972,2024-09-17T04:37:26.000000Z
2024,261.19267361111116,43.11736,-79.05972,2024-09-17T04:37:27.000000Z
2024,261.1926851851852,43.11736,-79.05972,2024-09-17T04:37:28.000000Z
2024,261.1926967592593,43.11736,-79.05972,2024-09-17T04:37:29.000000Z
2024,261.19270833333337,43.11736,-79.05972,2024-09-17T04:37:30.000000Z
2024,261.1927199074074,43.11736,-79.05972,2024-09-17T04:37:31.000000Z
2024,261.19273148148153,43.11736,-79.05971,2024-09-17T04:37:32.000000Z
2024,261.1927430555556,43.11737,-79.05971,2024-09-17T04:37:33.000000Z
2024,261.1927546296297,43.11737,-79.0597,2024-09-17T04:37:34.000000Z
2024,261.19276620370374,43.11737,-79.0597,2024-09-17T04:37:35.000000Z
2024,261.19277777777785,43.11737,-79.0597,2024-09-17T04:37:36.000000Z
2024,261.1927893518519,43.11737,-79.0597,2024-09-17T04:37:37.000000Z
2024,261.19280092592595,43.11737,-79.0597,2024-09-17T04:37:38.000000Z
2024,261.19281250000006,43.11738,-79.0597,2024-09-17T04:37:39.000000Z
2024,261.1928240740741,43.11738,-79.0597,2024-09-17T04:37:40.000000Z
2024,261.2030324074074,43.11733,-79.05967,2024-09-17T04:52:22.000000Z
2024,261.20304398148147,43.11733,-79.05968,2024-09-17T04:52:23.000000Z
2024,261.2030555555556,43.11734,-79.05968,2024-09-17T04:52:24.000000Z
2024,261.20306712962963,43.11734,-79.05968,2024-09-17T04:52:25.000000Z
2024,261.2030787037037,43.11734,-79.05969,2024-09-17T04:52:26.000000Z
2024,261.2030902777778,43.11734,-79.05969,2024-09-17T04:52:27.000000Z
2024,261.20310185185184,43.11734,-79.05969,2024-09-17T04:52:28.000000Z
2024,261.20311342592595,43.11734,-79.0597,2024-09-17T04:52:29.000000Z
2024,261.203125,43.11734,-79.0597,2024-09-17T04:52:30.000000Z
2024,261.20313657407405,43.11734,-79.0597,2024-09-17T04:52:31.000000Z
2024,261.20314814814816,43.11734,-79.05969,2024-09-17T04:52:32.000000Z
2024,261.2031597222222,43.11734,-79.05969,2024-09-17T04:52:33.000000Z
2024,261.2031712962963,43.11733,-79.05969,2024-09-17T04:52:34.000000Z
2024,261.20318287037037,43.11733,-79.05969,2024-09-17T04:52:35.000000Z
2024,261.2031944444445,43.11733,-79.05969,2024-09-17T04:52:36.000000Z
2024,261.20320601851853,43.11733,-79.05969,2024-09-17T04:52:37.000000Z
2024,261.2032175925926,43.11733,-79.05969,2024-09-17T04:52:38.000000Z
2024,261.2032291666667,43.11733,-79.05969,2024-09-17T04:52:39.000000Z
2024,261.20324074074074,43.11732,-79.0597,2024-09-17T04:52:40.000000Z
2024,261.21344907407405,43.11733,-79.05973,2024-09-17T05:07:22.000000Z
2024,261.2134606481481,43.11734,-79.05973,2024-09-17T05:07:23.000000Z
2024,261.2134722222222,43.11734,-79.05973,2024-09-17T05:07:24.000000Z
2024,261.21348379629626,43.11734,-79.05973,2024-09-17T05:07:25.000000Z
2024,261.2134953703703,43.11734,-79.05974,2024-09-17T05:07:26.000000Z
2024,261.2135069444444,43.11734,-79.05974,2024-09-17T05:07:27.000000Z
2024,261.21351851851847,43.11734,-79.05974,2024-09-17T05:07:28.000000Z
2024,261.2135300925926,43.11734,-79.05974,2024-09-17T05:07:29.000000Z
2024,261.21354166666663,43.11734,-79.05974,2024-09-17T05:07:30.000000Z
2024,261.2135532407407,43.11734,-79.05974,2024-09-17T05:07:31.000000Z
2024,261.2135648148148,43.11734,-79.05974,2024-09-17T05:07:32.000000Z
2024,261.21357638888884,43.11734,-79.05975,2024-09-17T05:07:33.000000Z
2024,261.21358796296295,43.11734,-79.05975,2024-09-17T05:07:34.000000Z
2024,261.213599537037,43.11735,-79.05975,2024-09-17T05:07:35.000000Z
2024,261.2136111111111,43.11735,-79.05975,2024-09-17T05:07:36.000000Z
2024,261.21362268518516,43.11735,-79.05975,2024-09-17T05:07:37.000000Z
2024,261.2136342592592,43.11735,-79.05975,2024-09-17T05:07:38.000000Z
2024,261.2136458333333,43.11735,-79.05975,2024-09-17T05:07:39.000000Z
2024,261.21365740740737,43.11735,-79.05975,2024-09-17T05:07:40.000000Z
2024,261.22386574074073,43.11742,-79.05974,2024-09-17T05:22:22.000000Z
2024,261.2238773148148,43.11742,-79.05974,2024-09-17T05:22:23.000000Z
2024,261.2238888888889,43.11742,-79.05973,2024-09-17T05:22:24.000000Z
2024,261.22390046296294,43.11742,-79.05975,2024-09-17T05:22:25.000000Z
2024,261.223912037037,43.11742,-79.05975,2024-09-17T05:22:26.000000Z
2024,261.2239236111111,43.11742,-79.05974,2024-09-17T05:22:27.000000Z
2024,261.22393518518516,43.11742,-79.05974,2024-09-17T05:22:28.000000Z
2024,261.22394675925926,43.11742,-79.05974,2024-09-17T05:22:29.000000Z
2024,261.2239583333333,43.11742,-79.05974,2024-09-17T05:22:30.000000Z
2024,261.22396990740737,43.11742,-79.05973,2024-09-17T05:22:31.000000Z
2024,261.2239814814815,43.11741,-79.05972,2024-09-17T05:22:32.000000Z
2024,261.2239930555555,43.1174,-79.05971,2024-09-17T05:22:33.000000Z
2024,261.22400462962963,43.1174,-79.0597,2024-09-17T05:22:34.000000Z
2024,261.2240162037037,43.11739,-79.0597,2024-09-17T05:22:35.000000Z
2024,261.2240277777778,43.11739,-79.0597,2024-09-17T05:22:36.000000Z
2024,261.22403935185184,43.11738,-79.05969,2024-09-17T05:22:37.000000Z
2024,261.2240509259259,43.11738,-79.05969,2024-09-17T05:22:38.000000Z
2024,261.2240625,43.11738,-79.05968,2024-09-17T05:22:39.000000Z
2024,261.22407407407405,43.11738,-79.05968,2024-09-17T05:22:40.000000Z
2024,261.2342708333333,43.11738,-79.05976,2024-09-17T05:37:21.000000Z
2024,261.2342824074074,43.11738,-79.05976,2024-09-17T05:37:22.000000Z
2024,261.23429398148147,43.11737,-79.05976,2024-09-17T05:37:23.000000Z
2024,261.2343055555556,43.11737,-79.05976,2024-09-17T05:37:24.000000Z
2024,261.23431712962963,43.11737,-79.05976,2024-09-17T05:37:25.000000Z
2024,261.2343287037037,43.11737,-79.05975,2024-09-17T05:37:26.000000Z
2024,261.2343402777778,43.11737,-79.05975,2024-09-17T05:37:27.000000Z
2024,261.23435185185184,43.11736,-79.05975,2024-09-17T05:37:28.000000Z
2024,261.23436342592595,43.11736,-79.05974,2024-09-17T05:37:29.000000Z
2024,261.234375,43.11736,-79.05973,2024-09-17T05:37:30.000000Z
2024,261.23438657407405,43.11736,-79.05973,2024-09-17T05:37:31.000000Z
2024,261.23439814814816,43.11736,-79.05973,2024-09-17T05:37:32.000000Z
2024,261.2344097222222,43.11736,-79.05973,2024-09-17T05:37:33.000000Z
2024,261.2344212962963,43.11736,-79.05973,2024-09-17T05:37:34.000000Z
2024,261.23443287037037,43.11736,-79.05972,2024-09-17T05:37:35.000000Z
2024,261.2344444444445,43.11736,-79.05972,2024-09-17T05:37:36.000000Z
2024,261.23445601851853,43.11737,-79.05972,2024-09-17T05:37:37.000000Z
2024,261.2344675925926,43.11737,-79.05972,2024-09-17T05:37:38.000000Z
2024,261.2344791666667,43.11737,-79.05971,2024-09-17T05:37:39.000000Z
2024,261.23449074074074,43.11737,-79.05971,2024-09-17T05:37:40.000000Z
2024,261.24468749999994,43.11744,-79.05976,2024-09-17T05:52:21.000000Z
2024,261.24469907407405,43.11745,-79.05977,2024-09-17T05:52:22.000000Z
2024,261.2447106481481,43.11745,-79.05978,2024-09-17T05:52:23.000000Z
2024,261.2447222222222,43.11746,-79.05979,2024-09-17T05:52:24.000000Z
2024,261.24473379629626,43.11747,-79.05979,2024-09-17T05:52:25.000000Z
2024,261.2447453703703,43.11747,-79.05979,2024-09-17T05:52:26.000000Z
2024,261.2447569444444,43.11747,-79.05979,2024-09-17T05:52:27.000000Z
2024,261.24476851851847,43.11748,-79.05979,2024-09-17T05:52:28.000000Z
2024,261.2447800925926,43.11748,-79.0598,2024-09-17T05:52:29.000000Z
2024,261.24479166666663,43.11748,-79.0598,2024-09-17T05:52:30.000000Z
2024,261.2448032407407,43.11747,-79.05979,2024-09-17T05:52:31.000000Z
2024,261.2448148148148,43.11746,-79.05979,2024-09-17T05:52:32.000000Z
2024,261.24482638888884,43.11746,-79.05978,2024-09-17T05:52:33.000000Z
2024,261.24483796296295,43.11746,-79.05978,2024-09-17T05:52:34.000000Z
2024,261.244849537037,43.11745,-79.05977,2024-09-17T05:52:35.000000Z
2024,261.2448611111111,43.11745,-79.05976,2024-09-17T05:52:36.000000Z
2024,261.24487268518516,43.11745,-79.05976,2024-09-17T05:52:37.000000Z
2024,261.2448842592592,43.11744,-79.05976,2024-09-17T05:52:38.000000Z
2024,261.2448958333333,43.11744,-79.05975,2024-09-17T05:52:39.000000Z
2024,261.24490740740737,43.11744,-79.05975,2024-09-17T05:52:40.000000Z
2024,261.2551041666666,43.11737,-79.05969,2024-09-17T06:07:21.000000Z
2024,261.25511574074073,43.11737,-79.0597,2024-09-17T06:07:22.000000Z
2024,261.2551273148148,43.11737,-79.0597,2024-09-17T06:07:23.000000Z
2024,261.2551388888889,43.11737,-79.0597,2024-09-17T06:07:24.000000Z
2024,261.25515046296294,43.11737,-79.0597,2024-09-17T06:07:25.000000Z
2024,261.255162037037,43.11737,-79.05969,2024-09-17T06:07:26.000000Z
2024,261.2551736111111,43.11736,-79.05969,2024-09-17T06:07:27.000000Z
2024,261.25518518518516,43.11737,-79.05969,2024-09-17T06:07:28.000000Z
2024,261.25519675925926,43.11736,-79.05969,2024-09-17T06:07:29.000000Z
2024,261.2552083333333,43.11736,-79.05969,2024-09-17T06:07:30.000000Z
2024,261.25521990740737,43.11736,-79.05969,2024-09-17T06:07:31.000000Z
2024,261.2552314814815,43.11737,-79.05969,2024-09-17T06:07:32.000000Z
2024,261.2552430555555,43.11737,-79.05969,2024-09-17T06:07:33.000000Z
2024,261.25525462962963,43.11737,-79.05968,2024-09-17T06:07:34.000000Z
2024,261.2552662037037,43.11737,-79.05968,2024-09-17T06:07:35.000000Z
2024,261.2552777777778,43.11737,-79.05968,2024-09-17T06:07:36.000000Z
2024,261.25528935185184,43.11737,-79.05968,2024-09-17T06:07:37.000000Z
2024,261.2553009259259,43.11737,-79.05968,2024-09-17T06:07:38.000000Z
2024,261.2553125,43.11737,-79.05968,2024-09-17T06:07:39.000000Z
2024,261.25532407407405,43.11737,-79.05968,2024-09-17T06:07:40.000000Z
2024,261.2655208333333,43.11735,-79.05969,2024-09-17T06:22:21.000000Z
2024,261.2655324074074,43.11736,-79.0597,2024-09-17T06:22:22.000000Z
2024,261.26554398148147,43.11737,-79.0597,2024-09-17T06:22:23.000000Z
2024,261.2655555555556,43.11737,-79.0597,2024-09-17T06:22:24.000000Z
2024,261.26556712962963,43.11738,-79.05971,2024-09-17T06:22:25.000000Z
2024,261.2655787037037,43.11738,-79.05972,2024-09-17T06:22:26.000000Z
2024,261.2655902777778,43.11739,-79.05972,2024-09-17T06:22:27.000000Z
2024,261.26560185185184,43.1174,-79.05973,2024-09-17T06:22:28.000000Z
2024,261.26561342592595,43.1174,-79.05973,2024-09-17T06:22:29.000000Z
2024,261.265625,43.1174,-79.05973,2024-09-17T06:22:30.000000Z
2024,261.26563657407405,43.1174,-79.05973,2024-09-17T06:22:31.000000Z
2024,261.26564814814816,43.1174,-79.05973,2024-09-17T06:22:32.000000Z
2024,261.2656597222222,43.1174,-79.05973,2024-09-17T06:22:33.000000Z
2024,261.2656712962963,43.1174,-79.05974,2024-09-17T06:22:34.000000Z
2024,261.26568287037037,43.11741,-79.05974,2024-09-17T06:22:35.000000Z
2024,261.2656944444445,43.11741,-79.05974,2024-09-17T06:22:36.000000Z
2024,261.26570601851853,43.11741,-79.05974,2024-09-17T06:22:37.000000Z
2024,261.2657175925926,43.11741,-79.05974,2024-09-17T06:22:38.000000Z
2024,261.2657291666667,43.11741,-79.05974,2024-09-17T06:22:39.000000Z
2024,261.26574074074074,43.11741,-79.05974,2024-09-17T06:22:40.000000Z
2024,261.2759375,43.11734,-79.0598,2024-09-17T06:37:21.000000Z
2024,261.2759490740741,43.11734,-79.0598,2024-09-17T06:37:22.000000Z
2024,261.27596064814816,43.11734,-79.0598,2024-09-17T06:37:23.000000Z
2024,261.27597222222226,43.11734,-79.05979,2024-09-17T06:37:24.000000Z
2024,261.2759837962963,43.11734,-79.05979,2024-09-17T06:37:25.000000Z
2024,261.27599537037037,43.11733,-79.05979,2024-09-17T06:37:26.000000Z
2024,261.2760069444445,43.11733,-79.05978,2024-09-17T06:37:27.000000Z
2024,261.2760185185185,43.11733,-79.05978,2024-09-17T06:37:28.000000Z
2024,261.27603009259263,43.11733,-79.05978,2024-09-17T06:37:29.000000Z
2024,261.2760416666667,43.11732,-79.05977,2024-09-17T06:37:30.000000Z
2024,261.27605324074074,43.11733,-79.05976,2024-09-17T06:37:31.000000Z
2024,261.27606481481484,43.11734,-79.05976,2024-09-17T06:37:32.000000Z
2024,261.2760763888889,43.11735,-79.05976,2024-09-17T06:37:33.000000Z
2024,261.276087962963,43.11735,-79.05976,2024-09-17T06:37:34.000000Z
2024,261.27609953703706,43.11736,-79.05976,2024-09-17T06:37:35.000000Z
2024,261.27611111111116,43.11736,-79.05976,2024-09-17T06:37:36.000000Z
2024,261.2761226851852,43.11737,-79.05975,2024-09-17T06:37:37.000000Z
2024,261.27613425925927,43.11737,-79.05975,2024-09-17T06:37:38.000000Z
2024,261.2761458333334,43.11737,-79.05975,2024-09-17T06:37:39.000000Z
2024,261.2761574074074,43.11737,-79.05975,2024-09-17T06:37:40.000000Z
2024,261.2863541666666,43.11738,-79.05966,2024-09-17T06:52:21.000000Z
2024,261.28636574074073,43.11737,-79.05966,2024-09-17T06:52:22.000000Z
2024,261.2863773148148,43.11736,-79.05966,2024-09-17T06:52:23.000000Z
2024,261.2863888888889,43.11736,-79.05966,2024-09-17T06:52:24.000000Z
2024,261.28640046296294,43.11735,-79.05966,2024-09-17T06:52:25.000000Z
2024,261.286412037037,43.11735,-79.05966,2024-09-17T06:52:26.000000Z
2024,261.2864236111111,43.11735,-79.05966,2024-09-17T06:52:27.000000Z
2024,261.28643518518516,43.11735,-79.05966,2024-09-17T06:52:28.000000Z
2024,261.28644675925926,43.11735,-79.05966,2024-09-17T06:52:29.000000Z
2024,261.2864583333333,43.11735,-79.05966,2024-09-17T06:52:30.000000Z
2024,261.28646990740737,43.11735,-79.05966,2024-09-17T06:52:31.000000Z
2024,261.2864814814815,43.11734,-79.05966,2024-09-17T06:52:32.000000Z
2024,261.2864930555555,43.11734,-79.05966,2024-09-17T06:52:33.000000Z
2024,261.28650462962963,43.11734,-79.05966,2024-09-17T06:52:34.000000Z
2024,261.2865162037037,43.11734,-79.05966,2024-09-17T06:52:35.000000Z
2024,261.2865277777778,43.11734,-79.05966,2024-09-17T06:52:36.000000Z
2024,261.28653935185184,43.11734,-79.05966,2024-09-17T06:52:37.000000Z
2024,261.2865509259259,43.11734,-79.05966,2024-09-17T06:52:38.000000Z
2024,261.2865625,43.11734,-79.05966,2024-09-17T06:52:39.000000Z
2024,261.28657407407405,43.11734,-79.05966,2024-09-17T06:52:40.000000Z
2024,261.2967708333333,43.11735,-79.05971,2024-09-17T07:07:21.000000Z
2024,261.2967824074074,43.11735,-79.0597,2024-09-17T07:07:22.000000Z
2024,261.29679398148147,43.11735,-79.0597,2024-09-17T07:07:23.000000Z
2024,261.2968055555556,43.11735,-79.0597,2024-09-17T07:07:24.000000Z
2024,261.29681712962963,43.11735,-79.0597,2024-09-17T07:07:25.000000Z
2024,261.2968287037037,43.11735,-79.0597,2024-09-17T07:07:26.000000Z
2024,261.2968402777778,43.11735,-79.0597,2024-09-17T07:07:27.000000Z
2024,261.29685185185184,43.11735,-79.05969,2024-09-17T07:07:28.000000Z
2024,261.29686342592595,43.11735,-79.05969,2024-09-17T07:07:29.000000Z
2024,261.296875,43.11735,-79.05969,2024-09-17T07:07:30.000000Z
2024,261.29688657407405,43.11735,-79.05968,2024-09-17T07:07:31.000000Z
2024,261.29689814814816,43.11736,-79.05968,2024-09-17T07:07:32.000000Z
2024,261.2969097222222,43.11736,-79.05968,2024-09-17T07:07:33.000000Z
2024,261.2969212962963,43.11736,-79.05968,2024-09-17T07:07:34.000000Z
2024,261.29693287037037,43.11736,-79.05967,2024-09-17T07:07:35.000000Z
2024,261.2969444444445,43.11736,-79.05967,2024-09-17T07:07:36.000000Z
2024,261.29695601851853,43.11736,-79.05967,2024-09-17T07:07:37.000000Z
2024,261.2969675925926,43.11736,-79.05967,2024-09-17T07:07:38.000000Z
2024,261.2969791666667,43.11736,-79.05967,2024-09-17T07:07:39.000000Z
2024,261.29699074074074,43.11736,-79.05967,2024-09-17T07:07:40.000000Z
2024,261.3072569444445,43.11735,-79.05966,2024-09-17T07:22:27.000000Z
2024,261.3072685185185,43.11735,-79.05966,2024-09-17T07:22:28.000000Z
2024,261.30728009259263,43.11734,-79.05967,2024-09-17T07:22:29.000000Z
2024,261.3072916666667,43.11734,-79.05967,2024-09-17T07:22:30.000000Z
2024,261.30730324074074,43.11734,-79.05967,2024-09-17T07:22:31.000000Z
2024,261.30731481481484,43.11734,-79.05968,2024-09-17T07:22:32.000000Z
2024,261.3073263888889,43.11734,-79.05968,2024-09-17T07:22:33.000000Z
2024,261.307337962963,43.11734,-79.05969,2024-09-17T07:22:34.000000Z
2024,261.30734953703706,43.11734,-79.05969,2024-09-17T07:22:35.000000Z
2024,261.30736111111116,43.11734,-79.0597,2024-09-17T07:22:36.000000Z
2024,261.3073726851852,43.11734,-79.0597,2024-09-17T07:22:37.000000Z
2024,261.30738425925927,43.11734,-79.0597,2024-09-17T07:22:38.000000Z
2024,261.3073958333334,43.11734,-79.0597,2024-09-17T07:22:39.000000Z
2024,261.3074074074074,43.11734,-79.0597,2024-09-17T07:22:40.000000Z
2024,261.30741898148153,43.11734,-79.0597,2024-09-17T07:22:41.000000Z
2024,261.3074305555556,43.11734,-79.0597,2024-09-17T07:22:42.000000Z
2024,261.30744212962964,43.11734,-79.0597,2024-09-17T07:22:43.000000Z
2024,261.30745370370374,43.11734,-79.0597,2024-09-17T07:22:44.000000Z
2024,261.3074652777778,43.11734,-79.0597,2024-09-17T07:22:45.000000Z
2024,261.3074768518519,43.11734,-79.0597,2024-09-17T07:22:46.000000Z
2024,261.3176041666667,43.1173,-79.05963,2024-09-17T07:37:21.000000Z
2024,261.3176157407408,43.1173,-79.05963,2024-09-17T07:37:22.000000Z
2024,261.31762731481484,43.1173,-79.05963,2024-09-17T07:37:23.000000Z
2024,261.31763888888895,43.11729,-79.05963,2024-09-17T07:37:24.000000Z
2024,261.317650462963,43.11729,-79.05963,2024-09-17T07:37:25.000000Z
2024,261.31766203703705,43.11729,-79.05963,2024-09-17T07:37:26.000000Z
2024,261.3176851851852,43.1173,-79.05963,2024-09-17T07:37:28.000000Z
2024,261.3176967592593,43.1173,-79.05963,2024-09-17T07:37:29.000000Z
2024,261.31770833333337,43.1173,-79.05963,2024-09-17T07:37:30.000000Z
2024,261.3177199074074,43.1173,-79.05963,2024-09-17T07:37:31.000000Z
2024,261.31773148148153,43.1173,-79.05963,2024-09-17T07:37:32.000000Z
2024,261.3177430555556,43.11731,-79.05963,2024-09-17T07:37:33.000000Z
2024,261.3177546296297,43.11731,-79.05963,2024-09-17T07:37:34.000000Z
2024,261.31776620370374,43.11731,-79.05963,2024-09-17T07:37:35.000000Z
2024,261.31777777777785,43.11731,-79.05963,2024-09-17T07:37:36.000000Z
2024,261.3177893518519,43.11731,-79.05964,2024-09-17T07:37:37.000000Z
2024,261.31780092592595,43.11731,-79.05964,2024-09-17T07:37:38.000000Z
2024,261.31781250000006,43.11731,-79.05964,2024-09-17T07:37:39.000000Z
2024,261.3178240740741,43.11732,-79.05964,2024-09-17T07:37:40.000000Z
2024,261.3280208333333,43.11734,-79.05974,2024-09-17T07:52:21.000000Z
2024,261.3280324074074,43.11734,-79.05973,2024-09-17T07:52:22.000000Z
2024,261.32804398148147,43.11734,-79.05972,2024-09-17T07:52:23.000000Z
2024,261.3280555555556,43.11734,-79.05971,2024-09-17T07:52:24.000000Z
2024,261.32806712962963,43.11735,-79.0597,2024-09-17T07:52:25.000000Z
2024,261.3280787037037,43.11735,-79.05969,2024-09-17T07:52:26.000000Z
2024,261.3280902777778,43.11735,-79.05968,2024-09-17T07:52:27.000000Z
2024,261.32810185185184,43.11735,-79.05967,2024-09-17T07:52:28.000000Z
2024,261.32811342592595,43.11735,-79.05967,2024-09-17T07:52:29.000000Z
2024,261.328125,43.11735,-79.05967,2024-09-17T07:52:30.000000Z
2024,261.32813657407405,43.11736,-79.05966,2024-09-17T07:52:31.000000Z
2024,261.32814814814816,43.11736,-79.05966,2024-09-17T07:52:32.000000Z
2024,261.3281597222222,43.11736,-79.05966,2024-09-17T07:52:33.000000Z
2024,261.3281712962963,43.11736,-79.05966,2024-09-17T07:52:34.000000Z
2024,261.32818287037037,43.11736,-79.05966,2024-09-17T07:52:35.000000Z
2024,261.3281944444445,43.11737,-79.05966,2024-09-17T07:52:36.000000Z
2024,261.32820601851853,43.11737,-79.05966,2024-09-17T07:52:37.000000Z
2024,261.3282175925926,43.11737,-79.05966,2024-09-17T07:52:38.000000Z
2024,261.3282291666667,43.11737,-79.05966,2024-09-17T07:52:39.000000Z
2024,261.32824074074074,43.11738,-79.05966,2024-09-17T07:52:40.000000Z
2024,261.33843749999994,43.11731,-79.05957,2024-09-17T08:07:21.000000Z
2024,261.33844907407405,43.11731,-79.05958,2024-09-17T08:07:22.000000Z
2024,261.3384606481481,43.11731,-79.05959,2024-09-17T08:07:23.000000Z
2024,261.3384722222222,43.11731,-79.0596,2024-09-17T08:07:24.000000Z
2024,261.33848379629626,43.1173,-79.0596,2024-09-17T08:07:25.000000Z
2024,261.3384953703703,43.1173,-79.0596,2024-09-17T08:07:26.000000Z
2024,261.3385069444444,43.1173,-79.05961,2024-09-17T08:07:27.000000Z
2024,261.33851851851847,43.1173,-79.05962,2024-09-17T08:07:28.000000Z
2024,261.3385300925926,43.11731,-79.05962,2024-09-17T08:07:29.000000Z
2024,261.33854166666663,43.11731,-79.05963,2024-09-17T08:07:30.000000Z
2024,261.3385532407407,43.11731,-79.05963,2024-09-17T08:07:31.000000Z
2024,261.3385648148148,43.11731,-79.05963,2024-09-17T08:07:32.000000Z
2024,261.33857638888884,43.11731,-79.05963,2024-09-17T08:07:33.000000Z
2024,261.33858796296295,43.11731,-79.05962,2024-09-17T08:07:34.000000Z
2024,261.338599537037,43.11731,-79.05962,2024-09-17T08:07:35.000000Z
2024,261.3386111111111,43.11731,-79.05962,2024-09-17T08:07:36.000000Z
2024,261.33862268518516,43.11731,-79.05962,2024-09-17T08:07:37.000000Z
2024,261.3386342592592,43.11731,-79.05963,2024-09-17T08:07:38.000000Z
2024,261.33865740740737,43.11732,-79.05963,2024-09-17T08:07:40.000000Z
2024,261.3488541666666,43.11732,-79.05969,2024-09-17T08:22:21.000000Z
2024,261.34886574074073,43.11732,-79.05969,2024-09-17T08:22:22.000000Z
2024,261.3488773148148,43.11732,-79.05969,2024-09-17T08:22:23.000000Z
2024,261.3488888888889,43.11732,-79.05969,2024-09-17T08:22:24.000000Z
2024,261.34890046296294,43.11732,-79.05969,2024-09-17T08:22:25.000000Z
2024,261.348912037037,43.11732,-79.05969,2024-09-17T08:22:26.000000Z
2024,261.3489236111111,43.11732,-79.0597,2024-09-17T08:22:27.000000Z
2024,261.34893518518516,43.11733,-79.0597,2024-09-17T08:22:28.000000Z
2024,261.34894675925926,43.11733,-79.0597,2024-09-17T08:22:29.000000Z
2024,261.3489583333333,43.11734,-79.0597,2024-09-17T08:22:30.000000Z
2024,261.34896990740737,43.11734,-79.0597,2024-09-17T08:22:31.000000Z
2024,261.3489814814815,43.11734,-79.0597,2024-09-17T08:22:32.000000Z
2024,261.3489930555555,43.11735,-79.0597,2024-09-17T08:22:33.000000Z
2024,261.34900462962963,43.11735,-79.0597,2024-09-17T08:22:34.000000Z
2024,261.3490162037037,43.11735,-79.0597,2024-09-17T08:22:35.000000Z
2024,261.3490277777778,43.11735,-79.0597,2024-09-17T08:22:36.000000Z
2024,261.34903935185184,43.11735,-79.0597,2024-09-17T08:22:37.000000Z
2024,261.3490509259259,43.11736,-79.0597,2024-09-17T08:22:38.000000Z
2024,261.3490625,43.11736,-79.0597,2024-09-17T08:22:39.000000Z
2024,261.34907407407405,43.11735,-79.0597,2024-09-17T08:22:40.000000Z
2024,261.3592708333333,43.11722,-79.05958,2024-09-17T08:37:21.000000Z
2024,261.3592824074074,43.11722,-79.05958,2024-09-17T08:37:22.000000Z
2024,261.35929398148147,43.11721,-79.0596,2024-09-17T08:37:23.000000Z
2024,261.3593055555556,43.11721,-79.0596,2024-09-17T08:37:24.000000Z
2024,261.35931712962963,43.11721,-79.0596,2024-09-17T08:37:25.000000Z
2024,261.3593287037037,43.11721,-79.0596,2024-09-17T08:37:26.000000Z
2024,261.3593402777778,43.11721,-79.0596,2024-09-17T08:37:27.000000Z
2024,261.35935185185184,43.11721,-79.0596,2024-09-17T08:37:28.000000Z
2024,261.35936342592595,43.1172,-79.0596,2024-09-17T08:37:29.000000Z
2024,261.359375,43.1172,-79.0596,2024-09-17T08:37:30.000000Z
2024,261.35938657407405,43.1172,-79.05961,2024-09-17T08:37:31.000000Z
2024,261.35939814814816,43.1172,-79.05962,2024-09-17T08:37:32.000000Z
2024,261.3594097222222,43.11721,-79.05962,2024-09-17T08:37:33.000000Z
2024,261.3594212962963,43.11721,-79.05963,2024-09-17T08:37:34.000000Z
2024,261.35943287037037,43.11721,-79.05963,2024-09-17T08:37:35.000000Z
2024,261.3594444444445,43.11721,-79.05963,2024-09-17T08:37:36.000000Z
2024,261.35945601851853,43.11721,-79.05963,2024-09-17T08:37:37.000000Z
2024,261.3594675925926,43.11721,-79.05964,2024-09-17T08:37:38.000000Z
2024,261.3594791666667,43.11722,-79.05964,2024-09-17T08:37:39.000000Z
2024,261.35949074074074,43.11722,-79.05965,2024-09-17T08:37:40.000000Z
2024,261.36968749999994,43.11751,-79.05997,2024-09-17T08:52:21.000000Z
2024,261.36969907407405,43.11751,-79.05997,2024-09-17T08:52:22.000000Z
2024,261.3697106481481,43.11751,-79.05997,2024-09-17T08:52:23.000000Z
2024,261.3697222222222,43.11751,-79.05996,2024-09-17T08:52:24.000000Z
2024,261.36973379629626,43.11752,-79.05993,2024-09-17T08:52:25.000000Z
2024,261.3697453703703,43.11751,-79.05992,2024-09-17T08:52:26.000000Z
2024,261.3697569444444,43.1175,-79.05992,2024-09-17T08:52:27.000000Z
2024,261.36976851851847,43.11751,-79.05993,2024-09-17T08:52:28.000000Z
2024,261.3697800925926,43.11748,-79.05991,2024-09-17T08:52:29.000000Z
2024,261.36979166666663,43.11748,-79.05991,2024-09-17T08:52:30.000000Z
2024,261.3698032407407,43.11748,-79.05991,2024-09-17T08:52:31.000000Z
2024,261.3698148148148,43.11747,-79.05992,2024-09-17T08:52:32.000000Z
2024,261.36982638888884,43.11747,-79.05992,2024-09-17T08:52:33.000000Z
2024,261.36983796296295,43.11746,-79.05992,2024-09-17T08:52:34.000000Z
2024,261.369849537037,43.11746,-79.05991,2024-09-17T08:52:35.000000Z
2024,261.3698611111111,43.11745,-79.05989,2024-09-17T08:52:36.000000Z
2024,261.36987268518516,43.11744,-79.05987,2024-09-17T08:52:37.000000Z
2024,261.3698842592592,43.11743,-79.05986,2024-09-17T08:52:38.000000Z
2024,261.3698958333333,43.11742,-79.05983,2024-09-17T08:52:39.000000Z
2024,261.36990740740737,43.1174,-79.05979,2024-09-17T08:52:40.000000Z
2024,261.3801041666666,43.11745,-79.05983,2024-09-17T09:07:21.000000Z
2024,261.38011574074073,43.11745,-79.05984,2024-09-17T09:07:22.000000Z
2024,261.3801273148148,43.11745,-79.05985,2024-09-17T09:07:23.000000Z
2024,261.3801388888889,43.11745,-79.05985,2024-09-17T09:07:24.000000Z
2024,261.38015046296294,43.11746,-79.05985,2024-09-17T09:07:25.000000Z
2024,261.380162037037,43.11746,-79.05985,2024-09-17T09:07:26.000000Z
2024,261.3801736111111,43.11746,-79.05985,2024-09-17T09:07:27.000000Z
2024,261.38018518518516,43.11746,-79.05985,2024-09-17T09:07:28.000000Z
2024,261.38019675925926,43.11746,-79.05985,2024-09-17T09:07:29.000000Z
2024,261.3802083333333,43.11746,-79.05984,2024-09-17T09:07:30.000000Z
2024,261.38021990740737,43.11746,-79.05984,2024-09-17T09:07:31.000000Z
2024,261.3802314814815,43.11746,-79.05984,2024-09-17T09:07:32.000000Z
2024,261.3802430555555,43.11746,-79.05983,2024-09-17T09:07:33.000000Z
2024,261.38025462962963,43.11745,-79.05983,2024-09-17T09:07:34.000000Z
2024,261.3802662037037,43.11745,-79.05982,2024-09-17T09:07:35.000000Z
2024,261.3802777777778,43.11744,-79.05982,2024-09-17T09:07:36.000000Z
2024,261.38028935185184,43.11743,-79.05982,2024-09-17T09:07:37.000000Z
2024,261.3803009259259,43.11743,-79.05981,2024-09-17T09:07:38.000000Z
2024,261.3803125,43.11743,-79.05981,2024-09-17T09:07:39.000000Z
2024,261.38032407407405,43.11742,-79.05981,2024-09-17T09:07:40.000000Z
2024,261.3905208333333,43.11723,-79.05979,2024-09-17T09:22:21.000000Z
2024,261.3905324074074,43.11724,-79.05979,2024-09-17T09:22:22.000000Z
2024,261.39054398148147,43.11724,-79.05979,2024-09-17T09:22:23.000000Z
2024,261.3905555555556,43.11724,-79.05977,2024-09-17T09:22:24.000000Z
2024,261.39056712962963,43.11724,-79.05977,2024-09-17T09:22:25.000000Z
2024,261.3905787037037,43.11724,-79.05976,2024-09-17T09:22:26.000000Z
2024,261.3905902777778,43.11724,-79.05976,2024-09-17T09:22:27.000000Z
2024,261.39060185185184,43.11724,-79.05975,2024-09-17T09:22:28.000000Z
2024,261.39061342592595,43.11724,-79.05975,2024-09-17T09:22:29.000000Z
2024,261.390625,43.11724,-79.05974,2024-09-17T09:22:30.000000Z
2024,261.39063657407405,43.11724,-79.05974,2024-09-17T09:22:31.000000Z
2024,261.39064814814816,43.11724,-79.05973,2024-09-17T09:22:32.000000Z
2024,261.3906597222222,43.11724,-79.05973,2024-09-17T09:22:33.000000Z
2024,261.3906712962963,43.11724,-79.05973,2024-09-17T09:22:34.000000Z
2024,261.39068287037037,43.11724,-79.05973,2024-09-17T09:22:35.000000Z
2024,261.3906944444445,43.11724,-79.05973,2024-09-17T09:22:36.000000Z
2024,261.39070601851853,43.11724,-79.05973,2024-09-17T09:22:37.000000Z
2024,261.3907175925926,43.11724,-79.05973,2024-09-17T09:22:38.000000Z
2024,261.3907291666667,43.11724,-79.05973,2024-09-17T09:22:39.000000Z
2024,261.39074074074074,43.11725,-79.05973,2024-09-17T09:22:40.000000Z
2024,261.40096064814816,43.11728,-79.05971,2024-09-17T09:37:23.000000Z
2024,261.40097222222226,43.11728,-79.05971,2024-09-17T09:37:24.000000Z
2024,261.4009837962963,43.11729,-79.05971,2024-09-17T09:37:25.000000Z
2024,261.40099537037037,43.11729,-79.05971,2024-09-17T09:37:26.000000Z
2024,261.4010069444445,43.11729,-79.05971,2024-09-17T09:37:27.000000Z
2024,261.4010185185185,43.1173,-79.05971,2024-09-17T09:37:28.000000Z
2024,261.40103009259263,43.1173,-79.05971,2024-09-17T09:37:29.000000Z
2024,261.4010416666667,43.1173,-79.05971,2024-09-17T09:37:30.000000Z
2024,261.40105324074074,43.11731,-79.05971,2024-09-17T09:37:31.000000Z
2024,261.40106481481484,43.11731,-79.05971,2024-09-17T09:37:32.000000Z
2024,261.4010763888889,43.11731,-79.05971,2024-09-17T09:37:33.000000Z
2024,261.401087962963,43.11732,-79.05971,2024-09-17T09:37:34.000000Z
2024,261.40109953703706,43.11732,-79.05971,2024-09-17T09:37:35.000000Z
2024,261.40111111111116,43.11732,-79.05971,2024-09-17T09:37:36.000000Z
2024,261.4011226851852,43.11732,-79.05971,2024-09-17T09:37:37.000000Z
2024,261.40113425925927,43.11732,-79.05972,2024-09-17T09:37:38.000000Z
2024,261.4011458333334,43.11732,-79.05972,2024-09-17T09:37:39.000000Z
2024,261.4011574074074,43.11732,-79.05972,2024-09-17T09:37:40.000000Z
2024,261.40116898148153,43.11732,-79.05972,2024-09-17T09:37:41.000000Z
2024,261.4113773148148,43.11721,-79.05974,2024-09-17T09:52:23.000000Z
2024,261.4113888888889,43.11721,-79.05974,2024-09-17T09:52:24.000000Z
2024,261.41140046296294,43.11721,-79.05975,2024-09-17T09:52:25.000000Z
2024,261.411412037037,43.11721,-79.05975,2024-09-17T09:52:26.000000Z
2024,261.4114236111111,43.11722,-79.05975,2024-09-17T09:52:27.000000Z
2024,261.41143518518516,43.11722,-79.05975,2024-09-17T09:52:28.000000Z
2024,261.41144675925926,43.11722,-79.05975,2024-09-17T09:52:29.000000Z
2024,261.4114583333333,43.11722,-79.05976,2024-09-17T09:52:30.000000Z
2024,261.41146990740737,43.11723,-79.05975,2024-09-17T09:52:31.000000Z
2024,261.4114814814815,43.11724,-79.05974,2024-09-17T09:52:32.000000Z
2024,261.4114930555555,43.11724,-79.05974,2024-09-17T09:52:33.000000Z
2024,261.41150462962963,43.11724,-79.05973,2024-09-17T09:52:34.000000Z
2024,261.4115162037037,43.11724,-79.05973,2024-09-17T09:52:35.000000Z
2024,261.4115277777778,43.11723,-79.05973,2024-09-17T09:52:36.000000Z
2024,261.41153935185184,43.11723,-79.05973,2024-09-17T09:52:37.000000Z
2024,261.4115509259259,43.11723,-79.05973,2024-09-17T09:52:38.000000Z
2024,261.4115625,43.11723,-79.05972,2024-09-17T09:52:39.000000Z
2024,261.41157407407405,43.11723,-79.05972,2024-09-17T09:52:40.000000Z
2024,261.41158564814816,43.11723,-79.05972,2024-09-17T09:52:41.000000Z
2024,261.42179398148147,43.11716,-79.05976,2024-09-17T10:07:23.000000Z
2024,261.4218055555556,43.11716,-79.05976,2024-09-17T10:07:24.000000Z
2024,261.42181712962963,43.11716,-79.05976,2024-09-17T10:07:25.000000Z
2024,261.4218287037037,43.11716,-79.05976,2024-09-17T10:07:26.000000Z
2024,261.4218402777778,43.11716,-79.05976,2024-09-17T10:07:27.000000Z
2024,261.42185185185184,43.11717,-79.05976,2024-09-17T10:07:28.000000Z
2024,261.42186342592595,43.11717,-79.05976,2024-09-17T10:07:29.000000Z
2024,261.421875,43.11717,-79.05976,2024-09-17T10:07:30.000000Z
2024,261.42188657407405,43.11718,-79.05976,2024-09-17T10:07:31.000000Z
2024,261.42189814814816,43.11719,-79.05976,2024-09-17T10:07:32.000000Z
2024,261.4219097222222,43.11719,-79.05976,2024-09-17T10:07:33.000000Z
2024,261.4219212962963,43.1172,-79.05976,2024-09-17T10:07:34.000000Z
2024,261.42193287037037,43.11721,-79.05976,2024-09-17T10:07:35.000000Z
2024,261.4219444444445,43.11722,-79.05976,2024-09-17T10:07:36.000000Z
2024,261.42195601851853,43.11722,-79.05976,2024-09-17T10:07:37.000000Z
2024,261.4219675925926,43.11723,-79.05976,2024-09-17T10:07:38.000000Z
2024,261.4219791666667,43.11724,-79.05976,2024-09-17T10:07:39.000000Z
2024,261.42199074074074,43.11724,-79.05976,2024-09-17T10:07:40.000000Z
2024,261.42200231481485,43.11725,-79.05976,2024-09-17T10:07:41.000000Z
2024,261.43221064814816,43.11734,-79.05973,2024-09-17T10:22:23.000000Z
2024,261.43222222222226,43.11734,-79.05973,2024-09-17T10:22:24.000000Z
2024,261.4322337962963,43.11734,-79.05972,2024-09-17T10:22:25.000000Z
2024,261.43224537037037,43.11733,-79.05972,2024-09-17T10:22:26.000000Z
2024,261.4322569444445,43.11733,-79.05972,2024-09-17T10:22:27.000000Z
2024,261.4322685185185,43.11733,-79.05972,2024-09-17T10:22:28.000000Z
2024,261.43228009259263,43.11732,-79.05972,2024-09-17T10:22:29.000000Z
2024,261.4322916666667,43.11732,-79.05971,2024-09-17T10:22:30.000000Z
2024,261.43230324074074,43.11732,-79.05971,2024-09-17T10:22:31.000000Z
2024,261.43231481481484,43.11732,-79.05971,2024-09-17T10:22:32.000000Z
2024,261.4323263888889,43.11731,-79.05971,2024-09-17T10:22:33.000000Z
2024,261.432337962963,43.11731,-79.05971,2024-09-17T10:22:34.000000Z
2024,261.43234953703706,43.11731,-79.05971,2024-09-17T10:22:35.000000Z
2024,261.43236111111116,43.11731,-79.05971,2024-09-17T10:22:36.000000Z
2024,261.4323726851852,43.11731,-79.0597,2024-09-17T10:22:37.000000Z
2024,261.43238425925927,43.1173,-79.0597,2024-09-17T10:22:38.000000Z
2024,261.4323958333334,43.1173,-79.05971,2024-09-17T10:22:39.000000Z
2024,261.4324074074074,43.1173,-79.05971,2024-09-17T10:22:40.000000Z
2024,261.43241898148153,43.1173,-79.05971,2024-09-17T10:22:41.000000Z
2024,261.44262731481484,43.11734,-79.05974,2024-09-17T10:37:23.000000Z
2024,261.44263888888895,43.11734,-79.05974,2024-09-17T10:37:24.000000Z
2024,261.442650462963,43.11734,-79.05974,2024-09-17T10:37:25.000000Z
2024,261.44266203703705,43.11734,-79.05974,2024-09-17T10:37:26.000000Z
2024,261.44267361111116,43.11733,-79.05974,2024-09-17T10:37:27.000000Z
2024,261.4426851851852,43.11733,-79.05973,2024-09-17T10:37:28.000000Z
2024,261.4426967592593,43.11733,-79.05974,2024-09-17T10:37:29.000000Z
2024,261.44270833333337,43.11733,-79.05974,2024-09-17T10:37:30.000000Z
2024,261.4427199074074,43.11733,-79.05974,2024-09-17T10:37:31.000000Z
2024,261.44273148148153,43.11733,-79.05974,2024-09-17T10:37:32.000000Z
2024,261.4427430555556,43.11733,-79.05974,2024-09-17T10:37:33.000000Z
2024,261.4427546296297,43.11733,-79.05974,2024-09-17T10:37:34.000000Z
2024,261.44276620370374,43.11733,-79.05974,2024-09-17T10:37:35.000000Z
2024,261.44277777777785,43.11733,-79.05974,2024-09-17T10:37:36.000000Z
2024,261.4427893518519,43.11734,-79.05975,2024-09-17T10:37:37.000000Z
2024,261.44280092592595,43.11734,-79.05975,2024-09-17T10:37:38.000000Z
2024,261.44281250000006,43.11734,-79.05975,2024-09-17T10:37:39.000000Z
2024,261.4428240740741,43.11733,-79.05975,2024-09-17T10:37:40.000000Z
2024,261.4428356481482,43.11733,-79.05975,2024-09-17T10:37:41.000000Z
2024,261.45304398148147,43.11732,-79.05965,2024-09-17T10:52:23.000000Z
2024,261.4530555555556,43.11732,-79.05965,2024-09-17T10:52:24.000000Z
2024,261.45306712962963,43.11732,-79.05966,2024-09-17T10:52:25.000000Z
2024,261.4530787037037,43.11732,-79.05966,2024-09-17T10:52:26.000000Z
2024,261.4530902777778,43.11732,-79.05966,2024-09-17T10:52:27.000000Z
2024,261.45310185185184,43.11731,-79.05966,2024-09-17T10:52:28.000000Z
2024,261.45311342592595,43.11731,-79.05966,2024-09-17T10:52:29.000000Z
2024,261.453125,43.11731,-79.05966,2024-09-17T10:52:30.000000Z
2024,261.45313657407405,43.11731,-79.05966,2024-09-17T10:52:31.000000Z
2024,261.45314814814816,43.1173,-79.05966,2024-09-17T10:52:32.000000Z
2024,261.4531597222222,43.1173,-79.05967,2024-09-17T10:52:33.000000Z
2024,261.4531712962963,43.1173,-79.05967,2024-09-17T10:52:34.000000Z
2024,261.45318287037037,43.1173,-79.05967,2024-09-17T10:52:35.000000Z
2024,261.4531944444445,43.1173,-79.05967,2024-09-17T10:52:36.000000Z
2024,261.45320601851853,43.1173,-79.05968,2024-09-17T10:52:37.000000Z
2024,261.4532175925926,43.1173,-79.05968,2024-09-17T10:52:38.000000Z
2024,261.4532291666667,43.1173,-79.05968,2024-09-17T10:52:39.000000Z
2024,261.45324074074074,43.1173,-79.05969,2024-09-17T10:52:40.000000Z
2024,261.45325231481485,43.1173,-79.05969,2024-09-17T10:52:41.000000Z
2024,261.4634606481481,43.11724,-79.05972,2024-09-17T11:07:23.000000Z
2024,261.4634722222222,43.11724,-79.05972,2024-09-17T11:07:24.000000Z
2024,261.46348379629626,43.11724,-79.05973,2024-09-17T11:07:25.000000Z
2024,261.4634953703703,43.11724,-79.05973,2024-09-17T11:07:26.000000Z
2024,261.4635069444444,43.11724,-79.05973,2024-09-17T11:07:27.000000Z
2024,261.46351851851847,43.11724,-79.05973,2024-09-17T11:07:28.000000Z
2024,261.4635300925926,43.11724,-79.05973,2024-09-17T11:07:29.000000Z
2024,261.46354166666663,43.11724,-79.05973,2024-09-17T11:07:30.000000Z
2024,261.4635532407407,43.11725,-79.05973,2024-09-17T11:07:31.000000Z
2024,261.4635648148148,43.11725,-79.05973,2024-09-17T11:07:32.000000Z
2024,261.46357638888884,43.11725,-79.05973,2024-09-17T11:07:33.000000Z
2024,261.46358796296295,43.11726,-79.05973,2024-09-17T11:07:34.000000Z
2024,261.463599537037,43.11726,-79.05973,2024-09-17T11:07:35.000000Z
2024,261.4636111111111,43.11727,-79.05973,2024-09-17T11:07:36.000000Z
2024,261.46362268518516,43.11727,-79.05973,2024-09-17T11:07:37.000000Z
2024,261.4636342592592,43.11727,-79.05973,2024-09-17T11:07:38.000000Z
2024,261.4636458333333,43.11728,-79.05973,2024-09-17T11:07:39.000000Z
2024,261.46365740740737,43.11729,-79.05973,2024-09-17T11:07:40.000000Z
2024,261.4636689814815,43.11729,-79.05973,2024-09-17T11:07:41.000000Z
2024,261.4738773148148,43.11728,-79.05958,2024-09-17T11:22:23.000000Z
2024,261.4738888888889,43.11729,-79.05957,2024-09-17T11:22:24.000000Z
2024,261.47390046296294,43.11729,-79.05957,2024-09-17T11:22:25.000000Z
2024,261.473912037037,43.11728,-79.05957,2024-09-17T11:22:26.000000Z
2024,261.4739236111111,43.11729,-79.05957,2024-09-17T11:22:27.000000Z
2024,261.47393518518516,43.11729,-79.05957,2024-09-17T11:22:28.000000Z
2024,261.47394675925926,43.11728,-79.05957,2024-09-17T11:22:29.000000Z
2024,261.4739583333333,43.11728,-79.05957,2024-09-17T11:22:30.000000Z
2024,261.47396990740737,43.11728,-79.05957,2024-09-17T11:22:31.000000Z
2024,261.4739814814815,43.11728,-79.05956,2024-09-17T11:22:32.000000Z
2024,261.4739930555555,43.11728,-79.05956,2024-09-17T11:22:33.000000Z
2024,261.47400462962963,43.11729,-79.05956,2024-09-17T11:22:34.000000Z
2024,261.4740162037037,43.11729,-79.05956,2024-09-17T11:22:35.000000Z
2024,261.4740277777778,43.11729,-79.05957,2024-09-17T11:22:36.000000Z
2024,261.47403935185184,43.11729,-79.05957,2024-09-17T11:22:37.000000Z
2024,261.4740509259259,43.11729,-79.05957,2024-09-17T11:22:38.000000Z
2024,261.4740625,43.11729,-79.05957,2024-09-17T11:22:39.000000Z
2024,261.47407407407405,43.11729,-79.05957,2024-09-17T11:22:40.000000Z
2024,261.47408564814816,43.11729,-79.05958,2024-09-17T11:22:41.000000Z
2024,261.48429398148147,43.11731,-79.0597,2024-09-17T11:37:23.000000Z
2024,261.4843055555556,43.11732,-79.0597,2024-09-17T11:37:24.000000Z
2024,261.48431712962963,43.11732,-79.05971,2024-09-17T11:37:25.000000Z
2024,261.4843287037037,43.11732,-79.05972,2024-09-17T11:37:26.000000Z
2024,261.4843402777778,43.11732,-79.05973,2024-09-17T11:37:27.000000Z
2024,261.48435185185184,43.11732,-79.05973,2024-09-17T11:37:28.000000Z
2024,261.48436342592595,43.11733,-79.05974,2024-09-17T11:37:29.000000Z
2024,261.484375,43.11733,-79.05974,2024-09-17T11:37:30.000000Z
2024,261.48438657407405,43.11733,-79.05974,2024-09-17T11:37:31.000000Z
2024,261.48439814814816,43.11733,-79.05975,2024-09-17T11:37:32.000000Z
2024,261.4844097222222,43.11734,-79.05976,2024-09-17T11:37:33.000000Z
2024,261.4844212962963,43.11734,-79.05976,2024-09-17T11:37:34.000000Z
2024,261.48443287037037,43.11734,-79.05976,2024-09-17T11:37:35.000000Z
2024,261.4844444444445,43.11734,-79.05976,2024-09-17T11:37:36.000000Z
2024,261.48445601851853,43.11734,-79.05976,2024-09-17T11:37:37.000000Z
2024,261.4844675925926,43.11734,-79.05976,2024-09-17T11:37:38.000000Z
2024,261.4844791666667,43.11734,-79.05976,2024-09-17T11:37:39.000000Z
2024,261.48449074074074,43.11734,-79.05976,2024-09-17T11:37:40.000000Z
2024,261.48450231481485,43.11734,-79.05976,2024-09-17T11:37:41.000000Z
2024,261.4947106481481,43.11744,-79.05995,2024-09-17T11:52:23.000000Z
2024,261.4947222222222,43.11744,-79.05995,2024-09-17T11:52:24.000000Z
2024,261.49473379629626,43.11744,-79.05995,2024-09-17T11:52:25.000000Z
2024,261.4947453703703,43.11744,-79.05995,2024-09-17T11:52:26.000000Z
2024,261.4947569444444,43.11744,-79.05995,2024-09-17T11:52:27.000000Z
2024,261.49476851851847,43.11743,-79.05995,2024-09-17T11:52:28.000000Z
2024,261.4947800925926,43.11743,-79.05995,2024-09-17T11:52:29.000000Z
2024,261.49479166666663,43.11743,-79.05995,2024-09-17T11:52:30.000000Z
2024,261.4948032407407,43.11742,-79.05993,2024-09-17T11:52:31.000000Z
2024,261.4948148148148,43.11742,-79.05991,2024-09-17T11:52:32.000000Z
2024,261.49482638888884,43.11741,-79.05987,2024-09-17T11:52:33.000000Z
2024,261.49483796296295,43.1174,-79.05986,2024-09-17T11:52:34.000000Z
2024,261.494849537037,43.1174,-79.05983,2024-09-17T11:52:35.000000Z
2024,261.4948611111111,43.1174,-79.05982,2024-09-17T11:52:36.000000Z
2024,261.49487268518516,43.11739,-79.0598,2024-09-17T11:52:37.000000Z
2024,261.4948842592592,43.11739,-79.05979,2024-09-17T11:52:38.000000Z
2024,261.4948958333333,43.11739,-79.05978,2024-09-17T11:52:39.000000Z
2024,261.49490740740737,43.11738,-79.05976,2024-09-17T11:52:40.000000Z
2024,261.4949189814815,43.11738,-79.05976,2024-09-17T11:52:41.000000Z
2024,261.5051273148148,43.11751,-79.05999,2024-09-17T12:07:23.000000Z
2024,261.5051388888889,43.11754,-79.06004,2024-09-17T12:07:24.000000Z
2024,261.50515046296294,43.11755,-79.06005,2024-09-17T12:07:25.000000Z
2024,261.505162037037,43.11757,-79.06007,2024-09-17T12:07:26.000000Z
2024,261.5051736111111,43.1176,-79.06011,2024-09-17T12:07:27.000000Z
2024,261.50518518518516,43.11761,-79.06011,2024-09-17T12:07:28.000000Z
2024,261.50519675925926,43.11762,-79.06014,2024-09-17T12:07:29.000000Z
2024,261.5052083333333,43.11763,-79.06014,2024-09-17T12:07:30.000000Z
2024,261.50521990740737,43.11762,-79.06011,2024-09-17T12:07:31.000000Z
2024,261.5052314814815,43.11761,-79.06008,2024-09-17T12:07:32.000000Z
2024,261.5052430555555,43.11761,-79.06008,2024-09-17T12:07:33.000000Z
2024,261.50525462962963,43.11761,-79.06007,2024-09-17T12:07:34.000000Z
2024,261.5052662037037,43.11761,-79.06006,2024-09-17T12:07:35.000000Z
2024,261.5052777777778,43.1176,-79.06005,2024-09-17T12:07:36.000000Z
2024,261.50528935185184,43.1176,-79.06004,2024-09-17T12:07:37.000000Z
2024,261.5053009259259,43.1176,-79.06003,2024-09-17T12:07:38.000000Z
2024,261.5053125,43.1176,-79.06002,2024-09-17T12:07:39.000000Z
2024,261.50532407407405,43.1176,-79.06002,2024-09-17T12:07:40.000000Z
2024,261.50533564814816,43.1176,-79.06002,2024-09-17T12:07:41.000000Z
2024,261.51554398148147,43.11746,-79.05971,2024-09-17T12:22:23.000000Z
2024,261.5155555555556,43.11745,-79.05972,2024-09-17T12:22:24.000000Z
2024,261.51556712962963,43.11746,-79.05972,2024-09-17T12:22:25.000000Z
2024,261.5155787037037,43.11746,-79.05971,2024-09-17T12:22:26.000000Z
2024,261.5155902777778,43.11746,-79.05971,2024-09-17T12:22:27.000000Z
2024,261.51560185185184,43.11747,-79.05971,2024-09-17T12:22:28.000000Z
2024,261.51561342592595,43.11747,-79.05971,2024-09-17T12:22:29.000000Z
2024,261.515625,43.11747,-79.0597,2024-09-17T12:22:30.000000Z
2024,261.51563657407405,43.11748,-79.0597,2024-09-17T12:22:31.000000Z
2024,261.51564814814816,43.11748,-79.0597,2024-09-17T12:22:32.000000Z
2024,261.5156597222222,43.11748,-79.0597,2024-09-17T12:22:33.000000Z
2024,261.5156712962963,43.11747,-79.05971,2024-09-17T12:22:34.000000Z
2024,261.51568287037037,43.11747,-79.05971,2024-09-17T12:22:35.000000Z
2024,261.5156944444445,43.11747,-79.05971,2024-09-17T12:22:36.000000Z
2024,261.51570601851853,43.11747,-79.05971,2024-09-17T12:22:37.000000Z
2024,261.5157175925926,43.11747,-79.05971,2024-09-17T12:22:38.000000Z
2024,261.5157291666667,43.11747,-79.05971,2024-09-17T12:22:39.000000Z
2024,261.51575231481485,43.11747,-79.05972,2024-09-17T12:22:41.000000Z
2024,261.52596064814816,43.11743,-79.05966,2024-09-17T12:37:23.000000Z
2024,261.52597222222226,43.11743,-79.05966,2024-09-17T12:37:24.000000Z
2024,261.5259837962963,43.11743,-79.05966,2024-09-17T12:37:25.000000Z
2024,261.52599537037037,43.11743,-79.05966,2024-09-17T12:37:26.000000Z
2024,261.5260069444445,43.11743,-79.05966,2024-09-17T12:37:27.000000Z
2024,261.5260185185185,43.11743,-79.05966,2024-09-17T12:37:28.000000Z
2024,261.52603009259263,43.11742,-79.05966,2024-09-17T12:37:29.000000Z
2024,261.5260416666667,43.11742,-79.05967,2024-09-17T12:37:30.000000Z
2024,261.52605324074074,43.11742,-79.05967,2024-09-17T12:37:31.000000Z
2024,261.52606481481484,43.11741,-79.05968,2024-09-17T12:37:32.000000Z
2024,261.5260763888889,43.11741,-79.05968,2024-09-17T12:37:33.000000Z
2024,261.526087962963,43.1174,-79.05968,2024-09-17T12:37:34.000000Z
2024,261.52609953703706,43.1174,-79.05969,2024-09-17T12:37:35.000000Z
2024,261.52611111111116,43.1174,-79.05969,2024-09-17T12:37:36.000000Z
2024,261.5261226851852,43.11739,-79.05969,2024-09-17T12:37:37.000000Z
2024,261.52613425925927,43.11739,-79.0597,2024-09-17T12:37:38.000000Z
2024,261.5261458333334,43.11739,-79.0597,2024-09-17T12:37:39.000000Z
2024,261.5261574074074,43.11739,-79.0597,2024-09-17T12:37:40.000000Z
2024,261.52616898148153,43.11739,-79.0597,2024-09-17T12:37:41.000000Z
2024,261.5363773148148,43.11738,-79.05976,2024-09-17T12:52:23.000000Z
2024,261.5363888888889,43.11738,-79.05976,2024-09-17T12:52:24.000000Z
2024,261.53640046296294,43.11737,-79.05976,2024-09-17T12:52:25.000000Z
2024,261.536412037037,43.11737,-79.05975,2024-09-17T12:52:26.000000Z
2024,261.5364236111111,43.11736,-79.05974,2024-09-17T12:52:27.000000Z
2024,261.53643518518516,43.11736,-79.05973,2024-09-17T12:52:28.000000Z
2024,261.53644675925926,43.11735,-79.05973,2024-09-17T12:52:29.000000Z
2024,261.5364583333333,43.11735,-79.05973,2024-09-17T12:52:30.000000Z
2024,261.53646990740737,43.11735,-79.05972,2024-09-17T12:52:31.000000Z
2024,261.5364814814815,43.11735,-79.05972,2024-09-17T12:52:32.000000Z
2024,261.5364930555555,43.11735,-79.05971,2024-09-17T12:52:33.000000Z
2024,261.53650462962963,43.11734,-79.0597,2024-09-17T12:52:34.000000Z
2024,261.5365162037037,43.11734,-79.0597,2024-09-17T12:52:35.000000Z
2024,261.5365277777778,43.11734,-79.0597,2024-09-17T12:52:36.000000Z
2024,261.53653935185184,43.11734,-79.0597,2024-09-17T12:52:37.000000Z
2024,261.5365509259259,43.11734,-79.05969,2024-09-17T12:52:38.000000Z
2024,261.5365625,43.11734,-79.05969,2024-09-17T12:52:39.000000Z
2024,261.53657407407405,43.11734,-79.05969,2024-09-17T12:52:40.000000Z
2024,261.53658564814816,43.11734,-79.05969,2024-09-17T12:52:41.000000Z
2024,261.54679398148147,43.11731,-79.05954,2024-09-17T13:07:23.000000Z
2024,261.5468055555556,43.11731,-79.05954,2024-09-17T13:07:24.000000Z
2024,261.54681712962963,43.1173,-79.05953,2024-09-17T13:07:25.000000Z
2024,261.5468287037037,43.1173,-79.05954,2024-09-17T13:07:26.000000Z
2024,261.5468402777778,43.1173,-79.05954,2024-09-17T13:07:27.000000Z
2024,261.54685185185184,43.1173,-79.05954,2024-09-17T13:07:28.000000Z
2024,261.54686342592595,43.1173,-79.05956,2024-09-17T13:07:29.000000Z
2024,261.546875,43.1173,-79.05956,2024-09-17T13:07:30.000000Z
2024,261.54688657407405,43.11732,-79.0596,2024-09-17T13:07:31.000000Z
2024,261.54689814814816,43.11732,-79.05962,2024-09-17T13:07:32.000000Z
2024,261.5469097222222,43.11733,-79.05963,2024-09-17T13:07:33.000000Z
2024,261.5469212962963,43.11734,-79.05965,2024-09-17T13:07:34.000000Z
2024,261.54693287037037,43.11734,-79.05966,2024-09-17T13:07:35.000000Z
2024,261.5469444444445,43.11734,-79.05966,2024-09-17T13:07:36.000000Z
2024,261.54695601851853,43.11734,-79.05967,2024-09-17T13:07:37.000000Z
2024,261.5469675925926,43.11735,-79.05968,2024-09-17T13:07:38.000000Z
2024,261.5469791666667,43.11735,-79.05968,2024-09-17T13:07:39.000000Z
2024,261.54699074074074,43.11735,-79.05969,2024-09-17T13:07:40.000000Z
2024,261.54700231481485,43.11735,-79.0597,2024-09-17T13:07:41.000000Z
2024,261.55721064814816,43.11724,-79.05973,2024-09-17T13:22:23.000000Z
2024,261.55722222222226,43.11724,-79.05973,2024-09-17T13:22:24.000000Z
2024,261.5572337962963,43.11724,-79.05973,2024-09-17T13:22:25.000000Z
2024,261.55724537037037,43.11724,-79.05973,2024-09-17T13:22:26.000000Z
2024,261.5572569444445,43.11723,-79.05973,2024-09-17T13:22:27.000000Z
2024,261.5572685185185,43.11723,-79.05973,2024-09-17T13:22:28.000000Z
2024,261.55728009259263,43.11725,-79.05973,2024-09-17T13:22:29.000000Z
2024,261.5572916666667,43.11725,-79.05973,2024-09-17T13:22:30.000000Z
2024,261.55730324074074,43.11725,-79.05973,2024-09-17T13:22:31.000000Z
2024,261.55731481481484,43.11726,-79.05973,2024-09-17T13:22:32.000000Z
2024,261.5573263888889,43.11726,-79.05973,2024-09-17T13:22:33.000000Z
2024,261.557337962963,43.11726,-79.05973,2024-09-17T13:22:34.000000Z
2024,261.55734953703706,43.11727,-79.05973,2024-09-17T13:22:35.000000Z
2024,261.55736111111116,43.11727,-79.05973,2024-09-17T13:22:36.000000Z
2024,261.5573726851852,43.11727,-79.05973,2024-09-17T13:22:37.000000Z
2024,261.55738425925927,43.11727,-79.05973,2024-09-17T13:22:38.000000Z
2024,261.5573958333334,43.11727,-79.05973,2024-09-17T13:22:39.000000Z
2024,261.5574074074074,43.11728,-79.05972,2024-09-17T13:22:40.000000Z
2024,261.55741898148153,43.11729,-79.05972,2024-09-17T13:22:41.000000Z
2024,261.5676157407408,43.11744,-79.0597,2024-09-17T13:37:22.000000Z
2024,261.56762731481484,43.11744,-79.05971,2024-09-17T13:37:23.000000Z
2024,261.56763888888895,43.11744,-79.05971,2024-09-17T13:37:24.000000Z
2024,261.567650462963,43.11744,-79.05972,2024-09-17T13:37:25.000000Z
2024,261.56766203703705,43.11744,-79.05972,2024-09-17T13:37:26.000000Z
2024,261.56767361111116,43.11744,-79.05973,2024-09-17T13:37:27.000000Z
2024,261.5676851851852,43.11743,-79.05973,2024-09-17T13:37:28.000000Z
2024,261.5676967592593,43.11743,-79.05973,2024-09-17T13:37:29.000000Z
2024,261.56770833333337,43.11743,-79.05973,2024-09-17T13:37:30.000000Z
2024,261.5677199074074,43.11743,-79.05973,2024-09-17T13:37:31.000000Z
2024,261.56773148148153,43.11743,-79.05973,2024-09-17T13:37:32.000000Z
2024,261.5677430555556,43.11743,-79.05973,2024-09-17T13:37:33.000000Z
2024,261.5677546296297,43.11742,-79.05973,2024-09-17T13:37:34.000000Z
2024,261.56776620370374,43.11742,-79.05974,2024-09-17T13:37:35.000000Z
2024,261.56777777777785,43.11742,-79.05974,2024-09-17T13:37:36.000000Z
2024,261.5677893518519,43.11742,-79.05974,2024-09-17T13:37:37.000000Z
2024,261.56780092592595,43.11742,-79.05975,2024-09-17T13:37:38.000000Z
2024,261.56781250000006,43.11742,-79.05975,2024-09-17T13:37:39.000000Z
2024,261.5678240740741,43.11742,-79.05975,2024-09-17T13:37:40.000000Z
2024,261.5780324074074,43.11731,-79.05973,2024-09-17T13:52:22.000000Z
2024,261.57804398148147,43.11731,-79.05973,2024-09-17T13:52:23.000000Z
2024,261.5780555555556,43.1173,-79.05973,2024-09-17T13:52:24.000000Z
2024,261.57806712962963,43.11731,-79.05973,2024-09-17T13:52:25.000000Z
2024,261.5780787037037,43.1173,-79.05973,2024-09-17T13:52:26.000000Z
2024,261.5780902777778,43.11731,-79.05973,2024-09-17T13:52:27.000000Z
2024,261.57810185185184,43.11731,-79.05973,2024-09-17T13:52:28.000000Z
2024,261.57811342592595,43.11731,-79.05972,2024-09-17T13:52:29.000000Z
2024,261.578125,43.11731,-79.05972,2024-09-17T13:52:30.000000Z
2024,261.57813657407405,43.1173,-79.05971,2024-09-17T13:52:31.000000Z
2024,261.57814814814816,43.11731,-79.05971,2024-09-17T13:52:32.000000Z
2024,261.5781597222222,43.11731,-79.05971,2024-09-17T13:52:33.000000Z
2024,261.5781712962963,43.11731,-79.0597,2024-09-17T13:52:34.000000Z
2024,261.57818287037037,43.11731,-79.0597,2024-09-17T13:52:35.000000Z
2024,261.5781944444445,43.11731,-79.0597,2024-09-17T13:52:36.000000Z
2024,261.57820601851853,43.11731,-79.0597,2024-09-17T13:52:37.000000Z
2024,261.5782175925926,43.11731,-79.0597,2024-09-17T13:52:38.000000Z
2024,261.5782291666667,43.11731,-79.0597,2024-09-17T13:52:39.000000Z
2024,261.57824074074074,43.11731,-79.0597,2024-09-17T13:52:40.000000Z
2024,261.58844907407405,43.1173,-79.05968,2024-09-17T14:07:22.000000Z
2024,261.5884606481481,43.1173,-79.05969,2024-09-17T14:07:23.000000Z
2024,261.5884722222222,43.11731,-79.05969,2024-09-17T14:07:24.000000Z
2024,261.58848379629626,43.11731,-79.05969,2024-09-17T14:07:25.000000Z
2024,261.5884953703703,43.11731,-79.05969,2024-09-17T14:07:26.000000Z
2024,261.5885069444444,43.11732,-79.05969,2024-09-17T14:07:27.000000Z
2024,261.58851851851847,43.11732,-79.05969,2024-09-17T14:07:28.000000Z
2024,261.5885300925926,43.11732,-79.05969,2024-09-17T14:07:29.000000Z
2024,261.58854166666663,43.11732,-79.05969,2024-09-17T14:07:30.000000Z
2024,261.5885532407407,43.11733,-79.0597,2024-09-17T14:07:31.000000Z
2024,261.5885648148148,43.11733,-79.0597,2024-09-17T14:07:32.000000Z
2024,261.58857638888884,43.11734,-79.0597,2024-09-17T14:07:33.000000Z
2024,261.58858796296295,43.11734,-79.0597,2024-09-17T14:07:34.000000Z
2024,261.588599537037,43.11734,-79.0597,2024-09-17T14:07:35.000000Z
2024,261.5886111111111,43.11734,-79.0597,2024-09-17T14:07:36.000000Z
2024,261.58862268518516,43.11735,-79.0597,2024-09-17T14:07:37.000000Z
2024,261.5886342592592,43.11735,-79.05971,2024-09-17T14:07:38.000000Z
2024,261.5886458333333,43.11735,-79.05971,2024-09-17T14:07:39.000000Z
2024,261.58865740740737,43.11736,-79.05971,2024-09-17T14:07:40.000000Z
2024,261.59886574074073,43.11737,-79.05965,2024-09-17T14:22:22.000000Z
2024,261.5988773148148,43.11737,-79.05966,2024-09-17T14:22:23.000000Z
2024,261.5988888888889,43.11737,-79.05966,2024-09-17T14:22:24.000000Z
2024,261.59890046296294,43.11737,-79.05966,2024-09-17T14:22:25.000000Z
2024,261.598912037037,43.11737,-79.05966,2024-09-17T14:22:26.000000Z
2024,261.5989236111111,43.11736,-79.05966,2024-09-17T14:22:27.000000Z
2024,261.59893518518516,43.11736,-79.05966,2024-09-17T14:22:28.000000Z
2024,261.59894675925926,43.11736,-79.05966,2024-09-17T14:22:29.000000Z
2024,261.5989583333333,43.11736,-79.05966,2024-09-17T14:22:30.000000Z
2024,261.59896990740737,43.11737,-79.05966,2024-09-17T14:22:31.000000Z
2024,261.5989814814815,43.11736,-79.05966,2024-09-17T14:22:32.000000Z
2024,261.5989930555555,43.11736,-79.05966,2024-09-17T14:22:33.000000Z
2024,261.59900462962963,43.11737,-79.05967,2024-09-17T14:22:34.000000Z
2024,261.5990162037037,43.11737,-79.05967,2024-09-17T14:22:35.000000Z
2024,261.5990277777778,43.11737,-79.05967,2024-09-17T14:22:36.000000Z
2024,261.59903935185184,43.11736,-79.05967,2024-09-17T14:22:37.000000Z
2024,261.5990509259259,43.11736,-79.05967,2024-09-17T14:22:38.000000Z
2024,261.5990625,43.11736,-79.05967,2024-09-17T14:22:39.000000Z
2024,261.59907407407405,43.11736,-79.05967,2024-09-17T14:22:40.000000Z
2024,261.6092824074074,43.11738,-79.05974,2024-09-17T14:37:22.000000Z
2024,261.60929398148147,43.11738,-79.05974,2024-09-17T14:37:23.000000Z
2024,261.6093055555556,43.11737,-79.05974,2024-09-17T14:37:24.000000Z
2024,261.60931712962963,43.11737,-79.05974,2024-09-17T14:37:25.000000Z
2024,261.6093287037037,43.11737,-79.05973,2024-09-17T14:37:26.000000Z
2024,261.6093402777778,43.11737,-79.05973,2024-09-17T14:37:27.000000Z
2024,261.60935185185184,43.11738,-79.05972,2024-09-17T14:37:28.000000Z
2024,261.60936342592595,43.11738,-79.05972,2024-09-17T14:37:29.000000Z
2024,261.609375,43.11739,-79.05971,2024-09-17T14:37:30.000000Z
2024,261.60938657407405,43.1174,-79.05972,2024-09-17T14:37:31.000000Z
2024,261.60939814814816,43.11739,-79.05972,2024-09-17T14:37:32.000000Z
2024,261.6094097222222,43.1174,-79.05972,2024-09-17T14:37:33.000000Z
2024,261.6094212962963,43.1174,-79.05971,2024-09-17T14:37:34.000000Z
2024,261.60943287037037,43.11739,-79.05971,2024-09-17T14:37:35.000000Z
2024,261.6094444444445,43.11739,-79.05971,2024-09-17T14:37:36.000000Z
2024,261.60945601851853,43.11739,-79.05971,2024-09-17T14:37:37.000000Z
2024,261.6094675925926,43.11739,-79.0597,2024-09-17T14:37:38.000000Z
2024,261.6094791666667,43.11739,-79.0597,2024-09-17T14:37:39.000000Z
2024,261.60949074074074,43.11738,-79.0597,2024-09-17T14:37:40.000000Z
2024,261.61969907407405,43.1173,-79.05971,2024-09-17T14:52:22.000000Z
2024,261.6197106481481,43.11731,-79.05972,2024-09-17T14:52:23.000000Z
2024,261.6197222222222,43.11732,-79.05972,2024-09-17T14:52:24.000000Z
2024,261.61973379629626,43.11732,-79.05972,2024-09-17T14:52:25.000000Z
2024,261.6197453703703,43.11732,-79.05972,2024-09-17T14:52:26.000000Z
2024,261.6197569444444,43.11732,-79.05973,2024-09-17T14:52:27.000000Z
2024,261.61976851851847,43.11732,-79.05973,2024-09-17T14:52:28.000000Z
2024,261.6197800925926,43.11732,-79.05973,2024-09-17T14:52:29.000000Z
2024,261.61979166666663,43.11733,-79.05973,2024-09-17T14:52:30.000000Z
2024,261.6198032407407,43.11733,-79.05973,2024-09-17T14:52:31.000000Z
2024,261.6198148148148,43.11733,-79.05973,2024-09-17T14:52:32.000000Z
2024,261.61982638888884,43.11733,-79.05973,2024-09-17T14:52:33.000000Z
2024,261.61983796296295,43.11733,-79.05973,2024-09-17T14:52:34.000000Z
2024,261.619849537037,43.11733,-79.05972,2024-09-17T14:52:35.000000Z
2024,261.6198611111111,43.11732,-79.05972,2024-09-17T14:52:36.000000Z
2024,261.61987268518516,43.11732,-79.05972,2024-09-17T14:52:37.000000Z
2024,261.6198842592592,43.11732,-79.05971,2024-09-17T14:52:38.000000Z
2024,261.6198958333333,43.11732,-79.05971,2024-09-17T14:52:39.000000Z
2024,261.61990740740737,43.11732,-79.05971,2024-09-17T14:52:40.000000Z
2024,261.63011574074073,43.1174,-79.05966,2024-09-17T15:07:22.000000Z
2024,261.6301273148148,43.1174,-79.05966,2024-09-17T15:07:23.000000Z
2024,261.6301388888889,43.1174,-79.05967,2024-09-17T15:07:24.000000Z
2024,261.63015046296294,43.1174,-79.05968,2024-09-17T15:07:25.000000Z
2024,261.630162037037,43.1174,-79.05968,2024-09-17T15:07:26.000000Z
2024,261.6301736111111,43.1174,-79.05969,2024-09-17T15:07:27.000000Z
2024,261.63018518518516,43.1174,-79.05969,2024-09-17T15:07:28.000000Z
2024,261.63019675925926,43.1174,-79.05969,2024-09-17T15:07:29.000000Z
2024,261.6302083333333,43.1174,-79.05969,2024-09-17T15:07:30.000000Z
2024,261.63021990740737,43.1174,-79.05969,2024-09-17T15:07:31.000000Z
2024,261.6302314814815,43.1174,-79.0597,2024-09-17T15:07:32.000000Z
2024,261.6302430555555,43.11739,-79.0597,2024-09-17T15:07:33.000000Z
2024,261.63025462962963,43.11739,-79.0597,2024-09-17T15:07:34.000000Z
2024,261.6302662037037,43.11739,-79.0597,2024-09-17T15:07:35.000000Z
2024,261.6302777777778,43.11739,-79.0597,2024-09-17T15:07:36.000000Z
2024,261.63028935185184,43.11739,-79.0597,2024-09-17T15:07:37.000000Z
2024,261.6303009259259,43.11739,-79.0597,2024-09-17T15:07:38.000000Z
2024,261.6303125,43.11739,-79.0597,2024-09-17T15:07:39.000000Z
2024,261.63032407407405,43.11739,-79.0597,2024-09-17T15:07:40.000000Z
2024,261.6405324074074,43.11742,-79.05974,2024-09-17T15:22:22.000000Z
2024,261.64054398148147,43.11742,-79.05974,2024-09-17T15:22:23.000000Z
2024,261.6405555555556,43.11741,-79.05974,2024-09-17T15:22:24.000000Z
2024,261.64056712962963,43.1174,-79.05974,2024-09-17T15:22:25.000000Z
2024,261.6405787037037,43.1174,-79.05975,2024-09-17T15:22:26.000000Z
2024,261.6405902777778,43.1174,-79.05975,2024-09-17T15:22:27.000000Z
2024,261.64060185185184,43.1174,-79.05975,2024-09-17T15:22:28.000000Z
2024,261.64061342592595,43.1174,-79.05975,2024-09-17T15:22:29.000000Z
2024,261.640625,43.1174,-79.05974,2024-09-17T15:22:30.000000Z
2024,261.64063657407405,43.11739,-79.05974,2024-09-17T15:22:31.000000Z
2024,261.64064814814816,43.11739,-79.05974,2024-09-17T15:22:32.000000Z
2024,261.6406597222222,43.11739,-79.05974,2024-09-17T15:22:33.000000Z
2024,261.6406712962963,43.11739,-79.05974,2024-09-17T15:22:34.000000Z
2024,261.64068287037037,43.11739,-79.05974,2024-09-17T15:22:35.000000Z
2024,261.6406944444445,43.11739,-79.05974,2024-09-17T15:22:36.000000Z
2024,261.64070601851853,43.11738,-79.05975,2024-09-17T15:22:37.000000Z
2024,261.6407175925926,43.11738,-79.05975,2024-09-17T15:22:38.000000Z
2024,261.6407291666667,43.11738,-79.05975,2024-09-17T15:22:39.000000Z
2024,261.64074074074074,43.11738,-79.05976,2024-09-17T15:22:40.000000Z
2024,261.6509490740741,43.11739,-79.05947,2024-09-17T15:37:22.000000Z
2024,261.65096064814816,43.11737,-79.05948,2024-09-17T15:37:23.000000Z
2024,261.65097222222226,43.11738,-79.05948,2024-09-17T15:37:24.000000Z
2024,261.6509837962963,43.11739,-79.05948,2024-09-17T15:37:25.000000Z
2024,261.65099537037037,43.11739,-79.05949,2024-09-17T15:37:26.000000Z
2024,261.6510069444445,43.11738,-79.0595,2024-09-17T15:37:27.000000Z
2024,261.6510185185185,43.11738,-79.05951,2024-09-17T15:37:28.000000Z
2024,261.65103009259263,43.11737,-79.05952,2024-09-17T15:37:29.000000Z
2024,261.6510416666667,43.11736,-79.05953,2024-09-17T15:37:30.000000Z
2024,261.65105324074074,43.11736,-79.05953,2024-09-17T15:37:31.000000Z
2024,261.65106481481484,43.11735,-79.05954,2024-09-17T15:37:32.000000Z
2024,261.6510763888889,43.11735,-79.05955,2024-09-17T15:37:33.000000Z
2024,261.651087962963,43.11735,-79.05955,2024-09-17T15:37:34.000000Z
2024,261.65109953703706,43.11735,-79.05956,2024-09-17T15:37:35.000000Z
2024,261.65111111111116,43.11735,-79.05956,2024-09-17T15:37:36.000000Z
2024,261.6511226851852,43.11735,-79.05956,2024-09-17T15:37:37.000000Z
2024,261.65113425925927,43.11735,-79.05956,2024-09-17T15:37:38.000000Z
2024,261.6511458333334,43.11735,-79.05956,2024-09-17T15:37:39.000000Z
2024,261.6511574074074,43.11735,-79.05957,2024-09-17T15:37:40.000000Z
2024,261.66146990740737,43.11728,-79.05949,2024-09-17T15:52:31.000000Z
2024,261.6615277777778,43.11727,-79.05951,2024-09-17T15:52:36.000000Z
2024,261.66153935185184,43.11727,-79.05951,2024-09-17T15:52:37.000000Z
2024,261.6615509259259,43.11727,-79.05951,2024-09-17T15:52:38.000000Z
2024,261.6615625,43.11727,-79.05951,2024-09-17T15:52:39.000000Z
2024,261.66157407407405,43.11727,-79.05951,2024-09-17T15:52:40.000000Z
2024,261.66158564814816,43.11727,-79.05952,2024-09-17T15:52:41.000000Z
2024,261.6615972222222,43.11727,-79.05952,2024-09-17T15:52:42.000000Z
2024,261.66160879629626,43.11727,-79.05952,2024-09-17T15:52:43.000000Z
2024,261.6616203703704,43.11727,-79.05953,2024-09-17T15:52:44.000000Z
2024,261.6616319444444,43.11727,-79.05952,2024-09-17T15:52:45.000000Z
2024,261.66164351851853,43.11727,-79.05953,2024-09-17T15:52:46.000000Z
2024,261.6616550925926,43.11728,-79.05953,2024-09-17T15:52:47.000000Z
2024,261.66166666666663,43.11728,-79.05953,2024-09-17T15:52:48.000000Z
2024,261.66167824074074,43.11728,-79.05953,2024-09-17T15:52:49.000000Z
2024,261.66171296296295,43.11728,-79.05953,2024-09-17T15:52:52.000000Z
2024,261.6617939814815,43.1173,-79.05955,2024-09-17T15:52:59.000000Z
2024,261.66180555555553,43.1173,-79.05956,2024-09-17T15:53:00.000000Z
2024,261.6618634259259,43.11731,-79.05958,2024-09-17T15:53:05.000000Z
2024,261.66187499999995,43.11731,-79.05958,2024-09-17T15:53:06.000000Z
2024,261.66188657407406,43.11732,-79.05959,2024-09-17T15:53:07.000000Z
2024,261.6717824074074,43.11733,-79.05968,2024-09-17T16:07:22.000000Z
2024,261.67179398148147,43.11733,-79.05968,2024-09-17T16:07:23.000000Z
2024,261.6718055555556,43.11732,-79.05968,2024-09-17T16:07:24.000000Z
2024,261.67181712962963,43.11733,-79.05969,2024-09-17T16:07:25.000000Z
2024,261.6718287037037,43.11733,-79.05969,2024-09-17T16:07:26.000000Z
2024,261.6718402777778,43.11733,-79.05969,2024-09-17T16:07:27.000000Z
2024,261.67185185185184,43.11733,-79.0597,2024-09-17T16:07:28.000000Z
2024,261.67186342592595,43.11734,-79.0597,2024-09-17T16:07:29.000000Z
2024,261.671875,43.11734,-79.0597,2024-09-17T16:07:30.000000Z
2024,261.67188657407405,43.11734,-79.0597,2024-09-17T16:07:31.000000Z
2024,261.67189814814816,43.11734,-79.05971,2024-09-17T16:07:32.000000Z
2024,261.6719097222222,43.11734,-79.05971,2024-09-17T16:07:33.000000Z
2024,261.6719212962963,43.11734,-79.05971,2024-09-17T16:07:34.000000Z
2024,261.67193287037037,43.11735,-79.05971,2024-09-17T16:07:35.000000Z
2024,261.6719444444445,43.11735,-79.05971,2024-09-17T16:07:36.000000Z
2024,261.67195601851853,43.11735,-79.05972,2024-09-17T16:07:37.000000Z
2024,261.6719675925926,43.11735,-79.05972,2024-09-17T16:07:38.000000Z
2024,261.6719791666667,43.11735,-79.05972,2024-09-17T16:07:39.000000Z
2024,261.6720601851852,43.11735,-79.05973,2024-09-17T16:07:46.000000Z
2024,261.6821990740741,43.11733,-79.05975,2024-09-17T16:22:22.000000Z
2024,261.68221064814816,43.11733,-79.05975,2024-09-17T16:22:23.000000Z
2024,261.68222222222226,43.11734,-79.05975,2024-09-17T16:22:24.000000Z
2024,261.6822337962963,43.11734,-79.05975,2024-09-17T16:22:25.000000Z
2024,261.68224537037037,43.11733,-79.05976,2024-09-17T16:22:26.000000Z
2024,261.6822569444445,43.11733,-79.05974,2024-09-17T16:22:27.000000Z
2024,261.6822685185185,43.11733,-79.05975,2024-09-17T16:22:28.000000Z
2024,261.6822916666667,43.11734,-79.05974,2024-09-17T16:22:30.000000Z
2024,261.68230324074074,43.11734,-79.05974,2024-09-17T16:22:31.000000Z
2024,261.68231481481484,43.11735,-79.05975,2024-09-17T16:22:32.000000Z
2024,261.6823726851852,43.11737,-79.05975,2024-09-17T16:22:37.000000Z
2024,261.68238425925927,43.11737,-79.05975,2024-09-17T16:22:38.000000Z
2024,261.6823958333334,43.11737,-79.05975,2024-09-17T16:22:39.000000Z
2024,261.6824074074074,43.11737,-79.05975,2024-09-17T16:22:40.000000Z
2024,261.68241898148153,43.11737,-79.05975,2024-09-17T16:22:41.000000Z
2024,261.6824305555556,43.11736,-79.05975,2024-09-17T16:22:42.000000Z
2024,261.6824652777778,43.11736,-79.05975,2024-09-17T16:22:45.000000Z
2024,261.6824768518519,43.11736,-79.05975,2024-09-17T16:22:46.000000Z
2024,261.68248842592595,43.11736,-79.05975,2024-09-17T16:22:47.000000Z
2024,261.6926157407408,43.11737,-79.05971,2024-09-17T16:37:22.000000Z
2024,261.69262731481484,43.11738,-79.05971,2024-09-17T16:37:23.000000Z
2024,261.69263888888895,43.11738,-79.0597,2024-09-17T16:37:24.000000Z
2024,261.692650462963,43.11738,-79.05971,2024-09-17T16:37:25.000000Z
2024,261.69266203703705,43.11738,-79.05971,2024-09-17T16:37:26.000000Z
2024,261.69267361111116,43.11739,-79.05971,2024-09-17T16:37:27.000000Z
2024,261.6926851851852,43.1174,-79.0597,2024-09-17T16:37:28.000000Z
2024,261.6926967592593,43.1174,-79.05971,2024-09-17T16:37:29.000000Z
2024,261.69270833333337,43.1174,-79.05971,2024-09-17T16:37:30.000000Z
2024,261.6927199074074,43.1174,-79.05971,2024-09-17T16:37:31.000000Z
2024,261.69273148148153,43.11741,-79.05971,2024-09-17T16:37:32.000000Z
2024,261.6927430555556,43.11741,-79.05972,2024-09-17T16:37:33.000000Z
2024,261.6927546296297,43.11741,-79.05972,2024-09-17T16:37:34.000000Z
2024,261.6927893518519,43.11742,-79.05971,2024-09-17T16:37:37.000000Z
2024,261.69280092592595,43.11742,-79.05971,2024-09-17T16:37:38.000000Z
2024,261.69281250000006,43.11742,-79.05971,2024-09-17T16:37:39.000000Z
2024,261.6928240740741,43.11741,-79.05971,2024-09-17T16:37:40.000000Z
2024,261.6928356481482,43.11741,-79.0597,2024-09-17T16:37:41.000000Z
2024,261.69284722222227,43.1174,-79.0597,2024-09-17T16:37:42.000000Z
2024,261.7030324074074,43.11739,-79.05973,2024-09-17T16:52:22.000000Z
2024,261.70304398148147,43.11739,-79.05973,2024-09-17T16:52:23.000000Z
2024,261.7030555555556,43.11739,-79.05973,2024-09-17T16:52:24.000000Z
2024,261.70306712962963,43.11739,-79.05973,2024-09-17T16:52:25.000000Z
2024,261.7030787037037,43.11739,-79.05973,2024-09-17T16:52:26.000000Z
2024,261.7030902777778,43.11739,-79.05973,2024-09-17T16:52:27.000000Z
2024,261.70310185185184,43.11739,-79.05973,2024-09-17T16:52:28.000000Z
2024,261.70311342592595,43.11739,-79.05973,2024-09-17T16:52:29.000000Z
2024,261.703125,43.1174,-79.05973,2024-09-17T16:52:30.000000Z
2024,261.70313657407405,43.1174,-79.05973,2024-09-17T16:52:31.000000Z
2024,261.70314814814816,43.1174,-79.05973,2024-09-17T16:52:32.000000Z
2024,261.7031597222222,43.1174,-79.05973,2024-09-17T16:52:33.000000Z
2024,261.7031712962963,43.11739,-79.05973,2024-09-17T16:52:34.000000Z
2024,261.70318287037037,43.11739,-79.05973,2024-09-17T16:52:35.000000Z
2024,261.7031944444445,43.11739,-79.05973,2024-09-17T16:52:36.000000Z
2024,261.70320601851853,43.11739,-79.05973,2024-09-17T16:52:37.000000Z
2024,261.7032175925926,43.11739,-79.05973,2024-09-17T16:52:38.000000Z
2024,261.7032291666667,43.11739,-79.05973,2024-09-17T16:52:39.000000Z
2024,261.70324074074074,43.11739,-79.05973,2024-09-17T16:52:40.000000Z
2024,261.71344907407405,43.11729,-79.0597,2024-09-17T17:07:22.000000Z
2024,261.7134606481481,43.1173,-79.0597,2024-09-17T17:07:23.000000Z
2024,261.7134722222222,43.1173,-79.0597,2024-09-17T17:07:24.000000Z
2024,261.71348379629626,43.1173,-79.05971,2024-09-17T17:07:25.000000Z
2024,261.7134953703703,43.1173,-79.05971,2024-09-17T17:07:26.000000Z
2024,261.7135069444444,43.1173,-79.05971,2024-09-17T17:07:27.000000Z
2024,261.71351851851847,43.1173,-79.05972,2024-09-17T17:07:28.000000Z
2024,261.7135300925926,43.1173,-79.05972,2024-09-17T17:07:29.000000Z
2024,261.71354166666663,43.11731,-79.05972,2024-09-17T17:07:30.000000Z
2024,261.7135532407407,43.11731,-79.05972,2024-09-17T17:07:31.000000Z
2024,261.7135648148148,43.11731,-79.05972,2024-09-17T17:07:32.000000Z
2024,261.71357638888884,43.11731,-79.05972,2024-09-17T17:07:33.000000Z
2024,261.71358796296295,43.11731,-79.05972,2024-09-17T17:07:34.000000Z
2024,261.713599537037,43.11731,-79.05972,2024-09-17T17:07:35.000000Z
2024,261.7136111111111,43.11732,-79.05972,2024-09-17T17:07:36.000000Z
2024,261.71362268518516,43.11732,-79.05972,2024-09-17T17:07:37.000000Z
2024,261.7136342592592,43.11732,-79.05972,2024-09-17T17:07:38.000000Z
2024,261.7136458333333,43.11732,-79.05973,2024-09-17T17:07:39.000000Z
2024,261.71365740740737,43.11732,-79.05973,2024-09-17T17:07:40.000000Z
2024,261.72386574074073,43.11743,-79.05976,2024-09-17T17:22:22.000000Z
2024,261.7238773148148,43.11742,-79.05976,2024-09-17T17:22:23.000000Z
2024,261.7238888888889,43.11741,-79.05976,2024-09-17T17:22:24.000000Z
2024,261.72390046296294,43.11739,-79.05976,2024-09-17T17:22:25.000000Z
2024,261.723912037037,43.11738,-79.05977,2024-09-17T17:22:26.000000Z
2024,261.7239236111111,43.11738,-79.05977,2024-09-17T17:22:27.000000Z
2024,261.72393518518516,43.11737,-79.05977,2024-09-17T17:22:28.000000Z
2024,261.72394675925926,43.11737,-79.05977,2024-09-17T17:22:29.000000Z
2024,261.7239583333333,43.11737,-79.05977,2024-09-17T17:22:30.000000Z
2024,261.72396990740737,43.11736,-79.05977,2024-09-17T17:22:31.000000Z
2024,261.7239814814815,43.11735,-79.05976,2024-09-17T17:22:32.000000Z
2024,261.7239930555555,43.11735,-79.05976,2024-09-17T17:22:33.000000Z
2024,261.72400462962963,43.11735,-79.05976,2024-09-17T17:22:34.000000Z
2024,261.7240162037037,43.11734,-79.05976,2024-09-17T17:22:35.000000Z
2024,261.7240277777778,43.11734,-79.05975,2024-09-17T17:22:36.000000Z
2024,261.72403935185184,43.11734,-79.05975,2024-09-17T17:22:37.000000Z
2024,261.7240509259259,43.11734,-79.05974,2024-09-17T17:22:38.000000Z
2024,261.7240625,43.11734,-79.05974,2024-09-17T17:22:39.000000Z
2024,261.72407407407405,43.11734,-79.05974,2024-09-17T17:22:40.000000Z
2024,261.7342824074074,43.11722,-79.05966,2024-09-17T17:37:22.000000Z
2024,261.73429398148147,43.11722,-79.05967,2024-09-17T17:37:23.000000Z
2024,261.7343055555556,43.11722,-79.05968,2024-09-17T17:37:24.000000Z
2024,261.73431712962963,43.11722,-79.05968,2024-09-17T17:37:25.000000Z
2024,261.7343287037037,43.11722,-79.05968,2024-09-17T17:37:26.000000Z
2024,261.7343402777778,43.11721,-79.05968,2024-09-17T17:37:27.000000Z
2024,261.73435185185184,43.11721,-79.05968,2024-09-17T17:37:28.000000Z
2024,261.73436342592595,43.11721,-79.05968,2024-09-17T17:37:29.000000Z
2024,261.734375,43.11721,-79.05968,2024-09-17T17:37:30.000000Z
2024,261.73438657407405,43.11721,-79.05968,2024-09-17T17:37:31.000000Z
2024,261.73439814814816,43.11721,-79.05968,2024-09-17T17:37:32.000000Z
2024,261.7344097222222,43.11721,-79.05968,2024-09-17T17:37:33.000000Z
2024,261.7344212962963,43.11722,-79.05968,2024-09-17T17:37:34.000000Z
2024,261.73443287037037,43.11722,-79.05968,2024-09-17T17:37:35.000000Z
2024,261.7344444444445,43.11722,-79.05967,2024-09-17T17:37:36.000000Z
2024,261.73445601851853,43.11722,-79.05967,2024-09-17T17:37:37.000000Z
2024,261.7344675925926,43.11723,-79.05967,2024-09-17T17:37:38.000000Z
2024,261.7344791666667,43.11723,-79.05967,2024-09-17T17:37:39.000000Z
2024,261.73449074074074,43.11723,-79.05967,2024-09-17T17:37:40.000000Z
2024,261.74469907407405,43.11727,-79.05964,2024-09-17T17:52:22.000000Z
2024,261.7447106481481,43.11725,-79.05963,2024-09-17T17:52:23.000000Z
2024,261.7447222222222,43.11725,-79.05964,2024-09-17T17:52:24.000000Z
2024,261.74473379629626,43.11725,-79.05965,2024-09-17T17:52:25.000000Z
2024,261.7447453703703,43.11725,-79.05966,2024-09-17T17:52:26.000000Z
2024,261.7447569444444,43.11725,-79.05966,2024-09-17T17:52:27.000000Z
2024,261.74476851851847,43.11725,-79.05966,2024-09-17T17:52:28.000000Z
2024,261.7447800925926,43.11725,-79.05967,2024-09-17T17:52:29.000000Z
2024,261.74479166666663,43.11725,-79.05967,2024-09-17T17:52:30.000000Z
2024,261.7448032407407,43.11725,-79.05967,2024-09-17T17:52:31.000000Z
2024,261.7448148148148,43.11725,-79.05968,2024-09-17T17:52:32.000000Z
2024,261.74482638888884,43.11725,-79.05968,2024-09-17T17:52:33.000000Z
2024,261.74483796296295,43.11724,-79.05968,2024-09-17T17:52:34.000000Z
2024,261.744849537037,43.11724,-79.05968,2024-09-17T17:52:35.000000Z
2024,261.7448611111111,43.11725,-79.05968,2024-09-17T17:52:36.000000Z
2024,261.74487268518516,43.11724,-79.05968,2024-09-17T17:52:37.000000Z
2024,261.7448842592592,43.11725,-79.05968,2024-09-17T17:52:38.000000Z
2024,261.7448958333333,43.11725,-79.05968,2024-09-17T17:52:39.000000Z
2024,261.74490740740737,43.11725,-79.05968,2024-09-17T17:52:40.000000Z
2024,261.75511574074073,43.11738,-79.05976,2024-09-17T18:07:22.000000Z
2024,261.7551273148148,43.11737,-79.05975,2024-09-17T18:07:23.000000Z
2024,261.7551388888889,43.11737,-79.05974,2024-09-17T18:07:24.000000Z
2024,261.75515046296294,43.11736,-79.05974,2024-09-17T18:07:25.000000Z
2024,261.755162037037,43.11736,-79.05974,2024-09-17T18:07:26.000000Z
2024,261.7551736111111,43.11736,-79.05974,2024-09-17T18:07:27.000000Z
2024,261.75518518518516,43.11736,-79.05973,2024-09-17T18:07:28.000000Z
2024,261.75519675925926,43.11736,-79.05973,2024-09-17T18:07:29.000000Z
2024,261.7552083333333,43.11736,-79.05973,2024-09-17T18:07:30.000000Z
2024,261.75521990740737,43.11735,-79.05973,2024-09-17T18:07:31.000000Z
2024,261.7552314814815,43.11734,-79.05973,2024-09-17T18:07:32.000000Z
2024,261.7552430555555,43.11734,-79.05973,2024-09-17T18:07:33.000000Z
2024,261.75525462962963,43.11734,-79.05972,2024-09-17T18:07:34.000000Z
2024,261.7552662037037,43.11733,-79.05972,2024-09-17T18:07:35.000000Z
2024,261.7552777777778,43.11733,-79.05972,2024-09-17T18:07:36.000000Z
2024,261.75528935185184,43.11733,-79.05972,2024-09-17T18:07:37.000000Z
2024,261.7553009259259,43.11733,-79.05972,2024-09-17T18:07:38.000000Z
2024,261.7553125,43.11733,-79.05972,2024-09-17T18:07:39.000000Z
2024,261.75532407407405,43.11734,-79.05972,2024-09-17T18:07:40.000000Z
2024,261.7655324074074,43.11735,-79.05975,2024-09-17T18:22:22.000000Z
2024,261.76554398148147,43.11735,-79.05975,2024-09-17T18:22:23.000000Z
2024,261.7655555555556,43.11736,-79.05974,2024-09-17T18:22:24.000000Z
2024,261.76556712962963,43.11736,-79.05973,2024-09-17T18:22:25.000000Z
2024,261.7655787037037,43.11737,-79.05973,2024-09-17T18:22:26.000000Z
2024,261.7655902777778,43.11737,-79.05973,2024-09-17T18:22:27.000000Z
2024,261.76560185185184,43.11737,-79.05973,2024-09-17T18:22:28.000000Z
2024,261.76561342592595,43.11737,-79.05973,2024-09-17T18:22:29.000000Z
2024,261.765625,43.11737,-79.05973,2024-09-17T18:22:30.000000Z
2024,261.76563657407405,43.11737,-79.05973,2024-09-17T18:22:31.000000Z
2024,261.76564814814816,43.11737,-79.05972,2024-09-17T18:22:32.000000Z
2024,261.7656597222222,43.11737,-79.05972,2024-09-17T18:22:33.000000Z
2024,261.7656712962963,43.11737,-79.05971,2024-09-17T18:22:34.000000Z
2024,261.76568287037037,43.11737,-79.05971,2024-09-17T18:22:35.000000Z
2024,261.7656944444445,43.11737,-79.0597,2024-09-17T18:22:36.000000Z
2024,261.76570601851853,43.11737,-79.0597,2024-09-17T18:22:37.000000Z
2024,261.7657175925926,43.11737,-79.0597,2024-09-17T18:22:38.000000Z
2024,261.7657291666667,43.11737,-79.0597,2024-09-17T18:22:39.000000Z
2024,261.76574074074074,43.11737,-79.0597,2024-09-17T18:22:40.000000Z
2024,261.77596064814816,43.11735,-79.05966,2024-09-17T18:37:23.000000Z
2024,261.77597222222226,43.11735,-79.05967,2024-09-17T18:37:24.000000Z
2024,261.7759837962963,43.11735,-79.05967,2024-09-17T18:37:25.000000Z
2024,261.77599537037037,43.11735,-79.05968,2024-09-17T18:37:26.000000Z
2024,261.7760069444445,43.11735,-79.05969,2024-09-17T18:37:27.000000Z
2024,261.7760185185185,43.11735,-79.05969,2024-09-17T18:37:28.000000Z
2024,261.77603009259263,43.11735,-79.0597,2024-09-17T18:37:29.000000Z
2024,261.7760416666667,43.11736,-79.0597,2024-09-17T18:37:30.000000Z
2024,261.77605324074074,43.11736,-79.0597,2024-09-17T18:37:31.000000Z
2024,261.77606481481484,43.11736,-79.0597,2024-09-17T18:37:32.000000Z
2024,261.7760763888889,43.11736,-79.0597,2024-09-17T18:37:33.000000Z
2024,261.776087962963,43.11736,-79.0597,2024-09-17T18:37:34.000000Z
2024,261.77609953703706,43.11736,-79.05971,2024-09-17T18:37:35.000000Z
2024,261.77611111111116,43.11736,-79.0597,2024-09-17T18:37:36.000000Z
2024,261.7761226851852,43.11736,-79.0597,2024-09-17T18:37:37.000000Z
2024,261.77613425925927,43.11736,-79.0597,2024-09-17T18:37:38.000000Z
2024,261.7761458333334,43.11736,-79.0597,2024-09-17T18:37:39.000000Z
2024,261.7761574074074,43.11736,-79.0597,2024-09-17T18:37:40.000000Z
2024,261.7863541666666,43.11733,-79.0597,2024-09-17T18:52:21.000000Z
2024,261.78636574074073,43.11733,-79.0597,2024-09-17T18:52:22.000000Z
2024,261.7863773148148,43.11733,-79.0597,2024-09-17T18:52:23.000000Z
2024,261.7863888888889,43.11733,-79.0597,2024-09-17T18:52:24.000000Z
2024,261.78640046296294,43.11732,-79.0597,2024-09-17T18:52:25.000000Z
2024,261.786412037037,43.11732,-79.0597,2024-09-17T18:52:26.000000Z
2024,261.7864236111111,43.11732,-79.0597,2024-09-17T18:52:27.000000Z
2024,261.78643518518516,43.11732,-79.0597,2024-09-17T18:52:28.000000Z
2024,261.78644675925926,43.11732,-79.0597,2024-09-17T18:52:29.000000Z
2024,261.7864583333333,43.11732,-79.0597,2024-09-17T18:52:30.000000Z
2024,261.78646990740737,43.11732,-79.0597,2024-09-17T18:52:31.000000Z
2024,261.7864814814815,43.11732,-79.0597,2024-09-17T18:52:32.000000Z
2024,261.7864930555555,43.11732,-79.0597,2024-09-17T18:52:33.000000Z
2024,261.78650462962963,43.11732,-79.05971,2024-09-17T18:52:34.000000Z
2024,261.7865162037037,43.11732,-79.0597,2024-09-17T18:52:35.000000Z
2024,261.7865277777778,43.11732,-79.0597,2024-09-17T18:52:36.000000Z
2024,261.78653935185184,43.11732,-79.0597,2024-09-17T18:52:37.000000Z
2024,261.7865509259259,43.11732,-79.05971,2024-09-17T18:52:38.000000Z
2024,261.7865625,43.11732,-79.05971,2024-09-17T18:52:39.000000Z
2024,261.78657407407405,43.11733,-79.05971,2024-09-17T18:52:40.000000Z
2024,261.7967708333333,43.11732,-79.05969,2024-09-17T19:07:21.000000Z
2024,261.7967824074074,43.11732,-79.05969,2024-09-17T19:07:22.000000Z
2024,261.79679398148147,43.11732,-79.05969,2024-09-17T19:07:23.000000Z
2024,261.7968055555556,43.11732,-79.05969,2024-09-17T19:07:24.000000Z
2024,261.79681712962963,43.11732,-79.05969,2024-09-17T19:07:25.000000Z
2024,261.7968287037037,43.11732,-79.05969,2024-09-17T19:07:26.000000Z
2024,261.7968402777778,43.11732,-79.05969,2024-09-17T19:07:27.000000Z
2024,261.79685185185184,43.11732,-79.05969,2024-09-17T19:07:28.000000Z
2024,261.79686342592595,43.11732,-79.05969,2024-09-17T19:07:29.000000Z
2024,261.796875,43.11732,-79.05969,2024-09-17T19:07:30.000000Z
2024,261.79688657407405,43.11732,-79.05969,2024-09-17T19:07:31.000000Z
2024,261.79689814814816,43.11732,-79.05969,2024-09-17T19:07:32.000000Z
2024,261.7969097222222,43.11732,-79.05969,2024-09-17T19:07:33.000000Z
2024,261.79693287037037,43.11732,-79.05969,2024-09-17T19:07:35.000000Z
2024,261.7969444444445,43.11732,-79.05969,2024-09-17T19:07:36.000000Z
2024,261.79695601851853,43.11732,-79.05969,2024-09-17T19:07:37.000000Z
2024,261.7969675925926,43.11732,-79.05969,2024-09-17T19:07:38.000000Z
2024,261.7969791666667,43.11732,-79.0597,2024-09-17T19:07:39.000000Z
2024,261.79699074074074,43.11732,-79.0597,2024-09-17T19:07:40.000000Z
2024,261.8071875,43.11738,-79.05962,2024-09-17T19:22:21.000000Z
2024,261.8071990740741,43.11738,-79.05962,2024-09-17T19:22:22.000000Z
2024,261.80721064814816,43.11738,-79.05962,2024-09-17T19:22:23.000000Z
2024,261.80722222222226,43.11737,-79.05962,2024-09-17T19:22:24.000000Z
2024,261.8072337962963,43.11737,-79.05963,2024-09-17T19:22:25.000000Z
2024,261.80724537037037,43.11737,-79.05963,2024-09-17T19:22:26.000000Z
2024,261.8072569444445,43.11737,-79.05963,2024-09-17T19:22:27.000000Z
2024,261.8072685185185,43.11738,-79.05964,2024-09-17T19:22:28.000000Z
2024,261.80728009259263,43.11738,-79.05964,2024-09-17T19:22:29.000000Z
2024,261.8072916666667,43.11737,-79.05964,2024-09-17T19:22:30.000000Z
2024,261.80730324074074,43.11737,-79.05964,2024-09-17T19:22:31.000000Z
2024,261.80731481481484,43.11737,-79.05965,2024-09-17T19:22:32.000000Z
2024,261.8073263888889,43.11737,-79.05965,2024-09-17T19:22:33.000000Z
2024,261.807337962963,43.11737,-79.05966,2024-09-17T19:22:34.000000Z
2024,261.80734953703706,43.11737,-79.05966,2024-09-17T19:22:35.000000Z
2024,261.80736111111116,43.11737,-79.05966,2024-09-17T19:22:36.000000Z
2024,261.8073726851852,43.11737,-79.05966,2024-09-17T19:22:37.000000Z
2024,261.80738425925927,43.11736,-79.05966,2024-09-17T19:22:38.000000Z
2024,261.8073958333334,43.11736,-79.05966,2024-09-17T19:22:39.000000Z
2024,261.8074074074074,43.11735,-79.05966,2024-09-17T19:22:40.000000Z
2024,261.8176041666667,43.11737,-79.05967,2024-09-17T19:37:21.000000Z
2024,261.8176157407408,43.11736,-79.05966,2024-09-17T19:37:22.000000Z
2024,261.81762731481484,43.11738,-79.05968,2024-09-17T19:37:23.000000Z
2024,261.81763888888895,43.11738,-79.05967,2024-09-17T19:37:24.000000Z
2024,261.817650462963,43.11737,-79.05967,2024-09-17T19:37:25.000000Z
2024,261.81766203703705,43.11737,-79.05967,2024-09-17T19:37:26.000000Z
2024,261.81767361111116,43.11738,-79.05968,2024-09-17T19:37:27.000000Z
2024,261.8176851851852,43.11738,-79.05969,2024-09-17T19:37:28.000000Z
2024,261.8176967592593,43.11739,-79.05969,2024-09-17T19:37:29.000000Z
2024,261.81770833333337,43.11739,-79.0597,2024-09-17T19:37:30.000000Z
2024,261.8177199074074,43.11739,-79.05969,2024-09-17T19:37:31.000000Z
2024,261.81773148148153,43.11738,-79.05969,2024-09-17T19:37:32.000000Z
2024,261.8177430555556,43.11738,-79.05969,2024-09-17T19:37:33.000000Z
2024,261.8177546296297,43.11738,-79.05969,2024-09-17T19:37:34.000000Z
2024,261.81776620370374,43.11737,-79.05969,2024-09-17T19:37:35.000000Z
2024,261.81777777777785,43.11737,-79.05969,2024-09-17T19:37:36.000000Z
2024,261.8177893518519,43.11737,-79.05969,2024-09-17T19:37:37.000000Z
2024,261.81780092592595,43.11737,-79.05969,2024-09-17T19:37:38.000000Z
2024,261.81781250000006,43.11737,-79.05969,2024-09-17T19:37:39.000000Z
2024,261.8178240740741,43.11737,-79.05969,2024-09-17T19:37:40.000000Z
2024,261.8280324074074,43.11738,-79.05977,2024-09-17T19:52:22.000000Z
2024,261.82804398148147,43.1174,-79.05978,2024-09-17T19:52:23.000000Z
2024,261.8280555555556,43.11742,-79.05978,2024-09-17T19:52:24.000000Z
2024,261.82806712962963,43.11742,-79.05979,2024-09-17T19:52:25.000000Z
2024,261.8280787037037,43.11743,-79.05979,2024-09-17T19:52:26.000000Z
2024,261.8280902777778,43.11744,-79.05979,2024-09-17T19:52:27.000000Z
2024,261.82810185185184,43.11745,-79.05979,2024-09-17T19:52:28.000000Z
2024,261.82811342592595,43.11745,-79.05979,2024-09-17T19:52:29.000000Z
2024,261.828125,43.11745,-79.05979,2024-09-17T19:52:30.000000Z
2024,261.82813657407405,43.11744,-79.05979,2024-09-17T19:52:31.000000Z
2024,261.82814814814816,43.11743,-79.05978,2024-09-17T19:52:32.000000Z
2024,261.8281597222222,43.11743,-79.05978,2024-09-17T19:52:33.000000Z
2024,261.8281712962963,43.11743,-79.05978,2024-09-17T19:52:34.000000Z
2024,261.82818287037037,43.11743,-79.05978,2024-09-17T19:52:35.000000Z
2024,261.8281944444445,43.11742,-79.05978,2024-09-17T19:52:36.000000Z
2024,261.82820601851853,43.11742,-79.05977,2024-09-17T19:52:37.000000Z
2024,261.8282175925926,43.11742,-79.05977,2024-09-17T19:52:38.000000Z
2024,261.8282291666667,43.11741,-79.05977,2024-09-17T19:52:39.000000Z
2024,261.82824074074074,43.1174,-79.05976,2024-09-17T19:52:40.000000Z
2024,261.83843749999994,43.1174,-79.05973,2024-09-17T20:07:21.000000Z
2024,261.83844907407405,43.11738,-79.05976,2024-09-17T20:07:22.000000Z
2024,261.8384606481481,43.11739,-79.05976,2024-09-17T20:07:23.000000Z
2024,261.8384722222222,43.11739,-79.05974,2024-09-17T20:07:24.000000Z
2024,261.83848379629626,43.11739,-79.05976,2024-09-17T20:07:25.000000Z
2024,261.8384953703703,43.11739,-79.05976,2024-09-17T20:07:26.000000Z
2024,261.8385069444444,43.11739,-79.05976,2024-09-17T20:07:27.000000Z
2024,261.83851851851847,43.11739,-79.05976,2024-09-17T20:07:28.000000Z
2024,261.8385300925926,43.11738,-79.05976,2024-09-17T20:07:29.000000Z
2024,261.83854166666663,43.11738,-79.05976,2024-09-17T20:07:30.000000Z
2024,261.8385532407407,43.11738,-79.05975,2024-09-17T20:07:31.000000Z
2024,261.8385648148148,43.11738,-79.05975,2024-09-17T20:07:32.000000Z
2024,261.83857638888884,43.11738,-79.05975,2024-09-17T20:07:33.000000Z
2024,261.83858796296295,43.11738,-79.05974,2024-09-17T20:07:34.000000Z
2024,261.838599537037,43.11738,-79.05974,2024-09-17T20:07:35.000000Z
2024,261.8386111111111,43.11738,-79.05974,2024-09-17T20:07:36.000000Z
2024,261.83862268518516,43.11738,-79.05973,2024-09-17T20:07:37.000000Z
2024,261.8386342592592,43.11738,-79.05973,2024-09-17T20:07:38.000000Z
2024,261.8386458333333,43.11738,-79.05973,2024-09-17T20:07:39.000000Z
2024,261.83865740740737,43.11738,-79.05973,2024-09-17T20:07:40.000000Z
2024,261.8488541666666,43.11732,-79.05966,2024-09-17T20:22:21.000000Z
2024,261.84886574074073,43.11731,-79.05966,2024-09-17T20:22:22.000000Z
2024,261.8488773148148,43.11731,-79.05966,2024-09-17T20:22:23.000000Z
2024,261.8488888888889,43.11729,-79.05968,2024-09-17T20:22:24.000000Z
2024,261.84890046296294,43.11729,-79.05968,2024-09-17T20:22:25.000000Z
2024,261.848912037037,43.11729,-79.05968,2024-09-17T20:22:26.000000Z
2024,261.8489236111111,43.1173,-79.05969,2024-09-17T20:22:27.000000Z
2024,261.84893518518516,43.1173,-79.05969,2024-09-17T20:22:28.000000Z
2024,261.84894675925926,43.1173,-79.05969,2024-09-17T20:22:29.000000Z
2024,261.8489583333333,43.1173,-79.05968,2024-09-17T20:22:30.000000Z
2024,261.84896990740737,43.1173,-79.05969,2024-09-17T20:22:31.000000Z
2024,261.8489814814815,43.11731,-79.05969,2024-09-17T20:22:32.000000Z
2024,261.8489930555555,43.11731,-79.05969,2024-09-17T20:22:33.000000Z
2024,261.84900462962963,43.11732,-79.05969,2024-09-17T20:22:34.000000Z
2024,261.8490162037037,43.11731,-79.0597,2024-09-17T20:22:35.000000Z
2024,261.8490277777778,43.11732,-79.0597,2024-09-17T20:22:36.000000Z
2024,261.84903935185184,43.11732,-79.0597,2024-09-17T20:22:37.000000Z
2024,261.8490509259259,43.11732,-79.0597,2024-09-17T20:22:38.000000Z
2024,261.8490625,43.11732,-79.05971,2024-09-17T20:22:39.000000Z
2024,261.84907407407405,43.11732,-79.05971,2024-09-17T20:22:40.000000Z
2024,261.8592708333333,43.11731,-79.05961,2024-09-17T20:37:21.000000Z
2024,261.8592824074074,43.11731,-79.05963,2024-09-17T20:37:22.000000Z
2024,261.85929398148147,43.11731,-79.05963,2024-09-17T20:37:23.000000Z
2024,261.8593055555556,43.1173,-79.05963,2024-09-17T20:37:24.000000Z
2024,261.85931712962963,43.1173,-79.05963,2024-09-17T20:37:25.000000Z
2024,261.8593287037037,43.1173,-79.05963,2024-09-17T20:37:26.000000Z
2024,261.8593402777778,43.1173,-79.05964,2024-09-17T20:37:27.000000Z
2024,261.85935185185184,43.1173,-79.05965,2024-09-17T20:37:28.000000Z
2024,261.85936342592595,43.1173,-79.05965,2024-09-17T20:37:29.000000Z
2024,261.859375,43.1173,-79.05965,2024-09-17T20:37:30.000000Z
2024,261.85938657407405,43.1173,-79.05966,2024-09-17T20:37:31.000000Z
2024,261.85939814814816,43.11731,-79.05966,2024-09-17T20:37:32.000000Z
2024,261.8594097222222,43.11731,-79.05966,2024-09-17T20:37:33.000000Z
2024,261.8594212962963,43.11731,-79.05966,2024-09-17T20:37:34.000000Z
2024,261.85943287037037,43.11731,-79.05966,2024-09-17T20:37:35.000000Z
2024,261.8594444444445,43.11731,-79.05966,2024-09-17T20:37:36.000000Z
2024,261.85945601851853,43.11731,-79.05966,2024-09-17T20:37:37.000000Z
2024,261.8594675925926,43.11731,-79.05966,2024-09-17T20:37:38.000000Z
2024,261.8594791666667,43.11731,-79.05966,2024-09-17T20:37:39.000000Z
2024,261.85949074074074,43.11731,-79.05966,2024-09-17T20:37:40.000000Z
2024,261.86968749999994,43.11736,-79.0597,2024-09-17T20:52:21.000000Z
2024,261.86969907407405,43.11736,-79.0597,2024-09-17T20:52:22.000000Z
2024,261.8697106481481,43.11736,-79.0597,2024-09-17T20:52:23.000000Z
2024,261.8697222222222,43.11735,-79.0597,2024-09-17T20:52:24.000000Z
2024,261.86973379629626,43.11735,-79.0597,2024-09-17T20:52:25.000000Z
2024,261.8697453703703,43.11735,-79.0597,2024-09-17T20:52:26.000000Z
2024,261.8697569444444,43.11735,-79.0597,2024-09-17T20:52:27.000000Z
2024,261.86976851851847,43.11735,-79.0597,2024-09-17T20:52:28.000000Z
2024,261.8697800925926,43.11735,-79.0597,2024-09-17T20:52:29.000000Z
2024,261.86979166666663,43.11735,-79.0597,2024-09-17T20:52:30.000000Z
2024,261.8698032407407,43.11735,-79.0597,2024-09-17T20:52:31.000000Z
2024,261.8698148148148,43.11735,-79.0597,2024-09-17T20:52:32.000000Z
2024,261.86982638888884,43.11735,-79.0597,2024-09-17T20:52:33.000000Z
2024,261.86983796296295,43.11735,-79.0597,2024-09-17T20:52:34.000000Z
2024,261.869849537037,43.11735,-79.0597,2024-09-17T20:52:35.000000Z
2024,261.8698611111111,43.11735,-79.0597,2024-09-17T20:52:36.000000Z
2024,261.86987268518516,43.11734,-79.0597,2024-09-17T20:52:37.000000Z
2024,261.8698842592592,43.11734,-79.0597,2024-09-17T20:52:38.000000Z
2024,261.8698958333333,43.11734,-79.0597,2024-09-17T20:52:39.000000Z
2024,261.86990740740737,43.11734,-79.05971,2024-09-17T20:52:40.000000Z
2024,261.8801041666666,43.11732,-79.0597,2024-09-17T21:07:21.000000Z
2024,261.88011574074073,43.11732,-79.0597,2024-09-17T21:07:22.000000Z
2024,261.8801273148148,43.11732,-79.05969,2024-09-17T21:07:23.000000Z
2024,261.8801388888889,43.11732,-79.05969,2024-09-17T21:07:24.000000Z
2024,261.88015046296294,43.11732,-79.05969,2024-09-17T21:07:25.000000Z
2024,261.880162037037,43.11732,-79.05969,2024-09-17T21:07:26.000000Z
2024,261.8801736111111,43.11732,-79.05969,2024-09-17T21:07:27.000000Z
2024,261.88018518518516,43.11732,-79.05969,2024-09-17T21:07:28.000000Z
2024,261.88019675925926,43.11732,-79.05969,2024-09-17T21:07:29.000000Z
2024,261.8802083333333,43.11732,-79.0597,2024-09-17T21:07:30.000000Z
2024,261.88021990740737,43.11732,-79.0597,2024-09-17T21:07:31.000000Z
2024,261.8802314814815,43.11732,-79.0597,2024-09-17T21:07:32.000000Z
2024,261.8802430555555,43.11732,-79.0597,2024-09-17T21:07:33.000000Z
2024,261.88025462962963,43.11732,-79.0597,2024-09-17T21:07:34.000000Z
2024,261.8802662037037,43.11732,-79.0597,2024-09-17T21:07:35.000000Z
2024,261.8802777777778,43.11732,-79.0597,2024-09-17T21:07:36.000000Z
2024,261.88028935185184,43.11732,-79.05971,2024-09-17T21:07:37.000000Z
2024,261.8803009259259,43.11732,-79.05971,2024-09-17T21:07:38.000000Z
2024,261.8803125,43.11732,-79.05971,2024-09-17T21:07:39.000000Z
2024,261.88032407407405,43.11732,-79.05971,2024-09-17T21:07:40.000000Z
2024,261.8905902777778,43.11728,-79.05976,2024-09-17T21:22:27.000000Z
2024,261.89060185185184,43.11727,-79.05975,2024-09-17T21:22:28.000000Z
2024,261.89061342592595,43.11727,-79.05976,2024-09-17T21:22:29.000000Z
2024,261.890625,43.11727,-79.05976,2024-09-17T21:22:30.000000Z
2024,261.89063657407405,43.11727,-79.05976,2024-09-17T21:22:31.000000Z
2024,261.89064814814816,43.11727,-79.05976,2024-09-17T21:22:32.000000Z
2024,261.8906597222222,43.11727,-79.05976,2024-09-17T21:22:33.000000Z
2024,261.8906712962963,43.11727,-79.05976,2024-09-17T21:22:34.000000Z
2024,261.89068287037037,43.11727,-79.05976,2024-09-17T21:22:35.000000Z
2024,261.8906944444445,43.11727,-79.05976,2024-09-17T21:22:36.000000Z
2024,261.89070601851853,43.11727,-79.05976,2024-09-17T21:22:37.000000Z
2024,261.8907175925926,43.11727,-79.05976,2024-09-17T21:22:38.000000Z
2024,261.8907291666667,43.11727,-79.05976,2024-09-17T21:22:39.000000Z
2024,261.89074074074074,43.11727,-79.05976,2024-09-17T21:22:40.000000Z
2024,261.89075231481485,43.11727,-79.05976,2024-09-17T21:22:41.000000Z
2024,261.8907638888889,43.11728,-79.05976,2024-09-17T21:22:42.000000Z
2024,261.89077546296295,43.11728,-79.05976,2024-09-17T21:22:43.000000Z
2024,261.89078703703706,43.11728,-79.05976,2024-09-17T21:22:44.000000Z
2024,261.8907986111111,43.11728,-79.05977,2024-09-17T21:22:45.000000Z
2024,261.8908101851852,43.11728,-79.05977,2024-09-17T21:22:46.000000Z
2024,261.9013078703704,43.11743,-79.05962,2024-09-17T21:37:53.000000Z
2024,261.9013194444445,43.11742,-79.05963,2024-09-17T21:37:54.000000Z
2024,261.90133101851853,43.11743,-79.05963,2024-09-17T21:37:55.000000Z
2024,261.90134259259264,43.11742,-79.05963,2024-09-17T21:37:56.000000Z
2024,261.9013541666667,43.11742,-79.05963,2024-09-17T21:37:57.000000Z
2024,261.90136574074074,43.11741,-79.05964,2024-09-17T21:37:58.000000Z
2024,261.90137731481485,43.1174,-79.05966,2024-09-17T21:37:59.000000Z
2024,261.9013888888889,43.1174,-79.05966,2024-09-17T21:38:00.000000Z
2024,261.90140046296295,43.1174,-79.05967,2024-09-17T21:38:01.000000Z
2024,261.90141203703706,43.11739,-79.05969,2024-09-17T21:38:02.000000Z
2024,261.9014236111111,43.11739,-79.0597,2024-09-17T21:38:03.000000Z
2024,261.9014351851852,43.11738,-79.0597,2024-09-17T21:38:04.000000Z
2024,261.9014467592593,43.11738,-79.05971,2024-09-17T21:38:05.000000Z
2024,261.9014583333333,43.11738,-79.05971,2024-09-17T21:38:06.000000Z
2024,261.90146990740743,43.11738,-79.05972,2024-09-17T21:38:07.000000Z
2024,261.9014814814815,43.11738,-79.05973,2024-09-17T21:38:08.000000Z
2024,261.9014930555556,43.11737,-79.05973,2024-09-17T21:38:09.000000Z
2024,261.90150462962964,43.11737,-79.05973,2024-09-17T21:38:10.000000Z
2024,261.9015162037037,43.11737,-79.05974,2024-09-17T21:38:11.000000Z
2024,261.9015277777778,43.11737,-79.05974,2024-09-17T21:38:12.000000Z
2024,261.90153935185185,43.11737,-79.05975,2024-09-17T21:38:13.000000Z
2024,261.90155092592596,43.11737,-79.05975,2024-09-17T21:38:14.000000Z
2024,261.9015625,43.11737,-79.05976,2024-09-17T21:38:15.000000Z
2024,261.90157407407406,43.11737,-79.05976,2024-09-17T21:38:16.000000Z
2024,261.90158564814817,43.11737,-79.05976,2024-09-17T21:38:17.000000Z
2024,261.9015972222222,43.11736,-79.05976,2024-09-17T21:38:18.000000Z
2024,261.90160879629633,43.11736,-79.05976,2024-09-17T21:38:19.000000Z
2024,261.9016203703704,43.11736,-79.05977,2024-09-17T21:38:20.000000Z
2024,261.90163194444443,43.11736,-79.05977,2024-09-17T21:38:21.000000Z
2024,261.90164351851854,43.11735,-79.05977,2024-09-17T21:38:22.000000Z
2024,261.9016550925926,43.11735,-79.05978,2024-09-17T21:38:23.000000Z
2024,261.9016666666667,43.11735,-79.05978,2024-09-17T21:38:24.000000Z
2024,261.90167824074075,43.11735,-79.05978,2024-09-17T21:38:25.000000Z
2024,261.9016898148148,43.11735,-79.05978,2024-09-17T21:38:26.000000Z
2024,261.9017013888889,43.11735,-79.05979,2024-09-17T21:38:27.000000Z
2024,261.90171296296296,43.11735,-79.05979,2024-09-17T21:38:28.000000Z
2024,261.90172453703707,43.11735,-79.05979,2024-09-17T21:38:29.000000Z
2024,261.9017361111111,43.11734,-79.05979,2024-09-17T21:38:30.000000Z
2024,261.90174768518517,43.11734,-79.05979,2024-09-17T21:38:31.000000Z
2024,261.9017592592593,43.11734,-79.05979,2024-09-17T21:38:32.000000Z
2024,261.90177083333333,43.11734,-79.05979,2024-09-17T21:38:33.000000Z
2024,261.90178240740744,43.11734,-79.05979,2024-09-17T21:38:34.000000Z
2024,261.9017939814815,43.11734,-79.05979,2024-09-17T21:38:35.000000Z
2024,261.9018055555556,43.11734,-79.05979,2024-09-17T21:38:36.000000Z
2024,261.90181712962965,43.11734,-79.05979,2024-09-17T21:38:37.000000Z
2024,261.9018287037037,43.11734,-79.05979,2024-09-17T21:38:38.000000Z
2024,261.9018402777778,43.11734,-79.05979,2024-09-17T21:38:39.000000Z
2024,261.90185185185186,43.11734,-79.05979,2024-09-17T21:38:40.000000Z
2024,261.90186342592597,43.11734,-79.05979,2024-09-17T21:38:41.000000Z
2024,261.901875,43.11734,-79.05979,2024-09-17T21:38:42.000000Z
2024,261.90188657407407,43.11734,-79.05979,2024-09-17T21:38:43.000000Z
2024,261.9018981481482,43.11734,-79.05979,2024-09-17T21:38:44.000000Z
2024,261.90190972222223,43.11734,-79.05979,2024-09-17T21:38:45.000000Z
2024,261.90192129629634,43.11734,-79.05979,2024-09-17T21:38:46.000000Z
2024,261.9019328703704,43.11734,-79.05979,2024-09-17T21:38:47.000000Z
2024,261.90194444444444,43.11734,-79.05979,2024-09-17T21:38:48.000000Z
2024,261.90195601851855,43.11734,-79.05979,2024-09-17T21:38:49.000000Z
2024,261.9019675925926,43.11734,-79.05979,2024-09-17T21:38:50.000000Z
2024,261.9019791666667,43.11734,-79.05979,2024-09-17T21:38:51.000000Z
2024,261.90199074074076,43.11734,-79.05979,2024-09-17T21:38:52.000000Z
2024,261.9020023148148,43.11734,-79.05979,2024-09-17T21:38:53.000000Z
2024,261.9020138888889,43.11734,-79.05979,2024-09-17T21:38:54.000000Z
2024,261.90202546296297,43.11734,-79.05979,2024-09-17T21:38:55.000000Z
2024,261.9020370370371,43.11734,-79.05979,2024-09-17T21:38:56.000000Z
2024,261.9020486111111,43.11734,-79.05979,2024-09-17T21:38:57.000000Z
2024,261.9020601851852,43.11734,-79.05979,2024-09-17T21:38:58.000000Z
2024,261.9020717592593,43.11734,-79.05979,2024-09-17T21:38:59.000000Z
2024,261.90208333333334,43.11734,-79.05979,2024-09-17T21:39:00.000000Z
2024,261.9020949074074,43.11734,-79.05979,2024-09-17T21:39:01.000000Z
2024,261.9021064814815,43.11734,-79.05979,2024-09-17T21:39:02.000000Z
2024,261.90211805555555,43.11734,-79.05979,2024-09-17T21:39:03.000000Z
2024,261.90212962962966,43.11734,-79.05979,2024-09-17T21:39:04.000000Z
2024,261.9021412037037,43.11734,-79.05979,2024-09-17T21:39:05.000000Z
2024,261.90215277777776,43.11734,-79.05979,2024-09-17T21:39:06.000000Z
2024,261.90216435185187,43.11734,-79.05979,2024-09-17T21:39:07.000000Z
2024,261.9021759259259,43.11734,-79.05979,2024-09-17T21:39:08.000000Z
2024,261.9021875,43.11734,-79.05979,2024-09-17T21:39:09.000000Z
2024,261.9021990740741,43.11734,-79.05979,2024-09-17T21:39:10.000000Z
2024,261.9022106481481,43.11734,-79.05979,2024-09-17T21:39:11.000000Z
2024,261.90222222222224,43.11734,-79.05979,2024-09-17T21:39:12.000000Z
2024,261.9022337962963,43.11734,-79.05979,2024-09-17T21:39:13.000000Z
2024,261.9022453703704,43.11734,-79.05979,2024-09-17T21:39:14.000000Z
2024,261.90225694444445,43.11734,-79.05979,2024-09-17T21:39:15.000000Z
2024,261.9022685185185,43.11734,-79.05979,2024-09-17T21:39:16.000000Z
2024,261.9022800925926,43.11734,-79.05979,2024-09-17T21:39:17.000000Z
2024,261.90229166666666,43.11734,-79.05979,2024-09-17T21:39:18.000000Z
2024,261.90230324074076,43.11734,-79.05979,2024-09-17T21:39:19.000000Z
2024,261.9023148148148,43.11734,-79.05979,2024-09-17T21:39:20.000000Z
2024,261.90232638888887,43.11734,-79.05979,2024-09-17T21:39:21.000000Z
2024,261.902337962963,43.11734,-79.05979,2024-09-17T21:39:22.000000Z
2024,261.902349537037,43.11734,-79.05979,2024-09-17T21:39:23.000000Z
2024,261.90236111111113,43.11734,-79.05979,2024-09-17T21:39:24.000000Z
2024,261.9023726851852,43.11734,-79.05979,2024-09-17T21:39:25.000000Z
2024,261.90238425925924,43.11734,-79.05979,2024-09-17T21:39:26.000000Z
2024,261.90239583333334,43.11734,-79.05979,2024-09-17T21:39:27.000000Z
2024,261.9024074074074,43.11734,-79.05979,2024-09-17T21:39:28.000000Z
2024,261.9024189814815,43.11734,-79.05979,2024-09-17T21:39:29.000000Z
2024,261.90243055555555,43.11734,-79.05979,2024-09-17T21:39:30.000000Z
2024,261.9024421296296,43.11734,-79.05979,2024-09-17T21:39:31.000000Z
2024,261.9024537037037,43.11734,-79.05979,2024-09-17T21:39:32.000000Z
2024,261.90246527777776,43.11734,-79.05979,2024-09-17T21:39:33.000000Z
2024,261.9024768518519,43.11734,-79.05979,2024-09-17T21:39:34.000000Z
2024,261.9024884259259,43.11734,-79.05979,2024-09-17T21:39:35.000000Z
2024,261.90250000000003,43.11734,-79.05979,2024-09-17T21:39:36.000000Z
2024,261.9025115740741,43.11734,-79.05979,2024-09-17T21:39:37.000000Z
2024,261.90252314814813,43.11734,-79.05979,2024-09-17T21:39:38.000000Z
2024,261.90253472222224,43.11734,-79.05979,2024-09-17T21:39:39.000000Z
2024,261.9025462962963,43.11734,-79.05979,2024-09-17T21:39:40.000000Z
2024,261.9025578703704,43.11734,-79.05979,2024-09-17T21:39:41.000000Z
2024,261.90256944444445,43.11734,-79.05979,2024-09-17T21:39:42.000000Z
2024,261.9025810185185,43.11734,-79.05979,2024-09-17T21:39:43.000000Z
2024,261.9025925925926,43.11734,-79.05979,2024-09-17T21:39:44.000000Z
2024,261.90260416666666,43.11734,-79.05979,2024-09-17T21:39:45.000000Z
2024,261.90261574074077,43.11734,-79.05979,2024-09-17T21:39:46.000000Z
2024,261.9026273148148,43.11734,-79.05979,2024-09-17T21:39:47.000000Z
2024,261.9026388888889,43.11734,-79.05979,2024-09-17T21:39:48.000000Z
2024,261.902650462963,43.11734,-79.05979,2024-09-17T21:39:49.000000Z
2024,261.90266203703703,43.11734,-79.05979,2024-09-17T21:39:50.000000Z
2024,261.9026851851852,43.11734,-79.05979,2024-09-17T21:39:52.000000Z
2024,261.90269675925924,43.11734,-79.05979,2024-09-17T21:39:53.000000Z
2024,261.90270833333335,43.11734,-79.05979,2024-09-17T21:39:54.000000Z
2024,261.9027199074074,43.11734,-79.05979,2024-09-17T21:39:55.000000Z
2024,261.9027314814815,43.11734,-79.05979,2024-09-17T21:39:56.000000Z
2024,261.90274305555556,43.11734,-79.05979,2024-09-17T21:39:57.000000Z
2024,261.9027546296296,43.11734,-79.05979,2024-09-17T21:39:58.000000Z
2024,261.9027662037037,43.11734,-79.05979,2024-09-17T21:39:59.000000Z
2024,261.90277777777777,43.11734,-79.05979,2024-09-17T21:40:00.000000Z
2024,261.9027893518518,43.11734,-79.05979,2024-09-17T21:40:01.000000Z
2024,261.90280092592593,43.11734,-79.05979,2024-09-17T21:40:02.000000Z
2024,261.9028125,43.11734,-79.05979,2024-09-17T21:40:03.000000Z
2024,261.9028240740741,43.11734,-79.05979,2024-09-17T21:40:04.000000Z
2024,261.90283564814814,43.11734,-79.05979,2024-09-17T21:40:05.000000Z
2024,261.9028472222222,43.11734,-79.05979,2024-09-17T21:40:06.000000Z
2024,261.9028587962963,43.11734,-79.05979,2024-09-17T21:40:07.000000Z
2024,261.90287037037035,43.11734,-79.05979,2024-09-17T21:40:08.000000Z
2024,261.90288194444446,43.11734,-79.05978,2024-09-17T21:40:09.000000Z
2024,261.9028935185185,43.11734,-79.05978,2024-09-17T21:40:10.000000Z
2024,261.90290509259256,43.11734,-79.05978,2024-09-17T21:40:11.000000Z
2024,261.90291666666667,43.11734,-79.05978,2024-09-17T21:40:12.000000Z
2024,261.9029282407407,43.11734,-79.05978,2024-09-17T21:40:13.000000Z
2024,261.90293981481483,43.11734,-79.05978,2024-09-17T21:40:14.000000Z
2024,261.9029513888889,43.11734,-79.05978,2024-09-17T21:40:15.000000Z
2024,261.90296296296293,43.11734,-79.05978,2024-09-17T21:40:16.000000Z
2024,261.90297453703704,43.11734,-79.05978,2024-09-17T21:40:17.000000Z
2024,261.9029861111111,43.11734,-79.05978,2024-09-17T21:40:18.000000Z
2024,261.9029976851852,43.11734,-79.05978,2024-09-17T21:40:19.000000Z
2024,261.90300925925925,43.11734,-79.05978,2024-09-17T21:40:20.000000Z
2024,261.9030208333333,43.11734,-79.05978,2024-09-17T21:40:21.000000Z
2024,261.9030324074074,43.11734,-79.05978,2024-09-17T21:40:22.000000Z
2024,261.90304398148146,43.11734,-79.05978,2024-09-17T21:40:23.000000Z
2024,261.90305555555557,43.11734,-79.05978,2024-09-17T21:40:24.000000Z
2024,261.9030671296296,43.11734,-79.05978,2024-09-17T21:40:25.000000Z
2024,261.90307870370367,43.11734,-79.05978,2024-09-17T21:40:26.000000Z
2024,261.9030902777778,43.11734,-79.05978,2024-09-17T21:40:27.000000Z
2024,261.90310185185183,43.11734,-79.05978,2024-09-17T21:40:28.000000Z
2024,261.90311342592594,43.11734,-79.05978,2024-09-17T21:40:29.000000Z
2024,261.903125,43.11734,-79.05978,2024-09-17T21:40:30.000000Z
2024,261.90313657407404,43.11734,-79.05977,2024-09-17T21:40:31.000000Z
2024,261.90314814814815,43.11734,-79.05977,2024-09-17T21:40:32.000000Z
2024,261.9031597222222,43.11734,-79.05977,2024-09-17T21:40:33.000000Z
2024,261.9031712962963,43.11734,-79.05977,2024-09-17T21:40:34.000000Z
2024,261.90318287037036,43.11734,-79.05977,2024-09-17T21:40:35.000000Z
2024,261.90319444444447,43.11734,-79.05977,2024-09-17T21:40:36.000000Z
2024,261.9032060185185,43.11734,-79.05977,2024-09-17T21:40:37.000000Z
2024,261.90321759259257,43.11734,-79.05977,2024-09-17T21:40:38.000000Z
2024,261.9032291666667,43.11734,-79.05977,2024-09-17T21:40:39.000000Z
2024,261.9032407407407,43.11734,-79.05977,2024-09-17T21:40:40.000000Z
2024,261.90325231481484,43.11734,-79.05977,2024-09-17T21:40:41.000000Z
2024,261.9032638888889,43.11734,-79.05977,2024-09-17T21:40:42.000000Z
2024,261.90327546296294,43.11734,-79.05977,2024-09-17T21:40:43.000000Z
2024,261.90328703703705,43.11734,-79.05977,2024-09-17T21:40:44.000000Z
2024,261.9032986111111,43.11734,-79.05977,2024-09-17T21:40:45.000000Z
2024,261.9033101851852,43.11734,-79.05977,2024-09-17T21:40:46.000000Z
2024,261.90332175925926,43.11734,-79.05977,2024-09-17T21:40:47.000000Z
2024,261.9033333333333,43.11734,-79.05977,2024-09-17T21:40:48.000000Z
2024,261.9033449074074,43.11734,-79.05977,2024-09-17T21:40:49.000000Z
2024,261.90335648148147,43.11734,-79.05977,2024-09-17T21:40:50.000000Z
2024,261.9033680555556,43.11734,-79.05977,2024-09-17T21:40:51.000000Z
2024,261.9033796296296,43.11734,-79.05977,2024-09-17T21:40:52.000000Z
2024,261.9033912037037,43.11734,-79.05977,2024-09-17T21:40:53.000000Z
2024,261.9034027777778,43.11734,-79.05977,2024-09-17T21:40:54.000000Z
2024,261.90341435185184,43.11734,-79.05977,2024-09-17T21:40:55.000000Z
2024,261.90342592592594,43.11734,-79.05977,2024-09-17T21:40:56.000000Z
2024,261.9034375,43.11734,-79.05977,2024-09-17T21:40:57.000000Z
2024,261.90346064814815,43.11734,-79.05977,2024-09-17T21:40:59.000000Z
2024,261.9034722222222,43.11734,-79.05977,2024-09-17T21:41:00.000000Z
2024,261.90348379629626,43.11734,-79.05977,2024-09-17T21:41:01.000000Z
2024,261.90349537037036,43.11734,-79.05977,2024-09-17T21:41:02.000000Z
2024,261.9035069444444,43.11734,-79.05977,2024-09-17T21:41:03.000000Z
2024,261.9035185185185,43.11734,-79.05977,2024-09-17T21:41:04.000000Z
2024,261.9035300925926,43.11734,-79.05977,2024-09-17T21:41:05.000000Z
2024,261.9035416666666,43.11734,-79.05977,2024-09-17T21:41:06.000000Z
2024,261.90355324074073,43.11734,-79.05977,2024-09-17T21:41:07.000000Z
2024,261.9035648148148,43.11734,-79.05977,2024-09-17T21:41:08.000000Z
2024,261.9035763888889,43.11734,-79.05977,2024-09-17T21:41:09.000000Z
2024,261.90358796296294,43.11734,-79.05977,2024-09-17T21:41:10.000000Z
2024,261.903599537037,43.11734,-79.05977,2024-09-17T21:41:11.000000Z
2024,261.9036111111111,43.11734,-79.05977,2024-09-17T21:41:12.000000Z
2024,261.90362268518516,43.11734,-79.05977,2024-09-17T21:41:13.000000Z
2024,261.90363425925926,43.11734,-79.05977,2024-09-17T21:41:14.000000Z
2024,261.9036458333333,43.11734,-79.05977,2024-09-17T21:41:15.000000Z
2024,261.90365740740737,43.11734,-79.05977,2024-09-17T21:41:16.000000Z
2024,261.9036689814815,43.11734,-79.05977,2024-09-17T21:41:17.000000Z
2024,261.9036805555555,43.11734,-79.05977,2024-09-17T21:41:18.000000Z
2024,261.90369212962963,43.11734,-79.05977,2024-09-17T21:41:19.000000Z
2024,261.9037037037037,43.11734,-79.05977,2024-09-17T21:41:20.000000Z
2024,261.90371527777774,43.11734,-79.05977,2024-09-17T21:41:21.000000Z
2024,261.90372685185184,43.11734,-79.05977,2024-09-17T21:41:22.000000Z
2024,261.9037384259259,43.11734,-79.05977,2024-09-17T21:41:23.000000Z
2024,261.90375,43.11734,-79.05977,2024-09-17T21:41:24.000000Z
2024,261.90376157407405,43.11734,-79.05977,2024-09-17T21:41:25.000000Z
2024,261.9037731481481,43.11734,-79.05977,2024-09-17T21:41:26.000000Z
2024,261.9037847222222,43.11734,-79.05977,2024-09-17T21:41:27.000000Z
2024,261.90379629629626,43.11734,-79.05977,2024-09-17T21:41:28.000000Z
2024,261.9038078703704,43.11734,-79.05977,2024-09-17T21:41:29.000000Z
2024,261.9038194444444,43.11734,-79.05977,2024-09-17T21:41:30.000000Z
2024,261.9038310185185,43.11734,-79.05977,2024-09-17T21:41:31.000000Z
2024,261.9038425925926,43.11734,-79.05977,2024-09-17T21:41:32.000000Z
2024,261.90385416666663,43.11734,-79.05977,2024-09-17T21:41:33.000000Z
2024,261.90386574074074,43.11734,-79.05977,2024-09-17T21:41:34.000000Z
2024,261.9038773148148,43.11734,-79.05977,2024-09-17T21:41:35.000000Z
2024,261.9038888888889,43.11734,-79.05977,2024-09-17T21:41:36.000000Z
2024,261.90390046296295,43.11734,-79.05977,2024-09-17T21:41:37.000000Z
2024,261.903912037037,43.11734,-79.05977,2024-09-17T21:41:38.000000Z
2024,261.9039236111111,43.11734,-79.05977,2024-09-17T21:41:39.000000Z
2024,261.90393518518516,43.11734,-79.05977,2024-09-17T21:41:40.000000Z
2024,261.90394675925927,43.11734,-79.05977,2024-09-17T21:41:41.000000Z
2024,261.9039583333333,43.11734,-79.05977,2024-09-17T21:41:42.000000Z
2024,261.9039699074074,43.11734,-79.05977,2024-09-17T21:41:43.000000Z
2024,261.9039814814815,43.11734,-79.05977,2024-09-17T21:41:44.000000Z
2024,261.90399305555553,43.11734,-79.05977,2024-09-17T21:41:45.000000Z
2024,261.90400462962964,43.11734,-79.05977,2024-09-17T21:41:46.000000Z
2024,261.9040162037037,43.11734,-79.05977,2024-09-17T21:41:47.000000Z
2024,261.90402777777774,43.11734,-79.05977,2024-09-17T21:41:48.000000Z
2024,261.90403935185185,43.11734,-79.05977,2024-09-17T21:41:49.000000Z
2024,261.9040509259259,43.11734,-79.05977,2024-09-17T21:41:50.000000Z
2024,261.9040625,43.11734,-79.05977,2024-09-17T21:41:51.000000Z
2024,261.90407407407406,43.11734,-79.05977,2024-09-17T21:41:52.000000Z
2024,261.9040856481481,43.11734,-79.05977,2024-09-17T21:41:53.000000Z
2024,261.9040972222222,43.11734,-79.05977,2024-09-17T21:41:54.000000Z
2024,261.90410879629627,43.11734,-79.05977,2024-09-17T21:41:55.000000Z
2024,261.9041203703704,43.11734,-79.05977,2024-09-17T21:41:56.000000Z
2024,261.90413194444443,43.11734,-79.05977,2024-09-17T21:41:57.000000Z
2024,261.9041435185185,43.11734,-79.05977,2024-09-17T21:41:58.000000Z
2024,261.9041550925926,43.11734,-79.05977,2024-09-17T21:41:59.000000Z
2024,261.90416666666664,43.11734,-79.05977,2024-09-17T21:42:00.000000Z
2024,261.9041782407407,43.11734,-79.05977,2024-09-17T21:42:01.000000Z
2024,261.9041898148148,43.11734,-79.05977,2024-09-17T21:42:02.000000Z
2024,261.90420138888885,43.11734,-79.05977,2024-09-17T21:42:03.000000Z
2024,261.90421296296296,43.11734,-79.05977,2024-09-17T21:42:04.000000Z
2024,261.90423611111106,43.11734,-79.05977,2024-09-17T21:42:06.000000Z
2024,261.90424768518517,43.11734,-79.05977,2024-09-17T21:42:07.000000Z
2024,261.9042592592592,43.11734,-79.05977,2024-09-17T21:42:08.000000Z
2024,261.9042708333333,43.11734,-79.05977,2024-09-17T21:42:09.000000Z
2024,261.9042824074074,43.11734,-79.05977,2024-09-17T21:42:10.000000Z
2024,261.90429398148143,43.11734,-79.05977,2024-09-17T21:42:11.000000Z
2024,261.90430555555554,43.11734,-79.05977,2024-09-17T21:42:12.000000Z
2024,261.9043171296296,43.11734,-79.05977,2024-09-17T21:42:13.000000Z
2024,261.9043287037037,43.11734,-79.05977,2024-09-17T21:42:14.000000Z
2024,261.90434027777775,43.11734,-79.05977,2024-09-17T21:42:15.000000Z
2024,261.9043518518518,43.11734,-79.05977,2024-09-17T21:42:16.000000Z
2024,261.9043634259259,43.11734,-79.05977,2024-09-17T21:42:17.000000Z
2024,261.90437499999996,43.11734,-79.05977,2024-09-17T21:42:18.000000Z
2024,261.90438657407407,43.11734,-79.05977,2024-09-17T21:42:19.000000Z
2024,261.9043981481481,43.11734,-79.05977,2024-09-17T21:42:20.000000Z
2024,261.90440972222217,43.11734,-79.05977,2024-09-17T21:42:21.000000Z
2024,261.9044212962963,43.11734,-79.05977,2024-09-17T21:42:22.000000Z
2024,261.90443287037033,43.11734,-79.05977,2024-09-17T21:42:23.000000Z
2024,261.90444444444444,43.11734,-79.05977,2024-09-17T21:42:24.000000Z
2024,261.9044560185185,43.11734,-79.05977,2024-09-17T21:42:25.000000Z
2024,261.90446759259254,43.11734,-79.05977,2024-09-17T21:42:26.000000Z
2024,261.90447916666665,43.11734,-79.05977,2024-09-17T21:42:27.000000Z
2024,261.9044907407407,43.11734,-79.05977,2024-09-17T21:42:28.000000Z
2024,261.9045023148148,43.11734,-79.05977,2024-09-17T21:42:29.000000Z
2024,261.90451388888886,43.11734,-79.05977,2024-09-17T21:42:30.000000Z
2024,261.9045254629629,43.11734,-79.05977,2024-09-17T21:42:31.000000Z
2024,261.904537037037,43.11734,-79.05977,2024-09-17T21:42:32.000000Z
2024,261.90454861111107,43.11734,-79.05977,2024-09-17T21:42:33.000000Z
2024,261.9045601851852,43.11734,-79.05977,2024-09-17T21:42:34.000000Z
2024,261.9045717592592,43.11734,-79.05977,2024-09-17T21:42:35.000000Z
2024,261.90458333333333,43.11734,-79.05977,2024-09-17T21:42:36.000000Z
2024,261.9045949074074,43.11734,-79.05977,2024-09-17T21:42:37.000000Z
2024,261.90460648148144,43.11734,-79.05977,2024-09-17T21:42:38.000000Z
2024,261.90461805555555,43.11734,-79.05977,2024-09-17T21:42:39.000000Z
2024,261.9046296296296,43.11734,-79.05977,2024-09-17T21:42:40.000000Z
2024,261.9046412037037,43.11734,-79.05977,2024-09-17T21:42:41.000000Z
2024,261.90465277777776,43.11734,-79.05977,2024-09-17T21:42:42.000000Z
2024,261.9046643518518,43.11734,-79.05977,2024-09-17T21:42:43.000000Z
2024,261.9046759259259,43.11734,-79.05977,2024-09-17T21:42:44.000000Z
2024,261.90468749999997,43.11734,-79.05977,2024-09-17T21:42:45.000000Z
2024,261.9046990740741,43.11734,-79.05977,2024-09-17T21:42:46.000000Z
2024,261.9047106481481,43.11734,-79.05977,2024-09-17T21:42:47.000000Z
2024,261.9047222222222,43.11734,-79.05977,2024-09-17T21:42:48.000000Z
2024,261.9047337962963,43.11734,-79.05977,2024-09-17T21:42:49.000000Z
2024,261.90474537037034,43.11734,-79.05977,2024-09-17T21:42:50.000000Z
2024,261.90475694444444,43.11734,-79.05977,2024-09-17T21:42:51.000000Z
2024,261.9047685185185,43.11734,-79.05977,2024-09-17T21:42:52.000000Z
2024,261.90478009259255,43.11734,-79.05977,2024-09-17T21:42:53.000000Z
2024,261.90479166666665,43.11734,-79.05977,2024-09-17T21:42:54.000000Z
2024,261.9048032407407,43.11734,-79.05977,2024-09-17T21:42:55.000000Z
2024,261.9048148148148,43.11734,-79.05977,2024-09-17T21:42:56.000000Z
2024,261.90482638888886,43.11734,-79.05977,2024-09-17T21:42:57.000000Z
2024,261.9048379629629,43.11734,-79.05977,2024-09-17T21:42:58.000000Z
2024,261.904849537037,43.11734,-79.05977,2024-09-17T21:42:59.000000Z
2024,261.90486111111113,43.11734,-79.05977,2024-09-17T21:43:00.000000Z
2024,261.9048726851852,43.11734,-79.05977,2024-09-17T21:43:01.000000Z
2024,261.9048842592593,43.11734,-79.05977,2024-09-17T21:43:02.000000Z
2024,261.90489583333334,43.11734,-79.05977,2024-09-17T21:43:03.000000Z
2024,261.90490740740745,43.11734,-79.05977,2024-09-17T21:43:04.000000Z
2024,261.9049189814815,43.11734,-79.05977,2024-09-17T21:43:05.000000Z
2024,261.90493055555555,43.11734,-79.05977,2024-09-17T21:43:06.000000Z
2024,261.90494212962966,43.11734,-79.05977,2024-09-17T21:43:07.000000Z
2024,261.9049537037037,43.11734,-79.05977,2024-09-17T21:43:08.000000Z
2024,261.9049652777778,43.11734,-79.05977,2024-09-17T21:43:09.000000Z
2024,261.90497685185187,43.11734,-79.05977,2024-09-17T21:43:10.000000Z
2024,261.9049884259259,43.11734,-79.05977,2024-09-17T21:43:11.000000Z
2024,261.90500000000003,43.11734,-79.05977,2024-09-17T21:43:12.000000Z
2024,261.9050115740741,43.11734,-79.05977,2024-09-17T21:43:13.000000Z
2024,261.9050231481482,43.11734,-79.05977,2024-09-17T21:43:14.000000Z
2024,261.90503472222224,43.11734,-79.05977,2024-09-17T21:43:15.000000Z
2024,261.9050462962963,43.11734,-79.05977,2024-09-17T21:43:16.000000Z
2024,261.9050578703704,43.11734,-79.05977,2024-09-17T21:43:17.000000Z
2024,261.90506944444445,43.11734,-79.05977,2024-09-17T21:43:18.000000Z
2024,261.90508101851856,43.11734,-79.05977,2024-09-17T21:43:19.000000Z
2024,261.9050925925926,43.11734,-79.05977,2024-09-17T21:43:20.000000Z
2024,261.90510416666666,43.11734,-79.05977,2024-09-17T21:43:21.000000Z
2024,261.90511574074077,43.11734,-79.05977,2024-09-17T21:43:22.000000Z
2024,261.9051273148148,43.11734,-79.05977,2024-09-17T21:43:23.000000Z
2024,261.9051388888889,43.11734,-79.05977,2024-09-17T21:43:24.000000Z
2024,261.905150462963,43.11734,-79.05977,2024-09-17T21:43:25.000000Z
2024,261.90516203703703,43.11734,-79.05977,2024-09-17T21:43:26.000000Z
2024,261.90517361111114,43.11734,-79.05977,2024-09-17T21:43:27.000000Z
2024,261.9051851851852,43.11734,-79.05977,2024-09-17T21:43:28.000000Z
2024,261.9051967592593,43.11734,-79.05976,2024-09-17T21:43:29.000000Z
2024,261.90520833333335,43.11734,-79.05976,2024-09-17T21:43:30.000000Z
2024,261.9052199074074,43.11734,-79.05976,2024-09-17T21:43:31.000000Z
2024,261.9052314814815,43.11734,-79.05976,2024-09-17T21:43:32.000000Z
2024,261.90524305555556,43.11734,-79.05976,2024-09-17T21:43:33.000000Z
2024,261.90525462962967,43.11734,-79.05976,2024-09-17T21:43:34.000000Z
2024,261.9052662037037,43.11734,-79.05976,2024-09-17T21:43:35.000000Z
2024,261.9052777777778,43.11734,-79.05976,2024-09-17T21:43:36.000000Z
2024,261.9052893518519,43.11734,-79.05976,2024-09-17T21:43:37.000000Z
2024,261.9053009259259,43.11734,-79.05976,2024-09-17T21:43:38.000000Z
2024,261.90531250000004,43.11734,-79.05976,2024-09-17T21:43:39.000000Z
2024,261.9053240740741,43.11734,-79.05976,2024-09-17T21:43:40.000000Z
2024,261.9053356481482,43.11734,-79.05976,2024-09-17T21:43:41.000000Z
2024,261.90534722222225,43.11734,-79.05976,2024-09-17T21:43:42.000000Z
2024,261.9053587962963,43.11734,-79.05976,2024-09-17T21:43:43.000000Z
2024,261.9053703703704,43.11734,-79.05976,2024-09-17T21:43:44.000000Z
2024,261.90538194444446,43.11734,-79.05976,2024-09-17T21:43:45.000000Z
2024,261.90539351851857,43.11734,-79.05976,2024-09-17T21:43:46.000000Z
2024,261.9054050925926,43.11734,-79.05976,2024-09-17T21:43:47.000000Z
2024,261.90541666666667,43.11734,-79.05976,2024-09-17T21:43:48.000000Z
2024,261.9054282407408,43.11734,-79.05976,2024-09-17T21:43:49.000000Z
2024,261.9054398148148,43.11734,-79.05976,2024-09-17T21:43:50.000000Z
2024,261.90545138888893,43.11734,-79.05976,2024-09-17T21:43:51.000000Z
2024,261.905462962963,43.11734,-79.05976,2024-09-17T21:43:52.000000Z
2024,261.90547453703704,43.11734,-79.05976,2024-09-17T21:43:53.000000Z
2024,261.90548611111114,43.11734,-79.05976,2024-09-17T21:43:54.000000Z
2024,261.9054976851852,43.11734,-79.05976,2024-09-17T21:43:55.000000Z
2024,261.9055092592593,43.11734,-79.05976,2024-09-17T21:43:56.000000Z
2024,261.90552083333336,43.11734,-79.05976,2024-09-17T21:43:57.000000Z
2024,261.9055324074074,43.11734,-79.05976,2024-09-17T21:43:58.000000Z
2024,261.9055439814815,43.11734,-79.05976,2024-09-17T21:43:59.000000Z
2024,261.90555555555557,43.11734,-79.05976,2024-09-17T21:44:00.000000Z
2024,261.9055671296296,43.11734,-79.05976,2024-09-17T21:44:01.000000Z
2024,261.9055787037037,43.11734,-79.05976,2024-09-17T21:44:02.000000Z
2024,261.9055902777778,43.11734,-79.05976,2024-09-17T21:44:03.000000Z
2024,261.9056018518519,43.11734,-79.05976,2024-09-17T21:44:04.000000Z
2024,261.90561342592594,43.11734,-79.05976,2024-09-17T21:44:05.000000Z
2024,261.905625,43.11734,-79.05976,2024-09-17T21:44:06.000000Z
2024,261.9056365740741,43.11734,-79.05976,2024-09-17T21:44:07.000000Z
2024,261.90564814814815,43.11734,-79.05976,2024-09-17T21:44:08.000000Z
2024,261.90565972222225,43.11734,-79.05976,2024-09-17T21:44:09.000000Z
2024,261.9056712962963,43.11734,-79.05976,2024-09-17T21:44:10.000000Z
2024,261.90568287037036,43.11734,-79.05976,2024-09-17T21:44:11.000000Z
2024,261.90569444444446,43.11734,-79.05976,2024-09-17T21:44:12.000000Z
2024,261.9057060185185,43.11734,-79.05976,2024-09-17T21:44:13.000000Z
2024,261.9057175925926,43.11734,-79.05976,2024-09-17T21:44:14.000000Z
2024,261.9057291666667,43.11734,-79.05976,2024-09-17T21:44:15.000000Z
2024,261.9057407407407,43.11734,-79.05976,2024-09-17T21:44:16.000000Z
2024,261.90575231481483,43.11734,-79.05976,2024-09-17T21:44:17.000000Z
2024,261.9057638888889,43.11734,-79.05976,2024-09-17T21:44:18.000000Z
2024,261.905775462963,43.11734,-79.05976,2024-09-17T21:44:19.000000Z
2024,261.90578703703704,43.11734,-79.05976,2024-09-17T21:44:20.000000Z
2024,261.9057986111111,43.11734,-79.05976,2024-09-17T21:44:21.000000Z
2024,261.9058101851852,43.11734,-79.05976,2024-09-17T21:44:22.000000Z
2024,261.90582175925925,43.11734,-79.05976,2024-09-17T21:44:23.000000Z
2024,261.90583333333336,43.11734,-79.05976,2024-09-17T21:44:24.000000Z
2024,261.9058449074074,43.11734,-79.05976,2024-09-17T21:44:25.000000Z
2024,261.90585648148146,43.11734,-79.05976,2024-09-17T21:44:26.000000Z
2024,261.9058680555556,43.11734,-79.05976,2024-09-17T21:44:27.000000Z
2024,261.9058796296296,43.11734,-79.05976,2024-09-17T21:44:28.000000Z
2024,261.90589120370373,43.11734,-79.05976,2024-09-17T21:44:29.000000Z
2024,261.9059027777778,43.11734,-79.05976,2024-09-17T21:44:30.000000Z
2024,261.90591435185183,43.11734,-79.05976,2024-09-17T21:44:31.000000Z
2024,261.90592592592594,43.11734,-79.05976,2024-09-17T21:44:32.000000Z
2024,261.9059375,43.11734,-79.05976,2024-09-17T21:44:33.000000Z
2024,261.9059490740741,43.11734,-79.05976,2024-09-17T21:44:34.000000Z
2024,261.90596064814815,43.11734,-79.05976,2024-09-17T21:44:35.000000Z
2024,261.90597222222226,43.11734,-79.05976,2024-09-17T21:44:36.000000Z
2024,261.9059837962963,43.11734,-79.05976,2024-09-17T21:44:37.000000Z
2024,261.90599537037036,43.11734,-79.05976,2024-09-17T21:44:38.000000Z
2024,261.90600694444447,43.11734,-79.05976,2024-09-17T21:44:39.000000Z
2024,261.9060185185185,43.11734,-79.05976,2024-09-17T21:44:40.000000Z
2024,261.90603009259263,43.11734,-79.05976,2024-09-17T21:44:41.000000Z
2024,261.9060416666667,43.11734,-79.05976,2024-09-17T21:44:42.000000Z
2024,261.90605324074073,43.11734,-79.05976,2024-09-17T21:44:43.000000Z
2024,261.90606481481484,43.11734,-79.05976,2024-09-17T21:44:44.000000Z
2024,261.9060763888889,43.11734,-79.05976,2024-09-17T21:44:45.000000Z
2024,261.906087962963,43.11734,-79.05976,2024-09-17T21:44:46.000000Z
2024,261.90609953703705,43.11734,-79.05976,2024-09-17T21:44:47.000000Z
2024,261.9061111111111,43.11734,-79.05976,2024-09-17T21:44:48.000000Z
2024,261.9061226851852,43.11734,-79.05976,2024-09-17T21:44:49.000000Z
2024,261.90613425925926,43.11734,-79.05976,2024-09-17T21:44:50.000000Z
2024,261.90614583333337,43.11734,-79.05976,2024-09-17T21:44:51.000000Z
2024,261.9061574074074,43.11734,-79.05976,2024-09-17T21:44:52.000000Z
2024,261.90616898148147,43.11734,-79.05976,2024-09-17T21:44:53.000000Z
2024,261.9061805555556,43.11734,-79.05976,2024-09-17T21:44:54.000000Z
2024,261.90619212962963,43.11734,-79.05976,2024-09-17T21:44:55.000000Z
2024,261.90620370370374,43.11734,-79.05976,2024-09-17T21:44:56.000000Z
2024,261.9062152777778,43.11734,-79.05976,2024-09-17T21:44:57.000000Z
2024,261.90622685185184,43.11734,-79.05976,2024-09-17T21:44:58.000000Z
2024,261.90623842592595,43.11734,-79.05976,2024-09-17T21:44:59.000000Z
2024,261.90625,43.11734,-79.05976,2024-09-17T21:45:00.000000Z
2024,261.90626157407405,43.11734,-79.05976,2024-09-17T21:45:01.000000Z
2024,261.90627314814816,43.11734,-79.05976,2024-09-17T21:45:02.000000Z
2024,261.9062847222222,43.11734,-79.05976,2024-09-17T21:45:03.000000Z
2024,261.9062962962963,43.11734,-79.05976,2024-09-17T21:45:04.000000Z
2024,261.90630787037037,43.11734,-79.05976,2024-09-17T21:45:05.000000Z
2024,261.9063194444444,43.11734,-79.05976,2024-09-17T21:45:06.000000Z
2024,261.90633101851853,43.11734,-79.05976,2024-09-17T21:45:07.000000Z
2024,261.9063425925926,43.11734,-79.05976,2024-09-17T21:45:08.000000Z
2024,261.9063541666667,43.11734,-79.05976,2024-09-17T21:45:09.000000Z
2024,261.90636574074074,43.11734,-79.05976,2024-09-17T21:45:10.000000Z
2024,261.9063773148148,43.11734,-79.05976,2024-09-17T21:45:11.000000Z
2024,261.9063888888889,43.11734,-79.05976,2024-09-17T21:45:12.000000Z
2024,261.90640046296295,43.11734,-79.05976,2024-09-17T21:45:13.000000Z
2024,261.90641203703706,43.11734,-79.05976,2024-09-17T21:45:14.000000Z
2024,261.9064236111111,43.11734,-79.05976,2024-09-17T21:45:15.000000Z
2024,261.90643518518516,43.11734,-79.05976,2024-09-17T21:45:16.000000Z
2024,261.90644675925927,43.11734,-79.05976,2024-09-17T21:45:17.000000Z
2024,261.9064583333333,43.11734,-79.05976,2024-09-17T21:45:18.000000Z
2024,261.9064699074074,43.11734,-79.05976,2024-09-17T21:45:19.000000Z
2024,261.9064814814815,43.11734,-79.05976,2024-09-17T21:45:20.000000Z
2024,261.90649305555553,43.11734,-79.05976,2024-09-17T21:45:21.000000Z
2024,261.90650462962964,43.11734,-79.05976,2024-09-17T21:45:22.000000Z
2024,261.9065162037037,43.11734,-79.05976,2024-09-17T21:45:23.000000Z
2024,261.9065277777778,43.11734,-79.05976,2024-09-17T21:45:24.000000Z
2024,261.90653935185185,43.11734,-79.05976,2024-09-17T21:45:25.000000Z
2024,261.9065509259259,43.11734,-79.05976,2024-09-17T21:45:26.000000Z
2024,261.9065625,43.11734,-79.05976,2024-09-17T21:45:27.000000Z
2024,261.90657407407406,43.11734,-79.05976,2024-09-17T21:45:28.000000Z
2024,261.90658564814817,43.11734,-79.05976,2024-09-17T21:45:29.000000Z
2024,261.9065972222222,43.11734,-79.05976,2024-09-17T21:45:30.000000Z
2024,261.90660879629627,43.11734,-79.05976,2024-09-17T21:45:31.000000Z
2024,261.9066203703704,43.11734,-79.05976,2024-09-17T21:45:32.000000Z
2024,261.9066319444444,43.11734,-79.05976,2024-09-17T21:45:33.000000Z
2024,261.90664351851854,43.11734,-79.05976,2024-09-17T21:45:34.000000Z
2024,261.9066550925926,43.11734,-79.05976,2024-09-17T21:45:35.000000Z
2024,261.9066666666667,43.11734,-79.05976,2024-09-17T21:45:36.000000Z
2024,261.90667824074075,43.11734,-79.05976,2024-09-17T21:45:37.000000Z
2024,261.9066898148148,43.11734,-79.05976,2024-09-17T21:45:38.000000Z
2024,261.9067013888889,43.11734,-79.05976,2024-09-17T21:45:39.000000Z
2024,261.90671296296296,43.11734,-79.05976,2024-09-17T21:45:40.000000Z
2024,261.90672453703706,43.11734,-79.05976,2024-09-17T21:45:41.000000Z
2024,261.9067361111111,43.11734,-79.05976,2024-09-17T21:45:42.000000Z
2024,261.90674768518517,43.11734,-79.05976,2024-09-17T21:45:43.000000Z
2024,261.9067592592593,43.11734,-79.05976,2024-09-17T21:45:44.000000Z
2024,261.9067708333333,43.11734,-79.05976,2024-09-17T21:45:45.000000Z
2024,261.90678240740743,43.11734,-79.05976,2024-09-17T21:45:46.000000Z
2024,261.9067939814815,43.11735,-79.05976,2024-09-17T21:45:47.000000Z
2024,261.90680555555554,43.11735,-79.05976,2024-09-17T21:45:48.000000Z
2024,261.90681712962964,43.11735,-79.05976,2024-09-17T21:45:49.000000Z
2024,261.9068287037037,43.11735,-79.05976,2024-09-17T21:45:50.000000Z
2024,261.9068402777778,43.11735,-79.05976,2024-09-17T21:45:51.000000Z
2024,261.90685185185185,43.11735,-79.05976,2024-09-17T21:45:52.000000Z
2024,261.9068634259259,43.11735,-79.05976,2024-09-17T21:45:53.000000Z
2024,261.906875,43.11735,-79.05976,2024-09-17T21:45:54.000000Z
2024,261.90688657407406,43.11735,-79.05976,2024-09-17T21:45:55.000000Z
2024,261.9068981481482,43.11735,-79.05976,2024-09-17T21:45:56.000000Z
2024,261.9069097222222,43.11735,-79.05976,2024-09-17T21:45:57.000000Z
2024,261.9069212962963,43.11735,-79.05976,2024-09-17T21:45:58.000000Z
2024,261.9069328703704,43.11735,-79.05976,2024-09-17T21:45:59.000000Z
2024,261.90694444444443,43.11735,-79.05976,2024-09-17T21:46:00.000000Z
2024,261.9069560185185,43.11735,-79.05976,2024-09-17T21:46:01.000000Z
2024,261.9069675925926,43.11735,-79.05976,2024-09-17T21:46:02.000000Z
2024,261.90697916666664,43.11735,-79.05976,2024-09-17T21:46:03.000000Z
2024,261.90699074074075,43.11735,-79.05976,2024-09-17T21:46:04.000000Z
2024,261.9070023148148,43.11735,-79.05976,2024-09-17T21:46:05.000000Z
2024,261.90701388888886,43.11735,-79.05976,2024-09-17T21:46:06.000000Z
2024,261.90702546296296,43.11735,-79.05976,2024-09-17T21:46:07.000000Z
2024,261.907037037037,43.11735,-79.05976,2024-09-17T21:46:08.000000Z
2024,261.9070486111111,43.11735,-79.05976,2024-09-17T21:46:09.000000Z
2024,261.9070601851852,43.11735,-79.05976,2024-09-17T21:46:10.000000Z
2024,261.9070717592592,43.11735,-79.05976,2024-09-17T21:46:11.000000Z
2024,261.90708333333333,43.11735,-79.05976,2024-09-17T21:46:12.000000Z
2024,261.9070949074074,43.11735,-79.05976,2024-09-17T21:46:13.000000Z
2024,261.9071064814815,43.11735,-79.05976,2024-09-17T21:46:14.000000Z
2024,261.90711805555554,43.11735,-79.05976,2024-09-17T21:46:15.000000Z
2024,261.9071296296296,43.11735,-79.05976,2024-09-17T21:46:16.000000Z
2024,261.9071412037037,43.11735,-79.05976,2024-09-17T21:46:17.000000Z
2024,261.90715277777775,43.11735,-79.05976,2024-09-17T21:46:18.000000Z
2024,261.90716435185186,43.11735,-79.05976,2024-09-17T21:46:19.000000Z
2024,261.9071759259259,43.11735,-79.05976,2024-09-17T21:46:20.000000Z
2024,261.90718749999996,43.11735,-79.05976,2024-09-17T21:46:21.000000Z
2024,261.9071990740741,43.11735,-79.05976,2024-09-17T21:46:22.000000Z
2024,261.9072106481481,43.11735,-79.05976,2024-09-17T21:46:23.000000Z
2024,261.90722222222223,43.11735,-79.05976,2024-09-17T21:46:24.000000Z
2024,261.9072337962963,43.11735,-79.05976,2024-09-17T21:46:25.000000Z
2024,261.90724537037033,43.11735,-79.05976,2024-09-17T21:46:26.000000Z
2024,261.90725694444444,43.11735,-79.05976,2024-09-17T21:46:27.000000Z
2024,261.9072685185185,43.11735,-79.05976,2024-09-17T21:46:28.000000Z
2024,261.9072800925926,43.11735,-79.05976,2024-09-17T21:46:29.000000Z
2024,261.90729166666665,43.11735,-79.05976,2024-09-17T21:46:30.000000Z
2024,261.9073032407407,43.11735,-79.05976,2024-09-17T21:46:31.000000Z
2024,261.9073148148148,43.11735,-79.05976,2024-09-17T21:46:32.000000Z
2024,261.90732638888886,43.11735,-79.05976,2024-09-17T21:46:33.000000Z
2024,261.90733796296297,43.11735,-79.05976,2024-09-17T21:46:34.000000Z
2024,261.907349537037,43.11735,-79.05976,2024-09-17T21:46:35.000000Z
2024,261.90736111111113,43.11735,-79.05976,2024-09-17T21:46:36.000000Z
2024,261.9073726851852,43.11735,-79.05976,2024-09-17T21:46:37.000000Z
2024,261.90738425925923,43.11735,-79.05976,2024-09-17T21:46:38.000000Z
2024,261.90739583333334,43.11735,-79.05976,2024-09-17T21:46:39.000000Z
2024,261.9074074074074,43.11735,-79.05976,2024-09-17T21:46:40.000000Z
2024,261.9074189814815,43.11735,-79.05976,2024-09-17T21:46:41.000000Z
2024,261.90743055555555,43.11735,-79.05976,2024-09-17T21:46:42.000000Z
2024,261.9074421296296,43.11735,-79.05976,2024-09-17T21:46:43.000000Z
2024,261.9074537037037,43.11735,-79.05976,2024-09-17T21:46:44.000000Z
2024,261.90746527777776,43.11735,-79.05976,2024-09-17T21:46:45.000000Z
2024,261.90747685185187,43.11735,-79.05976,2024-09-17T21:46:46.000000Z
2024,261.9074884259259,43.11735,-79.05976,2024-09-17T21:46:47.000000Z
2024,261.90749999999997,43.11735,-79.05976,2024-09-17T21:46:48.000000Z
2024,261.9075115740741,43.11735,-79.05976,2024-09-17T21:46:49.000000Z
2024,261.90752314814813,43.11735,-79.05976,2024-09-17T21:46:50.000000Z
2024,261.90753472222224,43.11735,-79.05976,2024-09-17T21:46:51.000000Z
2024,261.9075462962963,43.11735,-79.05976,2024-09-17T21:46:52.000000Z
2024,261.90755787037034,43.11735,-79.05976,2024-09-17T21:46:53.000000Z
2024,261.90756944444445,43.11735,-79.05976,2024-09-17T21:46:54.000000Z
2024,261.9075810185185,43.11735,-79.05976,2024-09-17T21:46:55.000000Z
2024,261.9075925925926,43.11735,-79.05976,2024-09-17T21:46:56.000000Z
2024,261.90760416666666,43.11735,-79.05976,2024-09-17T21:46:57.000000Z
2024,261.9076157407407,43.11735,-79.05976,2024-09-17T21:46:58.000000Z
2024,261.9076273148148,43.11735,-79.05976,2024-09-17T21:46:59.000000Z
2024,261.90763888888887,43.11735,-79.05976,2024-09-17T21:47:00.000000Z
2024,261.9076504629629,43.11735,-79.05976,2024-09-17T21:47:01.000000Z
2024,261.907662037037,43.11735,-79.05976,2024-09-17T21:47:02.000000Z
2024,261.9076736111111,43.11735,-79.05976,2024-09-17T21:47:03.000000Z
2024,261.9076851851852,43.11735,-79.05976,2024-09-17T21:47:04.000000Z
2024,261.90769675925924,43.11735,-79.05976,2024-09-17T21:47:05.000000Z
2024,261.9077083333333,43.11735,-79.05976,2024-09-17T21:47:06.000000Z
2024,261.9077199074074,43.11735,-79.05976,2024-09-17T21:47:07.000000Z
2024,261.90773148148145,43.11735,-79.05976,2024-09-17T21:47:08.000000Z
2024,261.90774305555556,43.11735,-79.05976,2024-09-17T21:47:09.000000Z
2024,261.9077546296296,43.11735,-79.05976,2024-09-17T21:47:10.000000Z
2024,261.90776620370366,43.11735,-79.05976,2024-09-17T21:47:11.000000Z
2024,261.90777777777777,43.11735,-79.05976,2024-09-17T21:47:12.000000Z
2024,261.9077893518518,43.11735,-79.05976,2024-09-17T21:47:13.000000Z
2024,261.9078009259259,43.11735,-79.05976,2024-09-17T21:47:14.000000Z
2024,261.9078125,43.11735,-79.05976,2024-09-17T21:47:15.000000Z
2024,261.90782407407403,43.11735,-79.05976,2024-09-17T21:47:16.000000Z
2024,261.90783564814814,43.11735,-79.05976,2024-09-17T21:47:17.000000Z
2024,261.9078472222222,43.11735,-79.05976,2024-09-17T21:47:18.000000Z
2024,261.9078587962963,43.11735,-79.05976,2024-09-17T21:47:19.000000Z
2024,261.90787037037035,43.11735,-79.05976,2024-09-17T21:47:20.000000Z
2024,261.9078819444444,43.11735,-79.05976,2024-09-17T21:47:21.000000Z
2024,261.9078935185185,43.11735,-79.05976,2024-09-17T21:47:22.000000Z
2024,261.90790509259256,43.11735,-79.05976,2024-09-17T21:47:23.000000Z
2024,261.90791666666667,43.11735,-79.05976,2024-09-17T21:47:24.000000Z
2024,261.9079282407407,43.11735,-79.05976,2024-09-17T21:47:25.000000Z
2024,261.90793981481477,43.11735,-79.05976,2024-09-17T21:47:26.000000Z
2024,261.9079513888889,43.11735,-79.05976,2024-09-17T21:47:27.000000Z
2024,261.9079861111111,43.11735,-79.05976,2024-09-17T21:47:30.000000Z
2024,261.90799768518514,43.11735,-79.05976,2024-09-17T21:47:31.000000Z
2024,261.90800925925925,43.11735,-79.05976,2024-09-17T21:47:32.000000Z
2024,261.9080208333333,43.11735,-79.05976,2024-09-17T21:47:33.000000Z
2024,261.9080324074074,43.11735,-79.05976,2024-09-17T21:47:34.000000Z
2024,261.90804398148146,43.11735,-79.05976,2024-09-17T21:47:35.000000Z
2024,261.90805555555556,43.11735,-79.05976,2024-09-17T21:47:36.000000Z
2024,261.9080671296296,43.11735,-79.05976,2024-09-17T21:47:37.000000Z
2024,261.90807870370367,43.11735,-79.05976,2024-09-17T21:47:38.000000Z
2024,261.9080902777778,43.11735,-79.05976,2024-09-17T21:47:39.000000Z
2024,261.9081018518518,43.11735,-79.05976,2024-09-17T21:47:40.000000Z
2024,261.90811342592593,43.11735,-79.05976,2024-09-17T21:47:41.000000Z
2024,261.908125,43.11735,-79.05976,2024-09-17T21:47:42.000000Z
2024,261.90813657407404,43.11735,-79.05976,2024-09-17T21:47:43.000000Z
2024,261.90814814814814,43.11735,-79.05976,2024-09-17T21:47:44.000000Z
2024,261.9081597222222,43.11735,-79.05976,2024-09-17T21:47:45.000000Z
2024,261.9081712962963,43.11735,-79.05976,2024-09-17T21:47:46.000000Z
2024,261.90818287037035,43.11735,-79.05976,2024-09-17T21:47:47.000000Z
2024,261.9081944444444,43.11735,-79.05976,2024-09-17T21:47:48.000000Z
2024,261.9082060185185,43.11735,-79.05976,2024-09-17T21:47:49.000000Z
2024,261.90821759259256,43.11735,-79.05976,2024-09-17T21:47:50.000000Z
2024,261.9082291666667,43.11735,-79.05975,2024-09-17T21:47:51.000000Z
2024,261.9082407407407,43.11735,-79.05975,2024-09-17T21:47:52.000000Z
2024,261.9082523148148,43.11735,-79.05975,2024-09-17T21:47:53.000000Z
2024,261.9082638888889,43.11735,-79.05975,2024-09-17T21:47:54.000000Z
2024,261.90827546296293,43.11735,-79.05975,2024-09-17T21:47:55.000000Z
2024,261.90828703703704,43.11735,-79.05975,2024-09-17T21:47:56.000000Z
2024,261.9082986111111,43.11735,-79.05975,2024-09-17T21:47:57.000000Z
2024,261.90831018518514,43.11735,-79.05975,2024-09-17T21:47:58.000000Z
2024,261.90832175925925,43.11735,-79.05975,2024-09-17T21:47:59.000000Z
2024,261.90833333333336,43.11735,-79.05975,2024-09-17T21:48:00.000000Z
2024,261.9083449074074,43.11735,-79.05975,2024-09-17T21:48:01.000000Z
2024,261.9083564814815,43.11735,-79.05975,2024-09-17T21:48:02.000000Z
2024,261.90836805555557,43.11735,-79.05975,2024-09-17T21:48:03.000000Z
2024,261.9083796296297,43.11735,-79.05975,2024-09-17T21:48:04.000000Z
2024,261.90839120370373,43.11735,-79.05975,2024-09-17T21:48:05.000000Z
2024,261.9084027777778,43.11735,-79.05975,2024-09-17T21:48:06.000000Z
2024,261.9084143518519,43.11735,-79.05975,2024-09-17T21:48:07.000000Z
2024,261.90842592592594,43.11735,-79.05975,2024-09-17T21:48:08.000000Z
2024,261.90843750000005,43.11735,-79.05975,2024-09-17T21:48:09.000000Z
2024,261.9084490740741,43.11735,-79.05975,2024-09-17T21:48:10.000000Z
2024,261.90846064814815,43.11735,-79.05975,2024-09-17T21:48:11.000000Z
2024,261.90847222222226,43.11735,-79.05975,2024-09-17T21:48:12.000000Z
2024,261.9084837962963,43.11735,-79.05976,2024-09-17T21:48:13.000000Z
2024,261.9084953703704,43.11735,-79.05976,2024-09-17T21:48:14.000000Z
2024,261.90850694444447,43.11735,-79.05976,2024-09-17T21:48:15.000000Z
2024,261.9085185185185,43.11735,-79.05976,2024-09-17T21:48:16.000000Z
2024,261.9085300925926,43.11735,-79.05976,2024-09-17T21:48:17.000000Z
2024,261.9085416666667,43.11735,-79.05976,2024-09-17T21:48:18.000000Z
2024,261.9085532407408,43.11735,-79.05976,2024-09-17T21:48:19.000000Z
2024,261.90856481481484,43.11735,-79.05976,2024-09-17T21:48:20.000000Z
2024,261.9085763888889,43.11735,-79.05976,2024-09-17T21:48:21.000000Z
2024,261.908587962963,43.11735,-79.05976,2024-09-17T21:48:22.000000Z
2024,261.90859953703705,43.11735,-79.05976,2024-09-17T21:48:23.000000Z
2024,261.90861111111116,43.11735,-79.05976,2024-09-17T21:48:24.000000Z
2024,261.9086226851852,43.11735,-79.05976,2024-09-17T21:48:25.000000Z
2024,261.90863425925926,43.11735,-79.05976,2024-09-17T21:48:26.000000Z
2024,261.90864583333337,43.11735,-79.05976,2024-09-17T21:48:27.000000Z
2024,261.9086574074074,43.11735,-79.05976,2024-09-17T21:48:28.000000Z
2024,261.9086689814815,43.11735,-79.05976,2024-09-17T21:48:29.000000Z
2024,261.9086805555556,43.11735,-79.05976,2024-09-17T21:48:30.000000Z
2024,261.9086921296296,43.11735,-79.05976,2024-09-17T21:48:31.000000Z
2024,261.90870370370374,43.11735,-79.05976,2024-09-17T21:48:32.000000Z
2024,261.9087152777778,43.11735,-79.05976,2024-09-17T21:48:33.000000Z
2024,261.9087268518519,43.11735,-79.05976,2024-09-17T21:48:34.000000Z
2024,261.90873842592595,43.11735,-79.05976,2024-09-17T21:48:35.000000Z
2024,261.90875000000005,43.11735,-79.05976,2024-09-17T21:48:36.000000Z
2024,261.9087615740741,43.11735,-79.05976,2024-09-17T21:48:37.000000Z
2024,261.90877314814816,43.11735,-79.05976,2024-09-17T21:48:38.000000Z
2024,261.90878472222226,43.11735,-79.05976,2024-09-17T21:48:39.000000Z
2024,261.9087962962963,43.11735,-79.05976,2024-09-17T21:48:40.000000Z
2024,261.9088078703704,43.11735,-79.05976,2024-09-17T21:48:41.000000Z
2024,261.9088194444445,43.11735,-79.05976,2024-09-17T21:48:42.000000Z
2024,261.9088310185185,43.11735,-79.05976,2024-09-17T21:48:43.000000Z
2024,261.90884259259263,43.11735,-79.05976,2024-09-17T21:48:44.000000Z
2024,261.9088541666667,43.11735,-79.05976,2024-09-17T21:48:45.000000Z
2024,261.9088657407408,43.11735,-79.05976,2024-09-17T21:48:46.000000Z
2024,261.90887731481484,43.11735,-79.05976,2024-09-17T21:48:47.000000Z
2024,261.9088888888889,43.11735,-79.05976,2024-09-17T21:48:48.000000Z
2024,261.908900462963,43.11735,-79.05976,2024-09-17T21:48:49.000000Z
2024,261.90891203703706,43.11735,-79.05976,2024-09-17T21:48:50.000000Z
2024,261.90892361111116,43.11735,-79.05976,2024-09-17T21:48:51.000000Z
2024,261.9089351851852,43.11735,-79.05976,2024-09-17T21:48:52.000000Z
2024,261.90894675925927,43.11735,-79.05976,2024-09-17T21:48:53.000000Z
2024,261.9089583333334,43.11735,-79.05976,2024-09-17T21:48:54.000000Z
2024,261.9089699074074,43.11735,-79.05976,2024-09-17T21:48:55.000000Z
2024,261.90898148148153,43.11735,-79.05976,2024-09-17T21:48:56.000000Z
2024,261.9089930555556,43.11735,-79.05976,2024-09-17T21:48:57.000000Z
2024,261.90900462962964,43.11735,-79.05976,2024-09-17T21:48:58.000000Z
2024,261.90901620370374,43.11735,-79.05976,2024-09-17T21:48:59.000000Z
2024,261.9090277777778,43.11735,-79.05976,2024-09-17T21:49:00.000000Z
2024,261.90903935185185,43.11735,-79.05976,2024-09-17T21:49:01.000000Z
2024,261.90905092592595,43.11735,-79.05976,2024-09-17T21:49:02.000000Z
2024,261.9090625,43.11735,-79.05976,2024-09-17T21:49:03.000000Z
2024,261.9090740740741,43.11735,-79.05975,2024-09-17T21:49:04.000000Z
2024,261.90908564814816,43.11735,-79.05975,2024-09-17T21:49:05.000000Z
2024,261.9090972222222,43.11735,-79.05975,2024-09-17T21:49:06.000000Z
2024,261.9091087962963,43.11735,-79.05975,2024-09-17T21:49:07.000000Z
2024,261.9091203703704,43.11735,-79.05975,2024-09-17T21:49:08.000000Z
2024,261.9091319444445,43.11735,-79.05975,2024-09-17T21:49:09.000000Z
2024,261.90914351851853,43.11735,-79.05975,2024-09-17T21:49:10.000000Z
2024,261.9091550925926,43.11735,-79.05975,2024-09-17T21:49:11.000000Z
2024,261.9091666666667,43.11735,-79.05975,2024-09-17T21:49:12.000000Z
2024,261.90917824074074,43.11735,-79.05975,2024-09-17T21:49:13.000000Z
2024,261.90918981481485,43.11735,-79.05975,2024-09-17T21:49:14.000000Z
2024,261.9092013888889,43.11735,-79.05975,2024-09-17T21:49:15.000000Z
2024,261.90921296296295,43.11735,-79.05975,2024-09-17T21:49:16.000000Z
2024,261.90922453703706,43.11735,-79.05975,2024-09-17T21:49:17.000000Z
2024,261.9092361111111,43.11735,-79.05975,2024-09-17T21:49:18.000000Z
2024,261.9092476851852,43.11735,-79.05975,2024-09-17T21:49:19.000000Z
2024,261.9092592592593,43.11735,-79.05975,2024-09-17T21:49:20.000000Z
2024,261.9092708333333,43.11735,-79.05975,2024-09-17T21:49:21.000000Z
2024,261.90928240740743,43.11735,-79.05975,2024-09-17T21:49:22.000000Z
2024,261.9092939814815,43.11735,-79.05975,2024-09-17T21:49:23.000000Z
2024,261.9093055555556,43.11735,-79.05975,2024-09-17T21:49:24.000000Z
2024,261.90931712962964,43.11735,-79.05975,2024-09-17T21:49:25.000000Z
2024,261.9093287037037,43.11735,-79.05975,2024-09-17T21:49:26.000000Z
2024,261.9093402777778,43.11735,-79.05975,2024-09-17T21:49:27.000000Z
2024,261.90935185185185,43.11735,-79.05975,2024-09-17T21:49:28.000000Z
2024,261.90936342592596,43.11735,-79.05975,2024-09-17T21:49:29.000000Z
2024,261.909375,43.11735,-79.05975,2024-09-17T21:49:30.000000Z
2024,261.90938657407406,43.11735,-79.05975,2024-09-17T21:49:31.000000Z
2024,261.90939814814817,43.11735,-79.05975,2024-09-17T21:49:32.000000Z
2024,261.9094097222222,43.11735,-79.05975,2024-09-17T21:49:33.000000Z
2024,261.90942129629633,43.11735,-79.05975,2024-09-17T21:49:34.000000Z
2024,261.9094328703704,43.11735,-79.05975,2024-09-17T21:49:35.000000Z
2024,261.9094444444445,43.11735,-79.05975,2024-09-17T21:49:36.000000Z
2024,261.90945601851854,43.11735,-79.05975,2024-09-17T21:49:37.000000Z
2024,261.9094675925926,43.11735,-79.05975,2024-09-17T21:49:38.000000Z
2024,261.9094791666667,43.11735,-79.05975,2024-09-17T21:49:39.000000Z
2024,261.90949074074075,43.11735,-79.05975,2024-09-17T21:49:40.000000Z
2024,261.90950231481486,43.11735,-79.05975,2024-09-17T21:49:41.000000Z
2024,261.9095138888889,43.11735,-79.05975,2024-09-17T21:49:42.000000Z
2024,261.90952546296296,43.11735,-79.05975,2024-09-17T21:49:43.000000Z
2024,261.90953703703707,43.11735,-79.05975,2024-09-17T21:49:44.000000Z
2024,261.9095486111111,43.11735,-79.05975,2024-09-17T21:49:45.000000Z
2024,261.9095601851852,43.11735,-79.05975,2024-09-17T21:49:46.000000Z
2024,261.9095717592593,43.11735,-79.05975,2024-09-17T21:49:47.000000Z
2024,261.90958333333333,43.11735,-79.05975,2024-09-17T21:49:48.000000Z
2024,261.90959490740744,43.11735,-79.05975,2024-09-17T21:49:49.000000Z
2024,261.9096064814815,43.11735,-79.05975,2024-09-17T21:49:50.000000Z
2024,261.9096180555556,43.11735,-79.05975,2024-09-17T21:49:51.000000Z
2024,261.90962962962965,43.11735,-79.05975,2024-09-17T21:49:52.000000Z
2024,261.9096412037037,43.11735,-79.05975,2024-09-17T21:49:53.000000Z
2024,261.9096527777778,43.11735,-79.05975,2024-09-17T21:49:54.000000Z
2024,261.90967592592597,43.11735,-79.05975,2024-09-17T21:49:56.000000Z
2024,261.9096875,43.11735,-79.05975,2024-09-17T21:49:57.000000Z
2024,261.90969907407407,43.11735,-79.05975,2024-09-17T21:49:58.000000Z
2024,261.9097106481482,43.11735,-79.05975,2024-09-17T21:49:59.000000Z
2024,261.90972222222223,43.11735,-79.05975,2024-09-17T21:50:00.000000Z
2024,261.9097337962963,43.11735,-79.05975,2024-09-17T21:50:01.000000Z
2024,261.9097453703704,43.11735,-79.05975,2024-09-17T21:50:02.000000Z
2024,261.90975694444444,43.11735,-79.05975,2024-09-17T21:50:03.000000Z
2024,261.90976851851855,43.11735,-79.05975,2024-09-17T21:50:04.000000Z
2024,261.9097800925926,43.11735,-79.05975,2024-09-17T21:50:05.000000Z
2024,261.90979166666665,43.11735,-79.05975,2024-09-17T21:50:06.000000Z
2024,261.90980324074076,43.11735,-79.05975,2024-09-17T21:50:07.000000Z
2024,261.9098148148148,43.11735,-79.05975,2024-09-17T21:50:08.000000Z
2024,261.9098263888889,43.11735,-79.05975,2024-09-17T21:50:09.000000Z
2024,261.90983796296297,43.11735,-79.05975,2024-09-17T21:50:10.000000Z
2024,261.909849537037,43.11735,-79.05975,2024-09-17T21:50:11.000000Z
2024,261.9098611111111,43.11735,-79.05975,2024-09-17T21:50:12.000000Z
2024,261.9098726851852,43.11735,-79.05975,2024-09-17T21:50:13.000000Z
2024,261.9098842592593,43.11735,-79.05975,2024-09-17T21:50:14.000000Z
2024,261.90989583333334,43.11735,-79.05975,2024-09-17T21:50:15.000000Z
2024,261.9099074074074,43.11735,-79.05975,2024-09-17T21:50:16.000000Z
2024,261.9099189814815,43.11735,-79.05975,2024-09-17T21:50:17.000000Z
2024,261.90993055555555,43.11735,-79.05975,2024-09-17T21:50:18.000000Z
2024,261.90994212962966,43.11735,-79.05975,2024-09-17T21:50:19.000000Z
2024,261.9099537037037,43.11735,-79.05975,2024-09-17T21:50:20.000000Z
2024,261.90996527777776,43.11735,-79.05975,2024-09-17T21:50:21.000000Z
2024,261.90997685185187,43.11735,-79.05975,2024-09-17T21:50:22.000000Z
2024,261.9099884259259,43.11735,-79.05975,2024-09-17T21:50:23.000000Z
2024,261.91,43.11735,-79.05975,2024-09-17T21:50:24.000000Z
2024,261.9100115740741,43.11735,-79.05975,2024-09-17T21:50:25.000000Z
2024,261.9100231481481,43.11735,-79.05975,2024-09-17T21:50:26.000000Z
2024,261.91003472222224,43.11735,-79.05975,2024-09-17T21:50:27.000000Z
2024,261.9100462962963,43.11735,-79.05975,2024-09-17T21:50:28.000000Z
2024,261.9100578703704,43.11735,-79.05975,2024-09-17T21:50:29.000000Z
2024,261.91006944444445,43.11735,-79.05975,2024-09-17T21:50:30.000000Z
2024,261.9100810185185,43.11735,-79.05975,2024-09-17T21:50:31.000000Z
2024,261.9100925925926,43.11735,-79.05975,2024-09-17T21:50:32.000000Z
2024,261.91010416666666,43.11735,-79.05975,2024-09-17T21:50:33.000000Z
2024,261.91011574074076,43.11735,-79.05975,2024-09-17T21:50:34.000000Z
2024,261.9101273148148,43.11735,-79.05975,2024-09-17T21:50:35.000000Z
2024,261.9101388888889,43.11735,-79.05975,2024-09-17T21:50:36.000000Z
2024,261.910150462963,43.11735,-79.05975,2024-09-17T21:50:37.000000Z
2024,261.910162037037,43.11735,-79.05975,2024-09-17T21:50:38.000000Z
2024,261.91017361111113,43.11735,-79.05975,2024-09-17T21:50:39.000000Z
2024,261.9101851851852,43.11735,-79.05975,2024-09-17T21:50:40.000000Z
2024,261.9101967592593,43.11735,-79.05975,2024-09-17T21:50:41.000000Z
2024,261.91020833333334,43.11735,-79.05975,2024-09-17T21:50:42.000000Z
2024,261.9102199074074,43.11735,-79.05975,2024-09-17T21:50:43.000000Z
2024,261.9102314814815,43.11735,-79.05975,2024-09-17T21:50:44.000000Z
2024,261.91024305555555,43.11735,-79.05975,2024-09-17T21:50:45.000000Z
2024,261.91025462962966,43.11735,-79.05975,2024-09-17T21:50:46.000000Z
2024,261.9102662037037,43.11735,-79.05975,2024-09-17T21:50:47.000000Z
2024,261.91027777777776,43.11735,-79.05975,2024-09-17T21:50:48.000000Z
2024,261.9102893518519,43.11735,-79.05975,2024-09-17T21:50:49.000000Z
2024,261.9103009259259,43.11735,-79.05975,2024-09-17T21:50:50.000000Z
2024,261.91031250000003,43.11735,-79.05975,2024-09-17T21:50:51.000000Z
2024,261.9103240740741,43.11735,-79.05975,2024-09-17T21:50:52.000000Z
2024,261.91033564814813,43.11735,-79.05975,2024-09-17T21:50:53.000000Z
2024,261.91034722222224,43.11735,-79.05975,2024-09-17T21:50:54.000000Z
2024,261.9103587962963,43.11735,-79.05975,2024-09-17T21:50:55.000000Z
2024,261.9103703703704,43.11735,-79.05975,2024-09-17T21:50:56.000000Z
2024,261.91038194444445,43.11735,-79.05975,2024-09-17T21:50:57.000000Z
2024,261.9103935185185,43.11735,-79.05975,2024-09-17T21:50:58.000000Z
2024,261.9104050925926,43.11735,-79.05975,2024-09-17T21:50:59.000000Z
2024,261.91041666666666,43.11735,-79.05975,2024-09-17T21:51:00.000000Z
2024,261.9104282407407,43.11735,-79.05975,2024-09-17T21:51:01.000000Z
2024,261.9104513888889,43.11735,-79.05975,2024-09-17T21:51:03.000000Z
2024,261.910462962963,43.11735,-79.05974,2024-09-17T21:51:04.000000Z
2024,261.91047453703703,43.11735,-79.05974,2024-09-17T21:51:05.000000Z
2024,261.9104861111111,43.11735,-79.05974,2024-09-17T21:51:06.000000Z
2024,261.9104976851852,43.11735,-79.05974,2024-09-17T21:51:07.000000Z
2024,261.91050925925924,43.11735,-79.05974,2024-09-17T21:51:08.000000Z
2024,261.91052083333335,43.11735,-79.05974,2024-09-17T21:51:09.000000Z
2024,261.9105324074074,43.11735,-79.05974,2024-09-17T21:51:10.000000Z
2024,261.91054398148145,43.11735,-79.05974,2024-09-17T21:51:11.000000Z
2024,261.91055555555556,43.11735,-79.05974,2024-09-17T21:51:12.000000Z
2024,261.9105671296296,43.11735,-79.05974,2024-09-17T21:51:13.000000Z
2024,261.9105787037037,43.11735,-79.05974,2024-09-17T21:51:14.000000Z
2024,261.91059027777777,43.11735,-79.05974,2024-09-17T21:51:15.000000Z
2024,261.9106018518518,43.11735,-79.05974,2024-09-17T21:51:16.000000Z
2024,261.91061342592593,43.11735,-79.05974,2024-09-17T21:51:17.000000Z
2024,261.910625,43.11735,-79.05974,2024-09-17T21:51:18.000000Z
2024,261.9106365740741,43.11735,-79.05974,2024-09-17T21:51:19.000000Z
2024,261.91064814814814,43.11735,-79.05974,2024-09-17T21:51:20.000000Z
2024,261.9106597222222,43.11735,-79.05974,2024-09-17T21:51:21.000000Z
2024,261.9106712962963,43.11735,-79.05974,2024-09-17T21:51:22.000000Z
2024,261.91068287037035,43.11735,-79.05974,2024-09-17T21:51:23.000000Z
2024,261.91069444444446,43.11735,-79.05974,2024-09-17T21:51:24.000000Z
2024,261.9107060185185,43.11735,-79.05974,2024-09-17T21:51:25.000000Z
2024,261.91071759259256,43.11735,-79.05974,2024-09-17T21:51:26.000000Z
2024,261.91072916666667,43.11735,-79.05974,2024-09-17T21:51:27.000000Z
2024,261.9107407407407,43.11735,-79.05974,2024-09-17T21:51:28.000000Z
2024,261.91075231481483,43.11735,-79.05974,2024-09-17T21:51:29.000000Z
2024,261.9107638888889,43.11735,-79.05974,2024-09-17T21:51:30.000000Z
2024,261.91077546296293,43.11735,-79.05974,2024-09-17T21:51:31.000000Z
2024,261.91078703703704,43.11735,-79.05974,2024-09-17T21:51:32.000000Z
2024,261.9107986111111,43.11735,-79.05974,2024-09-17T21:51:33.000000Z
2024,261.9108101851852,43.11735,-79.05974,2024-09-17T21:51:34.000000Z
2024,261.91082175925925,43.11735,-79.05974,2024-09-17T21:51:35.000000Z
2024,261.91083333333336,43.11735,-79.05974,2024-09-17T21:51:36.000000Z
2024,261.9108449074074,43.11735,-79.05974,2024-09-17T21:51:37.000000Z
2024,261.91085648148146,43.11735,-79.05974,2024-09-17T21:51:38.000000Z
2024,261.91086805555557,43.11735,-79.05974,2024-09-17T21:51:39.000000Z
2024,261.9108796296296,43.11735,-79.05974,2024-09-17T21:51:40.000000Z
2024,261.9108912037037,43.11735,-79.05974,2024-09-17T21:51:41.000000Z
2024,261.9109027777778,43.11735,-79.05974,2024-09-17T21:51:42.000000Z
2024,261.91091435185183,43.11735,-79.05974,2024-09-17T21:51:43.000000Z
2024,261.91092592592594,43.11735,-79.05974,2024-09-17T21:51:44.000000Z
2024,261.9109375,43.11735,-79.05974,2024-09-17T21:51:45.000000Z
2024,261.9109490740741,43.11735,-79.05974,2024-09-17T21:51:46.000000Z
2024,261.91096064814815,43.11735,-79.05974,2024-09-17T21:51:47.000000Z
2024,261.9109722222222,43.11735,-79.05974,2024-09-17T21:51:48.000000Z
2024,261.9109837962963,43.11735,-79.05974,2024-09-17T21:51:49.000000Z
2024,261.91099537037036,43.11735,-79.05974,2024-09-17T21:51:50.000000Z
2024,261.91100694444447,43.11735,-79.05974,2024-09-17T21:51:51.000000Z
2024,261.9110185185185,43.11735,-79.05974,2024-09-17T21:51:52.000000Z
2024,261.91103009259257,43.11735,-79.05974,2024-09-17T21:51:53.000000Z
2024,261.9110416666667,43.11735,-79.05974,2024-09-17T21:51:54.000000Z
2024,261.9110532407407,43.11735,-79.05974,2024-09-17T21:51:55.000000Z
2024,261.91106481481484,43.11735,-79.05974,2024-09-17T21:51:56.000000Z
2024,261.9110763888889,43.11735,-79.05974,2024-09-17T21:51:57.000000Z
2024,261.91108796296294,43.11735,-79.05974,2024-09-17T21:51:58.000000Z
2024,261.91109953703705,43.11735,-79.05974,2024-09-17T21:51:59.000000Z
2024,261.9111111111111,43.11735,-79.05974,2024-09-17T21:52:00.000000Z
2024,261.91112268518515,43.11735,-79.05974,2024-09-17T21:52:01.000000Z
2024,261.91113425925926,43.11735,-79.05974,2024-09-17T21:52:02.000000Z
2024,261.9111458333333,43.11735,-79.05974,2024-09-17T21:52:03.000000Z
2024,261.9111574074074,43.11735,-79.05974,2024-09-17T21:52:04.000000Z
2024,261.91116898148147,43.11735,-79.05974,2024-09-17T21:52:05.000000Z
2024,261.9111805555555,43.11735,-79.05974,2024-09-17T21:52:06.000000Z
2024,261.9111921296296,43.11735,-79.05974,2024-09-17T21:52:07.000000Z
2024,261.9112037037037,43.11735,-79.05974,2024-09-17T21:52:08.000000Z
2024,261.91122685185184,43.11735,-79.05974,2024-09-17T21:52:10.000000Z
2024,261.9112384259259,43.11735,-79.05974,2024-09-17T21:52:11.000000Z
2024,261.91125,43.11735,-79.05974,2024-09-17T21:52:12.000000Z
2024,261.91126157407405,43.11735,-79.05974,2024-09-17T21:52:13.000000Z
2024,261.91127314814815,43.11735,-79.05974,2024-09-17T21:52:14.000000Z
2024,261.9112847222222,43.11735,-79.05974,2024-09-17T21:52:15.000000Z
2024,261.91129629629626,43.11735,-79.05974,2024-09-17T21:52:16.000000Z
2024,261.91130787037036,43.11735,-79.05974,2024-09-17T21:52:17.000000Z
2024,261.9113194444444,43.11735,-79.05974,2024-09-17T21:52:18.000000Z
2024,261.9113310185185,43.11735,-79.05974,2024-09-17T21:52:19.000000Z
2024,261.9113425925926,43.11735,-79.05974,2024-09-17T21:52:20.000000Z
2024,261.9113541666666,43.11735,-79.05974,2024-09-17T21:52:21.000000Z
2024,261.91136574074073,43.11735,-79.05974,2024-09-17T21:52:22.000000Z
2024,261.9113773148148,43.11735,-79.05974,2024-09-17T21:52:23.000000Z
2024,261.9113888888889,43.11735,-79.05974,2024-09-17T21:52:24.000000Z
2024,261.91140046296294,43.11735,-79.05974,2024-09-17T21:52:25.000000Z
2024,261.911412037037,43.11735,-79.05974,2024-09-17T21:52:26.000000Z
2024,261.9114236111111,43.11735,-79.05974,2024-09-17T21:52:27.000000Z
2024,261.91143518518516,43.11735,-79.05974,2024-09-17T21:52:28.000000Z
2024,261.91144675925926,43.11735,-79.05974,2024-09-17T21:52:29.000000Z
2024,261.9114583333333,43.11735,-79.05974,2024-09-17T21:52:30.000000Z
2024,261.91146990740737,43.11735,-79.05974,2024-09-17T21:52:31.000000Z
2024,261.9114814814815,43.11735,-79.05974,2024-09-17T21:52:32.000000Z
2024,261.9114930555555,43.11735,-79.05974,2024-09-17T21:52:33.000000Z
2024,261.91150462962963,43.11735,-79.05974,2024-09-17T21:52:34.000000Z
2024,261.9115162037037,43.11735,-79.05974,2024-09-17T21:52:35.000000Z
2024,261.9115277777778,43.11735,-79.05974,2024-09-17T21:52:36.000000Z
2024,261.91153935185184,43.11735,-79.05974,2024-09-17T21:52:37.000000Z
2024,261.9115509259259,43.11735,-79.05974,2024-09-17T21:52:38.000000Z
2024,261.9115625,43.11735,-79.05974,2024-09-17T21:52:39.000000Z
2024,261.91157407407405,43.11735,-79.05974,2024-09-17T21:52:40.000000Z
2024,261.91158564814816,43.11735,-79.05974,2024-09-17T21:52:41.000000Z
2024,261.9115972222222,43.11735,-79.05974,2024-09-17T21:52:42.000000Z
2024,261.91160879629626,43.11735,-79.05974,2024-09-17T21:52:43.000000Z
2024,261.9116203703704,43.11735,-79.05974,2024-09-17T21:52:44.000000Z
2024,261.9116319444444,43.11735,-79.05974,2024-09-17T21:52:45.000000Z
2024,261.91164351851853,43.11735,-79.05974,2024-09-17T21:52:46.000000Z
2024,261.9116550925926,43.11735,-79.05974,2024-09-17T21:52:47.000000Z
2024,261.91166666666663,43.11735,-79.05974,2024-09-17T21:52:48.000000Z
2024,261.91167824074074,43.11735,-79.05974,2024-09-17T21:52:49.000000Z
2024,261.9116898148148,43.11735,-79.05974,2024-09-17T21:52:50.000000Z
2024,261.911724537037,43.11735,-79.05974,2024-09-17T21:52:53.000000Z
2024,261.9117361111111,43.11735,-79.05974,2024-09-17T21:52:54.000000Z
2024,261.91174768518516,43.11735,-79.05974,2024-09-17T21:52:55.000000Z
2024,261.91175925925927,43.11735,-79.05974,2024-09-17T21:52:56.000000Z
2024,261.9117708333333,43.11735,-79.05974,2024-09-17T21:52:57.000000Z
2024,261.9117824074074,43.11735,-79.05974,2024-09-17T21:52:58.000000Z
2024,261.9117939814815,43.11735,-79.05974,2024-09-17T21:52:59.000000Z
2024,261.91180555555553,43.11735,-79.05974,2024-09-17T21:53:00.000000Z
2024,261.9118171296296,43.11735,-79.05974,2024-09-17T21:53:01.000000Z
2024,261.9118287037037,43.11735,-79.05974,2024-09-17T21:53:02.000000Z
2024,261.91184027777774,43.11735,-79.05974,2024-09-17T21:53:03.000000Z
2024,261.91185185185185,43.11735,-79.05974,2024-09-17T21:53:04.000000Z
2024,261.9118634259259,43.11735,-79.05974,2024-09-17T21:53:05.000000Z
2024,261.91187499999995,43.11735,-79.05974,2024-09-17T21:53:06.000000Z
2024,261.91188657407406,43.11735,-79.05974,2024-09-17T21:53:07.000000Z
2024,261.9118981481481,43.11735,-79.05974,2024-09-17T21:53:08.000000Z
2024,261.9119097222222,43.11735,-79.05974,2024-09-17T21:53:09.000000Z
2024,261.91192129629627,43.11735,-79.05974,2024-09-17T21:53:10.000000Z
2024,261.9119328703703,43.11735,-79.05974,2024-09-17T21:53:11.000000Z
2024,261.91194444444443,43.11735,-79.05974,2024-09-17T21:53:12.000000Z
2024,261.9119560185185,43.11735,-79.05974,2024-09-17T21:53:13.000000Z
2024,261.9119675925926,43.11735,-79.05974,2024-09-17T21:53:14.000000Z
2024,261.91197916666664,43.11735,-79.05974,2024-09-17T21:53:15.000000Z
2024,261.9119907407407,43.11735,-79.05974,2024-09-17T21:53:16.000000Z
2024,261.9120023148148,43.11735,-79.05974,2024-09-17T21:53:17.000000Z
2024,261.91201388888885,43.11735,-79.05974,2024-09-17T21:53:18.000000Z
2024,261.91202546296296,43.11735,-79.05974,2024-09-17T21:53:19.000000Z
2024,261.912037037037,43.11735,-79.05974,2024-09-17T21:53:20.000000Z
2024,261.91204861111106,43.11735,-79.05974,2024-09-17T21:53:21.000000Z
2024,261.91206018518517,43.11735,-79.05974,2024-09-17T21:53:22.000000Z
2024,261.9120717592592,43.11736,-79.05974,2024-09-17T21:53:23.000000Z
2024,261.9120833333333,43.11736,-79.05974,2024-09-17T21:53:24.000000Z
2024,261.9120949074074,43.11736,-79.05974,2024-09-17T21:53:25.000000Z
2024,261.91210648148143,43.11736,-79.05974,2024-09-17T21:53:26.000000Z
2024,261.91211805555554,43.11736,-79.05974,2024-09-17T21:53:27.000000Z
2024,261.9121296296296,43.11736,-79.05974,2024-09-17T21:53:28.000000Z
2024,261.9121412037037,43.11736,-79.05974,2024-09-17T21:53:29.000000Z
2024,261.91215277777775,43.11736,-79.05974,2024-09-17T21:53:30.000000Z
2024,261.9121643518518,43.11736,-79.05974,2024-09-17T21:53:31.000000Z
2024,261.9121759259259,43.11736,-79.05974,2024-09-17T21:53:32.000000Z
2024,261.91218749999996,43.11736,-79.05974,2024-09-17T21:53:33.000000Z
2024,261.91219907407407,43.11736,-79.05974,2024-09-17T21:53:34.000000Z
2024,261.9122106481481,43.11736,-79.05974,2024-09-17T21:53:35.000000Z
2024,261.9122222222222,43.11736,-79.05974,2024-09-17T21:53:36.000000Z
2024,261.9122337962963,43.11736,-79.05974,2024-09-17T21:53:37.000000Z
2024,261.91224537037033,43.11736,-79.05974,2024-09-17T21:53:38.000000Z
2024,261.91225694444444,43.11736,-79.05974,2024-09-17T21:53:39.000000Z
2024,261.9122685185185,43.11736,-79.05974,2024-09-17T21:53:40.000000Z
2024,261.9122800925926,43.11736,-79.05974,2024-09-17T21:53:41.000000Z
2024,261.91229166666665,43.11736,-79.05974,2024-09-17T21:53:42.000000Z
2024,261.9123032407407,43.11736,-79.05974,2024-09-17T21:53:43.000000Z
2024,261.9123148148148,43.11736,-79.05974,2024-09-17T21:53:44.000000Z
2024,261.91232638888886,43.11736,-79.05974,2024-09-17T21:53:45.000000Z
2024,261.91233796296297,43.11736,-79.05974,2024-09-17T21:53:46.000000Z
2024,261.912349537037,43.11736,-79.05974,2024-09-17T21:53:47.000000Z
2024,261.91236111111107,43.11736,-79.05974,2024-09-17T21:53:48.000000Z
2024,261.9123726851852,43.11736,-79.05974,2024-09-17T21:53:49.000000Z
2024,261.9123842592592,43.11736,-79.05974,2024-09-17T21:53:50.000000Z
2024,261.91239583333333,43.11736,-79.05974,2024-09-17T21:53:51.000000Z
2024,261.9124074074074,43.11736,-79.05974,2024-09-17T21:53:52.000000Z
2024,261.91241898148144,43.11736,-79.05974,2024-09-17T21:53:53.000000Z
2024,261.91243055555555,43.11736,-79.05974,2024-09-17T21:53:54.000000Z
2024,261.9124421296296,43.11736,-79.05973,2024-09-17T21:53:55.000000Z
2024,261.9124537037037,43.11736,-79.05973,2024-09-17T21:53:56.000000Z
2024,261.91246527777776,43.11736,-79.05973,2024-09-17T21:53:57.000000Z
2024,261.9124768518518,43.11736,-79.05973,2024-09-17T21:53:58.000000Z
2024,261.9124884259259,43.11736,-79.05973,2024-09-17T21:53:59.000000Z
2024,261.9125,43.11736,-79.05973,2024-09-17T21:54:00.000000Z
2024,261.9125115740741,43.11736,-79.05973,2024-09-17T21:54:01.000000Z
2024,261.9125231481482,43.11736,-79.05973,2024-09-17T21:54:02.000000Z
2024,261.91253472222223,43.11736,-79.05973,2024-09-17T21:54:03.000000Z
2024,261.91254629629634,43.11736,-79.05973,2024-09-17T21:54:04.000000Z
2024,261.9125578703704,43.11736,-79.05973,2024-09-17T21:54:05.000000Z
2024,261.91256944444444,43.11736,-79.05973,2024-09-17T21:54:06.000000Z
2024,261.91258101851855,43.11736,-79.05973,2024-09-17T21:54:07.000000Z
2024,261.9125925925926,43.11736,-79.05973,2024-09-17T21:54:08.000000Z
2024,261.9126041666667,43.11736,-79.05973,2024-09-17T21:54:09.000000Z
2024,261.91261574074076,43.11736,-79.05973,2024-09-17T21:54:10.000000Z
2024,261.9126273148148,43.11736,-79.05973,2024-09-17T21:54:11.000000Z
2024,261.9126388888889,43.11736,-79.05973,2024-09-17T21:54:12.000000Z
2024,261.912650462963,43.11736,-79.05973,2024-09-17T21:54:13.000000Z
2024,261.9126620370371,43.11736,-79.05973,2024-09-17T21:54:14.000000Z
2024,261.91267361111113,43.11736,-79.05973,2024-09-17T21:54:15.000000Z
2024,261.9126851851852,43.11736,-79.05973,2024-09-17T21:54:16.000000Z
2024,261.9126967592593,43.11736,-79.05973,2024-09-17T21:54:17.000000Z
2024,261.91270833333334,43.11736,-79.05973,2024-09-17T21:54:18.000000Z
2024,261.91271990740745,43.11736,-79.05973,2024-09-17T21:54:19.000000Z
2024,261.9127314814815,43.11736,-79.05973,2024-09-17T21:54:20.000000Z
2024,261.91274305555555,43.11736,-79.05973,2024-09-17T21:54:21.000000Z
2024,261.91275462962966,43.11736,-79.05973,2024-09-17T21:54:22.000000Z
2024,261.9127662037037,43.11736,-79.05973,2024-09-17T21:54:23.000000Z
2024,261.9127777777778,43.11736,-79.05973,2024-09-17T21:54:24.000000Z
2024,261.91278935185187,43.11736,-79.05973,2024-09-17T21:54:25.000000Z
2024,261.9128009259259,43.11736,-79.05973,2024-09-17T21:54:26.000000Z
2024,261.91281250000003,43.11736,-79.05973,2024-09-17T21:54:27.000000Z
2024,261.9128240740741,43.11736,-79.05973,2024-09-17T21:54:28.000000Z
2024,261.9128356481482,43.11736,-79.05973,2024-09-17T21:54:29.000000Z
2024,261.91284722222224,43.11736,-79.05973,2024-09-17T21:54:30.000000Z
2024,261.9128587962963,43.11736,-79.05973,2024-09-17T21:54:31.000000Z
2024,261.9128703703704,43.11736,-79.05973,2024-09-17T21:54:32.000000Z
2024,261.91288194444445,43.11736,-79.05973,2024-09-17T21:54:33.000000Z
2024,261.91289351851856,43.11736,-79.05973,2024-09-17T21:54:34.000000Z
2024,261.9129050925926,43.11736,-79.05973,2024-09-17T21:54:35.000000Z
2024,261.9129166666667,43.11736,-79.05973,2024-09-17T21:54:36.000000Z
2024,261.91292824074077,43.11736,-79.05973,2024-09-17T21:54:37.000000Z
2024,261.9129398148148,43.11736,-79.05973,2024-09-17T21:54:38.000000Z
2024,261.9129513888889,43.11736,-79.05973,2024-09-17T21:54:39.000000Z
2024,261.912962962963,43.11736,-79.05973,2024-09-17T21:54:40.000000Z
2024,261.9129745370371,43.11736,-79.05973,2024-09-17T21:54:41.000000Z
2024,261.91298611111114,43.11736,-79.05973,2024-09-17T21:54:42.000000Z
2024,261.9129976851852,43.11736,-79.05973,2024-09-17T21:54:43.000000Z
2024,261.9130092592593,43.11736,-79.05973,2024-09-17T21:54:44.000000Z
2024,261.91302083333335,43.11736,-79.05973,2024-09-17T21:54:45.000000Z
2024,261.91303240740746,43.11736,-79.05973,2024-09-17T21:54:46.000000Z
2024,261.9130439814815,43.11736,-79.05973,2024-09-17T21:54:47.000000Z
2024,261.91305555555556,43.11736,-79.05973,2024-09-17T21:54:48.000000Z
2024,261.91306712962967,43.11736,-79.05973,2024-09-17T21:54:49.000000Z
2024,261.9130787037037,43.11736,-79.05973,2024-09-17T21:54:50.000000Z
2024,261.9130902777778,43.11736,-79.05973,2024-09-17T21:54:51.000000Z
2024,261.9131018518519,43.11736,-79.05973,2024-09-17T21:54:52.000000Z
2024,261.9131134259259,43.11736,-79.05973,2024-09-17T21:54:53.000000Z
2024,261.91312500000004,43.11736,-79.05973,2024-09-17T21:54:54.000000Z
2024,261.9131365740741,43.11736,-79.05973,2024-09-17T21:54:55.000000Z
2024,261.9131481481482,43.11736,-79.05973,2024-09-17T21:54:56.000000Z
2024,261.91315972222225,43.11736,-79.05973,2024-09-17T21:54:57.000000Z
2024,261.9131712962963,43.11736,-79.05973,2024-09-17T21:54:58.000000Z
2024,261.9131828703704,43.11736,-79.05973,2024-09-17T21:54:59.000000Z
2024,261.91319444444446,43.11736,-79.05973,2024-09-17T21:55:00.000000Z
2024,261.9132060185185,43.11736,-79.05973,2024-09-17T21:55:01.000000Z
2024,261.9132175925926,43.11736,-79.05973,2024-09-17T21:55:02.000000Z
2024,261.91322916666667,43.11736,-79.05973,2024-09-17T21:55:03.000000Z
2024,261.9132407407408,43.11736,-79.05973,2024-09-17T21:55:04.000000Z
2024,261.9132523148148,43.11736,-79.05973,2024-09-17T21:55:05.000000Z
2024,261.9132638888889,43.11736,-79.05973,2024-09-17T21:55:06.000000Z
2024,261.913275462963,43.11736,-79.05973,2024-09-17T21:55:07.000000Z
2024,261.91328703703704,43.11736,-79.05973,2024-09-17T21:55:08.000000Z
2024,261.91329861111114,43.11736,-79.05973,2024-09-17T21:55:09.000000Z
2024,261.9133101851852,43.11736,-79.05973,2024-09-17T21:55:10.000000Z
2024,261.91332175925925,43.11736,-79.05973,2024-09-17T21:55:11.000000Z
2024,261.91333333333336,43.11736,-79.05973,2024-09-17T21:55:12.000000Z
2024,261.9133449074074,43.11736,-79.05973,2024-09-17T21:55:13.000000Z
2024,261.9133564814815,43.11736,-79.05973,2024-09-17T21:55:14.000000Z
2024,261.91336805555557,43.11736,-79.05973,2024-09-17T21:55:15.000000Z
2024,261.9133796296296,43.11736,-79.05973,2024-09-17T21:55:16.000000Z
2024,261.9133912037037,43.11736,-79.05973,2024-09-17T21:55:17.000000Z
2024,261.9134027777778,43.11736,-79.05973,2024-09-17T21:55:18.000000Z
2024,261.9134143518519,43.11736,-79.05973,2024-09-17T21:55:19.000000Z
2024,261.91342592592594,43.11736,-79.05973,2024-09-17T21:55:20.000000Z
2024,261.9134375,43.11736,-79.05973,2024-09-17T21:55:21.000000Z
2024,261.9134490740741,43.11736,-79.05973,2024-09-17T21:55:22.000000Z
2024,261.91346064814815,43.11736,-79.05973,2024-09-17T21:55:23.000000Z
2024,261.91347222222225,43.11736,-79.05973,2024-09-17T21:55:24.000000Z
2024,261.9134837962963,43.11736,-79.05973,2024-09-17T21:55:25.000000Z
2024,261.91349537037036,43.11736,-79.05973,2024-09-17T21:55:26.000000Z
2024,261.91350694444446,43.11736,-79.05973,2024-09-17T21:55:27.000000Z
2024,261.9135185185185,43.11736,-79.05973,2024-09-17T21:55:28.000000Z
2024,261.9135300925926,43.11736,-79.05973,2024-09-17T21:55:29.000000Z
2024,261.9135416666667,43.11736,-79.05973,2024-09-17T21:55:30.000000Z
2024,261.9135532407407,43.11736,-79.05973,2024-09-17T21:55:31.000000Z
2024,261.91356481481483,43.11736,-79.05973,2024-09-17T21:55:32.000000Z
2024,261.9135763888889,43.11736,-79.05973,2024-09-17T21:55:33.000000Z
2024,261.913587962963,43.11736,-79.05973,2024-09-17T21:55:34.000000Z
2024,261.91359953703704,43.11736,-79.05973,2024-09-17T21:55:35.000000Z
2024,261.91361111111115,43.11736,-79.05973,2024-09-17T21:55:36.000000Z
2024,261.9136226851852,43.11736,-79.05973,2024-09-17T21:55:37.000000Z
2024,261.91363425925925,43.11736,-79.05973,2024-09-17T21:55:38.000000Z
2024,261.91364583333336,43.11736,-79.05973,2024-09-17T21:55:39.000000Z
2024,261.9136574074074,43.11736,-79.05973,2024-09-17T21:55:40.000000Z
2024,261.9136689814815,43.11736,-79.05973,2024-09-17T21:55:41.000000Z
2024,261.9136805555556,43.11736,-79.05973,2024-09-17T21:55:42.000000Z
2024,261.9136921296296,43.11736,-79.05973,2024-09-17T21:55:43.000000Z
2024,261.91370370370373,43.11736,-79.05973,2024-09-17T21:55:44.000000Z
2024,261.9137152777778,43.11736,-79.05973,2024-09-17T21:55:45.000000Z
2024,261.9137268518519,43.11736,-79.05973,2024-09-17T21:55:46.000000Z
2024,261.91373842592594,43.11736,-79.05973,2024-09-17T21:55:47.000000Z
2024,261.91375,43.11736,-79.05973,2024-09-17T21:55:48.000000Z
2024,261.9137615740741,43.11736,-79.05973,2024-09-17T21:55:49.000000Z
2024,261.91377314814815,43.11736,-79.05973,2024-09-17T21:55:50.000000Z
2024,261.91378472222226,43.11736,-79.05973,2024-09-17T21:55:51.000000Z
2024,261.9137962962963,43.11736,-79.05973,2024-09-17T21:55:52.000000Z
2024,261.91380787037036,43.11736,-79.05973,2024-09-17T21:55:53.000000Z
2024,261.91381944444447,43.11736,-79.05973,2024-09-17T21:55:54.000000Z
2024,261.9138310185185,43.11736,-79.05973,2024-09-17T21:55:55.000000Z
2024,261.91384259259263,43.11736,-79.05973,2024-09-17T21:55:56.000000Z
2024,261.9138541666667,43.11736,-79.05973,2024-09-17T21:55:57.000000Z
2024,261.91386574074073,43.11736,-79.05973,2024-09-17T21:55:58.000000Z
2024,261.91387731481484,43.11736,-79.05973,2024-09-17T21:55:59.000000Z
2024,261.9138888888889,43.11736,-79.05973,2024-09-17T21:56:00.000000Z
2024,261.91390046296294,43.11736,-79.05973,2024-09-17T21:56:01.000000Z
2024,261.91391203703705,43.11736,-79.05973,2024-09-17T21:56:02.000000Z
2024,261.9139236111111,43.11736,-79.05973,2024-09-17T21:56:03.000000Z
2024,261.9139351851852,43.11736,-79.05973,2024-09-17T21:56:04.000000Z
2024,261.91394675925926,43.11736,-79.05973,2024-09-17T21:56:05.000000Z
2024,261.9139583333333,43.11736,-79.05973,2024-09-17T21:56:06.000000Z
2024,261.9139699074074,43.11736,-79.05973,2024-09-17T21:56:07.000000Z
2024,261.91398148148147,43.11736,-79.05973,2024-09-17T21:56:08.000000Z
2024,261.9139930555556,43.11736,-79.05973,2024-09-17T21:56:09.000000Z
2024,261.91400462962963,43.11736,-79.05973,2024-09-17T21:56:10.000000Z
2024,261.9140162037037,43.11736,-79.05973,2024-09-17T21:56:11.000000Z
2024,261.9140277777778,43.11736,-79.05973,2024-09-17T21:56:12.000000Z
2024,261.91403935185184,43.11736,-79.05973,2024-09-17T21:56:13.000000Z
2024,261.91405092592595,43.11736,-79.05973,2024-09-17T21:56:14.000000Z
2024,261.9140625,43.11736,-79.05973,2024-09-17T21:56:15.000000Z
2024,261.91407407407405,43.11736,-79.05973,2024-09-17T21:56:16.000000Z
2024,261.91408564814816,43.11736,-79.05973,2024-09-17T21:56:17.000000Z
2024,261.9140972222222,43.11736,-79.05973,2024-09-17T21:56:18.000000Z
2024,261.9141087962963,43.11736,-79.05973,2024-09-17T21:56:19.000000Z
2024,261.91412037037037,43.11736,-79.05973,2024-09-17T21:56:20.000000Z
2024,261.9141319444444,43.11736,-79.05973,2024-09-17T21:56:21.000000Z
2024,261.91414351851853,43.11736,-79.05973,2024-09-17T21:56:22.000000Z
2024,261.9141550925926,43.11736,-79.05973,2024-09-17T21:56:23.000000Z
2024,261.9141666666667,43.11736,-79.05973,2024-09-17T21:56:24.000000Z
2024,261.91417824074074,43.11736,-79.05973,2024-09-17T21:56:25.000000Z
2024,261.9141898148148,43.11736,-79.05973,2024-09-17T21:56:26.000000Z
2024,261.9142013888889,43.11736,-79.05973,2024-09-17T21:56:27.000000Z
2024,261.91421296296295,43.11736,-79.05973,2024-09-17T21:56:28.000000Z
2024,261.91422453703706,43.11736,-79.05973,2024-09-17T21:56:29.000000Z
2024,261.9142361111111,43.11736,-79.05973,2024-09-17T21:56:30.000000Z
2024,261.91424768518516,43.11736,-79.05973,2024-09-17T21:56:31.000000Z
2024,261.91425925925927,43.11736,-79.05973,2024-09-17T21:56:32.000000Z
2024,261.9142708333333,43.11736,-79.05973,2024-09-17T21:56:33.000000Z
2024,261.9142824074074,43.11736,-79.05973,2024-09-17T21:56:34.000000Z
2024,261.9142939814815,43.11736,-79.05973,2024-09-17T21:56:35.000000Z
2024,261.9143055555556,43.11736,-79.05973,2024-09-17T21:56:36.000000Z
2024,261.91431712962964,43.11736,-79.05973,2024-09-17T21:56:37.000000Z
2024,261.9143287037037,43.11736,-79.05973,2024-09-17T21:56:38.000000Z
2024,261.9143402777778,43.11736,-79.05973,2024-09-17T21:56:39.000000Z
2024,261.91435185185185,43.11736,-79.05973,2024-09-17T21:56:40.000000Z
2024,261.91436342592596,43.11736,-79.05973,2024-09-17T21:56:41.000000Z
2024,261.914375,43.11736,-79.05973,2024-09-17T21:56:42.000000Z
2024,261.91438657407406,43.11736,-79.05973,2024-09-17T21:56:43.000000Z
2024,261.91439814814817,43.11736,-79.05973,2024-09-17T21:56:44.000000Z
2024,261.9144097222222,43.11736,-79.05973,2024-09-17T21:56:45.000000Z
2024,261.9144212962963,43.11736,-79.05973,2024-09-17T21:56:46.000000Z
2024,261.9144328703704,43.11736,-79.05973,2024-09-17T21:56:47.000000Z
2024,261.9144444444444,43.11736,-79.05973,2024-09-17T21:56:48.000000Z
2024,261.91445601851854,43.11736,-79.05973,2024-09-17T21:56:49.000000Z
2024,261.9144675925926,43.11736,-79.05973,2024-09-17T21:56:50.000000Z
2024,261.9144791666667,43.11736,-79.05973,2024-09-17T21:56:51.000000Z
2024,261.91449074074075,43.11736,-79.05973,2024-09-17T21:56:52.000000Z
2024,261.9145023148148,43.11736,-79.05973,2024-09-17T21:56:53.000000Z
2024,261.9145138888889,43.11736,-79.05973,2024-09-17T21:56:54.000000Z
2024,261.91452546296296,43.11736,-79.05973,2024-09-17T21:56:55.000000Z
2024,261.91453703703706,43.11736,-79.05973,2024-09-17T21:56:56.000000Z
2024,261.9145486111111,43.11736,-79.05973,2024-09-17T21:56:57.000000Z
2024,261.91456018518517,43.11736,-79.05973,2024-09-17T21:56:58.000000Z
2024,261.9145717592593,43.11736,-79.05973,2024-09-17T21:56:59.000000Z
2024,261.9145833333333,43.11736,-79.05973,2024-09-17T21:57:00.000000Z
2024,261.9145949074074,43.11736,-79.05973,2024-09-17T21:57:01.000000Z
2024,261.9146064814815,43.11737,-79.05973,2024-09-17T21:57:02.000000Z
2024,261.91461805555554,43.11737,-79.05973,2024-09-17T21:57:03.000000Z
2024,261.91462962962964,43.11737,-79.05973,2024-09-17T21:57:04.000000Z
2024,261.9146412037037,43.11737,-79.05973,2024-09-17T21:57:05.000000Z
2024,261.91465277777775,43.11737,-79.05973,2024-09-17T21:57:06.000000Z
2024,261.91466435185185,43.11737,-79.05973,2024-09-17T21:57:07.000000Z
2024,261.9146759259259,43.11737,-79.05973,2024-09-17T21:57:08.000000Z
2024,261.9146875,43.11737,-79.05973,2024-09-17T21:57:09.000000Z
2024,261.91469907407406,43.11737,-79.05973,2024-09-17T21:57:10.000000Z
2024,261.9147106481481,43.11737,-79.05973,2024-09-17T21:57:11.000000Z
2024,261.9147222222222,43.11737,-79.05973,2024-09-17T21:57:12.000000Z
2024,261.9147337962963,43.11737,-79.05973,2024-09-17T21:57:13.000000Z
2024,261.9147453703704,43.11737,-79.05973,2024-09-17T21:57:14.000000Z
2024,261.91475694444443,43.11737,-79.05973,2024-09-17T21:57:15.000000Z
2024,261.9147685185185,43.11737,-79.05973,2024-09-17T21:57:16.000000Z
2024,261.9147800925926,43.11737,-79.05973,2024-09-17T21:57:17.000000Z
2024,261.91479166666664,43.11737,-79.05973,2024-09-17T21:57:18.000000Z
2024,261.91480324074075,43.11737,-79.05973,2024-09-17T21:57:19.000000Z
2024,261.9148148148148,43.11737,-79.05973,2024-09-17T21:57:20.000000Z
2024,261.91482638888886,43.11737,-79.05973,2024-09-17T21:57:21.000000Z
2024,261.91483796296296,43.11737,-79.05973,2024-09-17T21:57:22.000000Z
2024,261.914849537037,43.11737,-79.05973,2024-09-17T21:57:23.000000Z
2024,261.9148611111111,43.11737,-79.05973,2024-09-17T21:57:24.000000Z
2024,261.9148726851852,43.11737,-79.05973,2024-09-17T21:57:25.000000Z
2024,261.9148842592592,43.11737,-79.05973,2024-09-17T21:57:26.000000Z
2024,261.91489583333333,43.11737,-79.05973,2024-09-17T21:57:27.000000Z
2024,261.9149074074074,43.11737,-79.05973,2024-09-17T21:57:28.000000Z
2024,261.9149189814815,43.11737,-79.05973,2024-09-17T21:57:29.000000Z
2024,261.91493055555554,43.11737,-79.05973,2024-09-17T21:57:30.000000Z
2024,261.9149421296296,43.11737,-79.05973,2024-09-17T21:57:31.000000Z
2024,261.9149537037037,43.11737,-79.05973,2024-09-17T21:57:32.000000Z
2024,261.91496527777775,43.11737,-79.05973,2024-09-17T21:57:33.000000Z
2024,261.91497685185186,43.11737,-79.05973,2024-09-17T21:57:34.000000Z
2024,261.9149884259259,43.11737,-79.05973,2024-09-17T21:57:35.000000Z
2024,261.915,43.11737,-79.05973,2024-09-17T21:57:36.000000Z
2024,261.9150115740741,43.11737,-79.05973,2024-09-17T21:57:37.000000Z
2024,261.9150231481481,43.11737,-79.05973,2024-09-17T21:57:38.000000Z
2024,261.91503472222223,43.11737,-79.05973,2024-09-17T21:57:39.000000Z
2024,261.9150462962963,43.11737,-79.05973,2024-09-17T21:57:40.000000Z
2024,261.9150578703704,43.11737,-79.05973,2024-09-17T21:57:41.000000Z
2024,261.91506944444444,43.11737,-79.05973,2024-09-17T21:57:42.000000Z
2024,261.9150810185185,43.11737,-79.05973,2024-09-17T21:57:43.000000Z
2024,261.9150925925926,43.11737,-79.05973,2024-09-17T21:57:44.000000Z
2024,261.91510416666665,43.11737,-79.05973,2024-09-17T21:57:45.000000Z
2024,261.91511574074076,43.11737,-79.05973,2024-09-17T21:57:46.000000Z
2024,261.9151273148148,43.11737,-79.05973,2024-09-17T21:57:47.000000Z
2024,261.91513888888886,43.11737,-79.05973,2024-09-17T21:57:48.000000Z
2024,261.91515046296297,43.11737,-79.05973,2024-09-17T21:57:49.000000Z
2024,261.915162037037,43.11737,-79.05973,2024-09-17T21:57:50.000000Z
2024,261.91517361111113,43.11737,-79.05973,2024-09-17T21:57:51.000000Z
2024,261.9151851851852,43.11737,-79.05973,2024-09-17T21:57:52.000000Z
2024,261.91519675925923,43.11737,-79.05973,2024-09-17T21:57:53.000000Z
2024,261.91520833333334,43.11737,-79.05973,2024-09-17T21:57:54.000000Z
2024,261.9152199074074,43.11737,-79.05973,2024-09-17T21:57:55.000000Z
2024,261.9152314814815,43.11737,-79.05973,2024-09-17T21:57:56.000000Z
2024,261.91524305555555,43.11737,-79.05973,2024-09-17T21:57:57.000000Z
2024,261.9152546296296,43.11737,-79.05973,2024-09-17T21:57:58.000000Z
2024,261.9152662037037,43.11737,-79.05973,2024-09-17T21:57:59.000000Z
2024,261.91527777777776,43.11737,-79.05973,2024-09-17T21:58:00.000000Z
2024,261.9152893518518,43.11737,-79.05973,2024-09-17T21:58:01.000000Z
2024,261.9153009259259,43.11737,-79.05973,2024-09-17T21:58:02.000000Z
2024,261.91531249999997,43.11737,-79.05973,2024-09-17T21:58:03.000000Z
2024,261.9153240740741,43.11737,-79.05973,2024-09-17T21:58:04.000000Z
2024,261.91533564814813,43.11737,-79.05973,2024-09-17T21:58:05.000000Z
2024,261.9153472222222,43.11737,-79.05973,2024-09-17T21:58:06.000000Z
2024,261.9153587962963,43.11737,-79.05973,2024-09-17T21:58:07.000000Z
2024,261.91537037037034,43.11737,-79.05973,2024-09-17T21:58:08.000000Z
2024,261.91538194444445,43.11737,-79.05973,2024-09-17T21:58:09.000000Z
2024,261.9153935185185,43.11737,-79.05973,2024-09-17T21:58:10.000000Z
2024,261.91540509259255,43.11737,-79.05973,2024-09-17T21:58:11.000000Z
2024,261.91541666666666,43.11737,-79.05973,2024-09-17T21:58:12.000000Z
2024,261.9154282407407,43.11737,-79.05973,2024-09-17T21:58:13.000000Z
2024,261.9154398148148,43.11737,-79.05973,2024-09-17T21:58:14.000000Z
2024,261.91545138888887,43.11737,-79.05973,2024-09-17T21:58:15.000000Z
2024,261.9154629629629,43.11737,-79.05973,2024-09-17T21:58:16.000000Z
2024,261.915474537037,43.11737,-79.05973,2024-09-17T21:58:17.000000Z
2024,261.9154861111111,43.11737,-79.05973,2024-09-17T21:58:18.000000Z
2024,261.9154976851852,43.11737,-79.05973,2024-09-17T21:58:19.000000Z
2024,261.91550925925924,43.11737,-79.05973,2024-09-17T21:58:20.000000Z
2024,261.9155208333333,43.11737,-79.05973,2024-09-17T21:58:21.000000Z
2024,261.9155324074074,43.11737,-79.05973,2024-09-17T21:58:22.000000Z
2024,261.91554398148145,43.11737,-79.05973,2024-09-17T21:58:23.000000Z
2024,261.91555555555556,43.11737,-79.05973,2024-09-17T21:58:24.000000Z
2024,261.9155671296296,43.11737,-79.05973,2024-09-17T21:58:25.000000Z
2024,261.91557870370366,43.11737,-79.05973,2024-09-17T21:58:26.000000Z
2024,261.91559027777777,43.11737,-79.05973,2024-09-17T21:58:27.000000Z
2024,261.9156018518518,43.11737,-79.05973,2024-09-17T21:58:28.000000Z
2024,261.9156134259259,43.11737,-79.05973,2024-09-17T21:58:29.000000Z
2024,261.915625,43.11737,-79.05973,2024-09-17T21:58:30.000000Z
2024,261.91563657407403,43.11737,-79.05973,2024-09-17T21:58:31.000000Z
2024,261.91564814814814,43.11737,-79.05973,2024-09-17T21:58:32.000000Z
2024,261.9156597222222,43.11737,-79.05973,2024-09-17T21:58:33.000000Z
2024,261.9156712962963,43.11737,-79.05973,2024-09-17T21:58:34.000000Z
2024,261.91568287037035,43.11737,-79.05973,2024-09-17T21:58:35.000000Z
2024,261.91569444444445,43.11737,-79.05973,2024-09-17T21:58:36.000000Z
2024,261.9157060185185,43.11737,-79.05973,2024-09-17T21:58:37.000000Z
2024,261.91571759259256,43.11737,-79.05973,2024-09-17T21:58:38.000000Z
2024,261.91572916666667,43.11737,-79.05973,2024-09-17T21:58:39.000000Z
2024,261.9157407407407,43.11737,-79.05973,2024-09-17T21:58:40.000000Z
2024,261.9157523148148,43.11737,-79.05973,2024-09-17T21:58:41.000000Z
2024,261.9157638888889,43.11737,-79.05973,2024-09-17T21:58:42.000000Z
2024,261.9157754629629,43.11737,-79.05973,2024-09-17T21:58:43.000000Z
2024,261.91578703703703,43.11737,-79.05973,2024-09-17T21:58:44.000000Z
2024,261.9157986111111,43.11737,-79.05973,2024-09-17T21:58:45.000000Z
2024,261.9158101851852,43.11737,-79.05973,2024-09-17T21:58:46.000000Z
2024,261.91582175925925,43.11737,-79.05973,2024-09-17T21:58:47.000000Z
2024,261.9158333333333,43.11737,-79.05973,2024-09-17T21:58:48.000000Z
2024,261.9158449074074,43.11737,-79.05973,2024-09-17T21:58:49.000000Z
2024,261.91585648148146,43.11737,-79.05973,2024-09-17T21:58:50.000000Z
2024,261.91586805555556,43.11737,-79.05973,2024-09-17T21:58:51.000000Z
2024,261.9158796296296,43.11737,-79.05973,2024-09-17T21:58:52.000000Z
2024,261.91589120370367,43.11737,-79.05973,2024-09-17T21:58:53.000000Z
2024,261.9159027777778,43.11737,-79.05973,2024-09-17T21:58:54.000000Z
2024,261.9159143518518,43.11737,-79.05973,2024-09-17T21:58:55.000000Z
2024,261.91592592592593,43.11737,-79.05973,2024-09-17T21:58:56.000000Z
2024,261.9159375,43.11737,-79.05973,2024-09-17T21:58:57.000000Z
2024,261.91594907407404,43.11737,-79.05973,2024-09-17T21:58:58.000000Z
2024,261.91596064814814,43.11737,-79.05973,2024-09-17T21:58:59.000000Z
2024,261.9159722222222,43.11737,-79.05973,2024-09-17T21:59:00.000000Z
2024,261.91598379629625,43.11737,-79.05973,2024-09-17T21:59:01.000000Z
2024,261.91599537037035,43.11737,-79.05973,2024-09-17T21:59:02.000000Z
2024,261.9160069444444,43.11737,-79.05973,2024-09-17T21:59:03.000000Z
2024,261.9160185185185,43.11737,-79.05973,2024-09-17T21:59:04.000000Z
2024,261.91603009259256,43.11737,-79.05973,2024-09-17T21:59:05.000000Z
2024,261.9160416666666,43.11737,-79.05973,2024-09-17T21:59:06.000000Z
2024,261.9160532407407,43.11737,-79.05973,2024-09-17T21:59:07.000000Z
2024,261.9160648148148,43.11737,-79.05973,2024-09-17T21:59:08.000000Z
2024,261.9160763888889,43.11737,-79.05973,2024-09-17T21:59:09.000000Z
2024,261.91608796296293,43.11737,-79.05973,2024-09-17T21:59:10.000000Z
2024,261.916099537037,43.11737,-79.05973,2024-09-17T21:59:11.000000Z
2024,261.9161111111111,43.11737,-79.05973,2024-09-17T21:59:12.000000Z
2024,261.91612268518514,43.11737,-79.05973,2024-09-17T21:59:13.000000Z
2024,261.91613425925925,43.11737,-79.05973,2024-09-17T21:59:14.000000Z
2024,261.9161458333333,43.11737,-79.05973,2024-09-17T21:59:15.000000Z
2024,261.91615740740735,43.11737,-79.05973,2024-09-17T21:59:16.000000Z
2024,261.91616898148146,43.11737,-79.05973,2024-09-17T21:59:17.000000Z
2024,261.9161805555555,43.11737,-79.05973,2024-09-17T21:59:18.000000Z
2024,261.9161921296296,43.11737,-79.05973,2024-09-17T21:59:19.000000Z
2024,261.9162037037037,43.11737,-79.05973,2024-09-17T21:59:20.000000Z
2024,261.9162152777777,43.11737,-79.05973,2024-09-17T21:59:21.000000Z
2024,261.91622685185183,43.11737,-79.05973,2024-09-17T21:59:22.000000Z
2024,261.9162384259259,43.11737,-79.05973,2024-09-17T21:59:23.000000Z
2024,261.91625,43.11737,-79.05973,2024-09-17T21:59:24.000000Z
2024,261.91626157407404,43.11737,-79.05973,2024-09-17T21:59:25.000000Z
2024,261.9162731481481,43.11737,-79.05973,2024-09-17T21:59:26.000000Z
2024,261.9162847222222,43.11737,-79.05973,2024-09-17T21:59:27.000000Z
2024,261.91629629629625,43.11737,-79.05973,2024-09-17T21:59:28.000000Z
2024,261.91630787037036,43.11737,-79.05973,2024-09-17T21:59:29.000000Z
2024,261.9163194444444,43.11737,-79.05973,2024-09-17T21:59:30.000000Z
2024,261.91633101851846,43.11737,-79.05973,2024-09-17T21:59:31.000000Z
2024,261.91634259259257,43.11737,-79.05973,2024-09-17T21:59:32.000000Z
2024,261.9163541666666,43.11737,-79.05973,2024-09-17T21:59:33.000000Z
2024,261.91636574074073,43.11737,-79.05973,2024-09-17T21:59:34.000000Z
2024,261.9163773148148,43.11737,-79.05973,2024-09-17T21:59:35.000000Z
2024,261.9163888888889,43.11737,-79.05973,2024-09-17T21:59:36.000000Z
2024,261.91640046296294,43.11737,-79.05973,2024-09-17T21:59:37.000000Z
2024,261.916412037037,43.11737,-79.05973,2024-09-17T21:59:38.000000Z
2024,261.9164236111111,43.11737,-79.05973,2024-09-17T21:59:39.000000Z
2024,261.91643518518515,43.11737,-79.05973,2024-09-17T21:59:40.000000Z
2024,261.91644675925926,43.11737,-79.05973,2024-09-17T21:59:41.000000Z
2024,261.9164583333333,43.11737,-79.05973,2024-09-17T21:59:42.000000Z
2024,261.91646990740736,43.11737,-79.05973,2024-09-17T21:59:43.000000Z
2024,261.91648148148147,43.11737,-79.05973,2024-09-17T21:59:44.000000Z
2024,261.9164930555555,43.11737,-79.05973,2024-09-17T21:59:45.000000Z
2024,261.9165046296296,43.11737,-79.05973,2024-09-17T21:59:46.000000Z
2024,261.9165162037037,43.11737,-79.05973,2024-09-17T21:59:47.000000Z
2024,261.91652777777773,43.11737,-79.05973,2024-09-17T21:59:48.000000Z
2024,261.91653935185184,43.11737,-79.05973,2024-09-17T21:59:49.000000Z
2024,261.9165509259259,43.11737,-79.05973,2024-09-17T21:59:50.000000Z
2024,261.9165625,43.11737,-79.05973,2024-09-17T21:59:51.000000Z
2024,261.91657407407405,43.11737,-79.05973,2024-09-17T21:59:52.000000Z
2024,261.9165856481481,43.11737,-79.05973,2024-09-17T21:59:53.000000Z
2024,261.9165972222222,43.11737,-79.05973,2024-09-17T21:59:54.000000Z
2024,261.91660879629626,43.11737,-79.05973,2024-09-17T21:59:55.000000Z
2024,261.91662037037037,43.11737,-79.05973,2024-09-17T21:59:56.000000Z
2024,261.9166319444444,43.11737,-79.05973,2024-09-17T21:59:57.000000Z
2024,261.91664351851847,43.11737,-79.05973,2024-09-17T21:59:58.000000Z
2024,261.9166666666667,43.11737,-79.05973,2024-09-17T22:00:00.000000Z
2024,261.91667824074074,43.11737,-79.05973,2024-09-17T22:00:01.000000Z
2024,261.91668981481484,43.11737,-79.05973,2024-09-17T22:00:02.000000Z
2024,261.9167013888889,43.11737,-79.05973,2024-09-17T22:00:03.000000Z
2024,261.916712962963,43.11737,-79.05973,2024-09-17T22:00:04.000000Z
2024,261.91672453703706,43.11737,-79.05973,2024-09-17T22:00:05.000000Z
2024,261.9167361111111,43.11737,-79.05973,2024-09-17T22:00:06.000000Z
2024,261.9167476851852,43.11737,-79.05973,2024-09-17T22:00:07.000000Z
2024,261.91675925925927,43.11737,-79.05973,2024-09-17T22:00:08.000000Z
2024,261.9167708333334,43.11737,-79.05973,2024-09-17T22:00:09.000000Z
2024,261.9167824074074,43.11737,-79.05973,2024-09-17T22:00:10.000000Z
2024,261.9167939814815,43.11737,-79.05973,2024-09-17T22:00:11.000000Z
2024,261.9168055555556,43.11737,-79.05973,2024-09-17T22:00:12.000000Z
2024,261.91681712962964,43.11737,-79.05973,2024-09-17T22:00:13.000000Z
2024,261.91682870370374,43.11737,-79.05973,2024-09-17T22:00:14.000000Z
2024,261.9168402777778,43.11737,-79.05973,2024-09-17T22:00:15.000000Z
2024,261.91685185185185,43.11737,-79.05973,2024-09-17T22:00:16.000000Z
2024,261.91686342592595,43.11737,-79.05973,2024-09-17T22:00:17.000000Z
2024,261.916875,43.11737,-79.05973,2024-09-17T22:00:18.000000Z
2024,261.9168865740741,43.11737,-79.05973,2024-09-17T22:00:19.000000Z
2024,261.91689814814816,43.11737,-79.05973,2024-09-17T22:00:20.000000Z
2024,261.9169097222222,43.11737,-79.05973,2024-09-17T22:00:21.000000Z
2024,261.9169212962963,43.11737,-79.05973,2024-09-17T22:00:22.000000Z
2024,261.9169328703704,43.11737,-79.05973,2024-09-17T22:00:23.000000Z
2024,261.9169444444445,43.11737,-79.05973,2024-09-17T22:00:24.000000Z
2024,261.91695601851853,43.11737,-79.05973,2024-09-17T22:00:25.000000Z
2024,261.9169675925926,43.11737,-79.05973,2024-09-17T22:00:26.000000Z
2024,261.9169791666667,43.11737,-79.05973,2024-09-17T22:00:27.000000Z
2024,261.91699074074074,43.11737,-79.05973,2024-09-17T22:00:28.000000Z
2024,261.91700231481485,43.11737,-79.05973,2024-09-17T22:00:29.000000Z
2024,261.9170138888889,43.11737,-79.05973,2024-09-17T22:00:30.000000Z
2024,261.91702546296295,43.11737,-79.05973,2024-09-17T22:00:31.000000Z
2024,261.91703703703706,43.11737,-79.05973,2024-09-17T22:00:32.000000Z
2024,261.9170486111111,43.11737,-79.05973,2024-09-17T22:00:33.000000Z
2024,261.9170601851852,43.11737,-79.05973,2024-09-17T22:00:34.000000Z
2024,261.9170717592593,43.11737,-79.05973,2024-09-17T22:00:35.000000Z
2024,261.9170833333334,43.11737,-79.05973,2024-09-17T22:00:36.000000Z
2024,261.91709490740743,43.11737,-79.05973,2024-09-17T22:00:37.000000Z
2024,261.9171064814815,43.11737,-79.05973,2024-09-17T22:00:38.000000Z
2024,261.9171180555556,43.11737,-79.05973,2024-09-17T22:00:39.000000Z
2024,261.91712962962964,43.11737,-79.05973,2024-09-17T22:00:40.000000Z
2024,261.91714120370375,43.11737,-79.05973,2024-09-17T22:00:41.000000Z
2024,261.9171527777778,43.11737,-79.05973,2024-09-17T22:00:42.000000Z
2024,261.91716435185185,43.11737,-79.05973,2024-09-17T22:00:43.000000Z
2024,261.91717592592596,43.11737,-79.05973,2024-09-17T22:00:44.000000Z
2024,261.9171875,43.11737,-79.05973,2024-09-17T22:00:45.000000Z
2024,261.9171990740741,43.11737,-79.05973,2024-09-17T22:00:46.000000Z
2024,261.91721064814817,43.11737,-79.05973,2024-09-17T22:00:47.000000Z
2024,261.9172222222222,43.11737,-79.05973,2024-09-17T22:00:48.000000Z
2024,261.91723379629633,43.11737,-79.05973,2024-09-17T22:00:49.000000Z
2024,261.9172453703704,43.11737,-79.05973,2024-09-17T22:00:50.000000Z
2024,261.9172569444445,43.11737,-79.05973,2024-09-17T22:00:51.000000Z
2024,261.91726851851854,43.11737,-79.05973,2024-09-17T22:00:52.000000Z
2024,261.9172800925926,43.11737,-79.05973,2024-09-17T22:00:53.000000Z
2024,261.9172916666667,43.11737,-79.05973,2024-09-17T22:00:54.000000Z
2024,261.91730324074075,43.11737,-79.05973,2024-09-17T22:00:55.000000Z
2024,261.91731481481486,43.11737,-79.05973,2024-09-17T22:00:56.000000Z
2024,261.9173263888889,43.11737,-79.05973,2024-09-17T22:00:57.000000Z
2024,261.91733796296296,43.11737,-79.05973,2024-09-17T22:00:58.000000Z
2024,261.91734953703707,43.11737,-79.05973,2024-09-17T22:00:59.000000Z
2024,261.9173611111111,43.11737,-79.05973,2024-09-17T22:01:00.000000Z
2024,261.91737268518517,43.11737,-79.05973,2024-09-17T22:01:01.000000Z
2024,261.9173842592593,43.11737,-79.05973,2024-09-17T22:01:02.000000Z
2024,261.91739583333333,43.11737,-79.05973,2024-09-17T22:01:03.000000Z
2024,261.91740740740744,43.11737,-79.05973,2024-09-17T22:01:04.000000Z
2024,261.9174189814815,43.11737,-79.05973,2024-09-17T22:01:05.000000Z
2024,261.91744212962965,43.11737,-79.05973,2024-09-17T22:01:07.000000Z
2024,261.9174537037037,43.11737,-79.05973,2024-09-17T22:01:08.000000Z
2024,261.9174652777778,43.11737,-79.05973,2024-09-17T22:01:09.000000Z
2024,261.91747685185186,43.11737,-79.05973,2024-09-17T22:01:10.000000Z
2024,261.9174884259259,43.11737,-79.05973,2024-09-17T22:01:11.000000Z
2024,261.9175,43.11737,-79.05973,2024-09-17T22:01:12.000000Z
2024,261.91751157407407,43.11737,-79.05973,2024-09-17T22:01:13.000000Z
2024,261.9175231481482,43.11737,-79.05973,2024-09-17T22:01:14.000000Z
2024,261.91753472222223,43.11737,-79.05972,2024-09-17T22:01:15.000000Z
2024,261.9175462962963,43.11737,-79.05972,2024-09-17T22:01:16.000000Z
2024,261.9175578703704,43.11737,-79.05972,2024-09-17T22:01:17.000000Z
2024,261.91756944444444,43.11737,-79.05973,2024-09-17T22:01:18.000000Z
2024,261.91758101851855,43.11737,-79.05973,2024-09-17T22:01:19.000000Z
2024,261.9175925925926,43.11737,-79.05973,2024-09-17T22:01:20.000000Z
2024,261.91760416666665,43.11737,-79.05973,2024-09-17T22:01:21.000000Z
2024,261.91761574074076,43.11737,-79.05973,2024-09-17T22:01:22.000000Z
2024,261.9176273148148,43.11737,-79.05973,2024-09-17T22:01:23.000000Z
2024,261.9176388888889,43.11737,-79.05973,2024-09-17T22:01:24.000000Z
2024,261.91765046296297,43.11737,-79.05973,2024-09-17T22:01:25.000000Z
2024,261.917662037037,43.11737,-79.05973,2024-09-17T22:01:26.000000Z
2024,261.9176736111111,43.11737,-79.05973,2024-09-17T22:01:27.000000Z
2024,261.9176851851852,43.11737,-79.05973,2024-09-17T22:01:28.000000Z
2024,261.9176967592593,43.11737,-79.05973,2024-09-17T22:01:29.000000Z
2024,261.91770833333334,43.11737,-79.05973,2024-09-17T22:01:30.000000Z
2024,261.9177199074074,43.11737,-79.05973,2024-09-17T22:01:31.000000Z
2024,261.9177314814815,43.11737,-79.05973,2024-09-17T22:01:32.000000Z
2024,261.91774305555555,43.11737,-79.05973,2024-09-17T22:01:33.000000Z
2024,261.91775462962966,43.11737,-79.05973,2024-09-17T22:01:34.000000Z
2024,261.9177662037037,43.11737,-79.05973,2024-09-17T22:01:35.000000Z
2024,261.9177777777778,43.11737,-79.05973,2024-09-17T22:01:36.000000Z
2024,261.91778935185187,43.11737,-79.05973,2024-09-17T22:01:37.000000Z
2024,261.9178009259259,43.11737,-79.05973,2024-09-17T22:01:38.000000Z
2024,261.9178125,43.11737,-79.05973,2024-09-17T22:01:39.000000Z
2024,261.9178240740741,43.11737,-79.05973,2024-09-17T22:01:40.000000Z
2024,261.9178356481482,43.11737,-79.05973,2024-09-17T22:01:41.000000Z
2024,261.91784722222224,43.11737,-79.05973,2024-09-17T22:01:42.000000Z
2024,261.9178587962963,43.11737,-79.05973,2024-09-17T22:01:43.000000Z
2024,261.9178703703704,43.11737,-79.05973,2024-09-17T22:01:44.000000Z
2024,261.91788194444445,43.11737,-79.05973,2024-09-17T22:01:45.000000Z
2024,261.91789351851855,43.11737,-79.05973,2024-09-17T22:01:46.000000Z
2024,261.9179050925926,43.11737,-79.05973,2024-09-17T22:01:47.000000Z
2024,261.91791666666666,43.11737,-79.05973,2024-09-17T22:01:48.000000Z
2024,261.91792824074076,43.11737,-79.05973,2024-09-17T22:01:49.000000Z
2024,261.9179398148148,43.11737,-79.05973,2024-09-17T22:01:50.000000Z
2024,261.9179513888889,43.11737,-79.05973,2024-09-17T22:01:51.000000Z
2024,261.917962962963,43.11737,-79.05973,2024-09-17T22:01:52.000000Z
2024,261.917974537037,43.11737,-79.05973,2024-09-17T22:01:53.000000Z
2024,261.91798611111113,43.11737,-79.05973,2024-09-17T22:01:54.000000Z
2024,261.9179976851852,43.11737,-79.05973,2024-09-17T22:01:55.000000Z
2024,261.9180092592593,43.11737,-79.05973,2024-09-17T22:01:56.000000Z
2024,261.91802083333334,43.11737,-79.05973,2024-09-17T22:01:57.000000Z
2024,261.9180324074074,43.11737,-79.05973,2024-09-17T22:01:58.000000Z
2024,261.9180439814815,43.11737,-79.05973,2024-09-17T22:01:59.000000Z
2024,261.91805555555555,43.11737,-79.05973,2024-09-17T22:02:00.000000Z
2024,261.9180671296296,43.11737,-79.05973,2024-09-17T22:02:01.000000Z
2024,261.9180787037037,43.11737,-79.05973,2024-09-17T22:02:02.000000Z
2024,261.91809027777776,43.11737,-79.05973,2024-09-17T22:02:03.000000Z
2024,261.9181018518519,43.11737,-79.05973,2024-09-17T22:02:04.000000Z
2024,261.9181134259259,43.11737,-79.05973,2024-09-17T22:02:05.000000Z
2024,261.918125,43.11737,-79.05973,2024-09-17T22:02:06.000000Z
2024,261.9181365740741,43.11737,-79.05973,2024-09-17T22:02:07.000000Z
2024,261.91814814814813,43.11737,-79.05973,2024-09-17T22:02:08.000000Z
2024,261.91815972222224,43.11737,-79.05973,2024-09-17T22:02:09.000000Z
2024,261.9181712962963,43.11737,-79.05973,2024-09-17T22:02:10.000000Z
2024,261.91818287037034,43.11737,-79.05973,2024-09-17T22:02:11.000000Z
2024,261.91819444444445,43.11737,-79.05973,2024-09-17T22:02:12.000000Z
2024,261.9182175925926,43.11737,-79.05973,2024-09-17T22:02:14.000000Z
2024,261.91822916666666,43.11737,-79.05973,2024-09-17T22:02:15.000000Z
2024,261.9182407407407,43.11737,-79.05973,2024-09-17T22:02:16.000000Z
2024,261.9182523148148,43.11737,-79.05973,2024-09-17T22:02:17.000000Z
2024,261.9182638888889,43.11737,-79.05973,2024-09-17T22:02:18.000000Z
2024,261.918275462963,43.11737,-79.05973,2024-09-17T22:02:19.000000Z
2024,261.91828703703703,43.11737,-79.05973,2024-09-17T22:02:20.000000Z
2024,261.9182986111111,43.11737,-79.05973,2024-09-17T22:02:21.000000Z
2024,261.9183101851852,43.11737,-79.05973,2024-09-17T22:02:22.000000Z
2024,261.91832175925924,43.11737,-79.05973,2024-09-17T22:02:23.000000Z
2024,261.91833333333335,43.11737,-79.05973,2024-09-17T22:02:24.000000Z
2024,261.9183449074074,43.11737,-79.05973,2024-09-17T22:02:25.000000Z
2024,261.91835648148145,43.11737,-79.05973,2024-09-17T22:02:26.000000Z
2024,261.91836805555556,43.11737,-79.05973,2024-09-17T22:02:27.000000Z
2024,261.9183796296296,43.11737,-79.05973,2024-09-17T22:02:28.000000Z
2024,261.9184143518518,43.11737,-79.05973,2024-09-17T22:02:31.000000Z
2024,261.91842592592593,43.11737,-79.05973,2024-09-17T22:02:32.000000Z
2024,261.9184375,43.11737,-79.05973,2024-09-17T22:02:33.000000Z
2024,261.9184490740741,43.11737,-79.05973,2024-09-17T22:02:34.000000Z
2024,261.91846064814814,43.11737,-79.05973,2024-09-17T22:02:35.000000Z
2024,261.91847222222225,43.11737,-79.05973,2024-09-17T22:02:36.000000Z
2024,261.9184837962963,43.11737,-79.05973,2024-09-17T22:02:37.000000Z
2024,261.91849537037035,43.11737,-79.05973,2024-09-17T22:02:38.000000Z
2024,261.91850694444446,43.11737,-79.05973,2024-09-17T22:02:39.000000Z
2024,261.9185185185185,43.11737,-79.05973,2024-09-17T22:02:40.000000Z
2024,261.9185300925926,43.11737,-79.05973,2024-09-17T22:02:41.000000Z
2024,261.91854166666667,43.11737,-79.05973,2024-09-17T22:02:42.000000Z
2024,261.9185532407407,43.11737,-79.05973,2024-09-17T22:02:43.000000Z
2024,261.91856481481483,43.11737,-79.05973,2024-09-17T22:02:44.000000Z
2024,261.9185763888889,43.11737,-79.05973,2024-09-17T22:02:45.000000Z
2024,261.918587962963,43.11737,-79.05973,2024-09-17T22:02:46.000000Z
2024,261.91859953703704,43.11737,-79.05973,2024-09-17T22:02:47.000000Z
2024,261.9186111111111,43.11737,-79.05973,2024-09-17T22:02:48.000000Z
2024,261.9186226851852,43.11737,-79.05973,2024-09-17T22:02:49.000000Z
2024,261.91863425925925,43.11737,-79.05973,2024-09-17T22:02:50.000000Z
2024,261.91864583333336,43.11737,-79.05973,2024-09-17T22:02:51.000000Z
2024,261.9186574074074,43.11737,-79.05973,2024-09-17T22:02:52.000000Z
2024,261.91866898148146,43.11737,-79.05973,2024-09-17T22:02:53.000000Z
2024,261.91868055555557,43.11737,-79.05973,2024-09-17T22:02:54.000000Z
2024,261.9186921296296,43.11737,-79.05973,2024-09-17T22:02:55.000000Z
2024,261.9187037037037,43.11737,-79.05973,2024-09-17T22:02:56.000000Z
2024,261.9187152777778,43.11737,-79.05973,2024-09-17T22:02:57.000000Z
2024,261.91872685185183,43.11737,-79.05973,2024-09-17T22:02:58.000000Z
2024,261.91873842592594,43.11737,-79.05973,2024-09-17T22:02:59.000000Z
2024,261.91875000000005,43.11737,-79.05973,2024-09-17T22:03:00.000000Z
2024,261.9187615740741,43.11737,-79.05973,2024-09-17T22:03:01.000000Z
2024,261.9187731481482,43.11737,-79.05973,2024-09-17T22:03:02.000000Z
2024,261.91878472222226,43.11737,-79.05973,2024-09-17T22:03:03.000000Z
2024,261.91879629629636,43.11737,-79.05973,2024-09-17T22:03:04.000000Z
2024,261.9188078703704,43.11737,-79.05973,2024-09-17T22:03:05.000000Z
2024,261.91881944444447,43.11737,-79.05973,2024-09-17T22:03:06.000000Z
2024,261.9188310185186,43.11737,-79.05973,2024-09-17T22:03:07.000000Z
2024,261.9188425925926,43.11737,-79.05973,2024-09-17T22:03:08.000000Z
2024,261.91885416666673,43.11737,-79.05973,2024-09-17T22:03:09.000000Z
2024,261.9188657407408,43.11737,-79.05973,2024-09-17T22:03:10.000000Z
2024,261.91887731481484,43.11737,-79.05973,2024-09-17T22:03:11.000000Z
2024,261.91888888888894,43.11737,-79.05973,2024-09-17T22:03:12.000000Z
2024,261.918900462963,43.11737,-79.05973,2024-09-17T22:03:13.000000Z
2024,261.9189120370371,43.11737,-79.05973,2024-09-17T22:03:14.000000Z
2024,261.91892361111115,43.11737,-79.05973,2024-09-17T22:03:15.000000Z
2024,261.9189351851852,43.11737,-79.05973,2024-09-17T22:03:16.000000Z
2024,261.9189467592593,43.11737,-79.05973,2024-09-17T22:03:17.000000Z
2024,261.91895833333336,43.11737,-79.05973,2024-09-17T22:03:18.000000Z
2024,261.9189699074075,43.11737,-79.05973,2024-09-17T22:03:19.000000Z
2024,261.9189814814815,43.11737,-79.05973,2024-09-17T22:03:20.000000Z
2024,261.9189930555556,43.11737,-79.05973,2024-09-17T22:03:21.000000Z
2024,261.9190046296297,43.11737,-79.05973,2024-09-17T22:03:22.000000Z
2024,261.91901620370373,43.11737,-79.05973,2024-09-17T22:03:23.000000Z
2024,261.91902777777784,43.11737,-79.05973,2024-09-17T22:03:24.000000Z
2024,261.9190393518519,43.11737,-79.05973,2024-09-17T22:03:25.000000Z
2024,261.91905092592594,43.11737,-79.05973,2024-09-17T22:03:26.000000Z
2024,261.91906250000005,43.11737,-79.05973,2024-09-17T22:03:27.000000Z
2024,261.9190740740741,43.11737,-79.05973,2024-09-17T22:03:28.000000Z
2024,261.9190856481482,43.11737,-79.05973,2024-09-17T22:03:29.000000Z
2024,261.9191087962963,43.11737,-79.05973,2024-09-17T22:03:31.000000Z
2024,261.9191203703704,43.11737,-79.05973,2024-09-17T22:03:32.000000Z
2024,261.9191319444445,43.11737,-79.05973,2024-09-17T22:03:33.000000Z
2024,261.9191435185186,43.11737,-79.05973,2024-09-17T22:03:34.000000Z
2024,261.91915509259263,43.11737,-79.05973,2024-09-17T22:03:35.000000Z
2024,261.91916666666674,43.11737,-79.05973,2024-09-17T22:03:36.000000Z
2024,261.9191782407408,43.11737,-79.05973,2024-09-17T22:03:37.000000Z
2024,261.91918981481484,43.11737,-79.05973,2024-09-17T22:03:38.000000Z
2024,261.91920138888895,43.11737,-79.05973,2024-09-17T22:03:39.000000Z
2024,261.919212962963,43.11737,-79.05973,2024-09-17T22:03:40.000000Z
2024,261.9192245370371,43.11737,-79.05973,2024-09-17T22:03:41.000000Z
2024,261.91923611111116,43.11737,-79.05973,2024-09-17T22:03:42.000000Z
2024,261.9192476851852,43.11737,-79.05973,2024-09-17T22:03:43.000000Z
2024,261.9192592592593,43.11737,-79.05973,2024-09-17T22:03:44.000000Z
2024,261.91927083333337,43.11737,-79.05973,2024-09-17T22:03:45.000000Z
2024,261.9192824074075,43.11737,-79.05973,2024-09-17T22:03:46.000000Z
2024,261.91929398148153,43.11737,-79.05973,2024-09-17T22:03:47.000000Z
2024,261.9193055555556,43.11737,-79.05973,2024-09-17T22:03:48.000000Z
2024,261.9193171296297,43.11737,-79.05973,2024-09-17T22:03:49.000000Z
2024,261.91932870370374,43.11737,-79.05973,2024-09-17T22:03:50.000000Z
2024,261.91934027777785,43.11737,-79.05973,2024-09-17T22:03:51.000000Z
2024,261.9193518518519,43.11737,-79.05973,2024-09-17T22:03:52.000000Z
2024,261.91936342592595,43.11737,-79.05973,2024-09-17T22:03:53.000000Z
2024,261.91937500000006,43.11737,-79.05973,2024-09-17T22:03:54.000000Z
2024,261.9193865740741,43.11737,-79.05973,2024-09-17T22:03:55.000000Z
2024,261.9193981481482,43.11737,-79.05973,2024-09-17T22:03:56.000000Z
2024,261.91940972222227,43.11737,-79.05973,2024-09-17T22:03:57.000000Z
2024,261.9194212962963,43.11737,-79.05973,2024-09-17T22:03:58.000000Z
2024,261.91943287037043,43.11737,-79.05973,2024-09-17T22:03:59.000000Z
2024,261.9194444444445,43.11737,-79.05973,2024-09-17T22:04:00.000000Z
2024,261.91945601851853,43.11737,-79.05973,2024-09-17T22:04:01.000000Z
2024,261.91946759259264,43.11737,-79.05973,2024-09-17T22:04:02.000000Z
2024,261.9194791666667,43.11737,-79.05973,2024-09-17T22:04:03.000000Z
2024,261.9194907407408,43.11737,-79.05973,2024-09-17T22:04:04.000000Z
2024,261.91950231481485,43.11737,-79.05973,2024-09-17T22:04:05.000000Z
2024,261.9195138888889,43.11737,-79.05973,2024-09-17T22:04:06.000000Z
2024,261.919525462963,43.11737,-79.05973,2024-09-17T22:04:07.000000Z
2024,261.91953703703706,43.11737,-79.05973,2024-09-17T22:04:08.000000Z
2024,261.91954861111117,43.11737,-79.05973,2024-09-17T22:04:09.000000Z
2024,261.9195601851852,43.11737,-79.05973,2024-09-17T22:04:10.000000Z
2024,261.91957175925927,43.11737,-79.05973,2024-09-17T22:04:11.000000Z
2024,261.9195833333334,43.11737,-79.05973,2024-09-17T22:04:12.000000Z
2024,261.91959490740743,43.11737,-79.05973,2024-09-17T22:04:13.000000Z
2024,261.91960648148154,43.11737,-79.05973,2024-09-17T22:04:14.000000Z
2024,261.9196180555556,43.11737,-79.05973,2024-09-17T22:04:15.000000Z
2024,261.91962962962964,43.11737,-79.05973,2024-09-17T22:04:16.000000Z
2024,261.91964120370375,43.11737,-79.05973,2024-09-17T22:04:17.000000Z
2024,261.9196527777778,43.11737,-79.05973,2024-09-17T22:04:18.000000Z
2024,261.9196643518519,43.11737,-79.05973,2024-09-17T22:04:19.000000Z
2024,261.91967592592596,43.11737,-79.05973,2024-09-17T22:04:20.000000Z
2024,261.9196875,43.11737,-79.05973,2024-09-17T22:04:21.000000Z
2024,261.9196990740741,43.11737,-79.05973,2024-09-17T22:04:22.000000Z
2024,261.91971064814817,43.11737,-79.05973,2024-09-17T22:04:23.000000Z
2024,261.9197222222223,43.11737,-79.05973,2024-09-17T22:04:24.000000Z
2024,261.9197337962963,43.11737,-79.05973,2024-09-17T22:04:25.000000Z
2024,261.9197453703704,43.11737,-79.05973,2024-09-17T22:04:26.000000Z
2024,261.9197569444445,43.11737,-79.05973,2024-09-17T22:04:27.000000Z
2024,261.91976851851854,43.11737,-79.05973,2024-09-17T22:04:28.000000Z
2024,261.91978009259265,43.11737,-79.05973,2024-09-17T22:04:29.000000Z
2024,261.9197916666667,43.11737,-79.05973,2024-09-17T22:04:30.000000Z
2024,261.91980324074075,43.11737,-79.05973,2024-09-17T22:04:31.000000Z
2024,261.91981481481486,43.11737,-79.05973,2024-09-17T22:04:32.000000Z
2024,261.9198263888889,43.11737,-79.05973,2024-09-17T22:04:33.000000Z
2024,261.919837962963,43.11737,-79.05973,2024-09-17T22:04:34.000000Z
2024,261.91984953703707,43.11737,-79.05973,2024-09-17T22:04:35.000000Z
2024,261.9198611111112,43.11737,-79.05973,2024-09-17T22:04:36.000000Z
2024,261.9198726851852,43.11737,-79.05973,2024-09-17T22:04:37.000000Z
2024,261.9198842592593,43.11737,-79.05973,2024-09-17T22:04:38.000000Z
2024,261.9198958333334,43.11737,-79.05973,2024-09-17T22:04:39.000000Z
2024,261.91990740740744,43.11737,-79.05973,2024-09-17T22:04:40.000000Z
2024,261.91991898148154,43.11737,-79.05973,2024-09-17T22:04:41.000000Z
2024,261.9199305555556,43.11737,-79.05973,2024-09-17T22:04:42.000000Z
2024,261.91994212962965,43.11737,-79.05973,2024-09-17T22:04:43.000000Z
2024,261.91995370370375,43.11737,-79.05973,2024-09-17T22:04:44.000000Z
2024,261.9199652777778,43.11737,-79.05973,2024-09-17T22:04:45.000000Z
2024,261.9199768518519,43.11737,-79.05973,2024-09-17T22:04:46.000000Z
2024,261.91998842592596,43.11737,-79.05973,2024-09-17T22:04:47.000000Z
2024,261.92,43.11737,-79.05973,2024-09-17T22:04:48.000000Z
2024,261.9200115740741,43.11737,-79.05973,2024-09-17T22:04:49.000000Z
2024,261.9200231481482,43.11737,-79.05973,2024-09-17T22:04:50.000000Z
2024,261.9200347222223,43.11737,-79.05973,2024-09-17T22:04:51.000000Z
2024,261.92004629629633,43.11737,-79.05973,2024-09-17T22:04:52.000000Z
2024,261.9200578703704,43.11737,-79.05973,2024-09-17T22:04:53.000000Z
2024,261.9200694444445,43.11737,-79.05973,2024-09-17T22:04:54.000000Z
2024,261.92008101851854,43.11737,-79.05973,2024-09-17T22:04:55.000000Z
2024,261.92009259259265,43.11737,-79.05973,2024-09-17T22:04:56.000000Z
2024,261.9201041666667,43.11737,-79.05973,2024-09-17T22:04:57.000000Z
2024,261.92011574074075,43.11737,-79.05973,2024-09-17T22:04:58.000000Z
2024,261.92012731481486,43.11737,-79.05973,2024-09-17T22:04:59.000000Z
2024,261.9201388888889,43.11737,-79.05973,2024-09-17T22:05:00.000000Z
2024,261.92015046296297,43.11737,-79.05973,2024-09-17T22:05:01.000000Z
2024,261.9201620370371,43.11737,-79.05973,2024-09-17T22:05:02.000000Z
2024,261.9201736111111,43.11737,-79.05973,2024-09-17T22:05:03.000000Z
2024,261.92018518518523,43.11737,-79.05973,2024-09-17T22:05:04.000000Z
2024,261.9201967592593,43.11737,-79.05973,2024-09-17T22:05:05.000000Z
2024,261.92020833333333,43.11737,-79.05973,2024-09-17T22:05:06.000000Z
2024,261.92021990740744,43.11737,-79.05973,2024-09-17T22:05:07.000000Z
2024,261.9202314814815,43.11737,-79.05973,2024-09-17T22:05:08.000000Z
2024,261.9202430555556,43.11737,-79.05973,2024-09-17T22:05:09.000000Z
2024,261.92025462962965,43.11737,-79.05973,2024-09-17T22:05:10.000000Z
2024,261.9202662037037,43.11737,-79.05973,2024-09-17T22:05:11.000000Z
2024,261.9202777777778,43.11737,-79.05973,2024-09-17T22:05:12.000000Z
2024,261.92028935185186,43.11737,-79.05973,2024-09-17T22:05:13.000000Z
2024,261.92030092592597,43.11737,-79.05973,2024-09-17T22:05:14.000000Z
2024,261.9203125,43.11737,-79.05973,2024-09-17T22:05:15.000000Z
2024,261.9203240740741,43.11737,-79.05973,2024-09-17T22:05:16.000000Z
2024,261.9203356481482,43.11737,-79.05973,2024-09-17T22:05:17.000000Z
2024,261.92034722222223,43.11737,-79.05973,2024-09-17T22:05:18.000000Z
2024,261.92035879629634,43.11737,-79.05973,2024-09-17T22:05:19.000000Z
2024,261.9203703703704,43.11737,-79.05973,2024-09-17T22:05:20.000000Z
2024,261.92038194444444,43.11737,-79.05973,2024-09-17T22:05:21.000000Z
2024,261.92039351851855,43.11737,-79.05973,2024-09-17T22:05:22.000000Z
2024,261.9204050925926,43.11737,-79.05973,2024-09-17T22:05:23.000000Z
2024,261.9204166666667,43.11737,-79.05973,2024-09-17T22:05:24.000000Z
2024,261.92042824074076,43.11737,-79.05973,2024-09-17T22:05:25.000000Z
2024,261.9204398148148,43.11737,-79.05973,2024-09-17T22:05:26.000000Z
2024,261.9204513888889,43.11737,-79.05973,2024-09-17T22:05:27.000000Z
2024,261.920462962963,43.11737,-79.05973,2024-09-17T22:05:28.000000Z
2024,261.9204745370371,43.11737,-79.05973,2024-09-17T22:05:29.000000Z
2024,261.92048611111113,43.11737,-79.05973,2024-09-17T22:05:30.000000Z
2024,261.9204976851852,43.11737,-79.05973,2024-09-17T22:05:31.000000Z
2024,261.9205092592593,43.11737,-79.05973,2024-09-17T22:05:32.000000Z
2024,261.92052083333334,43.11737,-79.05973,2024-09-17T22:05:33.000000Z
2024,261.92053240740745,43.11737,-79.05973,2024-09-17T22:05:34.000000Z
2024,261.9205439814815,43.11737,-79.05973,2024-09-17T22:05:35.000000Z
2024,261.9205555555556,43.11737,-79.05973,2024-09-17T22:05:36.000000Z
2024,261.92056712962966,43.11737,-79.05973,2024-09-17T22:05:37.000000Z
2024,261.9205787037037,43.11737,-79.05973,2024-09-17T22:05:38.000000Z
2024,261.9205902777778,43.11737,-79.05973,2024-09-17T22:05:39.000000Z
2024,261.92060185185187,43.11737,-79.05973,2024-09-17T22:05:40.000000Z
2024,261.920613425926,43.11737,-79.05973,2024-09-17T22:05:41.000000Z
2024,261.92062500000003,43.11737,-79.05973,2024-09-17T22:05:42.000000Z
2024,261.9206365740741,43.11737,-79.05973,2024-09-17T22:05:43.000000Z
2024,261.9206481481482,43.11737,-79.05973,2024-09-17T22:05:44.000000Z
2024,261.92065972222224,43.11737,-79.05973,2024-09-17T22:05:45.000000Z
2024,261.92067129629635,43.11737,-79.05973,2024-09-17T22:05:46.000000Z
2024,261.9206828703704,43.11737,-79.05973,2024-09-17T22:05:47.000000Z
2024,261.92069444444445,43.11737,-79.05973,2024-09-17T22:05:48.000000Z
2024,261.92070601851856,43.11737,-79.05973,2024-09-17T22:05:49.000000Z
2024,261.9207175925926,43.11737,-79.05973,2024-09-17T22:05:50.000000Z
2024,261.9207291666667,43.11738,-79.05973,2024-09-17T22:05:51.000000Z
2024,261.92074074074077,43.11738,-79.05973,2024-09-17T22:05:52.000000Z
2024,261.9207523148148,43.11738,-79.05973,2024-09-17T22:05:53.000000Z
2024,261.9207638888889,43.11738,-79.05973,2024-09-17T22:05:54.000000Z
2024,261.920775462963,43.11738,-79.05973,2024-09-17T22:05:55.000000Z
2024,261.9207870370371,43.11738,-79.05973,2024-09-17T22:05:56.000000Z
2024,261.92079861111114,43.11738,-79.05973,2024-09-17T22:05:57.000000Z
2024,261.9208101851852,43.11738,-79.05973,2024-09-17T22:05:58.000000Z
2024,261.9208217592593,43.11738,-79.05973,2024-09-17T22:05:59.000000Z
2024,261.92083333333335,43.11738,-79.05973,2024-09-17T22:06:00.000000Z
2024,261.9208449074074,43.11738,-79.05973,2024-09-17T22:06:01.000000Z
2024,261.9208564814815,43.11738,-79.05973,2024-09-17T22:06:02.000000Z
2024,261.92086805555556,43.11738,-79.05973,2024-09-17T22:06:03.000000Z
2024,261.92087962962967,43.11738,-79.05973,2024-09-17T22:06:04.000000Z
2024,261.9208912037037,43.11738,-79.05973,2024-09-17T22:06:05.000000Z
2024,261.92090277777777,43.11738,-79.05973,2024-09-17T22:06:06.000000Z
2024,261.9209143518519,43.11738,-79.05973,2024-09-17T22:06:07.000000Z
2024,261.9209259259259,43.11738,-79.05973,2024-09-17T22:06:08.000000Z
2024,261.92093750000004,43.11738,-79.05973,2024-09-17T22:06:09.000000Z
2024,261.9209490740741,43.11738,-79.05973,2024-09-17T22:06:10.000000Z
2024,261.92096064814814,43.11738,-79.05973,2024-09-17T22:06:11.000000Z
2024,261.92097222222225,43.11738,-79.05973,2024-09-17T22:06:12.000000Z
2024,261.9209837962963,43.11738,-79.05973,2024-09-17T22:06:13.000000Z
2024,261.9209953703704,43.11738,-79.05973,2024-09-17T22:06:14.000000Z
2024,261.92100694444446,43.11738,-79.05973,2024-09-17T22:06:15.000000Z
2024,261.9210185185185,43.11738,-79.05973,2024-09-17T22:06:16.000000Z
2024,261.9210300925926,43.11738,-79.05973,2024-09-17T22:06:17.000000Z
2024,261.92104166666667,43.11738,-79.05973,2024-09-17T22:06:18.000000Z
2024,261.9210532407408,43.11738,-79.05973,2024-09-17T22:06:19.000000Z
2024,261.9210648148148,43.11738,-79.05973,2024-09-17T22:06:20.000000Z
2024,261.9210763888889,43.11738,-79.05973,2024-09-17T22:06:21.000000Z
2024,261.921087962963,43.11738,-79.05973,2024-09-17T22:06:22.000000Z
2024,261.92109953703704,43.11738,-79.05973,2024-09-17T22:06:23.000000Z
2024,261.92111111111114,43.11738,-79.05973,2024-09-17T22:06:24.000000Z
2024,261.9211226851852,43.11738,-79.05973,2024-09-17T22:06:25.000000Z
2024,261.92113425925925,43.11738,-79.05973,2024-09-17T22:06:26.000000Z
2024,261.92114583333336,43.11738,-79.05973,2024-09-17T22:06:27.000000Z
2024,261.9211574074074,43.11738,-79.05973,2024-09-17T22:06:28.000000Z
2024,261.9211689814815,43.11738,-79.05973,2024-09-17T22:06:29.000000Z
2024,261.92118055555557,43.11738,-79.05973,2024-09-17T22:06:30.000000Z
2024,261.9211921296296,43.11738,-79.05973,2024-09-17T22:06:31.000000Z
2024,261.9212037037037,43.11738,-79.05973,2024-09-17T22:06:32.000000Z
2024,261.9212152777778,43.11738,-79.05973,2024-09-17T22:06:33.000000Z
2024,261.9212268518519,43.11738,-79.05973,2024-09-17T22:06:34.000000Z
2024,261.92123842592594,43.11738,-79.05973,2024-09-17T22:06:35.000000Z
2024,261.92125000000004,43.11738,-79.05973,2024-09-17T22:06:36.000000Z
2024,261.9212615740741,43.11738,-79.05973,2024-09-17T22:06:37.000000Z
2024,261.92127314814815,43.11738,-79.05973,2024-09-17T22:06:38.000000Z
2024,261.92128472222225,43.11738,-79.05973,2024-09-17T22:06:39.000000Z
2024,261.9212962962963,43.11738,-79.05973,2024-09-17T22:06:40.000000Z
2024,261.9213078703704,43.11738,-79.05973,2024-09-17T22:06:41.000000Z
2024,261.92131944444446,43.11738,-79.05973,2024-09-17T22:06:42.000000Z
2024,261.9213310185185,43.11738,-79.05973,2024-09-17T22:06:43.000000Z
2024,261.9213425925926,43.11738,-79.05973,2024-09-17T22:06:44.000000Z
2024,261.9213541666667,43.11738,-79.05973,2024-09-17T22:06:45.000000Z
2024,261.9213657407408,43.11738,-79.05973,2024-09-17T22:06:46.000000Z
2024,261.92137731481483,43.11738,-79.05973,2024-09-17T22:06:47.000000Z
2024,261.9213888888889,43.11738,-79.05973,2024-09-17T22:06:48.000000Z
2024,261.921400462963,43.11738,-79.05973,2024-09-17T22:06:49.000000Z
2024,261.92141203703704,43.11738,-79.05973,2024-09-17T22:06:50.000000Z
2024,261.92142361111115,43.11738,-79.05973,2024-09-17T22:06:51.000000Z
2024,261.9214351851852,43.11738,-79.05973,2024-09-17T22:06:52.000000Z
2024,261.92144675925925,43.11738,-79.05973,2024-09-17T22:06:53.000000Z
2024,261.92145833333336,43.11738,-79.05973,2024-09-17T22:06:54.000000Z
2024,261.9214699074074,43.11738,-79.05973,2024-09-17T22:06:55.000000Z
2024,261.9214814814815,43.11738,-79.05973,2024-09-17T22:06:56.000000Z
2024,261.9214930555556,43.11738,-79.05973,2024-09-17T22:06:57.000000Z
2024,261.9215046296296,43.11738,-79.05973,2024-09-17T22:06:58.000000Z
2024,261.92151620370373,43.11738,-79.05973,2024-09-17T22:06:59.000000Z
2024,261.9215277777778,43.11738,-79.05973,2024-09-17T22:07:00.000000Z
2024,261.92153935185183,43.11738,-79.05973,2024-09-17T22:07:01.000000Z
2024,261.92155092592594,43.11738,-79.05973,2024-09-17T22:07:02.000000Z
2024,261.9215625,43.11738,-79.05973,2024-09-17T22:07:03.000000Z
2024,261.9215740740741,43.11738,-79.05973,2024-09-17T22:07:04.000000Z
2024,261.92158564814815,43.11738,-79.05973,2024-09-17T22:07:05.000000Z
2024,261.9215972222222,43.11738,-79.05973,2024-09-17T22:07:06.000000Z
2024,261.9216087962963,43.11738,-79.05973,2024-09-17T22:07:07.000000Z
2024,261.92162037037036,43.11738,-79.05973,2024-09-17T22:07:08.000000Z
2024,261.92163194444447,43.11738,-79.05973,2024-09-17T22:07:09.000000Z
2024,261.9216435185185,43.11738,-79.05973,2024-09-17T22:07:10.000000Z
2024,261.9216550925926,43.11738,-79.05973,2024-09-17T22:07:11.000000Z
2024,261.9216666666667,43.11738,-79.05973,2024-09-17T22:07:12.000000Z
2024,261.92167824074073,43.11738,-79.05973,2024-09-17T22:07:13.000000Z
2024,261.92168981481484,43.11738,-79.05973,2024-09-17T22:07:14.000000Z
2024,261.9217013888889,43.11738,-79.05973,2024-09-17T22:07:15.000000Z
2024,261.92171296296294,43.11738,-79.05973,2024-09-17T22:07:16.000000Z
2024,261.92172453703705,43.11738,-79.05973,2024-09-17T22:07:17.000000Z
2024,261.9217361111111,43.11738,-79.05973,2024-09-17T22:07:18.000000Z
2024,261.9217476851852,43.11738,-79.05973,2024-09-17T22:07:19.000000Z
2024,261.92175925925926,43.11738,-79.05973,2024-09-17T22:07:20.000000Z
2024,261.9217708333333,43.11738,-79.05973,2024-09-17T22:07:21.000000Z
2024,261.9217824074074,43.11738,-79.05973,2024-09-17T22:07:22.000000Z
2024,261.92179398148147,43.11738,-79.05973,2024-09-17T22:07:23.000000Z
2024,261.9218055555556,43.11738,-79.05973,2024-09-17T22:07:24.000000Z
2024,261.92181712962963,43.11738,-79.05973,2024-09-17T22:07:25.000000Z
2024,261.9218287037037,43.11738,-79.05973,2024-09-17T22:07:26.000000Z
2024,261.9218402777778,43.11738,-79.05973,2024-09-17T22:07:27.000000Z
2024,261.92185185185184,43.11738,-79.05973,2024-09-17T22:07:28.000000Z
2024,261.92186342592595,43.11738,-79.05973,2024-09-17T22:07:29.000000Z
2024,261.921875,43.11738,-79.05973,2024-09-17T22:07:30.000000Z
2024,261.92188657407405,43.11738,-79.05973,2024-09-17T22:07:31.000000Z
2024,261.92189814814816,43.11738,-79.05973,2024-09-17T22:07:32.000000Z
2024,261.9219097222222,43.11738,-79.05973,2024-09-17T22:07:33.000000Z
2024,261.9219212962963,43.11738,-79.05973,2024-09-17T22:07:34.000000Z
2024,261.92193287037037,43.11738,-79.05973,2024-09-17T22:07:35.000000Z
2024,261.9219444444445,43.11738,-79.05973,2024-09-17T22:07:36.000000Z
2024,261.92195601851853,43.11738,-79.05973,2024-09-17T22:07:37.000000Z
2024,261.9219675925926,43.11738,-79.05973,2024-09-17T22:07:38.000000Z
2024,261.9219791666667,43.11738,-79.05973,2024-09-17T22:07:39.000000Z
2024,261.92199074074074,43.11738,-79.05973,2024-09-17T22:07:40.000000Z
2024,261.92200231481485,43.11738,-79.05973,2024-09-17T22:07:41.000000Z
2024,261.9220138888889,43.11738,-79.05973,2024-09-17T22:07:42.000000Z
2024,261.92202546296295,43.11738,-79.05973,2024-09-17T22:07:43.000000Z
2024,261.92203703703706,43.11738,-79.05973,2024-09-17T22:07:44.000000Z
2024,261.9220486111111,43.11738,-79.05973,2024-09-17T22:07:45.000000Z
2024,261.9220601851852,43.11738,-79.05973,2024-09-17T22:07:46.000000Z
2024,261.92207175925927,43.11738,-79.05973,2024-09-17T22:07:47.000000Z
2024,261.9220833333333,43.11738,-79.05973,2024-09-17T22:07:48.000000Z
2024,261.9220949074074,43.11738,-79.05973,2024-09-17T22:07:49.000000Z
2024,261.9221064814815,43.11738,-79.05973,2024-09-17T22:07:50.000000Z
2024,261.9221412037037,43.11738,-79.05973,2024-09-17T22:07:53.000000Z
2024,261.9221527777778,43.11738,-79.05973,2024-09-17T22:07:54.000000Z
2024,261.92216435185185,43.11738,-79.05973,2024-09-17T22:07:55.000000Z
2024,261.92217592592596,43.11738,-79.05973,2024-09-17T22:07:56.000000Z
2024,261.9221875,43.11738,-79.05973,2024-09-17T22:07:57.000000Z
2024,261.92219907407406,43.11738,-79.05973,2024-09-17T22:07:58.000000Z
2024,261.92221064814817,43.11738,-79.05973,2024-09-17T22:07:59.000000Z
2024,261.9222222222222,43.11738,-79.05973,2024-09-17T22:08:00.000000Z
2024,261.92223379629627,43.11738,-79.05973,2024-09-17T22:08:01.000000Z
2024,261.9326967592593,43.11746,-79.0597,2024-09-17T22:23:05.000000Z
2024,261.9327083333333,43.11746,-79.05971,2024-09-17T22:23:06.000000Z
2024,261.93271990740743,43.11746,-79.05971,2024-09-17T22:23:07.000000Z
2024,261.9327314814815,43.11746,-79.05971,2024-09-17T22:23:08.000000Z
2024,261.9327430555556,43.11746,-79.05971,2024-09-17T22:23:09.000000Z
2024,261.9327777777778,43.11746,-79.05972,2024-09-17T22:23:12.000000Z
2024,261.93278935185185,43.11745,-79.05972,2024-09-17T22:23:13.000000Z
2024,261.93280092592596,43.11745,-79.05972,2024-09-17T22:23:14.000000Z
2024,261.9328125,43.11745,-79.05972,2024-09-17T22:23:15.000000Z
2024,261.93282407407406,43.11745,-79.05972,2024-09-17T22:23:16.000000Z
2024,261.93283564814817,43.11744,-79.05971,2024-09-17T22:23:17.000000Z
2024,261.9328472222222,43.11744,-79.05971,2024-09-17T22:23:18.000000Z
2024,261.93285879629633,43.11744,-79.05971,2024-09-17T22:23:19.000000Z
2024,261.9328703703704,43.11744,-79.0597,2024-09-17T22:23:20.000000Z
2024,261.93288194444443,43.11743,-79.0597,2024-09-17T22:23:21.000000Z
2024,261.93289351851854,43.11743,-79.0597,2024-09-17T22:23:22.000000Z
2024,261.9329050925926,43.11743,-79.05969,2024-09-17T22:23:23.000000Z
2024,261.9329166666667,43.11744,-79.05969,2024-09-17T22:23:24.000000Z
2024,261.93292824074075,43.11744,-79.05968,2024-09-17T22:23:25.000000Z
2024,261.94311342592596,43.11734,-79.05973,2024-09-17T22:38:05.000000Z
2024,261.943125,43.11734,-79.05973,2024-09-17T22:38:06.000000Z
2024,261.9431365740741,43.11734,-79.05973,2024-09-17T22:38:07.000000Z
2024,261.94314814814817,43.11734,-79.05973,2024-09-17T22:38:08.000000Z
2024,261.9431597222223,43.11734,-79.05973,2024-09-17T22:38:09.000000Z
2024,261.9431712962963,43.11735,-79.05973,2024-09-17T22:38:10.000000Z
2024,261.9431828703704,43.11735,-79.05973,2024-09-17T22:38:11.000000Z
2024,261.9431944444445,43.11735,-79.05973,2024-09-17T22:38:12.000000Z
2024,261.94320601851854,43.11735,-79.05973,2024-09-17T22:38:13.000000Z
2024,261.94321759259265,43.11735,-79.05973,2024-09-17T22:38:14.000000Z
2024,261.9432291666667,43.11735,-79.05973,2024-09-17T22:38:15.000000Z
2024,261.94324074074075,43.11735,-79.05973,2024-09-17T22:38:16.000000Z
2024,261.94325231481486,43.11735,-79.05972,2024-09-17T22:38:17.000000Z
2024,261.9432638888889,43.11735,-79.05972,2024-09-17T22:38:18.000000Z
2024,261.943275462963,43.11735,-79.05972,2024-09-17T22:38:19.000000Z
2024,261.94328703703707,43.11735,-79.05972,2024-09-17T22:38:20.000000Z
2024,261.9432986111111,43.11735,-79.05972,2024-09-17T22:38:21.000000Z
2024,261.9433101851852,43.11735,-79.05972,2024-09-17T22:38:22.000000Z
2024,261.9433217592593,43.11735,-79.05971,2024-09-17T22:38:23.000000Z
2024,261.9535300925926,43.11739,-79.05968,2024-09-17T22:53:05.000000Z
2024,261.95354166666664,43.11739,-79.05968,2024-09-17T22:53:06.000000Z
2024,261.95355324074075,43.11738,-79.05968,2024-09-17T22:53:07.000000Z
2024,261.9535648148148,43.11739,-79.05968,2024-09-17T22:53:08.000000Z
2024,261.9535763888889,43.11738,-79.05968,2024-09-17T22:53:09.000000Z
2024,261.95358796296296,43.11739,-79.05969,2024-09-17T22:53:10.000000Z
2024,261.953599537037,43.1174,-79.0597,2024-09-17T22:53:11.000000Z
2024,261.9536111111111,43.11741,-79.0597,2024-09-17T22:53:12.000000Z
2024,261.95362268518517,43.11742,-79.05972,2024-09-17T22:53:13.000000Z
2024,261.9536342592593,43.11743,-79.05973,2024-09-17T22:53:14.000000Z
2024,261.9536458333333,43.11743,-79.05973,2024-09-17T22:53:15.000000Z
2024,261.9536574074074,43.11743,-79.05973,2024-09-17T22:53:16.000000Z
2024,261.9536689814815,43.11743,-79.05973,2024-09-17T22:53:17.000000Z
2024,261.95368055555554,43.11743,-79.05973,2024-09-17T22:53:18.000000Z
2024,261.95369212962964,43.11743,-79.05973,2024-09-17T22:53:19.000000Z
2024,261.9537037037037,43.11743,-79.05973,2024-09-17T22:53:20.000000Z
2024,261.95371527777775,43.11742,-79.05973,2024-09-17T22:53:21.000000Z
2024,261.95372685185185,43.11742,-79.05973,2024-09-17T22:53:22.000000Z
2024,261.9537384259259,43.11742,-79.05973,2024-09-17T22:53:23.000000Z
2024,261.9639467592592,43.11735,-79.05971,2024-09-17T23:08:05.000000Z
2024,261.96395833333327,43.11734,-79.05971,2024-09-17T23:08:06.000000Z
2024,261.9639699074074,43.11735,-79.05971,2024-09-17T23:08:07.000000Z
2024,261.9639814814814,43.11735,-79.05971,2024-09-17T23:08:08.000000Z
2024,261.96399305555553,43.11735,-79.05971,2024-09-17T23:08:09.000000Z
2024,261.9640046296296,43.11735,-79.05971,2024-09-17T23:08:10.000000Z
2024,261.96401620370364,43.11735,-79.05971,2024-09-17T23:08:11.000000Z
2024,261.96402777777774,43.11735,-79.05971,2024-09-17T23:08:12.000000Z
2024,261.9640393518518,43.11735,-79.05971,2024-09-17T23:08:13.000000Z
2024,261.9640509259259,43.11735,-79.05972,2024-09-17T23:08:14.000000Z
2024,261.96406249999995,43.11735,-79.05972,2024-09-17T23:08:15.000000Z
2024,261.964074074074,43.11735,-79.05972,2024-09-17T23:08:16.000000Z
2024,261.9640856481481,43.11735,-79.05972,2024-09-17T23:08:17.000000Z
2024,261.96409722222216,43.11735,-79.05972,2024-09-17T23:08:18.000000Z
2024,261.9641087962963,43.11735,-79.05972,2024-09-17T23:08:19.000000Z
2024,261.9641203703703,43.11735,-79.05972,2024-09-17T23:08:20.000000Z
2024,261.9641319444444,43.11735,-79.05972,2024-09-17T23:08:21.000000Z
2024,261.9641435185185,43.11736,-79.05972,2024-09-17T23:08:22.000000Z
2024,261.96415509259253,43.11736,-79.05972,2024-09-17T23:08:23.000000Z
2024,261.9743634259259,43.11732,-79.05968,2024-09-17T23:23:05.000000Z
2024,261.97437499999995,43.11732,-79.05969,2024-09-17T23:23:06.000000Z
2024,261.97438657407406,43.11733,-79.05969,2024-09-17T23:23:07.000000Z
2024,261.9743981481481,43.11733,-79.05969,2024-09-17T23:23:08.000000Z
2024,261.9744097222222,43.11733,-79.05969,2024-09-17T23:23:09.000000Z
2024,261.97442129629627,43.11733,-79.05969,2024-09-17T23:23:10.000000Z
2024,261.9744328703703,43.11733,-79.05969,2024-09-17T23:23:11.000000Z
2024,261.97444444444443,43.11733,-79.05969,2024-09-17T23:23:12.000000Z
2024,261.9744560185185,43.11733,-79.05969,2024-09-17T23:23:13.000000Z
2024,261.9744675925926,43.11733,-79.05969,2024-09-17T23:23:14.000000Z
2024,261.97447916666664,43.11733,-79.05969,2024-09-17T23:23:15.000000Z
2024,261.9744907407407,43.11733,-79.05969,2024-09-17T23:23:16.000000Z
2024,261.9745023148148,43.11734,-79.05969,2024-09-17T23:23:17.000000Z
2024,261.97451388888885,43.11734,-79.05969,2024-09-17T23:23:18.000000Z
2024,261.97452546296296,43.11734,-79.05969,2024-09-17T23:23:19.000000Z
2024,261.974537037037,43.11734,-79.05969,2024-09-17T23:23:20.000000Z
2024,261.97454861111106,43.11734,-79.05969,2024-09-17T23:23:21.000000Z
2024,261.97456018518517,43.11734,-79.05969,2024-09-17T23:23:22.000000Z
2024,261.9745717592592,43.11734,-79.05969,2024-09-17T23:23:23.000000Z
2024,261.9847800925926,43.11735,-79.05967,2024-09-17T23:38:05.000000Z
2024,261.98479166666664,43.11735,-79.05966,2024-09-17T23:38:06.000000Z
2024,261.98480324074075,43.11735,-79.05966,2024-09-17T23:38:07.000000Z
2024,261.9848148148148,43.11734,-79.05966,2024-09-17T23:38:08.000000Z
2024,261.9848263888889,43.11734,-79.05966,2024-09-17T23:38:09.000000Z
2024,261.98483796296296,43.11734,-79.05966,2024-09-17T23:38:10.000000Z
2024,261.984849537037,43.11734,-79.05966,2024-09-17T23:38:11.000000Z
2024,261.9848611111111,43.11734,-79.05966,2024-09-17T23:38:12.000000Z
2024,261.98487268518517,43.11734,-79.05966,2024-09-17T23:38:13.000000Z
2024,261.9848842592593,43.11734,-79.05966,2024-09-17T23:38:14.000000Z
2024,261.9848958333333,43.11734,-79.05965,2024-09-17T23:38:15.000000Z
2024,261.9849074074074,43.11734,-79.05965,2024-09-17T23:38:16.000000Z
2024,261.9849189814815,43.11734,-79.05965,2024-09-17T23:38:17.000000Z
2024,261.98493055555554,43.11734,-79.05965,2024-09-17T23:38:18.000000Z
2024,261.98494212962964,43.11734,-79.05965,2024-09-17T23:38:19.000000Z
2024,261.9849537037037,43.11734,-79.05965,2024-09-17T23:38:20.000000Z
2024,261.98496527777775,43.11734,-79.05965,2024-09-17T23:38:21.000000Z
2024,261.98497685185185,43.11734,-79.05965,2024-09-17T23:38:22.000000Z
2024,261.9849884259259,43.11734,-79.05965,2024-09-17T23:38:23.000000Z
2024,261.9951967592592,43.11731,-79.05963,2024-09-17T23:53:05.000000Z
2024,261.99520833333327,43.1173,-79.05963,2024-09-17T23:53:06.000000Z
2024,261.9952199074074,43.1173,-79.05963,2024-09-17T23:53:07.000000Z
2024,261.9952314814814,43.1173,-79.05963,2024-09-17T23:53:08.000000Z
2024,261.99524305555553,43.1173,-79.05963,2024-09-17T23:53:09.000000Z
2024,261.9952546296296,43.1173,-79.05963,2024-09-17T23:53:10.000000Z
2024,261.99526620370364,43.1173,-79.05963,2024-09-17T23:53:11.000000Z
2024,261.99527777777774,43.1173,-79.05963,2024-09-17T23:53:12.000000Z
2024,261.9952893518518,43.1173,-79.05963,2024-09-17T23:53:13.000000Z
2024,261.9953009259259,43.1173,-79.05963,2024-09-17T23:53:14.000000Z
2024,261.99531249999995,43.1173,-79.05963,2024-09-17T23:53:15.000000Z
2024,261.995324074074,43.1173,-79.05963,2024-09-17T23:53:16.000000Z
2024,261.9953356481481,43.1173,-79.05963,2024-09-17T23:53:17.000000Z
2024,261.99534722222216,43.1173,-79.05963,2024-09-17T23:53:18.000000Z
2024,261.9953587962963,43.1173,-79.05963,2024-09-17T23:53:19.000000Z
2024,261.9953703703703,43.1173,-79.05963,2024-09-17T23:53:20.000000Z
2024,261.9953819444444,43.1173,-79.05963,2024-09-17T23:53:21.000000Z
2024,261.9953935185185,43.1173,-79.05963,2024-09-17T23:53:22.000000Z
2024,261.99540509259253,43.1173,-79.05963,2024-09-17T23:53:23.000000Z
2024,262.0056134259259,43.11728,-79.05964,2024-09-18T00:08:05.000000Z
2024,262.00562499999995,43.11729,-79.05965,2024-09-18T00:08:06.000000Z
2024,262.00563657407406,43.11729,-79.05966,2024-09-18T00:08:07.000000Z
2024,262.0056481481481,43.1173,-79.05966,2024-09-18T00:08:08.000000Z
2024,262.0056597222222,43.1173,-79.05966,2024-09-18T00:08:09.000000Z
2024,262.00567129629627,43.1173,-79.05965,2024-09-18T00:08:10.000000Z
2024,262.0056828703703,43.1173,-79.05965,2024-09-18T00:08:11.000000Z
2024,262.00569444444443,43.1173,-79.05965,2024-09-18T00:08:12.000000Z
2024,262.0057060185185,43.1173,-79.05965,2024-09-18T00:08:13.000000Z
2024,262.0057175925926,43.1173,-79.05965,2024-09-18T00:08:14.000000Z
2024,262.00572916666664,43.1173,-79.05965,2024-09-18T00:08:15.000000Z
2024,262.0057407407407,43.1173,-79.05964,2024-09-18T00:08:16.000000Z
2024,262.0057523148148,43.1173,-79.05964,2024-09-18T00:08:17.000000Z
2024,262.00576388888885,43.1173,-79.05964,2024-09-18T00:08:18.000000Z
2024,262.00577546296296,43.11729,-79.05964,2024-09-18T00:08:19.000000Z
2024,262.005787037037,43.11729,-79.05964,2024-09-18T00:08:20.000000Z
2024,262.00579861111106,43.11729,-79.05964,2024-09-18T00:08:21.000000Z
2024,262.00581018518517,43.11729,-79.05963,2024-09-18T00:08:22.000000Z
2024,262.0058217592592,43.11728,-79.05963,2024-09-18T00:08:23.000000Z
2024,262.0160300925926,43.11722,-79.05952,2024-09-18T00:23:05.000000Z
2024,262.01604166666664,43.11722,-79.05952,2024-09-18T00:23:06.000000Z
2024,262.01605324074075,43.11722,-79.05951,2024-09-18T00:23:07.000000Z
2024,262.0160648148148,43.11722,-79.05952,2024-09-18T00:23:08.000000Z
2024,262.01608796296296,43.11723,-79.05953,2024-09-18T00:23:10.000000Z
2024,262.016099537037,43.11723,-79.05953,2024-09-18T00:23:11.000000Z
2024,262.0161111111111,43.11723,-79.05953,2024-09-18T00:23:12.000000Z
2024,262.01612268518517,43.11724,-79.05954,2024-09-18T00:23:13.000000Z
2024,262.0161342592593,43.11724,-79.05954,2024-09-18T00:23:14.000000Z
2024,262.0161458333333,43.11724,-79.05955,2024-09-18T00:23:15.000000Z
2024,262.0161574074074,43.11724,-79.05956,2024-09-18T00:23:16.000000Z
2024,262.0161689814815,43.11724,-79.05957,2024-09-18T00:23:17.000000Z
2024,262.01618055555554,43.11725,-79.05957,2024-09-18T00:23:18.000000Z
2024,262.01619212962964,43.11725,-79.05957,2024-09-18T00:23:19.000000Z
2024,262.0162037037037,43.11725,-79.05957,2024-09-18T00:23:20.000000Z
2024,262.01621527777775,43.11725,-79.05957,2024-09-18T00:23:21.000000Z
2024,262.01622685185185,43.11725,-79.05958,2024-09-18T00:23:22.000000Z
2024,262.0162384259259,43.11725,-79.05958,2024-09-18T00:23:23.000000Z
2024,262.0264351851852,43.11721,-79.05952,2024-09-18T00:38:04.000000Z
2024,262.0264467592593,43.11721,-79.05952,2024-09-18T00:38:05.000000Z
2024,262.0264583333333,43.11721,-79.05951,2024-09-18T00:38:06.000000Z
2024,262.02646990740743,43.11721,-79.05951,2024-09-18T00:38:07.000000Z
2024,262.0264814814815,43.11721,-79.05951,2024-09-18T00:38:08.000000Z
2024,262.0264930555556,43.11721,-79.05951,2024-09-18T00:38:09.000000Z
2024,262.02650462962964,43.11721,-79.05951,2024-09-18T00:38:10.000000Z
2024,262.0265162037037,43.11722,-79.05951,2024-09-18T00:38:11.000000Z
2024,262.0265277777778,43.11721,-79.05951,2024-09-18T00:38:12.000000Z
2024,262.02653935185185,43.11722,-79.05951,2024-09-18T00:38:13.000000Z
2024,262.02655092592596,43.11722,-79.05951,2024-09-18T00:38:14.000000Z
2024,262.0265625,43.11721,-79.05951,2024-09-18T00:38:15.000000Z
2024,262.02657407407406,43.11721,-79.05951,2024-09-18T00:38:16.000000Z
2024,262.02658564814817,43.11721,-79.05951,2024-09-18T00:38:17.000000Z
2024,262.0265972222222,43.11721,-79.05951,2024-09-18T00:38:18.000000Z
2024,262.02660879629633,43.11721,-79.05951,2024-09-18T00:38:19.000000Z
2024,262.0266203703704,43.11721,-79.0595,2024-09-18T00:38:20.000000Z
2024,262.02663194444443,43.11721,-79.0595,2024-09-18T00:38:21.000000Z
2024,262.02664351851854,43.11721,-79.0595,2024-09-18T00:38:22.000000Z
2024,262.03685185185185,43.1173,-79.05945,2024-09-18T00:53:04.000000Z
2024,262.0368634259259,43.11729,-79.05947,2024-09-18T00:53:05.000000Z
2024,262.03687499999995,43.11729,-79.05948,2024-09-18T00:53:06.000000Z
2024,262.03688657407406,43.11728,-79.05949,2024-09-18T00:53:07.000000Z
2024,262.0368981481481,43.11727,-79.05949,2024-09-18T00:53:08.000000Z
2024,262.0369097222222,43.11727,-79.0595,2024-09-18T00:53:09.000000Z
2024,262.03692129629627,43.11727,-79.05951,2024-09-18T00:53:10.000000Z
2024,262.0369328703703,43.11728,-79.05953,2024-09-18T00:53:11.000000Z
2024,262.03694444444443,43.11729,-79.05956,2024-09-18T00:53:12.000000Z
2024,262.0369560185185,43.11728,-79.05956,2024-09-18T00:53:13.000000Z
2024,262.0369675925926,43.11728,-79.05956,2024-09-18T00:53:14.000000Z
2024,262.03697916666664,43.11727,-79.05956,2024-09-18T00:53:15.000000Z
2024,262.0369907407407,43.11728,-79.05956,2024-09-18T00:53:16.000000Z
2024,262.0370023148148,43.11727,-79.05956,2024-09-18T00:53:17.000000Z
2024,262.03701388888885,43.11727,-79.05956,2024-09-18T00:53:18.000000Z
2024,262.03702546296296,43.11727,-79.05956,2024-09-18T00:53:19.000000Z
2024,262.037037037037,43.11727,-79.05956,2024-09-18T00:53:20.000000Z
2024,262.03706018518517,43.11727,-79.05956,2024-09-18T00:53:22.000000Z
2024,262.04726851851854,43.11726,-79.05953,2024-09-18T01:08:04.000000Z
2024,262.0472800925926,43.11725,-79.05953,2024-09-18T01:08:05.000000Z
2024,262.04729166666664,43.11725,-79.05954,2024-09-18T01:08:06.000000Z
2024,262.04730324074075,43.11725,-79.05954,2024-09-18T01:08:07.000000Z
2024,262.0473148148148,43.11726,-79.05954,2024-09-18T01:08:08.000000Z
2024,262.0473263888889,43.11726,-79.05954,2024-09-18T01:08:09.000000Z
2024,262.04733796296296,43.11726,-79.05954,2024-09-18T01:08:10.000000Z
2024,262.047349537037,43.11726,-79.05954,2024-09-18T01:08:11.000000Z
2024,262.0473611111111,43.11726,-79.05954,2024-09-18T01:08:12.000000Z
2024,262.04737268518517,43.11727,-79.05954,2024-09-18T01:08:13.000000Z
2024,262.0473842592593,43.11727,-79.05954,2024-09-18T01:08:14.000000Z
2024,262.0473958333333,43.11727,-79.05954,2024-09-18T01:08:15.000000Z
2024,262.0474074074074,43.11728,-79.05953,2024-09-18T01:08:16.000000Z
2024,262.0474189814815,43.11728,-79.05953,2024-09-18T01:08:17.000000Z
2024,262.04743055555554,43.11728,-79.05953,2024-09-18T01:08:18.000000Z
2024,262.04744212962964,43.11729,-79.05953,2024-09-18T01:08:19.000000Z
2024,262.0474537037037,43.11729,-79.05953,2024-09-18T01:08:20.000000Z
2024,262.04746527777775,43.11728,-79.05952,2024-09-18T01:08:21.000000Z
2024,262.04747685185185,43.11729,-79.05953,2024-09-18T01:08:22.000000Z
2024,262.0576851851852,43.11724,-79.05959,2024-09-18T01:23:04.000000Z
2024,262.0576967592593,43.11725,-79.0596,2024-09-18T01:23:05.000000Z
2024,262.0577083333333,43.11724,-79.0596,2024-09-18T01:23:06.000000Z
2024,262.05771990740743,43.11725,-79.05961,2024-09-18T01:23:07.000000Z
2024,262.0577314814815,43.11726,-79.05961,2024-09-18T01:23:08.000000Z
2024,262.0577430555556,43.11726,-79.05962,2024-09-18T01:23:09.000000Z
2024,262.05775462962964,43.11725,-79.05963,2024-09-18T01:23:10.000000Z
2024,262.0577662037037,43.11726,-79.05963,2024-09-18T01:23:11.000000Z
2024,262.0577777777778,43.11726,-79.05963,2024-09-18T01:23:12.000000Z
2024,262.05778935185185,43.11726,-79.05963,2024-09-18T01:23:13.000000Z
2024,262.05780092592596,43.11726,-79.05963,2024-09-18T01:23:14.000000Z
2024,262.0578125,43.11727,-79.05963,2024-09-18T01:23:15.000000Z
2024,262.05782407407406,43.11726,-79.05963,2024-09-18T01:23:16.000000Z
2024,262.05783564814817,43.11727,-79.05963,2024-09-18T01:23:17.000000Z
2024,262.0578472222222,43.11727,-79.05963,2024-09-18T01:23:18.000000Z
2024,262.05785879629633,43.11727,-79.05963,2024-09-18T01:23:19.000000Z
2024,262.0578703703704,43.11727,-79.05963,2024-09-18T01:23:20.000000Z
2024,262.05788194444443,43.11727,-79.05963,2024-09-18T01:23:21.000000Z
2024,262.05789351851854,43.11728,-79.05963,2024-09-18T01:23:22.000000Z
2024,262.0681018518519,43.11735,-79.05969,2024-09-18T01:38:04.000000Z
2024,262.06811342592596,43.11735,-79.05968,2024-09-18T01:38:05.000000Z
2024,262.068125,43.11736,-79.05968,2024-09-18T01:38:06.000000Z
2024,262.0681365740741,43.11735,-79.05968,2024-09-18T01:38:07.000000Z
2024,262.06814814814817,43.11735,-79.05967,2024-09-18T01:38:08.000000Z
2024,262.0681597222223,43.11736,-79.05967,2024-09-18T01:38:09.000000Z
2024,262.0681712962963,43.11736,-79.05966,2024-09-18T01:38:10.000000Z
2024,262.0681828703704,43.11736,-79.05966,2024-09-18T01:38:11.000000Z
2024,262.0681944444445,43.11736,-79.05966,2024-09-18T01:38:12.000000Z
2024,262.06820601851854,43.11736,-79.05966,2024-09-18T01:38:13.000000Z
2024,262.06821759259265,43.11735,-79.05965,2024-09-18T01:38:14.000000Z
2024,262.0682291666667,43.11735,-79.05964,2024-09-18T01:38:15.000000Z
2024,262.06824074074075,43.11735,-79.05963,2024-09-18T01:38:16.000000Z
2024,262.06825231481486,43.11735,-79.05963,2024-09-18T01:38:17.000000Z
2024,262.0682638888889,43.11735,-79.05963,2024-09-18T01:38:18.000000Z
2024,262.068275462963,43.11734,-79.05962,2024-09-18T01:38:19.000000Z
2024,262.06828703703707,43.11734,-79.05962,2024-09-18T01:38:20.000000Z
2024,262.0682986111111,43.11734,-79.05962,2024-09-18T01:38:21.000000Z
2024,262.0683101851852,43.11734,-79.05961,2024-09-18T01:38:22.000000Z
2024,262.07851851851854,43.11724,-79.05953,2024-09-18T01:53:04.000000Z
2024,262.0785300925926,43.11723,-79.05953,2024-09-18T01:53:05.000000Z
2024,262.07854166666664,43.11723,-79.05953,2024-09-18T01:53:06.000000Z
2024,262.07855324074075,43.11723,-79.05953,2024-09-18T01:53:07.000000Z
2024,262.0785648148148,43.11723,-79.05953,2024-09-18T01:53:08.000000Z
2024,262.0785763888889,43.11722,-79.05953,2024-09-18T01:53:09.000000Z
2024,262.07858796296296,43.11722,-79.05952,2024-09-18T01:53:10.000000Z
2024,262.078599537037,43.11723,-79.05952,2024-09-18T01:53:11.000000Z
2024,262.0786111111111,43.11723,-79.05951,2024-09-18T01:53:12.000000Z
2024,262.07862268518517,43.11723,-79.0595,2024-09-18T01:53:13.000000Z
2024,262.0786342592593,43.11723,-79.0595,2024-09-18T01:53:14.000000Z
2024,262.0786458333333,43.11723,-79.0595,2024-09-18T01:53:15.000000Z
2024,262.0786574074074,43.11723,-79.0595,2024-09-18T01:53:16.000000Z
2024,262.0786689814815,43.11724,-79.05948,2024-09-18T01:53:17.000000Z
2024,262.07868055555554,43.11724,-79.05948,2024-09-18T01:53:18.000000Z
2024,262.07869212962964,43.11724,-79.05948,2024-09-18T01:53:19.000000Z
2024,262.0787037037037,43.11723,-79.05947,2024-09-18T01:53:20.000000Z
2024,262.07871527777775,43.11723,-79.05947,2024-09-18T01:53:21.000000Z
2024,262.07872685185185,43.11723,-79.05947,2024-09-18T01:53:22.000000Z
2024,262.08893518518516,43.1174,-79.0597,2024-09-18T02:08:04.000000Z
2024,262.0889467592592,43.1174,-79.0597,2024-09-18T02:08:05.000000Z
2024,262.08895833333327,43.11738,-79.05968,2024-09-18T02:08:06.000000Z
2024,262.0889699074074,43.11736,-79.05963,2024-09-18T02:08:07.000000Z
2024,262.0889814814814,43.11736,-79.05964,2024-09-18T02:08:08.000000Z
2024,262.08899305555553,43.11736,-79.05965,2024-09-18T02:08:09.000000Z
2024,262.0890046296296,43.11736,-79.05965,2024-09-18T02:08:10.000000Z
2024,262.08901620370364,43.11736,-79.05964,2024-09-18T02:08:11.000000Z
2024,262.08902777777774,43.11736,-79.05965,2024-09-18T02:08:12.000000Z
2024,262.0890393518518,43.11736,-79.05965,2024-09-18T02:08:13.000000Z
2024,262.0890509259259,43.11736,-79.05965,2024-09-18T02:08:14.000000Z
2024,262.08906249999995,43.11736,-79.05965,2024-09-18T02:08:15.000000Z
2024,262.089074074074,43.11736,-79.05965,2024-09-18T02:08:16.000000Z
2024,262.0890856481481,43.11736,-79.05965,2024-09-18T02:08:17.000000Z
2024,262.08909722222216,43.11736,-79.05966,2024-09-18T02:08:18.000000Z
2024,262.0891087962963,43.11736,-79.05966,2024-09-18T02:08:19.000000Z
2024,262.0891203703703,43.11736,-79.05966,2024-09-18T02:08:20.000000Z
2024,262.0891319444444,43.11736,-79.05966,2024-09-18T02:08:21.000000Z
2024,262.0891435185185,43.11736,-79.05966,2024-09-18T02:08:22.000000Z
2024,262.09935185185185,43.11733,-79.05972,2024-09-18T02:23:04.000000Z
2024,262.0993634259259,43.11733,-79.05972,2024-09-18T02:23:05.000000Z
2024,262.09937499999995,43.11733,-79.05971,2024-09-18T02:23:06.000000Z
2024,262.09938657407406,43.11733,-79.05971,2024-09-18T02:23:07.000000Z
2024,262.0993981481481,43.11734,-79.05971,2024-09-18T02:23:08.000000Z
2024,262.0994097222222,43.11734,-79.05971,2024-09-18T02:23:09.000000Z
2024,262.09942129629627,43.11734,-79.05971,2024-09-18T02:23:10.000000Z
2024,262.0994328703703,43.11734,-79.05971,2024-09-18T02:23:11.000000Z
2024,262.09944444444443,43.11733,-79.0597,2024-09-18T02:23:12.000000Z
2024,262.0994560185185,43.11734,-79.0597,2024-09-18T02:23:13.000000Z
2024,262.0994675925926,43.11734,-79.05971,2024-09-18T02:23:14.000000Z
2024,262.09947916666664,43.11734,-79.05971,2024-09-18T02:23:15.000000Z
2024,262.0994907407407,43.11734,-79.05972,2024-09-18T02:23:16.000000Z
2024,262.0995023148148,43.11735,-79.05972,2024-09-18T02:23:17.000000Z
2024,262.09951388888885,43.11735,-79.05972,2024-09-18T02:23:18.000000Z
2024,262.09952546296296,43.11735,-79.05972,2024-09-18T02:23:19.000000Z
2024,262.099537037037,43.11735,-79.05972,2024-09-18T02:23:20.000000Z
2024,262.09954861111106,43.11734,-79.05972,2024-09-18T02:23:21.000000Z
2024,262.09956018518517,43.11734,-79.05972,2024-09-18T02:23:22.000000Z
2024,262.10976851851854,43.11732,-79.05975,2024-09-18T02:38:04.000000Z
2024,262.1097800925926,43.11732,-79.05975,2024-09-18T02:38:05.000000Z
2024,262.10979166666664,43.11732,-79.05976,2024-09-18T02:38:06.000000Z
2024,262.10980324074075,43.11732,-79.05976,2024-09-18T02:38:07.000000Z
2024,262.1098148148148,43.11732,-79.05976,2024-09-18T02:38:08.000000Z
2024,262.1098263888889,43.11733,-79.05976,2024-09-18T02:38:09.000000Z
2024,262.10983796296296,43.11732,-79.05976,2024-09-18T02:38:10.000000Z
2024,262.109849537037,43.11732,-79.05976,2024-09-18T02:38:11.000000Z
2024,262.1098611111111,43.11732,-79.05975,2024-09-18T02:38:12.000000Z
2024,262.10987268518517,43.11732,-79.05975,2024-09-18T02:38:13.000000Z
2024,262.1098842592593,43.11732,-79.05974,2024-09-18T02:38:14.000000Z
2024,262.1098958333333,43.11732,-79.05974,2024-09-18T02:38:15.000000Z
2024,262.1099074074074,43.11732,-79.05974,2024-09-18T02:38:16.000000Z
2024,262.1099189814815,43.11732,-79.05974,2024-09-18T02:38:17.000000Z
2024,262.10993055555554,43.11731,-79.05974,2024-09-18T02:38:18.000000Z
2024,262.10994212962964,43.11731,-79.05973,2024-09-18T02:38:19.000000Z
2024,262.1099537037037,43.11731,-79.05973,2024-09-18T02:38:20.000000Z
2024,262.10996527777775,43.11731,-79.05973,2024-09-18T02:38:21.000000Z
2024,262.10997685185185,43.11731,-79.05973,2024-09-18T02:38:22.000000Z
2024,262.12018518518516,43.11747,-79.05973,2024-09-18T02:53:04.000000Z
2024,262.1201967592592,43.11747,-79.05974,2024-09-18T02:53:05.000000Z
2024,262.12020833333327,43.11747,-79.05974,2024-09-18T02:53:06.000000Z
2024,262.1202199074074,43.11747,-79.05973,2024-09-18T02:53:07.000000Z
2024,262.1202314814814,43.11748,-79.05974,2024-09-18T02:53:08.000000Z
2024,262.12024305555553,43.11748,-79.05974,2024-09-18T02:53:09.000000Z
2024,262.1202546296296,43.11748,-79.05974,2024-09-18T02:53:10.000000Z
2024,262.12026620370364,43.11748,-79.05974,2024-09-18T02:53:11.000000Z
2024,262.12027777777774,43.11748,-79.05974,2024-09-18T02:53:12.000000Z
2024,262.1202893518518,43.11747,-79.05974,2024-09-18T02:53:13.000000Z
2024,262.1203009259259,43.11747,-79.05974,2024-09-18T02:53:14.000000Z
2024,262.12031249999995,43.11747,-79.05974,2024-09-18T02:53:15.000000Z
2024,262.120324074074,43.11747,-79.05975,2024-09-18T02:53:16.000000Z
2024,262.1203356481481,43.11747,-79.05976,2024-09-18T02:53:17.000000Z
2024,262.12034722222216,43.11747,-79.05976,2024-09-18T02:53:18.000000Z
2024,262.1203587962963,43.11747,-79.05976,2024-09-18T02:53:19.000000Z
2024,262.1203703703703,43.11747,-79.05976,2024-09-18T02:53:20.000000Z
2024,262.1203819444444,43.11747,-79.05977,2024-09-18T02:53:21.000000Z
2024,262.1203935185185,43.11747,-79.05977,2024-09-18T02:53:22.000000Z
2024,262.13060185185185,43.11744,-79.05976,2024-09-18T03:08:04.000000Z
2024,262.1306134259259,43.11743,-79.05976,2024-09-18T03:08:05.000000Z
2024,262.13062499999995,43.11742,-79.05977,2024-09-18T03:08:06.000000Z
2024,262.13063657407406,43.11742,-79.05977,2024-09-18T03:08:07.000000Z
2024,262.1306481481481,43.11742,-79.05978,2024-09-18T03:08:08.000000Z
2024,262.1306597222222,43.11742,-79.05978,2024-09-18T03:08:09.000000Z
2024,262.13067129629627,43.11741,-79.05978,2024-09-18T03:08:10.000000Z
2024,262.1306828703703,43.11741,-79.05978,2024-09-18T03:08:11.000000Z
2024,262.13069444444443,43.11742,-79.05977,2024-09-18T03:08:12.000000Z
2024,262.1307060185185,43.11742,-79.05977,2024-09-18T03:08:13.000000Z
2024,262.1307175925926,43.11742,-79.05977,2024-09-18T03:08:14.000000Z
2024,262.13072916666664,43.11742,-79.05977,2024-09-18T03:08:15.000000Z
2024,262.1307407407407,43.11742,-79.05976,2024-09-18T03:08:16.000000Z
2024,262.1307523148148,43.11742,-79.05976,2024-09-18T03:08:17.000000Z
2024,262.13076388888885,43.11742,-79.05976,2024-09-18T03:08:18.000000Z
2024,262.13077546296296,43.11743,-79.05976,2024-09-18T03:08:19.000000Z
2024,262.130787037037,43.11743,-79.05976,2024-09-18T03:08:20.000000Z
2024,262.13079861111106,43.11743,-79.05976,2024-09-18T03:08:21.000000Z
2024,262.13081018518517,43.11743,-79.05976,2024-09-18T03:08:22.000000Z
2024,262.14101851851854,43.11735,-79.05978,2024-09-18T03:23:04.000000Z
2024,262.1410300925926,43.11735,-79.05977,2024-09-18T03:23:05.000000Z
2024,262.14104166666664,43.11735,-79.05976,2024-09-18T03:23:06.000000Z
2024,262.14105324074075,43.11735,-79.05976,2024-09-18T03:23:07.000000Z
2024,262.1410648148148,43.11737,-79.05975,2024-09-18T03:23:08.000000Z
2024,262.1410763888889,43.11738,-79.05973,2024-09-18T03:23:09.000000Z
2024,262.14108796296296,43.11739,-79.05973,2024-09-18T03:23:10.000000Z
2024,262.141099537037,43.11739,-79.05972,2024-09-18T03:23:11.000000Z
2024,262.1411111111111,43.1174,-79.05971,2024-09-18T03:23:12.000000Z
2024,262.14112268518517,43.1174,-79.0597,2024-09-18T03:23:13.000000Z
2024,262.1411342592593,43.11741,-79.0597,2024-09-18T03:23:14.000000Z
2024,262.1411458333333,43.11741,-79.0597,2024-09-18T03:23:15.000000Z
2024,262.1411574074074,43.11742,-79.05969,2024-09-18T03:23:16.000000Z
2024,262.1411689814815,43.11742,-79.0597,2024-09-18T03:23:17.000000Z
2024,262.14118055555554,43.11742,-79.0597,2024-09-18T03:23:18.000000Z
2024,262.14119212962964,43.11742,-79.05969,2024-09-18T03:23:19.000000Z
2024,262.1412037037037,43.11742,-79.05969,2024-09-18T03:23:20.000000Z
2024,262.14121527777775,43.11742,-79.0597,2024-09-18T03:23:21.000000Z
2024,262.14122685185185,43.11742,-79.0597,2024-09-18T03:23:22.000000Z
2024,262.1514351851852,43.11725,-79.05979,2024-09-18T03:38:04.000000Z
2024,262.1514467592593,43.11724,-79.05979,2024-09-18T03:38:05.000000Z
2024,262.1514583333333,43.11724,-79.0598,2024-09-18T03:38:06.000000Z
2024,262.15146990740743,43.11724,-79.05981,2024-09-18T03:38:07.000000Z
2024,262.1514814814815,43.11724,-79.05982,2024-09-18T03:38:08.000000Z
2024,262.1514930555556,43.11725,-79.05982,2024-09-18T03:38:09.000000Z
2024,262.15150462962964,43.11725,-79.05982,2024-09-18T03:38:10.000000Z
2024,262.1515162037037,43.11726,-79.05982,2024-09-18T03:38:11.000000Z
2024,262.1515277777778,43.11726,-79.05982,2024-09-18T03:38:12.000000Z
2024,262.15153935185185,43.11726,-79.05983,2024-09-18T03:38:13.000000Z
2024,262.15155092592596,43.11726,-79.05985,2024-09-18T03:38:14.000000Z
2024,262.1515625,43.11727,-79.05986,2024-09-18T03:38:15.000000Z
2024,262.15157407407406,43.11727,-79.05986,2024-09-18T03:38:16.000000Z
2024,262.15158564814817,43.11727,-79.05988,2024-09-18T03:38:17.000000Z
2024,262.1515972222222,43.11728,-79.05989,2024-09-18T03:38:18.000000Z
2024,262.15160879629633,43.11728,-79.05989,2024-09-18T03:38:19.000000Z
2024,262.1516203703704,43.11728,-79.05989,2024-09-18T03:38:20.000000Z
2024,262.15163194444443,43.11728,-79.05989,2024-09-18T03:38:21.000000Z
2024,262.15164351851854,43.11728,-79.05989,2024-09-18T03:38:22.000000Z
2024,262.16185185185185,43.11722,-79.05998,2024-09-18T03:53:04.000000Z
2024,262.1618634259259,43.11721,-79.06001,2024-09-18T03:53:05.000000Z
2024,262.16187499999995,43.11721,-79.06001,2024-09-18T03:53:06.000000Z
2024,262.16188657407406,43.1172,-79.06002,2024-09-18T03:53:07.000000Z
2024,262.1618981481481,43.1172,-79.06001,2024-09-18T03:53:08.000000Z
2024,262.1619097222222,43.11719,-79.06,2024-09-18T03:53:09.000000Z
2024,262.16192129629627,43.11719,-79.05998,2024-09-18T03:53:10.000000Z
2024,262.1619328703703,43.11721,-79.05997,2024-09-18T03:53:11.000000Z
2024,262.16194444444443,43.11722,-79.05995,2024-09-18T03:53:12.000000Z
2024,262.1619560185185,43.11722,-79.05995,2024-09-18T03:53:13.000000Z
2024,262.1619675925926,43.11722,-79.05994,2024-09-18T03:53:14.000000Z
2024,262.16197916666664,43.11722,-79.05994,2024-09-18T03:53:15.000000Z
2024,262.1619907407407,43.11722,-79.05992,2024-09-18T03:53:16.000000Z
2024,262.1620023148148,43.11723,-79.05992,2024-09-18T03:53:17.000000Z
2024,262.16201388888885,43.11723,-79.05992,2024-09-18T03:53:18.000000Z
2024,262.16202546296296,43.11724,-79.05991,2024-09-18T03:53:19.000000Z
2024,262.162037037037,43.11724,-79.0599,2024-09-18T03:53:20.000000Z
2024,262.16204861111106,43.11724,-79.05989,2024-09-18T03:53:21.000000Z
2024,262.16206018518517,43.11725,-79.05989,2024-09-18T03:53:22.000000Z
2024,262.17226851851854,43.11725,-79.05987,2024-09-18T04:08:04.000000Z
2024,262.1722800925926,43.11724,-79.05987,2024-09-18T04:08:05.000000Z
2024,262.17229166666664,43.11725,-79.05987,2024-09-18T04:08:06.000000Z
2024,262.17230324074075,43.11725,-79.05987,2024-09-18T04:08:07.000000Z
2024,262.1723148148148,43.11726,-79.05988,2024-09-18T04:08:08.000000Z
2024,262.1723263888889,43.11726,-79.05988,2024-09-18T04:08:09.000000Z
2024,262.17233796296296,43.11727,-79.05989,2024-09-18T04:08:10.000000Z
2024,262.172349537037,43.11727,-79.0599,2024-09-18T04:08:11.000000Z
2024,262.1723611111111,43.11727,-79.0599,2024-09-18T04:08:12.000000Z
2024,262.17237268518517,43.11728,-79.0599,2024-09-18T04:08:13.000000Z
2024,262.1723842592593,43.11729,-79.05991,2024-09-18T04:08:14.000000Z
2024,262.1723958333333,43.11729,-79.0599,2024-09-18T04:08:15.000000Z
2024,262.1724074074074,43.11729,-79.0599,2024-09-18T04:08:16.000000Z
2024,262.1724189814815,43.1173,-79.0599,2024-09-18T04:08:17.000000Z
2024,262.17243055555554,43.1173,-79.0599,2024-09-18T04:08:18.000000Z
2024,262.17244212962964,43.1173,-79.0599,2024-09-18T04:08:19.000000Z
2024,262.1724537037037,43.11731,-79.0599,2024-09-18T04:08:20.000000Z
2024,262.17246527777775,43.11731,-79.0599,2024-09-18T04:08:21.000000Z
2024,262.17247685185185,43.11731,-79.0599,2024-09-18T04:08:22.000000Z
2024,262.1826851851852,43.11724,-79.06001,2024-09-18T04:23:04.000000Z
2024,262.1826967592593,43.11726,-79.05998,2024-09-18T04:23:05.000000Z
2024,262.1827083333333,43.11727,-79.05995,2024-09-18T04:23:06.000000Z
2024,262.18271990740743,43.11728,-79.05995,2024-09-18T04:23:07.000000Z
2024,262.1827777777778,43.1173,-79.05989,2024-09-18T04:23:12.000000Z
2024,262.18278935185185,43.1173,-79.05989,2024-09-18T04:23:13.000000Z
2024,262.18280092592596,43.11731,-79.05989,2024-09-18T04:23:14.000000Z
2024,262.1828125,43.11731,-79.05989,2024-09-18T04:23:15.000000Z
2024,262.18282407407406,43.11731,-79.05989,2024-09-18T04:23:16.000000Z
2024,262.18283564814817,43.11732,-79.05989,2024-09-18T04:23:17.000000Z
2024,262.1828472222222,43.11732,-79.05988,2024-09-18T04:23:18.000000Z
2024,262.18285879629633,43.11731,-79.05987,2024-09-18T04:23:19.000000Z
2024,262.1828703703704,43.11731,-79.05987,2024-09-18T04:23:20.000000Z
2024,262.18288194444443,43.11731,-79.05986,2024-09-18T04:23:21.000000Z
2024,262.18289351851854,43.11731,-79.05986,2024-09-18T04:23:22.000000Z
2024,262.1829050925926,43.11731,-79.05986,2024-09-18T04:23:23.000000Z
2024,262.1829166666667,43.11731,-79.05985,2024-09-18T04:23:24.000000Z
2024,262.1829513888889,43.11731,-79.0598,2024-09-18T04:23:27.000000Z
2024,262.18296296296296,43.11731,-79.05979,2024-09-18T04:23:28.000000Z
2024,262.1931018518519,43.11717,-79.05973,2024-09-18T04:38:04.000000Z
2024,262.19311342592596,43.11717,-79.05973,2024-09-18T04:38:05.000000Z
2024,262.193125,43.11717,-79.05973,2024-09-18T04:38:06.000000Z
2024,262.1931365740741,43.11717,-79.05973,2024-09-18T04:38:07.000000Z
2024,262.19314814814817,43.11718,-79.05973,2024-09-18T04:38:08.000000Z
2024,262.1931597222223,43.11719,-79.05972,2024-09-18T04:38:09.000000Z
2024,262.1931712962963,43.1172,-79.05973,2024-09-18T04:38:10.000000Z
2024,262.1931828703704,43.11721,-79.05973,2024-09-18T04:38:11.000000Z
2024,262.1931944444445,43.11721,-79.05973,2024-09-18T04:38:12.000000Z
2024,262.19325231481486,43.11723,-79.05972,2024-09-18T04:38:17.000000Z
2024,262.19328703703707,43.11725,-79.0597,2024-09-18T04:38:20.000000Z
2024,262.1933680555556,43.11728,-79.05966,2024-09-18T04:38:27.000000Z
2024,262.19337962962965,43.11729,-79.05966,2024-09-18T04:38:28.000000Z
2024,262.19339120370375,43.11729,-79.05966,2024-09-18T04:38:29.000000Z
2024,262.1934027777778,43.1173,-79.05966,2024-09-18T04:38:30.000000Z
2024,262.19341435185186,43.1173,-79.05967,2024-09-18T04:38:31.000000Z
2024,262.19342592592596,43.1173,-79.05967,2024-09-18T04:38:32.000000Z
2024,262.1934375,43.11731,-79.05968,2024-09-18T04:38:33.000000Z
2024,262.1934490740741,43.11732,-79.05969,2024-09-18T04:38:34.000000Z
2024,262.20351851851854,43.11736,-79.05968,2024-09-18T04:53:04.000000Z
2024,262.2035300925926,43.11736,-79.05968,2024-09-18T04:53:05.000000Z
2024,262.20354166666664,43.11737,-79.05968,2024-09-18T04:53:06.000000Z
2024,262.20355324074075,43.11737,-79.05968,2024-09-18T04:53:07.000000Z
2024,262.2035648148148,43.11737,-79.05968,2024-09-18T04:53:08.000000Z
2024,262.2035763888889,43.11737,-79.05968,2024-09-18T04:53:09.000000Z
2024,262.20358796296296,43.11737,-79.05968,2024-09-18T04:53:10.000000Z
2024,262.203599537037,43.11738,-79.05968,2024-09-18T04:53:11.000000Z
2024,262.2036111111111,43.11738,-79.05968,2024-09-18T04:53:12.000000Z
2024,262.20362268518517,43.11738,-79.05968,2024-09-18T04:53:13.000000Z
2024,262.2036342592593,43.11738,-79.05968,2024-09-18T04:53:14.000000Z
2024,262.2036458333333,43.11738,-79.05968,2024-09-18T04:53:15.000000Z
2024,262.2036574074074,43.11738,-79.05968,2024-09-18T04:53:16.000000Z
2024,262.2036689814815,43.11738,-79.05968,2024-09-18T04:53:17.000000Z
2024,262.20368055555554,43.11738,-79.05967,2024-09-18T04:53:18.000000Z
2024,262.20369212962964,43.11738,-79.05967,2024-09-18T04:53:19.000000Z
2024,262.2037037037037,43.11739,-79.05967,2024-09-18T04:53:20.000000Z
2024,262.20371527777775,43.11739,-79.05967,2024-09-18T04:53:21.000000Z
2024,262.20372685185185,43.11739,-79.05967,2024-09-18T04:53:22.000000Z
2024,262.21393518518516,43.11731,-79.05965,2024-09-18T05:08:04.000000Z
2024,262.2139467592592,43.1173,-79.05965,2024-09-18T05:08:05.000000Z
2024,262.21395833333327,43.1173,-79.05965,2024-09-18T05:08:06.000000Z
2024,262.2139699074074,43.1173,-79.05965,2024-09-18T05:08:07.000000Z
2024,262.2139814814814,43.1173,-79.05965,2024-09-18T05:08:08.000000Z
2024,262.21399305555553,43.1173,-79.05965,2024-09-18T05:08:09.000000Z
2024,262.2140046296296,43.1173,-79.05965,2024-09-18T05:08:10.000000Z
2024,262.21401620370364,43.1173,-79.05965,2024-09-18T05:08:11.000000Z
2024,262.21402777777774,43.1173,-79.05966,2024-09-18T05:08:12.000000Z
2024,262.2140393518518,43.1173,-79.05966,2024-09-18T05:08:13.000000Z
2024,262.2140509259259,43.1173,-79.05966,2024-09-18T05:08:14.000000Z
2024,262.21406249999995,43.1173,-79.05966,2024-09-18T05:08:15.000000Z
2024,262.214074074074,43.1173,-79.05966,2024-09-18T05:08:16.000000Z
2024,262.2140856481481,43.11731,-79.05966,2024-09-18T05:08:17.000000Z
2024,262.21409722222216,43.11731,-79.05967,2024-09-18T05:08:18.000000Z
2024,262.2141087962963,43.11731,-79.05967,2024-09-18T05:08:19.000000Z
2024,262.2141203703703,43.11732,-79.05967,2024-09-18T05:08:20.000000Z
2024,262.2141319444444,43.11732,-79.05967,2024-09-18T05:08:21.000000Z
2024,262.2141435185185,43.11732,-79.05968,2024-09-18T05:08:22.000000Z
2024,262.22435185185185,43.11741,-79.05974,2024-09-18T05:23:04.000000Z
2024,262.2243634259259,43.11741,-79.05975,2024-09-18T05:23:05.000000Z
2024,262.22437499999995,43.11741,-79.05975,2024-09-18T05:23:06.000000Z
2024,262.22438657407406,43.11741,-79.05975,2024-09-18T05:23:07.000000Z
2024,262.2243981481481,43.11741,-79.05975,2024-09-18T05:23:08.000000Z
2024,262.2244097222222,43.1174,-79.05975,2024-09-18T05:23:09.000000Z
2024,262.22442129629627,43.1174,-79.05975,2024-09-18T05:23:10.000000Z
2024,262.2244328703703,43.1174,-79.05975,2024-09-18T05:23:11.000000Z
2024,262.22444444444443,43.1174,-79.05975,2024-09-18T05:23:12.000000Z
2024,262.2244560185185,43.11739,-79.05975,2024-09-18T05:23:13.000000Z
2024,262.2244675925926,43.11739,-79.05975,2024-09-18T05:23:14.000000Z
2024,262.22447916666664,43.11739,-79.05974,2024-09-18T05:23:15.000000Z
2024,262.2244907407407,43.11739,-79.05974,2024-09-18T05:23:16.000000Z
2024,262.2245023148148,43.11739,-79.05974,2024-09-18T05:23:17.000000Z
2024,262.22451388888885,43.11739,-79.05974,2024-09-18T05:23:18.000000Z
2024,262.22452546296296,43.11739,-79.05974,2024-09-18T05:23:19.000000Z
2024,262.224537037037,43.11739,-79.05974,2024-09-18T05:23:20.000000Z
2024,262.22454861111106,43.11739,-79.05974,2024-09-18T05:23:21.000000Z
2024,262.22456018518517,43.11739,-79.05974,2024-09-18T05:23:22.000000Z
2024,262.23476851851854,43.11735,-79.05968,2024-09-18T05:38:04.000000Z
2024,262.2347800925926,43.11736,-79.05968,2024-09-18T05:38:05.000000Z
2024,262.23479166666664,43.11735,-79.05967,2024-09-18T05:38:06.000000Z
2024,262.23480324074075,43.11736,-79.05968,2024-09-18T05:38:07.000000Z
2024,262.2348148148148,43.11736,-79.05968,2024-09-18T05:38:08.000000Z
2024,262.2348263888889,43.11736,-79.05968,2024-09-18T05:38:09.000000Z
2024,262.23483796296296,43.11736,-79.05968,2024-09-18T05:38:10.000000Z
2024,262.234849537037,43.11736,-79.05968,2024-09-18T05:38:11.000000Z
2024,262.2348611111111,43.11736,-79.05969,2024-09-18T05:38:12.000000Z
2024,262.23487268518517,43.11736,-79.05969,2024-09-18T05:38:13.000000Z
2024,262.2348842592593,43.11736,-79.05969,2024-09-18T05:38:14.000000Z
2024,262.2348958333333,43.11735,-79.0597,2024-09-18T05:38:15.000000Z
2024,262.2349074074074,43.11735,-79.0597,2024-09-18T05:38:16.000000Z
2024,262.2349189814815,43.11735,-79.0597,2024-09-18T05:38:17.000000Z
2024,262.23493055555554,43.11735,-79.0597,2024-09-18T05:38:18.000000Z
2024,262.23494212962964,43.11735,-79.0597,2024-09-18T05:38:19.000000Z
2024,262.2349537037037,43.11735,-79.0597,2024-09-18T05:38:20.000000Z
2024,262.23496527777775,43.11736,-79.0597,2024-09-18T05:38:21.000000Z
2024,262.23497685185185,43.11736,-79.05971,2024-09-18T05:38:22.000000Z
2024,262.24517361111106,43.1174,-79.05979,2024-09-18T05:53:03.000000Z
2024,262.24518518518516,43.1174,-79.05979,2024-09-18T05:53:04.000000Z
2024,262.2451967592592,43.1174,-79.05981,2024-09-18T05:53:05.000000Z
2024,262.24520833333327,43.1174,-79.05982,2024-09-18T05:53:06.000000Z
2024,262.2452199074074,43.11741,-79.05982,2024-09-18T05:53:07.000000Z
2024,262.2452314814814,43.11742,-79.05984,2024-09-18T05:53:08.000000Z
2024,262.24524305555553,43.11743,-79.05983,2024-09-18T05:53:09.000000Z
2024,262.2452546296296,43.11744,-79.05985,2024-09-18T05:53:10.000000Z
2024,262.24526620370364,43.11745,-79.05984,2024-09-18T05:53:11.000000Z
2024,262.24527777777774,43.11745,-79.05984,2024-09-18T05:53:12.000000Z
2024,262.2452893518518,43.11745,-79.05983,2024-09-18T05:53:13.000000Z
2024,262.2453009259259,43.11745,-79.05983,2024-09-18T05:53:14.000000Z
2024,262.24531249999995,43.11745,-79.05983,2024-09-18T05:53:15.000000Z
2024,262.245324074074,43.11745,-79.05982,2024-09-18T05:53:16.000000Z
2024,262.2453356481481,43.11745,-79.05983,2024-09-18T05:53:17.000000Z
2024,262.24534722222216,43.11745,-79.05983,2024-09-18T05:53:18.000000Z
2024,262.2453587962963,43.11746,-79.05983,2024-09-18T05:53:19.000000Z
2024,262.2453703703703,43.11746,-79.05983,2024-09-18T05:53:20.000000Z
2024,262.2453819444444,43.11746,-79.05982,2024-09-18T05:53:21.000000Z
2024,262.2453935185185,43.11745,-79.05982,2024-09-18T05:53:22.000000Z
2024,262.25559027777774,43.11738,-79.05982,2024-09-18T06:08:03.000000Z
2024,262.25560185185185,43.11737,-79.05981,2024-09-18T06:08:04.000000Z
2024,262.2556134259259,43.11737,-79.05981,2024-09-18T06:08:05.000000Z
2024,262.25562499999995,43.11739,-79.05982,2024-09-18T06:08:06.000000Z
2024,262.25563657407406,43.11739,-79.05982,2024-09-18T06:08:07.000000Z
2024,262.2556481481481,43.11739,-79.05982,2024-09-18T06:08:08.000000Z
2024,262.2556597222222,43.11738,-79.05982,2024-09-18T06:08:09.000000Z
2024,262.25567129629627,43.11737,-79.05979,2024-09-18T06:08:10.000000Z
2024,262.2556828703703,43.11737,-79.05979,2024-09-18T06:08:11.000000Z
2024,262.25569444444443,43.11737,-79.05979,2024-09-18T06:08:12.000000Z
2024,262.2557060185185,43.11738,-79.05979,2024-09-18T06:08:13.000000Z
2024,262.2557175925926,43.11737,-79.05979,2024-09-18T06:08:14.000000Z
2024,262.25572916666664,43.11737,-79.0598,2024-09-18T06:08:15.000000Z
2024,262.2557407407407,43.11737,-79.0598,2024-09-18T06:08:16.000000Z
2024,262.2557523148148,43.11737,-79.05981,2024-09-18T06:08:17.000000Z
2024,262.25576388888885,43.11738,-79.05981,2024-09-18T06:08:18.000000Z
2024,262.25577546296296,43.11738,-79.05981,2024-09-18T06:08:19.000000Z
2024,262.255787037037,43.11738,-79.05982,2024-09-18T06:08:20.000000Z
2024,262.25579861111106,43.11738,-79.05982,2024-09-18T06:08:21.000000Z
2024,262.25581018518517,43.11738,-79.05982,2024-09-18T06:08:22.000000Z
2024,262.2660069444444,43.11725,-79.05972,2024-09-18T06:23:03.000000Z
2024,262.26601851851854,43.11727,-79.05974,2024-09-18T06:23:04.000000Z
2024,262.2660300925926,43.11727,-79.05975,2024-09-18T06:23:05.000000Z
2024,262.26604166666664,43.1173,-79.05976,2024-09-18T06:23:06.000000Z
2024,262.26605324074075,43.1173,-79.05978,2024-09-18T06:23:07.000000Z
2024,262.2660648148148,43.11731,-79.05979,2024-09-18T06:23:08.000000Z
2024,262.2660763888889,43.11732,-79.05979,2024-09-18T06:23:09.000000Z
2024,262.26608796296296,43.11732,-79.05979,2024-09-18T06:23:10.000000Z
2024,262.266099537037,43.11732,-79.05979,2024-09-18T06:23:11.000000Z
2024,262.2661111111111,43.11732,-79.0598,2024-09-18T06:23:12.000000Z
2024,262.26612268518517,43.11733,-79.05981,2024-09-18T06:23:13.000000Z
2024,262.2661342592593,43.11734,-79.05982,2024-09-18T06:23:14.000000Z
2024,262.2661458333333,43.11734,-79.05982,2024-09-18T06:23:15.000000Z
2024,262.2661574074074,43.11734,-79.05982,2024-09-18T06:23:16.000000Z
2024,262.2661689814815,43.11734,-79.05982,2024-09-18T06:23:17.000000Z
2024,262.26618055555554,43.11734,-79.05982,2024-09-18T06:23:18.000000Z
2024,262.26619212962964,43.11735,-79.05983,2024-09-18T06:23:19.000000Z
2024,262.2662037037037,43.11735,-79.05984,2024-09-18T06:23:20.000000Z
2024,262.26621527777775,43.11735,-79.05985,2024-09-18T06:23:21.000000Z
2024,262.26622685185185,43.11735,-79.05986,2024-09-18T06:23:22.000000Z
2024,262.2764236111111,43.11725,-79.05994,2024-09-18T06:38:03.000000Z
2024,262.2764351851852,43.11724,-79.05993,2024-09-18T06:38:04.000000Z
2024,262.2764467592593,43.11724,-79.05992,2024-09-18T06:38:05.000000Z
2024,262.2764583333333,43.11725,-79.05992,2024-09-18T06:38:06.000000Z
2024,262.27646990740743,43.11725,-79.05991,2024-09-18T06:38:07.000000Z
2024,262.2764814814815,43.11724,-79.0599,2024-09-18T06:38:08.000000Z
2024,262.2764930555556,43.11724,-79.0599,2024-09-18T06:38:09.000000Z
2024,262.27650462962964,43.11725,-79.05989,2024-09-18T06:38:10.000000Z
2024,262.2765162037037,43.11725,-79.05989,2024-09-18T06:38:11.000000Z
2024,262.2765277777778,43.11725,-79.05989,2024-09-18T06:38:12.000000Z
2024,262.27653935185185,43.11726,-79.05989,2024-09-18T06:38:13.000000Z
2024,262.27655092592596,43.11726,-79.05989,2024-09-18T06:38:14.000000Z
2024,262.2765625,43.11726,-79.05988,2024-09-18T06:38:15.000000Z
2024,262.27657407407406,43.11726,-79.05988,2024-09-18T06:38:16.000000Z
2024,262.27658564814817,43.11726,-79.05988,2024-09-18T06:38:17.000000Z
2024,262.2765972222222,43.11726,-79.05988,2024-09-18T06:38:18.000000Z
2024,262.27660879629633,43.11727,-79.05989,2024-09-18T06:38:19.000000Z
2024,262.2766203703704,43.11727,-79.05988,2024-09-18T06:38:20.000000Z
2024,262.27663194444443,43.11727,-79.05988,2024-09-18T06:38:21.000000Z
2024,262.27664351851854,43.11727,-79.05988,2024-09-18T06:38:22.000000Z
2024,262.28684027777774,43.11734,-79.05984,2024-09-18T06:53:03.000000Z
2024,262.28685185185185,43.11734,-79.05984,2024-09-18T06:53:04.000000Z
2024,262.2868634259259,43.11734,-79.05983,2024-09-18T06:53:05.000000Z
2024,262.28687499999995,43.11733,-79.05982,2024-09-18T06:53:06.000000Z
2024,262.28688657407406,43.11734,-79.05982,2024-09-18T06:53:07.000000Z
2024,262.2868981481481,43.11734,-79.05982,2024-09-18T06:53:08.000000Z
2024,262.2869097222222,43.11734,-79.05982,2024-09-18T06:53:09.000000Z
2024,262.28692129629627,43.11734,-79.05982,2024-09-18T06:53:10.000000Z
2024,262.2869328703703,43.11734,-79.05982,2024-09-18T06:53:11.000000Z
2024,262.28694444444443,43.11734,-79.05982,2024-09-18T06:53:12.000000Z
2024,262.2869560185185,43.11734,-79.05983,2024-09-18T06:53:13.000000Z
2024,262.2869675925926,43.11734,-79.05983,2024-09-18T06:53:14.000000Z
2024,262.28697916666664,43.11734,-79.05983,2024-09-18T06:53:15.000000Z
2024,262.2869907407407,43.11734,-79.05983,2024-09-18T06:53:16.000000Z
2024,262.2870023148148,43.11734,-79.05982,2024-09-18T06:53:17.000000Z
2024,262.28701388888885,43.11735,-79.05982,2024-09-18T06:53:18.000000Z
2024,262.28702546296296,43.11735,-79.05982,2024-09-18T06:53:19.000000Z
2024,262.287037037037,43.11735,-79.05982,2024-09-18T06:53:20.000000Z
2024,262.28704861111106,43.11735,-79.05982,2024-09-18T06:53:21.000000Z
2024,262.28706018518517,43.11735,-79.05982,2024-09-18T06:53:22.000000Z
2024,262.29726851851854,43.11725,-79.05979,2024-09-18T07:08:04.000000Z
2024,262.2972800925926,43.11725,-79.05979,2024-09-18T07:08:05.000000Z
2024,262.29729166666664,43.11725,-79.05979,2024-09-18T07:08:06.000000Z
2024,262.29730324074075,43.11726,-79.05979,2024-09-18T07:08:07.000000Z
2024,262.2973148148148,43.11726,-79.05979,2024-09-18T07:08:08.000000Z
2024,262.2973263888889,43.11726,-79.05979,2024-09-18T07:08:09.000000Z
2024,262.29733796296296,43.11725,-79.05979,2024-09-18T07:08:10.000000Z
2024,262.297349537037,43.11725,-79.0598,2024-09-18T07:08:11.000000Z
2024,262.2973611111111,43.11725,-79.0598,2024-09-18T07:08:12.000000Z
2024,262.29737268518517,43.11725,-79.0598,2024-09-18T07:08:13.000000Z
2024,262.2973842592593,43.11724,-79.05981,2024-09-18T07:08:14.000000Z
2024,262.2973958333333,43.11724,-79.05981,2024-09-18T07:08:15.000000Z
2024,262.2974074074074,43.11724,-79.05981,2024-09-18T07:08:16.000000Z
2024,262.2974189814815,43.11725,-79.05981,2024-09-18T07:08:17.000000Z
2024,262.29743055555554,43.11725,-79.05981,2024-09-18T07:08:18.000000Z
2024,262.29744212962964,43.11725,-79.05982,2024-09-18T07:08:19.000000Z
2024,262.2974537037037,43.11725,-79.05982,2024-09-18T07:08:20.000000Z
2024,262.29746527777775,43.11725,-79.05982,2024-09-18T07:08:21.000000Z
2024,262.29747685185185,43.11725,-79.05982,2024-09-18T07:08:22.000000Z
2024,262.3076736111111,43.11734,-79.05978,2024-09-18T07:23:03.000000Z
2024,262.3076851851852,43.11734,-79.05977,2024-09-18T07:23:04.000000Z
2024,262.3076967592593,43.11733,-79.05977,2024-09-18T07:23:05.000000Z
2024,262.3077083333333,43.11734,-79.05977,2024-09-18T07:23:06.000000Z
2024,262.30771990740743,43.11733,-79.05978,2024-09-18T07:23:07.000000Z
2024,262.3077314814815,43.11732,-79.05979,2024-09-18T07:23:08.000000Z
2024,262.3077430555556,43.11732,-79.0598,2024-09-18T07:23:09.000000Z
2024,262.30775462962964,43.11731,-79.05981,2024-09-18T07:23:10.000000Z
2024,262.3077662037037,43.1173,-79.05982,2024-09-18T07:23:11.000000Z
2024,262.3077777777778,43.1173,-79.05982,2024-09-18T07:23:12.000000Z
2024,262.30778935185185,43.1173,-79.05982,2024-09-18T07:23:13.000000Z
2024,262.30780092592596,43.11729,-79.05982,2024-09-18T07:23:14.000000Z
2024,262.3078125,43.11729,-79.05982,2024-09-18T07:23:15.000000Z
2024,262.30782407407406,43.11729,-79.05982,2024-09-18T07:23:16.000000Z
2024,262.30783564814817,43.11729,-79.05982,2024-09-18T07:23:17.000000Z
2024,262.3078472222222,43.11729,-79.05982,2024-09-18T07:23:18.000000Z
2024,262.30785879629633,43.11728,-79.05982,2024-09-18T07:23:19.000000Z
2024,262.3078703703704,43.11728,-79.05983,2024-09-18T07:23:20.000000Z
2024,262.30788194444443,43.11728,-79.05983,2024-09-18T07:23:21.000000Z
2024,262.30789351851854,43.11727,-79.05984,2024-09-18T07:23:22.000000Z
2024,262.3180902777778,43.11733,-79.05944,2024-09-18T07:38:03.000000Z
2024,262.3181018518519,43.11734,-79.05945,2024-09-18T07:38:04.000000Z
2024,262.31811342592596,43.11734,-79.05946,2024-09-18T07:38:05.000000Z
2024,262.318125,43.11734,-79.05947,2024-09-18T07:38:06.000000Z
2024,262.3181365740741,43.11733,-79.05947,2024-09-18T07:38:07.000000Z
2024,262.31814814814817,43.11733,-79.05947,2024-09-18T07:38:08.000000Z
2024,262.3181597222223,43.11733,-79.05948,2024-09-18T07:38:09.000000Z
2024,262.3181712962963,43.11733,-79.05949,2024-09-18T07:38:10.000000Z
2024,262.3181828703704,43.11732,-79.0595,2024-09-18T07:38:11.000000Z
2024,262.3181944444445,43.11732,-79.0595,2024-09-18T07:38:12.000000Z
2024,262.31820601851854,43.11732,-79.0595,2024-09-18T07:38:13.000000Z
2024,262.31821759259265,43.11732,-79.0595,2024-09-18T07:38:14.000000Z
2024,262.31824074074075,43.11732,-79.0595,2024-09-18T07:38:16.000000Z
2024,262.31825231481486,43.11731,-79.05949,2024-09-18T07:38:17.000000Z
2024,262.3182638888889,43.11731,-79.05949,2024-09-18T07:38:18.000000Z
2024,262.318275462963,43.11731,-79.05949,2024-09-18T07:38:19.000000Z
2024,262.31828703703707,43.11731,-79.05949,2024-09-18T07:38:20.000000Z
2024,262.3182986111111,43.11731,-79.05949,2024-09-18T07:38:21.000000Z
2024,262.3183101851852,43.11731,-79.05949,2024-09-18T07:38:22.000000Z
2024,262.3285069444444,43.11738,-79.05959,2024-09-18T07:53:03.000000Z
2024,262.32851851851854,43.11738,-79.05959,2024-09-18T07:53:04.000000Z
2024,262.3285300925926,43.11738,-79.05958,2024-09-18T07:53:05.000000Z
2024,262.32854166666664,43.11738,-79.05957,2024-09-18T07:53:06.000000Z
2024,262.32855324074075,43.11738,-79.05957,2024-09-18T07:53:07.000000Z
2024,262.3285648148148,43.11738,-79.05957,2024-09-18T07:53:08.000000Z
2024,262.3285763888889,43.11738,-79.05956,2024-09-18T07:53:09.000000Z
2024,262.32858796296296,43.11738,-79.05956,2024-09-18T07:53:10.000000Z
2024,262.328599537037,43.11738,-79.05956,2024-09-18T07:53:11.000000Z
2024,262.3286111111111,43.11738,-79.05955,2024-09-18T07:53:12.000000Z
2024,262.32862268518517,43.11738,-79.05955,2024-09-18T07:53:13.000000Z
2024,262.3286342592593,43.11738,-79.05955,2024-09-18T07:53:14.000000Z
2024,262.3286458333333,43.11738,-79.05955,2024-09-18T07:53:15.000000Z
2024,262.3286574074074,43.11738,-79.05955,2024-09-18T07:53:16.000000Z
2024,262.3286689814815,43.11738,-79.05955,2024-09-18T07:53:17.000000Z
2024,262.32868055555554,43.11738,-79.05955,2024-09-18T07:53:18.000000Z
2024,262.32869212962964,43.11738,-79.05955,2024-09-18T07:53:19.000000Z
2024,262.3287037037037,43.11738,-79.05955,2024-09-18T07:53:20.000000Z
2024,262.32871527777775,43.11738,-79.05956,2024-09-18T07:53:21.000000Z
2024,262.32872685185185,43.11737,-79.05956,2024-09-18T07:53:22.000000Z
2024,262.33892361111106,43.11734,-79.05947,2024-09-18T08:08:03.000000Z
2024,262.33893518518516,43.11734,-79.05947,2024-09-18T08:08:04.000000Z
2024,262.3389467592592,43.11734,-79.05947,2024-09-18T08:08:05.000000Z
2024,262.33895833333327,43.11734,-79.05947,2024-09-18T08:08:06.000000Z
2024,262.3389699074074,43.11734,-79.05947,2024-09-18T08:08:07.000000Z
2024,262.3389814814814,43.11735,-79.05947,2024-09-18T08:08:08.000000Z
2024,262.33899305555553,43.11735,-79.05947,2024-09-18T08:08:09.000000Z
2024,262.3390046296296,43.11735,-79.05948,2024-09-18T08:08:10.000000Z
2024,262.33901620370364,43.11735,-79.05948,2024-09-18T08:08:11.000000Z
2024,262.33902777777774,43.11735,-79.05949,2024-09-18T08:08:12.000000Z
2024,262.3390393518518,43.11735,-79.05949,2024-09-18T08:08:13.000000Z
2024,262.3390509259259,43.11735,-79.05949,2024-09-18T08:08:14.000000Z
2024,262.33906249999995,43.11735,-79.0595,2024-09-18T08:08:15.000000Z
2024,262.339074074074,43.11735,-79.0595,2024-09-18T08:08:16.000000Z
2024,262.3390856481481,43.11735,-79.0595,2024-09-18T08:08:17.000000Z
2024,262.33909722222216,43.11735,-79.0595,2024-09-18T08:08:18.000000Z
2024,262.3391087962963,43.11735,-79.0595,2024-09-18T08:08:19.000000Z
2024,262.3391203703703,43.11735,-79.0595,2024-09-18T08:08:20.000000Z
2024,262.3391319444444,43.11735,-79.0595,2024-09-18T08:08:21.000000Z
2024,262.3391435185185,43.11735,-79.0595,2024-09-18T08:08:22.000000Z
2024,262.34934027777774,43.11728,-79.0596,2024-09-18T08:23:03.000000Z
2024,262.34935185185185,43.11729,-79.0596,2024-09-18T08:23:04.000000Z
2024,262.3493634259259,43.11729,-79.05961,2024-09-18T08:23:05.000000Z
2024,262.34937499999995,43.11729,-79.05962,2024-09-18T08:23:06.000000Z
2024,262.34938657407406,43.11729,-79.05962,2024-09-18T08:23:07.000000Z
2024,262.3493981481481,43.1173,-79.05962,2024-09-18T08:23:08.000000Z
2024,262.3494097222222,43.1173,-79.05963,2024-09-18T08:23:09.000000Z
2024,262.34942129629627,43.1173,-79.05963,2024-09-18T08:23:10.000000Z
2024,262.3494328703703,43.1173,-79.05963,2024-09-18T08:23:11.000000Z
2024,262.34944444444443,43.1173,-79.05962,2024-09-18T08:23:12.000000Z
2024,262.3494560185185,43.1173,-79.05961,2024-09-18T08:23:13.000000Z
2024,262.3494675925926,43.1173,-79.05961,2024-09-18T08:23:14.000000Z
2024,262.34947916666664,43.1173,-79.0596,2024-09-18T08:23:15.000000Z
2024,262.3494907407407,43.1173,-79.0596,2024-09-18T08:23:16.000000Z
2024,262.3495023148148,43.1173,-79.05959,2024-09-18T08:23:17.000000Z
2024,262.34951388888885,43.1173,-79.05958,2024-09-18T08:23:18.000000Z
2024,262.34952546296296,43.1173,-79.05957,2024-09-18T08:23:19.000000Z
2024,262.349537037037,43.1173,-79.05957,2024-09-18T08:23:20.000000Z
2024,262.34954861111106,43.1173,-79.05957,2024-09-18T08:23:21.000000Z
2024,262.34956018518517,43.1173,-79.05956,2024-09-18T08:23:22.000000Z
2024,262.3597569444444,43.1174,-79.05953,2024-09-18T08:38:03.000000Z
2024,262.35976851851854,43.1174,-79.0595,2024-09-18T08:38:04.000000Z
2024,262.3597800925926,43.1174,-79.05948,2024-09-18T08:38:05.000000Z
2024,262.35979166666664,43.11741,-79.05947,2024-09-18T08:38:06.000000Z
2024,262.35980324074075,43.1174,-79.05947,2024-09-18T08:38:07.000000Z
2024,262.3598148148148,43.1174,-79.05947,2024-09-18T08:38:08.000000Z
2024,262.3598263888889,43.1174,-79.05947,2024-09-18T08:38:09.000000Z
2024,262.35983796296296,43.1174,-79.05947,2024-09-18T08:38:10.000000Z
2024,262.359849537037,43.1174,-79.05946,2024-09-18T08:38:11.000000Z
2024,262.3598611111111,43.1174,-79.05946,2024-09-18T08:38:12.000000Z
2024,262.35987268518517,43.1174,-79.05945,2024-09-18T08:38:13.000000Z
2024,262.3598842592593,43.11739,-79.05945,2024-09-18T08:38:14.000000Z
2024,262.3598958333333,43.11739,-79.05946,2024-09-18T08:38:15.000000Z
2024,262.3599074074074,43.11739,-79.05947,2024-09-18T08:38:16.000000Z
2024,262.3599189814815,43.11738,-79.05947,2024-09-18T08:38:17.000000Z
2024,262.35993055555554,43.11738,-79.05948,2024-09-18T08:38:18.000000Z
2024,262.35994212962964,43.11738,-79.05948,2024-09-18T08:38:19.000000Z
2024,262.3599537037037,43.11738,-79.05948,2024-09-18T08:38:20.000000Z
2024,262.35996527777775,43.11738,-79.05948,2024-09-18T08:38:21.000000Z
2024,262.35997685185185,43.11738,-79.05948,2024-09-18T08:38:22.000000Z
2024,262.37017361111106,43.11735,-79.05968,2024-09-18T08:53:03.000000Z
2024,262.37018518518516,43.11735,-79.05968,2024-09-18T08:53:04.000000Z
2024,262.3701967592592,43.11735,-79.05967,2024-09-18T08:53:05.000000Z
2024,262.37020833333327,43.11735,-79.05967,2024-09-18T08:53:06.000000Z
2024,262.3702199074074,43.11735,-79.05966,2024-09-18T08:53:07.000000Z
2024,262.3702314814814,43.11734,-79.05966,2024-09-18T08:53:08.000000Z
2024,262.37024305555553,43.11734,-79.05966,2024-09-18T08:53:09.000000Z
2024,262.3702546296296,43.11734,-79.05966,2024-09-18T08:53:10.000000Z
2024,262.37026620370364,43.11734,-79.05965,2024-09-18T08:53:11.000000Z
2024,262.37027777777774,43.11733,-79.05964,2024-09-18T08:53:12.000000Z
2024,262.3702893518518,43.11733,-79.05963,2024-09-18T08:53:13.000000Z
2024,262.3703009259259,43.11732,-79.05963,2024-09-18T08:53:14.000000Z
2024,262.37031249999995,43.11732,-79.05963,2024-09-18T08:53:15.000000Z
2024,262.370324074074,43.11732,-79.05962,2024-09-18T08:53:16.000000Z
2024,262.3703356481481,43.11732,-79.05961,2024-09-18T08:53:17.000000Z
2024,262.37034722222216,43.11732,-79.0596,2024-09-18T08:53:18.000000Z
2024,262.3703587962963,43.11731,-79.0596,2024-09-18T08:53:19.000000Z
2024,262.3703703703703,43.11731,-79.0596,2024-09-18T08:53:20.000000Z
2024,262.3703819444444,43.11731,-79.0596,2024-09-18T08:53:21.000000Z
2024,262.3703935185185,43.11731,-79.05959,2024-09-18T08:53:22.000000Z
2024,262.3806134259259,43.11722,-79.05965,2024-09-18T09:08:05.000000Z
2024,262.38062499999995,43.11721,-79.05965,2024-09-18T09:08:06.000000Z
2024,262.38063657407406,43.11719,-79.05965,2024-09-18T09:08:07.000000Z
2024,262.3806481481481,43.11719,-79.05966,2024-09-18T09:08:08.000000Z
2024,262.3806597222222,43.11718,-79.05966,2024-09-18T09:08:09.000000Z
2024,262.38067129629627,43.11718,-79.05966,2024-09-18T09:08:10.000000Z
2024,262.3806828703703,43.11718,-79.05967,2024-09-18T09:08:11.000000Z
2024,262.38069444444443,43.11717,-79.05968,2024-09-18T09:08:12.000000Z
2024,262.3807060185185,43.11717,-79.05968,2024-09-18T09:08:13.000000Z
2024,262.3807175925926,43.11717,-79.05968,2024-09-18T09:08:14.000000Z
2024,262.38072916666664,43.11717,-79.05969,2024-09-18T09:08:15.000000Z
2024,262.3807407407407,43.11717,-79.05969,2024-09-18T09:08:16.000000Z
2024,262.3807523148148,43.11717,-79.0597,2024-09-18T09:08:17.000000Z
2024,262.38076388888885,43.11717,-79.0597,2024-09-18T09:08:18.000000Z
2024,262.38077546296296,43.11717,-79.0597,2024-09-18T09:08:19.000000Z
2024,262.380787037037,43.11717,-79.0597,2024-09-18T09:08:20.000000Z
2024,262.38079861111106,43.11718,-79.0597,2024-09-18T09:08:21.000000Z
2024,262.38081018518517,43.11718,-79.0597,2024-09-18T09:08:22.000000Z
2024,262.3808217592592,43.11719,-79.0597,2024-09-18T09:08:23.000000Z
2024,262.3808333333333,43.11719,-79.0597,2024-09-18T09:08:24.000000Z
2024,262.3910069444444,43.11712,-79.05969,2024-09-18T09:23:03.000000Z
2024,262.39101851851854,43.11712,-79.05968,2024-09-18T09:23:04.000000Z
2024,262.3910300925926,43.11712,-79.05969,2024-09-18T09:23:05.000000Z
2024,262.39104166666664,43.11711,-79.05969,2024-09-18T09:23:06.000000Z
2024,262.39105324074075,43.11711,-79.05968,2024-09-18T09:23:07.000000Z
2024,262.3910648148148,43.11711,-79.05968,2024-09-18T09:23:08.000000Z
2024,262.3910763888889,43.11711,-79.05968,2024-09-18T09:23:09.000000Z
2024,262.39108796296296,43.11711,-79.05968,2024-09-18T09:23:10.000000Z
2024,262.391099537037,43.11711,-79.05969,2024-09-18T09:23:11.000000Z
2024,262.3911111111111,43.11712,-79.0597,2024-09-18T09:23:12.000000Z
2024,262.39112268518517,43.11712,-79.0597,2024-09-18T09:23:13.000000Z
2024,262.3911342592593,43.11712,-79.0597,2024-09-18T09:23:14.000000Z
2024,262.3911458333333,43.11713,-79.0597,2024-09-18T09:23:15.000000Z
2024,262.3911574074074,43.11713,-79.0597,2024-09-18T09:23:16.000000Z
2024,262.3911689814815,43.11713,-79.05971,2024-09-18T09:23:17.000000Z
2024,262.39118055555554,43.11713,-79.05971,2024-09-18T09:23:18.000000Z
2024,262.39119212962964,43.11713,-79.05972,2024-09-18T09:23:19.000000Z
2024,262.3912037037037,43.11713,-79.05972,2024-09-18T09:23:20.000000Z
2024,262.39121527777775,43.11713,-79.05972,2024-09-18T09:23:21.000000Z
2024,262.39122685185185,43.11713,-79.05972,2024-09-18T09:23:22.000000Z
2024,262.4014236111111,43.11699,-79.05963,2024-09-18T09:38:03.000000Z
2024,262.4014351851852,43.117,-79.05963,2024-09-18T09:38:04.000000Z
2024,262.4014467592593,43.117,-79.05963,2024-09-18T09:38:05.000000Z
2024,262.4014583333333,43.11701,-79.05963,2024-09-18T09:38:06.000000Z
2024,262.40146990740743,43.11701,-79.05964,2024-09-18T09:38:07.000000Z
2024,262.4014814814815,43.11701,-79.05964,2024-09-18T09:38:08.000000Z
2024,262.4014930555556,43.11702,-79.05965,2024-09-18T09:38:09.000000Z
2024,262.40150462962964,43.11702,-79.05966,2024-09-18T09:38:10.000000Z
2024,262.4015162037037,43.11703,-79.05966,2024-09-18T09:38:11.000000Z
2024,262.4015277777778,43.11703,-79.05967,2024-09-18T09:38:12.000000Z
2024,262.40153935185185,43.11704,-79.05968,2024-09-18T09:38:13.000000Z
2024,262.40155092592596,43.11704,-79.05968,2024-09-18T09:38:14.000000Z
2024,262.4015625,43.11705,-79.05968,2024-09-18T09:38:15.000000Z
2024,262.40157407407406,43.11705,-79.05969,2024-09-18T09:38:16.000000Z
2024,262.40158564814817,43.11706,-79.05969,2024-09-18T09:38:17.000000Z
2024,262.4015972222222,43.11706,-79.05969,2024-09-18T09:38:18.000000Z
2024,262.40160879629633,43.11706,-79.05969,2024-09-18T09:38:19.000000Z
2024,262.4016203703704,43.11706,-79.05969,2024-09-18T09:38:20.000000Z
2024,262.40163194444443,43.11706,-79.05969,2024-09-18T09:38:21.000000Z
2024,262.40164351851854,43.11707,-79.05969,2024-09-18T09:38:22.000000Z
2024,262.41184027777774,43.11711,-79.05965,2024-09-18T09:53:03.000000Z
2024,262.41185185185185,43.11712,-79.05965,2024-09-18T09:53:04.000000Z
2024,262.4118634259259,43.11711,-79.05966,2024-09-18T09:53:05.000000Z
2024,262.41187499999995,43.11711,-79.05965,2024-09-18T09:53:06.000000Z
2024,262.41188657407406,43.11712,-79.05966,2024-09-18T09:53:07.000000Z
2024,262.4118981481481,43.11712,-79.05966,2024-09-18T09:53:08.000000Z
2024,262.4119097222222,43.11713,-79.05966,2024-09-18T09:53:09.000000Z
2024,262.41192129629627,43.11712,-79.05966,2024-09-18T09:53:10.000000Z
2024,262.4119328703703,43.11713,-79.05967,2024-09-18T09:53:11.000000Z
2024,262.41194444444443,43.11714,-79.05968,2024-09-18T09:53:12.000000Z
2024,262.4119560185185,43.11714,-79.05969,2024-09-18T09:53:13.000000Z
2024,262.4119675925926,43.11714,-79.05969,2024-09-18T09:53:14.000000Z
2024,262.41197916666664,43.11714,-79.05969,2024-09-18T09:53:15.000000Z
2024,262.4119907407407,43.11714,-79.0597,2024-09-18T09:53:16.000000Z
2024,262.4120023148148,43.11714,-79.0597,2024-09-18T09:53:17.000000Z
2024,262.41201388888885,43.11715,-79.0597,2024-09-18T09:53:18.000000Z
2024,262.41202546296296,43.11716,-79.0597,2024-09-18T09:53:19.000000Z
2024,262.412037037037,43.11717,-79.0597,2024-09-18T09:53:20.000000Z
2024,262.41204861111106,43.11717,-79.0597,2024-09-18T09:53:21.000000Z
2024,262.41206018518517,43.11718,-79.0597,2024-09-18T09:53:22.000000Z
2024,262.4222800925926,43.11711,-79.05963,2024-09-18T10:08:05.000000Z
2024,262.42229166666664,43.11711,-79.05964,2024-09-18T10:08:06.000000Z
2024,262.42230324074075,43.11711,-79.05964,2024-09-18T10:08:07.000000Z
2024,262.4223148148148,43.11711,-79.05965,2024-09-18T10:08:08.000000Z
2024,262.4223263888889,43.11711,-79.05965,2024-09-18T10:08:09.000000Z
2024,262.42233796296296,43.11711,-79.05965,2024-09-18T10:08:10.000000Z
2024,262.422349537037,43.11711,-79.05966,2024-09-18T10:08:11.000000Z
2024,262.4223611111111,43.11711,-79.05966,2024-09-18T10:08:12.000000Z
2024,262.42237268518517,43.11711,-79.05966,2024-09-18T10:08:13.000000Z
2024,262.4223842592593,43.11711,-79.05966,2024-09-18T10:08:14.000000Z
2024,262.4223958333333,43.11711,-79.05965,2024-09-18T10:08:15.000000Z
2024,262.4224074074074,43.1171,-79.05965,2024-09-18T10:08:16.000000Z
2024,262.4224189814815,43.1171,-79.05965,2024-09-18T10:08:17.000000Z
2024,262.42243055555554,43.1171,-79.05965,2024-09-18T10:08:18.000000Z
2024,262.42244212962964,43.1171,-79.05965,2024-09-18T10:08:19.000000Z
2024,262.4224537037037,43.1171,-79.05965,2024-09-18T10:08:20.000000Z
2024,262.42246527777775,43.11709,-79.05965,2024-09-18T10:08:21.000000Z
2024,262.42247685185185,43.11709,-79.05965,2024-09-18T10:08:22.000000Z
2024,262.4224884259259,43.11709,-79.05965,2024-09-18T10:08:23.000000Z
2024,262.4326967592593,43.11714,-79.05965,2024-09-18T10:23:05.000000Z
2024,262.4327083333333,43.11716,-79.05965,2024-09-18T10:23:06.000000Z
2024,262.43271990740743,43.11716,-79.05966,2024-09-18T10:23:07.000000Z
2024,262.4327314814815,43.11717,-79.05966,2024-09-18T10:23:08.000000Z
2024,262.4327430555556,43.11716,-79.05965,2024-09-18T10:23:09.000000Z
2024,262.43275462962964,43.11724,-79.05969,2024-09-18T10:23:10.000000Z
2024,262.4327662037037,43.11722,-79.05968,2024-09-18T10:23:11.000000Z
2024,262.4327777777778,43.11722,-79.05969,2024-09-18T10:23:12.000000Z
2024,262.43278935185185,43.11724,-79.05969,2024-09-18T10:23:13.000000Z
2024,262.43280092592596,43.11723,-79.05969,2024-09-18T10:23:14.000000Z
2024,262.4328125,43.11723,-79.0597,2024-09-18T10:23:15.000000Z
2024,262.43282407407406,43.11722,-79.0597,2024-09-18T10:23:16.000000Z
2024,262.43283564814817,43.11724,-79.0597,2024-09-18T10:23:17.000000Z
2024,262.4328472222222,43.11724,-79.05971,2024-09-18T10:23:18.000000Z
2024,262.43285879629633,43.11724,-79.05971,2024-09-18T10:23:19.000000Z
2024,262.4328703703704,43.11724,-79.05971,2024-09-18T10:23:20.000000Z
2024,262.43288194444443,43.11724,-79.05971,2024-09-18T10:23:21.000000Z
2024,262.43289351851854,43.11725,-79.05971,2024-09-18T10:23:22.000000Z
2024,262.4329050925926,43.11725,-79.05971,2024-09-18T10:23:23.000000Z
2024,262.44311342592596,43.1174,-79.05976,2024-09-18T10:38:05.000000Z
2024,262.443125,43.11739,-79.05977,2024-09-18T10:38:06.000000Z
2024,262.4431365740741,43.11739,-79.05977,2024-09-18T10:38:07.000000Z
2024,262.44314814814817,43.11738,-79.05977,2024-09-18T10:38:08.000000Z
2024,262.4431597222223,43.11738,-79.05977,2024-09-18T10:38:09.000000Z
2024,262.4431712962963,43.11738,-79.05977,2024-09-18T10:38:10.000000Z
2024,262.4431828703704,43.11737,-79.05978,2024-09-18T10:38:11.000000Z
2024,262.4431944444445,43.11737,-79.05978,2024-09-18T10:38:12.000000Z
2024,262.44320601851854,43.11737,-79.05978,2024-09-18T10:38:13.000000Z
2024,262.44321759259265,43.11737,-79.05978,2024-09-18T10:38:14.000000Z
2024,262.4432291666667,43.11737,-79.05979,2024-09-18T10:38:15.000000Z
2024,262.44324074074075,43.11736,-79.05979,2024-09-18T10:38:16.000000Z
2024,262.44325231481486,43.11736,-79.05979,2024-09-18T10:38:17.000000Z
2024,262.4432638888889,43.11735,-79.05979,2024-09-18T10:38:18.000000Z
2024,262.443275462963,43.11735,-79.05979,2024-09-18T10:38:19.000000Z
2024,262.44328703703707,43.11735,-79.05979,2024-09-18T10:38:20.000000Z
2024,262.4432986111111,43.11735,-79.05979,2024-09-18T10:38:21.000000Z
2024,262.4433101851852,43.11735,-79.05979,2024-09-18T10:38:22.000000Z
2024,262.4433217592593,43.11734,-79.05979,2024-09-18T10:38:23.000000Z
2024,262.4535300925926,43.11732,-79.05978,2024-09-18T10:53:05.000000Z
2024,262.45354166666664,43.11732,-79.05977,2024-09-18T10:53:06.000000Z
2024,262.45355324074075,43.11732,-79.05977,2024-09-18T10:53:07.000000Z
2024,262.4535648148148,43.11731,-79.05976,2024-09-18T10:53:08.000000Z
2024,262.4535763888889,43.11731,-79.05976,2024-09-18T10:53:09.000000Z
2024,262.45358796296296,43.11731,-79.05976,2024-09-18T10:53:10.000000Z
2024,262.453599537037,43.11731,-79.05976,2024-09-18T10:53:11.000000Z
2024,262.4536111111111,43.11731,-79.05975,2024-09-18T10:53:12.000000Z
2024,262.45362268518517,43.1173,-79.05975,2024-09-18T10:53:13.000000Z
2024,262.4536342592593,43.1173,-79.05975,2024-09-18T10:53:14.000000Z
2024,262.4536458333333,43.1173,-79.05974,2024-09-18T10:53:15.000000Z
2024,262.4536574074074,43.1173,-79.05974,2024-09-18T10:53:16.000000Z
2024,262.4536689814815,43.1173,-79.05973,2024-09-18T10:53:17.000000Z
2024,262.45368055555554,43.1173,-79.05973,2024-09-18T10:53:18.000000Z
2024,262.45369212962964,43.1173,-79.05973,2024-09-18T10:53:19.000000Z
2024,262.4537037037037,43.1173,-79.05972,2024-09-18T10:53:20.000000Z
2024,262.45371527777775,43.1173,-79.05972,2024-09-18T10:53:21.000000Z
2024,262.45372685185185,43.1173,-79.05972,2024-09-18T10:53:22.000000Z
2024,262.4537384259259,43.11729,-79.05972,2024-09-18T10:53:23.000000Z
2024,262.4639467592592,43.11734,-79.05966,2024-09-18T11:08:05.000000Z
2024,262.46395833333327,43.11734,-79.05966,2024-09-18T11:08:06.000000Z
2024,262.4639699074074,43.11734,-79.05966,2024-09-18T11:08:07.000000Z
2024,262.4639814814814,43.11734,-79.05966,2024-09-18T11:08:08.000000Z
2024,262.46399305555553,43.11734,-79.05966,2024-09-18T11:08:09.000000Z
2024,262.4640046296296,43.11734,-79.05966,2024-09-18T11:08:10.000000Z
2024,262.46401620370364,43.11733,-79.05966,2024-09-18T11:08:11.000000Z
2024,262.46402777777774,43.11733,-79.05966,2024-09-18T11:08:12.000000Z
2024,262.4640393518518,43.11733,-79.05966,2024-09-18T11:08:13.000000Z
2024,262.4640509259259,43.11733,-79.05966,2024-09-18T11:08:14.000000Z
2024,262.46406249999995,43.11734,-79.05966,2024-09-18T11:08:15.000000Z
2024,262.464074074074,43.11733,-79.05966,2024-09-18T11:08:16.000000Z
2024,262.4640856481481,43.11734,-79.05967,2024-09-18T11:08:17.000000Z
2024,262.46409722222216,43.11734,-79.05967,2024-09-18T11:08:18.000000Z
2024,262.4641087962963,43.11734,-79.05966,2024-09-18T11:08:19.000000Z
2024,262.4641203703703,43.11734,-79.05966,2024-09-18T11:08:20.000000Z
2024,262.4641319444444,43.11734,-79.05966,2024-09-18T11:08:21.000000Z
2024,262.4641435185185,43.11734,-79.05966,2024-09-18T11:08:22.000000Z
2024,262.46415509259253,43.11734,-79.05966,2024-09-18T11:08:23.000000Z
2024,262.4743634259259,43.11727,-79.05961,2024-09-18T11:23:05.000000Z
2024,262.47437499999995,43.11727,-79.05962,2024-09-18T11:23:06.000000Z
2024,262.47438657407406,43.11727,-79.05962,2024-09-18T11:23:07.000000Z
2024,262.4743981481481,43.11727,-79.05963,2024-09-18T11:23:08.000000Z
2024,262.4744097222222,43.11728,-79.05963,2024-09-18T11:23:09.000000Z
2024,262.47442129629627,43.11729,-79.05963,2024-09-18T11:23:10.000000Z
2024,262.4744328703703,43.11729,-79.05963,2024-09-18T11:23:11.000000Z
2024,262.47444444444443,43.11729,-79.05963,2024-09-18T11:23:12.000000Z
2024,262.4744560185185,43.11729,-79.05964,2024-09-18T11:23:13.000000Z
2024,262.4744675925926,43.11729,-79.05964,2024-09-18T11:23:14.000000Z
2024,262.47447916666664,43.1173,-79.05964,2024-09-18T11:23:15.000000Z
2024,262.4744907407407,43.1173,-79.05964,2024-09-18T11:23:16.000000Z
2024,262.4745023148148,43.1173,-79.05964,2024-09-18T11:23:17.000000Z
2024,262.47451388888885,43.11731,-79.05964,2024-09-18T11:23:18.000000Z
2024,262.47452546296296,43.11731,-79.05965,2024-09-18T11:23:19.000000Z
2024,262.474537037037,43.11732,-79.05965,2024-09-18T11:23:20.000000Z
2024,262.47454861111106,43.11732,-79.05965,2024-09-18T11:23:21.000000Z
2024,262.47456018518517,43.11732,-79.05965,2024-09-18T11:23:22.000000Z
2024,262.4745717592592,43.11732,-79.05965,2024-09-18T11:23:23.000000Z
2024,262.4847800925926,43.11728,-79.05974,2024-09-18T11:38:05.000000Z
2024,262.48479166666664,43.11728,-79.05975,2024-09-18T11:38:06.000000Z
2024,262.48480324074075,43.11728,-79.05976,2024-09-18T11:38:07.000000Z
2024,262.4848148148148,43.1173,-79.05976,2024-09-18T11:38:08.000000Z
2024,262.4848263888889,43.11731,-79.05977,2024-09-18T11:38:09.000000Z
2024,262.48483796296296,43.11732,-79.05979,2024-09-18T11:38:10.000000Z
2024,262.484849537037,43.11734,-79.0598,2024-09-18T11:38:11.000000Z
2024,262.4848611111111,43.11735,-79.05981,2024-09-18T11:38:12.000000Z
2024,262.48487268518517,43.11736,-79.05981,2024-09-18T11:38:13.000000Z
2024,262.4848842592593,43.11736,-79.05981,2024-09-18T11:38:14.000000Z
2024,262.4848958333333,43.11736,-79.05981,2024-09-18T11:38:15.000000Z
2024,262.4849074074074,43.11736,-79.05981,2024-09-18T11:38:16.000000Z
2024,262.4849189814815,43.11736,-79.05981,2024-09-18T11:38:17.000000Z
2024,262.48493055555554,43.11735,-79.0598,2024-09-18T11:38:18.000000Z
2024,262.48494212962964,43.11735,-79.0598,2024-09-18T11:38:19.000000Z
2024,262.4849537037037,43.11735,-79.05979,2024-09-18T11:38:20.000000Z
2024,262.48496527777775,43.11735,-79.05979,2024-09-18T11:38:21.000000Z
2024,262.48497685185185,43.11735,-79.05979,2024-09-18T11:38:22.000000Z
2024,262.4849884259259,43.11735,-79.05979,2024-09-18T11:38:23.000000Z
2024,262.4951967592592,43.11737,-79.0596,2024-09-18T11:53:05.000000Z
2024,262.49520833333327,43.11737,-79.0596,2024-09-18T11:53:06.000000Z
2024,262.4952199074074,43.11736,-79.0596,2024-09-18T11:53:07.000000Z
2024,262.4952314814814,43.11735,-79.05962,2024-09-18T11:53:08.000000Z
2024,262.49524305555553,43.11735,-79.05962,2024-09-18T11:53:09.000000Z
2024,262.4952546296296,43.11734,-79.05961,2024-09-18T11:53:10.000000Z
2024,262.49526620370364,43.11734,-79.0596,2024-09-18T11:53:11.000000Z
2024,262.49527777777774,43.11733,-79.0596,2024-09-18T11:53:12.000000Z
2024,262.4952893518518,43.11733,-79.0596,2024-09-18T11:53:13.000000Z
2024,262.4953009259259,43.11733,-79.0596,2024-09-18T11:53:14.000000Z
2024,262.49531249999995,43.11732,-79.0596,2024-09-18T11:53:15.000000Z
2024,262.4953356481481,43.11732,-79.0596,2024-09-18T11:53:17.000000Z
2024,262.49534722222216,43.11732,-79.0596,2024-09-18T11:53:18.000000Z
2024,262.4953587962963,43.11732,-79.05958,2024-09-18T11:53:19.000000Z
2024,262.4953703703703,43.11731,-79.05957,2024-09-18T11:53:20.000000Z
2024,262.4953819444444,43.11731,-79.05957,2024-09-18T11:53:21.000000Z
2024,262.4953935185185,43.1173,-79.05955,2024-09-18T11:53:22.000000Z
2024,262.49540509259253,43.1173,-79.05953,2024-09-18T11:53:23.000000Z
2024,262.5056134259259,43.11746,-79.05947,2024-09-18T12:08:05.000000Z
2024,262.50562499999995,43.11747,-79.05946,2024-09-18T12:08:06.000000Z
2024,262.50563657407406,43.11746,-79.05946,2024-09-18T12:08:07.000000Z
2024,262.5056481481481,43.11746,-79.05946,2024-09-18T12:08:08.000000Z
2024,262.5056597222222,43.11746,-79.05946,2024-09-18T12:08:09.000000Z
2024,262.50567129629627,43.11746,-79.05946,2024-09-18T12:08:10.000000Z
2024,262.5056828703703,43.11745,-79.05946,2024-09-18T12:08:11.000000Z
2024,262.50569444444443,43.11746,-79.05945,2024-09-18T12:08:12.000000Z
2024,262.5057060185185,43.11745,-79.05946,2024-09-18T12:08:13.000000Z
2024,262.5057175925926,43.11745,-79.05946,2024-09-18T12:08:14.000000Z
2024,262.50572916666664,43.11745,-79.05946,2024-09-18T12:08:15.000000Z
2024,262.5057407407407,43.11744,-79.05946,2024-09-18T12:08:16.000000Z
2024,262.5057523148148,43.11744,-79.05946,2024-09-18T12:08:17.000000Z
2024,262.50576388888885,43.11744,-79.05946,2024-09-18T12:08:18.000000Z
2024,262.50577546296296,43.11745,-79.05945,2024-09-18T12:08:19.000000Z
2024,262.505787037037,43.11745,-79.05945,2024-09-18T12:08:20.000000Z
2024,262.50579861111106,43.11745,-79.05945,2024-09-18T12:08:21.000000Z
2024,262.50581018518517,43.11745,-79.05945,2024-09-18T12:08:22.000000Z
2024,262.5058217592592,43.11745,-79.05945,2024-09-18T12:08:23.000000Z
2024,262.5160300925926,43.11745,-79.05964,2024-09-18T12:23:05.000000Z
2024,262.51604166666664,43.11745,-79.05963,2024-09-18T12:23:06.000000Z
2024,262.51605324074075,43.11745,-79.05963,2024-09-18T12:23:07.000000Z
2024,262.5160648148148,43.11745,-79.05963,2024-09-18T12:23:08.000000Z
2024,262.5160763888889,43.11744,-79.05963,2024-09-18T12:23:09.000000Z
2024,262.51608796296296,43.11742,-79.05963,2024-09-18T12:23:10.000000Z
2024,262.516099537037,43.11741,-79.05961,2024-09-18T12:23:11.000000Z
2024,262.5161111111111,43.1174,-79.0596,2024-09-18T12:23:12.000000Z
2024,262.51612268518517,43.11738,-79.05959,2024-09-18T12:23:13.000000Z
2024,262.5161342592593,43.11737,-79.05958,2024-09-18T12:23:14.000000Z
2024,262.5161458333333,43.11737,-79.05957,2024-09-18T12:23:15.000000Z
2024,262.5161574074074,43.11735,-79.05956,2024-09-18T12:23:16.000000Z
2024,262.5161689814815,43.11735,-79.05955,2024-09-18T12:23:17.000000Z
2024,262.51618055555554,43.11734,-79.05954,2024-09-18T12:23:18.000000Z
2024,262.51619212962964,43.11733,-79.05953,2024-09-18T12:23:19.000000Z
2024,262.5162037037037,43.11732,-79.05953,2024-09-18T12:23:20.000000Z
2024,262.51621527777775,43.11732,-79.05952,2024-09-18T12:23:21.000000Z
2024,262.51622685185185,43.11732,-79.05952,2024-09-18T12:23:22.000000Z
2024,262.5162384259259,43.11731,-79.05951,2024-09-18T12:23:23.000000Z
2024,262.5264467592593,43.11734,-79.0596,2024-09-18T12:38:05.000000Z
2024,262.5264583333333,43.11734,-79.0596,2024-09-18T12:38:06.000000Z
2024,262.52646990740743,43.11734,-79.0596,2024-09-18T12:38:07.000000Z
2024,262.5264814814815,43.11734,-79.0596,2024-09-18T12:38:08.000000Z
2024,262.5264930555556,43.11735,-79.0596,2024-09-18T12:38:09.000000Z
2024,262.52650462962964,43.11734,-79.0596,2024-09-18T12:38:10.000000Z
2024,262.5265162037037,43.11734,-79.05959,2024-09-18T12:38:11.000000Z
2024,262.5265277777778,43.11734,-79.05959,2024-09-18T12:38:12.000000Z
2024,262.52653935185185,43.11733,-79.05958,2024-09-18T12:38:13.000000Z
2024,262.52655092592596,43.11733,-79.05958,2024-09-18T12:38:14.000000Z
2024,262.5265625,43.11733,-79.05958,2024-09-18T12:38:15.000000Z
2024,262.52657407407406,43.11733,-79.05958,2024-09-18T12:38:16.000000Z
2024,262.52658564814817,43.11732,-79.05958,2024-09-18T12:38:17.000000Z
2024,262.5265972222222,43.11732,-79.05957,2024-09-18T12:38:18.000000Z
2024,262.52660879629633,43.11731,-79.05957,2024-09-18T12:38:19.000000Z
2024,262.5266203703704,43.11731,-79.05957,2024-09-18T12:38:20.000000Z
2024,262.52663194444443,43.11731,-79.05957,2024-09-18T12:38:21.000000Z
2024,262.52664351851854,43.1173,-79.05957,2024-09-18T12:38:22.000000Z
2024,262.5266550925926,43.1173,-79.05957,2024-09-18T12:38:23.000000Z
2024,262.5368634259259,43.11723,-79.05941,2024-09-18T12:53:05.000000Z
2024,262.53687499999995,43.11723,-79.05941,2024-09-18T12:53:06.000000Z
2024,262.53688657407406,43.11723,-79.05941,2024-09-18T12:53:07.000000Z
2024,262.5368981481481,43.11723,-79.05941,2024-09-18T12:53:08.000000Z
2024,262.5369097222222,43.11723,-79.05941,2024-09-18T12:53:09.000000Z
2024,262.53692129629627,43.11723,-79.05941,2024-09-18T12:53:10.000000Z
2024,262.5369328703703,43.11723,-79.0594,2024-09-18T12:53:11.000000Z
2024,262.53694444444443,43.11722,-79.05941,2024-09-18T12:53:12.000000Z
2024,262.5369560185185,43.11722,-79.05941,2024-09-18T12:53:13.000000Z
2024,262.5369675925926,43.11722,-79.0594,2024-09-18T12:53:14.000000Z
2024,262.53697916666664,43.11721,-79.05941,2024-09-18T12:53:15.000000Z
2024,262.5369907407407,43.11722,-79.05941,2024-09-18T12:53:16.000000Z
2024,262.5370023148148,43.11723,-79.05942,2024-09-18T12:53:17.000000Z
2024,262.53701388888885,43.11724,-79.05944,2024-09-18T12:53:18.000000Z
2024,262.53702546296296,43.11724,-79.05944,2024-09-18T12:53:19.000000Z
2024,262.537037037037,43.11724,-79.05945,2024-09-18T12:53:20.000000Z
2024,262.53704861111106,43.11725,-79.05946,2024-09-18T12:53:21.000000Z
2024,262.53706018518517,43.11725,-79.05947,2024-09-18T12:53:22.000000Z
2024,262.5370717592592,43.11726,-79.05947,2024-09-18T12:53:23.000000Z
2024,262.5472800925926,43.11723,-79.05953,2024-09-18T13:08:05.000000Z
2024,262.54729166666664,43.11723,-79.05953,2024-09-18T13:08:06.000000Z
2024,262.54730324074075,43.11723,-79.05953,2024-09-18T13:08:07.000000Z
2024,262.5473148148148,43.11723,-79.05953,2024-09-18T13:08:08.000000Z
2024,262.5473263888889,43.11723,-79.05953,2024-09-18T13:08:09.000000Z
2024,262.54733796296296,43.11723,-79.05953,2024-09-18T13:08:10.000000Z
2024,262.547349537037,43.11723,-79.05953,2024-09-18T13:08:11.000000Z
2024,262.5473611111111,43.11723,-79.05953,2024-09-18T13:08:12.000000Z
2024,262.54737268518517,43.11723,-79.05953,2024-09-18T13:08:13.000000Z
2024,262.5473842592593,43.11724,-79.05953,2024-09-18T13:08:14.000000Z
2024,262.5473958333333,43.11724,-79.05954,2024-09-18T13:08:15.000000Z
2024,262.5474074074074,43.11724,-79.05954,2024-09-18T13:08:16.000000Z
2024,262.5474189814815,43.11724,-79.05954,2024-09-18T13:08:17.000000Z
2024,262.54743055555554,43.11725,-79.05954,2024-09-18T13:08:18.000000Z
2024,262.54744212962964,43.11725,-79.05954,2024-09-18T13:08:19.000000Z
2024,262.5474537037037,43.11725,-79.05954,2024-09-18T13:08:20.000000Z
2024,262.54746527777775,43.11725,-79.05954,2024-09-18T13:08:21.000000Z
2024,262.54747685185185,43.11725,-79.05954,2024-09-18T13:08:22.000000Z
2024,262.5474884259259,43.11725,-79.05954,2024-09-18T13:08:23.000000Z
2024,262.5576967592593,43.11726,-79.05968,2024-09-18T13:23:05.000000Z
2024,262.5577083333333,43.11726,-79.05969,2024-09-18T13:23:06.000000Z
2024,262.55771990740743,43.11725,-79.05969,2024-09-18T13:23:07.000000Z
2024,262.5577314814815,43.11725,-79.05969,2024-09-18T13:23:08.000000Z
2024,262.5577430555556,43.11725,-79.05969,2024-09-18T13:23:09.000000Z
2024,262.55775462962964,43.11724,-79.0597,2024-09-18T13:23:10.000000Z
2024,262.5577662037037,43.11723,-79.0597,2024-09-18T13:23:11.000000Z
2024,262.5577777777778,43.11723,-79.0597,2024-09-18T13:23:12.000000Z
2024,262.55778935185185,43.11722,-79.0597,2024-09-18T13:23:13.000000Z
2024,262.55780092592596,43.11722,-79.0597,2024-09-18T13:23:14.000000Z
2024,262.5578125,43.11722,-79.0597,2024-09-18T13:23:15.000000Z
2024,262.55782407407406,43.11722,-79.05969,2024-09-18T13:23:16.000000Z
2024,262.55783564814817,43.11722,-79.05969,2024-09-18T13:23:17.000000Z
2024,262.5578472222222,43.11722,-79.05968,2024-09-18T13:23:18.000000Z
2024,262.55785879629633,43.11722,-79.05968,2024-09-18T13:23:19.000000Z
2024,262.5578703703704,43.11722,-79.05968,2024-09-18T13:23:20.000000Z
2024,262.55788194444443,43.11722,-79.05967,2024-09-18T13:23:21.000000Z
2024,262.55789351851854,43.11722,-79.05967,2024-09-18T13:23:22.000000Z
2024,262.5579050925926,43.11722,-79.05967,2024-09-18T13:23:23.000000Z
2024,262.56811342592596,43.11733,-79.05953,2024-09-18T13:38:05.000000Z
2024,262.568125,43.11732,-79.05953,2024-09-18T13:38:06.000000Z
2024,262.5681365740741,43.11733,-79.05951,2024-09-18T13:38:07.000000Z
2024,262.56814814814817,43.11732,-79.05951,2024-09-18T13:38:08.000000Z
2024,262.5681597222223,43.11732,-79.0595,2024-09-18T13:38:09.000000Z
2024,262.5681712962963,43.11732,-79.0595,2024-09-18T13:38:10.000000Z
2024,262.5681828703704,43.11731,-79.0595,2024-09-18T13:38:11.000000Z
2024,262.5681944444445,43.11731,-79.05951,2024-09-18T13:38:12.000000Z
2024,262.56820601851854,43.11731,-79.05951,2024-09-18T13:38:13.000000Z
2024,262.56821759259265,43.11731,-79.05952,2024-09-18T13:38:14.000000Z
2024,262.5682291666667,43.11731,-79.05952,2024-09-18T13:38:15.000000Z
2024,262.56824074074075,43.11731,-79.05953,2024-09-18T13:38:16.000000Z
2024,262.56825231481486,43.11731,-79.05953,2024-09-18T13:38:17.000000Z
2024,262.5682638888889,43.11731,-79.05953,2024-09-18T13:38:18.000000Z
2024,262.568275462963,43.11731,-79.05953,2024-09-18T13:38:19.000000Z
2024,262.56828703703707,43.11731,-79.05953,2024-09-18T13:38:20.000000Z
2024,262.5682986111111,43.11731,-79.05953,2024-09-18T13:38:21.000000Z
2024,262.5683101851852,43.11731,-79.05953,2024-09-18T13:38:22.000000Z
2024,262.5683217592593,43.11731,-79.05953,2024-09-18T13:38:23.000000Z
2024,262.57851851851854,43.11732,-79.05956,2024-09-18T13:53:04.000000Z
2024,262.5785300925926,43.11731,-79.05955,2024-09-18T13:53:05.000000Z
2024,262.57854166666664,43.11731,-79.05955,2024-09-18T13:53:06.000000Z
2024,262.57855324074075,43.1173,-79.05955,2024-09-18T13:53:07.000000Z
2024,262.5785648148148,43.1173,-79.05956,2024-09-18T13:53:08.000000Z
2024,262.5785763888889,43.1173,-79.05956,2024-09-18T13:53:09.000000Z
2024,262.57858796296296,43.1173,-79.05956,2024-09-18T13:53:10.000000Z
2024,262.578599537037,43.11729,-79.05957,2024-09-18T13:53:11.000000Z
2024,262.5786111111111,43.11729,-79.05957,2024-09-18T13:53:12.000000Z
2024,262.57862268518517,43.11729,-79.05957,2024-09-18T13:53:13.000000Z
2024,262.5786342592593,43.11728,-79.05957,2024-09-18T13:53:14.000000Z
2024,262.5786458333333,43.11727,-79.05957,2024-09-18T13:53:15.000000Z
2024,262.5786574074074,43.11727,-79.05956,2024-09-18T13:53:16.000000Z
2024,262.5786689814815,43.11726,-79.05955,2024-09-18T13:53:17.000000Z
2024,262.57868055555554,43.11725,-79.05954,2024-09-18T13:53:18.000000Z
2024,262.57869212962964,43.11725,-79.05953,2024-09-18T13:53:19.000000Z
2024,262.5787037037037,43.11725,-79.05953,2024-09-18T13:53:20.000000Z
2024,262.57871527777775,43.11725,-79.05953,2024-09-18T13:53:21.000000Z
2024,262.57872685185185,43.11724,-79.05952,2024-09-18T13:53:22.000000Z
2024,262.58893518518516,43.11723,-79.0596,2024-09-18T14:08:04.000000Z
2024,262.5889467592592,43.11724,-79.0596,2024-09-18T14:08:05.000000Z
2024,262.58895833333327,43.11724,-79.0596,2024-09-18T14:08:06.000000Z
2024,262.5889699074074,43.11725,-79.05961,2024-09-18T14:08:07.000000Z
2024,262.5889814814814,43.11726,-79.05962,2024-09-18T14:08:08.000000Z
2024,262.58899305555553,43.11726,-79.05963,2024-09-18T14:08:09.000000Z
2024,262.5890046296296,43.11728,-79.05963,2024-09-18T14:08:10.000000Z
2024,262.58901620370364,43.11728,-79.05963,2024-09-18T14:08:11.000000Z
2024,262.58902777777774,43.11729,-79.05963,2024-09-18T14:08:12.000000Z
2024,262.5890393518518,43.11729,-79.05964,2024-09-18T14:08:13.000000Z
2024,262.5890509259259,43.11729,-79.05964,2024-09-18T14:08:14.000000Z
2024,262.58906249999995,43.11729,-79.05964,2024-09-18T14:08:15.000000Z
2024,262.589074074074,43.1173,-79.05966,2024-09-18T14:08:16.000000Z
2024,262.5890856481481,43.1173,-79.05967,2024-09-18T14:08:17.000000Z
2024,262.58909722222216,43.1173,-79.05968,2024-09-18T14:08:18.000000Z
2024,262.5891087962963,43.1173,-79.0597,2024-09-18T14:08:19.000000Z
2024,262.5891203703703,43.11729,-79.0597,2024-09-18T14:08:20.000000Z
2024,262.5891319444444,43.11729,-79.05971,2024-09-18T14:08:21.000000Z
2024,262.5891435185185,43.11729,-79.05971,2024-09-18T14:08:22.000000Z
2024,262.59935185185185,43.11732,-79.05957,2024-09-18T14:23:04.000000Z
2024,262.5993634259259,43.11731,-79.05957,2024-09-18T14:23:05.000000Z
2024,262.59937499999995,43.1173,-79.05957,2024-09-18T14:23:06.000000Z
2024,262.59938657407406,43.1173,-79.05957,2024-09-18T14:23:07.000000Z
2024,262.5993981481481,43.1173,-79.05957,2024-09-18T14:23:08.000000Z
2024,262.5994097222222,43.1173,-79.05958,2024-09-18T14:23:09.000000Z
2024,262.59942129629627,43.11731,-79.05959,2024-09-18T14:23:10.000000Z
2024,262.5994328703703,43.11732,-79.0596,2024-09-18T14:23:11.000000Z
2024,262.59944444444443,43.11732,-79.0596,2024-09-18T14:23:12.000000Z
2024,262.5994560185185,43.11733,-79.05961,2024-09-18T14:23:13.000000Z
2024,262.5994675925926,43.11733,-79.05961,2024-09-18T14:23:14.000000Z
2024,262.59947916666664,43.11734,-79.05962,2024-09-18T14:23:15.000000Z
2024,262.5994907407407,43.11734,-79.05963,2024-09-18T14:23:16.000000Z
2024,262.5995023148148,43.11734,-79.05963,2024-09-18T14:23:17.000000Z
2024,262.59951388888885,43.11734,-79.05963,2024-09-18T14:23:18.000000Z
2024,262.59952546296296,43.11735,-79.05963,2024-09-18T14:23:19.000000Z
2024,262.599537037037,43.11735,-79.05963,2024-09-18T14:23:20.000000Z
2024,262.59954861111106,43.11735,-79.05964,2024-09-18T14:23:21.000000Z
2024,262.59956018518517,43.11735,-79.05964,2024-09-18T14:23:22.000000Z
2024,262.60976851851854,43.11705,-79.05947,2024-09-18T14:38:04.000000Z
2024,262.6097800925926,43.11707,-79.05947,2024-09-18T14:38:05.000000Z
2024,262.60979166666664,43.11708,-79.05947,2024-09-18T14:38:06.000000Z
2024,262.60980324074075,43.11709,-79.05947,2024-09-18T14:38:07.000000Z
2024,262.6098148148148,43.1171,-79.05947,2024-09-18T14:38:08.000000Z
2024,262.6098263888889,43.11711,-79.05949,2024-09-18T14:38:09.000000Z
2024,262.60983796296296,43.11711,-79.05951,2024-09-18T14:38:10.000000Z
2024,262.609849537037,43.11711,-79.05952,2024-09-18T14:38:11.000000Z
2024,262.6098611111111,43.11711,-79.05952,2024-09-18T14:38:12.000000Z
2024,262.60987268518517,43.11711,-79.05952,2024-09-18T14:38:13.000000Z
2024,262.6098842592593,43.11712,-79.05953,2024-09-18T14:38:14.000000Z
2024,262.6098958333333,43.11712,-79.05953,2024-09-18T14:38:15.000000Z
2024,262.6099074074074,43.11712,-79.05953,2024-09-18T14:38:16.000000Z
2024,262.6099189814815,43.11712,-79.05953,2024-09-18T14:38:17.000000Z
2024,262.60993055555554,43.11713,-79.05953,2024-09-18T14:38:18.000000Z
2024,262.60994212962964,43.11713,-79.05953,2024-09-18T14:38:19.000000Z
2024,262.6099537037037,43.11713,-79.05953,2024-09-18T14:38:20.000000Z
2024,262.60996527777775,43.11713,-79.05953,2024-09-18T14:38:21.000000Z
2024,262.60997685185185,43.11713,-79.05953,2024-09-18T14:38:22.000000Z
2024,262.62017361111106,43.11729,-79.05962,2024-09-18T14:53:03.000000Z
2024,262.62018518518516,43.1173,-79.05961,2024-09-18T14:53:04.000000Z
2024,262.6201967592592,43.1173,-79.0596,2024-09-18T14:53:05.000000Z
2024,262.62020833333327,43.11731,-79.05959,2024-09-18T14:53:06.000000Z
2024,262.6202199074074,43.11732,-79.0596,2024-09-18T14:53:07.000000Z
2024,262.6202314814814,43.11732,-79.05961,2024-09-18T14:53:08.000000Z
2024,262.62024305555553,43.11732,-79.05963,2024-09-18T14:53:09.000000Z
2024,262.6202546296296,43.11731,-79.05963,2024-09-18T14:53:10.000000Z
2024,262.62026620370364,43.11731,-79.05964,2024-09-18T14:53:11.000000Z
2024,262.62027777777774,43.11731,-79.05965,2024-09-18T14:53:12.000000Z
2024,262.6202893518518,43.11731,-79.05966,2024-09-18T14:53:13.000000Z
2024,262.6203009259259,43.11732,-79.05966,2024-09-18T14:53:14.000000Z
2024,262.62031249999995,43.11732,-79.05967,2024-09-18T14:53:15.000000Z
2024,262.620324074074,43.11732,-79.05968,2024-09-18T14:53:16.000000Z
2024,262.6203356481481,43.11732,-79.05969,2024-09-18T14:53:17.000000Z
2024,262.62034722222216,43.11732,-79.05969,2024-09-18T14:53:18.000000Z
2024,262.6203587962963,43.11732,-79.0597,2024-09-18T14:53:19.000000Z
2024,262.6203703703703,43.11732,-79.0597,2024-09-18T14:53:20.000000Z
2024,262.6203819444444,43.11732,-79.0597,2024-09-18T14:53:21.000000Z
2024,262.6203935185185,43.11732,-79.0597,2024-09-18T14:53:22.000000Z
2024,262.63060185185185,43.11757,-79.05963,2024-09-18T15:08:04.000000Z
2024,262.6306134259259,43.11756,-79.05961,2024-09-18T15:08:05.000000Z
2024,262.63062499999995,43.11754,-79.0596,2024-09-18T15:08:06.000000Z
2024,262.63063657407406,43.11753,-79.05961,2024-09-18T15:08:07.000000Z
2024,262.6306481481481,43.11754,-79.05961,2024-09-18T15:08:08.000000Z
2024,262.6306597222222,43.11755,-79.05961,2024-09-18T15:08:09.000000Z
2024,262.63067129629627,43.11755,-79.05961,2024-09-18T15:08:10.000000Z
2024,262.6306828703703,43.11755,-79.05962,2024-09-18T15:08:11.000000Z
2024,262.63069444444443,43.11755,-79.05963,2024-09-18T15:08:12.000000Z
2024,262.6307060185185,43.11755,-79.05963,2024-09-18T15:08:13.000000Z
2024,262.6307175925926,43.11755,-79.05963,2024-09-18T15:08:14.000000Z
2024,262.63072916666664,43.11756,-79.05964,2024-09-18T15:08:15.000000Z
2024,262.6307407407407,43.11756,-79.05964,2024-09-18T15:08:16.000000Z
2024,262.6307523148148,43.11756,-79.05965,2024-09-18T15:08:17.000000Z
2024,262.63076388888885,43.11756,-79.05965,2024-09-18T15:08:18.000000Z
2024,262.63077546296296,43.11756,-79.05966,2024-09-18T15:08:19.000000Z
2024,262.630787037037,43.11756,-79.05966,2024-09-18T15:08:20.000000Z
2024,262.63079861111106,43.11756,-79.05966,2024-09-18T15:08:21.000000Z
2024,262.63081018518517,43.11756,-79.05966,2024-09-18T15:08:22.000000Z
2024,262.64105324074075,43.1176,-79.05968,2024-09-18T15:23:07.000000Z
2024,262.6410648148148,43.11758,-79.05969,2024-09-18T15:23:08.000000Z
2024,262.6410763888889,43.11755,-79.05972,2024-09-18T15:23:09.000000Z
2024,262.64108796296296,43.11753,-79.05976,2024-09-18T15:23:10.000000Z
2024,262.641099537037,43.11751,-79.05978,2024-09-18T15:23:11.000000Z
2024,262.6411111111111,43.11751,-79.05979,2024-09-18T15:23:12.000000Z
2024,262.64112268518517,43.1175,-79.05979,2024-09-18T15:23:13.000000Z
2024,262.6411342592593,43.1175,-79.0598,2024-09-18T15:23:14.000000Z
2024,262.6411458333333,43.11749,-79.05981,2024-09-18T15:23:15.000000Z
2024,262.6411574074074,43.11748,-79.05982,2024-09-18T15:23:16.000000Z
2024,262.6411689814815,43.11748,-79.05982,2024-09-18T15:23:17.000000Z
2024,262.64118055555554,43.11748,-79.05982,2024-09-18T15:23:18.000000Z
2024,262.64119212962964,43.11748,-79.05983,2024-09-18T15:23:19.000000Z
2024,262.6412037037037,43.11748,-79.05983,2024-09-18T15:23:20.000000Z
2024,262.64121527777775,43.11748,-79.05983,2024-09-18T15:23:21.000000Z
2024,262.64122685185185,43.11747,-79.05984,2024-09-18T15:23:22.000000Z
2024,262.6412384259259,43.11747,-79.05984,2024-09-18T15:23:23.000000Z
2024,262.64125,43.11747,-79.05984,2024-09-18T15:23:24.000000Z
2024,262.64126157407406,43.11747,-79.05984,2024-09-18T15:23:25.000000Z
2024,262.6514351851852,43.11758,-79.05944,2024-09-18T15:38:04.000000Z
2024,262.6514467592593,43.11759,-79.05944,2024-09-18T15:38:05.000000Z
2024,262.6514583333333,43.11759,-79.05946,2024-09-18T15:38:06.000000Z
2024,262.65146990740743,43.11759,-79.05948,2024-09-18T15:38:07.000000Z
2024,262.6514814814815,43.11759,-79.0595,2024-09-18T15:38:08.000000Z
2024,262.6514930555556,43.1176,-79.0595,2024-09-18T15:38:09.000000Z
2024,262.65150462962964,43.11759,-79.05952,2024-09-18T15:38:10.000000Z
2024,262.6515162037037,43.11759,-79.05953,2024-09-18T15:38:11.000000Z
2024,262.6515277777778,43.1176,-79.05953,2024-09-18T15:38:12.000000Z
2024,262.65153935185185,43.1176,-79.05954,2024-09-18T15:38:13.000000Z
2024,262.65155092592596,43.11759,-79.05956,2024-09-18T15:38:14.000000Z
2024,262.6515625,43.11758,-79.05957,2024-09-18T15:38:15.000000Z
2024,262.65157407407406,43.11756,-79.05958,2024-09-18T15:38:16.000000Z
2024,262.65158564814817,43.11756,-79.05959,2024-09-18T15:38:17.000000Z
2024,262.6515972222222,43.11755,-79.0596,2024-09-18T15:38:18.000000Z
2024,262.65160879629633,43.11754,-79.0596,2024-09-18T15:38:19.000000Z
2024,262.6516203703704,43.11753,-79.05961,2024-09-18T15:38:20.000000Z
2024,262.65163194444443,43.11752,-79.05961,2024-09-18T15:38:21.000000Z
2024,262.65164351851854,43.11751,-79.05962,2024-09-18T15:38:22.000000Z
2024,262.66185185185185,43.11762,-79.0594,2024-09-18T15:53:04.000000Z
2024,262.6618634259259,43.11762,-79.05938,2024-09-18T15:53:05.000000Z
2024,262.66187499999995,43.11762,-79.05938,2024-09-18T15:53:06.000000Z
2024,262.66188657407406,43.11761,-79.05938,2024-09-18T15:53:07.000000Z
2024,262.6618981481481,43.11761,-79.05938,2024-09-18T15:53:08.000000Z
2024,262.6619097222222,43.11759,-79.05939,2024-09-18T15:53:09.000000Z
2024,262.66192129629627,43.11753,-79.05944,2024-09-18T15:53:10.000000Z
2024,262.6619328703703,43.11751,-79.05947,2024-09-18T15:53:11.000000Z
2024,262.66194444444443,43.11747,-79.05949,2024-09-18T15:53:12.000000Z
2024,262.6619560185185,43.11745,-79.05951,2024-09-18T15:53:13.000000Z
2024,262.6619675925926,43.11742,-79.05953,2024-09-18T15:53:14.000000Z
2024,262.66197916666664,43.11741,-79.05954,2024-09-18T15:53:15.000000Z
2024,262.6619907407407,43.1174,-79.05955,2024-09-18T15:53:16.000000Z
2024,262.6620023148148,43.11739,-79.05956,2024-09-18T15:53:17.000000Z
2024,262.66201388888885,43.11738,-79.05957,2024-09-18T15:53:18.000000Z
2024,262.66202546296296,43.11738,-79.05957,2024-09-18T15:53:19.000000Z
2024,262.662037037037,43.11738,-79.05957,2024-09-18T15:53:20.000000Z
2024,262.66204861111106,43.11737,-79.05957,2024-09-18T15:53:21.000000Z
2024,262.66206018518517,43.11737,-79.05957,2024-09-18T15:53:22.000000Z
2024,262.67226851851854,43.11733,-79.05958,2024-09-18T16:08:04.000000Z
2024,262.6722800925926,43.11733,-79.05958,2024-09-18T16:08:05.000000Z
2024,262.67229166666664,43.11732,-79.05958,2024-09-18T16:08:06.000000Z
2024,262.67230324074075,43.11732,-79.05958,2024-09-18T16:08:07.000000Z
2024,262.6723148148148,43.11732,-79.05958,2024-09-18T16:08:08.000000Z
2024,262.6723263888889,43.11732,-79.05958,2024-09-18T16:08:09.000000Z
2024,262.67233796296296,43.11731,-79.0596,2024-09-18T16:08:10.000000Z
2024,262.672349537037,43.1173,-79.05961,2024-09-18T16:08:11.000000Z
2024,262.6723611111111,43.11731,-79.05962,2024-09-18T16:08:12.000000Z
2024,262.67237268518517,43.11731,-79.05963,2024-09-18T16:08:13.000000Z
2024,262.6723842592593,43.11731,-79.05963,2024-09-18T16:08:14.000000Z
2024,262.6723958333333,43.11732,-79.05964,2024-09-18T16:08:15.000000Z
2024,262.6724074074074,43.11732,-79.05964,2024-09-18T16:08:16.000000Z
2024,262.6724189814815,43.11732,-79.05963,2024-09-18T16:08:17.000000Z
2024,262.67243055555554,43.11732,-79.05964,2024-09-18T16:08:18.000000Z
2024,262.67244212962964,43.11733,-79.05964,2024-09-18T16:08:19.000000Z
2024,262.6724537037037,43.11733,-79.05964,2024-09-18T16:08:20.000000Z
2024,262.67246527777775,43.11733,-79.05964,2024-09-18T16:08:21.000000Z
2024,262.67247685185185,43.11734,-79.05963,2024-09-18T16:08:22.000000Z
2024,262.68271990740743,43.1173,-79.05965,2024-09-18T16:23:07.000000Z
2024,262.6827314814815,43.1173,-79.05965,2024-09-18T16:23:08.000000Z
2024,262.6827430555556,43.1173,-79.05966,2024-09-18T16:23:09.000000Z
2024,262.68275462962964,43.1173,-79.05966,2024-09-18T16:23:10.000000Z
2024,262.6827662037037,43.1173,-79.05966,2024-09-18T16:23:11.000000Z
2024,262.6827777777778,43.1173,-79.05965,2024-09-18T16:23:12.000000Z
2024,262.68278935185185,43.1173,-79.05965,2024-09-18T16:23:13.000000Z
2024,262.68280092592596,43.11729,-79.05964,2024-09-18T16:23:14.000000Z
2024,262.6828125,43.11729,-79.05963,2024-09-18T16:23:15.000000Z
2024,262.68282407407406,43.11729,-79.05963,2024-09-18T16:23:16.000000Z
2024,262.68283564814817,43.11729,-79.05963,2024-09-18T16:23:17.000000Z
2024,262.6828472222222,43.11729,-79.05963,2024-09-18T16:23:18.000000Z
2024,262.68285879629633,43.11728,-79.05962,2024-09-18T16:23:19.000000Z
2024,262.6828703703704,43.11728,-79.05961,2024-09-18T16:23:20.000000Z
2024,262.68288194444443,43.11728,-79.0596,2024-09-18T16:23:21.000000Z
2024,262.68289351851854,43.11727,-79.0596,2024-09-18T16:23:22.000000Z
2024,262.6829050925926,43.11727,-79.05959,2024-09-18T16:23:23.000000Z
2024,262.6829166666667,43.11727,-79.05959,2024-09-18T16:23:24.000000Z
2024,262.68292824074075,43.11727,-79.05958,2024-09-18T16:23:25.000000Z
2024,262.6931018518519,43.11718,-79.05937,2024-09-18T16:38:04.000000Z
2024,262.69311342592596,43.11717,-79.05937,2024-09-18T16:38:05.000000Z
2024,262.693125,43.11717,-79.05937,2024-09-18T16:38:06.000000Z
2024,262.6931365740741,43.11717,-79.05937,2024-09-18T16:38:07.000000Z
2024,262.69314814814817,43.11717,-79.05937,2024-09-18T16:38:08.000000Z
2024,262.6931597222223,43.11717,-79.05938,2024-09-18T16:38:09.000000Z
2024,262.6931712962963,43.11717,-79.0594,2024-09-18T16:38:10.000000Z
2024,262.6931828703704,43.11718,-79.05941,2024-09-18T16:38:11.000000Z
2024,262.6931944444445,43.11719,-79.05941,2024-09-18T16:38:12.000000Z
2024,262.69320601851854,43.11719,-79.05942,2024-09-18T16:38:13.000000Z
2024,262.69321759259265,43.11719,-79.05943,2024-09-18T16:38:14.000000Z
2024,262.6932291666667,43.11719,-79.05943,2024-09-18T16:38:15.000000Z
2024,262.69324074074075,43.1172,-79.05944,2024-09-18T16:38:16.000000Z
2024,262.69325231481486,43.11721,-79.05944,2024-09-18T16:38:17.000000Z
2024,262.6932638888889,43.11721,-79.05944,2024-09-18T16:38:18.000000Z
2024,262.693275462963,43.11721,-79.05944,2024-09-18T16:38:19.000000Z
2024,262.69328703703707,43.11721,-79.05944,2024-09-18T16:38:20.000000Z
2024,262.6932986111111,43.11721,-79.05944,2024-09-18T16:38:21.000000Z
2024,262.6933101851852,43.11721,-79.05944,2024-09-18T16:38:22.000000Z
2024,262.70351851851854,43.11715,-79.05942,2024-09-18T16:53:04.000000Z
2024,262.7035300925926,43.11716,-79.05943,2024-09-18T16:53:05.000000Z
2024,262.70354166666664,43.11716,-79.05942,2024-09-18T16:53:06.000000Z
2024,262.70355324074075,43.11716,-79.05943,2024-09-18T16:53:07.000000Z
2024,262.7035648148148,43.11715,-79.05944,2024-09-18T16:53:08.000000Z
2024,262.7035763888889,43.11715,-79.05944,2024-09-18T16:53:09.000000Z
2024,262.70358796296296,43.11715,-79.05945,2024-09-18T16:53:10.000000Z
2024,262.703599537037,43.11715,-79.05946,2024-09-18T16:53:11.000000Z
2024,262.7036111111111,43.11715,-79.05945,2024-09-18T16:53:12.000000Z
2024,262.70362268518517,43.11715,-79.05945,2024-09-18T16:53:13.000000Z
2024,262.7036342592593,43.11715,-79.05946,2024-09-18T16:53:14.000000Z
2024,262.7036458333333,43.11715,-79.05946,2024-09-18T16:53:15.000000Z
2024,262.7036574074074,43.11715,-79.05946,2024-09-18T16:53:16.000000Z
2024,262.7036689814815,43.11715,-79.05946,2024-09-18T16:53:17.000000Z
2024,262.70368055555554,43.11715,-79.05947,2024-09-18T16:53:18.000000Z
2024,262.70369212962964,43.11715,-79.05947,2024-09-18T16:53:19.000000Z
2024,262.7037037037037,43.11715,-79.05947,2024-09-18T16:53:20.000000Z
2024,262.70371527777775,43.11715,-79.05947,2024-09-18T16:53:21.000000Z
2024,262.70372685185185,43.11715,-79.05947,2024-09-18T16:53:22.000000Z
2024,262.7139699074074,43.11716,-79.05947,2024-09-18T17:08:07.000000Z
2024,262.7139814814814,43.11714,-79.05947,2024-09-18T17:08:08.000000Z
2024,262.71399305555553,43.11716,-79.05947,2024-09-18T17:08:09.000000Z
2024,262.7140046296296,43.11718,-79.05947,2024-09-18T17:08:10.000000Z
2024,262.71401620370364,43.1172,-79.05948,2024-09-18T17:08:11.000000Z
2024,262.71402777777774,43.11721,-79.05949,2024-09-18T17:08:12.000000Z
2024,262.7140393518518,43.11722,-79.05949,2024-09-18T17:08:13.000000Z
2024,262.7140509259259,43.11723,-79.0595,2024-09-18T17:08:14.000000Z
2024,262.71406249999995,43.11724,-79.0595,2024-09-18T17:08:15.000000Z
2024,262.714074074074,43.11724,-79.0595,2024-09-18T17:08:16.000000Z
2024,262.7140856481481,43.11725,-79.0595,2024-09-18T17:08:17.000000Z
2024,262.71409722222216,43.11725,-79.0595,2024-09-18T17:08:18.000000Z
2024,262.7141087962963,43.11725,-79.0595,2024-09-18T17:08:19.000000Z
2024,262.7141203703703,43.11725,-79.0595,2024-09-18T17:08:20.000000Z
2024,262.7141319444444,43.11725,-79.0595,2024-09-18T17:08:21.000000Z
2024,262.7141435185185,43.11725,-79.0595,2024-09-18T17:08:22.000000Z
2024,262.71415509259253,43.11725,-79.0595,2024-09-18T17:08:23.000000Z
2024,262.71416666666664,43.11725,-79.0595,2024-09-18T17:08:24.000000Z
2024,262.7141782407407,43.11725,-79.0595,2024-09-18T17:08:25.000000Z
2024,262.72435185185185,43.1173,-79.0596,2024-09-18T17:23:04.000000Z
2024,262.7243634259259,43.11729,-79.0596,2024-09-18T17:23:05.000000Z
2024,262.72437499999995,43.11729,-79.05959,2024-09-18T17:23:06.000000Z
2024,262.72438657407406,43.11728,-79.05959,2024-09-18T17:23:07.000000Z
2024,262.7243981481481,43.11729,-79.05959,2024-09-18T17:23:08.000000Z
2024,262.7244097222222,43.1173,-79.05959,2024-09-18T17:23:09.000000Z
2024,262.72442129629627,43.11729,-79.05958,2024-09-18T17:23:10.000000Z
2024,262.7244328703703,43.11729,-79.05957,2024-09-18T17:23:11.000000Z
2024,262.72444444444443,43.11729,-79.05957,2024-09-18T17:23:12.000000Z
2024,262.7244560185185,43.11729,-79.05957,2024-09-18T17:23:13.000000Z
2024,262.7244675925926,43.11729,-79.05957,2024-09-18T17:23:14.000000Z
2024,262.72447916666664,43.11728,-79.05956,2024-09-18T17:23:15.000000Z
2024,262.7244907407407,43.11728,-79.05956,2024-09-18T17:23:16.000000Z
2024,262.7245023148148,43.11728,-79.05956,2024-09-18T17:23:17.000000Z
2024,262.72451388888885,43.11727,-79.05955,2024-09-18T17:23:18.000000Z
2024,262.72452546296296,43.11727,-79.05955,2024-09-18T17:23:19.000000Z
2024,262.724537037037,43.11727,-79.05955,2024-09-18T17:23:20.000000Z
2024,262.72454861111106,43.11727,-79.05955,2024-09-18T17:23:21.000000Z
2024,262.72456018518517,43.11727,-79.05954,2024-09-18T17:23:22.000000Z
2024,262.73480324074075,43.11712,-79.05956,2024-09-18T17:38:07.000000Z
2024,262.7348148148148,43.11712,-79.05957,2024-09-18T17:38:08.000000Z
2024,262.7348263888889,43.11711,-79.05957,2024-09-18T17:38:09.000000Z
2024,262.73483796296296,43.1171,-79.05957,2024-09-18T17:38:10.000000Z
2024,262.734849537037,43.11711,-79.05957,2024-09-18T17:38:11.000000Z
2024,262.7348611111111,43.11711,-79.05956,2024-09-18T17:38:12.000000Z
2024,262.73487268518517,43.11711,-79.05956,2024-09-18T17:38:13.000000Z
2024,262.7348842592593,43.11711,-79.05956,2024-09-18T17:38:14.000000Z
2024,262.7348958333333,43.11711,-79.05957,2024-09-18T17:38:15.000000Z
2024,262.7349074074074,43.1171,-79.05957,2024-09-18T17:38:16.000000Z
2024,262.7349189814815,43.1171,-79.05957,2024-09-18T17:38:17.000000Z
2024,262.73493055555554,43.11709,-79.05956,2024-09-18T17:38:18.000000Z
2024,262.73494212962964,43.11709,-79.05956,2024-09-18T17:38:19.000000Z
2024,262.7349537037037,43.11709,-79.05956,2024-09-18T17:38:20.000000Z
2024,262.73496527777775,43.11709,-79.05957,2024-09-18T17:38:21.000000Z
2024,262.73497685185185,43.11709,-79.05957,2024-09-18T17:38:22.000000Z
2024,262.7349884259259,43.11709,-79.05957,2024-09-18T17:38:23.000000Z
2024,262.735,43.11709,-79.05957,2024-09-18T17:38:24.000000Z
2024,262.73501157407406,43.11709,-79.05957,2024-09-18T17:38:25.000000Z
2024,262.74518518518516,43.11737,-79.05956,2024-09-18T17:53:04.000000Z
2024,262.7451967592592,43.11737,-79.05956,2024-09-18T17:53:05.000000Z
2024,262.7452546296296,43.11733,-79.05952,2024-09-18T17:53:10.000000Z
2024,262.7452893518518,43.11736,-79.05949,2024-09-18T17:53:13.000000Z
2024,262.7453009259259,43.11737,-79.05948,2024-09-18T17:53:14.000000Z
2024,262.74531249999995,43.11737,-79.05948,2024-09-18T17:53:15.000000Z
2024,262.745324074074,43.11737,-79.05947,2024-09-18T17:53:16.000000Z
2024,262.7453356481481,43.11738,-79.05947,2024-09-18T17:53:17.000000Z
2024,262.74543981481474,43.11739,-79.05948,2024-09-18T17:53:26.000000Z
2024,262.74545138888885,43.11739,-79.05949,2024-09-18T17:53:27.000000Z
2024,262.7454629629629,43.11739,-79.0595,2024-09-18T17:53:28.000000Z
2024,262.745474537037,43.11739,-79.0595,2024-09-18T17:53:29.000000Z
2024,262.74548611111106,43.11739,-79.05951,2024-09-18T17:53:30.000000Z
2024,262.7454976851851,43.11739,-79.05953,2024-09-18T17:53:31.000000Z
2024,262.7455092592592,43.11738,-79.05953,2024-09-18T17:53:32.000000Z
2024,262.7455208333333,43.11738,-79.05954,2024-09-18T17:53:33.000000Z
2024,262.7455324074074,43.11737,-79.05954,2024-09-18T17:53:34.000000Z
2024,262.74554398148143,43.11737,-79.05956,2024-09-18T17:53:35.000000Z
2024,262.74555555555554,43.11736,-79.05957,2024-09-18T17:53:36.000000Z
2024,262.7455671296296,43.11736,-79.05957,2024-09-18T17:53:37.000000Z
2024,262.74557870370364,43.11736,-79.05958,2024-09-18T17:53:38.000000Z
2024,262.74559027777775,43.11735,-79.05959,2024-09-18T17:53:39.000000Z
2024,262.7456018518518,43.11735,-79.0596,2024-09-18T17:53:40.000000Z
2024,262.7456134259259,43.11735,-79.0596,2024-09-18T17:53:41.000000Z
2024,262.74562499999996,43.11735,-79.05961,2024-09-18T17:53:42.000000Z
2024,262.745636574074,43.11734,-79.05961,2024-09-18T17:53:43.000000Z
2024,262.7456481481481,43.11734,-79.05961,2024-09-18T17:53:44.000000Z
2024,262.7456597222222,43.11734,-79.05962,2024-09-18T17:53:45.000000Z
2024,262.75560185185185,43.11734,-79.05969,2024-09-18T18:08:04.000000Z
2024,262.7556134259259,43.11734,-79.05969,2024-09-18T18:08:05.000000Z
2024,262.75562499999995,43.11732,-79.05968,2024-09-18T18:08:06.000000Z
2024,262.75563657407406,43.11732,-79.05968,2024-09-18T18:08:07.000000Z
2024,262.7556481481481,43.11732,-79.05968,2024-09-18T18:08:08.000000Z
2024,262.7556597222222,43.11731,-79.05967,2024-09-18T18:08:09.000000Z
2024,262.75567129629627,43.11731,-79.05967,2024-09-18T18:08:10.000000Z
2024,262.7556828703703,43.11731,-79.05967,2024-09-18T18:08:11.000000Z
2024,262.75569444444443,43.11731,-79.05967,2024-09-18T18:08:12.000000Z
2024,262.7557060185185,43.11731,-79.05967,2024-09-18T18:08:13.000000Z
2024,262.7557175925926,43.11731,-79.05968,2024-09-18T18:08:14.000000Z
2024,262.75572916666664,43.11731,-79.05968,2024-09-18T18:08:15.000000Z
2024,262.7557407407407,43.11731,-79.05969,2024-09-18T18:08:16.000000Z
2024,262.7557523148148,43.11731,-79.05969,2024-09-18T18:08:17.000000Z
2024,262.75576388888885,43.11731,-79.05969,2024-09-18T18:08:18.000000Z
2024,262.75577546296296,43.11731,-79.05969,2024-09-18T18:08:19.000000Z
2024,262.755787037037,43.11731,-79.05969,2024-09-18T18:08:20.000000Z
2024,262.75579861111106,43.11731,-79.05969,2024-09-18T18:08:21.000000Z
2024,262.75581018518517,43.11731,-79.0597,2024-09-18T18:08:22.000000Z
2024,262.76605324074075,43.11734,-79.05968,2024-09-18T18:23:07.000000Z
2024,262.7660648148148,43.11733,-79.05968,2024-09-18T18:23:08.000000Z
2024,262.7660763888889,43.11733,-79.05967,2024-09-18T18:23:09.000000Z
2024,262.76608796296296,43.11732,-79.05967,2024-09-18T18:23:10.000000Z
2024,262.766099537037,43.11732,-79.05966,2024-09-18T18:23:11.000000Z
2024,262.7661111111111,43.11732,-79.05966,2024-09-18T18:23:12.000000Z
2024,262.76612268518517,43.11732,-79.05966,2024-09-18T18:23:13.000000Z
2024,262.7661342592593,43.11732,-79.05966,2024-09-18T18:23:14.000000Z
2024,262.7661458333333,43.11733,-79.05966,2024-09-18T18:23:15.000000Z
2024,262.7661574074074,43.11733,-79.05966,2024-09-18T18:23:16.000000Z
2024,262.7661689814815,43.11733,-79.05966,2024-09-18T18:23:17.000000Z
2024,262.76618055555554,43.11733,-79.05966,2024-09-18T18:23:18.000000Z
2024,262.76619212962964,43.11733,-79.05966,2024-09-18T18:23:19.000000Z
2024,262.7662037037037,43.11733,-79.05966,2024-09-18T18:23:20.000000Z
2024,262.76621527777775,43.11733,-79.05966,2024-09-18T18:23:21.000000Z
2024,262.76622685185185,43.11733,-79.05966,2024-09-18T18:23:22.000000Z
2024,262.7662384259259,43.11734,-79.05966,2024-09-18T18:23:23.000000Z
2024,262.76625,43.11733,-79.05965,2024-09-18T18:23:24.000000Z
2024,262.76626157407406,43.11733,-79.05965,2024-09-18T18:23:25.000000Z
2024,262.7764351851852,43.1174,-79.05966,2024-09-18T18:38:04.000000Z
2024,262.7764467592593,43.11741,-79.05966,2024-09-18T18:38:05.000000Z
2024,262.7764583333333,43.1174,-79.05966,2024-09-18T18:38:06.000000Z
2024,262.77646990740743,43.1174,-79.05966,2024-09-18T18:38:07.000000Z
2024,262.7764814814815,43.11739,-79.05966,2024-09-18T18:38:08.000000Z
2024,262.7764930555556,43.11739,-79.05966,2024-09-18T18:38:09.000000Z
2024,262.7765162037037,43.11738,-79.05967,2024-09-18T18:38:11.000000Z
2024,262.7765277777778,43.11738,-79.05968,2024-09-18T18:38:12.000000Z
2024,262.77653935185185,43.11738,-79.05968,2024-09-18T18:38:13.000000Z
2024,262.77655092592596,43.11738,-79.05968,2024-09-18T18:38:14.000000Z
2024,262.7765625,43.11738,-79.05969,2024-09-18T18:38:15.000000Z
2024,262.77657407407406,43.11738,-79.0597,2024-09-18T18:38:16.000000Z
2024,262.77658564814817,43.11738,-79.0597,2024-09-18T18:38:17.000000Z
2024,262.7765972222222,43.11738,-79.0597,2024-09-18T18:38:18.000000Z
2024,262.77660879629633,43.11738,-79.0597,2024-09-18T18:38:19.000000Z
2024,262.7766203703704,43.11738,-79.05971,2024-09-18T18:38:20.000000Z
2024,262.77663194444443,43.11738,-79.05971,2024-09-18T18:38:21.000000Z
2024,262.77664351851854,43.11738,-79.05971,2024-09-18T18:38:22.000000Z
2024,262.78685185185185,43.1173,-79.0597,2024-09-18T18:53:04.000000Z
2024,262.7868634259259,43.11731,-79.0597,2024-09-18T18:53:05.000000Z
2024,262.78687499999995,43.11731,-79.05971,2024-09-18T18:53:06.000000Z
2024,262.78688657407406,43.11731,-79.05971,2024-09-18T18:53:07.000000Z
2024,262.7868981481481,43.11731,-79.05972,2024-09-18T18:53:08.000000Z
2024,262.7869097222222,43.11731,-79.05972,2024-09-18T18:53:09.000000Z
2024,262.78692129629627,43.1173,-79.0597,2024-09-18T18:53:10.000000Z
2024,262.7869328703703,43.1173,-79.0597,2024-09-18T18:53:11.000000Z
2024,262.78694444444443,43.1173,-79.05969,2024-09-18T18:53:12.000000Z
2024,262.7869560185185,43.1173,-79.05969,2024-09-18T18:53:13.000000Z
2024,262.7869675925926,43.1173,-79.05968,2024-09-18T18:53:14.000000Z
2024,262.78697916666664,43.1173,-79.05968,2024-09-18T18:53:15.000000Z
2024,262.7869907407407,43.1173,-79.05968,2024-09-18T18:53:16.000000Z
2024,262.7870023148148,43.1173,-79.05968,2024-09-18T18:53:17.000000Z
2024,262.78701388888885,43.1173,-79.05967,2024-09-18T18:53:18.000000Z
2024,262.78702546296296,43.1173,-79.05967,2024-09-18T18:53:19.000000Z
2024,262.787037037037,43.1173,-79.05967,2024-09-18T18:53:20.000000Z
2024,262.78704861111106,43.1173,-79.05967,2024-09-18T18:53:21.000000Z
2024,262.78706018518517,43.1173,-79.05967,2024-09-18T18:53:22.000000Z
2024,262.7972569444444,43.11731,-79.05982,2024-09-18T19:08:03.000000Z
2024,262.79726851851854,43.11731,-79.05982,2024-09-18T19:08:04.000000Z
2024,262.7972800925926,43.1173,-79.05982,2024-09-18T19:08:05.000000Z
2024,262.79729166666664,43.1173,-79.05982,2024-09-18T19:08:06.000000Z
2024,262.79730324074075,43.1173,-79.05982,2024-09-18T19:08:07.000000Z
2024,262.7973148148148,43.1173,-79.05982,2024-09-18T19:08:08.000000Z
2024,262.7973263888889,43.1173,-79.05982,2024-09-18T19:08:09.000000Z
2024,262.79733796296296,43.1173,-79.05982,2024-09-18T19:08:10.000000Z
2024,262.797349537037,43.1173,-79.05982,2024-09-18T19:08:11.000000Z
2024,262.7973611111111,43.1173,-79.05982,2024-09-18T19:08:12.000000Z
2024,262.79737268518517,43.1173,-79.05982,2024-09-18T19:08:13.000000Z
2024,262.7973842592593,43.1173,-79.05982,2024-09-18T19:08:14.000000Z
2024,262.7973958333333,43.1173,-79.05982,2024-09-18T19:08:15.000000Z
2024,262.7974074074074,43.1173,-79.05982,2024-09-18T19:08:16.000000Z
2024,262.7974189814815,43.1173,-79.05982,2024-09-18T19:08:17.000000Z
2024,262.79743055555554,43.11731,-79.05982,2024-09-18T19:08:18.000000Z
2024,262.79744212962964,43.11731,-79.05982,2024-09-18T19:08:19.000000Z
2024,262.7974537037037,43.11731,-79.05982,2024-09-18T19:08:20.000000Z
2024,262.79746527777775,43.11731,-79.05982,2024-09-18T19:08:21.000000Z
2024,262.8076736111111,43.11732,-79.05964,2024-09-18T19:23:03.000000Z
2024,262.8076851851852,43.11732,-79.05964,2024-09-18T19:23:04.000000Z
2024,262.8076967592593,43.11732,-79.05964,2024-09-18T19:23:05.000000Z
2024,262.8077083333333,43.11731,-79.05964,2024-09-18T19:23:06.000000Z
2024,262.80771990740743,43.11731,-79.05964,2024-09-18T19:23:07.000000Z
2024,262.8077314814815,43.11731,-79.05964,2024-09-18T19:23:08.000000Z
2024,262.8077430555556,43.1173,-79.05964,2024-09-18T19:23:09.000000Z
2024,262.80775462962964,43.1173,-79.05964,2024-09-18T19:23:10.000000Z
2024,262.8077662037037,43.1173,-79.05964,2024-09-18T19:23:11.000000Z
2024,262.8077777777778,43.1173,-79.05964,2024-09-18T19:23:12.000000Z
2024,262.80778935185185,43.11729,-79.05963,2024-09-18T19:23:13.000000Z
2024,262.80780092592596,43.11729,-79.05963,2024-09-18T19:23:14.000000Z
2024,262.8078125,43.11728,-79.05963,2024-09-18T19:23:15.000000Z
2024,262.80782407407406,43.11728,-79.05963,2024-09-18T19:23:16.000000Z
2024,262.80783564814817,43.11728,-79.05963,2024-09-18T19:23:17.000000Z
2024,262.8078472222222,43.11727,-79.05963,2024-09-18T19:23:18.000000Z
2024,262.80785879629633,43.11727,-79.05963,2024-09-18T19:23:19.000000Z
2024,262.8078703703704,43.11727,-79.05963,2024-09-18T19:23:20.000000Z
2024,262.80788194444443,43.11727,-79.05963,2024-09-18T19:23:21.000000Z
2024,262.80789351851854,43.11727,-79.05963,2024-09-18T19:23:22.000000Z
2024,262.8180902777778,43.11737,-79.05969,2024-09-18T19:38:03.000000Z
2024,262.8181018518519,43.11736,-79.05969,2024-09-18T19:38:04.000000Z
2024,262.81811342592596,43.11736,-79.05969,2024-09-18T19:38:05.000000Z
2024,262.818125,43.11736,-79.05969,2024-09-18T19:38:06.000000Z
2024,262.8181365740741,43.11735,-79.05969,2024-09-18T19:38:07.000000Z
2024,262.81814814814817,43.11735,-79.05968,2024-09-18T19:38:08.000000Z
2024,262.8181597222223,43.11735,-79.05968,2024-09-18T19:38:09.000000Z
2024,262.8181712962963,43.11735,-79.05968,2024-09-18T19:38:10.000000Z
2024,262.8181828703704,43.11735,-79.05968,2024-09-18T19:38:11.000000Z
2024,262.8181944444445,43.11735,-79.05969,2024-09-18T19:38:12.000000Z
2024,262.81820601851854,43.11735,-79.05969,2024-09-18T19:38:13.000000Z
2024,262.81821759259265,43.11735,-79.05969,2024-09-18T19:38:14.000000Z
2024,262.8182291666667,43.11735,-79.05969,2024-09-18T19:38:15.000000Z
2024,262.81824074074075,43.11735,-79.05969,2024-09-18T19:38:16.000000Z
2024,262.81825231481486,43.11735,-79.05969,2024-09-18T19:38:17.000000Z
2024,262.8182638888889,43.11735,-79.05969,2024-09-18T19:38:18.000000Z
2024,262.818275462963,43.11735,-79.05969,2024-09-18T19:38:19.000000Z
2024,262.81828703703707,43.11735,-79.0597,2024-09-18T19:38:20.000000Z
2024,262.8182986111111,43.11735,-79.0597,2024-09-18T19:38:21.000000Z
2024,262.8183101851852,43.11735,-79.0597,2024-09-18T19:38:22.000000Z
2024,262.8285300925926,43.11734,-79.05976,2024-09-18T19:53:05.000000Z
2024,262.82854166666664,43.11734,-79.05977,2024-09-18T19:53:06.000000Z
2024,262.82855324074075,43.11734,-79.05977,2024-09-18T19:53:07.000000Z
2024,262.8285648148148,43.11734,-79.05977,2024-09-18T19:53:08.000000Z
2024,262.8285763888889,43.11734,-79.05978,2024-09-18T19:53:09.000000Z
2024,262.82858796296296,43.11734,-79.05977,2024-09-18T19:53:10.000000Z
2024,262.828599537037,43.11734,-79.05978,2024-09-18T19:53:11.000000Z
2024,262.8286111111111,43.11734,-79.05978,2024-09-18T19:53:12.000000Z
2024,262.82862268518517,43.11734,-79.05978,2024-09-18T19:53:13.000000Z
2024,262.8286342592593,43.11734,-79.05978,2024-09-18T19:53:14.000000Z
2024,262.8286458333333,43.11734,-79.05978,2024-09-18T19:53:15.000000Z
2024,262.8286574074074,43.11734,-79.05978,2024-09-18T19:53:16.000000Z
2024,262.8286689814815,43.11734,-79.05978,2024-09-18T19:53:17.000000Z
2024,262.82868055555554,43.11734,-79.05978,2024-09-18T19:53:18.000000Z
2024,262.82869212962964,43.11734,-79.05978,2024-09-18T19:53:19.000000Z
2024,262.8287037037037,43.11734,-79.05978,2024-09-18T19:53:20.000000Z
2024,262.82871527777775,43.11733,-79.05978,2024-09-18T19:53:21.000000Z
2024,262.82872685185185,43.11733,-79.05978,2024-09-18T19:53:22.000000Z
2024,262.8287384259259,43.11733,-79.05978,2024-09-18T19:53:23.000000Z
2024,262.83895833333327,43.11736,-79.05975,2024-09-18T20:08:06.000000Z
2024,262.8389699074074,43.11736,-79.05975,2024-09-18T20:08:07.000000Z
2024,262.8389814814814,43.11736,-79.05975,2024-09-18T20:08:08.000000Z
2024,262.83899305555553,43.11736,-79.05975,2024-09-18T20:08:09.000000Z
2024,262.8390046296296,43.11736,-79.05975,2024-09-18T20:08:10.000000Z
2024,262.83901620370364,43.11735,-79.05975,2024-09-18T20:08:11.000000Z
2024,262.83902777777774,43.11736,-79.05975,2024-09-18T20:08:12.000000Z
2024,262.8390393518518,43.11735,-79.05975,2024-09-18T20:08:13.000000Z
2024,262.8390509259259,43.11735,-79.05975,2024-09-18T20:08:14.000000Z
2024,262.83906249999995,43.11735,-79.05974,2024-09-18T20:08:15.000000Z
2024,262.839074074074,43.11735,-79.05974,2024-09-18T20:08:16.000000Z
2024,262.8390856481481,43.11735,-79.05974,2024-09-18T20:08:17.000000Z
2024,262.83909722222216,43.11736,-79.05974,2024-09-18T20:08:18.000000Z
2024,262.8391087962963,43.11736,-79.05974,2024-09-18T20:08:19.000000Z
2024,262.8391203703703,43.11737,-79.05974,2024-09-18T20:08:20.000000Z
2024,262.8391319444444,43.11737,-79.05974,2024-09-18T20:08:21.000000Z
2024,262.8391435185185,43.11738,-79.05974,2024-09-18T20:08:22.000000Z
2024,262.83915509259253,43.11738,-79.05974,2024-09-18T20:08:23.000000Z
2024,262.83916666666664,43.11738,-79.05974,2024-09-18T20:08:24.000000Z
2024,262.8391782407407,43.11738,-79.05974,2024-09-18T20:08:25.000000Z
2024,262.84937499999995,43.1173,-79.0597,2024-09-18T20:23:06.000000Z
2024,262.84938657407406,43.1173,-79.05969,2024-09-18T20:23:07.000000Z
2024,262.8493981481481,43.1173,-79.0597,2024-09-18T20:23:08.000000Z
2024,262.8494097222222,43.1173,-79.0597,2024-09-18T20:23:09.000000Z
2024,262.84942129629627,43.11731,-79.0597,2024-09-18T20:23:10.000000Z
2024,262.8494328703703,43.11732,-79.0597,2024-09-18T20:23:11.000000Z
2024,262.84944444444443,43.11732,-79.05971,2024-09-18T20:23:12.000000Z
2024,262.8494560185185,43.11733,-79.05972,2024-09-18T20:23:13.000000Z
2024,262.8494675925926,43.11734,-79.05972,2024-09-18T20:23:14.000000Z
2024,262.84947916666664,43.11734,-79.05973,2024-09-18T20:23:15.000000Z
2024,262.8494907407407,43.11734,-79.05973,2024-09-18T20:23:16.000000Z
2024,262.8495023148148,43.11735,-79.05973,2024-09-18T20:23:17.000000Z
2024,262.84951388888885,43.11735,-79.05973,2024-09-18T20:23:18.000000Z
2024,262.84952546296296,43.11735,-79.05973,2024-09-18T20:23:19.000000Z
2024,262.849537037037,43.11735,-79.05973,2024-09-18T20:23:20.000000Z
2024,262.84954861111106,43.11735,-79.05973,2024-09-18T20:23:21.000000Z
2024,262.84956018518517,43.11735,-79.05973,2024-09-18T20:23:22.000000Z
2024,262.8495717592592,43.11735,-79.05974,2024-09-18T20:23:23.000000Z
2024,262.8495833333333,43.11736,-79.05974,2024-09-18T20:23:24.000000Z
2024,262.8495949074074,43.11736,-79.05974,2024-09-18T20:23:25.000000Z
2024,262.8597800925926,43.11713,-79.05949,2024-09-18T20:38:05.000000Z
2024,262.85979166666664,43.11712,-79.05949,2024-09-18T20:38:06.000000Z
2024,262.85980324074075,43.11712,-79.05949,2024-09-18T20:38:07.000000Z
2024,262.8598148148148,43.11712,-79.0595,2024-09-18T20:38:08.000000Z
2024,262.8598263888889,43.11711,-79.0595,2024-09-18T20:38:09.000000Z
2024,262.85983796296296,43.11711,-79.0595,2024-09-18T20:38:10.000000Z
2024,262.859849537037,43.11711,-79.0595,2024-09-18T20:38:11.000000Z
2024,262.8598611111111,43.11711,-79.0595,2024-09-18T20:38:12.000000Z
2024,262.85987268518517,43.11711,-79.0595,2024-09-18T20:38:13.000000Z
2024,262.8598842592593,43.1171,-79.0595,2024-09-18T20:38:14.000000Z
2024,262.8598958333333,43.1171,-79.05949,2024-09-18T20:38:15.000000Z
2024,262.8599074074074,43.1171,-79.05949,2024-09-18T20:38:16.000000Z
2024,262.8599189814815,43.1171,-79.05949,2024-09-18T20:38:17.000000Z
2024,262.85993055555554,43.1171,-79.05949,2024-09-18T20:38:18.000000Z
2024,262.85994212962964,43.1171,-79.05949,2024-09-18T20:38:19.000000Z
2024,262.8599537037037,43.1171,-79.05949,2024-09-18T20:38:20.000000Z
2024,262.85996527777775,43.11709,-79.05949,2024-09-18T20:38:21.000000Z
2024,262.85997685185185,43.11709,-79.05949,2024-09-18T20:38:22.000000Z
2024,262.8599884259259,43.11709,-79.05949,2024-09-18T20:38:23.000000Z
2024,262.86,43.11709,-79.05948,2024-09-18T20:38:24.000000Z
2024,262.8701967592592,43.1172,-79.05958,2024-09-18T20:53:05.000000Z
2024,262.87020833333327,43.11719,-79.05957,2024-09-18T20:53:06.000000Z
2024,262.8702199074074,43.11719,-79.05957,2024-09-18T20:53:07.000000Z
2024,262.8702314814814,43.11718,-79.05956,2024-09-18T20:53:08.000000Z
2024,262.87024305555553,43.11719,-79.05957,2024-09-18T20:53:09.000000Z
2024,262.8702546296296,43.11721,-79.05958,2024-09-18T20:53:10.000000Z
2024,262.87026620370364,43.11722,-79.0596,2024-09-18T20:53:11.000000Z
2024,262.87027777777774,43.11724,-79.05961,2024-09-18T20:53:12.000000Z
2024,262.8702893518518,43.11726,-79.05962,2024-09-18T20:53:13.000000Z
2024,262.8703009259259,43.11727,-79.05962,2024-09-18T20:53:14.000000Z
2024,262.87031249999995,43.11727,-79.05963,2024-09-18T20:53:15.000000Z
2024,262.870324074074,43.11729,-79.05963,2024-09-18T20:53:16.000000Z
2024,262.8703356481481,43.11729,-79.05963,2024-09-18T20:53:17.000000Z
2024,262.87034722222216,43.1173,-79.05963,2024-09-18T20:53:18.000000Z
2024,262.8703587962963,43.1173,-79.05963,2024-09-18T20:53:19.000000Z
2024,262.8703703703703,43.1173,-79.05963,2024-09-18T20:53:20.000000Z
2024,262.8703819444444,43.1173,-79.05963,2024-09-18T20:53:21.000000Z
2024,262.8703935185185,43.11731,-79.05963,2024-09-18T20:53:22.000000Z
2024,262.87040509259253,43.11731,-79.05963,2024-09-18T20:53:23.000000Z
2024,262.87041666666664,43.11731,-79.05964,2024-09-18T20:53:24.000000Z
2024,262.88063657407406,43.1174,-79.05961,2024-09-18T21:08:07.000000Z
2024,262.8806481481481,43.1174,-79.05958,2024-09-18T21:08:08.000000Z
2024,262.8806597222222,43.11739,-79.05957,2024-09-18T21:08:09.000000Z
2024,262.88067129629627,43.11738,-79.05957,2024-09-18T21:08:10.000000Z
2024,262.8806828703703,43.11738,-79.05957,2024-09-18T21:08:11.000000Z
2024,262.88069444444443,43.11738,-79.05957,2024-09-18T21:08:12.000000Z
2024,262.8807060185185,43.11739,-79.05958,2024-09-18T21:08:13.000000Z
2024,262.8807175925926,43.11739,-79.05959,2024-09-18T21:08:14.000000Z
2024,262.88072916666664,43.11739,-79.0596,2024-09-18T21:08:15.000000Z
2024,262.8807407407407,43.11739,-79.05961,2024-09-18T21:08:16.000000Z
2024,262.8807523148148,43.11739,-79.05963,2024-09-18T21:08:17.000000Z
2024,262.88076388888885,43.11738,-79.05963,2024-09-18T21:08:18.000000Z
2024,262.88077546296296,43.11738,-79.05964,2024-09-18T21:08:19.000000Z
2024,262.880787037037,43.11738,-79.05965,2024-09-18T21:08:20.000000Z
2024,262.88079861111106,43.11738,-79.05965,2024-09-18T21:08:21.000000Z
2024,262.88081018518517,43.11738,-79.05966,2024-09-18T21:08:22.000000Z
2024,262.8808217592592,43.11739,-79.05966,2024-09-18T21:08:23.000000Z
2024,262.8808333333333,43.11738,-79.05966,2024-09-18T21:08:24.000000Z
2024,262.8808449074074,43.11738,-79.05966,2024-09-18T21:08:25.000000Z
2024,262.8910300925926,43.11719,-79.05947,2024-09-18T21:23:05.000000Z
2024,262.89104166666664,43.11721,-79.05947,2024-09-18T21:23:06.000000Z
2024,262.89105324074075,43.11721,-79.05947,2024-09-18T21:23:07.000000Z
2024,262.8910648148148,43.1172,-79.05948,2024-09-18T21:23:08.000000Z
2024,262.8910763888889,43.1172,-79.05947,2024-09-18T21:23:09.000000Z
2024,262.89108796296296,43.11721,-79.05948,2024-09-18T21:23:10.000000Z
2024,262.891099537037,43.11721,-79.05949,2024-09-18T21:23:11.000000Z
2024,262.8911111111111,43.11721,-79.05948,2024-09-18T21:23:12.000000Z
2024,262.89112268518517,43.11721,-79.05947,2024-09-18T21:23:13.000000Z
2024,262.8911342592593,43.11721,-79.05947,2024-09-18T21:23:14.000000Z
2024,262.8911458333333,43.11721,-79.05947,2024-09-18T21:23:15.000000Z
2024,262.8911574074074,43.11721,-79.05947,2024-09-18T21:23:16.000000Z
2024,262.8911689814815,43.11721,-79.05947,2024-09-18T21:23:17.000000Z
2024,262.89118055555554,43.11721,-79.05947,2024-09-18T21:23:18.000000Z
2024,262.89119212962964,43.11722,-79.05947,2024-09-18T21:23:19.000000Z
2024,262.8912037037037,43.11722,-79.05947,2024-09-18T21:23:20.000000Z
2024,262.89121527777775,43.11723,-79.05947,2024-09-18T21:23:21.000000Z
2024,262.89122685185185,43.11723,-79.05947,2024-09-18T21:23:22.000000Z
2024,262.8912384259259,43.11724,-79.05947,2024-09-18T21:23:23.000000Z
2024,262.89125,43.11724,-79.05947,2024-09-18T21:23:24.000000Z
2024,262.9014467592593,43.11735,-79.05953,2024-09-18T21:38:05.000000Z
2024,262.9014583333333,43.11735,-79.05953,2024-09-18T21:38:06.000000Z
2024,262.90146990740743,43.11734,-79.05954,2024-09-18T21:38:07.000000Z
2024,262.9014814814815,43.11734,-79.05955,2024-09-18T21:38:08.000000Z
2024,262.9014930555556,43.11734,-79.05955,2024-09-18T21:38:09.000000Z
2024,262.90150462962964,43.11733,-79.05956,2024-09-18T21:38:10.000000Z
2024,262.9015162037037,43.11734,-79.05955,2024-09-18T21:38:11.000000Z
2024,262.9015277777778,43.11734,-79.05955,2024-09-18T21:38:12.000000Z
2024,262.90153935185185,43.11734,-79.05955,2024-09-18T21:38:13.000000Z
2024,262.90155092592596,43.11734,-79.05956,2024-09-18T21:38:14.000000Z
2024,262.9015625,43.11734,-79.05956,2024-09-18T21:38:15.000000Z
2024,262.90157407407406,43.11734,-79.05956,2024-09-18T21:38:16.000000Z
2024,262.90158564814817,43.11734,-79.05955,2024-09-18T21:38:17.000000Z
2024,262.9015972222222,43.11734,-79.05954,2024-09-18T21:38:18.000000Z
2024,262.90160879629633,43.11734,-79.05954,2024-09-18T21:38:19.000000Z
2024,262.9016203703704,43.11735,-79.05953,2024-09-18T21:38:20.000000Z
2024,262.90163194444443,43.11735,-79.05954,2024-09-18T21:38:21.000000Z
2024,262.90164351851854,43.11735,-79.05953,2024-09-18T21:38:22.000000Z
2024,262.9016550925926,43.11735,-79.05954,2024-09-18T21:38:23.000000Z
2024,262.9016666666667,43.11736,-79.05954,2024-09-18T21:38:24.000000Z
2024,262.9118634259259,43.11736,-79.0594,2024-09-18T21:53:05.000000Z
2024,262.91187499999995,43.11737,-79.0594,2024-09-18T21:53:06.000000Z
2024,262.91188657407406,43.11737,-79.0594,2024-09-18T21:53:07.000000Z
2024,262.9118981481481,43.11738,-79.05943,2024-09-18T21:53:08.000000Z
2024,262.9119097222222,43.11737,-79.05941,2024-09-18T21:53:09.000000Z
2024,262.91192129629627,43.11737,-79.05941,2024-09-18T21:53:10.000000Z
2024,262.9119328703703,43.11736,-79.05941,2024-09-18T21:53:11.000000Z
2024,262.91194444444443,43.11736,-79.05941,2024-09-18T21:53:12.000000Z
2024,262.9119560185185,43.11736,-79.0594,2024-09-18T21:53:13.000000Z
2024,262.9119675925926,43.11736,-79.05939,2024-09-18T21:53:14.000000Z
2024,262.91197916666664,43.11736,-79.05939,2024-09-18T21:53:15.000000Z
2024,262.9119907407407,43.11736,-79.05938,2024-09-18T21:53:16.000000Z
2024,262.9120023148148,43.11736,-79.05938,2024-09-18T21:53:17.000000Z
2024,262.91201388888885,43.11736,-79.05937,2024-09-18T21:53:18.000000Z
2024,262.91202546296296,43.11736,-79.05937,2024-09-18T21:53:19.000000Z
2024,262.912037037037,43.11736,-79.05937,2024-09-18T21:53:20.000000Z
2024,262.91204861111106,43.11736,-79.05937,2024-09-18T21:53:21.000000Z
2024,262.91206018518517,43.11736,-79.05937,2024-09-18T21:53:22.000000Z
2024,262.9120717592592,43.11736,-79.05937,2024-09-18T21:53:23.000000Z
2024,262.9120833333333,43.11735,-79.05937,2024-09-18T21:53:24.000000Z
2024,262.9222800925926,43.11738,-79.05954,2024-09-18T22:08:05.000000Z
2024,262.92229166666664,43.11738,-79.05954,2024-09-18T22:08:06.000000Z
2024,262.92230324074075,43.11738,-79.05954,2024-09-18T22:08:07.000000Z
2024,262.9223148148148,43.11738,-79.05954,2024-09-18T22:08:08.000000Z
2024,262.9223263888889,43.11738,-79.05954,2024-09-18T22:08:09.000000Z
2024,262.92233796296296,43.11737,-79.05956,2024-09-18T22:08:10.000000Z
2024,262.922349537037,43.11737,-79.05957,2024-09-18T22:08:11.000000Z
2024,262.9223611111111,43.11737,-79.05957,2024-09-18T22:08:12.000000Z
2024,262.92237268518517,43.11737,-79.05958,2024-09-18T22:08:13.000000Z
2024,262.9223842592593,43.11737,-79.05958,2024-09-18T22:08:14.000000Z
2024,262.9223958333333,43.11737,-79.05958,2024-09-18T22:08:15.000000Z
2024,262.9224074074074,43.11737,-79.05959,2024-09-18T22:08:16.000000Z
2024,262.9224189814815,43.11737,-79.0596,2024-09-18T22:08:17.000000Z
2024,262.92243055555554,43.11737,-79.0596,2024-09-18T22:08:18.000000Z
2024,262.92244212962964,43.11737,-79.0596,2024-09-18T22:08:19.000000Z
2024,262.9224537037037,43.11738,-79.05961,2024-09-18T22:08:20.000000Z
2024,262.92246527777775,43.11738,-79.05962,2024-09-18T22:08:21.000000Z
2024,262.92247685185185,43.11738,-79.05963,2024-09-18T22:08:22.000000Z
2024,262.9224884259259,43.11738,-79.05963,2024-09-18T22:08:23.000000Z
2024,262.9225,43.11738,-79.05963,2024-09-18T22:08:24.000000Z
2024,262.9326967592593,43.11737,-79.05963,2024-09-18T22:23:05.000000Z
2024,262.9327083333333,43.11736,-79.05959,2024-09-18T22:23:06.000000Z
2024,262.93271990740743,43.11735,-79.05958,2024-09-18T22:23:07.000000Z
2024,262.9327314814815,43.11735,-79.05957,2024-09-18T22:23:08.000000Z
2024,262.9327430555556,43.11736,-79.05958,2024-09-18T22:23:09.000000Z
2024,262.93275462962964,43.11736,-79.0596,2024-09-18T22:23:10.000000Z
2024,262.9327662037037,43.11737,-79.0596,2024-09-18T22:23:11.000000Z
2024,262.9327777777778,43.11737,-79.05961,2024-09-18T22:23:12.000000Z
2024,262.93278935185185,43.11737,-79.05962,2024-09-18T22:23:13.000000Z
2024,262.93280092592596,43.11738,-79.05963,2024-09-18T22:23:14.000000Z
2024,262.9328125,43.11738,-79.05963,2024-09-18T22:23:15.000000Z
2024,262.93282407407406,43.11737,-79.05961,2024-09-18T22:23:16.000000Z
2024,262.93283564814817,43.11737,-79.05962,2024-09-18T22:23:17.000000Z
2024,262.9328472222222,43.11737,-79.05961,2024-09-18T22:23:18.000000Z
2024,262.93285879629633,43.11737,-79.0596,2024-09-18T22:23:19.000000Z
2024,262.9328703703704,43.11737,-79.05959,2024-09-18T22:23:20.000000Z
2024,262.93288194444443,43.11737,-79.05958,2024-09-18T22:23:21.000000Z
2024,262.93289351851854,43.11737,-79.05957,2024-09-18T22:23:22.000000Z
2024,262.9329050925926,43.11737,-79.05957,2024-09-18T22:23:23.000000Z
2024,262.9329166666667,43.11737,-79.05957,2024-09-18T22:23:24.000000Z
2024,262.94311342592596,43.11735,-79.05966,2024-09-18T22:38:05.000000Z
2024,262.943125,43.11734,-79.05965,2024-09-18T22:38:06.000000Z
2024,262.9431365740741,43.11735,-79.05963,2024-09-18T22:38:07.000000Z
2024,262.94314814814817,43.11736,-79.05962,2024-09-18T22:38:08.000000Z
2024,262.9431597222223,43.11736,-79.05961,2024-09-18T22:38:09.000000Z
2024,262.9431712962963,43.11735,-79.0596,2024-09-18T22:38:10.000000Z
2024,262.9431828703704,43.11735,-79.0596,2024-09-18T22:38:11.000000Z
2024,262.9431944444445,43.11735,-79.0596,2024-09-18T22:38:12.000000Z
2024,262.94320601851854,43.11734,-79.0596,2024-09-18T22:38:13.000000Z
2024,262.94321759259265,43.11734,-79.0596,2024-09-18T22:38:14.000000Z
2024,262.9432291666667,43.11734,-79.05959,2024-09-18T22:38:15.000000Z
2024,262.94324074074075,43.11733,-79.05959,2024-09-18T22:38:16.000000Z
2024,262.94325231481486,43.11733,-79.05959,2024-09-18T22:38:17.000000Z
2024,262.9432638888889,43.11732,-79.05959,2024-09-18T22:38:18.000000Z
2024,262.943275462963,43.11732,-79.05959,2024-09-18T22:38:19.000000Z
2024,262.94328703703707,43.11732,-79.05958,2024-09-18T22:38:20.000000Z
2024,262.9432986111111,43.11732,-79.05958,2024-09-18T22:38:21.000000Z
2024,262.9433101851852,43.11732,-79.05958,2024-09-18T22:38:22.000000Z
2024,262.9433217592593,43.11731,-79.05958,2024-09-18T22:38:23.000000Z
2024,262.9433333333334,43.11731,-79.05958,2024-09-18T22:38:24.000000Z
2024,262.9535300925926,43.11726,-79.05953,2024-09-18T22:53:05.000000Z
2024,262.95354166666664,43.11726,-79.05953,2024-09-18T22:53:06.000000Z
2024,262.95355324074075,43.11726,-79.05953,2024-09-18T22:53:07.000000Z
2024,262.9535648148148,43.11726,-79.05953,2024-09-18T22:53:08.000000Z
2024,262.9535763888889,43.11725,-79.05953,2024-09-18T22:53:09.000000Z
2024,262.95358796296296,43.11725,-79.05954,2024-09-18T22:53:10.000000Z
2024,262.9536111111111,43.11725,-79.05955,2024-09-18T22:53:12.000000Z
2024,262.95362268518517,43.11725,-79.05956,2024-09-18T22:53:13.000000Z
2024,262.9536342592593,43.11725,-79.05956,2024-09-18T22:53:14.000000Z
2024,262.9536458333333,43.11725,-79.05957,2024-09-18T22:53:15.000000Z
2024,262.9536574074074,43.11725,-79.05957,2024-09-18T22:53:16.000000Z
2024,262.9536689814815,43.11725,-79.05957,2024-09-18T22:53:17.000000Z
2024,262.95368055555554,43.11725,-79.05957,2024-09-18T22:53:18.000000Z
2024,262.95369212962964,43.11725,-79.05957,2024-09-18T22:53:19.000000Z
2024,262.9537037037037,43.11725,-79.05956,2024-09-18T22:53:20.000000Z
2024,262.95371527777775,43.11725,-79.05956,2024-09-18T22:53:21.000000Z
2024,262.95372685185185,43.11725,-79.05956,2024-09-18T22:53:22.000000Z
2024,262.9537384259259,43.11725,-79.05956,2024-09-18T22:53:23.000000Z
2024,262.95375,43.11726,-79.05955,2024-09-18T22:53:24.000000Z
2024,262.9639699074074,43.11723,-79.05951,2024-09-18T23:08:07.000000Z
2024,262.9639814814814,43.11723,-79.05952,2024-09-18T23:08:08.000000Z
2024,262.96399305555553,43.11724,-79.05953,2024-09-18T23:08:09.000000Z
2024,262.9640046296296,43.11724,-79.05953,2024-09-18T23:08:10.000000Z
2024,262.96401620370364,43.11724,-79.05954,2024-09-18T23:08:11.000000Z
2024,262.96402777777774,43.11725,-79.05954,2024-09-18T23:08:12.000000Z
2024,262.9640393518518,43.11725,-79.05954,2024-09-18T23:08:13.000000Z
2024,262.9640509259259,43.11726,-79.05954,2024-09-18T23:08:14.000000Z
2024,262.96406249999995,43.11726,-79.05953,2024-09-18T23:08:15.000000Z
2024,262.964074074074,43.11726,-79.05953,2024-09-18T23:08:16.000000Z
2024,262.9640856481481,43.11726,-79.05953,2024-09-18T23:08:17.000000Z
2024,262.96409722222216,43.11726,-79.05952,2024-09-18T23:08:18.000000Z
2024,262.9641087962963,43.11726,-79.05952,2024-09-18T23:08:19.000000Z
2024,262.9641203703703,43.11726,-79.05951,2024-09-18T23:08:20.000000Z
2024,262.9641319444444,43.11726,-79.05951,2024-09-18T23:08:21.000000Z
2024,262.9641435185185,43.11727,-79.05951,2024-09-18T23:08:22.000000Z
2024,262.96415509259253,43.11727,-79.05951,2024-09-18T23:08:23.000000Z
2024,262.96416666666664,43.11728,-79.0595,2024-09-18T23:08:24.000000Z
2024,262.9641782407407,43.11728,-79.05951,2024-09-18T23:08:25.000000Z
2024,262.97438657407406,43.1173,-79.05965,2024-09-18T23:23:07.000000Z
2024,262.9743981481481,43.1173,-79.05964,2024-09-18T23:23:08.000000Z
2024,262.9744097222222,43.1173,-79.05964,2024-09-18T23:23:09.000000Z
2024,262.97442129629627,43.1173,-79.05966,2024-09-18T23:23:10.000000Z
2024,262.9744328703703,43.1173,-79.05969,2024-09-18T23:23:11.000000Z
2024,262.97444444444443,43.1173,-79.05969,2024-09-18T23:23:12.000000Z
2024,262.9744560185185,43.11729,-79.05969,2024-09-18T23:23:13.000000Z
2024,262.9744675925926,43.11729,-79.05969,2024-09-18T23:23:14.000000Z
2024,262.97447916666664,43.11729,-79.05969,2024-09-18T23:23:15.000000Z
2024,262.9744907407407,43.11729,-79.05969,2024-09-18T23:23:16.000000Z
2024,262.9745023148148,43.11729,-79.05969,2024-09-18T23:23:17.000000Z
2024,262.97451388888885,43.11728,-79.05969,2024-09-18T23:23:18.000000Z
2024,262.97452546296296,43.11728,-79.05969,2024-09-18T23:23:19.000000Z
2024,262.974537037037,43.11727,-79.05969,2024-09-18T23:23:20.000000Z
2024,262.97454861111106,43.11727,-79.05968,2024-09-18T23:23:21.000000Z
2024,262.97456018518517,43.11727,-79.05968,2024-09-18T23:23:22.000000Z
2024,262.9745833333333,43.11727,-79.05967,2024-09-18T23:23:24.000000Z
2024,262.9745949074074,43.11727,-79.05967,2024-09-18T23:23:25.000000Z
2024,262.98480324074075,43.11729,-79.0596,2024-09-18T23:38:07.000000Z
2024,262.9848148148148,43.11729,-79.05958,2024-09-18T23:38:08.000000Z
2024,262.9848263888889,43.11729,-79.05957,2024-09-18T23:38:09.000000Z
2024,262.98483796296296,43.11728,-79.05954,2024-09-18T23:38:10.000000Z
2024,262.984849537037,43.11727,-79.05951,2024-09-18T23:38:11.000000Z
2024,262.9848611111111,43.11727,-79.0595,2024-09-18T23:38:12.000000Z
2024,262.98487268518517,43.11726,-79.05948,2024-09-18T23:38:13.000000Z
2024,262.9848842592593,43.11725,-79.05947,2024-09-18T23:38:14.000000Z
2024,262.9848958333333,43.11725,-79.05947,2024-09-18T23:38:15.000000Z
2024,262.9849074074074,43.11725,-79.05947,2024-09-18T23:38:16.000000Z
2024,262.9849189814815,43.11725,-79.05947,2024-09-18T23:38:17.000000Z
2024,262.98493055555554,43.11725,-79.05947,2024-09-18T23:38:18.000000Z
2024,262.98494212962964,43.11725,-79.05947,2024-09-18T23:38:19.000000Z
2024,262.9849537037037,43.11725,-79.05947,2024-09-18T23:38:20.000000Z
2024,262.98496527777775,43.11725,-79.05947,2024-09-18T23:38:21.000000Z
2024,262.98497685185185,43.11725,-79.05947,2024-09-18T23:38:22.000000Z
2024,262.9849884259259,43.11725,-79.05947,2024-09-18T23:38:23.000000Z
2024,262.985,43.11725,-79.05947,2024-09-18T23:38:24.000000Z
2024,262.98501157407406,43.11725,-79.05947,2024-09-18T23:38:25.000000Z
2024,262.9952199074074,43.11731,-79.05973,2024-09-18T23:53:07.000000Z
2024,262.9952314814814,43.11731,-79.05973,2024-09-18T23:53:08.000000Z
2024,262.99524305555553,43.1173,-79.05971,2024-09-18T23:53:09.000000Z
2024,262.9952546296296,43.1173,-79.0597,2024-09-18T23:53:10.000000Z
2024,262.99526620370364,43.1173,-79.0597,2024-09-18T23:53:11.000000Z
2024,262.99527777777774,43.1173,-79.05969,2024-09-18T23:53:12.000000Z
2024,262.9952893518518,43.1173,-79.05969,2024-09-18T23:53:13.000000Z
2024,262.9953009259259,43.1173,-79.05969,2024-09-18T23:53:14.000000Z
2024,262.99531249999995,43.1173,-79.05969,2024-09-18T23:53:15.000000Z
2024,262.995324074074,43.1173,-79.05968,2024-09-18T23:53:16.000000Z
2024,262.9953356481481,43.11731,-79.05968,2024-09-18T23:53:17.000000Z
2024,262.99534722222216,43.11731,-79.05968,2024-09-18T23:53:18.000000Z
2024,262.9953587962963,43.11732,-79.05968,2024-09-18T23:53:19.000000Z
2024,262.9953703703703,43.11732,-79.05968,2024-09-18T23:53:20.000000Z
2024,262.9953819444444,43.11732,-79.05968,2024-09-18T23:53:21.000000Z
2024,262.9953935185185,43.11732,-79.05968,2024-09-18T23:53:22.000000Z
2024,262.99540509259253,43.11732,-79.05968,2024-09-18T23:53:23.000000Z
2024,262.99541666666664,43.11732,-79.05968,2024-09-18T23:53:24.000000Z
2024,262.9954282407407,43.11732,-79.05968,2024-09-18T23:53:25.000000Z
2024,263.00563657407406,43.11719,-79.05957,2024-09-19T00:08:07.000000Z
2024,263.0056481481481,43.11719,-79.05958,2024-09-19T00:08:08.000000Z
2024,263.0056597222222,43.11719,-79.05958,2024-09-19T00:08:09.000000Z
2024,263.00567129629627,43.11719,-79.05959,2024-09-19T00:08:10.000000Z
2024,263.0056828703703,43.11719,-79.0596,2024-09-19T00:08:11.000000Z
2024,263.00569444444443,43.11719,-79.0596,2024-09-19T00:08:12.000000Z
2024,263.0057060185185,43.11719,-79.0596,2024-09-19T00:08:13.000000Z
2024,263.0057175925926,43.11719,-79.0596,2024-09-19T00:08:14.000000Z
2024,263.00572916666664,43.11719,-79.0596,2024-09-19T00:08:15.000000Z
2024,263.0057407407407,43.11719,-79.0596,2024-09-19T00:08:16.000000Z
2024,263.0057523148148,43.11719,-79.05961,2024-09-19T00:08:17.000000Z
2024,263.00576388888885,43.11719,-79.05961,2024-09-19T00:08:18.000000Z
2024,263.00577546296296,43.11719,-79.05961,2024-09-19T00:08:19.000000Z
2024,263.005787037037,43.11719,-79.0596,2024-09-19T00:08:20.000000Z
2024,263.00579861111106,43.11719,-79.0596,2024-09-19T00:08:21.000000Z
2024,263.00581018518517,43.11719,-79.0596,2024-09-19T00:08:22.000000Z
2024,263.0058217592592,43.11718,-79.0596,2024-09-19T00:08:23.000000Z
2024,263.0058333333333,43.11718,-79.0596,2024-09-19T00:08:24.000000Z
2024,263.0058449074074,43.11718,-79.0596,2024-09-19T00:08:25.000000Z
2024,263.01605324074075,43.11733,-79.0597,2024-09-19T00:23:07.000000Z
2024,263.0160648148148,43.11733,-79.0597,2024-09-19T00:23:08.000000Z
2024,263.0160763888889,43.11732,-79.0597,2024-09-19T00:23:09.000000Z
2024,263.01608796296296,43.11732,-79.0597,2024-09-19T00:23:10.000000Z
2024,263.016099537037,43.11731,-79.05969,2024-09-19T00:23:11.000000Z
2024,263.0161111111111,43.1173,-79.05968,2024-09-19T00:23:12.000000Z
2024,263.01612268518517,43.1173,-79.05967,2024-09-19T00:23:13.000000Z
2024,263.0161342592593,43.11729,-79.05967,2024-09-19T00:23:14.000000Z
2024,263.0161458333333,43.11729,-79.05967,2024-09-19T00:23:15.000000Z
2024,263.0161574074074,43.11729,-79.05967,2024-09-19T00:23:16.000000Z
2024,263.0161689814815,43.11728,-79.05966,2024-09-19T00:23:17.000000Z
2024,263.01618055555554,43.11728,-79.05966,2024-09-19T00:23:18.000000Z
2024,263.01619212962964,43.11728,-79.05967,2024-09-19T00:23:19.000000Z
2024,263.0162037037037,43.11728,-79.05966,2024-09-19T00:23:20.000000Z
2024,263.01621527777775,43.11727,-79.05966,2024-09-19T00:23:21.000000Z
2024,263.01622685185185,43.11727,-79.05966,2024-09-19T00:23:22.000000Z
2024,263.0162384259259,43.11727,-79.05966,2024-09-19T00:23:23.000000Z
2024,263.01625,43.11727,-79.05966,2024-09-19T00:23:24.000000Z
2024,263.01626157407406,43.11727,-79.05966,2024-09-19T00:23:25.000000Z
2024,263.02646990740743,43.11731,-79.05968,2024-09-19T00:38:07.000000Z
2024,263.0264814814815,43.11731,-79.05968,2024-09-19T00:38:08.000000Z
2024,263.0264930555556,43.11731,-79.05967,2024-09-19T00:38:09.000000Z
2024,263.02650462962964,43.11731,-79.05967,2024-09-19T00:38:10.000000Z
2024,263.0265162037037,43.11731,-79.05968,2024-09-19T00:38:11.000000Z
2024,263.0265277777778,43.11731,-79.05968,2024-09-19T00:38:12.000000Z
2024,263.02653935185185,43.11731,-79.05968,2024-09-19T00:38:13.000000Z
2024,263.02655092592596,43.11732,-79.05968,2024-09-19T00:38:14.000000Z
2024,263.0265625,43.11731,-79.05967,2024-09-19T00:38:15.000000Z
2024,263.02657407407406,43.11731,-79.05966,2024-09-19T00:38:16.000000Z
2024,263.02658564814817,43.11731,-79.05965,2024-09-19T00:38:17.000000Z
2024,263.0265972222222,43.1173,-79.05965,2024-09-19T00:38:18.000000Z
2024,263.02660879629633,43.1173,-79.05964,2024-09-19T00:38:19.000000Z
2024,263.0266203703704,43.1173,-79.05963,2024-09-19T00:38:20.000000Z
2024,263.02663194444443,43.1173,-79.05963,2024-09-19T00:38:21.000000Z
2024,263.02664351851854,43.1173,-79.05963,2024-09-19T00:38:22.000000Z
2024,263.0266550925926,43.11729,-79.05962,2024-09-19T00:38:23.000000Z
2024,263.0266666666667,43.11729,-79.05962,2024-09-19T00:38:24.000000Z
2024,263.02667824074075,43.11729,-79.05961,2024-09-19T00:38:25.000000Z
2024,263.03688657407406,43.11725,-79.05959,2024-09-19T00:53:07.000000Z
2024,263.0368981481481,43.11725,-79.05959,2024-09-19T00:53:08.000000Z
2024,263.0369097222222,43.11725,-79.05959,2024-09-19T00:53:09.000000Z
2024,263.03692129629627,43.11725,-79.05958,2024-09-19T00:53:10.000000Z
2024,263.0369328703703,43.11724,-79.05958,2024-09-19T00:53:11.000000Z
2024,263.03694444444443,43.11724,-79.05958,2024-09-19T00:53:12.000000Z
2024,263.0369560185185,43.11724,-79.05957,2024-09-19T00:53:13.000000Z
2024,263.0369675925926,43.11724,-79.05957,2024-09-19T00:53:14.000000Z
2024,263.03697916666664,43.11724,-79.05957,2024-09-19T00:53:15.000000Z
2024,263.0369907407407,43.11724,-79.05957,2024-09-19T00:53:16.000000Z
2024,263.0370023148148,43.11724,-79.05957,2024-09-19T00:53:17.000000Z
2024,263.03701388888885,43.11724,-79.05957,2024-09-19T00:53:18.000000Z
2024,263.03702546296296,43.11724,-79.05957,2024-09-19T00:53:19.000000Z
2024,263.037037037037,43.11724,-79.05957,2024-09-19T00:53:20.000000Z
2024,263.03704861111106,43.11724,-79.05956,2024-09-19T00:53:21.000000Z
2024,263.03706018518517,43.11724,-79.05956,2024-09-19T00:53:22.000000Z
2024,263.0370717592592,43.11725,-79.05956,2024-09-19T00:53:23.000000Z
2024,263.0370833333333,43.11725,-79.05955,2024-09-19T00:53:24.000000Z
2024,263.0370949074074,43.11725,-79.05955,2024-09-19T00:53:25.000000Z
2024,263.04730324074075,43.11726,-79.05955,2024-09-19T01:08:07.000000Z
2024,263.0473148148148,43.11726,-79.05954,2024-09-19T01:08:08.000000Z
2024,263.0473263888889,43.11727,-79.05953,2024-09-19T01:08:09.000000Z
2024,263.04733796296296,43.11727,-79.05953,2024-09-19T01:08:10.000000Z
2024,263.047349537037,43.11727,-79.05952,2024-09-19T01:08:11.000000Z
2024,263.0473611111111,43.11728,-79.05952,2024-09-19T01:08:12.000000Z
2024,263.04737268518517,43.11729,-79.05951,2024-09-19T01:08:13.000000Z
2024,263.0473842592593,43.11729,-79.05951,2024-09-19T01:08:14.000000Z
2024,263.0473958333333,43.11729,-79.05951,2024-09-19T01:08:15.000000Z
2024,263.0474074074074,43.1173,-79.05952,2024-09-19T01:08:16.000000Z
2024,263.0474189814815,43.1173,-79.05951,2024-09-19T01:08:17.000000Z
2024,263.04743055555554,43.1173,-79.05951,2024-09-19T01:08:18.000000Z
2024,263.04744212962964,43.11731,-79.05951,2024-09-19T01:08:19.000000Z
2024,263.0474537037037,43.11731,-79.05951,2024-09-19T01:08:20.000000Z
2024,263.04746527777775,43.11732,-79.0595,2024-09-19T01:08:21.000000Z
2024,263.04747685185185,43.11732,-79.05951,2024-09-19T01:08:22.000000Z
2024,263.0474884259259,43.11732,-79.0595,2024-09-19T01:08:23.000000Z
2024,263.0475,43.11732,-79.0595,2024-09-19T01:08:24.000000Z
2024,263.04751157407406,43.11732,-79.0595,2024-09-19T01:08:25.000000Z
2024,263.05771990740743,43.1173,-79.05956,2024-09-19T01:23:07.000000Z
2024,263.0577314814815,43.1173,-79.05957,2024-09-19T01:23:08.000000Z
2024,263.0577430555556,43.11731,-79.05956,2024-09-19T01:23:09.000000Z
2024,263.05775462962964,43.11732,-79.05957,2024-09-19T01:23:10.000000Z
2024,263.0577662037037,43.11732,-79.05957,2024-09-19T01:23:11.000000Z
2024,263.0577777777778,43.11732,-79.05956,2024-09-19T01:23:12.000000Z
2024,263.05778935185185,43.11733,-79.05956,2024-09-19T01:23:13.000000Z
2024,263.05780092592596,43.11733,-79.05956,2024-09-19T01:23:14.000000Z
2024,263.0578125,43.11733,-79.05956,2024-09-19T01:23:15.000000Z
2024,263.05782407407406,43.11733,-79.05956,2024-09-19T01:23:16.000000Z
2024,263.05783564814817,43.11733,-79.05957,2024-09-19T01:23:17.000000Z
2024,263.0578472222222,43.11732,-79.05957,2024-09-19T01:23:18.000000Z
2024,263.05785879629633,43.11732,-79.05957,2024-09-19T01:23:19.000000Z
2024,263.0578703703704,43.11732,-79.05957,2024-09-19T01:23:20.000000Z
2024,263.05788194444443,43.11732,-79.05957,2024-09-19T01:23:21.000000Z
2024,263.05789351851854,43.11732,-79.05957,2024-09-19T01:23:22.000000Z
2024,263.0579050925926,43.11732,-79.05958,2024-09-19T01:23:23.000000Z
2024,263.0579166666667,43.11731,-79.05958,2024-09-19T01:23:24.000000Z
2024,263.05792824074075,43.11731,-79.05958,2024-09-19T01:23:25.000000Z
2024,263.0681365740741,43.11737,-79.05946,2024-09-19T01:38:07.000000Z
2024,263.06814814814817,43.11736,-79.05945,2024-09-19T01:38:08.000000Z
2024,263.0681597222223,43.11735,-79.05945,2024-09-19T01:38:09.000000Z
2024,263.0681712962963,43.11733,-79.05944,2024-09-19T01:38:10.000000Z
2024,263.0681828703704,43.11734,-79.05944,2024-09-19T01:38:11.000000Z
2024,263.0681944444445,43.11734,-79.05944,2024-09-19T01:38:12.000000Z
2024,263.06820601851854,43.11734,-79.05944,2024-09-19T01:38:13.000000Z
2024,263.06821759259265,43.11734,-79.05944,2024-09-19T01:38:14.000000Z
2024,263.0682291666667,43.11734,-79.05944,2024-09-19T01:38:15.000000Z
2024,263.06824074074075,43.11733,-79.05944,2024-09-19T01:38:16.000000Z
2024,263.06825231481486,43.11733,-79.05944,2024-09-19T01:38:17.000000Z
2024,263.0682638888889,43.11733,-79.05944,2024-09-19T01:38:18.000000Z
2024,263.068275462963,43.11732,-79.05943,2024-09-19T01:38:19.000000Z
2024,263.06828703703707,43.11732,-79.05943,2024-09-19T01:38:20.000000Z
2024,263.0682986111111,43.11732,-79.05943,2024-09-19T01:38:21.000000Z
2024,263.0683101851852,43.11732,-79.05943,2024-09-19T01:38:22.000000Z
2024,263.0683217592593,43.11731,-79.05943,2024-09-19T01:38:23.000000Z
2024,263.0683333333334,43.11731,-79.05943,2024-09-19T01:38:24.000000Z
2024,263.06834490740744,43.11731,-79.05943,2024-09-19T01:38:25.000000Z
2024,263.07855324074075,43.11738,-79.05949,2024-09-19T01:53:07.000000Z
2024,263.0785648148148,43.11738,-79.05949,2024-09-19T01:53:08.000000Z
2024,263.0785763888889,43.11737,-79.05948,2024-09-19T01:53:09.000000Z
2024,263.07858796296296,43.11738,-79.05954,2024-09-19T01:53:10.000000Z
2024,263.078599537037,43.11737,-79.05956,2024-09-19T01:53:11.000000Z
2024,263.0786111111111,43.11737,-79.05957,2024-09-19T01:53:12.000000Z
2024,263.07862268518517,43.11736,-79.05956,2024-09-19T01:53:13.000000Z
2024,263.0786342592593,43.11735,-79.05955,2024-09-19T01:53:14.000000Z
2024,263.0786458333333,43.11735,-79.05954,2024-09-19T01:53:15.000000Z
2024,263.0786574074074,43.11735,-79.05954,2024-09-19T01:53:16.000000Z
2024,263.0786689814815,43.11734,-79.05953,2024-09-19T01:53:17.000000Z
2024,263.07868055555554,43.11734,-79.05954,2024-09-19T01:53:18.000000Z
2024,263.07869212962964,43.11734,-79.05954,2024-09-19T01:53:19.000000Z
2024,263.0787037037037,43.11734,-79.05955,2024-09-19T01:53:20.000000Z
2024,263.07871527777775,43.11734,-79.05955,2024-09-19T01:53:21.000000Z
2024,263.07872685185185,43.11734,-79.05955,2024-09-19T01:53:22.000000Z
2024,263.0787384259259,43.11734,-79.05954,2024-09-19T01:53:23.000000Z
2024,263.07875,43.11734,-79.05954,2024-09-19T01:53:24.000000Z
2024,263.07876157407406,43.11734,-79.05954,2024-09-19T01:53:25.000000Z
2024,263.0889699074074,43.11721,-79.0596,2024-09-19T02:08:07.000000Z
2024,263.0889814814814,43.11721,-79.05959,2024-09-19T02:08:08.000000Z
2024,263.08899305555553,43.11721,-79.05958,2024-09-19T02:08:09.000000Z
2024,263.0890046296296,43.11723,-79.05958,2024-09-19T02:08:10.000000Z
2024,263.08901620370364,43.11724,-79.05959,2024-09-19T02:08:11.000000Z
2024,263.08902777777774,43.11726,-79.0596,2024-09-19T02:08:12.000000Z
2024,263.0890393518518,43.11727,-79.0596,2024-09-19T02:08:13.000000Z
2024,263.0890509259259,43.11727,-79.0596,2024-09-19T02:08:14.000000Z
2024,263.08906249999995,43.11727,-79.0596,2024-09-19T02:08:15.000000Z
2024,263.089074074074,43.11727,-79.0596,2024-09-19T02:08:16.000000Z
2024,263.0890856481481,43.11727,-79.0596,2024-09-19T02:08:17.000000Z
2024,263.08909722222216,43.11727,-79.0596,2024-09-19T02:08:18.000000Z
2024,263.0891087962963,43.11728,-79.0596,2024-09-19T02:08:19.000000Z
2024,263.0891203703703,43.11729,-79.0596,2024-09-19T02:08:20.000000Z
2024,263.0891319444444,43.11729,-79.0596,2024-09-19T02:08:21.000000Z
2024,263.0891435185185,43.1173,-79.0596,2024-09-19T02:08:22.000000Z
2024,263.08915509259253,43.1173,-79.0596,2024-09-19T02:08:23.000000Z
2024,263.08916666666664,43.1173,-79.0596,2024-09-19T02:08:24.000000Z
2024,263.0891782407407,43.1173,-79.0596,2024-09-19T02:08:25.000000Z
2024,263.09938657407406,43.11711,-79.05958,2024-09-19T02:23:07.000000Z
2024,263.0993981481481,43.11712,-79.05958,2024-09-19T02:23:08.000000Z
2024,263.0994097222222,43.11711,-79.05958,2024-09-19T02:23:09.000000Z
2024,263.09942129629627,43.11714,-79.05956,2024-09-19T02:23:10.000000Z
2024,263.0994328703703,43.11714,-79.05957,2024-09-19T02:23:11.000000Z
2024,263.09944444444443,43.11714,-79.05957,2024-09-19T02:23:12.000000Z
2024,263.0994560185185,43.11714,-79.05957,2024-09-19T02:23:13.000000Z
2024,263.0994675925926,43.11714,-79.05957,2024-09-19T02:23:14.000000Z
2024,263.09947916666664,43.11714,-79.05957,2024-09-19T02:23:15.000000Z
2024,263.0994907407407,43.11714,-79.05957,2024-09-19T02:23:16.000000Z
2024,263.0995023148148,43.11714,-79.05957,2024-09-19T02:23:17.000000Z
2024,263.09951388888885,43.11715,-79.05956,2024-09-19T02:23:18.000000Z
2024,263.09952546296296,43.11716,-79.05955,2024-09-19T02:23:19.000000Z
2024,263.099537037037,43.11716,-79.05954,2024-09-19T02:23:20.000000Z
2024,263.09954861111106,43.11717,-79.05953,2024-09-19T02:23:21.000000Z
2024,263.09956018518517,43.11717,-79.05953,2024-09-19T02:23:22.000000Z
2024,263.0995717592592,43.11718,-79.05953,2024-09-19T02:23:23.000000Z
2024,263.0995833333333,43.11718,-79.05952,2024-09-19T02:23:24.000000Z
2024,263.0995949074074,43.11719,-79.05952,2024-09-19T02:23:25.000000Z
2024,263.10980324074075,43.11729,-79.05966,2024-09-19T02:38:07.000000Z
2024,263.1098148148148,43.11729,-79.05966,2024-09-19T02:38:08.000000Z
2024,263.1098263888889,43.11728,-79.05966,2024-09-19T02:38:09.000000Z
2024,263.10983796296296,43.11727,-79.05966,2024-09-19T02:38:10.000000Z
2024,263.109849537037,43.11726,-79.05966,2024-09-19T02:38:11.000000Z
2024,263.1098611111111,43.11725,-79.05965,2024-09-19T02:38:12.000000Z
2024,263.10987268518517,43.11726,-79.05964,2024-09-19T02:38:13.000000Z
2024,263.1098842592593,43.11726,-79.05963,2024-09-19T02:38:14.000000Z
2024,263.1098958333333,43.11725,-79.05963,2024-09-19T02:38:15.000000Z
2024,263.1099074074074,43.11724,-79.05962,2024-09-19T02:38:16.000000Z
2024,263.1099189814815,43.11724,-79.05961,2024-09-19T02:38:17.000000Z
2024,263.10993055555554,43.11724,-79.05961,2024-09-19T02:38:18.000000Z
2024,263.10994212962964,43.11724,-79.0596,2024-09-19T02:38:19.000000Z
2024,263.1099537037037,43.11723,-79.0596,2024-09-19T02:38:20.000000Z
2024,263.10996527777775,43.11723,-79.0596,2024-09-19T02:38:21.000000Z
2024,263.10997685185185,43.11722,-79.0596,2024-09-19T02:38:22.000000Z
2024,263.1099884259259,43.11722,-79.05959,2024-09-19T02:38:23.000000Z
2024,263.11,43.11722,-79.0596,2024-09-19T02:38:24.000000Z
2024,263.11001157407406,43.11722,-79.05959,2024-09-19T02:38:25.000000Z
2024,263.1202199074074,43.11729,-79.05964,2024-09-19T02:53:07.000000Z
2024,263.1202314814814,43.11729,-79.05964,2024-09-19T02:53:08.000000Z
2024,263.12024305555553,43.1173,-79.05964,2024-09-19T02:53:09.000000Z
2024,263.1202546296296,43.1173,-79.05964,2024-09-19T02:53:10.000000Z
2024,263.12026620370364,43.1173,-79.05963,2024-09-19T02:53:11.000000Z
2024,263.12027777777774,43.1173,-79.05962,2024-09-19T02:53:12.000000Z
2024,263.1202893518518,43.11731,-79.05961,2024-09-19T02:53:13.000000Z
2024,263.1203009259259,43.11732,-79.0596,2024-09-19T02:53:14.000000Z
2024,263.12031249999995,43.11733,-79.05959,2024-09-19T02:53:15.000000Z
2024,263.120324074074,43.11733,-79.05959,2024-09-19T02:53:16.000000Z
2024,263.1203356481481,43.11733,-79.05959,2024-09-19T02:53:17.000000Z
2024,263.12034722222216,43.11733,-79.05959,2024-09-19T02:53:18.000000Z
2024,263.1203587962963,43.11734,-79.05959,2024-09-19T02:53:19.000000Z
2024,263.1203703703703,43.11734,-79.05959,2024-09-19T02:53:20.000000Z
2024,263.1203819444444,43.11733,-79.05959,2024-09-19T02:53:21.000000Z
2024,263.1203935185185,43.11733,-79.05959,2024-09-19T02:53:22.000000Z
2024,263.12040509259253,43.11733,-79.0596,2024-09-19T02:53:23.000000Z
2024,263.12041666666664,43.11734,-79.0596,2024-09-19T02:53:24.000000Z
2024,263.1204282407407,43.11734,-79.0596,2024-09-19T02:53:25.000000Z
2024,263.13063657407406,43.11725,-79.05963,2024-09-19T03:08:07.000000Z
2024,263.1306481481481,43.11727,-79.05963,2024-09-19T03:08:08.000000Z
2024,263.1306597222222,43.11727,-79.05963,2024-09-19T03:08:09.000000Z
2024,263.13067129629627,43.11728,-79.05963,2024-09-19T03:08:10.000000Z
2024,263.1306828703703,43.11729,-79.05963,2024-09-19T03:08:11.000000Z
2024,263.13069444444443,43.11729,-79.05963,2024-09-19T03:08:12.000000Z
2024,263.1307060185185,43.11729,-79.05964,2024-09-19T03:08:13.000000Z
2024,263.1307175925926,43.11729,-79.05964,2024-09-19T03:08:14.000000Z
2024,263.13072916666664,43.1173,-79.05965,2024-09-19T03:08:15.000000Z
2024,263.1307407407407,43.1173,-79.05965,2024-09-19T03:08:16.000000Z
2024,263.1307523148148,43.1173,-79.05965,2024-09-19T03:08:17.000000Z
2024,263.13076388888885,43.1173,-79.05965,2024-09-19T03:08:18.000000Z
2024,263.13077546296296,43.1173,-79.05965,2024-09-19T03:08:19.000000Z
2024,263.130787037037,43.1173,-79.05965,2024-09-19T03:08:20.000000Z
2024,263.13079861111106,43.11731,-79.05965,2024-09-19T03:08:21.000000Z
2024,263.13081018518517,43.11731,-79.05965,2024-09-19T03:08:22.000000Z
2024,263.1308217592592,43.11731,-79.05965,2024-09-19T03:08:23.000000Z
2024,263.1308333333333,43.11731,-79.05965,2024-09-19T03:08:24.000000Z
2024,263.1308449074074,43.11731,-79.05965,2024-09-19T03:08:25.000000Z
2024,263.14105324074075,43.11721,-79.05955,2024-09-19T03:23:07.000000Z
2024,263.1410648148148,43.11721,-79.05955,2024-09-19T03:23:08.000000Z
2024,263.1410763888889,43.11721,-79.05954,2024-09-19T03:23:09.000000Z
2024,263.14108796296296,43.11722,-79.05954,2024-09-19T03:23:10.000000Z
2024,263.141099537037,43.11722,-79.05953,2024-09-19T03:23:11.000000Z
2024,263.1411111111111,43.11722,-79.05953,2024-09-19T03:23:12.000000Z
2024,263.14112268518517,43.11722,-79.05953,2024-09-19T03:23:13.000000Z
2024,263.1411342592593,43.11722,-79.05953,2024-09-19T03:23:14.000000Z
2024,263.1411458333333,43.11722,-79.05953,2024-09-19T03:23:15.000000Z
2024,263.1411574074074,43.11722,-79.05953,2024-09-19T03:23:16.000000Z
2024,263.1411689814815,43.11722,-79.05952,2024-09-19T03:23:17.000000Z
2024,263.14118055555554,43.11722,-79.05952,2024-09-19T03:23:18.000000Z
2024,263.14119212962964,43.11722,-79.05952,2024-09-19T03:23:19.000000Z
2024,263.1412037037037,43.11722,-79.05952,2024-09-19T03:23:20.000000Z
2024,263.14121527777775,43.11722,-79.05952,2024-09-19T03:23:21.000000Z
2024,263.14122685185185,43.11722,-79.05952,2024-09-19T03:23:22.000000Z
2024,263.1412384259259,43.11722,-79.05952,2024-09-19T03:23:23.000000Z
2024,263.14125,43.11722,-79.05952,2024-09-19T03:23:24.000000Z
2024,263.14126157407406,43.11722,-79.05952,2024-09-19T03:23:25.000000Z
2024,263.15146990740743,43.11725,-79.05953,2024-09-19T03:38:07.000000Z
2024,263.1514814814815,43.11726,-79.05953,2024-09-19T03:38:08.000000Z
2024,263.1514930555556,43.11726,-79.05953,2024-09-19T03:38:09.000000Z
2024,263.15150462962964,43.11726,-79.05953,2024-09-19T03:38:10.000000Z
2024,263.1515162037037,43.11726,-79.05954,2024-09-19T03:38:11.000000Z
2024,263.1515277777778,43.11725,-79.05954,2024-09-19T03:38:12.000000Z
2024,263.15153935185185,43.11725,-79.05954,2024-09-19T03:38:13.000000Z
2024,263.15155092592596,43.11725,-79.05954,2024-09-19T03:38:14.000000Z
2024,263.1515625,43.11725,-79.05954,2024-09-19T03:38:15.000000Z
2024,263.15157407407406,43.11725,-79.05953,2024-09-19T03:38:16.000000Z
2024,263.15158564814817,43.11726,-79.05953,2024-09-19T03:38:17.000000Z
2024,263.1515972222222,43.11726,-79.05953,2024-09-19T03:38:18.000000Z
2024,263.15160879629633,43.11726,-79.05953,2024-09-19T03:38:19.000000Z
2024,263.1516203703704,43.11727,-79.05953,2024-09-19T03:38:20.000000Z
2024,263.15163194444443,43.11727,-79.05952,2024-09-19T03:38:21.000000Z
2024,263.15164351851854,43.11727,-79.05952,2024-09-19T03:38:22.000000Z
2024,263.1516550925926,43.11727,-79.05952,2024-09-19T03:38:23.000000Z
2024,263.1516666666667,43.11728,-79.05952,2024-09-19T03:38:24.000000Z
2024,263.15167824074075,43.11728,-79.05952,2024-09-19T03:38:25.000000Z
2024,263.16188657407406,43.11727,-79.05942,2024-09-19T03:53:07.000000Z
2024,263.1618981481481,43.11728,-79.05941,2024-09-19T03:53:08.000000Z
2024,263.1619097222222,43.11729,-79.0594,2024-09-19T03:53:09.000000Z
2024,263.16192129629627,43.11729,-79.0594,2024-09-19T03:53:10.000000Z
2024,263.1619328703703,43.11729,-79.0594,2024-09-19T03:53:11.000000Z
2024,263.16194444444443,43.1173,-79.05939,2024-09-19T03:53:12.000000Z
2024,263.1619560185185,43.1173,-79.0594,2024-09-19T03:53:13.000000Z
2024,263.1619675925926,43.1173,-79.0594,2024-09-19T03:53:14.000000Z
2024,263.16197916666664,43.1173,-79.05939,2024-09-19T03:53:15.000000Z
2024,263.1619907407407,43.1173,-79.0594,2024-09-19T03:53:16.000000Z
2024,263.1620023148148,43.1173,-79.0594,2024-09-19T03:53:17.000000Z
2024,263.16201388888885,43.11731,-79.05941,2024-09-19T03:53:18.000000Z
2024,263.16202546296296,43.1173,-79.05941,2024-09-19T03:53:19.000000Z
2024,263.162037037037,43.1173,-79.05942,2024-09-19T03:53:20.000000Z
2024,263.16204861111106,43.1173,-79.05943,2024-09-19T03:53:21.000000Z
2024,263.16206018518517,43.11729,-79.05944,2024-09-19T03:53:22.000000Z
2024,263.1620717592592,43.11729,-79.05944,2024-09-19T03:53:23.000000Z
2024,263.1620833333333,43.11729,-79.05945,2024-09-19T03:53:24.000000Z
2024,263.1620949074074,43.11729,-79.05945,2024-09-19T03:53:25.000000Z
2024,263.17230324074075,43.11725,-79.05952,2024-09-19T04:08:07.000000Z
2024,263.1723148148148,43.11724,-79.05952,2024-09-19T04:08:08.000000Z
2024,263.1723263888889,43.11724,-79.05952,2024-09-19T04:08:09.000000Z
2024,263.17233796296296,43.11728,-79.05952,2024-09-19T04:08:10.000000Z
2024,263.172349537037,43.1173,-79.05951,2024-09-19T04:08:11.000000Z
2024,263.1723611111111,43.11731,-79.05951,2024-09-19T04:08:12.000000Z
2024,263.17237268518517,43.11731,-79.05951,2024-09-19T04:08:13.000000Z
2024,263.1723842592593,43.11732,-79.0595,2024-09-19T04:08:14.000000Z
2024,263.1723958333333,43.11732,-79.0595,2024-09-19T04:08:15.000000Z
2024,263.1724074074074,43.11732,-79.0595,2024-09-19T04:08:16.000000Z
2024,263.1724189814815,43.11733,-79.0595,2024-09-19T04:08:17.000000Z
2024,263.17243055555554,43.11733,-79.05949,2024-09-19T04:08:18.000000Z
2024,263.17244212962964,43.11733,-79.05948,2024-09-19T04:08:19.000000Z
2024,263.1724537037037,43.11733,-79.05948,2024-09-19T04:08:20.000000Z
2024,263.17246527777775,43.11733,-79.05947,2024-09-19T04:08:21.000000Z
2024,263.17247685185185,43.11733,-79.05947,2024-09-19T04:08:22.000000Z
2024,263.1724884259259,43.11733,-79.05947,2024-09-19T04:08:23.000000Z
2024,263.1725,43.11733,-79.05947,2024-09-19T04:08:24.000000Z
2024,263.17251157407406,43.11732,-79.05947,2024-09-19T04:08:25.000000Z
2024,263.1827314814815,43.11718,-79.05964,2024-09-19T04:23:08.000000Z
2024,263.1827430555556,43.11718,-79.05966,2024-09-19T04:23:09.000000Z
2024,263.18275462962964,43.11718,-79.05967,2024-09-19T04:23:10.000000Z
2024,263.1827662037037,43.11719,-79.05968,2024-09-19T04:23:11.000000Z
2024,263.1827777777778,43.11719,-79.05968,2024-09-19T04:23:12.000000Z
2024,263.18278935185185,43.11719,-79.05969,2024-09-19T04:23:13.000000Z
2024,263.18280092592596,43.11719,-79.05969,2024-09-19T04:23:14.000000Z
2024,263.1828125,43.11719,-79.05968,2024-09-19T04:23:15.000000Z
2024,263.18282407407406,43.11719,-79.05968,2024-09-19T04:23:16.000000Z
2024,263.18283564814817,43.11718,-79.05968,2024-09-19T04:23:17.000000Z
2024,263.1828472222222,43.11718,-79.05967,2024-09-19T04:23:18.000000Z
2024,263.18285879629633,43.11717,-79.05967,2024-09-19T04:23:19.000000Z
2024,263.1828703703704,43.11717,-79.05966,2024-09-19T04:23:20.000000Z
2024,263.18288194444443,43.11717,-79.05966,2024-09-19T04:23:21.000000Z
2024,263.18289351851854,43.11717,-79.05966,2024-09-19T04:23:22.000000Z
2024,263.1829050925926,43.11716,-79.05966,2024-09-19T04:23:23.000000Z
2024,263.1829166666667,43.11716,-79.05966,2024-09-19T04:23:24.000000Z
2024,263.18292824074075,43.11716,-79.05965,2024-09-19T04:23:25.000000Z
2024,263.1829398148148,43.11716,-79.05965,2024-09-19T04:23:26.000000Z
2024,263.1829513888889,43.11716,-79.05964,2024-09-19T04:23:27.000000Z
2024,263.1931365740741,43.11718,-79.0596,2024-09-19T04:38:07.000000Z
2024,263.19314814814817,43.11719,-79.05962,2024-09-19T04:38:08.000000Z
2024,263.1931597222223,43.11719,-79.05962,2024-09-19T04:38:09.000000Z
2024,263.1931712962963,43.11722,-79.05962,2024-09-19T04:38:10.000000Z
2024,263.1931828703704,43.11723,-79.05961,2024-09-19T04:38:11.000000Z
2024,263.1931944444445,43.11724,-79.05961,2024-09-19T04:38:12.000000Z
2024,263.19320601851854,43.11725,-79.05961,2024-09-19T04:38:13.000000Z
2024,263.19321759259265,43.11725,-79.05961,2024-09-19T04:38:14.000000Z
2024,263.1932291666667,43.11726,-79.05961,2024-09-19T04:38:15.000000Z
2024,263.19324074074075,43.11726,-79.05961,2024-09-19T04:38:16.000000Z
2024,263.19325231481486,43.11726,-79.05961,2024-09-19T04:38:17.000000Z
2024,263.1932638888889,43.11726,-79.05961,2024-09-19T04:38:18.000000Z
2024,263.193275462963,43.11727,-79.05961,2024-09-19T04:38:19.000000Z
2024,263.19328703703707,43.11727,-79.05961,2024-09-19T04:38:20.000000Z
2024,263.1932986111111,43.11727,-79.05961,2024-09-19T04:38:21.000000Z
2024,263.1933101851852,43.11727,-79.05962,2024-09-19T04:38:22.000000Z
2024,263.1933217592593,43.11727,-79.05962,2024-09-19T04:38:23.000000Z
2024,263.1933333333334,43.11727,-79.05962,2024-09-19T04:38:24.000000Z
2024,263.19334490740744,43.11727,-79.05963,2024-09-19T04:38:25.000000Z
2024,263.20355324074075,43.11732,-79.05973,2024-09-19T04:53:07.000000Z
2024,263.2035648148148,43.11732,-79.05973,2024-09-19T04:53:08.000000Z
2024,263.2035763888889,43.11732,-79.05973,2024-09-19T04:53:09.000000Z
2024,263.20358796296296,43.11732,-79.05973,2024-09-19T04:53:10.000000Z
2024,263.203599537037,43.11732,-79.05973,2024-09-19T04:53:11.000000Z
2024,263.2036111111111,43.11732,-79.05973,2024-09-19T04:53:12.000000Z
2024,263.20362268518517,43.11732,-79.05973,2024-09-19T04:53:13.000000Z
2024,263.2036342592593,43.11731,-79.05973,2024-09-19T04:53:14.000000Z
2024,263.2036458333333,43.11731,-79.05973,2024-09-19T04:53:15.000000Z
2024,263.2036574074074,43.11731,-79.05973,2024-09-19T04:53:16.000000Z
2024,263.2036689814815,43.11731,-79.05974,2024-09-19T04:53:17.000000Z
2024,263.20368055555554,43.11731,-79.05974,2024-09-19T04:53:18.000000Z
2024,263.20369212962964,43.11731,-79.05973,2024-09-19T04:53:19.000000Z
2024,263.2037037037037,43.11731,-79.05974,2024-09-19T04:53:20.000000Z
2024,263.20371527777775,43.11731,-79.05973,2024-09-19T04:53:21.000000Z
2024,263.20372685185185,43.1173,-79.05974,2024-09-19T04:53:22.000000Z
2024,263.2037384259259,43.1173,-79.05974,2024-09-19T04:53:23.000000Z
2024,263.20375,43.1173,-79.05974,2024-09-19T04:53:24.000000Z
2024,263.20376157407406,43.1173,-79.05974,2024-09-19T04:53:25.000000Z
2024,263.2139699074074,43.11724,-79.05966,2024-09-19T05:08:07.000000Z
2024,263.2139814814814,43.11724,-79.05966,2024-09-19T05:08:08.000000Z
2024,263.21399305555553,43.11724,-79.05966,2024-09-19T05:08:09.000000Z
2024,263.2140046296296,43.11724,-79.05966,2024-09-19T05:08:10.000000Z
2024,263.21401620370364,43.11723,-79.05966,2024-09-19T05:08:11.000000Z
2024,263.21402777777774,43.11723,-79.05966,2024-09-19T05:08:12.000000Z
2024,263.2140393518518,43.11723,-79.05967,2024-09-19T05:08:13.000000Z
2024,263.2140509259259,43.11723,-79.05967,2024-09-19T05:08:14.000000Z
2024,263.21406249999995,43.11723,-79.05966,2024-09-19T05:08:15.000000Z
2024,263.214074074074,43.11723,-79.05966,2024-09-19T05:08:16.000000Z
2024,263.2140856481481,43.11723,-79.05966,2024-09-19T05:08:17.000000Z
2024,263.21409722222216,43.11723,-79.05966,2024-09-19T05:08:18.000000Z
2024,263.2141087962963,43.11723,-79.05966,2024-09-19T05:08:19.000000Z
2024,263.2141203703703,43.11723,-79.05966,2024-09-19T05:08:20.000000Z
2024,263.2141319444444,43.11723,-79.05966,2024-09-19T05:08:21.000000Z
2024,263.2141435185185,43.11723,-79.05966,2024-09-19T05:08:22.000000Z
2024,263.21415509259253,43.11723,-79.05966,2024-09-19T05:08:23.000000Z
2024,263.21416666666664,43.11723,-79.05966,2024-09-19T05:08:24.000000Z
2024,263.2141782407407,43.11723,-79.05966,2024-09-19T05:08:25.000000Z
2024,263.22438657407406,43.11729,-79.05976,2024-09-19T05:23:07.000000Z
2024,263.2243981481481,43.11729,-79.05976,2024-09-19T05:23:08.000000Z
2024,263.2244097222222,43.11729,-79.05976,2024-09-19T05:23:09.000000Z
2024,263.22442129629627,43.11729,-79.05977,2024-09-19T05:23:10.000000Z
2024,263.2244328703703,43.11729,-79.05977,2024-09-19T05:23:11.000000Z
2024,263.22444444444443,43.1173,-79.05977,2024-09-19T05:23:12.000000Z
2024,263.2244560185185,43.1173,-79.05977,2024-09-19T05:23:13.000000Z
2024,263.2244675925926,43.1173,-79.05977,2024-09-19T05:23:14.000000Z
2024,263.22447916666664,43.1173,-79.05976,2024-09-19T05:23:15.000000Z
2024,263.2244907407407,43.11729,-79.05976,2024-09-19T05:23:16.000000Z
2024,263.2245023148148,43.11729,-79.05976,2024-09-19T05:23:17.000000Z
2024,263.22451388888885,43.11729,-79.05976,2024-09-19T05:23:18.000000Z
2024,263.22452546296296,43.11729,-79.05976,2024-09-19T05:23:19.000000Z
2024,263.224537037037,43.11729,-79.05976,2024-09-19T05:23:20.000000Z
2024,263.22454861111106,43.11729,-79.05976,2024-09-19T05:23:21.000000Z
2024,263.22456018518517,43.11728,-79.05976,2024-09-19T05:23:22.000000Z
2024,263.2245717592592,43.11728,-79.05975,2024-09-19T05:23:23.000000Z
2024,263.2245833333333,43.11728,-79.05975,2024-09-19T05:23:24.000000Z
2024,263.2245949074074,43.11727,-79.05975,2024-09-19T05:23:25.000000Z
2024,263.23479166666664,43.11725,-79.05967,2024-09-19T05:38:06.000000Z
2024,263.23480324074075,43.11725,-79.0597,2024-09-19T05:38:07.000000Z
2024,263.2348148148148,43.11725,-79.0597,2024-09-19T05:38:08.000000Z
2024,263.2348263888889,43.11725,-79.05969,2024-09-19T05:38:09.000000Z
2024,263.23483796296296,43.11725,-79.05969,2024-09-19T05:38:10.000000Z
2024,263.234849537037,43.11726,-79.0597,2024-09-19T05:38:11.000000Z
2024,263.2348611111111,43.11726,-79.0597,2024-09-19T05:38:12.000000Z
2024,263.23487268518517,43.11726,-79.05971,2024-09-19T05:38:13.000000Z
2024,263.2348842592593,43.11725,-79.05971,2024-09-19T05:38:14.000000Z
2024,263.2348958333333,43.11725,-79.05971,2024-09-19T05:38:15.000000Z
2024,263.2349074074074,43.11725,-79.05972,2024-09-19T05:38:16.000000Z
2024,263.2349189814815,43.11725,-79.05972,2024-09-19T05:38:17.000000Z
2024,263.23493055555554,43.11725,-79.05972,2024-09-19T05:38:18.000000Z
2024,263.23494212962964,43.11725,-79.05973,2024-09-19T05:38:19.000000Z
2024,263.2349537037037,43.11725,-79.05973,2024-09-19T05:38:20.000000Z
2024,263.23496527777775,43.11725,-79.05973,2024-09-19T05:38:21.000000Z
2024,263.23497685185185,43.11725,-79.05974,2024-09-19T05:38:22.000000Z
2024,263.2349884259259,43.11725,-79.05974,2024-09-19T05:38:23.000000Z
2024,263.235,43.11725,-79.05974,2024-09-19T05:38:24.000000Z
2024,263.2452199074074,43.11753,-79.05994,2024-09-19T05:53:07.000000Z
2024,263.2452314814814,43.11753,-79.05994,2024-09-19T05:53:08.000000Z
2024,263.24524305555553,43.11754,-79.05994,2024-09-19T05:53:09.000000Z
2024,263.2452546296296,43.11754,-79.05992,2024-09-19T05:53:10.000000Z
2024,263.24526620370364,43.11754,-79.05992,2024-09-19T05:53:11.000000Z
2024,263.24527777777774,43.11754,-79.05992,2024-09-19T05:53:12.000000Z
2024,263.2452893518518,43.11754,-79.05992,2024-09-19T05:53:13.000000Z
2024,263.2453009259259,43.11754,-79.05992,2024-09-19T05:53:14.000000Z
2024,263.24531249999995,43.11754,-79.05992,2024-09-19T05:53:15.000000Z
2024,263.245324074074,43.11754,-79.05992,2024-09-19T05:53:16.000000Z
2024,263.2453356481481,43.11755,-79.05992,2024-09-19T05:53:17.000000Z
2024,263.24534722222216,43.11755,-79.05992,2024-09-19T05:53:18.000000Z
2024,263.2453587962963,43.11755,-79.05992,2024-09-19T05:53:19.000000Z
2024,263.2453703703703,43.11755,-79.05992,2024-09-19T05:53:20.000000Z
2024,263.2453819444444,43.11754,-79.05992,2024-09-19T05:53:21.000000Z
2024,263.2453935185185,43.11754,-79.05992,2024-09-19T05:53:22.000000Z
2024,263.24540509259253,43.11754,-79.05992,2024-09-19T05:53:23.000000Z
2024,263.24541666666664,43.11754,-79.05992,2024-09-19T05:53:24.000000Z
2024,263.2454282407407,43.11754,-79.05992,2024-09-19T05:53:25.000000Z
2024,263.25563657407406,43.11738,-79.05997,2024-09-19T06:08:07.000000Z
2024,263.2556481481481,43.11739,-79.05998,2024-09-19T06:08:08.000000Z
2024,263.2556597222222,43.1174,-79.05998,2024-09-19T06:08:09.000000Z
2024,263.25567129629627,43.1174,-79.05999,2024-09-19T06:08:10.000000Z
2024,263.2556828703703,43.11741,-79.06,2024-09-19T06:08:11.000000Z
2024,263.25569444444443,43.11741,-79.06,2024-09-19T06:08:12.000000Z
2024,263.2557060185185,43.11742,-79.06,2024-09-19T06:08:13.000000Z
2024,263.2557175925926,43.11742,-79.06001,2024-09-19T06:08:14.000000Z
2024,263.25572916666664,43.11742,-79.06001,2024-09-19T06:08:15.000000Z
2024,263.2557407407407,43.11742,-79.06002,2024-09-19T06:08:16.000000Z
2024,263.25576388888885,43.11743,-79.06002,2024-09-19T06:08:18.000000Z
2024,263.25577546296296,43.11743,-79.06002,2024-09-19T06:08:19.000000Z
2024,263.255787037037,43.11743,-79.06002,2024-09-19T06:08:20.000000Z
2024,263.25579861111106,43.11743,-79.06002,2024-09-19T06:08:21.000000Z
2024,263.25581018518517,43.11743,-79.06002,2024-09-19T06:08:22.000000Z
2024,263.2558217592592,43.11743,-79.06002,2024-09-19T06:08:23.000000Z
2024,263.2558333333333,43.11744,-79.06002,2024-09-19T06:08:24.000000Z
2024,263.2558449074074,43.11744,-79.06002,2024-09-19T06:08:25.000000Z
2024,263.26605324074075,43.1173,-79.05996,2024-09-19T06:23:07.000000Z
2024,263.2660648148148,43.11729,-79.05995,2024-09-19T06:23:08.000000Z
2024,263.2660763888889,43.1173,-79.05995,2024-09-19T06:23:09.000000Z
2024,263.26608796296296,43.1173,-79.05995,2024-09-19T06:23:10.000000Z
2024,263.266099537037,43.11731,-79.05995,2024-09-19T06:23:11.000000Z
2024,263.2661111111111,43.11731,-79.05995,2024-09-19T06:23:12.000000Z
2024,263.26612268518517,43.11732,-79.05995,2024-09-19T06:23:13.000000Z
2024,263.2661342592593,43.11732,-79.05995,2024-09-19T06:23:14.000000Z
2024,263.2661458333333,43.11732,-79.05995,2024-09-19T06:23:15.000000Z
2024,263.2661574074074,43.11732,-79.05995,2024-09-19T06:23:16.000000Z
2024,263.2661689814815,43.11732,-79.05995,2024-09-19T06:23:17.000000Z
2024,263.26618055555554,43.11732,-79.05994,2024-09-19T06:23:18.000000Z
2024,263.26619212962964,43.11732,-79.05994,2024-09-19T06:23:19.000000Z
2024,263.2662037037037,43.11733,-79.05994,2024-09-19T06:23:20.000000Z
2024,263.26621527777775,43.11733,-79.05994,2024-09-19T06:23:21.000000Z
2024,263.26622685185185,43.11733,-79.05994,2024-09-19T06:23:22.000000Z
2024,263.2662384259259,43.11733,-79.05994,2024-09-19T06:23:23.000000Z
2024,263.26625,43.11733,-79.05994,2024-09-19T06:23:24.000000Z
2024,263.26626157407406,43.11733,-79.05994,2024-09-19T06:23:25.000000Z
2024,263.27646990740743,43.11713,-79.05987,2024-09-19T06:38:07.000000Z
2024,263.2764814814815,43.11713,-79.05987,2024-09-19T06:38:08.000000Z
2024,263.2764930555556,43.11713,-79.05987,2024-09-19T06:38:09.000000Z
2024,263.27650462962964,43.11712,-79.05986,2024-09-19T06:38:10.000000Z
2024,263.2765162037037,43.11711,-79.05986,2024-09-19T06:38:11.000000Z
2024,263.2765277777778,43.11712,-79.05986,2024-09-19T06:38:12.000000Z
2024,263.27653935185185,43.11712,-79.05985,2024-09-19T06:38:13.000000Z
2024,263.27655092592596,43.11712,-79.05985,2024-09-19T06:38:14.000000Z
2024,263.2765625,43.11712,-79.05985,2024-09-19T06:38:15.000000Z
2024,263.27657407407406,43.11713,-79.05985,2024-09-19T06:38:16.000000Z
2024,263.27658564814817,43.11713,-79.05984,2024-09-19T06:38:17.000000Z
2024,263.2765972222222,43.11713,-79.05984,2024-09-19T06:38:18.000000Z
2024,263.27660879629633,43.11713,-79.05983,2024-09-19T06:38:19.000000Z
2024,263.2766203703704,43.11713,-79.05984,2024-09-19T06:38:20.000000Z
2024,263.27663194444443,43.11713,-79.05984,2024-09-19T06:38:21.000000Z
2024,263.27664351851854,43.11713,-79.05984,2024-09-19T06:38:22.000000Z
2024,263.2766550925926,43.11713,-79.05984,2024-09-19T06:38:23.000000Z
2024,263.2766666666667,43.11714,-79.05985,2024-09-19T06:38:24.000000Z
2024,263.27667824074075,43.11714,-79.05985,2024-09-19T06:38:25.000000Z
2024,263.28688657407406,43.11733,-79.05991,2024-09-19T06:53:07.000000Z
2024,263.2868981481481,43.11732,-79.0599,2024-09-19T06:53:08.000000Z
2024,263.2869097222222,43.11732,-79.0599,2024-09-19T06:53:09.000000Z
2024,263.28692129629627,43.11731,-79.05989,2024-09-19T06:53:10.000000Z
2024,263.2869328703703,43.11731,-79.05989,2024-09-19T06:53:11.000000Z
2024,263.28694444444443,43.1173,-79.05989,2024-09-19T06:53:12.000000Z
2024,263.2869560185185,43.11732,-79.05987,2024-09-19T06:53:13.000000Z
2024,263.2869675925926,43.11731,-79.05987,2024-09-19T06:53:14.000000Z
2024,263.28697916666664,43.11732,-79.05986,2024-09-19T06:53:15.000000Z
2024,263.2869907407407,43.11732,-79.05986,2024-09-19T06:53:16.000000Z
2024,263.2870023148148,43.11732,-79.05985,2024-09-19T06:53:17.000000Z
2024,263.28701388888885,43.11732,-79.05985,2024-09-19T06:53:18.000000Z
2024,263.28702546296296,43.11732,-79.05985,2024-09-19T06:53:19.000000Z
2024,263.287037037037,43.11732,-79.05985,2024-09-19T06:53:20.000000Z
2024,263.28704861111106,43.11732,-79.05985,2024-09-19T06:53:21.000000Z
2024,263.28706018518517,43.11732,-79.05984,2024-09-19T06:53:22.000000Z
2024,263.2870717592592,43.11732,-79.05984,2024-09-19T06:53:23.000000Z
2024,263.2870833333333,43.11732,-79.05984,2024-09-19T06:53:24.000000Z
2024,263.2870949074074,43.11732,-79.05984,2024-09-19T06:53:25.000000Z
2024,263.2973148148148,43.11727,-79.05976,2024-09-19T07:08:08.000000Z
2024,263.2973263888889,43.11727,-79.05976,2024-09-19T07:08:09.000000Z
2024,263.29733796296296,43.11727,-79.05976,2024-09-19T07:08:10.000000Z
2024,263.297349537037,43.11727,-79.05977,2024-09-19T07:08:11.000000Z
2024,263.2973611111111,43.11726,-79.05977,2024-09-19T07:08:12.000000Z
2024,263.29737268518517,43.11726,-79.05977,2024-09-19T07:08:13.000000Z
2024,263.2973842592593,43.11726,-79.05977,2024-09-19T07:08:14.000000Z
2024,263.2973958333333,43.11725,-79.05977,2024-09-19T07:08:15.000000Z
2024,263.2974074074074,43.11725,-79.05977,2024-09-19T07:08:16.000000Z
2024,263.2974189814815,43.11725,-79.05977,2024-09-19T07:08:17.000000Z
2024,263.29743055555554,43.11725,-79.05977,2024-09-19T07:08:18.000000Z
2024,263.29744212962964,43.11725,-79.05977,2024-09-19T07:08:19.000000Z
2024,263.2974537037037,43.11724,-79.05978,2024-09-19T07:08:20.000000Z
2024,263.29746527777775,43.11724,-79.05978,2024-09-19T07:08:21.000000Z
2024,263.29747685185185,43.11724,-79.05978,2024-09-19T07:08:22.000000Z
2024,263.2974884259259,43.11725,-79.05978,2024-09-19T07:08:23.000000Z
2024,263.2975,43.11725,-79.05978,2024-09-19T07:08:24.000000Z
2024,263.29751157407406,43.11725,-79.05979,2024-09-19T07:08:25.000000Z
2024,263.2975231481481,43.11725,-79.05979,2024-09-19T07:08:26.000000Z
2024,263.30771990740743,43.11721,-79.05976,2024-09-19T07:23:07.000000Z
2024,263.3077314814815,43.11722,-79.05976,2024-09-19T07:23:08.000000Z
2024,263.3077430555556,43.11721,-79.05974,2024-09-19T07:23:09.000000Z
2024,263.30775462962964,43.11721,-79.05974,2024-09-19T07:23:10.000000Z
2024,263.3077662037037,43.11722,-79.05973,2024-09-19T07:23:11.000000Z
2024,263.3077777777778,43.11721,-79.05973,2024-09-19T07:23:12.000000Z
2024,263.30778935185185,43.11721,-79.05973,2024-09-19T07:23:13.000000Z
2024,263.30780092592596,43.11721,-79.05973,2024-09-19T07:23:14.000000Z
2024,263.3078125,43.11721,-79.05973,2024-09-19T07:23:15.000000Z
2024,263.30782407407406,43.11721,-79.05972,2024-09-19T07:23:16.000000Z
2024,263.30783564814817,43.11721,-79.05972,2024-09-19T07:23:17.000000Z
2024,263.3078472222222,43.11721,-79.05972,2024-09-19T07:23:18.000000Z
2024,263.30785879629633,43.11721,-79.05972,2024-09-19T07:23:19.000000Z
2024,263.3078703703704,43.1172,-79.05972,2024-09-19T07:23:20.000000Z
2024,263.30788194444443,43.1172,-79.05971,2024-09-19T07:23:21.000000Z
2024,263.30789351851854,43.1172,-79.05972,2024-09-19T07:23:22.000000Z
2024,263.3079050925926,43.1172,-79.05972,2024-09-19T07:23:23.000000Z
2024,263.3079166666667,43.1172,-79.05972,2024-09-19T07:23:24.000000Z
2024,263.30792824074075,43.1172,-79.05972,2024-09-19T07:23:25.000000Z
2024,263.3181365740741,43.11734,-79.05986,2024-09-19T07:38:07.000000Z
2024,263.31814814814817,43.11734,-79.05986,2024-09-19T07:38:08.000000Z
2024,263.3181597222223,43.11734,-79.05986,2024-09-19T07:38:09.000000Z
2024,263.3181712962963,43.11734,-79.05987,2024-09-19T07:38:10.000000Z
2024,263.3181828703704,43.11734,-79.05986,2024-09-19T07:38:11.000000Z
2024,263.3181944444445,43.11733,-79.05986,2024-09-19T07:38:12.000000Z
2024,263.31820601851854,43.11733,-79.05986,2024-09-19T07:38:13.000000Z
2024,263.31821759259265,43.11733,-79.05986,2024-09-19T07:38:14.000000Z
2024,263.3182291666667,43.11733,-79.05986,2024-09-19T07:38:15.000000Z
2024,263.31824074074075,43.11733,-79.05985,2024-09-19T07:38:16.000000Z
2024,263.31825231481486,43.11732,-79.05985,2024-09-19T07:38:17.000000Z
2024,263.3182638888889,43.11732,-79.05985,2024-09-19T07:38:18.000000Z
2024,263.318275462963,43.11732,-79.05984,2024-09-19T07:38:19.000000Z
2024,263.31828703703707,43.11732,-79.05984,2024-09-19T07:38:20.000000Z
2024,263.3182986111111,43.11732,-79.05984,2024-09-19T07:38:21.000000Z
2024,263.3183101851852,43.11732,-79.05983,2024-09-19T07:38:22.000000Z
2024,263.3183217592593,43.11732,-79.05983,2024-09-19T07:38:23.000000Z
2024,263.3183333333334,43.11732,-79.05983,2024-09-19T07:38:24.000000Z
2024,263.31834490740744,43.11731,-79.05979,2024-09-19T07:38:25.000000Z
2024,263.32855324074075,43.11752,-79.06007,2024-09-19T07:53:07.000000Z
2024,263.3285648148148,43.11752,-79.06006,2024-09-19T07:53:08.000000Z
2024,263.3285763888889,43.11752,-79.06007,2024-09-19T07:53:09.000000Z
2024,263.32858796296296,43.11752,-79.06006,2024-09-19T07:53:10.000000Z
2024,263.328599537037,43.11752,-79.06006,2024-09-19T07:53:11.000000Z
2024,263.3286111111111,43.11752,-79.06006,2024-09-19T07:53:12.000000Z
2024,263.32862268518517,43.11752,-79.06005,2024-09-19T07:53:13.000000Z
2024,263.3286342592593,43.11752,-79.06005,2024-09-19T07:53:14.000000Z
2024,263.3286458333333,43.11751,-79.06005,2024-09-19T07:53:15.000000Z
2024,263.3286574074074,43.11751,-79.06005,2024-09-19T07:53:16.000000Z
2024,263.3286689814815,43.11751,-79.06005,2024-09-19T07:53:17.000000Z
2024,263.32868055555554,43.11751,-79.06005,2024-09-19T07:53:18.000000Z
2024,263.32869212962964,43.11751,-79.06005,2024-09-19T07:53:19.000000Z
2024,263.3287037037037,43.11751,-79.06005,2024-09-19T07:53:20.000000Z
2024,263.32871527777775,43.11751,-79.06005,2024-09-19T07:53:21.000000Z
2024,263.32872685185185,43.11752,-79.06005,2024-09-19T07:53:22.000000Z
2024,263.3287384259259,43.11752,-79.06005,2024-09-19T07:53:23.000000Z
2024,263.32875,43.11752,-79.06005,2024-09-19T07:53:24.000000Z
2024,263.32876157407406,43.11752,-79.06005,2024-09-19T07:53:25.000000Z
2024,263.3389699074074,43.11728,-79.05935,2024-09-19T08:08:07.000000Z
2024,263.3389814814814,43.11729,-79.05935,2024-09-19T08:08:08.000000Z
2024,263.33899305555553,43.11729,-79.05935,2024-09-19T08:08:09.000000Z
2024,263.3390046296296,43.1173,-79.05937,2024-09-19T08:08:10.000000Z
2024,263.33901620370364,43.11731,-79.0594,2024-09-19T08:08:11.000000Z
2024,263.33902777777774,43.11731,-79.05939,2024-09-19T08:08:12.000000Z
2024,263.3390393518518,43.11731,-79.05938,2024-09-19T08:08:13.000000Z
2024,263.3390509259259,43.11731,-79.05938,2024-09-19T08:08:14.000000Z
2024,263.33906249999995,43.1173,-79.05938,2024-09-19T08:08:15.000000Z
2024,263.339074074074,43.1173,-79.05938,2024-09-19T08:08:16.000000Z
2024,263.3390856481481,43.1173,-79.05938,2024-09-19T08:08:17.000000Z
2024,263.33909722222216,43.11729,-79.05938,2024-09-19T08:08:18.000000Z
2024,263.3391087962963,43.11729,-79.05938,2024-09-19T08:08:19.000000Z
2024,263.3391203703703,43.11729,-79.05938,2024-09-19T08:08:20.000000Z
2024,263.3391319444444,43.11729,-79.05937,2024-09-19T08:08:21.000000Z
2024,263.3391435185185,43.11729,-79.05937,2024-09-19T08:08:22.000000Z
2024,263.33915509259253,43.11729,-79.05937,2024-09-19T08:08:23.000000Z
2024,263.33916666666664,43.11728,-79.05936,2024-09-19T08:08:24.000000Z
2024,263.3391782407407,43.11728,-79.05936,2024-09-19T08:08:25.000000Z
2024,263.34937499999995,43.11624,-79.05792,2024-09-19T08:23:06.000000Z
2024,263.34938657407406,43.11608,-79.05758,2024-09-19T08:23:07.000000Z
2024,263.3494328703703,43.1169,-79.05895,2024-09-19T08:23:11.000000Z
2024,263.34944444444443,43.11694,-79.05903,2024-09-19T08:23:12.000000Z
2024,263.3494560185185,43.11705,-79.05923,2024-09-19T08:23:13.000000Z
2024,263.3494675925926,43.11711,-79.05934,2024-09-19T08:23:14.000000Z
2024,263.34947916666664,43.11717,-79.05945,2024-09-19T08:23:15.000000Z
2024,263.3494907407407,43.11719,-79.05949,2024-09-19T08:23:16.000000Z
2024,263.3495023148148,43.11721,-79.05953,2024-09-19T08:23:17.000000Z
2024,263.34951388888885,43.11723,-79.05956,2024-09-19T08:23:18.000000Z
2024,263.34952546296296,43.11725,-79.05959,2024-09-19T08:23:19.000000Z
2024,263.349537037037,43.11729,-79.05966,2024-09-19T08:23:20.000000Z
2024,263.34954861111106,43.1173,-79.05969,2024-09-19T08:23:21.000000Z
2024,263.34956018518517,43.11732,-79.05972,2024-09-19T08:23:22.000000Z
2024,263.3495717592592,43.11733,-79.05974,2024-09-19T08:23:23.000000Z
2024,263.3495833333333,43.11734,-79.05976,2024-09-19T08:23:24.000000Z
2024,263.3495949074074,43.11736,-79.05979,2024-09-19T08:23:25.000000Z
2024,263.34960648148143,43.11735,-79.05978,2024-09-19T08:23:26.000000Z
2024,263.34961805555554,43.11736,-79.05979,2024-09-19T08:23:27.000000Z
2024,263.3496296296296,43.11736,-79.05979,2024-09-19T08:23:28.000000Z
2024,263.35980324074075,43.11732,-79.05973,2024-09-19T08:38:07.000000Z
2024,263.3598148148148,43.11732,-79.05973,2024-09-19T08:38:08.000000Z
2024,263.3598263888889,43.11732,-79.05973,2024-09-19T08:38:09.000000Z
2024,263.35983796296296,43.11734,-79.05973,2024-09-19T08:38:10.000000Z
2024,263.359849537037,43.11734,-79.05974,2024-09-19T08:38:11.000000Z
2024,263.3598611111111,43.11735,-79.05974,2024-09-19T08:38:12.000000Z
2024,263.35987268518517,43.11735,-79.05974,2024-09-19T08:38:13.000000Z
2024,263.3598842592593,43.11735,-79.05974,2024-09-19T08:38:14.000000Z
2024,263.3598958333333,43.11736,-79.05974,2024-09-19T08:38:15.000000Z
2024,263.3599074074074,43.11736,-79.05974,2024-09-19T08:38:16.000000Z
2024,263.3599189814815,43.11736,-79.05974,2024-09-19T08:38:17.000000Z
2024,263.35993055555554,43.11737,-79.05974,2024-09-19T08:38:18.000000Z
2024,263.35994212962964,43.11737,-79.05974,2024-09-19T08:38:19.000000Z
2024,263.3599537037037,43.11738,-79.05973,2024-09-19T08:38:20.000000Z
2024,263.35996527777775,43.11738,-79.05973,2024-09-19T08:38:21.000000Z
2024,263.35997685185185,43.11738,-79.05973,2024-09-19T08:38:22.000000Z
2024,263.3599884259259,43.11738,-79.05973,2024-09-19T08:38:23.000000Z
2024,263.36,43.11738,-79.05973,2024-09-19T08:38:24.000000Z
2024,263.36001157407406,43.11739,-79.05972,2024-09-19T08:38:25.000000Z
2024,263.3702199074074,43.11734,-79.0596,2024-09-19T08:53:07.000000Z
2024,263.3702314814814,43.11734,-79.05961,2024-09-19T08:53:08.000000Z
2024,263.37024305555553,43.11735,-79.05961,2024-09-19T08:53:09.000000Z
2024,263.3702546296296,43.11734,-79.05962,2024-09-19T08:53:10.000000Z
2024,263.37026620370364,43.11734,-79.05962,2024-09-19T08:53:11.000000Z
2024,263.37027777777774,43.11734,-79.05962,2024-09-19T08:53:12.000000Z
2024,263.3702893518518,43.11734,-79.05962,2024-09-19T08:53:13.000000Z
2024,263.3703009259259,43.11733,-79.05962,2024-09-19T08:53:14.000000Z
2024,263.37031249999995,43.11733,-79.05962,2024-09-19T08:53:15.000000Z
2024,263.370324074074,43.11732,-79.05962,2024-09-19T08:53:16.000000Z
2024,263.3703356481481,43.11732,-79.05963,2024-09-19T08:53:17.000000Z
2024,263.37034722222216,43.11731,-79.05963,2024-09-19T08:53:18.000000Z
2024,263.3703587962963,43.11731,-79.05963,2024-09-19T08:53:19.000000Z
2024,263.3703703703703,43.1173,-79.05963,2024-09-19T08:53:20.000000Z
2024,263.3703819444444,43.1173,-79.05963,2024-09-19T08:53:21.000000Z
2024,263.3703935185185,43.1173,-79.05962,2024-09-19T08:53:22.000000Z
2024,263.37040509259253,43.1173,-79.05963,2024-09-19T08:53:23.000000Z
2024,263.37041666666664,43.1173,-79.05963,2024-09-19T08:53:24.000000Z
2024,263.37043981481474,43.11729,-79.05963,2024-09-19T08:53:26.000000Z
2024,263.38063657407406,43.11739,-79.05979,2024-09-19T09:08:07.000000Z
2024,263.3806481481481,43.1174,-79.05979,2024-09-19T09:08:08.000000Z
2024,263.3806597222222,43.1174,-79.05979,2024-09-19T09:08:09.000000Z
2024,263.38067129629627,43.1174,-79.05978,2024-09-19T09:08:10.000000Z
2024,263.3806828703703,43.1174,-79.05979,2024-09-19T09:08:11.000000Z
2024,263.38069444444443,43.11739,-79.05979,2024-09-19T09:08:12.000000Z
2024,263.3807523148148,43.1173,-79.05968,2024-09-19T09:08:17.000000Z
2024,263.38076388888885,43.11729,-79.05967,2024-09-19T09:08:18.000000Z
2024,263.38077546296296,43.11728,-79.05966,2024-09-19T09:08:19.000000Z
2024,263.380787037037,43.11727,-79.05966,2024-09-19T09:08:20.000000Z
2024,263.38079861111106,43.11727,-79.05966,2024-09-19T09:08:21.000000Z
2024,263.38081018518517,43.11727,-79.05966,2024-09-19T09:08:22.000000Z
2024,263.3808217592592,43.11727,-79.05966,2024-09-19T09:08:23.000000Z
2024,263.3808333333333,43.11727,-79.05966,2024-09-19T09:08:24.000000Z
2024,263.3808449074074,43.11727,-79.05966,2024-09-19T09:08:25.000000Z
2024,263.38085648148143,43.11727,-79.05965,2024-09-19T09:08:26.000000Z
2024,263.38086805555554,43.11727,-79.05965,2024-09-19T09:08:27.000000Z
2024,263.3808796296296,43.11726,-79.05965,2024-09-19T09:08:28.000000Z
2024,263.3809143518518,43.11726,-79.05964,2024-09-19T09:08:31.000000Z
2024,263.39104166666664,43.11725,-79.05963,2024-09-19T09:23:06.000000Z
2024,263.39105324074075,43.11725,-79.05963,2024-09-19T09:23:07.000000Z
2024,263.3910648148148,43.11725,-79.05963,2024-09-19T09:23:08.000000Z
2024,263.3910763888889,43.11725,-79.05963,2024-09-19T09:23:09.000000Z
2024,263.39108796296296,43.11725,-79.05963,2024-09-19T09:23:10.000000Z
2024,263.391099537037,43.11725,-79.05964,2024-09-19T09:23:11.000000Z
2024,263.3911111111111,43.11725,-79.05964,2024-09-19T09:23:12.000000Z
2024,263.39112268518517,43.11725,-79.05964,2024-09-19T09:23:13.000000Z
2024,263.3911342592593,43.11725,-79.05964,2024-09-19T09:23:14.000000Z
2024,263.3911458333333,43.11726,-79.05964,2024-09-19T09:23:15.000000Z
2024,263.3911574074074,43.11726,-79.05964,2024-09-19T09:23:16.000000Z
2024,263.3911689814815,43.11726,-79.05964,2024-09-19T09:23:17.000000Z
2024,263.39118055555554,43.11726,-79.05965,2024-09-19T09:23:18.000000Z
2024,263.39119212962964,43.11726,-79.05965,2024-09-19T09:23:19.000000Z
2024,263.3912037037037,43.11727,-79.05965,2024-09-19T09:23:20.000000Z
2024,263.39121527777775,43.11727,-79.05965,2024-09-19T09:23:21.000000Z
2024,263.39122685185185,43.11727,-79.05965,2024-09-19T09:23:22.000000Z
2024,263.3912384259259,43.11727,-79.05965,2024-09-19T09:23:23.000000Z
2024,263.39125,43.11727,-79.05965,2024-09-19T09:23:24.000000Z
2024,263.39126157407406,43.11727,-79.05966,2024-09-19T09:23:25.000000Z
2024,263.4014583333333,43.11726,-79.0597,2024-09-19T09:38:06.000000Z
2024,263.40146990740743,43.11726,-79.0597,2024-09-19T09:38:07.000000Z
2024,263.4014814814815,43.11726,-79.0597,2024-09-19T09:38:08.000000Z
2024,263.4014930555556,43.11725,-79.0597,2024-09-19T09:38:09.000000Z
2024,263.40150462962964,43.11725,-79.0597,2024-09-19T09:38:10.000000Z
2024,263.4015162037037,43.11725,-79.0597,2024-09-19T09:38:11.000000Z
2024,263.4015277777778,43.11725,-79.0597,2024-09-19T09:38:12.000000Z
2024,263.40153935185185,43.11725,-79.0597,2024-09-19T09:38:13.000000Z
2024,263.40155092592596,43.11725,-79.0597,2024-09-19T09:38:14.000000Z
2024,263.4015625,43.11725,-79.0597,2024-09-19T09:38:15.000000Z
2024,263.40157407407406,43.11725,-79.0597,2024-09-19T09:38:16.000000Z
2024,263.40158564814817,43.11725,-79.0597,2024-09-19T09:38:17.000000Z
2024,263.4015972222222,43.11726,-79.0597,2024-09-19T09:38:18.000000Z
2024,263.40160879629633,43.11726,-79.0597,2024-09-19T09:38:19.000000Z
2024,263.4016203703704,43.11726,-79.0597,2024-09-19T09:38:20.000000Z
2024,263.40163194444443,43.11727,-79.0597,2024-09-19T09:38:21.000000Z
2024,263.40164351851854,43.11727,-79.0597,2024-09-19T09:38:22.000000Z
2024,263.4016550925926,43.11727,-79.0597,2024-09-19T09:38:23.000000Z
2024,263.4016666666667,43.11727,-79.0597,2024-09-19T09:38:24.000000Z
2024,263.40167824074075,43.11727,-79.0597,2024-09-19T09:38:25.000000Z
2024,263.4118634259259,43.11731,-79.05971,2024-09-19T09:53:05.000000Z
2024,263.41187499999995,43.11731,-79.05971,2024-09-19T09:53:06.000000Z
2024,263.41188657407406,43.1173,-79.0597,2024-09-19T09:53:07.000000Z
2024,263.4118981481481,43.1173,-79.0597,2024-09-19T09:53:08.000000Z
2024,263.4119097222222,43.1173,-79.0597,2024-09-19T09:53:09.000000Z
2024,263.41192129629627,43.11729,-79.0597,2024-09-19T09:53:10.000000Z
2024,263.4119328703703,43.11729,-79.05969,2024-09-19T09:53:11.000000Z
2024,263.41194444444443,43.11729,-79.05969,2024-09-19T09:53:12.000000Z
2024,263.4119560185185,43.11728,-79.05968,2024-09-19T09:53:13.000000Z
2024,263.4119675925926,43.11728,-79.05968,2024-09-19T09:53:14.000000Z
2024,263.41197916666664,43.11728,-79.05968,2024-09-19T09:53:15.000000Z
2024,263.4119907407407,43.11729,-79.05968,2024-09-19T09:53:16.000000Z
2024,263.4120023148148,43.11729,-79.05968,2024-09-19T09:53:17.000000Z
2024,263.41201388888885,43.11729,-79.05968,2024-09-19T09:53:18.000000Z
2024,263.41202546296296,43.11729,-79.05968,2024-09-19T09:53:19.000000Z
2024,263.412037037037,43.1173,-79.05968,2024-09-19T09:53:20.000000Z
2024,263.41204861111106,43.1173,-79.05968,2024-09-19T09:53:21.000000Z
2024,263.41206018518517,43.1173,-79.05968,2024-09-19T09:53:22.000000Z
2024,263.4120717592592,43.1173,-79.05969,2024-09-19T09:53:23.000000Z
2024,263.4120833333333,43.11731,-79.05969,2024-09-19T09:53:24.000000Z
2024,263.4222800925926,43.11735,-79.05965,2024-09-19T10:08:05.000000Z
2024,263.42229166666664,43.11735,-79.05964,2024-09-19T10:08:06.000000Z
2024,263.42230324074075,43.11735,-79.05963,2024-09-19T10:08:07.000000Z
2024,263.4223148148148,43.11734,-79.05963,2024-09-19T10:08:08.000000Z
2024,263.4223263888889,43.11734,-79.05963,2024-09-19T10:08:09.000000Z
2024,263.42233796296296,43.11734,-79.05963,2024-09-19T10:08:10.000000Z
2024,263.422349537037,43.11734,-79.05963,2024-09-19T10:08:11.000000Z
2024,263.4223611111111,43.11734,-79.05963,2024-09-19T10:08:12.000000Z
2024,263.42237268518517,43.11734,-79.05962,2024-09-19T10:08:13.000000Z
2024,263.4223842592593,43.11733,-79.05962,2024-09-19T10:08:14.000000Z
2024,263.4223958333333,43.11733,-79.05961,2024-09-19T10:08:15.000000Z
2024,263.4224074074074,43.11733,-79.05961,2024-09-19T10:08:16.000000Z
2024,263.4224189814815,43.11733,-79.05961,2024-09-19T10:08:17.000000Z
2024,263.42243055555554,43.11733,-79.05961,2024-09-19T10:08:18.000000Z
2024,263.42244212962964,43.11733,-79.05961,2024-09-19T10:08:19.000000Z
2024,263.4224537037037,43.11733,-79.0596,2024-09-19T10:08:20.000000Z
2024,263.42246527777775,43.11733,-79.0596,2024-09-19T10:08:21.000000Z
2024,263.42247685185185,43.11733,-79.0596,2024-09-19T10:08:22.000000Z
2024,263.4224884259259,43.11732,-79.0596,2024-09-19T10:08:23.000000Z
2024,263.4225,43.11732,-79.0596,2024-09-19T10:08:24.000000Z
2024,263.4326967592593,43.11735,-79.05963,2024-09-19T10:23:05.000000Z
2024,263.4327083333333,43.11735,-79.05963,2024-09-19T10:23:06.000000Z
2024,263.43271990740743,43.11735,-79.05963,2024-09-19T10:23:07.000000Z
2024,263.4327314814815,43.11735,-79.05963,2024-09-19T10:23:08.000000Z
2024,263.4327430555556,43.11735,-79.05963,2024-09-19T10:23:09.000000Z
2024,263.43275462962964,43.11735,-79.05962,2024-09-19T10:23:10.000000Z
2024,263.4327662037037,43.11735,-79.05962,2024-09-19T10:23:11.000000Z
2024,263.4327777777778,43.11735,-79.05961,2024-09-19T10:23:12.000000Z
2024,263.43278935185185,43.11735,-79.05961,2024-09-19T10:23:13.000000Z
2024,263.43280092592596,43.11735,-79.05961,2024-09-19T10:23:14.000000Z
2024,263.4328125,43.11735,-79.05961,2024-09-19T10:23:15.000000Z
2024,263.43282407407406,43.11735,-79.05961,2024-09-19T10:23:16.000000Z
2024,263.43283564814817,43.11735,-79.05961,2024-09-19T10:23:17.000000Z
2024,263.4328472222222,43.11735,-79.0596,2024-09-19T10:23:18.000000Z
2024,263.43285879629633,43.11735,-79.0596,2024-09-19T10:23:19.000000Z
2024,263.4328703703704,43.11735,-79.0596,2024-09-19T10:23:20.000000Z
2024,263.43288194444443,43.11735,-79.0596,2024-09-19T10:23:21.000000Z
2024,263.43289351851854,43.11735,-79.0596,2024-09-19T10:23:22.000000Z
2024,263.4329050925926,43.11735,-79.0596,2024-09-19T10:23:23.000000Z
2024,263.4329166666667,43.11735,-79.0596,2024-09-19T10:23:24.000000Z
2024,263.44311342592596,43.11736,-79.05966,2024-09-19T10:38:05.000000Z
2024,263.443125,43.11736,-79.05966,2024-09-19T10:38:06.000000Z
2024,263.4431365740741,43.11737,-79.05966,2024-09-19T10:38:07.000000Z
2024,263.44314814814817,43.11737,-79.05966,2024-09-19T10:38:08.000000Z
2024,263.4431597222223,43.11737,-79.05966,2024-09-19T10:38:09.000000Z
2024,263.4431712962963,43.11737,-79.05966,2024-09-19T10:38:10.000000Z
2024,263.4431828703704,43.11737,-79.05966,2024-09-19T10:38:11.000000Z
2024,263.4431944444445,43.11737,-79.05965,2024-09-19T10:38:12.000000Z
2024,263.44320601851854,43.11737,-79.05965,2024-09-19T10:38:13.000000Z
2024,263.44321759259265,43.11737,-79.05965,2024-09-19T10:38:14.000000Z
2024,263.4432291666667,43.11737,-79.05964,2024-09-19T10:38:15.000000Z
2024,263.44324074074075,43.11737,-79.05964,2024-09-19T10:38:16.000000Z
2024,263.44325231481486,43.11737,-79.05963,2024-09-19T10:38:17.000000Z
2024,263.4432638888889,43.11737,-79.05963,2024-09-19T10:38:18.000000Z
2024,263.443275462963,43.11737,-79.05963,2024-09-19T10:38:19.000000Z
2024,263.44328703703707,43.11737,-79.05963,2024-09-19T10:38:20.000000Z
2024,263.4432986111111,43.11737,-79.05963,2024-09-19T10:38:21.000000Z
2024,263.4433101851852,43.11736,-79.05963,2024-09-19T10:38:22.000000Z
2024,263.4433217592593,43.11736,-79.05963,2024-09-19T10:38:23.000000Z
2024,263.4433333333334,43.11736,-79.05963,2024-09-19T10:38:24.000000Z
2024,263.4535300925926,43.1173,-79.05965,2024-09-19T10:53:05.000000Z
2024,263.45354166666664,43.1173,-79.05965,2024-09-19T10:53:06.000000Z
2024,263.45355324074075,43.1173,-79.05964,2024-09-19T10:53:07.000000Z
2024,263.4535648148148,43.11731,-79.05964,2024-09-19T10:53:08.000000Z
2024,263.4535763888889,43.11731,-79.05964,2024-09-19T10:53:09.000000Z
2024,263.45358796296296,43.11731,-79.05964,2024-09-19T10:53:10.000000Z
2024,263.453599537037,43.11732,-79.05965,2024-09-19T10:53:11.000000Z
2024,263.4536111111111,43.11732,-79.05965,2024-09-19T10:53:12.000000Z
2024,263.45362268518517,43.11732,-79.05965,2024-09-19T10:53:13.000000Z
2024,263.4536342592593,43.11732,-79.05965,2024-09-19T10:53:14.000000Z
2024,263.4536458333333,43.11732,-79.05965,2024-09-19T10:53:15.000000Z
2024,263.4536574074074,43.11732,-79.05965,2024-09-19T10:53:16.000000Z
2024,263.4536689814815,43.11732,-79.05965,2024-09-19T10:53:17.000000Z
2024,263.45368055555554,43.11732,-79.05966,2024-09-19T10:53:18.000000Z
2024,263.45369212962964,43.11732,-79.05966,2024-09-19T10:53:19.000000Z
2024,263.4537037037037,43.11732,-79.05966,2024-09-19T10:53:20.000000Z
2024,263.45371527777775,43.11732,-79.05966,2024-09-19T10:53:21.000000Z
2024,263.45372685185185,43.11732,-79.05966,2024-09-19T10:53:22.000000Z
2024,263.4537384259259,43.11732,-79.05966,2024-09-19T10:53:23.000000Z
2024,263.45375,43.11732,-79.05967,2024-09-19T10:53:24.000000Z
2024,263.4639467592592,43.11735,-79.0597,2024-09-19T11:08:05.000000Z
2024,263.46395833333327,43.11735,-79.0597,2024-09-19T11:08:06.000000Z
2024,263.4639699074074,43.11735,-79.0597,2024-09-19T11:08:07.000000Z
2024,263.4639814814814,43.11735,-79.0597,2024-09-19T11:08:08.000000Z
2024,263.46399305555553,43.11734,-79.05969,2024-09-19T11:08:09.000000Z
2024,263.4640046296296,43.11734,-79.05969,2024-09-19T11:08:10.000000Z
2024,263.46401620370364,43.11734,-79.05968,2024-09-19T11:08:11.000000Z
2024,263.46402777777774,43.11734,-79.05968,2024-09-19T11:08:12.000000Z
2024,263.4640393518518,43.11734,-79.05968,2024-09-19T11:08:13.000000Z
2024,263.4640509259259,43.11734,-79.05968,2024-09-19T11:08:14.000000Z
2024,263.46406249999995,43.11734,-79.05968,2024-09-19T11:08:15.000000Z
2024,263.464074074074,43.11734,-79.05968,2024-09-19T11:08:16.000000Z
2024,263.4640856481481,43.11734,-79.05968,2024-09-19T11:08:17.000000Z
2024,263.46409722222216,43.11734,-79.05968,2024-09-19T11:08:18.000000Z
2024,263.4641087962963,43.11734,-79.05968,2024-09-19T11:08:19.000000Z
2024,263.4641203703703,43.11734,-79.05968,2024-09-19T11:08:20.000000Z
2024,263.4641319444444,43.11735,-79.05968,2024-09-19T11:08:21.000000Z
2024,263.4641435185185,43.11735,-79.05968,2024-09-19T11:08:22.000000Z
2024,263.46415509259253,43.11735,-79.05968,2024-09-19T11:08:23.000000Z
2024,263.46416666666664,43.11736,-79.05968,2024-09-19T11:08:24.000000Z
2024,263.47438657407406,43.11721,-79.05953,2024-09-19T11:23:07.000000Z
2024,263.4743981481481,43.11722,-79.05953,2024-09-19T11:23:08.000000Z
2024,263.4744097222222,43.11722,-79.05953,2024-09-19T11:23:09.000000Z
2024,263.47442129629627,43.11722,-79.05953,2024-09-19T11:23:10.000000Z
2024,263.4744328703703,43.11722,-79.05953,2024-09-19T11:23:11.000000Z
2024,263.47444444444443,43.11722,-79.05953,2024-09-19T11:23:12.000000Z
2024,263.4744560185185,43.11721,-79.05953,2024-09-19T11:23:13.000000Z
2024,263.4744675925926,43.11721,-79.05953,2024-09-19T11:23:14.000000Z
2024,263.47447916666664,43.11721,-79.05953,2024-09-19T11:23:15.000000Z
2024,263.4744907407407,43.11721,-79.05953,2024-09-19T11:23:16.000000Z
2024,263.4745023148148,43.1172,-79.05953,2024-09-19T11:23:17.000000Z
2024,263.47451388888885,43.1172,-79.05953,2024-09-19T11:23:18.000000Z
2024,263.47452546296296,43.11719,-79.05953,2024-09-19T11:23:19.000000Z
2024,263.474537037037,43.11719,-79.05953,2024-09-19T11:23:20.000000Z
2024,263.47454861111106,43.11719,-79.05953,2024-09-19T11:23:21.000000Z
2024,263.47456018518517,43.11719,-79.05954,2024-09-19T11:23:22.000000Z
2024,263.4745717592592,43.11719,-79.05954,2024-09-19T11:23:23.000000Z
2024,263.4745833333333,43.11719,-79.05954,2024-09-19T11:23:24.000000Z
2024,263.4745949074074,43.1172,-79.05954,2024-09-19T11:23:25.000000Z
2024,263.4847800925926,43.11729,-79.05973,2024-09-19T11:38:05.000000Z
2024,263.48479166666664,43.1173,-79.05972,2024-09-19T11:38:06.000000Z
2024,263.48480324074075,43.11731,-79.05973,2024-09-19T11:38:07.000000Z
2024,263.4848148148148,43.11731,-79.05973,2024-09-19T11:38:08.000000Z
2024,263.4848263888889,43.11732,-79.05975,2024-09-19T11:38:09.000000Z
2024,263.48483796296296,43.11731,-79.05973,2024-09-19T11:38:10.000000Z
2024,263.484849537037,43.1173,-79.05972,2024-09-19T11:38:11.000000Z
2024,263.4848611111111,43.1173,-79.05972,2024-09-19T11:38:12.000000Z
2024,263.48487268518517,43.11731,-79.05973,2024-09-19T11:38:13.000000Z
2024,263.4848842592593,43.1173,-79.05973,2024-09-19T11:38:14.000000Z
2024,263.4848958333333,43.1173,-79.05973,2024-09-19T11:38:15.000000Z
2024,263.4849074074074,43.11729,-79.05972,2024-09-19T11:38:16.000000Z
2024,263.4849189814815,43.11729,-79.05971,2024-09-19T11:38:17.000000Z
2024,263.48493055555554,43.11729,-79.05972,2024-09-19T11:38:18.000000Z
2024,263.48494212962964,43.11729,-79.05972,2024-09-19T11:38:19.000000Z
2024,263.4849537037037,43.11729,-79.05972,2024-09-19T11:38:20.000000Z
2024,263.48496527777775,43.11728,-79.05972,2024-09-19T11:38:21.000000Z
2024,263.48497685185185,43.11728,-79.05971,2024-09-19T11:38:22.000000Z
2024,263.4849884259259,43.11728,-79.05971,2024-09-19T11:38:23.000000Z
2024,263.485,43.11728,-79.0597,2024-09-19T11:38:24.000000Z
2024,263.4951967592592,43.11756,-79.05954,2024-09-19T11:53:05.000000Z
2024,263.49520833333327,43.11754,-79.05956,2024-09-19T11:53:06.000000Z
2024,263.4952199074074,43.11753,-79.05957,2024-09-19T11:53:07.000000Z
2024,263.4952314814814,43.11753,-79.05957,2024-09-19T11:53:08.000000Z
2024,263.49524305555553,43.11752,-79.05956,2024-09-19T11:53:09.000000Z
2024,263.4952546296296,43.11751,-79.05964,2024-09-19T11:53:10.000000Z
2024,263.49526620370364,43.11751,-79.05969,2024-09-19T11:53:11.000000Z
2024,263.49527777777774,43.11749,-79.0597,2024-09-19T11:53:12.000000Z
2024,263.4952893518518,43.11747,-79.05972,2024-09-19T11:53:13.000000Z
2024,263.4953009259259,43.11746,-79.05973,2024-09-19T11:53:14.000000Z
2024,263.49531249999995,43.11745,-79.05973,2024-09-19T11:53:15.000000Z
2024,263.495324074074,43.11744,-79.05973,2024-09-19T11:53:16.000000Z
2024,263.4953356481481,43.11743,-79.05974,2024-09-19T11:53:17.000000Z
2024,263.49534722222216,43.11742,-79.05973,2024-09-19T11:53:18.000000Z
2024,263.4953587962963,43.11742,-79.05973,2024-09-19T11:53:19.000000Z
2024,263.4953703703703,43.11742,-79.05972,2024-09-19T11:53:20.000000Z
2024,263.4953819444444,43.11741,-79.05971,2024-09-19T11:53:21.000000Z
2024,263.4953935185185,43.11741,-79.05971,2024-09-19T11:53:22.000000Z
2024,263.49540509259253,43.1174,-79.0597,2024-09-19T11:53:23.000000Z
2024,263.49541666666664,43.1174,-79.0597,2024-09-19T11:53:24.000000Z
2024,263.5056134259259,43.1177,-79.05996,2024-09-19T12:08:05.000000Z
2024,263.50562499999995,43.11772,-79.05994,2024-09-19T12:08:06.000000Z
2024,263.50563657407406,43.11774,-79.05992,2024-09-19T12:08:07.000000Z
2024,263.5056481481481,43.11769,-79.05991,2024-09-19T12:08:08.000000Z
2024,263.5056597222222,43.1177,-79.0599,2024-09-19T12:08:09.000000Z
2024,263.50567129629627,43.11768,-79.05987,2024-09-19T12:08:10.000000Z
2024,263.5056828703703,43.11768,-79.05986,2024-09-19T12:08:11.000000Z
2024,263.50569444444443,43.11765,-79.05984,2024-09-19T12:08:12.000000Z
2024,263.5057060185185,43.11764,-79.05982,2024-09-19T12:08:13.000000Z
2024,263.5057175925926,43.11764,-79.05982,2024-09-19T12:08:14.000000Z
2024,263.50572916666664,43.11764,-79.05981,2024-09-19T12:08:15.000000Z
2024,263.5057407407407,43.11764,-79.0598,2024-09-19T12:08:16.000000Z
2024,263.5057523148148,43.11763,-79.0598,2024-09-19T12:08:17.000000Z
2024,263.50576388888885,43.11763,-79.05981,2024-09-19T12:08:18.000000Z
2024,263.50577546296296,43.11763,-79.05982,2024-09-19T12:08:19.000000Z
2024,263.505787037037,43.11763,-79.05982,2024-09-19T12:08:20.000000Z
2024,263.50579861111106,43.11763,-79.05982,2024-09-19T12:08:21.000000Z
2024,263.50581018518517,43.11763,-79.05982,2024-09-19T12:08:22.000000Z
2024,263.5058217592592,43.11763,-79.05982,2024-09-19T12:08:23.000000Z
2024,263.5058333333333,43.11763,-79.05983,2024-09-19T12:08:24.000000Z
2024,263.51604166666664,43.1174,-79.05892,2024-09-19T12:23:06.000000Z
2024,263.51605324074075,43.1174,-79.05893,2024-09-19T12:23:07.000000Z
2024,263.5160648148148,43.11741,-79.05894,2024-09-19T12:23:08.000000Z
2024,263.5160763888889,43.11741,-79.05894,2024-09-19T12:23:09.000000Z
2024,263.51608796296296,43.11742,-79.05895,2024-09-19T12:23:10.000000Z
2024,263.516099537037,43.11742,-79.05895,2024-09-19T12:23:11.000000Z
2024,263.5161111111111,43.11742,-79.05896,2024-09-19T12:23:12.000000Z
2024,263.51612268518517,43.11742,-79.05896,2024-09-19T12:23:13.000000Z
2024,263.5161342592593,43.11742,-79.05895,2024-09-19T12:23:14.000000Z
2024,263.5161458333333,43.11742,-79.05895,2024-09-19T12:23:15.000000Z
2024,263.5161574074074,43.11742,-79.05895,2024-09-19T12:23:16.000000Z
2024,263.5161689814815,43.11742,-79.05893,2024-09-19T12:23:17.000000Z
2024,263.51618055555554,43.11742,-79.05892,2024-09-19T12:23:18.000000Z
2024,263.51619212962964,43.11742,-79.05892,2024-09-19T12:23:19.000000Z
2024,263.5162037037037,43.11742,-79.0589,2024-09-19T12:23:20.000000Z
2024,263.51621527777775,43.11742,-79.05889,2024-09-19T12:23:21.000000Z
2024,263.51622685185185,43.11742,-79.05889,2024-09-19T12:23:22.000000Z
2024,263.5162384259259,43.11742,-79.05887,2024-09-19T12:23:23.000000Z
2024,263.51625,43.11742,-79.05886,2024-09-19T12:23:24.000000Z
2024,263.51626157407406,43.11742,-79.05886,2024-09-19T12:23:25.000000Z
2024,263.52646990740743,43.1174,-79.05974,2024-09-19T12:38:07.000000Z
2024,263.5264814814815,43.1174,-79.05974,2024-09-19T12:38:08.000000Z
2024,263.5264930555556,43.1174,-79.05974,2024-09-19T12:38:09.000000Z
2024,263.52650462962964,43.11741,-79.05973,2024-09-19T12:38:10.000000Z
2024,263.5265162037037,43.11741,-79.05973,2024-09-19T12:38:11.000000Z
2024,263.5265277777778,43.11741,-79.05972,2024-09-19T12:38:12.000000Z
2024,263.52653935185185,43.11741,-79.0597,2024-09-19T12:38:13.000000Z
2024,263.52655092592596,43.11741,-79.0597,2024-09-19T12:38:14.000000Z
2024,263.5265625,43.11741,-79.05969,2024-09-19T12:38:15.000000Z
2024,263.52657407407406,43.11741,-79.05969,2024-09-19T12:38:16.000000Z
2024,263.52658564814817,43.11741,-79.05968,2024-09-19T12:38:17.000000Z
2024,263.5265972222222,43.11741,-79.05967,2024-09-19T12:38:18.000000Z
2024,263.52660879629633,43.11739,-79.05963,2024-09-19T12:38:19.000000Z
2024,263.5266203703704,43.11739,-79.05962,2024-09-19T12:38:20.000000Z
2024,263.52663194444443,43.11738,-79.05959,2024-09-19T12:38:21.000000Z
2024,263.52664351851854,43.11738,-79.05957,2024-09-19T12:38:22.000000Z
2024,263.5266550925926,43.11737,-79.05955,2024-09-19T12:38:23.000000Z
2024,263.5266666666667,43.11737,-79.05953,2024-09-19T12:38:24.000000Z
2024,263.52667824074075,43.11737,-79.05952,2024-09-19T12:38:25.000000Z
2024,263.53688657407406,43.11727,-79.05959,2024-09-19T12:53:07.000000Z
2024,263.5368981481481,43.11729,-79.05955,2024-09-19T12:53:08.000000Z
2024,263.5369097222222,43.11729,-79.05954,2024-09-19T12:53:09.000000Z
2024,263.53692129629627,43.1173,-79.05957,2024-09-19T12:53:10.000000Z
2024,263.53694444444443,43.11731,-79.0596,2024-09-19T12:53:12.000000Z
2024,263.5369560185185,43.11731,-79.05962,2024-09-19T12:53:13.000000Z
2024,263.5369675925926,43.11731,-79.05963,2024-09-19T12:53:14.000000Z
2024,263.53697916666664,43.11731,-79.05964,2024-09-19T12:53:15.000000Z
2024,263.5369907407407,43.11731,-79.05964,2024-09-19T12:53:16.000000Z
2024,263.5370023148148,43.11731,-79.05964,2024-09-19T12:53:17.000000Z
2024,263.53701388888885,43.11731,-79.05964,2024-09-19T12:53:18.000000Z
2024,263.53702546296296,43.11731,-79.05964,2024-09-19T12:53:19.000000Z
2024,263.537037037037,43.11731,-79.05964,2024-09-19T12:53:20.000000Z
2024,263.53704861111106,43.11731,-79.05963,2024-09-19T12:53:21.000000Z
2024,263.53706018518517,43.11731,-79.05964,2024-09-19T12:53:22.000000Z
2024,263.5370717592592,43.11732,-79.05965,2024-09-19T12:53:23.000000Z
2024,263.5370833333333,43.11732,-79.05965,2024-09-19T12:53:24.000000Z
2024,263.5370949074074,43.11732,-79.05966,2024-09-19T12:53:25.000000Z
2024,263.54730324074075,43.1174,-79.05944,2024-09-19T13:08:07.000000Z
2024,263.5473148148148,43.11739,-79.05944,2024-09-19T13:08:08.000000Z
2024,263.5473263888889,43.11739,-79.05944,2024-09-19T13:08:09.000000Z
2024,263.54733796296296,43.11738,-79.05944,2024-09-19T13:08:10.000000Z
2024,263.547349537037,43.11737,-79.05944,2024-09-19T13:08:11.000000Z
2024,263.5473611111111,43.11737,-79.05945,2024-09-19T13:08:12.000000Z
2024,263.54737268518517,43.11736,-79.05945,2024-09-19T13:08:13.000000Z
2024,263.5473842592593,43.11736,-79.05946,2024-09-19T13:08:14.000000Z
2024,263.5473958333333,43.11736,-79.05946,2024-09-19T13:08:15.000000Z
2024,263.5474074074074,43.11736,-79.05946,2024-09-19T13:08:16.000000Z
2024,263.5474189814815,43.11737,-79.05944,2024-09-19T13:08:17.000000Z
2024,263.54743055555554,43.11735,-79.05945,2024-09-19T13:08:18.000000Z
2024,263.54744212962964,43.11735,-79.05946,2024-09-19T13:08:19.000000Z
2024,263.5474537037037,43.11735,-79.05946,2024-09-19T13:08:20.000000Z
2024,263.54746527777775,43.11734,-79.05946,2024-09-19T13:08:21.000000Z
2024,263.54747685185185,43.11734,-79.05947,2024-09-19T13:08:22.000000Z
2024,263.5474884259259,43.11733,-79.05947,2024-09-19T13:08:23.000000Z
2024,263.5475,43.11733,-79.05947,2024-09-19T13:08:24.000000Z
2024,263.54751157407406,43.11733,-79.05947,2024-09-19T13:08:25.000000Z
2024,263.55771990740743,43.11726,-79.05954,2024-09-19T13:23:07.000000Z
2024,263.5577314814815,43.11727,-79.05954,2024-09-19T13:23:08.000000Z
2024,263.5577430555556,43.11727,-79.05954,2024-09-19T13:23:09.000000Z
2024,263.55775462962964,43.11728,-79.05954,2024-09-19T13:23:10.000000Z
2024,263.5577662037037,43.11727,-79.05954,2024-09-19T13:23:11.000000Z
2024,263.5577777777778,43.11727,-79.05954,2024-09-19T13:23:12.000000Z
2024,263.55778935185185,43.11727,-79.05954,2024-09-19T13:23:13.000000Z
2024,263.55780092592596,43.11727,-79.05955,2024-09-19T13:23:14.000000Z
2024,263.5578125,43.11726,-79.05955,2024-09-19T13:23:15.000000Z
2024,263.55782407407406,43.11726,-79.05955,2024-09-19T13:23:16.000000Z
2024,263.55783564814817,43.11725,-79.05955,2024-09-19T13:23:17.000000Z
2024,263.5578472222222,43.11725,-79.05955,2024-09-19T13:23:18.000000Z
2024,263.55785879629633,43.11725,-79.05955,2024-09-19T13:23:19.000000Z
2024,263.5578703703704,43.11725,-79.05955,2024-09-19T13:23:20.000000Z
2024,263.55788194444443,43.11725,-79.05954,2024-09-19T13:23:21.000000Z
2024,263.55789351851854,43.11724,-79.05954,2024-09-19T13:23:22.000000Z
2024,263.5579166666667,43.11724,-79.05953,2024-09-19T13:23:24.000000Z
2024,263.55792824074075,43.11724,-79.05953,2024-09-19T13:23:25.000000Z
2024,263.5681365740741,43.11727,-79.05942,2024-09-19T13:38:07.000000Z
2024,263.56814814814817,43.11722,-79.05944,2024-09-19T13:38:08.000000Z
2024,263.5681597222223,43.11722,-79.05941,2024-09-19T13:38:09.000000Z
2024,263.5681712962963,43.11719,-79.05944,2024-09-19T13:38:10.000000Z
2024,263.5681828703704,43.11719,-79.05946,2024-09-19T13:38:11.000000Z
2024,263.5681944444445,43.11716,-79.05948,2024-09-19T13:38:12.000000Z
2024,263.56820601851854,43.11715,-79.05948,2024-09-19T13:38:13.000000Z
2024,263.56821759259265,43.11713,-79.05948,2024-09-19T13:38:14.000000Z
2024,263.5682291666667,43.11712,-79.05948,2024-09-19T13:38:15.000000Z
2024,263.56824074074075,43.11712,-79.05948,2024-09-19T13:38:16.000000Z
2024,263.56825231481486,43.11711,-79.05948,2024-09-19T13:38:17.000000Z
2024,263.5682638888889,43.11711,-79.05949,2024-09-19T13:38:18.000000Z
2024,263.568275462963,43.1171,-79.05948,2024-09-19T13:38:19.000000Z
2024,263.56828703703707,43.11709,-79.05948,2024-09-19T13:38:20.000000Z
2024,263.5682986111111,43.11709,-79.05948,2024-09-19T13:38:21.000000Z
2024,263.5683101851852,43.11708,-79.05948,2024-09-19T13:38:22.000000Z
2024,263.5683217592593,43.11708,-79.05947,2024-09-19T13:38:23.000000Z
2024,263.5683333333334,43.11708,-79.05947,2024-09-19T13:38:24.000000Z
2024,263.56834490740744,43.11709,-79.05947,2024-09-19T13:38:25.000000Z
2024,263.5785763888889,43.11727,-79.05931,2024-09-19T13:53:09.000000Z
2024,263.57858796296296,43.11727,-79.05931,2024-09-19T13:53:10.000000Z
2024,263.578599537037,43.11726,-79.05932,2024-09-19T13:53:11.000000Z
2024,263.5786111111111,43.11726,-79.05932,2024-09-19T13:53:12.000000Z
2024,263.57862268518517,43.11727,-79.05934,2024-09-19T13:53:13.000000Z
2024,263.5786342592593,43.11727,-79.05934,2024-09-19T13:53:14.000000Z
2024,263.5786458333333,43.11725,-79.05938,2024-09-19T13:53:15.000000Z
2024,263.5786574074074,43.11724,-79.05941,2024-09-19T13:53:16.000000Z
2024,263.5786689814815,43.11724,-79.05941,2024-09-19T13:53:17.000000Z
2024,263.57868055555554,43.11724,-79.05942,2024-09-19T13:53:18.000000Z
2024,263.57869212962964,43.11725,-79.05943,2024-09-19T13:53:19.000000Z
2024,263.5787037037037,43.11725,-79.05944,2024-09-19T13:53:20.000000Z
2024,263.57871527777775,43.11727,-79.05944,2024-09-19T13:53:21.000000Z
2024,263.57872685185185,43.11727,-79.05944,2024-09-19T13:53:22.000000Z
2024,263.5787384259259,43.11728,-79.05944,2024-09-19T13:53:23.000000Z
2024,263.57875,43.11727,-79.05944,2024-09-19T13:53:24.000000Z
2024,263.57876157407406,43.11727,-79.05944,2024-09-19T13:53:25.000000Z
2024,263.5787731481481,43.11727,-79.05944,2024-09-19T13:53:26.000000Z
2024,263.5787847222222,43.11727,-79.05943,2024-09-19T13:53:27.000000Z
2024,263.5787962962963,43.11726,-79.05943,2024-09-19T13:53:28.000000Z
2024,263.5889699074074,43.11722,-79.05957,2024-09-19T14:08:07.000000Z
2024,263.5889814814814,43.11722,-79.05957,2024-09-19T14:08:08.000000Z
2024,263.58899305555553,43.11722,-79.05957,2024-09-19T14:08:09.000000Z
2024,263.5890046296296,43.11722,-79.05957,2024-09-19T14:08:10.000000Z
2024,263.58901620370364,43.11722,-79.05956,2024-09-19T14:08:11.000000Z
2024,263.58902777777774,43.11722,-79.05957,2024-09-19T14:08:12.000000Z
2024,263.5890393518518,43.11722,-79.05957,2024-09-19T14:08:13.000000Z
2024,263.5890509259259,43.11722,-79.05957,2024-09-19T14:08:14.000000Z
2024,263.58906249999995,43.11722,-79.05957,2024-09-19T14:08:15.000000Z
2024,263.589074074074,43.11721,-79.05957,2024-09-19T14:08:16.000000Z
2024,263.5890856481481,43.11721,-79.05957,2024-09-19T14:08:17.000000Z
2024,263.58909722222216,43.11721,-79.05957,2024-09-19T14:08:18.000000Z
2024,263.5891087962963,43.11721,-79.05957,2024-09-19T14:08:19.000000Z
2024,263.5891203703703,43.11722,-79.05957,2024-09-19T14:08:20.000000Z
2024,263.5891319444444,43.11722,-79.05957,2024-09-19T14:08:21.000000Z
2024,263.5891435185185,43.11722,-79.05958,2024-09-19T14:08:22.000000Z
2024,263.58915509259253,43.11722,-79.05958,2024-09-19T14:08:23.000000Z
2024,263.58916666666664,43.11722,-79.05959,2024-09-19T14:08:24.000000Z
2024,263.5891782407407,43.11723,-79.0596,2024-09-19T14:08:25.000000Z
2024,263.58918981481474,43.11724,-79.05961,2024-09-19T14:08:26.000000Z
2024,263.59938657407406,43.11739,-79.05948,2024-09-19T14:23:07.000000Z
2024,263.5993981481481,43.1174,-79.05947,2024-09-19T14:23:08.000000Z
2024,263.5994097222222,43.1174,-79.05947,2024-09-19T14:23:09.000000Z
2024,263.59942129629627,43.1174,-79.05948,2024-09-19T14:23:10.000000Z
2024,263.5994328703703,43.1174,-79.05948,2024-09-19T14:23:11.000000Z
2024,263.59944444444443,43.11739,-79.05948,2024-09-19T14:23:12.000000Z
2024,263.5994560185185,43.11739,-79.05947,2024-09-19T14:23:13.000000Z
2024,263.5994675925926,43.11738,-79.05947,2024-09-19T14:23:14.000000Z
2024,263.59947916666664,43.11738,-79.05947,2024-09-19T14:23:15.000000Z
2024,263.5994907407407,43.11738,-79.05947,2024-09-19T14:23:16.000000Z
2024,263.5995023148148,43.11738,-79.05947,2024-09-19T14:23:17.000000Z
2024,263.59951388888885,43.11738,-79.05947,2024-09-19T14:23:18.000000Z
2024,263.59952546296296,43.11738,-79.05947,2024-09-19T14:23:19.000000Z
2024,263.599537037037,43.11738,-79.05946,2024-09-19T14:23:20.000000Z
2024,263.59954861111106,43.11737,-79.05946,2024-09-19T14:23:21.000000Z
2024,263.59956018518517,43.11737,-79.05945,2024-09-19T14:23:22.000000Z
2024,263.5995717592592,43.11737,-79.05945,2024-09-19T14:23:23.000000Z
2024,263.5995833333333,43.11737,-79.05945,2024-09-19T14:23:24.000000Z
2024,263.5995949074074,43.11737,-79.05944,2024-09-19T14:23:25.000000Z
2024,263.60980324074075,43.1175,-79.05944,2024-09-19T14:38:07.000000Z
2024,263.6098148148148,43.11751,-79.05943,2024-09-19T14:38:08.000000Z
2024,263.6098263888889,43.1175,-79.05942,2024-09-19T14:38:09.000000Z
2024,263.60983796296296,43.11747,-79.05942,2024-09-19T14:38:10.000000Z
2024,263.609849537037,43.11747,-79.05942,2024-09-19T14:38:11.000000Z
2024,263.6098611111111,43.11746,-79.05942,2024-09-19T14:38:12.000000Z
2024,263.60987268518517,43.11745,-79.05942,2024-09-19T14:38:13.000000Z
2024,263.6098842592593,43.11745,-79.05942,2024-09-19T14:38:14.000000Z
2024,263.6098958333333,43.11744,-79.05942,2024-09-19T14:38:15.000000Z
2024,263.6099074074074,43.11743,-79.05942,2024-09-19T14:38:16.000000Z
2024,263.6099189814815,43.11742,-79.05942,2024-09-19T14:38:17.000000Z
2024,263.60993055555554,43.11742,-79.05943,2024-09-19T14:38:18.000000Z
2024,263.60994212962964,43.11742,-79.05942,2024-09-19T14:38:19.000000Z
2024,263.6099537037037,43.11742,-79.05943,2024-09-19T14:38:20.000000Z
2024,263.60996527777775,43.11742,-79.05943,2024-09-19T14:38:21.000000Z
2024,263.60997685185185,43.11742,-79.05943,2024-09-19T14:38:22.000000Z
2024,263.6099884259259,43.11742,-79.05943,2024-09-19T14:38:23.000000Z
2024,263.61,43.11742,-79.05943,2024-09-19T14:38:24.000000Z
2024,263.61001157407406,43.11742,-79.05943,2024-09-19T14:38:25.000000Z
2024,263.6202199074074,43.11737,-79.05942,2024-09-19T14:53:07.000000Z
2024,263.6202314814814,43.11736,-79.0594,2024-09-19T14:53:08.000000Z
2024,263.62024305555553,43.11737,-79.05939,2024-09-19T14:53:09.000000Z
2024,263.6202546296296,43.11737,-79.05937,2024-09-19T14:53:10.000000Z
2024,263.62026620370364,43.11736,-79.05937,2024-09-19T14:53:11.000000Z
2024,263.62027777777774,43.11736,-79.05936,2024-09-19T14:53:12.000000Z
2024,263.6202893518518,43.11736,-79.05936,2024-09-19T14:53:13.000000Z
2024,263.6203009259259,43.11736,-79.05936,2024-09-19T14:53:14.000000Z
2024,263.62031249999995,43.11736,-79.05936,2024-09-19T14:53:15.000000Z
2024,263.620324074074,43.11736,-79.05935,2024-09-19T14:53:16.000000Z
2024,263.6203356481481,43.11737,-79.05937,2024-09-19T14:53:17.000000Z
2024,263.62034722222216,43.11737,-79.05938,2024-09-19T14:53:18.000000Z
2024,263.6203587962963,43.11737,-79.05939,2024-09-19T14:53:19.000000Z
2024,263.6203703703703,43.11736,-79.05938,2024-09-19T14:53:20.000000Z
2024,263.6203819444444,43.11735,-79.05937,2024-09-19T14:53:21.000000Z
2024,263.6203935185185,43.11735,-79.05936,2024-09-19T14:53:22.000000Z
2024,263.62040509259253,43.11734,-79.05935,2024-09-19T14:53:23.000000Z
2024,263.62041666666664,43.11734,-79.05934,2024-09-19T14:53:24.000000Z
2024,263.6204282407407,43.11734,-79.05934,2024-09-19T14:53:25.000000Z
2024,263.63063657407406,43.11743,-79.05959,2024-09-19T15:08:07.000000Z
2024,263.6306481481481,43.11744,-79.05959,2024-09-19T15:08:08.000000Z
2024,263.6306597222222,43.11745,-79.05959,2024-09-19T15:08:09.000000Z
2024,263.63067129629627,43.11745,-79.05959,2024-09-19T15:08:10.000000Z
2024,263.6306828703703,43.11746,-79.05959,2024-09-19T15:08:11.000000Z
2024,263.63069444444443,43.11746,-79.0596,2024-09-19T15:08:12.000000Z
2024,263.6307060185185,43.11746,-79.0596,2024-09-19T15:08:13.000000Z
2024,263.6307175925926,43.11746,-79.0596,2024-09-19T15:08:14.000000Z
2024,263.63072916666664,43.11746,-79.0596,2024-09-19T15:08:15.000000Z
2024,263.6307407407407,43.11746,-79.0596,2024-09-19T15:08:16.000000Z
2024,263.6307523148148,43.11746,-79.0596,2024-09-19T15:08:17.000000Z
2024,263.63076388888885,43.11745,-79.0596,2024-09-19T15:08:18.000000Z
2024,263.63077546296296,43.11745,-79.0596,2024-09-19T15:08:19.000000Z
2024,263.630787037037,43.11745,-79.0596,2024-09-19T15:08:20.000000Z
2024,263.63079861111106,43.11744,-79.0596,2024-09-19T15:08:21.000000Z
2024,263.63081018518517,43.11744,-79.0596,2024-09-19T15:08:22.000000Z
2024,263.6308217592592,43.11743,-79.0596,2024-09-19T15:08:23.000000Z
2024,263.6308333333333,43.11743,-79.0596,2024-09-19T15:08:24.000000Z
2024,263.6308449074074,43.11743,-79.0596,2024-09-19T15:08:25.000000Z
2024,263.64105324074075,43.11758,-79.05918,2024-09-19T15:23:07.000000Z
2024,263.6410648148148,43.1176,-79.05918,2024-09-19T15:23:08.000000Z
2024,263.6410763888889,43.11761,-79.05917,2024-09-19T15:23:09.000000Z
2024,263.64108796296296,43.11758,-79.05917,2024-09-19T15:23:10.000000Z
2024,263.641099537037,43.11758,-79.05916,2024-09-19T15:23:11.000000Z
2024,263.6411111111111,43.11758,-79.05916,2024-09-19T15:23:12.000000Z
2024,263.64112268518517,43.11759,-79.05916,2024-09-19T15:23:13.000000Z
2024,263.6411342592593,43.11759,-79.05916,2024-09-19T15:23:14.000000Z
2024,263.6411458333333,43.11759,-79.05916,2024-09-19T15:23:15.000000Z
2024,263.6411574074074,43.1176,-79.05916,2024-09-19T15:23:16.000000Z
2024,263.6411689814815,43.1176,-79.05918,2024-09-19T15:23:17.000000Z
2024,263.64118055555554,43.11761,-79.05918,2024-09-19T15:23:18.000000Z
2024,263.64119212962964,43.11761,-79.05919,2024-09-19T15:23:19.000000Z
2024,263.6412037037037,43.1176,-79.0592,2024-09-19T15:23:20.000000Z
2024,263.64121527777775,43.1176,-79.05921,2024-09-19T15:23:21.000000Z
2024,263.64122685185185,43.1176,-79.05921,2024-09-19T15:23:22.000000Z
2024,263.6412384259259,43.11759,-79.05922,2024-09-19T15:23:23.000000Z
2024,263.64125,43.11759,-79.05923,2024-09-19T15:23:24.000000Z
2024,263.64126157407406,43.11759,-79.05924,2024-09-19T15:23:25.000000Z
2024,263.65146990740743,43.11749,-79.05932,2024-09-19T15:38:07.000000Z
2024,263.6514814814815,43.1175,-79.05932,2024-09-19T15:38:08.000000Z
2024,263.6514930555556,43.1175,-79.05932,2024-09-19T15:38:09.000000Z
2024,263.65150462962964,43.11751,-79.05936,2024-09-19T15:38:10.000000Z
2024,263.6515162037037,43.11752,-79.05937,2024-09-19T15:38:11.000000Z
2024,263.6515277777778,43.11752,-79.05937,2024-09-19T15:38:12.000000Z
2024,263.65153935185185,43.11753,-79.05937,2024-09-19T15:38:13.000000Z
2024,263.65155092592596,43.11752,-79.05938,2024-09-19T15:38:14.000000Z
2024,263.6515625,43.11752,-79.05939,2024-09-19T15:38:15.000000Z
2024,263.65157407407406,43.11751,-79.05941,2024-09-19T15:38:16.000000Z
2024,263.65158564814817,43.1175,-79.05941,2024-09-19T15:38:17.000000Z
2024,263.6515972222222,43.1175,-79.05943,2024-09-19T15:38:18.000000Z
2024,263.65160879629633,43.1175,-79.05943,2024-09-19T15:38:19.000000Z
2024,263.6516203703704,43.1175,-79.05943,2024-09-19T15:38:20.000000Z
2024,263.65163194444443,43.11749,-79.05944,2024-09-19T15:38:21.000000Z
2024,263.65164351851854,43.11749,-79.05944,2024-09-19T15:38:22.000000Z
2024,263.6516550925926,43.11749,-79.05944,2024-09-19T15:38:23.000000Z
2024,263.6516666666667,43.11749,-79.05944,2024-09-19T15:38:24.000000Z
2024,263.65167824074075,43.11748,-79.05944,2024-09-19T15:38:25.000000Z
2024,263.66188657407406,43.11733,-79.05969,2024-09-19T15:53:07.000000Z
2024,263.6618981481481,43.11734,-79.05967,2024-09-19T15:53:08.000000Z
2024,263.6619097222222,43.11735,-79.05966,2024-09-19T15:53:09.000000Z
2024,263.66192129629627,43.11737,-79.05967,2024-09-19T15:53:10.000000Z
2024,263.6619328703703,43.11738,-79.05968,2024-09-19T15:53:11.000000Z
2024,263.66194444444443,43.1174,-79.05976,2024-09-19T15:53:12.000000Z
2024,263.6619560185185,43.11741,-79.05976,2024-09-19T15:53:13.000000Z
2024,263.6619675925926,43.1174,-79.05975,2024-09-19T15:53:14.000000Z
2024,263.66197916666664,43.11738,-79.05974,2024-09-19T15:53:15.000000Z
2024,263.6619907407407,43.11738,-79.05974,2024-09-19T15:53:16.000000Z
2024,263.6620023148148,43.11738,-79.05973,2024-09-19T15:53:17.000000Z
2024,263.66201388888885,43.11738,-79.05973,2024-09-19T15:53:18.000000Z
2024,263.66202546296296,43.11738,-79.05973,2024-09-19T15:53:19.000000Z
2024,263.662037037037,43.11738,-79.05972,2024-09-19T15:53:20.000000Z
2024,263.66204861111106,43.11737,-79.05972,2024-09-19T15:53:21.000000Z
2024,263.66206018518517,43.11737,-79.05972,2024-09-19T15:53:22.000000Z
2024,263.6620717592592,43.11737,-79.05972,2024-09-19T15:53:23.000000Z
2024,263.6620833333333,43.11737,-79.05972,2024-09-19T15:53:24.000000Z
2024,263.6620949074074,43.11737,-79.05971,2024-09-19T15:53:25.000000Z
2024,263.67230324074075,43.11709,-79.05962,2024-09-19T16:08:07.000000Z
2024,263.6723148148148,43.11708,-79.05963,2024-09-19T16:08:08.000000Z
2024,263.6723263888889,43.11708,-79.05963,2024-09-19T16:08:09.000000Z
2024,263.67233796296296,43.11708,-79.05963,2024-09-19T16:08:10.000000Z
2024,263.672349537037,43.11709,-79.05963,2024-09-19T16:08:11.000000Z
2024,263.6723611111111,43.11709,-79.05963,2024-09-19T16:08:12.000000Z
2024,263.67237268518517,43.11709,-79.05962,2024-09-19T16:08:13.000000Z
2024,263.6723842592593,43.11709,-79.05962,2024-09-19T16:08:14.000000Z
2024,263.6723958333333,43.11709,-79.05961,2024-09-19T16:08:15.000000Z
2024,263.6724074074074,43.11709,-79.0596,2024-09-19T16:08:16.000000Z
2024,263.6724189814815,43.11709,-79.0596,2024-09-19T16:08:17.000000Z
2024,263.67243055555554,43.1171,-79.0596,2024-09-19T16:08:18.000000Z
2024,263.67244212962964,43.1171,-79.05961,2024-09-19T16:08:19.000000Z
2024,263.6724537037037,43.11711,-79.05961,2024-09-19T16:08:20.000000Z
2024,263.67246527777775,43.11711,-79.05961,2024-09-19T16:08:21.000000Z
2024,263.67247685185185,43.11711,-79.05961,2024-09-19T16:08:22.000000Z
2024,263.6724884259259,43.11711,-79.05961,2024-09-19T16:08:23.000000Z
2024,263.6725,43.11711,-79.05962,2024-09-19T16:08:24.000000Z
2024,263.67251157407406,43.11712,-79.05963,2024-09-19T16:08:25.000000Z
2024,263.68271990740743,43.11732,-79.05966,2024-09-19T16:23:07.000000Z
2024,263.6827314814815,43.11731,-79.05966,2024-09-19T16:23:08.000000Z
2024,263.6827430555556,43.1173,-79.05966,2024-09-19T16:23:09.000000Z
2024,263.68275462962964,43.1173,-79.05965,2024-09-19T16:23:10.000000Z
2024,263.6827662037037,43.11729,-79.05965,2024-09-19T16:23:11.000000Z
2024,263.6827777777778,43.11728,-79.05965,2024-09-19T16:23:12.000000Z
2024,263.68278935185185,43.11727,-79.05964,2024-09-19T16:23:13.000000Z
2024,263.68280092592596,43.11726,-79.05964,2024-09-19T16:23:14.000000Z
2024,263.6828125,43.11725,-79.05963,2024-09-19T16:23:15.000000Z
2024,263.68282407407406,43.11725,-79.05963,2024-09-19T16:23:16.000000Z
2024,263.68283564814817,43.11724,-79.05963,2024-09-19T16:23:17.000000Z
2024,263.6828472222222,43.11724,-79.05962,2024-09-19T16:23:18.000000Z
2024,263.68285879629633,43.11723,-79.05961,2024-09-19T16:23:19.000000Z
2024,263.6828703703704,43.11722,-79.05961,2024-09-19T16:23:20.000000Z
2024,263.68288194444443,43.11722,-79.0596,2024-09-19T16:23:21.000000Z
2024,263.68289351851854,43.11722,-79.0596,2024-09-19T16:23:22.000000Z
2024,263.6829050925926,43.11721,-79.0596,2024-09-19T16:23:23.000000Z
2024,263.6829166666667,43.11721,-79.0596,2024-09-19T16:23:24.000000Z
2024,263.68292824074075,43.11721,-79.05959,2024-09-19T16:23:25.000000Z
2024,263.6931365740741,43.11722,-79.05952,2024-09-19T16:38:07.000000Z
2024,263.69314814814817,43.11723,-79.05951,2024-09-19T16:38:08.000000Z
2024,263.6931597222223,43.11723,-79.05952,2024-09-19T16:38:09.000000Z
2024,263.6931712962963,43.11723,-79.05952,2024-09-19T16:38:10.000000Z
2024,263.6931828703704,43.11723,-79.05952,2024-09-19T16:38:11.000000Z
2024,263.6931944444445,43.11723,-79.05951,2024-09-19T16:38:12.000000Z
2024,263.69320601851854,43.11723,-79.05952,2024-09-19T16:38:13.000000Z
2024,263.69321759259265,43.11723,-79.05951,2024-09-19T16:38:14.000000Z
2024,263.6932291666667,43.11724,-79.0595,2024-09-19T16:38:15.000000Z
2024,263.69324074074075,43.11724,-79.0595,2024-09-19T16:38:16.000000Z
2024,263.69325231481486,43.11724,-79.0595,2024-09-19T16:38:17.000000Z
2024,263.6932638888889,43.11724,-79.0595,2024-09-19T16:38:18.000000Z
2024,263.693275462963,43.11724,-79.0595,2024-09-19T16:38:19.000000Z
2024,263.69328703703707,43.11724,-79.0595,2024-09-19T16:38:20.000000Z
2024,263.6932986111111,43.11723,-79.0595,2024-09-19T16:38:21.000000Z
2024,263.6933101851852,43.11724,-79.05949,2024-09-19T16:38:22.000000Z
2024,263.6933217592593,43.11723,-79.05949,2024-09-19T16:38:23.000000Z
2024,263.6933333333334,43.11723,-79.0595,2024-09-19T16:38:24.000000Z
2024,263.69334490740744,43.11723,-79.05949,2024-09-19T16:38:25.000000Z
2024,263.70355324074075,43.11719,-79.05943,2024-09-19T16:53:07.000000Z
2024,263.7035648148148,43.11721,-79.05944,2024-09-19T16:53:08.000000Z
2024,263.7035763888889,43.11721,-79.05944,2024-09-19T16:53:09.000000Z
2024,263.70358796296296,43.11719,-79.05944,2024-09-19T16:53:10.000000Z
2024,263.703599537037,43.11721,-79.05944,2024-09-19T16:53:11.000000Z
2024,263.7036111111111,43.11721,-79.05945,2024-09-19T16:53:12.000000Z
2024,263.70362268518517,43.11721,-79.05945,2024-09-19T16:53:13.000000Z
2024,263.7036342592593,43.11721,-79.05946,2024-09-19T16:53:14.000000Z
2024,263.7036458333333,43.11722,-79.05947,2024-09-19T16:53:15.000000Z
2024,263.7036574074074,43.11722,-79.05947,2024-09-19T16:53:16.000000Z
2024,263.7036689814815,43.11722,-79.05947,2024-09-19T16:53:17.000000Z
2024,263.70368055555554,43.11723,-79.05948,2024-09-19T16:53:18.000000Z
2024,263.70369212962964,43.11723,-79.05948,2024-09-19T16:53:19.000000Z
2024,263.7037037037037,43.11724,-79.05948,2024-09-19T16:53:20.000000Z
2024,263.70371527777775,43.11724,-79.05949,2024-09-19T16:53:21.000000Z
2024,263.70372685185185,43.11724,-79.05949,2024-09-19T16:53:22.000000Z
2024,263.7037384259259,43.11724,-79.05949,2024-09-19T16:53:23.000000Z
2024,263.70375,43.11724,-79.05949,2024-09-19T16:53:24.000000Z
2024,263.70376157407406,43.11725,-79.05949,2024-09-19T16:53:25.000000Z
2024,263.7139699074074,43.11705,-79.05953,2024-09-19T17:08:07.000000Z
2024,263.7139814814814,43.11706,-79.05952,2024-09-19T17:08:08.000000Z
2024,263.71399305555553,43.11706,-79.05952,2024-09-19T17:08:09.000000Z
2024,263.7140046296296,43.11706,-79.05952,2024-09-19T17:08:10.000000Z
2024,263.71401620370364,43.11706,-79.05952,2024-09-19T17:08:11.000000Z
2024,263.7140393518518,43.11706,-79.05952,2024-09-19T17:08:13.000000Z
2024,263.7140509259259,43.11706,-79.05952,2024-09-19T17:08:14.000000Z
2024,263.71406249999995,43.11706,-79.05952,2024-09-19T17:08:15.000000Z
2024,263.714074074074,43.11706,-79.05952,2024-09-19T17:08:16.000000Z
2024,263.7140856481481,43.11706,-79.05952,2024-09-19T17:08:17.000000Z
2024,263.71409722222216,43.11706,-79.05952,2024-09-19T17:08:18.000000Z
2024,263.7141087962963,43.11705,-79.05952,2024-09-19T17:08:19.000000Z
2024,263.7141203703703,43.11705,-79.05952,2024-09-19T17:08:20.000000Z
2024,263.7141319444444,43.11705,-79.05952,2024-09-19T17:08:21.000000Z
2024,263.7141435185185,43.11704,-79.05953,2024-09-19T17:08:22.000000Z
2024,263.71415509259253,43.11704,-79.05953,2024-09-19T17:08:23.000000Z
2024,263.71416666666664,43.11704,-79.05953,2024-09-19T17:08:24.000000Z
2024,263.7141782407407,43.11704,-79.05953,2024-09-19T17:08:25.000000Z
2024,263.72438657407406,43.11711,-79.05979,2024-09-19T17:23:07.000000Z
2024,263.7243981481481,43.11709,-79.05976,2024-09-19T17:23:08.000000Z
2024,263.7244097222222,43.11708,-79.05973,2024-09-19T17:23:09.000000Z
2024,263.72442129629627,43.11708,-79.05974,2024-09-19T17:23:10.000000Z
2024,263.7244328703703,43.11711,-79.05976,2024-09-19T17:23:11.000000Z
2024,263.72444444444443,43.11714,-79.05975,2024-09-19T17:23:12.000000Z
2024,263.7244560185185,43.11714,-79.05976,2024-09-19T17:23:13.000000Z
2024,263.7244675925926,43.11715,-79.05976,2024-09-19T17:23:14.000000Z
2024,263.72447916666664,43.11716,-79.05976,2024-09-19T17:23:15.000000Z
2024,263.7244907407407,43.11717,-79.05976,2024-09-19T17:23:16.000000Z
2024,263.7245023148148,43.11718,-79.05976,2024-09-19T17:23:17.000000Z
2024,263.72451388888885,43.11718,-79.05976,2024-09-19T17:23:18.000000Z
2024,263.72452546296296,43.11719,-79.05976,2024-09-19T17:23:19.000000Z
2024,263.724537037037,43.11721,-79.05976,2024-09-19T17:23:20.000000Z
2024,263.72454861111106,43.11723,-79.05974,2024-09-19T17:23:21.000000Z
2024,263.72456018518517,43.11724,-79.05974,2024-09-19T17:23:22.000000Z
2024,263.7245717592592,43.11724,-79.05973,2024-09-19T17:23:23.000000Z
2024,263.7245833333333,43.11725,-79.05973,2024-09-19T17:23:24.000000Z
2024,263.7245949074074,43.11726,-79.05971,2024-09-19T17:23:25.000000Z
2024,263.73480324074075,43.11713,-79.05974,2024-09-19T17:38:07.000000Z
2024,263.7348148148148,43.11713,-79.05973,2024-09-19T17:38:08.000000Z
2024,263.7348263888889,43.11714,-79.05972,2024-09-19T17:38:09.000000Z
2024,263.73483796296296,43.11712,-79.0597,2024-09-19T17:38:10.000000Z
2024,263.734849537037,43.11713,-79.05969,2024-09-19T17:38:11.000000Z
2024,263.7348611111111,43.11712,-79.05968,2024-09-19T17:38:12.000000Z
2024,263.73487268518517,43.11711,-79.05967,2024-09-19T17:38:13.000000Z
2024,263.7348842592593,43.11711,-79.05966,2024-09-19T17:38:14.000000Z
2024,263.7348958333333,43.11711,-79.05966,2024-09-19T17:38:15.000000Z
2024,263.7349074074074,43.11711,-79.05965,2024-09-19T17:38:16.000000Z
2024,263.7349189814815,43.11711,-79.05964,2024-09-19T17:38:17.000000Z
2024,263.73493055555554,43.11712,-79.05963,2024-09-19T17:38:18.000000Z
2024,263.73494212962964,43.11712,-79.05963,2024-09-19T17:38:19.000000Z
2024,263.7349537037037,43.11712,-79.05963,2024-09-19T17:38:20.000000Z
2024,263.73496527777775,43.11712,-79.05963,2024-09-19T17:38:21.000000Z
2024,263.73497685185185,43.11712,-79.05963,2024-09-19T17:38:22.000000Z
2024,263.7349884259259,43.11711,-79.05963,2024-09-19T17:38:23.000000Z
2024,263.73501157407406,43.11711,-79.05962,2024-09-19T17:38:25.000000Z
2024,263.7452199074074,43.11709,-79.05966,2024-09-19T17:53:07.000000Z
2024,263.7452314814814,43.1171,-79.05966,2024-09-19T17:53:08.000000Z
2024,263.74524305555553,43.11711,-79.05968,2024-09-19T17:53:09.000000Z
2024,263.7452546296296,43.11714,-79.05971,2024-09-19T17:53:10.000000Z
2024,263.74526620370364,43.11716,-79.05973,2024-09-19T17:53:11.000000Z
2024,263.74527777777774,43.11717,-79.05974,2024-09-19T17:53:12.000000Z
2024,263.7452893518518,43.11719,-79.05975,2024-09-19T17:53:13.000000Z
2024,263.7453009259259,43.11719,-79.05976,2024-09-19T17:53:14.000000Z
2024,263.74531249999995,43.11721,-79.05976,2024-09-19T17:53:15.000000Z
2024,263.745324074074,43.11722,-79.05976,2024-09-19T17:53:16.000000Z
2024,263.7453356481481,43.11722,-79.05977,2024-09-19T17:53:17.000000Z
2024,263.74534722222216,43.11722,-79.05977,2024-09-19T17:53:18.000000Z
2024,263.7453587962963,43.11723,-79.05977,2024-09-19T17:53:19.000000Z
2024,263.7453703703703,43.11723,-79.05977,2024-09-19T17:53:20.000000Z
2024,263.7453819444444,43.11724,-79.05977,2024-09-19T17:53:21.000000Z
2024,263.7453935185185,43.11724,-79.05977,2024-09-19T17:53:22.000000Z
2024,263.74540509259253,43.11724,-79.05978,2024-09-19T17:53:23.000000Z
2024,263.74541666666664,43.11724,-79.05978,2024-09-19T17:53:24.000000Z
2024,263.7454282407407,43.11724,-79.05978,2024-09-19T17:53:25.000000Z
2024,263.75563657407406,43.11726,-79.05978,2024-09-19T18:08:07.000000Z
2024,263.7556481481481,43.11725,-79.05978,2024-09-19T18:08:08.000000Z
2024,263.7556597222222,43.11725,-79.05979,2024-09-19T18:08:09.000000Z
2024,263.75567129629627,43.11725,-79.05979,2024-09-19T18:08:10.000000Z
2024,263.7556828703703,43.11725,-79.05979,2024-09-19T18:08:11.000000Z
2024,263.75569444444443,43.11724,-79.05979,2024-09-19T18:08:12.000000Z
2024,263.7557060185185,43.11724,-79.0598,2024-09-19T18:08:13.000000Z
2024,263.7557175925926,43.11724,-79.05981,2024-09-19T18:08:14.000000Z
2024,263.75572916666664,43.11725,-79.05982,2024-09-19T18:08:15.000000Z
2024,263.7557407407407,43.11725,-79.05982,2024-09-19T18:08:16.000000Z
2024,263.7557523148148,43.11725,-79.05982,2024-09-19T18:08:17.000000Z
2024,263.75576388888885,43.11725,-79.05982,2024-09-19T18:08:18.000000Z
2024,263.75577546296296,43.11725,-79.05982,2024-09-19T18:08:19.000000Z
2024,263.755787037037,43.11725,-79.05982,2024-09-19T18:08:20.000000Z
2024,263.75579861111106,43.11725,-79.05982,2024-09-19T18:08:21.000000Z
2024,263.75581018518517,43.11725,-79.05982,2024-09-19T18:08:22.000000Z
2024,263.7558217592592,43.11725,-79.05982,2024-09-19T18:08:23.000000Z
2024,263.7558333333333,43.11725,-79.05982,2024-09-19T18:08:24.000000Z
2024,263.7558449074074,43.11725,-79.05982,2024-09-19T18:08:25.000000Z
2024,263.76605324074075,43.11727,-79.05994,2024-09-19T18:23:07.000000Z
2024,263.7660648148148,43.11727,-79.05993,2024-09-19T18:23:08.000000Z
2024,263.7660763888889,43.11727,-79.05993,2024-09-19T18:23:09.000000Z
2024,263.766099537037,43.11726,-79.05993,2024-09-19T18:23:11.000000Z
2024,263.7661111111111,43.11726,-79.05993,2024-09-19T18:23:12.000000Z
2024,263.76612268518517,43.11725,-79.05992,2024-09-19T18:23:13.000000Z
2024,263.7661342592593,43.11725,-79.05992,2024-09-19T18:23:14.000000Z
2024,263.7661458333333,43.11725,-79.05992,2024-09-19T18:23:15.000000Z
2024,263.7661574074074,43.11725,-79.05992,2024-09-19T18:23:16.000000Z
2024,263.7661689814815,43.11724,-79.05992,2024-09-19T18:23:17.000000Z
2024,263.76618055555554,43.11724,-79.05992,2024-09-19T18:23:18.000000Z
2024,263.76619212962964,43.11724,-79.05992,2024-09-19T18:23:19.000000Z
2024,263.7662037037037,43.11724,-79.05992,2024-09-19T18:23:20.000000Z
2024,263.76621527777775,43.11724,-79.05992,2024-09-19T18:23:21.000000Z
2024,263.76622685185185,43.11724,-79.05992,2024-09-19T18:23:22.000000Z
2024,263.7662384259259,43.11724,-79.05993,2024-09-19T18:23:23.000000Z
2024,263.76625,43.11724,-79.05993,2024-09-19T18:23:24.000000Z
2024,263.76626157407406,43.11724,-79.05992,2024-09-19T18:23:25.000000Z
2024,263.7662731481481,43.11723,-79.05992,2024-09-19T18:23:26.000000Z
2024,263.77646990740743,43.11721,-79.05992,2024-09-19T18:38:07.000000Z
2024,263.7764814814815,43.11721,-79.05992,2024-09-19T18:38:08.000000Z
2024,263.7764930555556,43.11721,-79.05992,2024-09-19T18:38:09.000000Z
2024,263.77650462962964,43.11722,-79.05989,2024-09-19T18:38:10.000000Z
2024,263.7765162037037,43.11722,-79.05988,2024-09-19T18:38:11.000000Z
2024,263.7765277777778,43.11723,-79.05987,2024-09-19T18:38:12.000000Z
2024,263.77653935185185,43.11723,-79.05986,2024-09-19T18:38:13.000000Z
2024,263.77655092592596,43.11723,-79.05986,2024-09-19T18:38:14.000000Z
2024,263.7765625,43.11723,-79.05986,2024-09-19T18:38:15.000000Z
2024,263.77657407407406,43.11723,-79.05986,2024-09-19T18:38:16.000000Z
2024,263.77658564814817,43.11723,-79.05985,2024-09-19T18:38:17.000000Z
2024,263.7765972222222,43.11724,-79.05985,2024-09-19T18:38:18.000000Z
2024,263.77660879629633,43.11724,-79.05985,2024-09-19T18:38:19.000000Z
2024,263.7766203703704,43.11724,-79.05985,2024-09-19T18:38:20.000000Z
2024,263.77663194444443,43.11724,-79.05985,2024-09-19T18:38:21.000000Z
2024,263.77664351851854,43.11724,-79.05985,2024-09-19T18:38:22.000000Z
2024,263.7766550925926,43.11724,-79.05985,2024-09-19T18:38:23.000000Z
2024,263.7766666666667,43.11724,-79.05985,2024-09-19T18:38:24.000000Z
2024,263.77667824074075,43.11724,-79.05984,2024-09-19T18:38:25.000000Z
2024,263.78688657407406,43.11728,-79.05982,2024-09-19T18:53:07.000000Z
2024,263.7868981481481,43.11727,-79.05982,2024-09-19T18:53:08.000000Z
2024,263.7869097222222,43.11727,-79.05983,2024-09-19T18:53:09.000000Z
2024,263.78692129629627,43.11726,-79.05982,2024-09-19T18:53:10.000000Z
2024,263.7869328703703,43.11726,-79.0598,2024-09-19T18:53:11.000000Z
2024,263.78694444444443,43.11725,-79.05979,2024-09-19T18:53:12.000000Z
2024,263.7869560185185,43.11725,-79.05979,2024-09-19T18:53:13.000000Z
2024,263.7869675925926,43.11725,-79.05979,2024-09-19T18:53:14.000000Z
2024,263.78697916666664,43.11725,-79.05979,2024-09-19T18:53:15.000000Z
2024,263.7869907407407,43.11725,-79.05979,2024-09-19T18:53:16.000000Z
2024,263.7870023148148,43.11725,-79.05979,2024-09-19T18:53:17.000000Z
2024,263.78701388888885,43.11725,-79.05979,2024-09-19T18:53:18.000000Z
2024,263.78702546296296,43.11725,-79.05979,2024-09-19T18:53:19.000000Z
2024,263.787037037037,43.11725,-79.05979,2024-09-19T18:53:20.000000Z
2024,263.78704861111106,43.11725,-79.0598,2024-09-19T18:53:21.000000Z
2024,263.78706018518517,43.11725,-79.05979,2024-09-19T18:53:22.000000Z
2024,263.7870717592592,43.11725,-79.05979,2024-09-19T18:53:23.000000Z
2024,263.7870833333333,43.11725,-79.05979,2024-09-19T18:53:24.000000Z
2024,263.7870949074074,43.11725,-79.05979,2024-09-19T18:53:25.000000Z
2024,263.79730324074075,43.1173,-79.05976,2024-09-19T19:08:07.000000Z
2024,263.7973148148148,43.1173,-79.05976,2024-09-19T19:08:08.000000Z
2024,263.7973263888889,43.11731,-79.05976,2024-09-19T19:08:09.000000Z
2024,263.79733796296296,43.11732,-79.05976,2024-09-19T19:08:10.000000Z
2024,263.797349537037,43.11733,-79.05976,2024-09-19T19:08:11.000000Z
2024,263.7973611111111,43.11733,-79.05976,2024-09-19T19:08:12.000000Z
2024,263.79737268518517,43.11734,-79.05976,2024-09-19T19:08:13.000000Z
2024,263.7973842592593,43.11734,-79.05976,2024-09-19T19:08:14.000000Z
2024,263.7973958333333,43.11734,-79.05976,2024-09-19T19:08:15.000000Z
2024,263.7974074074074,43.11735,-79.05976,2024-09-19T19:08:16.000000Z
2024,263.7974189814815,43.11735,-79.05976,2024-09-19T19:08:17.000000Z
2024,263.79743055555554,43.11735,-79.05976,2024-09-19T19:08:18.000000Z
2024,263.79744212962964,43.11735,-79.05976,2024-09-19T19:08:19.000000Z
2024,263.7974537037037,43.11735,-79.05976,2024-09-19T19:08:20.000000Z
2024,263.79746527777775,43.11736,-79.05976,2024-09-19T19:08:21.000000Z
2024,263.79747685185185,43.11736,-79.05977,2024-09-19T19:08:22.000000Z
2024,263.7974884259259,43.11736,-79.05977,2024-09-19T19:08:23.000000Z
2024,263.7975,43.11736,-79.05977,2024-09-19T19:08:24.000000Z
2024,263.79751157407406,43.11736,-79.05977,2024-09-19T19:08:25.000000Z
2024,263.80771990740743,43.11741,-79.05971,2024-09-19T19:23:07.000000Z
2024,263.8077314814815,43.11741,-79.05972,2024-09-19T19:23:08.000000Z
2024,263.8077430555556,43.11741,-79.05971,2024-09-19T19:23:09.000000Z
2024,263.80775462962964,43.1174,-79.0597,2024-09-19T19:23:10.000000Z
2024,263.8077662037037,43.11739,-79.0597,2024-09-19T19:23:11.000000Z
2024,263.8077777777778,43.11738,-79.0597,2024-09-19T19:23:12.000000Z
2024,263.80778935185185,43.11738,-79.0597,2024-09-19T19:23:13.000000Z
2024,263.80780092592596,43.11738,-79.0597,2024-09-19T19:23:14.000000Z
2024,263.8078125,43.11737,-79.0597,2024-09-19T19:23:15.000000Z
2024,263.80782407407406,43.11737,-79.0597,2024-09-19T19:23:16.000000Z
2024,263.80783564814817,43.11736,-79.0597,2024-09-19T19:23:17.000000Z
2024,263.8078472222222,43.11736,-79.0597,2024-09-19T19:23:18.000000Z
2024,263.80785879629633,43.11735,-79.05969,2024-09-19T19:23:19.000000Z
2024,263.8078703703704,43.11735,-79.0597,2024-09-19T19:23:20.000000Z
2024,263.80788194444443,43.11735,-79.0597,2024-09-19T19:23:21.000000Z
2024,263.80789351851854,43.11735,-79.0597,2024-09-19T19:23:22.000000Z
2024,263.8079050925926,43.11735,-79.05969,2024-09-19T19:23:23.000000Z
2024,263.8079166666667,43.11736,-79.05969,2024-09-19T19:23:24.000000Z
2024,263.80792824074075,43.11735,-79.05969,2024-09-19T19:23:25.000000Z
2024,263.8181597222223,43.11738,-79.05972,2024-09-19T19:38:09.000000Z
2024,263.8181712962963,43.11738,-79.05973,2024-09-19T19:38:10.000000Z
2024,263.8181828703704,43.11738,-79.05973,2024-09-19T19:38:11.000000Z
2024,263.8181944444445,43.11738,-79.05974,2024-09-19T19:38:12.000000Z
2024,263.81820601851854,43.11738,-79.05974,2024-09-19T19:38:13.000000Z
2024,263.81821759259265,43.11738,-79.05974,2024-09-19T19:38:14.000000Z
2024,263.8182291666667,43.11738,-79.05974,2024-09-19T19:38:15.000000Z
2024,263.81824074074075,43.11738,-79.05974,2024-09-19T19:38:16.000000Z
2024,263.81825231481486,43.11738,-79.05973,2024-09-19T19:38:17.000000Z
2024,263.8182638888889,43.11738,-79.05973,2024-09-19T19:38:18.000000Z
2024,263.818275462963,43.11738,-79.05973,2024-09-19T19:38:19.000000Z
2024,263.81828703703707,43.11738,-79.05973,2024-09-19T19:38:20.000000Z
2024,263.8182986111111,43.11738,-79.05973,2024-09-19T19:38:21.000000Z
2024,263.8183101851852,43.11738,-79.05973,2024-09-19T19:38:22.000000Z
2024,263.8183217592593,43.11738,-79.05972,2024-09-19T19:38:23.000000Z
2024,263.8183333333334,43.11738,-79.05972,2024-09-19T19:38:24.000000Z
2024,263.81834490740744,43.11738,-79.05972,2024-09-19T19:38:25.000000Z
2024,263.8183564814815,43.11739,-79.05972,2024-09-19T19:38:26.000000Z
2024,263.8183680555556,43.11739,-79.05971,2024-09-19T19:38:27.000000Z
2024,263.82855324074075,43.11741,-79.05986,2024-09-19T19:53:07.000000Z
2024,263.8285648148148,43.11741,-79.05986,2024-09-19T19:53:08.000000Z
2024,263.8285763888889,43.11742,-79.05988,2024-09-19T19:53:09.000000Z
2024,263.82858796296296,43.11742,-79.05989,2024-09-19T19:53:10.000000Z
2024,263.828599537037,43.11742,-79.05989,2024-09-19T19:53:11.000000Z
2024,263.8286111111111,43.11743,-79.0599,2024-09-19T19:53:12.000000Z
2024,263.82862268518517,43.11742,-79.0599,2024-09-19T19:53:13.000000Z
2024,263.8286342592593,43.11742,-79.0599,2024-09-19T19:53:14.000000Z
2024,263.8286458333333,43.11742,-79.05989,2024-09-19T19:53:15.000000Z
2024,263.8286574074074,43.11742,-79.05989,2024-09-19T19:53:16.000000Z
2024,263.8286689814815,43.11743,-79.05989,2024-09-19T19:53:17.000000Z
2024,263.82868055555554,43.11743,-79.05989,2024-09-19T19:53:18.000000Z
2024,263.82871527777775,43.11744,-79.05989,2024-09-19T19:53:21.000000Z
2024,263.82872685185185,43.11744,-79.05989,2024-09-19T19:53:22.000000Z
2024,263.8287384259259,43.11743,-79.05988,2024-09-19T19:53:23.000000Z
2024,263.82875,43.11743,-79.05987,2024-09-19T19:53:24.000000Z
2024,263.82876157407406,43.11743,-79.05986,2024-09-19T19:53:25.000000Z
2024,263.8287731481481,43.11743,-79.05986,2024-09-19T19:53:26.000000Z
2024,263.8287847222222,43.11742,-79.05985,2024-09-19T19:53:27.000000Z
2024,263.8389699074074,43.11737,-79.05984,2024-09-19T20:08:07.000000Z
2024,263.8389814814814,43.11738,-79.05983,2024-09-19T20:08:08.000000Z
2024,263.83899305555553,43.1174,-79.05983,2024-09-19T20:08:09.000000Z
2024,263.8390046296296,43.1174,-79.05972,2024-09-19T20:08:10.000000Z
2024,263.83901620370364,43.1174,-79.05968,2024-09-19T20:08:11.000000Z
2024,263.83902777777774,43.11742,-79.05966,2024-09-19T20:08:12.000000Z
2024,263.8390393518518,43.11743,-79.05966,2024-09-19T20:08:13.000000Z
2024,263.8390509259259,43.11743,-79.05967,2024-09-19T20:08:14.000000Z
2024,263.83906249999995,43.11744,-79.05967,2024-09-19T20:08:15.000000Z
2024,263.839074074074,43.11743,-79.05967,2024-09-19T20:08:16.000000Z
2024,263.8390856481481,43.11744,-79.05968,2024-09-19T20:08:17.000000Z
2024,263.83909722222216,43.11743,-79.05968,2024-09-19T20:08:18.000000Z
2024,263.8391087962963,43.11742,-79.05967,2024-09-19T20:08:19.000000Z
2024,263.8391203703703,43.11742,-79.05967,2024-09-19T20:08:20.000000Z
2024,263.8391319444444,43.11742,-79.05967,2024-09-19T20:08:21.000000Z
2024,263.8391435185185,43.11741,-79.05966,2024-09-19T20:08:22.000000Z
2024,263.83915509259253,43.1174,-79.05966,2024-09-19T20:08:23.000000Z
2024,263.83916666666664,43.1174,-79.05966,2024-09-19T20:08:24.000000Z
2024,263.8391782407407,43.1174,-79.05965,2024-09-19T20:08:25.000000Z
2024,263.84938657407406,43.1174,-79.05974,2024-09-19T20:23:07.000000Z
2024,263.8493981481481,43.1174,-79.05975,2024-09-19T20:23:08.000000Z
2024,263.8494097222222,43.1174,-79.05976,2024-09-19T20:23:09.000000Z
2024,263.84944444444443,43.1174,-79.05976,2024-09-19T20:23:12.000000Z
2024,263.8494560185185,43.1174,-79.05976,2024-09-19T20:23:13.000000Z
2024,263.8494675925926,43.11739,-79.05976,2024-09-19T20:23:14.000000Z
2024,263.84947916666664,43.11739,-79.05976,2024-09-19T20:23:15.000000Z
2024,263.8494907407407,43.11739,-79.05976,2024-09-19T20:23:16.000000Z
2024,263.8495023148148,43.11738,-79.05976,2024-09-19T20:23:17.000000Z
2024,263.84951388888885,43.11738,-79.05976,2024-09-19T20:23:18.000000Z
2024,263.84952546296296,43.11738,-79.05976,2024-09-19T20:23:19.000000Z
2024,263.849537037037,43.11738,-79.05976,2024-09-19T20:23:20.000000Z
2024,263.84954861111106,43.11738,-79.05977,2024-09-19T20:23:21.000000Z
2024,263.84956018518517,43.11738,-79.05977,2024-09-19T20:23:22.000000Z
2024,263.8495717592592,43.11738,-79.05977,2024-09-19T20:23:23.000000Z
2024,263.8495833333333,43.11738,-79.05978,2024-09-19T20:23:24.000000Z
2024,263.8495949074074,43.11738,-79.05978,2024-09-19T20:23:25.000000Z
2024,263.84960648148143,43.11738,-79.05979,2024-09-19T20:23:26.000000Z
2024,263.84961805555554,43.11738,-79.05979,2024-09-19T20:23:27.000000Z
2024,263.8598148148148,43.11736,-79.05973,2024-09-19T20:38:08.000000Z
2024,263.8598263888889,43.11736,-79.05973,2024-09-19T20:38:09.000000Z
2024,263.85983796296296,43.11735,-79.05973,2024-09-19T20:38:10.000000Z
2024,263.859849537037,43.11735,-79.05973,2024-09-19T20:38:11.000000Z
2024,263.8598611111111,43.11735,-79.05973,2024-09-19T20:38:12.000000Z
2024,263.85987268518517,43.11735,-79.05972,2024-09-19T20:38:13.000000Z
2024,263.8598842592593,43.11735,-79.05972,2024-09-19T20:38:14.000000Z
2024,263.8598958333333,43.11734,-79.05971,2024-09-19T20:38:15.000000Z
2024,263.8599074074074,43.11734,-79.0597,2024-09-19T20:38:16.000000Z
2024,263.8599189814815,43.11734,-79.05967,2024-09-19T20:38:17.000000Z
2024,263.85993055555554,43.11734,-79.05967,2024-09-19T20:38:18.000000Z
2024,263.85994212962964,43.11734,-79.05966,2024-09-19T20:38:19.000000Z
2024,263.8599537037037,43.11734,-79.05966,2024-09-19T20:38:20.000000Z
2024,263.85996527777775,43.11734,-79.05966,2024-09-19T20:38:21.000000Z
2024,263.85997685185185,43.11734,-79.05966,2024-09-19T20:38:22.000000Z
2024,263.8599884259259,43.11734,-79.05966,2024-09-19T20:38:23.000000Z
2024,263.86,43.11734,-79.05966,2024-09-19T20:38:24.000000Z
2024,263.86001157407406,43.11734,-79.05966,2024-09-19T20:38:25.000000Z
2024,263.8600231481481,43.11735,-79.05966,2024-09-19T20:38:26.000000Z
2024,263.8600347222222,43.11735,-79.05966,2024-09-19T20:38:27.000000Z
2024,263.8702199074074,43.11721,-79.0597,2024-09-19T20:53:07.000000Z
2024,263.8702314814814,43.11721,-79.0597,2024-09-19T20:53:08.000000Z
2024,263.87024305555553,43.11721,-79.05969,2024-09-19T20:53:09.000000Z
2024,263.8702546296296,43.1172,-79.05968,2024-09-19T20:53:10.000000Z
2024,263.87026620370364,43.1172,-79.05967,2024-09-19T20:53:11.000000Z
2024,263.87027777777774,43.1172,-79.05967,2024-09-19T20:53:12.000000Z
2024,263.8702893518518,43.1172,-79.05967,2024-09-19T20:53:13.000000Z
2024,263.8703009259259,43.11719,-79.05967,2024-09-19T20:53:14.000000Z
2024,263.87031249999995,43.11719,-79.05967,2024-09-19T20:53:15.000000Z
2024,263.870324074074,43.11719,-79.05968,2024-09-19T20:53:16.000000Z
2024,263.8703356481481,43.11719,-79.05968,2024-09-19T20:53:17.000000Z
2024,263.87034722222216,43.1172,-79.05968,2024-09-19T20:53:18.000000Z
2024,263.8703587962963,43.1172,-79.05968,2024-09-19T20:53:19.000000Z
2024,263.8703703703703,43.11721,-79.05969,2024-09-19T20:53:20.000000Z
2024,263.8703819444444,43.11721,-79.05969,2024-09-19T20:53:21.000000Z
2024,263.8703935185185,43.11721,-79.05969,2024-09-19T20:53:22.000000Z
2024,263.87040509259253,43.11721,-79.0597,2024-09-19T20:53:23.000000Z
2024,263.87041666666664,43.11721,-79.0597,2024-09-19T20:53:24.000000Z
2024,263.8704282407407,43.11721,-79.0597,2024-09-19T20:53:25.000000Z
2024,263.88063657407406,43.11726,-79.05871,2024-09-19T21:08:07.000000Z
2024,263.8806481481481,43.11726,-79.05871,2024-09-19T21:08:08.000000Z
2024,263.8806597222222,43.11726,-79.05872,2024-09-19T21:08:09.000000Z
2024,263.88067129629627,43.11711,-79.05938,2024-09-19T21:08:10.000000Z
2024,263.8806828703703,43.11709,-79.05943,2024-09-19T21:08:11.000000Z
2024,263.88069444444443,43.1171,-79.05944,2024-09-19T21:08:12.000000Z
2024,263.8807060185185,43.1171,-79.05947,2024-09-19T21:08:13.000000Z
2024,263.8807175925926,43.1171,-79.05948,2024-09-19T21:08:14.000000Z
2024,263.88072916666664,43.1171,-79.05949,2024-09-19T21:08:15.000000Z
2024,263.8807407407407,43.11709,-79.0595,2024-09-19T21:08:16.000000Z
2024,263.8807523148148,43.11709,-79.05952,2024-09-19T21:08:17.000000Z
2024,263.88076388888885,43.11708,-79.05953,2024-09-19T21:08:18.000000Z
2024,263.88077546296296,43.11708,-79.05955,2024-09-19T21:08:19.000000Z
2024,263.880787037037,43.11708,-79.05956,2024-09-19T21:08:20.000000Z
2024,263.88079861111106,43.11707,-79.05957,2024-09-19T21:08:21.000000Z
2024,263.88081018518517,43.11706,-79.05958,2024-09-19T21:08:22.000000Z
2024,263.8808217592592,43.11706,-79.05959,2024-09-19T21:08:23.000000Z
2024,263.8808333333333,43.11706,-79.05959,2024-09-19T21:08:24.000000Z
2024,263.8808449074074,43.11705,-79.0596,2024-09-19T21:08:25.000000Z
2024,263.88085648148143,43.11705,-79.0596,2024-09-19T21:08:26.000000Z
2024,263.89104166666664,43.11722,-79.05973,2024-09-19T21:23:06.000000Z
2024,263.89105324074075,43.11722,-79.05972,2024-09-19T21:23:07.000000Z
2024,263.8910648148148,43.11722,-79.05973,2024-09-19T21:23:08.000000Z
2024,263.8910763888889,43.11722,-79.05974,2024-09-19T21:23:09.000000Z
2024,263.89108796296296,43.11722,-79.05974,2024-09-19T21:23:10.000000Z
2024,263.891099537037,43.11722,-79.05975,2024-09-19T21:23:11.000000Z
2024,263.8911111111111,43.11721,-79.05976,2024-09-19T21:23:12.000000Z
2024,263.89112268518517,43.11721,-79.05977,2024-09-19T21:23:13.000000Z
2024,263.8911342592593,43.11721,-79.05978,2024-09-19T21:23:14.000000Z
2024,263.8911458333333,43.11721,-79.05979,2024-09-19T21:23:15.000000Z
2024,263.8911574074074,43.11721,-79.05979,2024-09-19T21:23:16.000000Z
2024,263.8911689814815,43.11721,-79.05979,2024-09-19T21:23:17.000000Z
2024,263.89118055555554,43.11721,-79.05979,2024-09-19T21:23:18.000000Z
2024,263.89119212962964,43.11721,-79.05979,2024-09-19T21:23:19.000000Z
2024,263.8912037037037,43.11721,-79.05979,2024-09-19T21:23:20.000000Z
2024,263.89121527777775,43.11721,-79.05979,2024-09-19T21:23:21.000000Z
2024,263.89122685185185,43.11721,-79.05979,2024-09-19T21:23:22.000000Z
2024,263.8912384259259,43.11721,-79.05979,2024-09-19T21:23:23.000000Z
2024,263.89125,43.11721,-79.05978,2024-09-19T21:23:24.000000Z
2024,263.89126157407406,43.11721,-79.05978,2024-09-19T21:23:25.000000Z
2024,263.90146990740743,43.11717,-79.05941,2024-09-19T21:38:07.000000Z
2024,263.9014814814815,43.11718,-79.05935,2024-09-19T21:38:08.000000Z
2024,263.9014930555556,43.11718,-79.05932,2024-09-19T21:38:09.000000Z
2024,263.90150462962964,43.11718,-79.05928,2024-09-19T21:38:10.000000Z
2024,263.9015162037037,43.11718,-79.05927,2024-09-19T21:38:11.000000Z
2024,263.9015277777778,43.11718,-79.05925,2024-09-19T21:38:12.000000Z
2024,263.90153935185185,43.11719,-79.05924,2024-09-19T21:38:13.000000Z
2024,263.90155092592596,43.11718,-79.05926,2024-09-19T21:38:14.000000Z
2024,263.9015625,43.11718,-79.05927,2024-09-19T21:38:15.000000Z
2024,263.90157407407406,43.11718,-79.05928,2024-09-19T21:38:16.000000Z
2024,263.90158564814817,43.11718,-79.05928,2024-09-19T21:38:17.000000Z
2024,263.9015972222222,43.11717,-79.05929,2024-09-19T21:38:18.000000Z
2024,263.90160879629633,43.11717,-79.05929,2024-09-19T21:38:19.000000Z
2024,263.9016203703704,43.11717,-79.05931,2024-09-19T21:38:20.000000Z
2024,263.90163194444443,43.11717,-79.05931,2024-09-19T21:38:21.000000Z
2024,263.90164351851854,43.11717,-79.05931,2024-09-19T21:38:22.000000Z
2024,263.9016550925926,43.11716,-79.05931,2024-09-19T21:38:23.000000Z
2024,263.9016666666667,43.11716,-79.05933,2024-09-19T21:38:24.000000Z
2024,263.90167824074075,43.11716,-79.05935,2024-09-19T21:38:25.000000Z
2024,263.9016898148148,43.11715,-79.05937,2024-09-19T21:38:26.000000Z
2024,263.9119328703703,43.1173,-79.05944,2024-09-19T21:53:11.000000Z
2024,263.91194444444443,43.11729,-79.05944,2024-09-19T21:53:12.000000Z
2024,263.9119560185185,43.11729,-79.05943,2024-09-19T21:53:13.000000Z
2024,263.9119675925926,43.11729,-79.05943,2024-09-19T21:53:14.000000Z
2024,263.91197916666664,43.11729,-79.05942,2024-09-19T21:53:15.000000Z
2024,263.9119907407407,43.11728,-79.05942,2024-09-19T21:53:16.000000Z
2024,263.9120023148148,43.11728,-79.05942,2024-09-19T21:53:17.000000Z
2024,263.91201388888885,43.11728,-79.05943,2024-09-19T21:53:18.000000Z
2024,263.91202546296296,43.11728,-79.05943,2024-09-19T21:53:19.000000Z
2024,263.912037037037,43.11728,-79.05944,2024-09-19T21:53:20.000000Z
2024,263.91204861111106,43.11727,-79.05944,2024-09-19T21:53:21.000000Z
2024,263.91206018518517,43.11727,-79.05944,2024-09-19T21:53:22.000000Z
2024,263.9120717592592,43.11727,-79.05944,2024-09-19T21:53:23.000000Z
2024,263.9120833333333,43.11727,-79.05944,2024-09-19T21:53:24.000000Z
2024,263.9120949074074,43.11727,-79.05944,2024-09-19T21:53:25.000000Z
2024,263.91210648148143,43.11728,-79.05944,2024-09-19T21:53:26.000000Z
2024,263.91211805555554,43.11728,-79.05944,2024-09-19T21:53:27.000000Z
2024,263.9121296296296,43.11728,-79.05943,2024-09-19T21:53:28.000000Z
2024,263.9121412037037,43.11728,-79.05943,2024-09-19T21:53:29.000000Z
2024,263.91215277777775,43.11729,-79.05942,2024-09-19T21:53:30.000000Z
2024,263.92229166666664,43.11733,-79.05958,2024-09-19T22:08:06.000000Z
2024,263.92230324074075,43.11733,-79.0596,2024-09-19T22:08:07.000000Z
2024,263.9223148148148,43.11733,-79.05962,2024-09-19T22:08:08.000000Z
2024,263.9223263888889,43.11732,-79.05963,2024-09-19T22:08:09.000000Z
2024,263.92233796296296,43.11732,-79.05965,2024-09-19T22:08:10.000000Z
2024,263.922349537037,43.11733,-79.05966,2024-09-19T22:08:11.000000Z
2024,263.9223611111111,43.11733,-79.05968,2024-09-19T22:08:12.000000Z
2024,263.92237268518517,43.11733,-79.0597,2024-09-19T22:08:13.000000Z
2024,263.9223842592593,43.11733,-79.0597,2024-09-19T22:08:14.000000Z
2024,263.9223958333333,43.11733,-79.0597,2024-09-19T22:08:15.000000Z
2024,263.9224074074074,43.11733,-79.0597,2024-09-19T22:08:16.000000Z
2024,263.9224189814815,43.11733,-79.05971,2024-09-19T22:08:17.000000Z
2024,263.92243055555554,43.11733,-79.05971,2024-09-19T22:08:18.000000Z
2024,263.92244212962964,43.11733,-79.05972,2024-09-19T22:08:19.000000Z
2024,263.9224537037037,43.11733,-79.05972,2024-09-19T22:08:20.000000Z
2024,263.92246527777775,43.11733,-79.05973,2024-09-19T22:08:21.000000Z
2024,263.92247685185185,43.11733,-79.05973,2024-09-19T22:08:22.000000Z
2024,263.9224884259259,43.11733,-79.05973,2024-09-19T22:08:23.000000Z
2024,263.9225,43.11733,-79.05973,2024-09-19T22:08:24.000000Z
2024,263.92251157407406,43.11732,-79.05973,2024-09-19T22:08:25.000000Z
2024,263.9327083333333,43.11726,-79.05972,2024-09-19T22:23:06.000000Z
2024,263.93271990740743,43.11727,-79.05972,2024-09-19T22:23:07.000000Z
2024,263.9327314814815,43.11728,-79.05973,2024-09-19T22:23:08.000000Z
2024,263.9327430555556,43.11728,-79.05973,2024-09-19T22:23:09.000000Z
2024,263.93275462962964,43.11722,-79.05957,2024-09-19T22:23:10.000000Z
2024,263.9327662037037,43.11721,-79.05953,2024-09-19T22:23:11.000000Z
2024,263.9327777777778,43.11721,-79.05953,2024-09-19T22:23:12.000000Z
2024,263.93278935185185,43.11721,-79.05952,2024-09-19T22:23:13.000000Z
2024,263.93280092592596,43.11721,-79.05952,2024-09-19T22:23:14.000000Z
2024,263.9328125,43.11721,-79.05951,2024-09-19T22:23:15.000000Z
2024,263.93282407407406,43.11721,-79.0595,2024-09-19T22:23:16.000000Z
2024,263.93283564814817,43.11721,-79.0595,2024-09-19T22:23:17.000000Z
2024,263.9328472222222,43.11721,-79.05949,2024-09-19T22:23:18.000000Z
2024,263.93285879629633,43.11722,-79.05949,2024-09-19T22:23:19.000000Z
2024,263.9328703703704,43.11722,-79.05949,2024-09-19T22:23:20.000000Z
2024,263.93288194444443,43.11722,-79.05949,2024-09-19T22:23:21.000000Z
2024,263.93289351851854,43.11722,-79.05949,2024-09-19T22:23:22.000000Z
2024,263.9329050925926,43.11723,-79.05949,2024-09-19T22:23:23.000000Z
2024,263.9329166666667,43.11723,-79.05948,2024-09-19T22:23:24.000000Z
2024,263.93292824074075,43.11723,-79.05948,2024-09-19T22:23:25.000000Z
2024,263.943125,43.11756,-79.05963,2024-09-19T22:38:06.000000Z
2024,263.9431365740741,43.11755,-79.05967,2024-09-19T22:38:07.000000Z
2024,263.94314814814817,43.11753,-79.0597,2024-09-19T22:38:08.000000Z
2024,263.9431597222223,43.11753,-79.0597,2024-09-19T22:38:09.000000Z
2024,263.9431712962963,43.11752,-79.0597,2024-09-19T22:38:10.000000Z
2024,263.9431828703704,43.1175,-79.05972,2024-09-19T22:38:11.000000Z
2024,263.9431944444445,43.1175,-79.05973,2024-09-19T22:38:12.000000Z
2024,263.94320601851854,43.1175,-79.05973,2024-09-19T22:38:13.000000Z
2024,263.94321759259265,43.1175,-79.05974,2024-09-19T22:38:14.000000Z
2024,263.9432291666667,43.11748,-79.05975,2024-09-19T22:38:15.000000Z
2024,263.94324074074075,43.11746,-79.05976,2024-09-19T22:38:16.000000Z
2024,263.94325231481486,43.11745,-79.05976,2024-09-19T22:38:17.000000Z
2024,263.9432638888889,43.11744,-79.05976,2024-09-19T22:38:18.000000Z
2024,263.943275462963,43.11743,-79.05976,2024-09-19T22:38:19.000000Z
2024,263.94328703703707,43.11742,-79.05976,2024-09-19T22:38:20.000000Z
2024,263.9432986111111,43.11741,-79.05976,2024-09-19T22:38:21.000000Z
2024,263.9433101851852,43.11738,-79.05976,2024-09-19T22:38:22.000000Z
2024,263.9433217592593,43.11738,-79.05975,2024-09-19T22:38:23.000000Z
2024,263.9433333333334,43.11738,-79.05975,2024-09-19T22:38:24.000000Z
2024,263.94334490740744,43.11737,-79.05974,2024-09-19T22:38:25.000000Z
2024,263.953599537037,43.1174,-79.05973,2024-09-19T22:53:11.000000Z
2024,263.9536111111111,43.11739,-79.05972,2024-09-19T22:53:12.000000Z
2024,263.95362268518517,43.11738,-79.05973,2024-09-19T22:53:13.000000Z
2024,263.9536342592593,43.11738,-79.05973,2024-09-19T22:53:14.000000Z
2024,263.9536458333333,43.11738,-79.05972,2024-09-19T22:53:15.000000Z
2024,263.9536574074074,43.11737,-79.05971,2024-09-19T22:53:16.000000Z
2024,263.9536689814815,43.11737,-79.05971,2024-09-19T22:53:17.000000Z
2024,263.95368055555554,43.11737,-79.05971,2024-09-19T22:53:18.000000Z
2024,263.95369212962964,43.11736,-79.0597,2024-09-19T22:53:19.000000Z
2024,263.9537037037037,43.11736,-79.0597,2024-09-19T22:53:20.000000Z
2024,263.95371527777775,43.11735,-79.05971,2024-09-19T22:53:21.000000Z
2024,263.95372685185185,43.11735,-79.05972,2024-09-19T22:53:22.000000Z
2024,263.9537384259259,43.11735,-79.05972,2024-09-19T22:53:23.000000Z
2024,263.95375,43.11734,-79.05973,2024-09-19T22:53:24.000000Z
2024,263.95376157407406,43.11734,-79.05974,2024-09-19T22:53:25.000000Z
2024,263.9537731481481,43.11734,-79.05974,2024-09-19T22:53:26.000000Z
2024,263.9537847222222,43.11734,-79.05975,2024-09-19T22:53:27.000000Z
2024,263.9537962962963,43.11734,-79.05976,2024-09-19T22:53:28.000000Z
2024,263.9538078703704,43.11733,-79.05976,2024-09-19T22:53:29.000000Z
2024,263.95381944444443,43.11733,-79.05976,2024-09-19T22:53:30.000000Z
2024,263.96401620370364,43.11742,-79.05963,2024-09-19T23:08:11.000000Z
2024,263.96402777777774,43.11742,-79.05963,2024-09-19T23:08:12.000000Z
2024,263.9640393518518,43.1174,-79.05966,2024-09-19T23:08:13.000000Z
2024,263.9640509259259,43.11737,-79.0597,2024-09-19T23:08:14.000000Z
2024,263.96406249999995,43.11733,-79.05975,2024-09-19T23:08:15.000000Z
2024,263.964074074074,43.1173,-79.05978,2024-09-19T23:08:16.000000Z
2024,263.9640856481481,43.11729,-79.05979,2024-09-19T23:08:17.000000Z
2024,263.96409722222216,43.11728,-79.0598,2024-09-19T23:08:18.000000Z
2024,263.9641087962963,43.11727,-79.05981,2024-09-19T23:08:19.000000Z
2024,263.9641203703703,43.11727,-79.05981,2024-09-19T23:08:20.000000Z
2024,263.9641319444444,43.11727,-79.05981,2024-09-19T23:08:21.000000Z
2024,263.9641435185185,43.11726,-79.05981,2024-09-19T23:08:22.000000Z
2024,263.96415509259253,43.11726,-79.05981,2024-09-19T23:08:23.000000Z
2024,263.96416666666664,43.11726,-79.0598,2024-09-19T23:08:24.000000Z
2024,263.9641782407407,43.11725,-79.05979,2024-09-19T23:08:25.000000Z
2024,263.96418981481474,43.11725,-79.05979,2024-09-19T23:08:26.000000Z
2024,263.96420138888885,43.11725,-79.05978,2024-09-19T23:08:27.000000Z
2024,263.9642129629629,43.11724,-79.05977,2024-09-19T23:08:28.000000Z
2024,263.964224537037,43.11723,-79.05976,2024-09-19T23:08:29.000000Z
2024,263.96423611111106,43.11723,-79.05976,2024-09-19T23:08:30.000000Z
2024,263.97438657407406,43.11735,-79.0595,2024-09-19T23:23:07.000000Z
2024,263.9743981481481,43.11736,-79.05949,2024-09-19T23:23:08.000000Z
2024,263.9744097222222,43.11737,-79.05947,2024-09-19T23:23:09.000000Z
2024,263.97442129629627,43.11734,-79.05948,2024-09-19T23:23:10.000000Z
2024,263.9744328703703,43.11733,-79.05949,2024-09-19T23:23:11.000000Z
2024,263.97444444444443,43.11733,-79.05948,2024-09-19T23:23:12.000000Z
2024,263.9744560185185,43.11732,-79.05948,2024-09-19T23:23:13.000000Z
2024,263.9744675925926,43.11732,-79.05947,2024-09-19T23:23:14.000000Z
2024,263.97447916666664,43.11733,-79.05947,2024-09-19T23:23:15.000000Z
2024,263.9744907407407,43.11733,-79.05947,2024-09-19T23:23:16.000000Z
2024,263.9745023148148,43.11734,-79.05947,2024-09-19T23:23:17.000000Z
2024,263.97451388888885,43.11735,-79.05947,2024-09-19T23:23:18.000000Z
2024,263.97452546296296,43.11735,-79.05947,2024-09-19T23:23:19.000000Z
2024,263.974537037037,43.11737,-79.05947,2024-09-19T23:23:20.000000Z
2024,263.97454861111106,43.11737,-79.05947,2024-09-19T23:23:21.000000Z
2024,263.97456018518517,43.11738,-79.05947,2024-09-19T23:23:22.000000Z
2024,263.9745717592592,43.11738,-79.05947,2024-09-19T23:23:23.000000Z
2024,263.9745833333333,43.11738,-79.05947,2024-09-19T23:23:24.000000Z
2024,263.9745949074074,43.11738,-79.05947,2024-09-19T23:23:25.000000Z
2024,263.97460648148143,43.11739,-79.05948,2024-09-19T23:23:26.000000Z
2024,263.9849537037037,43.11696,-79.0592,2024-09-19T23:38:20.000000Z
2024,263.98496527777775,43.11698,-79.05921,2024-09-19T23:38:21.000000Z
2024,263.98497685185185,43.11697,-79.05919,2024-09-19T23:38:22.000000Z
2024,263.9849884259259,43.11698,-79.05919,2024-09-19T23:38:23.000000Z
2024,263.985,43.11697,-79.05918,2024-09-19T23:38:24.000000Z
2024,263.98501157407406,43.117,-79.0592,2024-09-19T23:38:25.000000Z
2024,263.9850231481481,43.11701,-79.0592,2024-09-19T23:38:26.000000Z
2024,263.9850347222222,43.11702,-79.05921,2024-09-19T23:38:27.000000Z
2024,263.9850462962963,43.11703,-79.05921,2024-09-19T23:38:28.000000Z
2024,263.9850578703704,43.11703,-79.05922,2024-09-19T23:38:29.000000Z
2024,263.98506944444443,43.11703,-79.05923,2024-09-19T23:38:30.000000Z
2024,263.9850810185185,43.11743,-79.0596,2024-09-19T23:38:31.000000Z
2024,263.9850925925926,43.11741,-79.05965,2024-09-19T23:38:32.000000Z
2024,263.98510416666664,43.1174,-79.05967,2024-09-19T23:38:33.000000Z
2024,263.98511574074075,43.1174,-79.05968,2024-09-19T23:38:34.000000Z
2024,263.9851273148148,43.1174,-79.05969,2024-09-19T23:38:35.000000Z
2024,263.9851388888889,43.1174,-79.0597,2024-09-19T23:38:36.000000Z
2024,263.98515046296296,43.1174,-79.0597,2024-09-19T23:38:37.000000Z
2024,263.985162037037,43.1174,-79.0597,2024-09-19T23:38:38.000000Z
2024,263.9851736111111,43.1174,-79.0597,2024-09-19T23:38:39.000000Z
2024,263.9951967592592,43.11738,-79.0597,2024-09-19T23:53:05.000000Z
2024,263.9952199074074,43.11739,-79.05972,2024-09-19T23:53:07.000000Z
2024,263.9952314814814,43.1174,-79.05971,2024-09-19T23:53:08.000000Z
2024,263.99524305555553,43.1174,-79.0597,2024-09-19T23:53:09.000000Z
2024,263.9952546296296,43.11739,-79.05968,2024-09-19T23:53:10.000000Z
2024,263.99526620370364,43.11738,-79.05967,2024-09-19T23:53:11.000000Z
2024,263.99527777777774,43.11738,-79.05967,2024-09-19T23:53:12.000000Z
2024,263.9952893518518,43.11737,-79.05966,2024-09-19T23:53:13.000000Z
2024,263.9953009259259,43.11737,-79.05966,2024-09-19T23:53:14.000000Z
2024,263.99531249999995,43.11737,-79.05966,2024-09-19T23:53:15.000000Z
2024,263.995324074074,43.11737,-79.05965,2024-09-19T23:53:16.000000Z
2024,263.9953356481481,43.11736,-79.05964,2024-09-19T23:53:17.000000Z
2024,263.99534722222216,43.11737,-79.05965,2024-09-19T23:53:18.000000Z
2024,263.9953587962963,43.11737,-79.05966,2024-09-19T23:53:19.000000Z
2024,263.9953703703703,43.11737,-79.05968,2024-09-19T23:53:20.000000Z
2024,263.9953819444444,43.11737,-79.05969,2024-09-19T23:53:21.000000Z
2024,263.9953935185185,43.11737,-79.0597,2024-09-19T23:53:22.000000Z
2024,263.99540509259253,43.11737,-79.0597,2024-09-19T23:53:23.000000Z
2024,263.99541666666664,43.11737,-79.0597,2024-09-19T23:53:24.000000Z
2024,264.0056134259259,43.11736,-79.05969,2024-09-20T00:08:05.000000Z
2024,264.00562499999995,43.11735,-79.05968,2024-09-20T00:08:06.000000Z
2024,264.00563657407406,43.11735,-79.05968,2024-09-20T00:08:07.000000Z
2024,264.0056481481481,43.11735,-79.05968,2024-09-20T00:08:08.000000Z
2024,264.0056597222222,43.11735,-79.05968,2024-09-20T00:08:09.000000Z
2024,264.00567129629627,43.11735,-79.05968,2024-09-20T00:08:10.000000Z
2024,264.0056828703703,43.11735,-79.05968,2024-09-20T00:08:11.000000Z
2024,264.00569444444443,43.11735,-79.05968,2024-09-20T00:08:12.000000Z
2024,264.0057060185185,43.11735,-79.05968,2024-09-20T00:08:13.000000Z
2024,264.0057175925926,43.11735,-79.05968,2024-09-20T00:08:14.000000Z
2024,264.00572916666664,43.11735,-79.05968,2024-09-20T00:08:15.000000Z
2024,264.0057407407407,43.11736,-79.05969,2024-09-20T00:08:16.000000Z
2024,264.0057523148148,43.11736,-79.05969,2024-09-20T00:08:17.000000Z
2024,264.00576388888885,43.11735,-79.05968,2024-09-20T00:08:18.000000Z
2024,264.00577546296296,43.11735,-79.05968,2024-09-20T00:08:19.000000Z
2024,264.005787037037,43.11736,-79.05969,2024-09-20T00:08:20.000000Z
2024,264.00579861111106,43.11736,-79.05969,2024-09-20T00:08:21.000000Z
2024,264.00581018518517,43.11736,-79.05969,2024-09-20T00:08:22.000000Z
2024,264.0058217592592,43.11737,-79.05969,2024-09-20T00:08:23.000000Z
2024,264.0058333333333,43.11737,-79.05969,2024-09-20T00:08:24.000000Z
2024,264.0160300925926,43.11745,-79.05969,2024-09-20T00:23:05.000000Z
2024,264.01604166666664,43.11745,-79.05969,2024-09-20T00:23:06.000000Z
2024,264.01605324074075,43.11745,-79.0597,2024-09-20T00:23:07.000000Z
2024,264.0160648148148,43.11745,-79.0597,2024-09-20T00:23:08.000000Z
2024,264.0160763888889,43.11744,-79.0597,2024-09-20T00:23:09.000000Z
2024,264.01608796296296,43.11744,-79.05971,2024-09-20T00:23:10.000000Z
2024,264.016099537037,43.11744,-79.05972,2024-09-20T00:23:11.000000Z
2024,264.0161111111111,43.11744,-79.05972,2024-09-20T00:23:12.000000Z
2024,264.01612268518517,43.11743,-79.05972,2024-09-20T00:23:13.000000Z
2024,264.0161342592593,43.11743,-79.05972,2024-09-20T00:23:14.000000Z
2024,264.0161458333333,43.11743,-79.05973,2024-09-20T00:23:15.000000Z
2024,264.0161574074074,43.11743,-79.05973,2024-09-20T00:23:16.000000Z
2024,264.0161689814815,43.11743,-79.05972,2024-09-20T00:23:17.000000Z
2024,264.01619212962964,43.11743,-79.05972,2024-09-20T00:23:19.000000Z
2024,264.0162037037037,43.11742,-79.05972,2024-09-20T00:23:20.000000Z
2024,264.01621527777775,43.11742,-79.05972,2024-09-20T00:23:21.000000Z
2024,264.01622685185185,43.11742,-79.05972,2024-09-20T00:23:22.000000Z
2024,264.0162384259259,43.11742,-79.05972,2024-09-20T00:23:23.000000Z
2024,264.01625,43.11742,-79.05971,2024-09-20T00:23:24.000000Z
2024,264.0264467592593,43.11741,-79.0596,2024-09-20T00:38:05.000000Z
2024,264.0264583333333,43.11741,-79.0596,2024-09-20T00:38:06.000000Z
2024,264.02646990740743,43.11741,-79.05961,2024-09-20T00:38:07.000000Z
2024,264.0264814814815,43.11741,-79.05962,2024-09-20T00:38:08.000000Z
2024,264.0264930555556,43.11742,-79.05963,2024-09-20T00:38:09.000000Z
2024,264.02650462962964,43.11743,-79.05963,2024-09-20T00:38:10.000000Z
2024,264.0265162037037,43.11743,-79.05963,2024-09-20T00:38:11.000000Z
2024,264.0265277777778,43.11743,-79.05963,2024-09-20T00:38:12.000000Z
2024,264.02653935185185,43.11744,-79.05963,2024-09-20T00:38:13.000000Z
2024,264.02655092592596,43.11745,-79.05963,2024-09-20T00:38:14.000000Z
2024,264.0265625,43.11745,-79.05963,2024-09-20T00:38:15.000000Z
2024,264.02657407407406,43.11745,-79.05963,2024-09-20T00:38:16.000000Z
2024,264.02658564814817,43.11745,-79.05963,2024-09-20T00:38:17.000000Z
2024,264.0265972222222,43.11745,-79.05964,2024-09-20T00:38:18.000000Z
2024,264.02660879629633,43.11746,-79.05964,2024-09-20T00:38:19.000000Z
2024,264.0266203703704,43.11746,-79.05964,2024-09-20T00:38:20.000000Z
2024,264.02663194444443,43.11746,-79.05964,2024-09-20T00:38:21.000000Z
2024,264.02664351851854,43.11746,-79.05964,2024-09-20T00:38:22.000000Z
2024,264.0266550925926,43.11746,-79.05964,2024-09-20T00:38:23.000000Z
2024,264.0266666666667,43.11747,-79.05964,2024-09-20T00:38:24.000000Z
2024,264.0368634259259,43.11746,-79.05972,2024-09-20T00:53:05.000000Z
2024,264.03687499999995,43.11746,-79.05972,2024-09-20T00:53:06.000000Z
2024,264.03688657407406,43.11745,-79.05972,2024-09-20T00:53:07.000000Z
2024,264.0368981481481,43.11745,-79.05972,2024-09-20T00:53:08.000000Z
2024,264.0369097222222,43.11745,-79.05972,2024-09-20T00:53:09.000000Z
2024,264.03692129629627,43.11745,-79.05972,2024-09-20T00:53:10.000000Z
2024,264.0369328703703,43.11745,-79.05972,2024-09-20T00:53:11.000000Z
2024,264.03694444444443,43.11745,-79.05972,2024-09-20T00:53:12.000000Z
2024,264.0369560185185,43.11745,-79.05973,2024-09-20T00:53:13.000000Z
2024,264.0369675925926,43.11745,-79.05973,2024-09-20T00:53:14.000000Z
2024,264.03697916666664,43.11745,-79.05973,2024-09-20T00:53:15.000000Z
2024,264.0369907407407,43.11745,-79.05973,2024-09-20T00:53:16.000000Z
2024,264.0370023148148,43.11745,-79.05973,2024-09-20T00:53:17.000000Z
2024,264.03701388888885,43.11745,-79.05973,2024-09-20T00:53:18.000000Z
2024,264.03702546296296,43.11745,-79.05973,2024-09-20T00:53:19.000000Z
2024,264.037037037037,43.11745,-79.05973,2024-09-20T00:53:20.000000Z
2024,264.03704861111106,43.11746,-79.05973,2024-09-20T00:53:21.000000Z
2024,264.03706018518517,43.11746,-79.05973,2024-09-20T00:53:22.000000Z
2024,264.0370717592592,43.11746,-79.05973,2024-09-20T00:53:23.000000Z
2024,264.0370833333333,43.11747,-79.05973,2024-09-20T00:53:24.000000Z
2024,264.0472800925926,43.11743,-79.05983,2024-09-20T01:08:05.000000Z
2024,264.04729166666664,43.11743,-79.05982,2024-09-20T01:08:06.000000Z
2024,264.04730324074075,43.11742,-79.05981,2024-09-20T01:08:07.000000Z
2024,264.0473148148148,43.11742,-79.05981,2024-09-20T01:08:08.000000Z
2024,264.0473263888889,43.11742,-79.0598,2024-09-20T01:08:09.000000Z
2024,264.04733796296296,43.11738,-79.05977,2024-09-20T01:08:10.000000Z
2024,264.047349537037,43.11737,-79.05975,2024-09-20T01:08:11.000000Z
2024,264.0473611111111,43.11735,-79.05974,2024-09-20T01:08:12.000000Z
2024,264.04737268518517,43.11735,-79.05974,2024-09-20T01:08:13.000000Z
2024,264.0473842592593,43.11735,-79.05974,2024-09-20T01:08:14.000000Z
2024,264.0473958333333,43.11735,-79.05974,2024-09-20T01:08:15.000000Z
2024,264.0474074074074,43.11735,-79.05974,2024-09-20T01:08:16.000000Z
2024,264.0474189814815,43.11735,-79.05974,2024-09-20T01:08:17.000000Z
2024,264.04743055555554,43.11734,-79.05974,2024-09-20T01:08:18.000000Z
2024,264.04744212962964,43.11734,-79.05974,2024-09-20T01:08:19.000000Z
2024,264.0474537037037,43.11734,-79.05975,2024-09-20T01:08:20.000000Z
2024,264.04746527777775,43.11734,-79.05975,2024-09-20T01:08:21.000000Z
2024,264.04747685185185,43.11733,-79.05976,2024-09-20T01:08:22.000000Z
2024,264.0474884259259,43.11733,-79.05976,2024-09-20T01:08:23.000000Z
2024,264.0475,43.11732,-79.05976,2024-09-20T01:08:24.000000Z
2024,264.0576967592593,43.11729,-79.05982,2024-09-20T01:23:05.000000Z
2024,264.0577083333333,43.1173,-79.05981,2024-09-20T01:23:06.000000Z
2024,264.05771990740743,43.1173,-79.05981,2024-09-20T01:23:07.000000Z
2024,264.0577314814815,43.11732,-79.05979,2024-09-20T01:23:08.000000Z
2024,264.0577430555556,43.11732,-79.05979,2024-09-20T01:23:09.000000Z
2024,264.05775462962964,43.11732,-79.05978,2024-09-20T01:23:10.000000Z
2024,264.0577662037037,43.11732,-79.05978,2024-09-20T01:23:11.000000Z
2024,264.0577777777778,43.11732,-79.05978,2024-09-20T01:23:12.000000Z
2024,264.05778935185185,43.11732,-79.05977,2024-09-20T01:23:13.000000Z
2024,264.05780092592596,43.11731,-79.05977,2024-09-20T01:23:14.000000Z
2024,264.0578125,43.11731,-79.05977,2024-09-20T01:23:15.000000Z
2024,264.05782407407406,43.11732,-79.05977,2024-09-20T01:23:16.000000Z
2024,264.05783564814817,43.11732,-79.05976,2024-09-20T01:23:17.000000Z
2024,264.0578472222222,43.11732,-79.05976,2024-09-20T01:23:18.000000Z
2024,264.05785879629633,43.11732,-79.05976,2024-09-20T01:23:19.000000Z
2024,264.0578703703704,43.11732,-79.05976,2024-09-20T01:23:20.000000Z
2024,264.05788194444443,43.11732,-79.05976,2024-09-20T01:23:21.000000Z
2024,264.05789351851854,43.11732,-79.05976,2024-09-20T01:23:22.000000Z
2024,264.0579050925926,43.11732,-79.05976,2024-09-20T01:23:23.000000Z
2024,264.0579166666667,43.11732,-79.05976,2024-09-20T01:23:24.000000Z
2024,264.0681365740741,43.11725,-79.05963,2024-09-20T01:38:07.000000Z
2024,264.06814814814817,43.11726,-79.05963,2024-09-20T01:38:08.000000Z
2024,264.0681597222223,43.11726,-79.05963,2024-09-20T01:38:09.000000Z
2024,264.0681712962963,43.11727,-79.05963,2024-09-20T01:38:10.000000Z
2024,264.0681828703704,43.11727,-79.05964,2024-09-20T01:38:11.000000Z
2024,264.0681944444445,43.11727,-79.05965,2024-09-20T01:38:12.000000Z
2024,264.06820601851854,43.11728,-79.05965,2024-09-20T01:38:13.000000Z
2024,264.06821759259265,43.11729,-79.05966,2024-09-20T01:38:14.000000Z
2024,264.0682291666667,43.11729,-79.05966,2024-09-20T01:38:15.000000Z
2024,264.06824074074075,43.11729,-79.05966,2024-09-20T01:38:16.000000Z
2024,264.06825231481486,43.11729,-79.05966,2024-09-20T01:38:17.000000Z
2024,264.0682638888889,43.1173,-79.05966,2024-09-20T01:38:18.000000Z
2024,264.068275462963,43.1173,-79.05966,2024-09-20T01:38:19.000000Z
2024,264.06828703703707,43.1173,-79.05966,2024-09-20T01:38:20.000000Z
2024,264.0682986111111,43.1173,-79.05966,2024-09-20T01:38:21.000000Z
2024,264.0683101851852,43.1173,-79.05967,2024-09-20T01:38:22.000000Z
2024,264.0683217592593,43.1173,-79.05967,2024-09-20T01:38:23.000000Z
2024,264.0683333333334,43.1173,-79.05966,2024-09-20T01:38:24.000000Z
2024,264.06834490740744,43.11729,-79.05966,2024-09-20T01:38:25.000000Z
2024,264.0785648148148,43.11724,-79.05973,2024-09-20T01:53:08.000000Z
2024,264.0785763888889,43.11722,-79.05973,2024-09-20T01:53:09.000000Z
2024,264.07858796296296,43.11721,-79.05973,2024-09-20T01:53:10.000000Z
2024,264.078599537037,43.11722,-79.05973,2024-09-20T01:53:11.000000Z
2024,264.0786111111111,43.11722,-79.05973,2024-09-20T01:53:12.000000Z
2024,264.07862268518517,43.11723,-79.05973,2024-09-20T01:53:13.000000Z
2024,264.0786342592593,43.11723,-79.05973,2024-09-20T01:53:14.000000Z
2024,264.0786458333333,43.11723,-79.05973,2024-09-20T01:53:15.000000Z
2024,264.0786574074074,43.11723,-79.05973,2024-09-20T01:53:16.000000Z
2024,264.0786689814815,43.11723,-79.05973,2024-09-20T01:53:17.000000Z
2024,264.07868055555554,43.11723,-79.05972,2024-09-20T01:53:18.000000Z
2024,264.07869212962964,43.11723,-79.05972,2024-09-20T01:53:19.000000Z
2024,264.0787037037037,43.11723,-79.05971,2024-09-20T01:53:20.000000Z
2024,264.07871527777775,43.11723,-79.05971,2024-09-20T01:53:21.000000Z
2024,264.07872685185185,43.11722,-79.0597,2024-09-20T01:53:22.000000Z
2024,264.0787384259259,43.11723,-79.0597,2024-09-20T01:53:23.000000Z
2024,264.07875,43.11722,-79.0597,2024-09-20T01:53:24.000000Z
2024,264.07876157407406,43.11722,-79.0597,2024-09-20T01:53:25.000000Z
2024,264.0787731481481,43.11722,-79.05969,2024-09-20T01:53:26.000000Z
2024,264.0787847222222,43.11722,-79.05969,2024-09-20T01:53:27.000000Z
2024,264.0889699074074,43.11723,-79.0596,2024-09-20T02:08:07.000000Z
2024,264.0889814814814,43.11724,-79.05961,2024-09-20T02:08:08.000000Z
2024,264.08899305555553,43.11724,-79.05962,2024-09-20T02:08:09.000000Z
2024,264.0890046296296,43.11724,-79.05963,2024-09-20T02:08:10.000000Z
2024,264.08901620370364,43.11724,-79.05963,2024-09-20T02:08:11.000000Z
2024,264.08902777777774,43.11724,-79.05963,2024-09-20T02:08:12.000000Z
2024,264.0890393518518,43.11725,-79.05964,2024-09-20T02:08:13.000000Z
2024,264.0890509259259,43.11725,-79.05966,2024-09-20T02:08:14.000000Z
2024,264.08906249999995,43.11726,-79.05966,2024-09-20T02:08:15.000000Z
2024,264.089074074074,43.11726,-79.05966,2024-09-20T02:08:16.000000Z
2024,264.0890856481481,43.11727,-79.05967,2024-09-20T02:08:17.000000Z
2024,264.08909722222216,43.11727,-79.05968,2024-09-20T02:08:18.000000Z
2024,264.0891087962963,43.11728,-79.05968,2024-09-20T02:08:19.000000Z
2024,264.0891203703703,43.11729,-79.05969,2024-09-20T02:08:20.000000Z
2024,264.0891319444444,43.11729,-79.05969,2024-09-20T02:08:21.000000Z
2024,264.0891435185185,43.11729,-79.05969,2024-09-20T02:08:22.000000Z
2024,264.08915509259253,43.1173,-79.05969,2024-09-20T02:08:23.000000Z
2024,264.08916666666664,43.1173,-79.05969,2024-09-20T02:08:24.000000Z
2024,264.0891782407407,43.1173,-79.05969,2024-09-20T02:08:25.000000Z
2024,264.09938657407406,43.1175,-79.05957,2024-09-20T02:23:07.000000Z
2024,264.0993981481481,43.11747,-79.05955,2024-09-20T02:23:08.000000Z
2024,264.0994097222222,43.11742,-79.05952,2024-09-20T02:23:09.000000Z
2024,264.09942129629627,43.11742,-79.05953,2024-09-20T02:23:10.000000Z
2024,264.0994328703703,43.1174,-79.05953,2024-09-20T02:23:11.000000Z
2024,264.09944444444443,43.1174,-79.05954,2024-09-20T02:23:12.000000Z
2024,264.0994560185185,43.11739,-79.05956,2024-09-20T02:23:13.000000Z
2024,264.0994675925926,43.11739,-79.05957,2024-09-20T02:23:14.000000Z
2024,264.09947916666664,43.11739,-79.05957,2024-09-20T02:23:15.000000Z
2024,264.0994907407407,43.11738,-79.05958,2024-09-20T02:23:16.000000Z
2024,264.0995023148148,43.11738,-79.05958,2024-09-20T02:23:17.000000Z
2024,264.09951388888885,43.11738,-79.05959,2024-09-20T02:23:18.000000Z
2024,264.09952546296296,43.11738,-79.0596,2024-09-20T02:23:19.000000Z
2024,264.099537037037,43.11738,-79.0596,2024-09-20T02:23:20.000000Z
2024,264.09954861111106,43.11738,-79.0596,2024-09-20T02:23:21.000000Z
2024,264.09956018518517,43.11738,-79.0596,2024-09-20T02:23:22.000000Z
2024,264.0995717592592,43.11737,-79.05961,2024-09-20T02:23:23.000000Z
2024,264.0995833333333,43.11737,-79.05961,2024-09-20T02:23:24.000000Z
2024,264.0995949074074,43.11737,-79.05961,2024-09-20T02:23:25.000000Z
2024,264.09960648148143,43.11737,-79.05963,2024-09-20T02:23:26.000000Z
2024,264.1098842592593,43.11767,-79.05989,2024-09-20T02:38:14.000000Z
2024,264.1098958333333,43.11767,-79.05989,2024-09-20T02:38:15.000000Z
2024,264.1099074074074,43.11763,-79.05987,2024-09-20T02:38:16.000000Z
2024,264.1099189814815,43.11759,-79.05985,2024-09-20T02:38:17.000000Z
2024,264.10993055555554,43.11756,-79.05982,2024-09-20T02:38:18.000000Z
2024,264.10994212962964,43.11746,-79.05979,2024-09-20T02:38:19.000000Z
2024,264.1099537037037,43.11742,-79.05976,2024-09-20T02:38:20.000000Z
2024,264.10996527777775,43.11739,-79.05975,2024-09-20T02:38:21.000000Z
2024,264.10997685185185,43.11739,-79.05976,2024-09-20T02:38:22.000000Z
2024,264.1099884259259,43.11738,-79.05976,2024-09-20T02:38:23.000000Z
2024,264.11,43.11737,-79.05975,2024-09-20T02:38:24.000000Z
2024,264.11001157407406,43.11736,-79.05975,2024-09-20T02:38:25.000000Z
2024,264.1100231481481,43.11735,-79.05974,2024-09-20T02:38:26.000000Z
2024,264.1100347222222,43.11734,-79.05973,2024-09-20T02:38:27.000000Z
2024,264.1100462962963,43.11733,-79.05973,2024-09-20T02:38:28.000000Z
2024,264.1100578703704,43.11732,-79.05973,2024-09-20T02:38:29.000000Z
2024,264.11006944444443,43.11731,-79.05972,2024-09-20T02:38:30.000000Z
2024,264.1100810185185,43.1173,-79.05972,2024-09-20T02:38:31.000000Z
2024,264.1100925925926,43.1173,-79.05972,2024-09-20T02:38:32.000000Z
2024,264.11010416666664,43.1173,-79.05972,2024-09-20T02:38:33.000000Z
2024,264.1202199074074,43.11738,-79.05977,2024-09-20T02:53:07.000000Z
2024,264.1202314814814,43.11738,-79.05977,2024-09-20T02:53:08.000000Z
2024,264.12024305555553,43.11737,-79.05977,2024-09-20T02:53:09.000000Z
2024,264.1202546296296,43.11739,-79.05975,2024-09-20T02:53:10.000000Z
2024,264.12026620370364,43.1174,-79.05973,2024-09-20T02:53:11.000000Z
2024,264.12027777777774,43.1174,-79.05972,2024-09-20T02:53:12.000000Z
2024,264.1202893518518,43.1174,-79.05971,2024-09-20T02:53:13.000000Z
2024,264.1203009259259,43.1174,-79.05971,2024-09-20T02:53:14.000000Z
2024,264.12031249999995,43.11741,-79.0597,2024-09-20T02:53:15.000000Z
2024,264.120324074074,43.11741,-79.05971,2024-09-20T02:53:16.000000Z
2024,264.1203356481481,43.11741,-79.05971,2024-09-20T02:53:17.000000Z
2024,264.12034722222216,43.11741,-79.05971,2024-09-20T02:53:18.000000Z
2024,264.1203587962963,43.11741,-79.05972,2024-09-20T02:53:19.000000Z
2024,264.1203703703703,43.1174,-79.05972,2024-09-20T02:53:20.000000Z
2024,264.1203819444444,43.1174,-79.05972,2024-09-20T02:53:21.000000Z
2024,264.1203935185185,43.1174,-79.05972,2024-09-20T02:53:22.000000Z
2024,264.12040509259253,43.1174,-79.05972,2024-09-20T02:53:23.000000Z
2024,264.12041666666664,43.11741,-79.05971,2024-09-20T02:53:24.000000Z
2024,264.1204282407407,43.11741,-79.05971,2024-09-20T02:53:25.000000Z
2024,264.1306597222222,43.11731,-79.05979,2024-09-20T03:08:09.000000Z
2024,264.13067129629627,43.11731,-79.05979,2024-09-20T03:08:10.000000Z
2024,264.1306828703703,43.1173,-79.05979,2024-09-20T03:08:11.000000Z
2024,264.13069444444443,43.11732,-79.05979,2024-09-20T03:08:12.000000Z
2024,264.1307060185185,43.11733,-79.0598,2024-09-20T03:08:13.000000Z
2024,264.1307175925926,43.11734,-79.0598,2024-09-20T03:08:14.000000Z
2024,264.13072916666664,43.11734,-79.0598,2024-09-20T03:08:15.000000Z
2024,264.1307407407407,43.11734,-79.05979,2024-09-20T03:08:16.000000Z
2024,264.1307523148148,43.11734,-79.05979,2024-09-20T03:08:17.000000Z
2024,264.13076388888885,43.11734,-79.05979,2024-09-20T03:08:18.000000Z
2024,264.13077546296296,43.11734,-79.05979,2024-09-20T03:08:19.000000Z
2024,264.130787037037,43.11734,-79.05979,2024-09-20T03:08:20.000000Z
2024,264.13079861111106,43.11735,-79.05979,2024-09-20T03:08:21.000000Z
2024,264.13081018518517,43.11735,-79.05978,2024-09-20T03:08:22.000000Z
2024,264.1308217592592,43.11737,-79.05979,2024-09-20T03:08:23.000000Z
2024,264.1308333333333,43.11738,-79.05979,2024-09-20T03:08:24.000000Z
2024,264.1308449074074,43.11739,-79.05979,2024-09-20T03:08:25.000000Z
2024,264.13085648148143,43.1174,-79.0598,2024-09-20T03:08:26.000000Z
2024,264.13086805555554,43.11742,-79.05981,2024-09-20T03:08:27.000000Z
2024,264.1308796296296,43.11743,-79.05981,2024-09-20T03:08:28.000000Z
2024,264.141099537037,43.11737,-79.05982,2024-09-20T03:23:11.000000Z
2024,264.1411111111111,43.11737,-79.05984,2024-09-20T03:23:12.000000Z
2024,264.14112268518517,43.11737,-79.05985,2024-09-20T03:23:13.000000Z
2024,264.1411342592593,43.11737,-79.05988,2024-09-20T03:23:14.000000Z
2024,264.1411458333333,43.11738,-79.05988,2024-09-20T03:23:15.000000Z
2024,264.1411574074074,43.11738,-79.05988,2024-09-20T03:23:16.000000Z
2024,264.1411689814815,43.11738,-79.05988,2024-09-20T03:23:17.000000Z
2024,264.14118055555554,43.11738,-79.05987,2024-09-20T03:23:18.000000Z
2024,264.14119212962964,43.11738,-79.05986,2024-09-20T03:23:19.000000Z
2024,264.1412037037037,43.11738,-79.05986,2024-09-20T03:23:20.000000Z
2024,264.14121527777775,43.11738,-79.05985,2024-09-20T03:23:21.000000Z
2024,264.14122685185185,43.11739,-79.05984,2024-09-20T03:23:22.000000Z
2024,264.1412384259259,43.11739,-79.05983,2024-09-20T03:23:23.000000Z
2024,264.14125,43.11739,-79.05983,2024-09-20T03:23:24.000000Z
2024,264.14126157407406,43.11739,-79.05982,2024-09-20T03:23:25.000000Z
2024,264.1412731481481,43.11739,-79.05982,2024-09-20T03:23:26.000000Z
2024,264.1412847222222,43.11739,-79.05981,2024-09-20T03:23:27.000000Z
2024,264.1412962962963,43.11739,-79.05981,2024-09-20T03:23:28.000000Z
2024,264.1413078703704,43.11739,-79.0598,2024-09-20T03:23:29.000000Z
2024,264.14131944444443,43.11739,-79.0598,2024-09-20T03:23:30.000000Z
2024,264.15146990740743,43.11743,-79.05967,2024-09-20T03:38:07.000000Z
2024,264.1514814814815,43.11742,-79.05967,2024-09-20T03:38:08.000000Z
2024,264.1514930555556,43.11741,-79.05967,2024-09-20T03:38:09.000000Z
2024,264.15150462962964,43.11741,-79.05966,2024-09-20T03:38:10.000000Z
2024,264.1515162037037,43.1174,-79.05966,2024-09-20T03:38:11.000000Z
2024,264.1515277777778,43.11739,-79.05965,2024-09-20T03:38:12.000000Z
2024,264.15153935185185,43.11739,-79.05965,2024-09-20T03:38:13.000000Z
2024,264.15155092592596,43.11739,-79.05965,2024-09-20T03:38:14.000000Z
2024,264.1515625,43.11739,-79.05965,2024-09-20T03:38:15.000000Z
2024,264.15157407407406,43.11739,-79.05965,2024-09-20T03:38:16.000000Z
2024,264.15158564814817,43.11739,-79.05964,2024-09-20T03:38:17.000000Z
2024,264.1515972222222,43.11739,-79.05964,2024-09-20T03:38:18.000000Z
2024,264.15160879629633,43.1174,-79.05963,2024-09-20T03:38:19.000000Z
2024,264.1516203703704,43.1174,-79.05963,2024-09-20T03:38:20.000000Z
2024,264.15163194444443,43.1174,-79.05963,2024-09-20T03:38:21.000000Z
2024,264.15164351851854,43.1174,-79.05963,2024-09-20T03:38:22.000000Z
2024,264.1516550925926,43.1174,-79.05963,2024-09-20T03:38:23.000000Z
2024,264.1516666666667,43.1174,-79.05963,2024-09-20T03:38:24.000000Z
2024,264.15167824074075,43.1174,-79.05962,2024-09-20T03:38:25.000000Z
2024,264.1618981481481,43.11746,-79.05943,2024-09-20T03:53:08.000000Z
2024,264.1619097222222,43.11745,-79.05944,2024-09-20T03:53:09.000000Z
2024,264.16192129629627,43.11743,-79.05944,2024-09-20T03:53:10.000000Z
2024,264.1619328703703,43.11742,-79.05944,2024-09-20T03:53:11.000000Z
2024,264.16194444444443,43.11742,-79.05945,2024-09-20T03:53:12.000000Z
2024,264.1619560185185,43.11742,-79.05945,2024-09-20T03:53:13.000000Z
2024,264.1619675925926,43.11741,-79.05946,2024-09-20T03:53:14.000000Z
2024,264.16197916666664,43.1174,-79.05947,2024-09-20T03:53:15.000000Z
2024,264.1619907407407,43.1174,-79.05947,2024-09-20T03:53:16.000000Z
2024,264.1620023148148,43.1174,-79.05947,2024-09-20T03:53:17.000000Z
2024,264.16201388888885,43.11739,-79.05947,2024-09-20T03:53:18.000000Z
2024,264.16202546296296,43.11739,-79.05947,2024-09-20T03:53:19.000000Z
2024,264.162037037037,43.11738,-79.05947,2024-09-20T03:53:20.000000Z
2024,264.16204861111106,43.11738,-79.05947,2024-09-20T03:53:21.000000Z
2024,264.16206018518517,43.11738,-79.05946,2024-09-20T03:53:22.000000Z
2024,264.1620717592592,43.11738,-79.05946,2024-09-20T03:53:23.000000Z
2024,264.1620833333333,43.11737,-79.05946,2024-09-20T03:53:24.000000Z
2024,264.1620949074074,43.11737,-79.05946,2024-09-20T03:53:25.000000Z
2024,264.16210648148143,43.11737,-79.05946,2024-09-20T03:53:26.000000Z
2024,264.16211805555554,43.11737,-79.05946,2024-09-20T03:53:27.000000Z
2024,264.1723842592593,43.11747,-79.05928,2024-09-20T04:08:14.000000Z
2024,264.1723958333333,43.11747,-79.05928,2024-09-20T04:08:15.000000Z
2024,264.1724074074074,43.11746,-79.05928,2024-09-20T04:08:16.000000Z
2024,264.1724189814815,43.11746,-79.05929,2024-09-20T04:08:17.000000Z
2024,264.17243055555554,43.11745,-79.0593,2024-09-20T04:08:18.000000Z
2024,264.17244212962964,43.11745,-79.05931,2024-09-20T04:08:19.000000Z
2024,264.1724537037037,43.11744,-79.05931,2024-09-20T04:08:20.000000Z
2024,264.17246527777775,43.11743,-79.05932,2024-09-20T04:08:21.000000Z
2024,264.17247685185185,43.11743,-79.05933,2024-09-20T04:08:22.000000Z
2024,264.1724884259259,43.11742,-79.05934,2024-09-20T04:08:23.000000Z
2024,264.1725,43.11742,-79.05934,2024-09-20T04:08:24.000000Z
2024,264.17251157407406,43.11742,-79.05934,2024-09-20T04:08:25.000000Z
2024,264.1725231481481,43.11741,-79.05936,2024-09-20T04:08:26.000000Z
2024,264.1725347222222,43.11741,-79.05936,2024-09-20T04:08:27.000000Z
2024,264.1725462962963,43.1174,-79.05937,2024-09-20T04:08:28.000000Z
2024,264.1725578703704,43.1174,-79.05937,2024-09-20T04:08:29.000000Z
2024,264.17256944444443,43.11739,-79.05938,2024-09-20T04:08:30.000000Z
2024,264.1725810185185,43.11738,-79.05953,2024-09-20T04:08:31.000000Z
2024,264.1725925925926,43.11737,-79.05961,2024-09-20T04:08:32.000000Z
2024,264.17260416666664,43.11735,-79.05963,2024-09-20T04:08:33.000000Z
2024,264.18271990740743,43.11719,-79.05966,2024-09-20T04:23:07.000000Z
2024,264.1827314814815,43.1172,-79.05967,2024-09-20T04:23:08.000000Z
2024,264.1827430555556,43.11721,-79.05967,2024-09-20T04:23:09.000000Z
2024,264.18275462962964,43.1172,-79.05966,2024-09-20T04:23:10.000000Z
2024,264.1827662037037,43.1172,-79.05965,2024-09-20T04:23:11.000000Z
2024,264.1827777777778,43.11721,-79.05965,2024-09-20T04:23:12.000000Z
2024,264.18278935185185,43.11721,-79.05964,2024-09-20T04:23:13.000000Z
2024,264.18280092592596,43.11721,-79.05963,2024-09-20T04:23:14.000000Z
2024,264.1828125,43.11721,-79.05963,2024-09-20T04:23:15.000000Z
2024,264.18282407407406,43.11722,-79.05963,2024-09-20T04:23:16.000000Z
2024,264.18283564814817,43.11722,-79.05963,2024-09-20T04:23:17.000000Z
2024,264.1828472222222,43.11722,-79.05962,2024-09-20T04:23:18.000000Z
2024,264.18285879629633,43.11723,-79.05962,2024-09-20T04:23:19.000000Z
2024,264.1828703703704,43.11723,-79.05961,2024-09-20T04:23:20.000000Z
2024,264.18288194444443,43.11723,-79.0596,2024-09-20T04:23:21.000000Z
2024,264.18289351851854,43.11723,-79.0596,2024-09-20T04:23:22.000000Z
2024,264.1829050925926,43.11723,-79.0596,2024-09-20T04:23:23.000000Z
2024,264.1829166666667,43.11723,-79.0596,2024-09-20T04:23:24.000000Z
2024,264.18292824074075,43.11724,-79.0596,2024-09-20T04:23:25.000000Z
2024,264.1931365740741,43.11737,-79.0596,2024-09-20T04:38:07.000000Z
2024,264.19314814814817,43.11737,-79.05961,2024-09-20T04:38:08.000000Z
2024,264.1931597222223,43.11737,-79.05961,2024-09-20T04:38:09.000000Z
2024,264.1931712962963,43.11737,-79.05961,2024-09-20T04:38:10.000000Z
2024,264.1931828703704,43.11737,-79.05963,2024-09-20T04:38:11.000000Z
2024,264.1931944444445,43.11736,-79.05964,2024-09-20T04:38:12.000000Z
2024,264.19320601851854,43.11736,-79.05965,2024-09-20T04:38:13.000000Z
2024,264.19321759259265,43.11737,-79.05965,2024-09-20T04:38:14.000000Z
2024,264.1932291666667,43.11737,-79.05966,2024-09-20T04:38:15.000000Z
2024,264.19324074074075,43.11737,-79.05966,2024-09-20T04:38:16.000000Z
2024,264.19325231481486,43.11737,-79.05966,2024-09-20T04:38:17.000000Z
2024,264.1932638888889,43.11737,-79.05967,2024-09-20T04:38:18.000000Z
2024,264.19328703703707,43.11737,-79.05968,2024-09-20T04:38:20.000000Z
2024,264.1932986111111,43.11737,-79.05968,2024-09-20T04:38:21.000000Z
2024,264.1933101851852,43.11737,-79.05969,2024-09-20T04:38:22.000000Z
2024,264.1933217592593,43.11737,-79.05969,2024-09-20T04:38:23.000000Z
2024,264.1933333333334,43.11737,-79.05969,2024-09-20T04:38:24.000000Z
2024,264.19334490740744,43.11737,-79.0597,2024-09-20T04:38:25.000000Z
2024,264.20355324074075,43.11737,-79.05969,2024-09-20T04:53:07.000000Z
2024,264.2035648148148,43.11735,-79.05969,2024-09-20T04:53:08.000000Z
2024,264.2035763888889,43.11735,-79.05969,2024-09-20T04:53:09.000000Z
2024,264.20358796296296,43.11735,-79.05969,2024-09-20T04:53:10.000000Z
2024,264.203599537037,43.11735,-79.05969,2024-09-20T04:53:11.000000Z
2024,264.2036111111111,43.11735,-79.05969,2024-09-20T04:53:12.000000Z
2024,264.20362268518517,43.11735,-79.05969,2024-09-20T04:53:13.000000Z
2024,264.2036342592593,43.11735,-79.05969,2024-09-20T04:53:14.000000Z
2024,264.2036458333333,43.11735,-79.05969,2024-09-20T04:53:15.000000Z
2024,264.2036574074074,43.11735,-79.05969,2024-09-20T04:53:16.000000Z
2024,264.2036689814815,43.11735,-79.05969,2024-09-20T04:53:17.000000Z
2024,264.20368055555554,43.11735,-79.0597,2024-09-20T04:53:18.000000Z
2024,264.20369212962964,43.11735,-79.0597,2024-09-20T04:53:19.000000Z
2024,264.2037037037037,43.11735,-79.0597,2024-09-20T04:53:20.000000Z
2024,264.20371527777775,43.11735,-79.0597,2024-09-20T04:53:21.000000Z
2024,264.20372685185185,43.11735,-79.0597,2024-09-20T04:53:22.000000Z
2024,264.2037384259259,43.11735,-79.0597,2024-09-20T04:53:23.000000Z
2024,264.20375,43.11736,-79.0597,2024-09-20T04:53:24.000000Z
2024,264.20376157407406,43.11736,-79.0597,2024-09-20T04:53:25.000000Z
2024,264.2139699074074,43.11738,-79.05969,2024-09-20T05:08:07.000000Z
2024,264.2139814814814,43.11738,-79.05969,2024-09-20T05:08:08.000000Z
2024,264.21399305555553,43.11737,-79.05968,2024-09-20T05:08:09.000000Z
2024,264.2140046296296,43.11737,-79.05966,2024-09-20T05:08:10.000000Z
2024,264.21401620370364,43.11737,-79.05967,2024-09-20T05:08:11.000000Z
2024,264.21402777777774,43.11738,-79.05968,2024-09-20T05:08:12.000000Z
2024,264.2140393518518,43.11738,-79.05968,2024-09-20T05:08:13.000000Z
2024,264.2140509259259,43.11738,-79.05968,2024-09-20T05:08:14.000000Z
2024,264.21406249999995,43.11738,-79.05969,2024-09-20T05:08:15.000000Z
2024,264.214074074074,43.11739,-79.0597,2024-09-20T05:08:16.000000Z
2024,264.2140856481481,43.11739,-79.05972,2024-09-20T05:08:17.000000Z
2024,264.21409722222216,43.1174,-79.05972,2024-09-20T05:08:18.000000Z
2024,264.2141087962963,43.1174,-79.05972,2024-09-20T05:08:19.000000Z
2024,264.2141203703703,43.1174,-79.05973,2024-09-20T05:08:20.000000Z
2024,264.2141319444444,43.1174,-79.05973,2024-09-20T05:08:21.000000Z
2024,264.2141435185185,43.1174,-79.05973,2024-09-20T05:08:22.000000Z
2024,264.21415509259253,43.1174,-79.05972,2024-09-20T05:08:23.000000Z
2024,264.21416666666664,43.1174,-79.05972,2024-09-20T05:08:24.000000Z
2024,264.2141782407407,43.1174,-79.05972,2024-09-20T05:08:25.000000Z
2024,264.22438657407406,43.1174,-79.05966,2024-09-20T05:23:07.000000Z
2024,264.2243981481481,43.1174,-79.05966,2024-09-20T05:23:08.000000Z
2024,264.2244097222222,43.1174,-79.05965,2024-09-20T05:23:09.000000Z
2024,264.22442129629627,43.1174,-79.05965,2024-09-20T05:23:10.000000Z
2024,264.2244328703703,43.1174,-79.05965,2024-09-20T05:23:11.000000Z
2024,264.22444444444443,43.1174,-79.05964,2024-09-20T05:23:12.000000Z
2024,264.2244560185185,43.1174,-79.05964,2024-09-20T05:23:13.000000Z
2024,264.2244675925926,43.1174,-79.05965,2024-09-20T05:23:14.000000Z
2024,264.22447916666664,43.1174,-79.05965,2024-09-20T05:23:15.000000Z
2024,264.2244907407407,43.1174,-79.05965,2024-09-20T05:23:16.000000Z
2024,264.2245023148148,43.1174,-79.05966,2024-09-20T05:23:17.000000Z
2024,264.22451388888885,43.1174,-79.05966,2024-09-20T05:23:18.000000Z
2024,264.22452546296296,43.11741,-79.05966,2024-09-20T05:23:19.000000Z
2024,264.224537037037,43.11741,-79.05966,2024-09-20T05:23:20.000000Z
2024,264.22454861111106,43.11741,-79.05966,2024-09-20T05:23:21.000000Z
2024,264.22456018518517,43.11741,-79.05966,2024-09-20T05:23:22.000000Z
2024,264.2245717592592,43.1174,-79.05965,2024-09-20T05:23:23.000000Z
2024,264.2245833333333,43.1174,-79.05965,2024-09-20T05:23:24.000000Z
2024,264.2245949074074,43.1174,-79.05965,2024-09-20T05:23:25.000000Z
2024,264.23480324074075,43.1173,-79.05954,2024-09-20T05:38:07.000000Z
2024,264.2348148148148,43.1173,-79.05955,2024-09-20T05:38:08.000000Z
2024,264.2348263888889,43.1173,-79.05956,2024-09-20T05:38:09.000000Z
2024,264.23483796296296,43.1173,-79.05956,2024-09-20T05:38:10.000000Z
2024,264.234849537037,43.1173,-79.05956,2024-09-20T05:38:11.000000Z
2024,264.2348611111111,43.1173,-79.05957,2024-09-20T05:38:12.000000Z
2024,264.23487268518517,43.1173,-79.05957,2024-09-20T05:38:13.000000Z
2024,264.2348842592593,43.1173,-79.05957,2024-09-20T05:38:14.000000Z
2024,264.2348958333333,43.1173,-79.05957,2024-09-20T05:38:15.000000Z
2024,264.2349074074074,43.1173,-79.05958,2024-09-20T05:38:16.000000Z
2024,264.2349189814815,43.1173,-79.05958,2024-09-20T05:38:17.000000Z
2024,264.23493055555554,43.1173,-79.05959,2024-09-20T05:38:18.000000Z
2024,264.23494212962964,43.1173,-79.05959,2024-09-20T05:38:19.000000Z
2024,264.2349537037037,43.1173,-79.05959,2024-09-20T05:38:20.000000Z
2024,264.23496527777775,43.11731,-79.0596,2024-09-20T05:38:21.000000Z
2024,264.23497685185185,43.11731,-79.0596,2024-09-20T05:38:22.000000Z
2024,264.2349884259259,43.11731,-79.05961,2024-09-20T05:38:23.000000Z
2024,264.235,43.11731,-79.05961,2024-09-20T05:38:24.000000Z
2024,264.23501157407406,43.11731,-79.05962,2024-09-20T05:38:25.000000Z
2024,264.2452199074074,43.11763,-79.0604,2024-09-20T05:53:07.000000Z
2024,264.2452314814814,43.1176,-79.06032,2024-09-20T05:53:08.000000Z
2024,264.24524305555553,43.11755,-79.06019,2024-09-20T05:53:09.000000Z
2024,264.2452546296296,43.11742,-79.05986,2024-09-20T05:53:10.000000Z
2024,264.24526620370364,43.1174,-79.05979,2024-09-20T05:53:11.000000Z
2024,264.24527777777774,43.1174,-79.05977,2024-09-20T05:53:12.000000Z
2024,264.2452893518518,43.11739,-79.05976,2024-09-20T05:53:13.000000Z
2024,264.2453009259259,43.11739,-79.05975,2024-09-20T05:53:14.000000Z
2024,264.24531249999995,43.11739,-79.05975,2024-09-20T05:53:15.000000Z
2024,264.245324074074,43.11739,-79.05974,2024-09-20T05:53:16.000000Z
2024,264.2453356481481,43.11739,-79.05974,2024-09-20T05:53:17.000000Z
2024,264.24534722222216,43.11739,-79.05976,2024-09-20T05:53:18.000000Z
2024,264.2453587962963,43.1174,-79.05976,2024-09-20T05:53:19.000000Z
2024,264.2453703703703,43.1174,-79.05976,2024-09-20T05:53:20.000000Z
2024,264.2453819444444,43.1174,-79.05976,2024-09-20T05:53:21.000000Z
2024,264.2453935185185,43.1174,-79.05977,2024-09-20T05:53:22.000000Z
2024,264.24540509259253,43.1174,-79.05978,2024-09-20T05:53:23.000000Z
2024,264.24541666666664,43.11741,-79.05979,2024-09-20T05:53:24.000000Z
2024,264.2454282407407,43.11741,-79.05979,2024-09-20T05:53:25.000000Z
2024,264.24543981481474,43.11741,-79.05979,2024-09-20T05:53:26.000000Z
2024,264.25563657407406,43.11734,-79.05972,2024-09-20T06:08:07.000000Z
2024,264.2556481481481,43.11734,-79.05972,2024-09-20T06:08:08.000000Z
2024,264.2556597222222,43.11734,-79.05973,2024-09-20T06:08:09.000000Z
2024,264.25567129629627,43.11734,-79.05974,2024-09-20T06:08:10.000000Z
2024,264.2556828703703,43.11734,-79.05976,2024-09-20T06:08:11.000000Z
2024,264.25569444444443,43.11734,-79.05976,2024-09-20T06:08:12.000000Z
2024,264.2557060185185,43.11734,-79.05977,2024-09-20T06:08:13.000000Z
2024,264.2557175925926,43.11734,-79.05978,2024-09-20T06:08:14.000000Z
2024,264.25572916666664,43.11734,-79.05978,2024-09-20T06:08:15.000000Z
2024,264.2557407407407,43.11734,-79.05979,2024-09-20T06:08:16.000000Z
2024,264.2557523148148,43.11735,-79.05979,2024-09-20T06:08:17.000000Z
2024,264.25576388888885,43.11735,-79.0598,2024-09-20T06:08:18.000000Z
2024,264.25577546296296,43.11735,-79.05981,2024-09-20T06:08:19.000000Z
2024,264.255787037037,43.11735,-79.05982,2024-09-20T06:08:20.000000Z
2024,264.25579861111106,43.11735,-79.05982,2024-09-20T06:08:21.000000Z
2024,264.25581018518517,43.11735,-79.05982,2024-09-20T06:08:22.000000Z
2024,264.2558217592592,43.11735,-79.05982,2024-09-20T06:08:23.000000Z
2024,264.2558333333333,43.11735,-79.05982,2024-09-20T06:08:24.000000Z
2024,264.2558449074074,43.11735,-79.05982,2024-09-20T06:08:25.000000Z
2024,264.26605324074075,43.11734,-79.0597,2024-09-20T06:23:07.000000Z
2024,264.26608796296296,43.11733,-79.0597,2024-09-20T06:23:10.000000Z
2024,264.266099537037,43.11732,-79.05969,2024-09-20T06:23:11.000000Z
2024,264.2661111111111,43.11732,-79.05968,2024-09-20T06:23:12.000000Z
2024,264.26612268518517,43.11731,-79.05967,2024-09-20T06:23:13.000000Z
2024,264.2661342592593,43.11731,-79.05966,2024-09-20T06:23:14.000000Z
2024,264.2661458333333,43.11731,-79.05966,2024-09-20T06:23:15.000000Z
2024,264.2661574074074,43.11731,-79.05966,2024-09-20T06:23:16.000000Z
2024,264.2661689814815,43.11731,-79.05967,2024-09-20T06:23:17.000000Z
2024,264.26618055555554,43.11731,-79.05968,2024-09-20T06:23:18.000000Z
2024,264.26619212962964,43.11731,-79.05968,2024-09-20T06:23:19.000000Z
2024,264.2662037037037,43.11731,-79.0597,2024-09-20T06:23:20.000000Z
2024,264.26621527777775,43.11731,-79.05969,2024-09-20T06:23:21.000000Z
2024,264.26622685185185,43.1173,-79.05969,2024-09-20T06:23:22.000000Z
2024,264.2662384259259,43.1173,-79.05969,2024-09-20T06:23:23.000000Z
2024,264.26625,43.1173,-79.05969,2024-09-20T06:23:24.000000Z
2024,264.26626157407406,43.1173,-79.05969,2024-09-20T06:23:25.000000Z
2024,264.2662731481481,43.11729,-79.05969,2024-09-20T06:23:26.000000Z
2024,264.2662847222222,43.1173,-79.0597,2024-09-20T06:23:27.000000Z
2024,264.2662962962963,43.11729,-79.05969,2024-09-20T06:23:28.000000Z
2024,264.27646990740743,43.11738,-79.05964,2024-09-20T06:38:07.000000Z
2024,264.2764814814815,43.11737,-79.05963,2024-09-20T06:38:08.000000Z
2024,264.2764930555556,43.11736,-79.05963,2024-09-20T06:38:09.000000Z
2024,264.27650462962964,43.11738,-79.0597,2024-09-20T06:38:10.000000Z
2024,264.2765162037037,43.11739,-79.05973,2024-09-20T06:38:11.000000Z
2024,264.2765277777778,43.11739,-79.05974,2024-09-20T06:38:12.000000Z
2024,264.27653935185185,43.11739,-79.05974,2024-09-20T06:38:13.000000Z
2024,264.27655092592596,43.11738,-79.05974,2024-09-20T06:38:14.000000Z
2024,264.2765625,43.11738,-79.05973,2024-09-20T06:38:15.000000Z
2024,264.27657407407406,43.11738,-79.05973,2024-09-20T06:38:16.000000Z
2024,264.27658564814817,43.11737,-79.05973,2024-09-20T06:38:17.000000Z
2024,264.2765972222222,43.11737,-79.05972,2024-09-20T06:38:18.000000Z
2024,264.27660879629633,43.11737,-79.05972,2024-09-20T06:38:19.000000Z
2024,264.2766203703704,43.11737,-79.05972,2024-09-20T06:38:20.000000Z
2024,264.27663194444443,43.11737,-79.05971,2024-09-20T06:38:21.000000Z
2024,264.27664351851854,43.11737,-79.05971,2024-09-20T06:38:22.000000Z
2024,264.2766550925926,43.11737,-79.0597,2024-09-20T06:38:23.000000Z
2024,264.2766666666667,43.11736,-79.0597,2024-09-20T06:38:24.000000Z
2024,264.27667824074075,43.11736,-79.0597,2024-09-20T06:38:25.000000Z
2024,264.28688657407406,43.1172,-79.05972,2024-09-20T06:53:07.000000Z
2024,264.2868981481481,43.11722,-79.05974,2024-09-20T06:53:08.000000Z
2024,264.2869097222222,43.11722,-79.05975,2024-09-20T06:53:09.000000Z
2024,264.28692129629627,43.11724,-79.05978,2024-09-20T06:53:10.000000Z
2024,264.2869328703703,43.11726,-79.05981,2024-09-20T06:53:11.000000Z
2024,264.28694444444443,43.11727,-79.05983,2024-09-20T06:53:12.000000Z
2024,264.2869560185185,43.11729,-79.05985,2024-09-20T06:53:13.000000Z
2024,264.2869675925926,43.1173,-79.05986,2024-09-20T06:53:14.000000Z
2024,264.28697916666664,43.1173,-79.05986,2024-09-20T06:53:15.000000Z
2024,264.2869907407407,43.1173,-79.05987,2024-09-20T06:53:16.000000Z
2024,264.2870023148148,43.11729,-79.05988,2024-09-20T06:53:17.000000Z
2024,264.28701388888885,43.11727,-79.05989,2024-09-20T06:53:18.000000Z
2024,264.28702546296296,43.11727,-79.05989,2024-09-20T06:53:19.000000Z
2024,264.287037037037,43.11726,-79.05989,2024-09-20T06:53:20.000000Z
2024,264.28704861111106,43.11725,-79.05989,2024-09-20T06:53:21.000000Z
2024,264.28706018518517,43.11724,-79.05988,2024-09-20T06:53:22.000000Z
2024,264.2870717592592,43.11723,-79.05988,2024-09-20T06:53:23.000000Z
2024,264.2870833333333,43.11723,-79.05987,2024-09-20T06:53:24.000000Z
2024,264.2870949074074,43.11722,-79.05987,2024-09-20T06:53:25.000000Z
2024,264.29733796296296,43.11718,-79.05983,2024-09-20T07:08:10.000000Z
2024,264.297349537037,43.11716,-79.05986,2024-09-20T07:08:11.000000Z
2024,264.29737268518517,43.11714,-79.05989,2024-09-20T07:08:13.000000Z
2024,264.2973842592593,43.11714,-79.05989,2024-09-20T07:08:14.000000Z
2024,264.2973958333333,43.11714,-79.0599,2024-09-20T07:08:15.000000Z
2024,264.2974074074074,43.11714,-79.0599,2024-09-20T07:08:16.000000Z
2024,264.2974189814815,43.11715,-79.0599,2024-09-20T07:08:17.000000Z
2024,264.29743055555554,43.11716,-79.05991,2024-09-20T07:08:18.000000Z
2024,264.29744212962964,43.11717,-79.0599,2024-09-20T07:08:19.000000Z
2024,264.2974537037037,43.11717,-79.0599,2024-09-20T07:08:20.000000Z
2024,264.29746527777775,43.11718,-79.0599,2024-09-20T07:08:21.000000Z
2024,264.29747685185185,43.11719,-79.0599,2024-09-20T07:08:22.000000Z
2024,264.2974884259259,43.11719,-79.0599,2024-09-20T07:08:23.000000Z
2024,264.2975,43.1172,-79.05989,2024-09-20T07:08:24.000000Z
2024,264.29751157407406,43.1172,-79.05989,2024-09-20T07:08:25.000000Z
2024,264.2975231481481,43.11721,-79.05989,2024-09-20T07:08:26.000000Z
2024,264.2975347222222,43.11721,-79.05989,2024-09-20T07:08:27.000000Z
2024,264.2975462962963,43.11722,-79.05989,2024-09-20T07:08:28.000000Z
2024,264.2975578703704,43.11722,-79.05988,2024-09-20T07:08:29.000000Z
2024,264.3078703703704,43.11739,-79.05992,2024-09-20T07:23:20.000000Z
2024,264.30788194444443,43.1174,-79.05992,2024-09-20T07:23:21.000000Z
2024,264.30789351851854,43.1174,-79.05992,2024-09-20T07:23:22.000000Z
2024,264.3079050925926,43.11741,-79.05992,2024-09-20T07:23:23.000000Z
2024,264.3079166666667,43.1174,-79.05992,2024-09-20T07:23:24.000000Z
2024,264.30792824074075,43.11741,-79.05992,2024-09-20T07:23:25.000000Z
2024,264.3079398148148,43.11742,-79.05993,2024-09-20T07:23:26.000000Z
2024,264.3079513888889,43.11743,-79.05992,2024-09-20T07:23:27.000000Z
2024,264.30796296296296,43.11743,-79.05992,2024-09-20T07:23:28.000000Z
2024,264.30797453703707,43.11743,-79.05992,2024-09-20T07:23:29.000000Z
2024,264.3079861111111,43.11743,-79.05992,2024-09-20T07:23:30.000000Z
2024,264.30799768518517,43.11743,-79.05992,2024-09-20T07:23:31.000000Z
2024,264.3080092592593,43.11742,-79.05992,2024-09-20T07:23:32.000000Z
2024,264.30802083333333,43.11742,-79.05992,2024-09-20T07:23:33.000000Z
2024,264.30803240740744,43.11741,-79.05992,2024-09-20T07:23:34.000000Z
2024,264.3080439814815,43.1174,-79.05992,2024-09-20T07:23:35.000000Z
2024,264.3080555555556,43.1174,-79.05992,2024-09-20T07:23:36.000000Z
2024,264.30806712962965,43.1174,-79.05992,2024-09-20T07:23:37.000000Z
2024,264.3080787037037,43.1174,-79.05992,2024-09-20T07:23:38.000000Z
2024,264.3080902777778,43.1174,-79.05992,2024-09-20T07:23:39.000000Z
2024,264.31825231481486,43.11733,-79.05973,2024-09-20T07:38:17.000000Z
2024,264.3182638888889,43.11732,-79.05973,2024-09-20T07:38:18.000000Z
2024,264.318275462963,43.11731,-79.05973,2024-09-20T07:38:19.000000Z
2024,264.31828703703707,43.11731,-79.05973,2024-09-20T07:38:20.000000Z
2024,264.3182986111111,43.11732,-79.05972,2024-09-20T07:38:21.000000Z
2024,264.3183101851852,43.11732,-79.05972,2024-09-20T07:38:22.000000Z
2024,264.3183217592593,43.11732,-79.05972,2024-09-20T07:38:23.000000Z
2024,264.3183333333334,43.11733,-79.05971,2024-09-20T07:38:24.000000Z
2024,264.31834490740744,43.11734,-79.05971,2024-09-20T07:38:25.000000Z
2024,264.3183564814815,43.11735,-79.0597,2024-09-20T07:38:26.000000Z
2024,264.3183680555556,43.11735,-79.0597,2024-09-20T07:38:27.000000Z
2024,264.31837962962965,43.11737,-79.0597,2024-09-20T07:38:28.000000Z
2024,264.31839120370375,43.11737,-79.05969,2024-09-20T07:38:29.000000Z
2024,264.3184027777778,43.11738,-79.05969,2024-09-20T07:38:30.000000Z
2024,264.31841435185186,43.11739,-79.05966,2024-09-20T07:38:31.000000Z
2024,264.31842592592596,43.1174,-79.05966,2024-09-20T07:38:32.000000Z
2024,264.3184375,43.11741,-79.05966,2024-09-20T07:38:33.000000Z
2024,264.3184490740741,43.11742,-79.05965,2024-09-20T07:38:34.000000Z
2024,264.3184606481482,43.11742,-79.05964,2024-09-20T07:38:35.000000Z
2024,264.3184722222223,43.11743,-79.05963,2024-09-20T07:38:36.000000Z
2024,264.3286111111111,43.11739,-79.05982,2024-09-20T07:53:12.000000Z
2024,264.32862268518517,43.11739,-79.05986,2024-09-20T07:53:13.000000Z
2024,264.3286342592593,43.1174,-79.05989,2024-09-20T07:53:14.000000Z
2024,264.3286458333333,43.1174,-79.05991,2024-09-20T07:53:15.000000Z
2024,264.3286574074074,43.11741,-79.05993,2024-09-20T07:53:16.000000Z
2024,264.3286689814815,43.11741,-79.05995,2024-09-20T07:53:17.000000Z
2024,264.32868055555554,43.11742,-79.05996,2024-09-20T07:53:18.000000Z
2024,264.32869212962964,43.11742,-79.05998,2024-09-20T07:53:19.000000Z
2024,264.3287037037037,43.11742,-79.05998,2024-09-20T07:53:20.000000Z
2024,264.32871527777775,43.11742,-79.05999,2024-09-20T07:53:21.000000Z
2024,264.32872685185185,43.11742,-79.05999,2024-09-20T07:53:22.000000Z
2024,264.3287384259259,43.11742,-79.05998,2024-09-20T07:53:23.000000Z
2024,264.32875,43.11742,-79.05998,2024-09-20T07:53:24.000000Z
2024,264.32876157407406,43.11741,-79.05998,2024-09-20T07:53:25.000000Z
2024,264.3287731481481,43.11741,-79.05998,2024-09-20T07:53:26.000000Z
2024,264.3287847222222,43.11741,-79.05997,2024-09-20T07:53:27.000000Z
2024,264.3287962962963,43.11741,-79.05996,2024-09-20T07:53:28.000000Z
2024,264.3288078703704,43.11741,-79.05995,2024-09-20T07:53:29.000000Z
2024,264.32881944444443,43.1174,-79.05995,2024-09-20T07:53:30.000000Z
2024,264.3288310185185,43.11738,-79.05977,2024-09-20T07:53:31.000000Z
2024,264.3389699074074,43.1174,-79.05978,2024-09-20T08:08:07.000000Z
2024,264.3389814814814,43.11739,-79.05977,2024-09-20T08:08:08.000000Z
2024,264.33899305555553,43.11738,-79.05976,2024-09-20T08:08:09.000000Z
2024,264.3390046296296,43.11738,-79.05976,2024-09-20T08:08:10.000000Z
2024,264.33901620370364,43.11737,-79.05975,2024-09-20T08:08:11.000000Z
2024,264.33902777777774,43.11737,-79.05974,2024-09-20T08:08:12.000000Z
2024,264.3390393518518,43.11737,-79.05973,2024-09-20T08:08:13.000000Z
2024,264.3390509259259,43.11737,-79.05973,2024-09-20T08:08:14.000000Z
2024,264.33906249999995,43.11736,-79.05973,2024-09-20T08:08:15.000000Z
2024,264.339074074074,43.11736,-79.05973,2024-09-20T08:08:16.000000Z
2024,264.3391087962963,43.11737,-79.05973,2024-09-20T08:08:19.000000Z
2024,264.3391203703703,43.11737,-79.05973,2024-09-20T08:08:20.000000Z
2024,264.3391319444444,43.11737,-79.05973,2024-09-20T08:08:21.000000Z
2024,264.3391435185185,43.11737,-79.05973,2024-09-20T08:08:22.000000Z
2024,264.33915509259253,43.11737,-79.05973,2024-09-20T08:08:23.000000Z
2024,264.33916666666664,43.11737,-79.05973,2024-09-20T08:08:24.000000Z
2024,264.3391782407407,43.11737,-79.05973,2024-09-20T08:08:25.000000Z
2024,264.3392592592592,43.11737,-79.05973,2024-09-20T08:08:32.000000Z
2024,264.3392708333333,43.11737,-79.05973,2024-09-20T08:08:33.000000Z
2024,264.34938657407406,43.11743,-79.05971,2024-09-20T08:23:07.000000Z
2024,264.3493981481481,43.11743,-79.05972,2024-09-20T08:23:08.000000Z
2024,264.3494097222222,43.11742,-79.05973,2024-09-20T08:23:09.000000Z
2024,264.34942129629627,43.11739,-79.0597,2024-09-20T08:23:10.000000Z
2024,264.3494328703703,43.11738,-79.0597,2024-09-20T08:23:11.000000Z
2024,264.34944444444443,43.11737,-79.0597,2024-09-20T08:23:12.000000Z
2024,264.3494560185185,43.11736,-79.05971,2024-09-20T08:23:13.000000Z
2024,264.3494675925926,43.11737,-79.05971,2024-09-20T08:23:14.000000Z
2024,264.34947916666664,43.11737,-79.05972,2024-09-20T08:23:15.000000Z
2024,264.3494907407407,43.11738,-79.05972,2024-09-20T08:23:16.000000Z
2024,264.3495023148148,43.11738,-79.05973,2024-09-20T08:23:17.000000Z
2024,264.34951388888885,43.11739,-79.05973,2024-09-20T08:23:18.000000Z
2024,264.34952546296296,43.11739,-79.05973,2024-09-20T08:23:19.000000Z
2024,264.349537037037,43.11739,-79.05973,2024-09-20T08:23:20.000000Z
2024,264.34954861111106,43.11739,-79.05973,2024-09-20T08:23:21.000000Z
2024,264.34956018518517,43.11739,-79.05973,2024-09-20T08:23:22.000000Z
2024,264.3495717592592,43.11739,-79.05973,2024-09-20T08:23:23.000000Z
2024,264.3495833333333,43.11739,-79.05973,2024-09-20T08:23:24.000000Z
2024,264.3495949074074,43.11739,-79.05973,2024-09-20T08:23:25.000000Z
2024,264.35980324074075,43.11725,-79.05964,2024-09-20T08:38:07.000000Z
2024,264.3598148148148,43.11724,-79.05965,2024-09-20T08:38:08.000000Z
2024,264.3598263888889,43.11724,-79.05966,2024-09-20T08:38:09.000000Z
2024,264.35983796296296,43.11723,-79.05968,2024-09-20T08:38:10.000000Z
2024,264.359849537037,43.11722,-79.05968,2024-09-20T08:38:11.000000Z
2024,264.3598611111111,43.11722,-79.05968,2024-09-20T08:38:12.000000Z
2024,264.35987268518517,43.11722,-79.05968,2024-09-20T08:38:13.000000Z
2024,264.3598842592593,43.11722,-79.05969,2024-09-20T08:38:14.000000Z
2024,264.3598958333333,43.11722,-79.05969,2024-09-20T08:38:15.000000Z
2024,264.3599074074074,43.11723,-79.05969,2024-09-20T08:38:16.000000Z
2024,264.3599189814815,43.11723,-79.05969,2024-09-20T08:38:17.000000Z
2024,264.35993055555554,43.11723,-79.05969,2024-09-20T08:38:18.000000Z
2024,264.35994212962964,43.11724,-79.05969,2024-09-20T08:38:19.000000Z
2024,264.3599537037037,43.11724,-79.05969,2024-09-20T08:38:20.000000Z
2024,264.35996527777775,43.11724,-79.05969,2024-09-20T08:38:21.000000Z
2024,264.3600231481481,43.11726,-79.0597,2024-09-20T08:38:26.000000Z
2024,264.3600347222222,43.11726,-79.0597,2024-09-20T08:38:27.000000Z
2024,264.3600462962963,43.11726,-79.0597,2024-09-20T08:38:28.000000Z
2024,264.3600578703704,43.11726,-79.0597,2024-09-20T08:38:29.000000Z
2024,264.3702199074074,43.11728,-79.05968,2024-09-20T08:53:07.000000Z
2024,264.3702314814814,43.11728,-79.05968,2024-09-20T08:53:08.000000Z
2024,264.37024305555553,43.11727,-79.05969,2024-09-20T08:53:09.000000Z
2024,264.3702546296296,43.11729,-79.05969,2024-09-20T08:53:10.000000Z
2024,264.37026620370364,43.11729,-79.05969,2024-09-20T08:53:11.000000Z
2024,264.37027777777774,43.1173,-79.0597,2024-09-20T08:53:12.000000Z
2024,264.3702893518518,43.1173,-79.0597,2024-09-20T08:53:13.000000Z
2024,264.3703009259259,43.1173,-79.0597,2024-09-20T08:53:14.000000Z
2024,264.37031249999995,43.1173,-79.0597,2024-09-20T08:53:15.000000Z
2024,264.370324074074,43.11731,-79.05971,2024-09-20T08:53:16.000000Z
2024,264.3703356481481,43.11731,-79.05972,2024-09-20T08:53:17.000000Z
2024,264.37034722222216,43.11732,-79.05973,2024-09-20T08:53:18.000000Z
2024,264.3703587962963,43.11732,-79.05973,2024-09-20T08:53:19.000000Z
2024,264.3703703703703,43.11732,-79.05973,2024-09-20T08:53:20.000000Z
2024,264.3703819444444,43.11732,-79.05973,2024-09-20T08:53:21.000000Z
2024,264.3703935185185,43.11732,-79.05973,2024-09-20T08:53:22.000000Z
2024,264.37040509259253,43.11732,-79.05973,2024-09-20T08:53:23.000000Z
2024,264.37041666666664,43.11732,-79.05973,2024-09-20T08:53:24.000000Z
2024,264.3704282407407,43.11732,-79.05973,2024-09-20T08:53:25.000000Z
2024,264.38063657407406,43.11716,-79.05966,2024-09-20T09:08:07.000000Z
2024,264.3806481481481,43.11716,-79.05966,2024-09-20T09:08:08.000000Z
2024,264.3806597222222,43.11716,-79.05966,2024-09-20T09:08:09.000000Z
2024,264.38067129629627,43.11721,-79.05966,2024-09-20T09:08:10.000000Z
2024,264.3806828703703,43.11723,-79.05966,2024-09-20T09:08:11.000000Z
2024,264.38069444444443,43.11724,-79.05968,2024-09-20T09:08:12.000000Z
2024,264.3807060185185,43.11724,-79.05968,2024-09-20T09:08:13.000000Z
2024,264.3807175925926,43.11725,-79.05968,2024-09-20T09:08:14.000000Z
2024,264.38072916666664,43.11725,-79.05968,2024-09-20T09:08:15.000000Z
2024,264.3807407407407,43.11725,-79.05969,2024-09-20T09:08:16.000000Z
2024,264.3807523148148,43.11725,-79.05969,2024-09-20T09:08:17.000000Z
2024,264.38076388888885,43.11725,-79.0597,2024-09-20T09:08:18.000000Z
2024,264.38077546296296,43.11725,-79.0597,2024-09-20T09:08:19.000000Z
2024,264.380787037037,43.11726,-79.0597,2024-09-20T09:08:20.000000Z
2024,264.38079861111106,43.11726,-79.0597,2024-09-20T09:08:21.000000Z
2024,264.38081018518517,43.11726,-79.0597,2024-09-20T09:08:22.000000Z
2024,264.3808217592592,43.11726,-79.0597,2024-09-20T09:08:23.000000Z
2024,264.3808333333333,43.11726,-79.0597,2024-09-20T09:08:24.000000Z
2024,264.3808449074074,43.11726,-79.0597,2024-09-20T09:08:25.000000Z
2024,264.39105324074075,43.11729,-79.05968,2024-09-20T09:23:07.000000Z
2024,264.3910648148148,43.11729,-79.05969,2024-09-20T09:23:08.000000Z
2024,264.3910763888889,43.11729,-79.05969,2024-09-20T09:23:09.000000Z
2024,264.39108796296296,43.11729,-79.0597,2024-09-20T09:23:10.000000Z
2024,264.391099537037,43.11729,-79.0597,2024-09-20T09:23:11.000000Z
2024,264.3911111111111,43.11728,-79.0597,2024-09-20T09:23:12.000000Z
2024,264.39112268518517,43.11728,-79.0597,2024-09-20T09:23:13.000000Z
2024,264.3911342592593,43.11728,-79.05971,2024-09-20T09:23:14.000000Z
2024,264.3911458333333,43.11727,-79.05971,2024-09-20T09:23:15.000000Z
2024,264.3911574074074,43.11727,-79.05971,2024-09-20T09:23:16.000000Z
2024,264.3911689814815,43.11727,-79.05972,2024-09-20T09:23:17.000000Z
2024,264.39118055555554,43.11727,-79.05972,2024-09-20T09:23:18.000000Z
2024,264.39119212962964,43.11727,-79.05973,2024-09-20T09:23:19.000000Z
2024,264.3912037037037,43.11727,-79.05973,2024-09-20T09:23:20.000000Z
2024,264.39121527777775,43.11727,-79.05973,2024-09-20T09:23:21.000000Z
2024,264.39122685185185,43.11727,-79.05973,2024-09-20T09:23:22.000000Z
2024,264.3912384259259,43.11727,-79.05974,2024-09-20T09:23:23.000000Z
2024,264.39125,43.11727,-79.05974,2024-09-20T09:23:24.000000Z
2024,264.39126157407406,43.11727,-79.05974,2024-09-20T09:23:25.000000Z
2024,264.40146990740743,43.11727,-79.05973,2024-09-20T09:38:07.000000Z
2024,264.4014814814815,43.11727,-79.05973,2024-09-20T09:38:08.000000Z
2024,264.4014930555556,43.11727,-79.05973,2024-09-20T09:38:09.000000Z
2024,264.40150462962964,43.11726,-79.05972,2024-09-20T09:38:10.000000Z
2024,264.4015162037037,43.11726,-79.05972,2024-09-20T09:38:11.000000Z
2024,264.4015277777778,43.11725,-79.05972,2024-09-20T09:38:12.000000Z
2024,264.40153935185185,43.11725,-79.05972,2024-09-20T09:38:13.000000Z
2024,264.40155092592596,43.11724,-79.05972,2024-09-20T09:38:14.000000Z
2024,264.4015625,43.11724,-79.05971,2024-09-20T09:38:15.000000Z
2024,264.40157407407406,43.11723,-79.05971,2024-09-20T09:38:16.000000Z
2024,264.40158564814817,43.11722,-79.0597,2024-09-20T09:38:17.000000Z
2024,264.4015972222222,43.11722,-79.0597,2024-09-20T09:38:18.000000Z
2024,264.40160879629633,43.11722,-79.0597,2024-09-20T09:38:19.000000Z
2024,264.4016203703704,43.11722,-79.0597,2024-09-20T09:38:20.000000Z
2024,264.40163194444443,43.11722,-79.0597,2024-09-20T09:38:21.000000Z
2024,264.40164351851854,43.11722,-79.0597,2024-09-20T09:38:22.000000Z
2024,264.4016550925926,43.11722,-79.0597,2024-09-20T09:38:23.000000Z
2024,264.4016666666667,43.11722,-79.05969,2024-09-20T09:38:24.000000Z
2024,264.40167824074075,43.11722,-79.05969,2024-09-20T09:38:25.000000Z
2024,264.41188657407406,43.11723,-79.05966,2024-09-20T09:53:07.000000Z
2024,264.4118981481481,43.11722,-79.05966,2024-09-20T09:53:08.000000Z
2024,264.4119097222222,43.11722,-79.05966,2024-09-20T09:53:09.000000Z
2024,264.41192129629627,43.11721,-79.05966,2024-09-20T09:53:10.000000Z
2024,264.4119328703703,43.1172,-79.05966,2024-09-20T09:53:11.000000Z
2024,264.41194444444443,43.11719,-79.05966,2024-09-20T09:53:12.000000Z
2024,264.4119560185185,43.11719,-79.05966,2024-09-20T09:53:13.000000Z
2024,264.4119675925926,43.11719,-79.05966,2024-09-20T09:53:14.000000Z
2024,264.41197916666664,43.11719,-79.05966,2024-09-20T09:53:15.000000Z
2024,264.4119907407407,43.11719,-79.05966,2024-09-20T09:53:16.000000Z
2024,264.4120023148148,43.11719,-79.05966,2024-09-20T09:53:17.000000Z
2024,264.41201388888885,43.11719,-79.05966,2024-09-20T09:53:18.000000Z
2024,264.41202546296296,43.11719,-79.05966,2024-09-20T09:53:19.000000Z
2024,264.412037037037,43.11719,-79.05967,2024-09-20T09:53:20.000000Z
2024,264.41204861111106,43.1172,-79.05967,2024-09-20T09:53:21.000000Z
2024,264.41206018518517,43.1172,-79.05967,2024-09-20T09:53:22.000000Z
2024,264.4120717592592,43.1172,-79.05968,2024-09-20T09:53:23.000000Z
2024,264.4120833333333,43.1172,-79.05968,2024-09-20T09:53:24.000000Z
2024,264.4120949074074,43.1172,-79.05968,2024-09-20T09:53:25.000000Z
2024,264.42230324074075,43.11707,-79.05973,2024-09-20T10:08:07.000000Z
2024,264.4223148148148,43.11708,-79.05973,2024-09-20T10:08:08.000000Z
2024,264.4223263888889,43.11709,-79.05973,2024-09-20T10:08:09.000000Z
2024,264.42233796296296,43.11715,-79.05974,2024-09-20T10:08:10.000000Z
2024,264.422349537037,43.11722,-79.05976,2024-09-20T10:08:11.000000Z
2024,264.4223611111111,43.11725,-79.05976,2024-09-20T10:08:12.000000Z
2024,264.42237268518517,43.11727,-79.05976,2024-09-20T10:08:13.000000Z
2024,264.4223842592593,43.11728,-79.05976,2024-09-20T10:08:14.000000Z
2024,264.4223958333333,43.11729,-79.05976,2024-09-20T10:08:15.000000Z
2024,264.4224074074074,43.1173,-79.05976,2024-09-20T10:08:16.000000Z
2024,264.4224189814815,43.11731,-79.05976,2024-09-20T10:08:17.000000Z
2024,264.42243055555554,43.11731,-79.05976,2024-09-20T10:08:18.000000Z
2024,264.42244212962964,43.11731,-79.05976,2024-09-20T10:08:19.000000Z
2024,264.4224537037037,43.11732,-79.05976,2024-09-20T10:08:20.000000Z
2024,264.42246527777775,43.11732,-79.05976,2024-09-20T10:08:21.000000Z
2024,264.42247685185185,43.11732,-79.05976,2024-09-20T10:08:22.000000Z
2024,264.4224884259259,43.11732,-79.05976,2024-09-20T10:08:23.000000Z
2024,264.4225,43.11732,-79.05976,2024-09-20T10:08:24.000000Z
2024,264.42251157407406,43.11732,-79.05976,2024-09-20T10:08:25.000000Z
2024,264.43271990740743,43.11735,-79.05978,2024-09-20T10:23:07.000000Z
2024,264.4327314814815,43.11735,-79.05978,2024-09-20T10:23:08.000000Z
2024,264.4327430555556,43.11735,-79.05978,2024-09-20T10:23:09.000000Z
2024,264.43275462962964,43.11732,-79.05976,2024-09-20T10:23:10.000000Z
2024,264.4327662037037,43.11731,-79.05976,2024-09-20T10:23:11.000000Z
2024,264.4327777777778,43.1173,-79.05974,2024-09-20T10:23:12.000000Z
2024,264.43278935185185,43.11729,-79.05973,2024-09-20T10:23:13.000000Z
2024,264.43280092592596,43.11729,-79.05973,2024-09-20T10:23:14.000000Z
2024,264.4328125,43.11728,-79.05972,2024-09-20T10:23:15.000000Z
2024,264.43282407407406,43.11727,-79.05972,2024-09-20T10:23:16.000000Z
2024,264.43283564814817,43.11727,-79.05971,2024-09-20T10:23:17.000000Z
2024,264.4328472222222,43.11726,-79.05971,2024-09-20T10:23:18.000000Z
2024,264.43285879629633,43.11726,-79.05971,2024-09-20T10:23:19.000000Z
2024,264.4328703703704,43.11726,-79.05971,2024-09-20T10:23:20.000000Z
2024,264.43288194444443,43.11726,-79.05971,2024-09-20T10:23:21.000000Z
2024,264.43289351851854,43.11726,-79.05971,2024-09-20T10:23:22.000000Z
2024,264.4329050925926,43.11726,-79.05971,2024-09-20T10:23:23.000000Z
2024,264.4329166666667,43.11726,-79.05971,2024-09-20T10:23:24.000000Z
2024,264.43292824074075,43.11726,-79.05971,2024-09-20T10:23:25.000000Z
2024,264.4431365740741,43.11727,-79.05959,2024-09-20T10:38:07.000000Z
2024,264.44314814814817,43.11726,-79.0596,2024-09-20T10:38:08.000000Z
2024,264.4431597222223,43.11723,-79.05963,2024-09-20T10:38:09.000000Z
2024,264.4431712962963,43.11722,-79.05964,2024-09-20T10:38:10.000000Z
2024,264.4431828703704,43.11723,-79.05965,2024-09-20T10:38:11.000000Z
2024,264.4431944444445,43.11723,-79.05966,2024-09-20T10:38:12.000000Z
2024,264.44320601851854,43.11724,-79.05966,2024-09-20T10:38:13.000000Z
2024,264.44321759259265,43.11724,-79.05966,2024-09-20T10:38:14.000000Z
2024,264.4432291666667,43.11725,-79.05966,2024-09-20T10:38:15.000000Z
2024,264.44324074074075,43.11726,-79.05967,2024-09-20T10:38:16.000000Z
2024,264.44325231481486,43.11727,-79.05967,2024-09-20T10:38:17.000000Z
2024,264.4432638888889,43.11727,-79.05968,2024-09-20T10:38:18.000000Z
2024,264.443275462963,43.11727,-79.05969,2024-09-20T10:38:19.000000Z
2024,264.44328703703707,43.11727,-79.05969,2024-09-20T10:38:20.000000Z
2024,264.4432986111111,43.11727,-79.0597,2024-09-20T10:38:21.000000Z
2024,264.4433101851852,43.11727,-79.0597,2024-09-20T10:38:22.000000Z
2024,264.4433217592593,43.11727,-79.0597,2024-09-20T10:38:23.000000Z
2024,264.4433333333334,43.11727,-79.0597,2024-09-20T10:38:24.000000Z
2024,264.44334490740744,43.11727,-79.0597,2024-09-20T10:38:25.000000Z
2024,264.45358796296296,43.1173,-79.05971,2024-09-20T10:53:10.000000Z
2024,264.453599537037,43.11734,-79.05968,2024-09-20T10:53:11.000000Z
2024,264.4536111111111,43.11736,-79.05968,2024-09-20T10:53:12.000000Z
2024,264.45362268518517,43.11737,-79.05968,2024-09-20T10:53:13.000000Z
2024,264.4536342592593,43.11737,-79.05969,2024-09-20T10:53:14.000000Z
2024,264.4536458333333,43.11737,-79.05969,2024-09-20T10:53:15.000000Z
2024,264.4536574074074,43.11737,-79.05969,2024-09-20T10:53:16.000000Z
2024,264.4536689814815,43.11737,-79.05969,2024-09-20T10:53:17.000000Z
2024,264.45368055555554,43.11737,-79.05969,2024-09-20T10:53:18.000000Z
2024,264.45369212962964,43.11737,-79.05969,2024-09-20T10:53:19.000000Z
2024,264.4537037037037,43.11737,-79.05968,2024-09-20T10:53:20.000000Z
2024,264.45371527777775,43.11737,-79.05968,2024-09-20T10:53:21.000000Z
2024,264.45372685185185,43.11736,-79.05967,2024-09-20T10:53:22.000000Z
2024,264.4537384259259,43.11736,-79.05967,2024-09-20T10:53:23.000000Z
2024,264.45375,43.11736,-79.05966,2024-09-20T10:53:24.000000Z
2024,264.45376157407406,43.11736,-79.05966,2024-09-20T10:53:25.000000Z
2024,264.4537731481481,43.11736,-79.05966,2024-09-20T10:53:26.000000Z
2024,264.4537847222222,43.11736,-79.05965,2024-09-20T10:53:27.000000Z
2024,264.4537962962963,43.11736,-79.05964,2024-09-20T10:53:28.000000Z
2024,264.4538078703704,43.11736,-79.05964,2024-09-20T10:53:29.000000Z
2024,264.46395833333327,43.11742,-79.05988,2024-09-20T11:08:06.000000Z
2024,264.4639699074074,43.11742,-79.05989,2024-09-20T11:08:07.000000Z
2024,264.4639814814814,43.11738,-79.05985,2024-09-20T11:08:08.000000Z
2024,264.46399305555553,43.11735,-79.05982,2024-09-20T11:08:09.000000Z
2024,264.4640046296296,43.11733,-79.05982,2024-09-20T11:08:10.000000Z
2024,264.46401620370364,43.11732,-79.05982,2024-09-20T11:08:11.000000Z
2024,264.46402777777774,43.11732,-79.05982,2024-09-20T11:08:12.000000Z
2024,264.4640393518518,43.1173,-79.05982,2024-09-20T11:08:13.000000Z
2024,264.4640509259259,43.11729,-79.05982,2024-09-20T11:08:14.000000Z
2024,264.46406249999995,43.11729,-79.05982,2024-09-20T11:08:15.000000Z
2024,264.464074074074,43.11728,-79.05984,2024-09-20T11:08:16.000000Z
2024,264.4640856481481,43.11727,-79.05984,2024-09-20T11:08:17.000000Z
2024,264.46409722222216,43.11727,-79.05984,2024-09-20T11:08:18.000000Z
2024,264.4641087962963,43.11727,-79.05984,2024-09-20T11:08:19.000000Z
2024,264.4641203703703,43.11727,-79.05984,2024-09-20T11:08:20.000000Z
2024,264.4641319444444,43.11727,-79.05984,2024-09-20T11:08:21.000000Z
2024,264.4641435185185,43.11727,-79.05984,2024-09-20T11:08:22.000000Z
2024,264.46415509259253,43.11727,-79.05984,2024-09-20T11:08:23.000000Z
2024,264.46416666666664,43.11727,-79.05983,2024-09-20T11:08:24.000000Z
2024,264.4641782407407,43.11727,-79.05983,2024-09-20T11:08:25.000000Z
2024,264.47437499999995,43.11722,-79.05976,2024-09-20T11:23:06.000000Z
2024,264.47438657407406,43.11722,-79.05976,2024-09-20T11:23:07.000000Z
2024,264.4743981481481,43.11722,-79.05976,2024-09-20T11:23:08.000000Z
2024,264.4744097222222,43.11722,-79.05976,2024-09-20T11:23:09.000000Z
2024,264.47442129629627,43.11722,-79.05977,2024-09-20T11:23:10.000000Z
2024,264.4744328703703,43.11723,-79.05976,2024-09-20T11:23:11.000000Z
2024,264.47444444444443,43.11723,-79.05976,2024-09-20T11:23:12.000000Z
2024,264.4744675925926,43.11724,-79.05976,2024-09-20T11:23:14.000000Z
2024,264.47447916666664,43.11724,-79.05976,2024-09-20T11:23:15.000000Z
2024,264.4744907407407,43.11725,-79.05975,2024-09-20T11:23:16.000000Z
2024,264.4745023148148,43.11726,-79.05975,2024-09-20T11:23:17.000000Z
2024,264.47451388888885,43.11726,-79.05974,2024-09-20T11:23:18.000000Z
2024,264.47452546296296,43.11727,-79.05974,2024-09-20T11:23:19.000000Z
2024,264.474537037037,43.11727,-79.05974,2024-09-20T11:23:20.000000Z
2024,264.47454861111106,43.11727,-79.05974,2024-09-20T11:23:21.000000Z
2024,264.47456018518517,43.11727,-79.05973,2024-09-20T11:23:22.000000Z
2024,264.4745717592592,43.11727,-79.05973,2024-09-20T11:23:23.000000Z
2024,264.4745833333333,43.11727,-79.05973,2024-09-20T11:23:24.000000Z
2024,264.4745949074074,43.11728,-79.05973,2024-09-20T11:23:25.000000Z
2024,264.48479166666664,43.11738,-79.05956,2024-09-20T11:38:06.000000Z
2024,264.48480324074075,43.11737,-79.05958,2024-09-20T11:38:07.000000Z
2024,264.4848148148148,43.11737,-79.05959,2024-09-20T11:38:08.000000Z
2024,264.4848263888889,43.11738,-79.0596,2024-09-20T11:38:09.000000Z
2024,264.48483796296296,43.11738,-79.0596,2024-09-20T11:38:10.000000Z
2024,264.484849537037,43.11738,-79.0596,2024-09-20T11:38:11.000000Z
2024,264.4848611111111,43.11739,-79.05961,2024-09-20T11:38:12.000000Z
2024,264.48487268518517,43.11739,-79.05961,2024-09-20T11:38:13.000000Z
2024,264.4848842592593,43.1174,-79.05961,2024-09-20T11:38:14.000000Z
2024,264.4848958333333,43.1174,-79.05961,2024-09-20T11:38:15.000000Z
2024,264.4849074074074,43.1174,-79.05962,2024-09-20T11:38:16.000000Z
2024,264.4849189814815,43.1174,-79.05962,2024-09-20T11:38:17.000000Z
2024,264.48493055555554,43.1174,-79.05962,2024-09-20T11:38:18.000000Z
2024,264.48494212962964,43.11741,-79.05962,2024-09-20T11:38:19.000000Z
2024,264.4849537037037,43.11741,-79.05962,2024-09-20T11:38:20.000000Z
2024,264.48496527777775,43.11741,-79.05961,2024-09-20T11:38:21.000000Z
2024,264.48497685185185,43.11741,-79.05961,2024-09-20T11:38:22.000000Z
2024,264.4849884259259,43.11741,-79.0596,2024-09-20T11:38:23.000000Z
2024,264.485,43.11742,-79.0596,2024-09-20T11:38:24.000000Z
2024,264.48501157407406,43.11742,-79.0596,2024-09-20T11:38:25.000000Z
2024,264.4952893518518,43.11743,-79.05976,2024-09-20T11:53:13.000000Z
2024,264.4953009259259,43.11743,-79.05975,2024-09-20T11:53:14.000000Z
2024,264.49531249999995,43.11743,-79.05974,2024-09-20T11:53:15.000000Z
2024,264.495324074074,43.11743,-79.05973,2024-09-20T11:53:16.000000Z
2024,264.4953356481481,43.11743,-79.05972,2024-09-20T11:53:17.000000Z
2024,264.49534722222216,43.11742,-79.05972,2024-09-20T11:53:18.000000Z
2024,264.4953587962963,43.11742,-79.0597,2024-09-20T11:53:19.000000Z
2024,264.4953703703703,43.11742,-79.0597,2024-09-20T11:53:20.000000Z
2024,264.4953819444444,43.11742,-79.0597,2024-09-20T11:53:21.000000Z
2024,264.4953935185185,43.11742,-79.05969,2024-09-20T11:53:22.000000Z
2024,264.49540509259253,43.11741,-79.05969,2024-09-20T11:53:23.000000Z
2024,264.49541666666664,43.11741,-79.05968,2024-09-20T11:53:24.000000Z
2024,264.49543981481474,43.1174,-79.05968,2024-09-20T11:53:26.000000Z
2024,264.49545138888885,43.1174,-79.05967,2024-09-20T11:53:27.000000Z
2024,264.4954629629629,43.1174,-79.05967,2024-09-20T11:53:28.000000Z
2024,264.495474537037,43.1174,-79.05967,2024-09-20T11:53:29.000000Z
2024,264.49548611111106,43.11739,-79.05967,2024-09-20T11:53:30.000000Z
2024,264.4954976851851,43.11739,-79.05967,2024-09-20T11:53:31.000000Z
2024,264.4955092592592,43.11739,-79.05967,2024-09-20T11:53:32.000000Z
2024,264.50590277777775,43.11732,-79.05951,2024-09-20T12:08:30.000000Z
2024,264.5059143518518,43.11732,-79.05948,2024-09-20T12:08:31.000000Z
2024,264.5059259259259,43.11732,-79.05948,2024-09-20T12:08:32.000000Z
2024,264.50593749999996,43.11732,-79.05948,2024-09-20T12:08:33.000000Z
2024,264.50594907407407,43.11732,-79.05949,2024-09-20T12:08:34.000000Z
2024,264.5059606481481,43.11732,-79.0595,2024-09-20T12:08:35.000000Z
2024,264.5059722222222,43.11733,-79.0595,2024-09-20T12:08:36.000000Z
2024,264.5059837962963,43.11733,-79.0595,2024-09-20T12:08:37.000000Z
2024,264.50599537037033,43.11734,-79.0595,2024-09-20T12:08:38.000000Z
2024,264.50600694444444,43.11734,-79.05951,2024-09-20T12:08:39.000000Z
2024,264.5060185185185,43.11734,-79.05961,2024-09-20T12:08:40.000000Z
2024,264.5060300925926,43.11734,-79.05965,2024-09-20T12:08:41.000000Z
2024,264.50604166666665,43.11734,-79.05966,2024-09-20T12:08:42.000000Z
2024,264.5060532407407,43.11734,-79.05968,2024-09-20T12:08:43.000000Z
2024,264.5060648148148,43.11734,-79.05969,2024-09-20T12:08:44.000000Z
2024,264.50607638888886,43.11735,-79.0597,2024-09-20T12:08:45.000000Z
2024,264.50608796296297,43.11735,-79.0597,2024-09-20T12:08:46.000000Z
2024,264.506099537037,43.11735,-79.05971,2024-09-20T12:08:47.000000Z
2024,264.50611111111107,43.11735,-79.05972,2024-09-20T12:08:48.000000Z
2024,264.5061226851852,43.11736,-79.05972,2024-09-20T12:08:49.000000Z
2024,264.5160300925926,43.1174,-79.05963,2024-09-20T12:23:05.000000Z
2024,264.51604166666664,43.1174,-79.05964,2024-09-20T12:23:06.000000Z
2024,264.51605324074075,43.11739,-79.05964,2024-09-20T12:23:07.000000Z
2024,264.5160648148148,43.11738,-79.05966,2024-09-20T12:23:08.000000Z
2024,264.5160763888889,43.11738,-79.05966,2024-09-20T12:23:09.000000Z
2024,264.51608796296296,43.11738,-79.05966,2024-09-20T12:23:10.000000Z
2024,264.516099537037,43.11737,-79.05965,2024-09-20T12:23:11.000000Z
2024,264.5161111111111,43.11736,-79.05964,2024-09-20T12:23:12.000000Z
2024,264.51612268518517,43.11735,-79.05964,2024-09-20T12:23:13.000000Z
2024,264.5161342592593,43.11735,-79.05963,2024-09-20T12:23:14.000000Z
2024,264.5161458333333,43.11735,-79.05963,2024-09-20T12:23:15.000000Z
2024,264.5161574074074,43.11734,-79.05963,2024-09-20T12:23:16.000000Z
2024,264.5161689814815,43.11734,-79.05963,2024-09-20T12:23:17.000000Z
2024,264.51618055555554,43.11734,-79.05963,2024-09-20T12:23:18.000000Z
2024,264.51619212962964,43.11734,-79.05964,2024-09-20T12:23:19.000000Z
2024,264.5162037037037,43.11733,-79.05964,2024-09-20T12:23:20.000000Z
2024,264.51621527777775,43.11733,-79.05964,2024-09-20T12:23:21.000000Z
2024,264.51622685185185,43.11733,-79.05965,2024-09-20T12:23:22.000000Z
2024,264.5162384259259,43.11732,-79.05965,2024-09-20T12:23:23.000000Z
2024,264.51625,43.11732,-79.05966,2024-09-20T12:23:24.000000Z
2024,264.5264467592593,43.11739,-79.05971,2024-09-20T12:38:05.000000Z
2024,264.5264583333333,43.11739,-79.05971,2024-09-20T12:38:06.000000Z
2024,264.52646990740743,43.11739,-79.05971,2024-09-20T12:38:07.000000Z
2024,264.5264814814815,43.11739,-79.05971,2024-09-20T12:38:08.000000Z
2024,264.5264930555556,43.11739,-79.05971,2024-09-20T12:38:09.000000Z
2024,264.52650462962964,43.11739,-79.05971,2024-09-20T12:38:10.000000Z
2024,264.5265162037037,43.11739,-79.05971,2024-09-20T12:38:11.000000Z
2024,264.5265277777778,43.11739,-79.05971,2024-09-20T12:38:12.000000Z
2024,264.52653935185185,43.1174,-79.0597,2024-09-20T12:38:13.000000Z
2024,264.52655092592596,43.1174,-79.0597,2024-09-20T12:38:14.000000Z
2024,264.5265625,43.1174,-79.05971,2024-09-20T12:38:15.000000Z
2024,264.52657407407406,43.1174,-79.05971,2024-09-20T12:38:16.000000Z
2024,264.52658564814817,43.1174,-79.05971,2024-09-20T12:38:17.000000Z
2024,264.5265972222222,43.1174,-79.05971,2024-09-20T12:38:18.000000Z
2024,264.52660879629633,43.1174,-79.05972,2024-09-20T12:38:19.000000Z
2024,264.5266203703704,43.1174,-79.05972,2024-09-20T12:38:20.000000Z
2024,264.52663194444443,43.1174,-79.05972,2024-09-20T12:38:21.000000Z
2024,264.52664351851854,43.1174,-79.05972,2024-09-20T12:38:22.000000Z
2024,264.5266550925926,43.11741,-79.05972,2024-09-20T12:38:23.000000Z
2024,264.5266666666667,43.1174,-79.05973,2024-09-20T12:38:24.000000Z
2024,264.5368634259259,43.11726,-79.05969,2024-09-20T12:53:05.000000Z
2024,264.53687499999995,43.11726,-79.0597,2024-09-20T12:53:06.000000Z
2024,264.53688657407406,43.11727,-79.0597,2024-09-20T12:53:07.000000Z
2024,264.5368981481481,43.11727,-79.0597,2024-09-20T12:53:08.000000Z
2024,264.5369097222222,43.11728,-79.05969,2024-09-20T12:53:09.000000Z
2024,264.53692129629627,43.11729,-79.05968,2024-09-20T12:53:10.000000Z
2024,264.5369328703703,43.11729,-79.05968,2024-09-20T12:53:11.000000Z
2024,264.53694444444443,43.1173,-79.05967,2024-09-20T12:53:12.000000Z
2024,264.5369560185185,43.1173,-79.05968,2024-09-20T12:53:13.000000Z
2024,264.5369675925926,43.1173,-79.05969,2024-09-20T12:53:14.000000Z
2024,264.53697916666664,43.1173,-79.05969,2024-09-20T12:53:15.000000Z
2024,264.5369907407407,43.1173,-79.05969,2024-09-20T12:53:16.000000Z
2024,264.5370023148148,43.1173,-79.05969,2024-09-20T12:53:17.000000Z
2024,264.53701388888885,43.1173,-79.05969,2024-09-20T12:53:18.000000Z
2024,264.53702546296296,43.1173,-79.05969,2024-09-20T12:53:19.000000Z
2024,264.537037037037,43.11731,-79.05969,2024-09-20T12:53:20.000000Z
2024,264.53704861111106,43.11731,-79.0597,2024-09-20T12:53:21.000000Z
2024,264.53706018518517,43.11731,-79.0597,2024-09-20T12:53:22.000000Z
2024,264.5370717592592,43.11731,-79.0597,2024-09-20T12:53:23.000000Z
2024,264.5370833333333,43.11731,-79.0597,2024-09-20T12:53:24.000000Z
2024,264.5472800925926,43.11738,-79.05981,2024-09-20T13:08:05.000000Z
2024,264.54729166666664,43.11737,-79.0598,2024-09-20T13:08:06.000000Z
2024,264.54730324074075,43.11737,-79.05981,2024-09-20T13:08:07.000000Z
2024,264.5473148148148,43.11736,-79.05981,2024-09-20T13:08:08.000000Z
2024,264.5473263888889,43.11736,-79.05981,2024-09-20T13:08:09.000000Z
2024,264.54733796296296,43.11735,-79.0598,2024-09-20T13:08:10.000000Z
2024,264.547349537037,43.11735,-79.0598,2024-09-20T13:08:11.000000Z
2024,264.5473611111111,43.11735,-79.0598,2024-09-20T13:08:12.000000Z
2024,264.54737268518517,43.11735,-79.0598,2024-09-20T13:08:13.000000Z
2024,264.5473842592593,43.11735,-79.0598,2024-09-20T13:08:14.000000Z
2024,264.5473958333333,43.11735,-79.05979,2024-09-20T13:08:15.000000Z
2024,264.5474074074074,43.11735,-79.05979,2024-09-20T13:08:16.000000Z
2024,264.5474189814815,43.11734,-79.05979,2024-09-20T13:08:17.000000Z
2024,264.54743055555554,43.11734,-79.05979,2024-09-20T13:08:18.000000Z
2024,264.54744212962964,43.11734,-79.05978,2024-09-20T13:08:19.000000Z
2024,264.5474537037037,43.11734,-79.05978,2024-09-20T13:08:20.000000Z
2024,264.54746527777775,43.11735,-79.05978,2024-09-20T13:08:21.000000Z
2024,264.54747685185185,43.11735,-79.05977,2024-09-20T13:08:22.000000Z
2024,264.5474884259259,43.11735,-79.05977,2024-09-20T13:08:23.000000Z
2024,264.5475,43.11735,-79.05977,2024-09-20T13:08:24.000000Z
2024,264.5576967592593,43.11738,-79.05972,2024-09-20T13:23:05.000000Z
2024,264.5577083333333,43.1174,-79.05971,2024-09-20T13:23:06.000000Z
2024,264.55771990740743,43.1174,-79.05972,2024-09-20T13:23:07.000000Z
2024,264.5577314814815,43.11742,-79.05973,2024-09-20T13:23:08.000000Z
2024,264.5577430555556,43.11742,-79.05973,2024-09-20T13:23:09.000000Z
2024,264.55775462962964,43.11742,-79.05973,2024-09-20T13:23:10.000000Z
2024,264.5577662037037,43.11742,-79.05973,2024-09-20T13:23:11.000000Z
2024,264.5577777777778,43.11742,-79.05973,2024-09-20T13:23:12.000000Z
2024,264.55778935185185,43.11742,-79.05973,2024-09-20T13:23:13.000000Z
2024,264.55780092592596,43.11742,-79.05973,2024-09-20T13:23:14.000000Z
2024,264.5578125,43.11742,-79.05974,2024-09-20T13:23:15.000000Z
2024,264.55782407407406,43.11741,-79.05974,2024-09-20T13:23:16.000000Z
2024,264.55783564814817,43.11741,-79.05975,2024-09-20T13:23:17.000000Z
2024,264.5578472222222,43.1174,-79.05976,2024-09-20T13:23:18.000000Z
2024,264.55785879629633,43.1174,-79.05976,2024-09-20T13:23:19.000000Z
2024,264.5578703703704,43.1174,-79.05977,2024-09-20T13:23:20.000000Z
2024,264.55788194444443,43.11739,-79.05978,2024-09-20T13:23:21.000000Z
2024,264.55789351851854,43.11739,-79.05979,2024-09-20T13:23:22.000000Z
2024,264.5579050925926,43.11739,-79.0598,2024-09-20T13:23:23.000000Z
2024,264.5579166666667,43.11738,-79.0598,2024-09-20T13:23:24.000000Z
2024,264.5681944444445,43.11744,-79.05976,2024-09-20T13:38:12.000000Z
2024,264.56820601851854,43.11743,-79.05974,2024-09-20T13:38:13.000000Z
2024,264.56821759259265,43.11742,-79.05973,2024-09-20T13:38:14.000000Z
2024,264.5682291666667,43.11742,-79.0597,2024-09-20T13:38:15.000000Z
2024,264.56824074074075,43.11742,-79.05969,2024-09-20T13:38:16.000000Z
2024,264.56825231481486,43.11741,-79.05967,2024-09-20T13:38:17.000000Z
2024,264.5682638888889,43.1174,-79.05966,2024-09-20T13:38:18.000000Z
2024,264.568275462963,43.1174,-79.05965,2024-09-20T13:38:19.000000Z
2024,264.56828703703707,43.11741,-79.05963,2024-09-20T13:38:20.000000Z
2024,264.5682986111111,43.11741,-79.05963,2024-09-20T13:38:21.000000Z
2024,264.5683101851852,43.11742,-79.05962,2024-09-20T13:38:22.000000Z
2024,264.5683217592593,43.11742,-79.05962,2024-09-20T13:38:23.000000Z
2024,264.5683333333334,43.11742,-79.05962,2024-09-20T13:38:24.000000Z
2024,264.56834490740744,43.11742,-79.05962,2024-09-20T13:38:25.000000Z
2024,264.5683564814815,43.11743,-79.05962,2024-09-20T13:38:26.000000Z
2024,264.5683680555556,43.11742,-79.05961,2024-09-20T13:38:27.000000Z
2024,264.56837962962965,43.11742,-79.05961,2024-09-20T13:38:28.000000Z
2024,264.56839120370375,43.11741,-79.05962,2024-09-20T13:38:29.000000Z
2024,264.5684027777778,43.11741,-79.05962,2024-09-20T13:38:30.000000Z
2024,264.56841435185186,43.11739,-79.05964,2024-09-20T13:38:31.000000Z
2024,264.5785300925926,43.11738,-79.05972,2024-09-20T13:53:05.000000Z
2024,264.57854166666664,43.11738,-79.05972,2024-09-20T13:53:06.000000Z
2024,264.57855324074075,43.11738,-79.05972,2024-09-20T13:53:07.000000Z
2024,264.5785648148148,43.11738,-79.05973,2024-09-20T13:53:08.000000Z
2024,264.5785763888889,43.11738,-79.05973,2024-09-20T13:53:09.000000Z
2024,264.57858796296296,43.11738,-79.05973,2024-09-20T13:53:10.000000Z
2024,264.578599537037,43.11738,-79.05973,2024-09-20T13:53:11.000000Z
2024,264.5786111111111,43.11738,-79.05973,2024-09-20T13:53:12.000000Z
2024,264.57862268518517,43.11738,-79.05973,2024-09-20T13:53:13.000000Z
2024,264.5786342592593,43.11738,-79.05973,2024-09-20T13:53:14.000000Z
2024,264.5786458333333,43.11738,-79.05973,2024-09-20T13:53:15.000000Z
2024,264.5786574074074,43.11738,-79.05973,2024-09-20T13:53:16.000000Z
2024,264.5786689814815,43.11738,-79.05972,2024-09-20T13:53:17.000000Z
2024,264.57868055555554,43.11738,-79.05972,2024-09-20T13:53:18.000000Z
2024,264.57869212962964,43.11738,-79.05973,2024-09-20T13:53:19.000000Z
2024,264.5787037037037,43.11738,-79.05973,2024-09-20T13:53:20.000000Z
2024,264.57871527777775,43.11738,-79.05973,2024-09-20T13:53:21.000000Z
2024,264.57872685185185,43.11738,-79.05973,2024-09-20T13:53:22.000000Z
2024,264.5787384259259,43.11738,-79.05973,2024-09-20T13:53:23.000000Z
2024,264.57875,43.11738,-79.05973,2024-09-20T13:53:24.000000Z
2024,264.5889467592592,43.11742,-79.05978,2024-09-20T14:08:05.000000Z
2024,264.58895833333327,43.11742,-79.05979,2024-09-20T14:08:06.000000Z
2024,264.5889699074074,43.11742,-79.05979,2024-09-20T14:08:07.000000Z
2024,264.5889814814814,43.11742,-79.05979,2024-09-20T14:08:08.000000Z
2024,264.58899305555553,43.11742,-79.05979,2024-09-20T14:08:09.000000Z
2024,264.5890046296296,43.11743,-79.05979,2024-09-20T14:08:10.000000Z
2024,264.58901620370364,43.11742,-79.05978,2024-09-20T14:08:11.000000Z
2024,264.58902777777774,43.11743,-79.05978,2024-09-20T14:08:12.000000Z
2024,264.5890393518518,43.11743,-79.05978,2024-09-20T14:08:13.000000Z
2024,264.5890509259259,43.11743,-79.05978,2024-09-20T14:08:14.000000Z
2024,264.58906249999995,43.11743,-79.05978,2024-09-20T14:08:15.000000Z
2024,264.589074074074,43.11743,-79.05978,2024-09-20T14:08:16.000000Z
2024,264.5890856481481,43.11743,-79.05978,2024-09-20T14:08:17.000000Z
2024,264.58909722222216,43.11743,-79.05979,2024-09-20T14:08:18.000000Z
2024,264.5891087962963,43.11743,-79.05979,2024-09-20T14:08:19.000000Z
2024,264.5891203703703,43.11743,-79.05978,2024-09-20T14:08:20.000000Z
2024,264.5891319444444,43.11743,-79.05978,2024-09-20T14:08:21.000000Z
2024,264.5891435185185,43.11743,-79.05977,2024-09-20T14:08:22.000000Z
2024,264.58915509259253,43.11743,-79.05978,2024-09-20T14:08:23.000000Z
2024,264.58916666666664,43.11743,-79.05978,2024-09-20T14:08:24.000000Z
2024,264.5993634259259,43.11748,-79.05976,2024-09-20T14:23:05.000000Z
2024,264.59937499999995,43.11748,-79.05976,2024-09-20T14:23:06.000000Z
2024,264.59938657407406,43.11747,-79.05976,2024-09-20T14:23:07.000000Z
2024,264.5993981481481,43.11746,-79.05976,2024-09-20T14:23:08.000000Z
2024,264.5994097222222,43.11746,-79.05976,2024-09-20T14:23:09.000000Z
2024,264.59942129629627,43.11746,-79.05976,2024-09-20T14:23:10.000000Z
2024,264.5994328703703,43.11746,-79.05976,2024-09-20T14:23:11.000000Z
2024,264.59944444444443,43.11746,-79.05976,2024-09-20T14:23:12.000000Z
2024,264.5994560185185,43.11746,-79.05976,2024-09-20T14:23:13.000000Z
2024,264.5994675925926,43.11745,-79.05976,2024-09-20T14:23:14.000000Z
2024,264.59947916666664,43.11745,-79.05976,2024-09-20T14:23:15.000000Z
2024,264.5994907407407,43.11745,-79.05975,2024-09-20T14:23:16.000000Z
2024,264.5995023148148,43.11744,-79.05975,2024-09-20T14:23:17.000000Z
2024,264.59951388888885,43.11744,-79.05975,2024-09-20T14:23:18.000000Z
2024,264.59952546296296,43.11743,-79.05975,2024-09-20T14:23:19.000000Z
2024,264.599537037037,43.11743,-79.05975,2024-09-20T14:23:20.000000Z
2024,264.59954861111106,43.11743,-79.05975,2024-09-20T14:23:21.000000Z
2024,264.59956018518517,43.11742,-79.05974,2024-09-20T14:23:22.000000Z
2024,264.5995717592592,43.11742,-79.05974,2024-09-20T14:23:23.000000Z
2024,264.5995833333333,43.11742,-79.05974,2024-09-20T14:23:24.000000Z
2024,264.6097800925926,43.11737,-79.05966,2024-09-20T14:38:05.000000Z
2024,264.60979166666664,43.11737,-79.05967,2024-09-20T14:38:06.000000Z
2024,264.60980324074075,43.11737,-79.05967,2024-09-20T14:38:07.000000Z
2024,264.6098148148148,43.11736,-79.05967,2024-09-20T14:38:08.000000Z
2024,264.6098263888889,43.11736,-79.05967,2024-09-20T14:38:09.000000Z
2024,264.60983796296296,43.11736,-79.05967,2024-09-20T14:38:10.000000Z
2024,264.609849537037,43.11735,-79.05966,2024-09-20T14:38:11.000000Z
2024,264.6098611111111,43.11735,-79.05966,2024-09-20T14:38:12.000000Z
2024,264.60987268518517,43.11734,-79.05966,2024-09-20T14:38:13.000000Z
2024,264.6098842592593,43.11734,-79.05966,2024-09-20T14:38:14.000000Z
2024,264.6098958333333,43.11734,-79.05966,2024-09-20T14:38:15.000000Z
2024,264.6099074074074,43.11734,-79.05966,2024-09-20T14:38:16.000000Z
2024,264.6099189814815,43.11734,-79.05966,2024-09-20T14:38:17.000000Z
2024,264.60993055555554,43.11734,-79.05966,2024-09-20T14:38:18.000000Z
2024,264.60994212962964,43.11734,-79.05966,2024-09-20T14:38:19.000000Z
2024,264.6099537037037,43.11734,-79.05966,2024-09-20T14:38:20.000000Z
2024,264.60996527777775,43.11734,-79.05966,2024-09-20T14:38:21.000000Z
2024,264.60997685185185,43.11734,-79.05966,2024-09-20T14:38:22.000000Z
2024,264.6099884259259,43.11734,-79.05966,2024-09-20T14:38:23.000000Z
2024,264.61,43.11734,-79.05967,2024-09-20T14:38:24.000000Z
2024,264.6202199074074,43.11724,-79.05963,2024-09-20T14:53:07.000000Z
2024,264.6202314814814,43.11724,-79.05964,2024-09-20T14:53:08.000000Z
2024,264.62024305555553,43.11724,-79.05964,2024-09-20T14:53:09.000000Z
2024,264.6202546296296,43.11725,-79.05965,2024-09-20T14:53:10.000000Z
2024,264.62026620370364,43.11725,-79.05965,2024-09-20T14:53:11.000000Z
2024,264.62027777777774,43.11725,-79.05965,2024-09-20T14:53:12.000000Z
2024,264.6202893518518,43.11725,-79.05965,2024-09-20T14:53:13.000000Z
2024,264.6203009259259,43.11725,-79.05965,2024-09-20T14:53:14.000000Z
2024,264.62031249999995,43.11725,-79.05966,2024-09-20T14:53:15.000000Z
2024,264.620324074074,43.11725,-79.05966,2024-09-20T14:53:16.000000Z
2024,264.6203356481481,43.11726,-79.05966,2024-09-20T14:53:17.000000Z
2024,264.62034722222216,43.11726,-79.05966,2024-09-20T14:53:18.000000Z
2024,264.6203587962963,43.11726,-79.05966,2024-09-20T14:53:19.000000Z
2024,264.6203703703703,43.11726,-79.05966,2024-09-20T14:53:20.000000Z
2024,264.6203819444444,43.11727,-79.05966,2024-09-20T14:53:21.000000Z
2024,264.6203935185185,43.11727,-79.05966,2024-09-20T14:53:22.000000Z
2024,264.62040509259253,43.11727,-79.05966,2024-09-20T14:53:23.000000Z
2024,264.62041666666664,43.11727,-79.05966,2024-09-20T14:53:24.000000Z
2024,264.6204282407407,43.11727,-79.05966,2024-09-20T14:53:25.000000Z
2024,264.63063657407406,43.11742,-79.05998,2024-09-20T15:08:07.000000Z
2024,264.6306481481481,43.11737,-79.05991,2024-09-20T15:08:08.000000Z
2024,264.6306597222222,43.11736,-79.05988,2024-09-20T15:08:09.000000Z
2024,264.63067129629627,43.11737,-79.05989,2024-09-20T15:08:10.000000Z
2024,264.6306828703703,43.11737,-79.05989,2024-09-20T15:08:11.000000Z
2024,264.63069444444443,43.11736,-79.05987,2024-09-20T15:08:12.000000Z
2024,264.6307060185185,43.11735,-79.05985,2024-09-20T15:08:13.000000Z
2024,264.6307175925926,43.11735,-79.05983,2024-09-20T15:08:14.000000Z
2024,264.63072916666664,43.11735,-79.05982,2024-09-20T15:08:15.000000Z
2024,264.6307407407407,43.11734,-79.05981,2024-09-20T15:08:16.000000Z
2024,264.6307523148148,43.11732,-79.05979,2024-09-20T15:08:17.000000Z
2024,264.63076388888885,43.11732,-79.05978,2024-09-20T15:08:18.000000Z
2024,264.63077546296296,43.11734,-79.05978,2024-09-20T15:08:19.000000Z
2024,264.630787037037,43.11733,-79.05976,2024-09-20T15:08:20.000000Z
2024,264.63079861111106,43.11732,-79.05976,2024-09-20T15:08:21.000000Z
2024,264.63081018518517,43.11732,-79.05974,2024-09-20T15:08:22.000000Z
2024,264.6308217592592,43.11733,-79.05974,2024-09-20T15:08:23.000000Z
2024,264.6308333333333,43.11734,-79.05974,2024-09-20T15:08:24.000000Z
2024,264.6308449074074,43.11734,-79.05974,2024-09-20T15:08:25.000000Z
2024,264.64105324074075,43.11724,-79.05958,2024-09-20T15:23:07.000000Z
2024,264.6410648148148,43.11725,-79.05959,2024-09-20T15:23:08.000000Z
2024,264.6410763888889,43.11725,-79.0596,2024-09-20T15:23:09.000000Z
2024,264.64108796296296,43.11725,-79.0596,2024-09-20T15:23:10.000000Z
2024,264.641099537037,43.11725,-79.0596,2024-09-20T15:23:11.000000Z
2024,264.6411111111111,43.11725,-79.0596,2024-09-20T15:23:12.000000Z
2024,264.64112268518517,43.11725,-79.0596,2024-09-20T15:23:13.000000Z
2024,264.6411342592593,43.11726,-79.0596,2024-09-20T15:23:14.000000Z
2024,264.6411458333333,43.11726,-79.0596,2024-09-20T15:23:15.000000Z
2024,264.6411574074074,43.11726,-79.0596,2024-09-20T15:23:16.000000Z
2024,264.6411689814815,43.11726,-79.0596,2024-09-20T15:23:17.000000Z
2024,264.64118055555554,43.11725,-79.0596,2024-09-20T15:23:18.000000Z
2024,264.64119212962964,43.11725,-79.0596,2024-09-20T15:23:19.000000Z
2024,264.6412037037037,43.11725,-79.05961,2024-09-20T15:23:20.000000Z
2024,264.64121527777775,43.11725,-79.05961,2024-09-20T15:23:21.000000Z
2024,264.64122685185185,43.11725,-79.05961,2024-09-20T15:23:22.000000Z
2024,264.6412384259259,43.11725,-79.05961,2024-09-20T15:23:23.000000Z
2024,264.64125,43.11725,-79.05962,2024-09-20T15:23:24.000000Z
2024,264.64126157407406,43.11725,-79.05962,2024-09-20T15:23:25.000000Z
2024,264.65146990740743,43.11711,-79.05915,2024-09-20T15:38:07.000000Z
2024,264.6514814814815,43.11714,-79.05922,2024-09-20T15:38:08.000000Z
2024,264.6514930555556,43.11717,-79.05932,2024-09-20T15:38:09.000000Z
2024,264.65150462962964,43.1172,-79.05937,2024-09-20T15:38:10.000000Z
2024,264.6515162037037,43.11721,-79.05944,2024-09-20T15:38:11.000000Z
2024,264.6515277777778,43.11722,-79.05948,2024-09-20T15:38:12.000000Z
2024,264.65153935185185,43.11722,-79.05947,2024-09-20T15:38:13.000000Z
2024,264.65155092592596,43.11722,-79.05948,2024-09-20T15:38:14.000000Z
2024,264.6515625,43.11722,-79.05949,2024-09-20T15:38:15.000000Z
2024,264.65157407407406,43.11722,-79.0595,2024-09-20T15:38:16.000000Z
2024,264.65158564814817,43.11722,-79.0595,2024-09-20T15:38:17.000000Z
2024,264.6515972222222,43.11723,-79.05952,2024-09-20T15:38:18.000000Z
2024,264.65160879629633,43.11723,-79.05953,2024-09-20T15:38:19.000000Z
2024,264.6516203703704,43.11723,-79.05954,2024-09-20T15:38:20.000000Z
2024,264.65163194444443,43.11724,-79.05956,2024-09-20T15:38:21.000000Z
2024,264.65164351851854,43.11724,-79.05957,2024-09-20T15:38:22.000000Z
2024,264.6516550925926,43.11724,-79.05957,2024-09-20T15:38:23.000000Z
2024,264.6516666666667,43.11724,-79.05957,2024-09-20T15:38:24.000000Z
2024,264.65167824074075,43.11723,-79.05956,2024-09-20T15:38:25.000000Z
2024,264.66188657407406,43.11739,-79.05974,2024-09-20T15:53:07.000000Z
2024,264.6618981481481,43.1174,-79.05977,2024-09-20T15:53:08.000000Z
2024,264.6619097222222,43.11741,-79.05979,2024-09-20T15:53:09.000000Z
2024,264.66192129629627,43.11739,-79.05982,2024-09-20T15:53:10.000000Z
2024,264.6619328703703,43.11739,-79.05984,2024-09-20T15:53:11.000000Z
2024,264.66194444444443,43.1174,-79.05986,2024-09-20T15:53:12.000000Z
2024,264.6619560185185,43.1174,-79.05988,2024-09-20T15:53:13.000000Z
2024,264.6619675925926,43.11741,-79.05989,2024-09-20T15:53:14.000000Z
2024,264.66197916666664,43.11742,-79.05991,2024-09-20T15:53:15.000000Z
2024,264.6619907407407,43.11742,-79.05992,2024-09-20T15:53:16.000000Z
2024,264.6620023148148,43.11742,-79.05991,2024-09-20T15:53:17.000000Z
2024,264.66201388888885,43.11742,-79.0599,2024-09-20T15:53:18.000000Z
2024,264.66202546296296,43.11742,-79.0599,2024-09-20T15:53:19.000000Z
2024,264.662037037037,43.11742,-79.05989,2024-09-20T15:53:20.000000Z
2024,264.66204861111106,43.11741,-79.05988,2024-09-20T15:53:21.000000Z
2024,264.66206018518517,43.11741,-79.05986,2024-09-20T15:53:22.000000Z
2024,264.6620717592592,43.1174,-79.05985,2024-09-20T15:53:23.000000Z
2024,264.6620833333333,43.11738,-79.0598,2024-09-20T15:53:24.000000Z
2024,264.6620949074074,43.11738,-79.05979,2024-09-20T15:53:25.000000Z
2024,264.66210648148143,43.11738,-79.05978,2024-09-20T15:53:26.000000Z
2024,264.67230324074075,43.11716,-79.05928,2024-09-20T16:08:07.000000Z
2024,264.6723148148148,43.11716,-79.05928,2024-09-20T16:08:08.000000Z
2024,264.6723263888889,43.11716,-79.05925,2024-09-20T16:08:09.000000Z
2024,264.67233796296296,43.11715,-79.05922,2024-09-20T16:08:10.000000Z
2024,264.672349537037,43.11715,-79.0592,2024-09-20T16:08:11.000000Z
2024,264.6723611111111,43.11714,-79.05918,2024-09-20T16:08:12.000000Z
2024,264.67237268518517,43.11714,-79.05918,2024-09-20T16:08:13.000000Z
2024,264.6723842592593,43.11714,-79.05918,2024-09-20T16:08:14.000000Z
2024,264.6723958333333,43.11715,-79.05918,2024-09-20T16:08:15.000000Z
2024,264.6724074074074,43.11715,-79.05919,2024-09-20T16:08:16.000000Z
2024,264.6724189814815,43.11715,-79.0592,2024-09-20T16:08:17.000000Z
2024,264.67243055555554,43.11716,-79.05921,2024-09-20T16:08:18.000000Z
2024,264.67244212962964,43.11716,-79.05922,2024-09-20T16:08:19.000000Z
2024,264.6724537037037,43.11716,-79.05923,2024-09-20T16:08:20.000000Z
2024,264.67246527777775,43.11716,-79.05923,2024-09-20T16:08:21.000000Z
2024,264.67247685185185,43.11717,-79.05924,2024-09-20T16:08:22.000000Z
2024,264.6724884259259,43.11717,-79.05925,2024-09-20T16:08:23.000000Z
2024,264.6725,43.11717,-79.05926,2024-09-20T16:08:24.000000Z
2024,264.67251157407406,43.11717,-79.05928,2024-09-20T16:08:25.000000Z
2024,264.68271990740743,43.11724,-79.05954,2024-09-20T16:23:07.000000Z
2024,264.6827314814815,43.11727,-79.05963,2024-09-20T16:23:08.000000Z
2024,264.6827430555556,43.11725,-79.05958,2024-09-20T16:23:09.000000Z
2024,264.68275462962964,43.11724,-79.05956,2024-09-20T16:23:10.000000Z
2024,264.6827662037037,43.11725,-79.05958,2024-09-20T16:23:11.000000Z
2024,264.6827777777778,43.11725,-79.05958,2024-09-20T16:23:12.000000Z
2024,264.68278935185185,43.11725,-79.05958,2024-09-20T16:23:13.000000Z
2024,264.68280092592596,43.11725,-79.05958,2024-09-20T16:23:14.000000Z
2024,264.6828125,43.11727,-79.05961,2024-09-20T16:23:15.000000Z
2024,264.68282407407406,43.11724,-79.05955,2024-09-20T16:23:16.000000Z
2024,264.68283564814817,43.11724,-79.05954,2024-09-20T16:23:17.000000Z
2024,264.6828472222222,43.11724,-79.05953,2024-09-20T16:23:18.000000Z
2024,264.68285879629633,43.11724,-79.05953,2024-09-20T16:23:19.000000Z
2024,264.6828703703704,43.11723,-79.05952,2024-09-20T16:23:20.000000Z
2024,264.68288194444443,43.11723,-79.05951,2024-09-20T16:23:21.000000Z
2024,264.68289351851854,43.11723,-79.0595,2024-09-20T16:23:22.000000Z
2024,264.6829050925926,43.11723,-79.0595,2024-09-20T16:23:23.000000Z
2024,264.6829166666667,43.11723,-79.0595,2024-09-20T16:23:24.000000Z
2024,264.68292824074075,43.11723,-79.0595,2024-09-20T16:23:25.000000Z
2024,264.6931712962963,43.11724,-79.05947,2024-09-20T16:38:10.000000Z
2024,264.6931828703704,43.11724,-79.05948,2024-09-20T16:38:11.000000Z
2024,264.6931944444445,43.11724,-79.0595,2024-09-20T16:38:12.000000Z
2024,264.69320601851854,43.11724,-79.0595,2024-09-20T16:38:13.000000Z
2024,264.69321759259265,43.11724,-79.0595,2024-09-20T16:38:14.000000Z
2024,264.6932291666667,43.11724,-79.0595,2024-09-20T16:38:15.000000Z
2024,264.69324074074075,43.11724,-79.0595,2024-09-20T16:38:16.000000Z
2024,264.69325231481486,43.11724,-79.0595,2024-09-20T16:38:17.000000Z
2024,264.6932638888889,43.11724,-79.0595,2024-09-20T16:38:18.000000Z
2024,264.693275462963,43.11723,-79.0595,2024-09-20T16:38:19.000000Z
2024,264.69328703703707,43.11723,-79.05951,2024-09-20T16:38:20.000000Z
2024,264.6932986111111,43.11724,-79.05952,2024-09-20T16:38:21.000000Z
2024,264.6933101851852,43.11724,-79.05953,2024-09-20T16:38:22.000000Z
2024,264.6933217592593,43.11724,-79.05954,2024-09-20T16:38:23.000000Z
2024,264.6933333333334,43.11724,-79.05954,2024-09-20T16:38:24.000000Z
2024,264.69334490740744,43.11724,-79.05955,2024-09-20T16:38:25.000000Z
2024,264.6933564814815,43.11724,-79.05957,2024-09-20T16:38:26.000000Z
2024,264.6933680555556,43.11725,-79.05957,2024-09-20T16:38:27.000000Z
2024,264.69337962962965,43.11725,-79.05957,2024-09-20T16:38:28.000000Z
2024,264.69339120370375,43.11725,-79.05957,2024-09-20T16:38:29.000000Z
2024,264.7037037037037,43.1174,-79.06035,2024-09-20T16:53:20.000000Z
2024,264.70371527777775,43.11738,-79.06029,2024-09-20T16:53:21.000000Z
2024,264.70372685185185,43.11737,-79.06024,2024-09-20T16:53:22.000000Z
2024,264.7037384259259,43.11735,-79.06019,2024-09-20T16:53:23.000000Z
2024,264.70375,43.11734,-79.06015,2024-09-20T16:53:24.000000Z
2024,264.70376157407406,43.11732,-79.06011,2024-09-20T16:53:25.000000Z
2024,264.7037731481481,43.11731,-79.06007,2024-09-20T16:53:26.000000Z
2024,264.7037847222222,43.1173,-79.06005,2024-09-20T16:53:27.000000Z
2024,264.7037962962963,43.11729,-79.06003,2024-09-20T16:53:28.000000Z
2024,264.7038078703704,43.11729,-79.06002,2024-09-20T16:53:29.000000Z
2024,264.70381944444443,43.11728,-79.06001,2024-09-20T16:53:30.000000Z
2024,264.7038310185185,43.11728,-79.06,2024-09-20T16:53:31.000000Z
2024,264.7038425925926,43.11728,-79.05999,2024-09-20T16:53:32.000000Z
2024,264.70385416666664,43.11728,-79.05999,2024-09-20T16:53:33.000000Z
2024,264.70386574074075,43.11728,-79.05999,2024-09-20T16:53:34.000000Z
2024,264.7038773148148,43.11727,-79.05999,2024-09-20T16:53:35.000000Z
2024,264.7038888888889,43.11727,-79.05999,2024-09-20T16:53:36.000000Z
2024,264.70390046296296,43.11727,-79.05999,2024-09-20T16:53:37.000000Z
2024,264.703912037037,43.11727,-79.05999,2024-09-20T16:53:38.000000Z
2024,264.7039236111111,43.11727,-79.05999,2024-09-20T16:53:39.000000Z
2024,264.7139814814814,43.11704,-79.05951,2024-09-20T17:08:08.000000Z
2024,264.71399305555553,43.11704,-79.0595,2024-09-20T17:08:09.000000Z
2024,264.7140046296296,43.11721,-79.05977,2024-09-20T17:08:10.000000Z
2024,264.71401620370364,43.11724,-79.05977,2024-09-20T17:08:11.000000Z
2024,264.71402777777774,43.11725,-79.05977,2024-09-20T17:08:12.000000Z
2024,264.7140393518518,43.11725,-79.05978,2024-09-20T17:08:13.000000Z
2024,264.7140509259259,43.11725,-79.05978,2024-09-20T17:08:14.000000Z
2024,264.71406249999995,43.11725,-79.05977,2024-09-20T17:08:15.000000Z
2024,264.714074074074,43.11725,-79.05977,2024-09-20T17:08:16.000000Z
2024,264.7140856481481,43.11724,-79.05976,2024-09-20T17:08:17.000000Z
2024,264.71409722222216,43.11724,-79.05976,2024-09-20T17:08:18.000000Z
2024,264.7141087962963,43.11723,-79.05975,2024-09-20T17:08:19.000000Z
2024,264.7141203703703,43.11723,-79.05975,2024-09-20T17:08:20.000000Z
2024,264.7141319444444,43.11723,-79.05974,2024-09-20T17:08:21.000000Z
2024,264.7141435185185,43.11723,-79.05974,2024-09-20T17:08:22.000000Z
2024,264.71415509259253,43.11723,-79.05974,2024-09-20T17:08:23.000000Z
2024,264.71416666666664,43.11722,-79.05974,2024-09-20T17:08:24.000000Z
2024,264.7141782407407,43.11722,-79.05974,2024-09-20T17:08:25.000000Z
2024,264.71418981481474,43.11722,-79.05974,2024-09-20T17:08:26.000000Z
2024,264.71420138888885,43.11722,-79.05974,2024-09-20T17:08:27.000000Z
2024,264.7243981481481,43.11717,-79.05969,2024-09-20T17:23:08.000000Z
2024,264.7244097222222,43.11718,-79.05969,2024-09-20T17:23:09.000000Z
2024,264.72442129629627,43.11727,-79.05967,2024-09-20T17:23:10.000000Z
2024,264.7244328703703,43.11732,-79.05966,2024-09-20T17:23:11.000000Z
2024,264.72444444444443,43.11732,-79.05966,2024-09-20T17:23:12.000000Z
2024,264.7244560185185,43.11732,-79.05966,2024-09-20T17:23:13.000000Z
2024,264.7244675925926,43.11732,-79.05965,2024-09-20T17:23:14.000000Z
2024,264.72447916666664,43.11732,-79.05965,2024-09-20T17:23:15.000000Z
2024,264.7244907407407,43.11732,-79.05965,2024-09-20T17:23:16.000000Z
2024,264.7245023148148,43.11732,-79.05965,2024-09-20T17:23:17.000000Z
2024,264.72451388888885,43.11732,-79.05965,2024-09-20T17:23:18.000000Z
2024,264.72452546296296,43.11732,-79.05965,2024-09-20T17:23:19.000000Z
2024,264.724537037037,43.11732,-79.05965,2024-09-20T17:23:20.000000Z
2024,264.72454861111106,43.11733,-79.05965,2024-09-20T17:23:21.000000Z
2024,264.72456018518517,43.11733,-79.05965,2024-09-20T17:23:22.000000Z
2024,264.7245717592592,43.11733,-79.05965,2024-09-20T17:23:23.000000Z
2024,264.7245833333333,43.11733,-79.05966,2024-09-20T17:23:24.000000Z
2024,264.7245949074074,43.11733,-79.05966,2024-09-20T17:23:25.000000Z
2024,264.72460648148143,43.11733,-79.05966,2024-09-20T17:23:26.000000Z
2024,264.72461805555554,43.11734,-79.05966,2024-09-20T17:23:27.000000Z
2024,264.73480324074075,43.11755,-79.05973,2024-09-20T17:38:07.000000Z
2024,264.7348148148148,43.11754,-79.05976,2024-09-20T17:38:08.000000Z
2024,264.7348263888889,43.11753,-79.05977,2024-09-20T17:38:09.000000Z
2024,264.73483796296296,43.11752,-79.05979,2024-09-20T17:38:10.000000Z
2024,264.734849537037,43.11751,-79.05979,2024-09-20T17:38:11.000000Z
2024,264.7348611111111,43.1175,-79.0598,2024-09-20T17:38:12.000000Z
2024,264.73487268518517,43.11749,-79.05981,2024-09-20T17:38:13.000000Z
2024,264.7348842592593,43.11749,-79.05981,2024-09-20T17:38:14.000000Z
2024,264.7348958333333,43.11747,-79.05981,2024-09-20T17:38:15.000000Z
2024,264.7349074074074,43.11746,-79.05981,2024-09-20T17:38:16.000000Z
2024,264.7349189814815,43.11745,-79.05981,2024-09-20T17:38:17.000000Z
2024,264.73493055555554,43.11744,-79.05981,2024-09-20T17:38:18.000000Z
2024,264.73494212962964,43.11743,-79.0598,2024-09-20T17:38:19.000000Z
2024,264.7349537037037,43.11743,-79.0598,2024-09-20T17:38:20.000000Z
2024,264.73496527777775,43.11742,-79.0598,2024-09-20T17:38:21.000000Z
2024,264.73497685185185,43.11742,-79.0598,2024-09-20T17:38:22.000000Z
2024,264.7349884259259,43.11742,-79.0598,2024-09-20T17:38:23.000000Z
2024,264.735,43.11742,-79.05979,2024-09-20T17:38:24.000000Z
2024,264.73501157407406,43.11742,-79.05979,2024-09-20T17:38:25.000000Z
2024,264.74526620370364,43.11731,-79.05971,2024-09-20T17:53:11.000000Z
2024,264.74527777777774,43.11729,-79.05972,2024-09-20T17:53:12.000000Z
2024,264.7452893518518,43.11728,-79.05973,2024-09-20T17:53:13.000000Z
2024,264.7453009259259,43.11727,-79.05974,2024-09-20T17:53:14.000000Z
2024,264.74531249999995,43.11725,-79.05974,2024-09-20T17:53:15.000000Z
2024,264.745324074074,43.11725,-79.05975,2024-09-20T17:53:16.000000Z
2024,264.7453356481481,43.11724,-79.05974,2024-09-20T17:53:17.000000Z
2024,264.74534722222216,43.11723,-79.05974,2024-09-20T17:53:18.000000Z
2024,264.7453587962963,43.11723,-79.05974,2024-09-20T17:53:19.000000Z
2024,264.7453703703703,43.11722,-79.05973,2024-09-20T17:53:20.000000Z
2024,264.7453819444444,43.11722,-79.05972,2024-09-20T17:53:21.000000Z
2024,264.7453935185185,43.11722,-79.05971,2024-09-20T17:53:22.000000Z
2024,264.74540509259253,43.11722,-79.0597,2024-09-20T17:53:23.000000Z
2024,264.74541666666664,43.11721,-79.0597,2024-09-20T17:53:24.000000Z
2024,264.7454282407407,43.11721,-79.0597,2024-09-20T17:53:25.000000Z
2024,264.74543981481474,43.11721,-79.0597,2024-09-20T17:53:26.000000Z
2024,264.74545138888885,43.1172,-79.05969,2024-09-20T17:53:27.000000Z
2024,264.7454629629629,43.1172,-79.05968,2024-09-20T17:53:28.000000Z
2024,264.745474537037,43.1172,-79.05968,2024-09-20T17:53:29.000000Z
2024,264.74548611111106,43.1172,-79.05967,2024-09-20T17:53:30.000000Z
2024,264.75567129629627,43.1173,-79.05967,2024-09-20T18:08:10.000000Z
2024,264.7556828703703,43.11729,-79.05968,2024-09-20T18:08:11.000000Z
2024,264.75569444444443,43.11727,-79.0597,2024-09-20T18:08:12.000000Z
2024,264.7557060185185,43.11726,-79.0597,2024-09-20T18:08:13.000000Z
2024,264.7557175925926,43.11725,-79.05971,2024-09-20T18:08:14.000000Z
2024,264.75572916666664,43.11725,-79.05971,2024-09-20T18:08:15.000000Z
2024,264.7557407407407,43.11725,-79.05971,2024-09-20T18:08:16.000000Z
2024,264.7557523148148,43.11725,-79.0597,2024-09-20T18:08:17.000000Z
2024,264.75576388888885,43.11725,-79.0597,2024-09-20T18:08:18.000000Z
2024,264.75577546296296,43.11725,-79.0597,2024-09-20T18:08:19.000000Z
2024,264.755787037037,43.11725,-79.0597,2024-09-20T18:08:20.000000Z
2024,264.75579861111106,43.11725,-79.05971,2024-09-20T18:08:21.000000Z
2024,264.75581018518517,43.11725,-79.05971,2024-09-20T18:08:22.000000Z
2024,264.7558217592592,43.11726,-79.05971,2024-09-20T18:08:23.000000Z
2024,264.7558333333333,43.11727,-79.05971,2024-09-20T18:08:24.000000Z
2024,264.7558449074074,43.11727,-79.05971,2024-09-20T18:08:25.000000Z
2024,264.75585648148143,43.11727,-79.05972,2024-09-20T18:08:26.000000Z
2024,264.75586805555554,43.11727,-79.05972,2024-09-20T18:08:27.000000Z
2024,264.7558796296296,43.11727,-79.05972,2024-09-20T18:08:28.000000Z
2024,264.7558912037037,43.11728,-79.05971,2024-09-20T18:08:29.000000Z
2024,264.76605324074075,43.11743,-79.05975,2024-09-20T18:23:07.000000Z
2024,264.7660648148148,43.11745,-79.05976,2024-09-20T18:23:08.000000Z
2024,264.7660763888889,43.11745,-79.05976,2024-09-20T18:23:09.000000Z
2024,264.76608796296296,43.11746,-79.05976,2024-09-20T18:23:10.000000Z
2024,264.766099537037,43.11746,-79.05976,2024-09-20T18:23:11.000000Z
2024,264.7661111111111,43.11747,-79.05976,2024-09-20T18:23:12.000000Z
2024,264.76612268518517,43.11748,-79.05976,2024-09-20T18:23:13.000000Z
2024,264.7661342592593,43.11749,-79.05976,2024-09-20T18:23:14.000000Z
2024,264.7661458333333,43.1175,-79.05976,2024-09-20T18:23:15.000000Z
2024,264.7661574074074,43.1175,-79.05976,2024-09-20T18:23:16.000000Z
2024,264.7661689814815,43.11751,-79.05976,2024-09-20T18:23:17.000000Z
2024,264.76618055555554,43.11752,-79.05976,2024-09-20T18:23:18.000000Z
2024,264.76619212962964,43.11752,-79.05975,2024-09-20T18:23:19.000000Z
2024,264.7662037037037,43.11753,-79.05975,2024-09-20T18:23:20.000000Z
2024,264.76621527777775,43.11753,-79.05975,2024-09-20T18:23:21.000000Z
2024,264.76622685185185,43.11754,-79.05974,2024-09-20T18:23:22.000000Z
2024,264.7662384259259,43.11754,-79.05974,2024-09-20T18:23:23.000000Z
2024,264.76625,43.11754,-79.05974,2024-09-20T18:23:24.000000Z
2024,264.76626157407406,43.11754,-79.05974,2024-09-20T18:23:25.000000Z
2024,264.77646990740743,43.11743,-79.05947,2024-09-20T18:38:07.000000Z
2024,264.7764814814815,43.11742,-79.05947,2024-09-20T18:38:08.000000Z
2024,264.7764930555556,43.11743,-79.05939,2024-09-20T18:38:09.000000Z
2024,264.77650462962964,43.11742,-79.05937,2024-09-20T18:38:10.000000Z
2024,264.7765162037037,43.11742,-79.05937,2024-09-20T18:38:11.000000Z
2024,264.7765277777778,43.11742,-79.05934,2024-09-20T18:38:12.000000Z
2024,264.77653935185185,43.11742,-79.05933,2024-09-20T18:38:13.000000Z
2024,264.77655092592596,43.11742,-79.05932,2024-09-20T18:38:14.000000Z
2024,264.7765625,43.11742,-79.05931,2024-09-20T18:38:15.000000Z
2024,264.77657407407406,43.11742,-79.05932,2024-09-20T18:38:16.000000Z
2024,264.77658564814817,43.11742,-79.05932,2024-09-20T18:38:17.000000Z
2024,264.7765972222222,43.11742,-79.05933,2024-09-20T18:38:18.000000Z
2024,264.7766203703704,43.11743,-79.05934,2024-09-20T18:38:20.000000Z
2024,264.77663194444443,43.11743,-79.05935,2024-09-20T18:38:21.000000Z
2024,264.77664351851854,43.11743,-79.05936,2024-09-20T18:38:22.000000Z
2024,264.7766550925926,43.11743,-79.05937,2024-09-20T18:38:23.000000Z
2024,264.7766666666667,43.11743,-79.05937,2024-09-20T18:38:24.000000Z
2024,264.77667824074075,43.11743,-79.05938,2024-09-20T18:38:25.000000Z
2024,264.7766898148148,43.11743,-79.05939,2024-09-20T18:38:26.000000Z
2024,264.7871759259259,43.11737,-79.05976,2024-09-20T18:53:32.000000Z
2024,264.78718749999996,43.11737,-79.05978,2024-09-20T18:53:33.000000Z
2024,264.78719907407407,43.11737,-79.05979,2024-09-20T18:53:34.000000Z
2024,264.7872106481481,43.11736,-79.05979,2024-09-20T18:53:35.000000Z
2024,264.7872222222222,43.11736,-79.0598,2024-09-20T18:53:36.000000Z
2024,264.7872337962963,43.11736,-79.05981,2024-09-20T18:53:37.000000Z
2024,264.78724537037033,43.11736,-79.05981,2024-09-20T18:53:38.000000Z
2024,264.78725694444444,43.11736,-79.05982,2024-09-20T18:53:39.000000Z
2024,264.7872685185185,43.11736,-79.05981,2024-09-20T18:53:40.000000Z
2024,264.7872800925926,43.11736,-79.0598,2024-09-20T18:53:41.000000Z
2024,264.78729166666665,43.11736,-79.05979,2024-09-20T18:53:42.000000Z
2024,264.7873032407407,43.11736,-79.05979,2024-09-20T18:53:43.000000Z
2024,264.7873148148148,43.11736,-79.05979,2024-09-20T18:53:44.000000Z
2024,264.78732638888886,43.11736,-79.05978,2024-09-20T18:53:45.000000Z
2024,264.78733796296297,43.11735,-79.05978,2024-09-20T18:53:46.000000Z
2024,264.787349537037,43.11736,-79.05977,2024-09-20T18:53:47.000000Z
2024,264.78736111111107,43.11736,-79.05976,2024-09-20T18:53:48.000000Z
2024,264.7873726851852,43.11736,-79.05975,2024-09-20T18:53:49.000000Z
2024,264.7873842592592,43.11735,-79.05974,2024-09-20T18:53:50.000000Z
2024,264.78739583333333,43.11736,-79.05973,2024-09-20T18:53:51.000000Z
2024,264.79730324074075,43.11731,-79.05969,2024-09-20T19:08:07.000000Z
2024,264.7973148148148,43.11731,-79.0597,2024-09-20T19:08:08.000000Z
2024,264.7973263888889,43.1173,-79.0597,2024-09-20T19:08:09.000000Z
2024,264.79733796296296,43.1173,-79.0597,2024-09-20T19:08:10.000000Z
2024,264.797349537037,43.11731,-79.0597,2024-09-20T19:08:11.000000Z
2024,264.7973611111111,43.11732,-79.0597,2024-09-20T19:08:12.000000Z
2024,264.79737268518517,43.11733,-79.05969,2024-09-20T19:08:13.000000Z
2024,264.7973842592593,43.11734,-79.05969,2024-09-20T19:08:14.000000Z
2024,264.7973958333333,43.11734,-79.05969,2024-09-20T19:08:15.000000Z
2024,264.7974074074074,43.11734,-79.05968,2024-09-20T19:08:16.000000Z
2024,264.7974189814815,43.11735,-79.05968,2024-09-20T19:08:17.000000Z
2024,264.79743055555554,43.11735,-79.05968,2024-09-20T19:08:18.000000Z
2024,264.79744212962964,43.11735,-79.05968,2024-09-20T19:08:19.000000Z
2024,264.7974537037037,43.11735,-79.05968,2024-09-20T19:08:20.000000Z
2024,264.79746527777775,43.11735,-79.05968,2024-09-20T19:08:21.000000Z
2024,264.79747685185185,43.11735,-79.05968,2024-09-20T19:08:22.000000Z
2024,264.7974884259259,43.11735,-79.05968,2024-09-20T19:08:23.000000Z
2024,264.7975,43.11735,-79.05968,2024-09-20T19:08:24.000000Z
2024,264.79751157407406,43.11735,-79.05968,2024-09-20T19:08:25.000000Z
2024,264.80771990740743,43.11742,-79.05976,2024-09-20T19:23:07.000000Z
2024,264.8077314814815,43.11741,-79.05976,2024-09-20T19:23:08.000000Z
2024,264.8077430555556,43.11741,-79.05976,2024-09-20T19:23:09.000000Z
2024,264.80775462962964,43.1174,-79.05975,2024-09-20T19:23:10.000000Z
2024,264.8077662037037,43.11738,-79.05974,2024-09-20T19:23:11.000000Z
2024,264.8077777777778,43.11737,-79.05974,2024-09-20T19:23:12.000000Z
2024,264.80778935185185,43.11737,-79.05973,2024-09-20T19:23:13.000000Z
2024,264.80780092592596,43.11738,-79.05973,2024-09-20T19:23:14.000000Z
2024,264.8078125,43.11738,-79.05973,2024-09-20T19:23:15.000000Z
2024,264.80782407407406,43.11738,-79.05973,2024-09-20T19:23:16.000000Z
2024,264.80783564814817,43.11738,-79.05973,2024-09-20T19:23:17.000000Z
2024,264.8078472222222,43.11738,-79.05972,2024-09-20T19:23:18.000000Z
2024,264.80785879629633,43.11738,-79.05971,2024-09-20T19:23:19.000000Z
2024,264.8078703703704,43.11738,-79.05971,2024-09-20T19:23:20.000000Z
2024,264.80788194444443,43.11737,-79.0597,2024-09-20T19:23:21.000000Z
2024,264.80789351851854,43.11737,-79.0597,2024-09-20T19:23:22.000000Z
2024,264.8079050925926,43.11737,-79.05969,2024-09-20T19:23:23.000000Z
2024,264.8079166666667,43.11737,-79.05968,2024-09-20T19:23:24.000000Z
2024,264.80792824074075,43.11737,-79.05967,2024-09-20T19:23:25.000000Z
2024,264.8181365740741,43.1174,-79.05978,2024-09-20T19:38:07.000000Z
2024,264.81814814814817,43.11739,-79.05977,2024-09-20T19:38:08.000000Z
2024,264.8181597222223,43.11738,-79.05976,2024-09-20T19:38:09.000000Z
2024,264.8181712962963,43.11738,-79.05975,2024-09-20T19:38:10.000000Z
2024,264.8181828703704,43.11738,-79.05973,2024-09-20T19:38:11.000000Z
2024,264.8181944444445,43.11737,-79.05973,2024-09-20T19:38:12.000000Z
2024,264.81820601851854,43.11737,-79.05972,2024-09-20T19:38:13.000000Z
2024,264.81821759259265,43.11737,-79.05971,2024-09-20T19:38:14.000000Z
2024,264.8182291666667,43.11737,-79.0597,2024-09-20T19:38:15.000000Z
2024,264.81824074074075,43.11737,-79.0597,2024-09-20T19:38:16.000000Z
2024,264.81825231481486,43.11737,-79.05969,2024-09-20T19:38:17.000000Z
2024,264.8182638888889,43.11737,-79.05968,2024-09-20T19:38:18.000000Z
2024,264.818275462963,43.11736,-79.05968,2024-09-20T19:38:19.000000Z
2024,264.81828703703707,43.11736,-79.05967,2024-09-20T19:38:20.000000Z
2024,264.8182986111111,43.11736,-79.05968,2024-09-20T19:38:21.000000Z
2024,264.8183101851852,43.11736,-79.05967,2024-09-20T19:38:22.000000Z
2024,264.8183217592593,43.11736,-79.05967,2024-09-20T19:38:23.000000Z
2024,264.8183333333334,43.11735,-79.05967,2024-09-20T19:38:24.000000Z
2024,264.81834490740744,43.11735,-79.05967,2024-09-20T19:38:25.000000Z
2024,264.82855324074075,43.11731,-79.05966,2024-09-20T19:53:07.000000Z
2024,264.8285648148148,43.11732,-79.05968,2024-09-20T19:53:08.000000Z
2024,264.8285763888889,43.11731,-79.05965,2024-09-20T19:53:09.000000Z
2024,264.82858796296296,43.11731,-79.05963,2024-09-20T19:53:10.000000Z
2024,264.828599537037,43.11732,-79.05964,2024-09-20T19:53:11.000000Z
2024,264.8286111111111,43.11732,-79.05963,2024-09-20T19:53:12.000000Z
2024,264.82862268518517,43.11732,-79.05964,2024-09-20T19:53:13.000000Z
2024,264.8286342592593,43.11733,-79.05965,2024-09-20T19:53:14.000000Z
2024,264.8286458333333,43.11732,-79.05964,2024-09-20T19:53:15.000000Z
2024,264.8286574074074,43.11732,-79.05964,2024-09-20T19:53:16.000000Z
2024,264.8286689814815,43.11732,-79.05964,2024-09-20T19:53:17.000000Z
2024,264.82868055555554,43.11732,-79.05963,2024-09-20T19:53:18.000000Z
2024,264.82869212962964,43.11732,-79.05963,2024-09-20T19:53:19.000000Z
2024,264.8287037037037,43.11732,-79.05963,2024-09-20T19:53:20.000000Z
2024,264.82871527777775,43.11731,-79.05963,2024-09-20T19:53:21.000000Z
2024,264.82872685185185,43.11731,-79.05963,2024-09-20T19:53:22.000000Z
2024,264.8287384259259,43.11731,-79.05963,2024-09-20T19:53:23.000000Z
2024,264.82875,43.11731,-79.05963,2024-09-20T19:53:24.000000Z
2024,264.82876157407406,43.11731,-79.05963,2024-09-20T19:53:25.000000Z
2024,264.8389699074074,43.11732,-79.05974,2024-09-20T20:08:07.000000Z
2024,264.8389814814814,43.11732,-79.05973,2024-09-20T20:08:08.000000Z
2024,264.83899305555553,43.11732,-79.05973,2024-09-20T20:08:09.000000Z
2024,264.8390046296296,43.11732,-79.05972,2024-09-20T20:08:10.000000Z
2024,264.83901620370364,43.11732,-79.05972,2024-09-20T20:08:11.000000Z
2024,264.83902777777774,43.11735,-79.05976,2024-09-20T20:08:12.000000Z
2024,264.8390393518518,43.11735,-79.05976,2024-09-20T20:08:13.000000Z
2024,264.8390509259259,43.11735,-79.05976,2024-09-20T20:08:14.000000Z
2024,264.83906249999995,43.11735,-79.05976,2024-09-20T20:08:15.000000Z
2024,264.839074074074,43.11735,-79.05976,2024-09-20T20:08:16.000000Z
2024,264.8390856481481,43.11735,-79.05975,2024-09-20T20:08:17.000000Z
2024,264.83909722222216,43.11735,-79.05974,2024-09-20T20:08:18.000000Z
2024,264.8391087962963,43.11735,-79.05974,2024-09-20T20:08:19.000000Z
2024,264.8391203703703,43.11735,-79.05973,2024-09-20T20:08:20.000000Z
2024,264.8391319444444,43.11734,-79.05973,2024-09-20T20:08:21.000000Z
2024,264.8391435185185,43.11734,-79.05972,2024-09-20T20:08:22.000000Z
2024,264.83915509259253,43.11734,-79.05972,2024-09-20T20:08:23.000000Z
2024,264.83916666666664,43.11734,-79.05971,2024-09-20T20:08:24.000000Z
2024,264.8391782407407,43.11734,-79.05971,2024-09-20T20:08:25.000000Z
2024,264.84951388888885,43.11735,-79.0597,2024-09-20T20:23:18.000000Z
2024,264.8495717592592,43.11735,-79.05971,2024-09-20T20:23:23.000000Z
2024,264.8495833333333,43.11735,-79.05971,2024-09-20T20:23:24.000000Z
2024,264.8495949074074,43.11735,-79.05972,2024-09-20T20:23:25.000000Z
2024,264.8496759259259,43.11735,-79.05973,2024-09-20T20:23:32.000000Z
2024,264.84968749999996,43.11735,-79.05973,2024-09-20T20:23:33.000000Z
2024,264.84969907407407,43.11735,-79.05973,2024-09-20T20:23:34.000000Z
2024,264.8497106481481,43.11735,-79.05973,2024-09-20T20:23:35.000000Z
2024,264.8497222222222,43.11735,-79.05973,2024-09-20T20:23:36.000000Z
2024,264.8497337962963,43.11735,-79.05973,2024-09-20T20:23:37.000000Z
2024,264.84974537037033,43.11735,-79.05973,2024-09-20T20:23:38.000000Z
2024,264.8497800925926,43.11735,-79.05973,2024-09-20T20:23:41.000000Z
2024,264.8499884259259,43.11734,-79.05975,2024-09-20T20:23:59.000000Z
2024,264.84999999999997,43.11734,-79.05975,2024-09-20T20:24:00.000000Z
2024,264.850011574074,43.11734,-79.05975,2024-09-20T20:24:01.000000Z
2024,264.8500231481481,43.11734,-79.05975,2024-09-20T20:24:02.000000Z
2024,264.8500347222222,43.11734,-79.05975,2024-09-20T20:24:03.000000Z
2024,264.8500462962963,43.11734,-79.05975,2024-09-20T20:24:04.000000Z
2024,264.85005787037034,43.11734,-79.05975,2024-09-20T20:24:05.000000Z
2024,264.8500694444444,43.11734,-79.05975,2024-09-20T20:24:06.000000Z
2024,264.8500810185185,43.11734,-79.05975,2024-09-20T20:24:07.000000Z
2024,264.85009259259255,43.11734,-79.05975,2024-09-20T20:24:08.000000Z
2024,264.85010416666665,43.11734,-79.05975,2024-09-20T20:24:09.000000Z
2024,264.8501157407407,43.11734,-79.05975,2024-09-20T20:24:10.000000Z
2024,264.85012731481476,43.11734,-79.05975,2024-09-20T20:24:11.000000Z
2024,264.85013888888886,43.11734,-79.05975,2024-09-20T20:24:12.000000Z
2024,264.8501504629629,43.11734,-79.05975,2024-09-20T20:24:13.000000Z
2024,264.850162037037,43.11734,-79.05975,2024-09-20T20:24:14.000000Z
2024,264.8501736111111,43.11734,-79.05975,2024-09-20T20:24:15.000000Z
2024,264.8501851851851,43.11734,-79.05975,2024-09-20T20:24:16.000000Z
2024,264.85019675925923,43.11734,-79.05975,2024-09-20T20:24:17.000000Z
2024,264.8502083333333,43.11734,-79.05975,2024-09-20T20:24:18.000000Z
2024,264.8598263888889,43.11742,-79.05976,2024-09-20T20:38:09.000000Z
2024,264.85983796296296,43.11742,-79.05976,2024-09-20T20:38:10.000000Z
2024,264.859849537037,43.11742,-79.05977,2024-09-20T20:38:11.000000Z
2024,264.8598611111111,43.11742,-79.05977,2024-09-20T20:38:12.000000Z
2024,264.85987268518517,43.11742,-79.05978,2024-09-20T20:38:13.000000Z
2024,264.8598842592593,43.11742,-79.05978,2024-09-20T20:38:14.000000Z
2024,264.8598958333333,43.11742,-79.05978,2024-09-20T20:38:15.000000Z
2024,264.8599074074074,43.11742,-79.05978,2024-09-20T20:38:16.000000Z
2024,264.8599189814815,43.11742,-79.05978,2024-09-20T20:38:17.000000Z
2024,264.85997685185185,43.11741,-79.05979,2024-09-20T20:38:22.000000Z
2024,264.8599884259259,43.1174,-79.05979,2024-09-20T20:38:23.000000Z
2024,264.86,43.1174,-79.05979,2024-09-20T20:38:24.000000Z
2024,264.86001157407406,43.1174,-79.05979,2024-09-20T20:38:25.000000Z
2024,264.8600231481481,43.1174,-79.05979,2024-09-20T20:38:26.000000Z
2024,264.8600578703704,43.11739,-79.05979,2024-09-20T20:38:29.000000Z
2024,264.8600925925926,43.11738,-79.05978,2024-09-20T20:38:32.000000Z
2024,264.860162037037,43.11738,-79.05977,2024-09-20T20:38:38.000000Z
2024,264.8601736111111,43.11737,-79.05977,2024-09-20T20:38:39.000000Z
2024,264.86020833333333,43.11737,-79.05976,2024-09-20T20:38:42.000000Z
2024,264.8602199074074,43.11737,-79.05976,2024-09-20T20:38:43.000000Z
2024,264.8602314814815,43.11737,-79.05976,2024-09-20T20:38:44.000000Z
2024,264.86024305555554,43.11737,-79.05976,2024-09-20T20:38:45.000000Z
2024,264.86025462962965,43.11737,-79.05976,2024-09-20T20:38:46.000000Z
2024,264.8602662037037,43.11737,-79.05976,2024-09-20T20:38:47.000000Z
2024,264.86027777777775,43.11737,-79.05976,2024-09-20T20:38:48.000000Z
2024,264.86028935185186,43.11737,-79.05976,2024-09-20T20:38:49.000000Z
2024,264.8603009259259,43.11736,-79.05976,2024-09-20T20:38:50.000000Z
2024,264.8603125,43.11736,-79.05976,2024-09-20T20:38:51.000000Z
2024,264.8603240740741,43.11736,-79.05976,2024-09-20T20:38:52.000000Z
2024,264.8603356481481,43.11735,-79.05976,2024-09-20T20:38:53.000000Z
2024,264.86034722222223,43.11735,-79.05976,2024-09-20T20:38:54.000000Z
2024,264.8603587962963,43.11735,-79.05976,2024-09-20T20:38:55.000000Z
2024,264.8603703703704,43.11735,-79.05976,2024-09-20T20:38:56.000000Z
2024,264.86038194444444,43.11735,-79.05976,2024-09-20T20:38:57.000000Z
2024,264.8603935185185,43.11735,-79.05976,2024-09-20T20:38:58.000000Z
2024,264.8604050925926,43.11735,-79.05975,2024-09-20T20:38:59.000000Z
2024,264.8702199074074,43.11733,-79.05974,2024-09-20T20:53:07.000000Z
2024,264.8702314814814,43.11733,-79.05973,2024-09-20T20:53:08.000000Z
2024,264.87024305555553,43.11733,-79.05973,2024-09-20T20:53:09.000000Z
2024,264.8702546296296,43.11733,-79.05973,2024-09-20T20:53:10.000000Z
2024,264.8702893518518,43.11734,-79.05973,2024-09-20T20:53:13.000000Z
2024,264.87034722222216,43.11733,-79.05972,2024-09-20T20:53:18.000000Z
2024,264.8703587962963,43.11733,-79.05972,2024-09-20T20:53:19.000000Z
2024,264.8703935185185,43.11732,-79.05972,2024-09-20T20:53:22.000000Z
2024,264.8704282407407,43.11732,-79.05972,2024-09-20T20:53:25.000000Z
2024,264.8704629629629,43.11732,-79.05972,2024-09-20T20:53:28.000000Z
2024,264.870474537037,43.11732,-79.05972,2024-09-20T20:53:29.000000Z
2024,264.87048611111106,43.11732,-79.05972,2024-09-20T20:53:30.000000Z
2024,264.8704976851851,43.11732,-79.05972,2024-09-20T20:53:31.000000Z
2024,264.8705092592592,43.11731,-79.05972,2024-09-20T20:53:32.000000Z
2024,264.8705208333333,43.11731,-79.05972,2024-09-20T20:53:33.000000Z
2024,264.8705324074074,43.11731,-79.05972,2024-09-20T20:53:34.000000Z
2024,264.87054398148143,43.11731,-79.05972,2024-09-20T20:53:35.000000Z
2024,264.87055555555554,43.11731,-79.05972,2024-09-20T20:53:36.000000Z
2024,264.8706018518518,43.11731,-79.05972,2024-09-20T20:53:40.000000Z
2024,264.8706134259259,43.11731,-79.05972,2024-09-20T20:53:41.000000Z
2024,264.87062499999996,43.11731,-79.05972,2024-09-20T20:53:42.000000Z
2024,264.8706597222222,43.11731,-79.05972,2024-09-20T20:53:45.000000Z
2024,264.8706712962963,43.11731,-79.05972,2024-09-20T20:53:46.000000Z
2024,264.87068287037033,43.11731,-79.05972,2024-09-20T20:53:47.000000Z
2024,264.8706944444444,43.11731,-79.05972,2024-09-20T20:53:48.000000Z
2024,264.8707060185185,43.11731,-79.05972,2024-09-20T20:53:49.000000Z
2024,264.87071759259254,43.11731,-79.05972,2024-09-20T20:53:50.000000Z
2024,264.87072916666665,43.11731,-79.05973,2024-09-20T20:53:51.000000Z
2024,264.8707407407407,43.11732,-79.05973,2024-09-20T20:53:52.000000Z
2024,264.87075231481475,43.11732,-79.05973,2024-09-20T20:53:53.000000Z
2024,264.87076388888886,43.11732,-79.05973,2024-09-20T20:53:54.000000Z
2024,264.8707754629629,43.11732,-79.05973,2024-09-20T20:53:55.000000Z
2024,264.870787037037,43.11732,-79.05973,2024-09-20T20:53:56.000000Z
2024,264.87079861111107,43.11732,-79.05973,2024-09-20T20:53:57.000000Z
2024,264.8708101851851,43.11732,-79.05973,2024-09-20T20:53:58.000000Z
2024,264.87082175925923,43.11732,-79.05973,2024-09-20T20:53:59.000000Z
2024,264.87083333333334,43.11732,-79.05973,2024-09-20T20:54:00.000000Z
2024,264.8708449074074,43.11732,-79.05973,2024-09-20T20:54:01.000000Z
2024,264.88063657407406,43.1174,-79.05963,2024-09-20T21:08:07.000000Z
2024,264.8806481481481,43.1174,-79.05963,2024-09-20T21:08:08.000000Z
2024,264.8806597222222,43.11741,-79.05963,2024-09-20T21:08:09.000000Z
2024,264.88067129629627,43.1174,-79.05963,2024-09-20T21:08:10.000000Z
2024,264.8806828703703,43.11741,-79.05963,2024-09-20T21:08:11.000000Z
2024,264.88069444444443,43.11741,-79.05963,2024-09-20T21:08:12.000000Z
2024,264.8807060185185,43.11741,-79.05966,2024-09-20T21:08:13.000000Z
2024,264.8807175925926,43.11741,-79.05966,2024-09-20T21:08:14.000000Z
2024,264.88072916666664,43.1174,-79.05966,2024-09-20T21:08:15.000000Z
2024,264.8807407407407,43.1174,-79.05967,2024-09-20T21:08:16.000000Z
2024,264.8807523148148,43.1174,-79.05968,2024-09-20T21:08:17.000000Z
2024,264.88076388888885,43.11739,-79.05968,2024-09-20T21:08:18.000000Z
2024,264.88077546296296,43.11739,-79.05968,2024-09-20T21:08:19.000000Z
2024,264.880787037037,43.11739,-79.05969,2024-09-20T21:08:20.000000Z
2024,264.88079861111106,43.11738,-79.0597,2024-09-20T21:08:21.000000Z
2024,264.88081018518517,43.11738,-79.0597,2024-09-20T21:08:22.000000Z
2024,264.8808217592592,43.11738,-79.0597,2024-09-20T21:08:23.000000Z
2024,264.8808333333333,43.11738,-79.0597,2024-09-20T21:08:24.000000Z
2024,264.8808449074074,43.11738,-79.05971,2024-09-20T21:08:25.000000Z
2024,264.89105324074075,43.11731,-79.05975,2024-09-20T21:23:07.000000Z
2024,264.8910648148148,43.11731,-79.05974,2024-09-20T21:23:08.000000Z
2024,264.8910763888889,43.11731,-79.05974,2024-09-20T21:23:09.000000Z
2024,264.89108796296296,43.11731,-79.05974,2024-09-20T21:23:10.000000Z
2024,264.891099537037,43.11731,-79.05973,2024-09-20T21:23:11.000000Z
2024,264.8911111111111,43.11731,-79.05973,2024-09-20T21:23:12.000000Z
2024,264.89112268518517,43.11731,-79.05973,2024-09-20T21:23:13.000000Z
2024,264.8911342592593,43.11732,-79.05973,2024-09-20T21:23:14.000000Z
2024,264.8911458333333,43.11732,-79.05973,2024-09-20T21:23:15.000000Z
2024,264.8911574074074,43.11732,-79.05973,2024-09-20T21:23:16.000000Z
2024,264.8911689814815,43.11733,-79.05973,2024-09-20T21:23:17.000000Z
2024,264.89118055555554,43.11733,-79.05973,2024-09-20T21:23:18.000000Z
2024,264.89119212962964,43.11733,-79.05973,2024-09-20T21:23:19.000000Z
2024,264.8912037037037,43.11733,-79.05973,2024-09-20T21:23:20.000000Z
2024,264.89121527777775,43.11734,-79.05973,2024-09-20T21:23:21.000000Z
2024,264.89122685185185,43.11734,-79.05973,2024-09-20T21:23:22.000000Z
2024,264.8912384259259,43.11734,-79.05973,2024-09-20T21:23:23.000000Z
2024,264.89125,43.11734,-79.05973,2024-09-20T21:23:24.000000Z
2024,264.89126157407406,43.11734,-79.05973,2024-09-20T21:23:25.000000Z
2024,264.90146990740743,43.11738,-79.0597,2024-09-20T21:38:07.000000Z
2024,264.9014814814815,43.11738,-79.0597,2024-09-20T21:38:08.000000Z
2024,264.9014930555556,43.11738,-79.0597,2024-09-20T21:38:09.000000Z
2024,264.90150462962964,43.11738,-79.05969,2024-09-20T21:38:10.000000Z
2024,264.9015162037037,43.11738,-79.05969,2024-09-20T21:38:11.000000Z
2024,264.9015277777778,43.11738,-79.05968,2024-09-20T21:38:12.000000Z
2024,264.90153935185185,43.11737,-79.05968,2024-09-20T21:38:13.000000Z
2024,264.90155092592596,43.11737,-79.05968,2024-09-20T21:38:14.000000Z
2024,264.9015625,43.11737,-79.05968,2024-09-20T21:38:15.000000Z
2024,264.90157407407406,43.11737,-79.05968,2024-09-20T21:38:16.000000Z
2024,264.90158564814817,43.11737,-79.05968,2024-09-20T21:38:17.000000Z
2024,264.9015972222222,43.11737,-79.05968,2024-09-20T21:38:18.000000Z
2024,264.90160879629633,43.11737,-79.05968,2024-09-20T21:38:19.000000Z
2024,264.9016203703704,43.11737,-79.05968,2024-09-20T21:38:20.000000Z
2024,264.90163194444443,43.11737,-79.05968,2024-09-20T21:38:21.000000Z
2024,264.90164351851854,43.11737,-79.05969,2024-09-20T21:38:22.000000Z
2024,264.9016550925926,43.11737,-79.05969,2024-09-20T21:38:23.000000Z
2024,264.9016666666667,43.11737,-79.05969,2024-09-20T21:38:24.000000Z
2024,264.90167824074075,43.11737,-79.05969,2024-09-20T21:38:25.000000Z
2024,264.91188657407406,43.1174,-79.05985,2024-09-20T21:53:07.000000Z
2024,264.9118981481481,43.1174,-79.05985,2024-09-20T21:53:08.000000Z
2024,264.9119097222222,43.1174,-79.05985,2024-09-20T21:53:09.000000Z
2024,264.91192129629627,43.1174,-79.05984,2024-09-20T21:53:10.000000Z
2024,264.9119328703703,43.11739,-79.05983,2024-09-20T21:53:11.000000Z
2024,264.91194444444443,43.11739,-79.05982,2024-09-20T21:53:12.000000Z
2024,264.9119560185185,43.11738,-79.05982,2024-09-20T21:53:13.000000Z
2024,264.9119675925926,43.11738,-79.05981,2024-09-20T21:53:14.000000Z
2024,264.91197916666664,43.11738,-79.0598,2024-09-20T21:53:15.000000Z
2024,264.9119907407407,43.11738,-79.0598,2024-09-20T21:53:16.000000Z
2024,264.9120023148148,43.11738,-79.05979,2024-09-20T21:53:17.000000Z
2024,264.91201388888885,43.11738,-79.05979,2024-09-20T21:53:18.000000Z
2024,264.91202546296296,43.11738,-79.05979,2024-09-20T21:53:19.000000Z
2024,264.912037037037,43.11739,-79.05979,2024-09-20T21:53:20.000000Z
2024,264.91204861111106,43.11739,-79.05979,2024-09-20T21:53:21.000000Z
2024,264.91206018518517,43.11739,-79.05979,2024-09-20T21:53:22.000000Z
2024,264.9120717592592,43.1174,-79.05979,2024-09-20T21:53:23.000000Z
2024,264.9120833333333,43.1174,-79.05979,2024-09-20T21:53:24.000000Z
2024,264.9120949074074,43.1174,-79.05979,2024-09-20T21:53:25.000000Z
2024,264.92230324074075,43.11744,-79.05986,2024-09-20T22:08:07.000000Z
2024,264.9223148148148,43.11744,-79.05987,2024-09-20T22:08:08.000000Z
2024,264.9223263888889,43.11745,-79.05986,2024-09-20T22:08:09.000000Z
2024,264.92233796296296,43.11744,-79.05984,2024-09-20T22:08:10.000000Z
2024,264.922349537037,43.11744,-79.05983,2024-09-20T22:08:11.000000Z
2024,264.9223611111111,43.11744,-79.05983,2024-09-20T22:08:12.000000Z
2024,264.92237268518517,43.11744,-79.05983,2024-09-20T22:08:13.000000Z
2024,264.9223842592593,43.11744,-79.05983,2024-09-20T22:08:14.000000Z
2024,264.9223958333333,43.11744,-79.05983,2024-09-20T22:08:15.000000Z
2024,264.9224074074074,43.11743,-79.05982,2024-09-20T22:08:16.000000Z
2024,264.9224189814815,43.11743,-79.05982,2024-09-20T22:08:17.000000Z
2024,264.92243055555554,43.11743,-79.05982,2024-09-20T22:08:18.000000Z
2024,264.92244212962964,43.11743,-79.05981,2024-09-20T22:08:19.000000Z
2024,264.9224537037037,43.11743,-79.05981,2024-09-20T22:08:20.000000Z
2024,264.92246527777775,43.11743,-79.05981,2024-09-20T22:08:21.000000Z
2024,264.92247685185185,43.11743,-79.05981,2024-09-20T22:08:22.000000Z
2024,264.9224884259259,43.11743,-79.05981,2024-09-20T22:08:23.000000Z
2024,264.9225,43.11743,-79.05981,2024-09-20T22:08:24.000000Z
2024,264.92251157407406,43.11743,-79.05981,2024-09-20T22:08:25.000000Z
2024,264.93271990740743,43.11722,-79.05969,2024-09-20T22:23:07.000000Z
2024,264.9327314814815,43.11723,-79.0597,2024-09-20T22:23:08.000000Z
2024,264.9327430555556,43.11724,-79.05969,2024-09-20T22:23:09.000000Z
2024,264.93275462962964,43.11724,-79.05969,2024-09-20T22:23:10.000000Z
2024,264.9327662037037,43.11725,-79.05969,2024-09-20T22:23:11.000000Z
2024,264.9327777777778,43.11725,-79.05969,2024-09-20T22:23:12.000000Z
2024,264.93278935185185,43.11725,-79.05968,2024-09-20T22:23:13.000000Z
2024,264.93280092592596,43.11725,-79.05968,2024-09-20T22:23:14.000000Z
2024,264.9328125,43.11725,-79.05968,2024-09-20T22:23:15.000000Z
2024,264.93282407407406,43.11725,-79.05968,2024-09-20T22:23:16.000000Z
2024,264.93283564814817,43.11726,-79.05969,2024-09-20T22:23:17.000000Z
2024,264.9328472222222,43.11727,-79.05969,2024-09-20T22:23:18.000000Z
2024,264.93285879629633,43.11727,-79.0597,2024-09-20T22:23:19.000000Z
2024,264.9328703703704,43.11727,-79.0597,2024-09-20T22:23:20.000000Z
2024,264.93288194444443,43.11728,-79.0597,2024-09-20T22:23:21.000000Z
2024,264.93289351851854,43.11728,-79.0597,2024-09-20T22:23:22.000000Z
2024,264.9329050925926,43.11729,-79.0597,2024-09-20T22:23:23.000000Z
2024,264.9329166666667,43.11729,-79.0597,2024-09-20T22:23:24.000000Z
2024,264.93292824074075,43.11729,-79.0597,2024-09-20T22:23:25.000000Z
2024,264.9431365740741,43.11736,-79.0597,2024-09-20T22:38:07.000000Z
2024,264.94314814814817,43.11736,-79.0597,2024-09-20T22:38:08.000000Z
2024,264.9431597222223,43.11735,-79.0597,2024-09-20T22:38:09.000000Z
2024,264.9431712962963,43.11735,-79.0597,2024-09-20T22:38:10.000000Z
2024,264.9431828703704,43.11735,-79.0597,2024-09-20T22:38:11.000000Z
2024,264.9431944444445,43.11734,-79.05969,2024-09-20T22:38:12.000000Z
2024,264.94320601851854,43.11734,-79.05969,2024-09-20T22:38:13.000000Z
2024,264.94321759259265,43.11733,-79.05969,2024-09-20T22:38:14.000000Z
2024,264.9432291666667,43.11732,-79.05969,2024-09-20T22:38:15.000000Z
2024,264.94324074074075,43.11732,-79.05968,2024-09-20T22:38:16.000000Z
2024,264.94325231481486,43.11732,-79.05968,2024-09-20T22:38:17.000000Z
2024,264.9432638888889,43.11732,-79.05969,2024-09-20T22:38:18.000000Z
2024,264.943275462963,43.11732,-79.05969,2024-09-20T22:38:19.000000Z
2024,264.94328703703707,43.11732,-79.05969,2024-09-20T22:38:20.000000Z
2024,264.9432986111111,43.11732,-79.05969,2024-09-20T22:38:21.000000Z
2024,264.9433101851852,43.11732,-79.05969,2024-09-20T22:38:22.000000Z
2024,264.9433217592593,43.11732,-79.05969,2024-09-20T22:38:23.000000Z
2024,264.9433333333334,43.11732,-79.05969,2024-09-20T22:38:24.000000Z
2024,264.94334490740744,43.11732,-79.05969,2024-09-20T22:38:25.000000Z
2024,264.95355324074075,43.11729,-79.05965,2024-09-20T22:53:07.000000Z
2024,264.9535648148148,43.11729,-79.05965,2024-09-20T22:53:08.000000Z
2024,264.9535763888889,43.11729,-79.05965,2024-09-20T22:53:09.000000Z
2024,264.95358796296296,43.1173,-79.05966,2024-09-20T22:53:10.000000Z
2024,264.953599537037,43.1173,-79.05966,2024-09-20T22:53:11.000000Z
2024,264.9536111111111,43.1173,-79.05966,2024-09-20T22:53:12.000000Z
2024,264.95362268518517,43.1173,-79.05966,2024-09-20T22:53:13.000000Z
2024,264.9536342592593,43.1173,-79.05966,2024-09-20T22:53:14.000000Z
2024,264.9536458333333,43.1173,-79.05966,2024-09-20T22:53:15.000000Z
2024,264.9536574074074,43.1173,-79.05966,2024-09-20T22:53:16.000000Z
2024,264.9536689814815,43.1173,-79.05966,2024-09-20T22:53:17.000000Z
2024,264.95368055555554,43.1173,-79.05965,2024-09-20T22:53:18.000000Z
2024,264.95369212962964,43.1173,-79.05966,2024-09-20T22:53:19.000000Z
2024,264.9537037037037,43.1173,-79.05966,2024-09-20T22:53:20.000000Z
2024,264.95371527777775,43.11731,-79.05966,2024-09-20T22:53:21.000000Z
2024,264.95372685185185,43.11732,-79.05966,2024-09-20T22:53:22.000000Z
2024,264.9537384259259,43.11732,-79.05966,2024-09-20T22:53:23.000000Z
2024,264.95375,43.11732,-79.05966,2024-09-20T22:53:24.000000Z
2024,264.95376157407406,43.11732,-79.05967,2024-09-20T22:53:25.000000Z
2024,264.9639699074074,43.11746,-79.05981,2024-09-20T23:08:07.000000Z
2024,264.9639814814814,43.11746,-79.05981,2024-09-20T23:08:08.000000Z
2024,264.96399305555553,43.11746,-79.05982,2024-09-20T23:08:09.000000Z
2024,264.9640046296296,43.11746,-79.05982,2024-09-20T23:08:10.000000Z
2024,264.96401620370364,43.11746,-79.05982,2024-09-20T23:08:11.000000Z
2024,264.96402777777774,43.11746,-79.05982,2024-09-20T23:08:12.000000Z
2024,264.9640393518518,43.11746,-79.05982,2024-09-20T23:08:13.000000Z
2024,264.9640509259259,43.11745,-79.05982,2024-09-20T23:08:14.000000Z
2024,264.96406249999995,43.11743,-79.05981,2024-09-20T23:08:15.000000Z
2024,264.964074074074,43.11743,-79.05981,2024-09-20T23:08:16.000000Z
2024,264.9640856481481,43.11743,-79.05981,2024-09-20T23:08:17.000000Z
2024,264.96409722222216,43.11743,-79.0598,2024-09-20T23:08:18.000000Z
2024,264.9641087962963,43.11742,-79.0598,2024-09-20T23:08:19.000000Z
2024,264.9641203703703,43.1174,-79.05979,2024-09-20T23:08:20.000000Z
2024,264.9641319444444,43.1174,-79.05979,2024-09-20T23:08:21.000000Z
2024,264.9641435185185,43.11739,-79.05978,2024-09-20T23:08:22.000000Z
2024,264.96415509259253,43.11738,-79.05977,2024-09-20T23:08:23.000000Z
2024,264.96416666666664,43.11738,-79.05976,2024-09-20T23:08:24.000000Z
2024,264.9641782407407,43.11738,-79.05976,2024-09-20T23:08:25.000000Z
2024,264.97438657407406,43.11743,-79.05984,2024-09-20T23:23:07.000000Z
2024,264.9743981481481,43.11743,-79.05984,2024-09-20T23:23:08.000000Z
2024,264.9744097222222,43.11743,-79.05985,2024-09-20T23:23:09.000000Z
2024,264.97442129629627,43.11743,-79.05985,2024-09-20T23:23:10.000000Z
2024,264.9744328703703,43.11743,-79.05985,2024-09-20T23:23:11.000000Z
2024,264.97444444444443,43.11744,-79.05985,2024-09-20T23:23:12.000000Z
2024,264.9744560185185,43.11744,-79.05986,2024-09-20T23:23:13.000000Z
2024,264.9744675925926,43.11743,-79.05986,2024-09-20T23:23:14.000000Z
2024,264.97447916666664,43.11743,-79.05986,2024-09-20T23:23:15.000000Z
2024,264.9744907407407,43.11743,-79.05986,2024-09-20T23:23:16.000000Z
2024,264.9745023148148,43.11743,-79.05986,2024-09-20T23:23:17.000000Z
2024,264.97451388888885,43.11743,-79.05985,2024-09-20T23:23:18.000000Z
2024,264.97452546296296,43.11743,-79.05986,2024-09-20T23:23:19.000000Z
2024,264.974537037037,43.11743,-79.05986,2024-09-20T23:23:20.000000Z
2024,264.97454861111106,43.11743,-79.05986,2024-09-20T23:23:21.000000Z
2024,264.97456018518517,43.11742,-79.05986,2024-09-20T23:23:22.000000Z
2024,264.9745717592592,43.11742,-79.05986,2024-09-20T23:23:23.000000Z
2024,264.9745833333333,43.11742,-79.05986,2024-09-20T23:23:24.000000Z
2024,264.9745949074074,43.11742,-79.05985,2024-09-20T23:23:25.000000Z
2024,264.98480324074075,43.11735,-79.05967,2024-09-20T23:38:07.000000Z
2024,264.9848148148148,43.11735,-79.05967,2024-09-20T23:38:08.000000Z
2024,264.9848263888889,43.11734,-79.05967,2024-09-20T23:38:09.000000Z
2024,264.98483796296296,43.11734,-79.05968,2024-09-20T23:38:10.000000Z
2024,264.984849537037,43.11734,-79.05968,2024-09-20T23:38:11.000000Z
2024,264.9848611111111,43.11735,-79.05968,2024-09-20T23:38:12.000000Z
2024,264.98487268518517,43.11735,-79.0597,2024-09-20T23:38:13.000000Z
2024,264.9848842592593,43.11736,-79.05972,2024-09-20T23:38:14.000000Z
2024,264.9848958333333,43.11737,-79.05973,2024-09-20T23:38:15.000000Z
2024,264.9849074074074,43.11736,-79.05973,2024-09-20T23:38:16.000000Z
2024,264.9849189814815,43.11737,-79.05973,2024-09-20T23:38:17.000000Z
2024,264.98493055555554,43.11737,-79.05973,2024-09-20T23:38:18.000000Z
2024,264.98494212962964,43.11737,-79.05973,2024-09-20T23:38:19.000000Z
2024,264.9849537037037,43.11737,-79.05973,2024-09-20T23:38:20.000000Z
2024,264.98496527777775,43.11737,-79.05973,2024-09-20T23:38:21.000000Z
2024,264.98497685185185,43.11737,-79.05973,2024-09-20T23:38:22.000000Z
2024,264.9849884259259,43.11737,-79.05973,2024-09-20T23:38:23.000000Z
2024,264.985,43.11737,-79.05973,2024-09-20T23:38:24.000000Z
2024,264.98501157407406,43.11737,-79.05973,2024-09-20T23:38:25.000000Z
2024,264.99520833333327,43.11738,-79.05984,2024-09-20T23:53:06.000000Z
2024,264.9952199074074,43.11737,-79.05985,2024-09-20T23:53:07.000000Z
2024,264.9952314814814,43.11737,-79.05986,2024-09-20T23:53:08.000000Z
2024,264.99524305555553,43.11736,-79.05986,2024-09-20T23:53:09.000000Z
2024,264.9952546296296,43.11735,-79.05977,2024-09-20T23:53:10.000000Z
2024,264.99526620370364,43.11735,-79.05977,2024-09-20T23:53:11.000000Z
2024,264.99527777777774,43.11736,-79.05976,2024-09-20T23:53:12.000000Z
2024,264.9952893518518,43.11736,-79.05976,2024-09-20T23:53:13.000000Z
2024,264.9953009259259,43.11736,-79.05975,2024-09-20T23:53:14.000000Z
2024,264.99531249999995,43.11737,-79.05974,2024-09-20T23:53:15.000000Z
2024,264.995324074074,43.11736,-79.05973,2024-09-20T23:53:16.000000Z
2024,264.9953356481481,43.11736,-79.05973,2024-09-20T23:53:17.000000Z
2024,264.99534722222216,43.11736,-79.05973,2024-09-20T23:53:18.000000Z
2024,264.9953587962963,43.11736,-79.05973,2024-09-20T23:53:19.000000Z
2024,264.9953703703703,43.11736,-79.05973,2024-09-20T23:53:20.000000Z
2024,264.9953819444444,43.11736,-79.05973,2024-09-20T23:53:21.000000Z
2024,264.9953935185185,43.11736,-79.05974,2024-09-20T23:53:22.000000Z
2024,264.99540509259253,43.11736,-79.05973,2024-09-20T23:53:23.000000Z
2024,264.99541666666664,43.11736,-79.05973,2024-09-20T23:53:24.000000Z
2024,264.9954282407407,43.11736,-79.05973,2024-09-20T23:53:25.000000Z
2024,265.00562499999995,43.1173,-79.0596,2024-09-21T00:08:06.000000Z
2024,265.00563657407406,43.1173,-79.05961,2024-09-21T00:08:07.000000Z
2024,265.0056481481481,43.1173,-79.05961,2024-09-21T00:08:08.000000Z
2024,265.0056597222222,43.1173,-79.05961,2024-09-21T00:08:09.000000Z
2024,265.00567129629627,43.11729,-79.05961,2024-09-21T00:08:10.000000Z
2024,265.0056828703703,43.11729,-79.05962,2024-09-21T00:08:11.000000Z
2024,265.00569444444443,43.11729,-79.05962,2024-09-21T00:08:12.000000Z
2024,265.0057060185185,43.11729,-79.05962,2024-09-21T00:08:13.000000Z
2024,265.0057175925926,43.11729,-79.05963,2024-09-21T00:08:14.000000Z
2024,265.00572916666664,43.11729,-79.05963,2024-09-21T00:08:15.000000Z
2024,265.0057407407407,43.11729,-79.05963,2024-09-21T00:08:16.000000Z
2024,265.0057523148148,43.11729,-79.05963,2024-09-21T00:08:17.000000Z
2024,265.00576388888885,43.11728,-79.05963,2024-09-21T00:08:18.000000Z
2024,265.00577546296296,43.11728,-79.05963,2024-09-21T00:08:19.000000Z
2024,265.005787037037,43.11728,-79.05963,2024-09-21T00:08:20.000000Z
2024,265.00579861111106,43.11728,-79.05963,2024-09-21T00:08:21.000000Z
2024,265.00581018518517,43.11728,-79.05963,2024-09-21T00:08:22.000000Z
2024,265.0058217592592,43.11728,-79.05963,2024-09-21T00:08:23.000000Z
2024,265.0058333333333,43.11727,-79.05963,2024-09-21T00:08:24.000000Z
2024,265.0058449074074,43.11727,-79.05963,2024-09-21T00:08:25.000000Z
2024,265.01604166666664,43.11747,-79.05995,2024-09-21T00:23:06.000000Z
2024,265.01605324074075,43.11746,-79.05994,2024-09-21T00:23:07.000000Z
2024,265.0160648148148,43.11745,-79.05991,2024-09-21T00:23:08.000000Z
2024,265.0160763888889,43.11743,-79.05986,2024-09-21T00:23:09.000000Z
2024,265.01608796296296,43.11739,-79.05979,2024-09-21T00:23:10.000000Z
2024,265.016099537037,43.11737,-79.05976,2024-09-21T00:23:11.000000Z
2024,265.0161111111111,43.11736,-79.05974,2024-09-21T00:23:12.000000Z
2024,265.01612268518517,43.11736,-79.05973,2024-09-21T00:23:13.000000Z
2024,265.0161342592593,43.11735,-79.05972,2024-09-21T00:23:14.000000Z
2024,265.0161458333333,43.11735,-79.05971,2024-09-21T00:23:15.000000Z
2024,265.0161574074074,43.11735,-79.0597,2024-09-21T00:23:16.000000Z
2024,265.0161689814815,43.11735,-79.0597,2024-09-21T00:23:17.000000Z
2024,265.01618055555554,43.11735,-79.0597,2024-09-21T00:23:18.000000Z
2024,265.01619212962964,43.11735,-79.05969,2024-09-21T00:23:19.000000Z
2024,265.0162037037037,43.11735,-79.05969,2024-09-21T00:23:20.000000Z
2024,265.01621527777775,43.11734,-79.05968,2024-09-21T00:23:21.000000Z
2024,265.01622685185185,43.11734,-79.05968,2024-09-21T00:23:22.000000Z
2024,265.0162384259259,43.11734,-79.05968,2024-09-21T00:23:23.000000Z
2024,265.01625,43.11734,-79.05968,2024-09-21T00:23:24.000000Z
2024,265.01626157407406,43.11734,-79.05968,2024-09-21T00:23:25.000000Z
2024,265.0264583333333,43.11733,-79.05965,2024-09-21T00:38:06.000000Z
2024,265.02646990740743,43.11733,-79.05965,2024-09-21T00:38:07.000000Z
2024,265.0264814814815,43.11733,-79.05965,2024-09-21T00:38:08.000000Z
2024,265.0264930555556,43.11734,-79.05966,2024-09-21T00:38:09.000000Z
2024,265.02650462962964,43.11735,-79.05968,2024-09-21T00:38:10.000000Z
2024,265.0265162037037,43.11735,-79.05969,2024-09-21T00:38:11.000000Z
2024,265.0265277777778,43.11735,-79.0597,2024-09-21T00:38:12.000000Z
2024,265.02653935185185,43.11735,-79.0597,2024-09-21T00:38:13.000000Z
2024,265.02655092592596,43.11735,-79.05973,2024-09-21T00:38:14.000000Z
2024,265.0265625,43.11737,-79.05974,2024-09-21T00:38:15.000000Z
2024,265.02657407407406,43.11737,-79.05976,2024-09-21T00:38:16.000000Z
2024,265.02658564814817,43.11737,-79.05977,2024-09-21T00:38:17.000000Z
2024,265.0265972222222,43.11738,-79.05978,2024-09-21T00:38:18.000000Z
2024,265.02660879629633,43.11738,-79.05979,2024-09-21T00:38:19.000000Z
2024,265.0266203703704,43.11738,-79.0598,2024-09-21T00:38:20.000000Z
2024,265.02663194444443,43.11738,-79.05981,2024-09-21T00:38:21.000000Z
2024,265.02664351851854,43.11738,-79.05981,2024-09-21T00:38:22.000000Z
2024,265.0266550925926,43.11738,-79.05982,2024-09-21T00:38:23.000000Z
2024,265.0266666666667,43.11738,-79.05982,2024-09-21T00:38:24.000000Z
2024,265.02667824074075,43.11738,-79.05982,2024-09-21T00:38:25.000000Z
2024,265.03687499999995,43.1174,-79.05998,2024-09-21T00:53:06.000000Z
2024,265.03688657407406,43.11739,-79.05998,2024-09-21T00:53:07.000000Z
2024,265.0368981481481,43.1174,-79.05997,2024-09-21T00:53:08.000000Z
2024,265.0369097222222,43.1174,-79.05997,2024-09-21T00:53:09.000000Z
2024,265.03692129629627,43.1174,-79.05995,2024-09-21T00:53:10.000000Z
2024,265.0369328703703,43.1174,-79.05994,2024-09-21T00:53:11.000000Z
2024,265.03694444444443,43.1174,-79.05993,2024-09-21T00:53:12.000000Z
2024,265.0369560185185,43.1174,-79.05992,2024-09-21T00:53:13.000000Z
2024,265.0369675925926,43.1174,-79.05992,2024-09-21T00:53:14.000000Z
2024,265.03697916666664,43.1174,-79.05992,2024-09-21T00:53:15.000000Z
2024,265.0369907407407,43.1174,-79.05992,2024-09-21T00:53:16.000000Z
2024,265.0370023148148,43.1174,-79.05991,2024-09-21T00:53:17.000000Z
2024,265.03701388888885,43.1174,-79.05991,2024-09-21T00:53:18.000000Z
2024,265.03702546296296,43.1174,-79.0599,2024-09-21T00:53:19.000000Z
2024,265.037037037037,43.11739,-79.05989,2024-09-21T00:53:20.000000Z
2024,265.03704861111106,43.11739,-79.05989,2024-09-21T00:53:21.000000Z
2024,265.03706018518517,43.11739,-79.05989,2024-09-21T00:53:22.000000Z
2024,265.0370717592592,43.11739,-79.05988,2024-09-21T00:53:23.000000Z
2024,265.0370833333333,43.11739,-79.05988,2024-09-21T00:53:24.000000Z
2024,265.0370949074074,43.11739,-79.05987,2024-09-21T00:53:25.000000Z
2024,265.04729166666664,43.11738,-79.05983,2024-09-21T01:08:06.000000Z
2024,265.04730324074075,43.11738,-79.05982,2024-09-21T01:08:07.000000Z
2024,265.0473148148148,43.11737,-79.05982,2024-09-21T01:08:08.000000Z
2024,265.0473263888889,43.11737,-79.05981,2024-09-21T01:08:09.000000Z
2024,265.04733796296296,43.11738,-79.0598,2024-09-21T01:08:10.000000Z
2024,265.047349537037,43.11738,-79.05979,2024-09-21T01:08:11.000000Z
2024,265.0473611111111,43.11738,-79.05978,2024-09-21T01:08:12.000000Z
2024,265.04737268518517,43.11738,-79.05976,2024-09-21T01:08:13.000000Z
2024,265.0473842592593,43.11737,-79.05973,2024-09-21T01:08:14.000000Z
2024,265.0473958333333,43.11737,-79.05972,2024-09-21T01:08:15.000000Z
2024,265.0474074074074,43.11736,-79.05971,2024-09-21T01:08:16.000000Z
2024,265.0474189814815,43.11735,-79.05971,2024-09-21T01:08:17.000000Z
2024,265.04743055555554,43.11735,-79.0597,2024-09-21T01:08:18.000000Z
2024,265.04744212962964,43.11735,-79.0597,2024-09-21T01:08:19.000000Z
2024,265.0474537037037,43.11735,-79.0597,2024-09-21T01:08:20.000000Z
2024,265.04746527777775,43.11734,-79.0597,2024-09-21T01:08:21.000000Z
2024,265.04747685185185,43.11734,-79.0597,2024-09-21T01:08:22.000000Z
2024,265.0474884259259,43.11734,-79.05969,2024-09-21T01:08:23.000000Z
2024,265.0475,43.11734,-79.05969,2024-09-21T01:08:24.000000Z
2024,265.04751157407406,43.11734,-79.05969,2024-09-21T01:08:25.000000Z
2024,265.0576967592593,43.11722,-79.05988,2024-09-21T01:23:05.000000Z
2024,265.0577083333333,43.11725,-79.05985,2024-09-21T01:23:06.000000Z
2024,265.05771990740743,43.11727,-79.05982,2024-09-21T01:23:07.000000Z
2024,265.0577314814815,43.11729,-79.05982,2024-09-21T01:23:08.000000Z
2024,265.0577430555556,43.1173,-79.05982,2024-09-21T01:23:09.000000Z
2024,265.05775462962964,43.11731,-79.05981,2024-09-21T01:23:10.000000Z
2024,265.0577662037037,43.11732,-79.05981,2024-09-21T01:23:11.000000Z
2024,265.0577777777778,43.11732,-79.0598,2024-09-21T01:23:12.000000Z
2024,265.05778935185185,43.11732,-79.0598,2024-09-21T01:23:13.000000Z
2024,265.05780092592596,43.11732,-79.0598,2024-09-21T01:23:14.000000Z
2024,265.0578125,43.11732,-79.0598,2024-09-21T01:23:15.000000Z
2024,265.05782407407406,43.11732,-79.0598,2024-09-21T01:23:16.000000Z
2024,265.05783564814817,43.11733,-79.0598,2024-09-21T01:23:17.000000Z
2024,265.0578472222222,43.11733,-79.0598,2024-09-21T01:23:18.000000Z
2024,265.05785879629633,43.11733,-79.0598,2024-09-21T01:23:19.000000Z
2024,265.0578703703704,43.11733,-79.0598,2024-09-21T01:23:20.000000Z
2024,265.0579050925926,43.11734,-79.0598,2024-09-21T01:23:23.000000Z
2024,265.0579166666667,43.11734,-79.05979,2024-09-21T01:23:24.000000Z
2024,265.05792824074075,43.11734,-79.05979,2024-09-21T01:23:25.000000Z
2024,265.0579398148148,43.11734,-79.05979,2024-09-21T01:23:26.000000Z
2024,265.068125,43.11729,-79.05959,2024-09-21T01:38:06.000000Z
2024,265.0681365740741,43.11728,-79.0596,2024-09-21T01:38:07.000000Z
2024,265.06814814814817,43.11727,-79.0596,2024-09-21T01:38:08.000000Z
2024,265.0681597222223,43.11726,-79.05961,2024-09-21T01:38:09.000000Z
2024,265.0681712962963,43.11725,-79.05964,2024-09-21T01:38:10.000000Z
2024,265.0681828703704,43.11725,-79.05964,2024-09-21T01:38:11.000000Z
2024,265.0681944444445,43.11724,-79.05964,2024-09-21T01:38:12.000000Z
2024,265.06820601851854,43.11724,-79.05964,2024-09-21T01:38:13.000000Z
2024,265.06821759259265,43.11723,-79.05963,2024-09-21T01:38:14.000000Z
2024,265.0682291666667,43.11723,-79.05963,2024-09-21T01:38:15.000000Z
2024,265.06824074074075,43.11723,-79.05963,2024-09-21T01:38:16.000000Z
2024,265.06825231481486,43.11722,-79.05963,2024-09-21T01:38:17.000000Z
2024,265.0682638888889,43.11722,-79.05963,2024-09-21T01:38:18.000000Z
2024,265.068275462963,43.11722,-79.05963,2024-09-21T01:38:19.000000Z
2024,265.06828703703707,43.11723,-79.05963,2024-09-21T01:38:20.000000Z
2024,265.0682986111111,43.11723,-79.05963,2024-09-21T01:38:21.000000Z
2024,265.0683101851852,43.11722,-79.05963,2024-09-21T01:38:22.000000Z
2024,265.0683217592593,43.11723,-79.05963,2024-09-21T01:38:23.000000Z
2024,265.0683333333334,43.11723,-79.05963,2024-09-21T01:38:24.000000Z
2024,265.06834490740744,43.11723,-79.05963,2024-09-21T01:38:25.000000Z
2024,265.078599537037,43.11758,-79.06008,2024-09-21T01:53:11.000000Z
2024,265.0786111111111,43.11758,-79.06008,2024-09-21T01:53:12.000000Z
2024,265.07862268518517,43.11757,-79.06008,2024-09-21T01:53:13.000000Z
2024,265.0786342592593,43.11757,-79.06007,2024-09-21T01:53:14.000000Z
2024,265.0786458333333,43.11757,-79.06006,2024-09-21T01:53:15.000000Z
2024,265.0786574074074,43.11757,-79.06006,2024-09-21T01:53:16.000000Z
2024,265.0786689814815,43.11756,-79.06006,2024-09-21T01:53:17.000000Z
2024,265.07868055555554,43.11756,-79.06006,2024-09-21T01:53:18.000000Z
2024,265.07869212962964,43.11757,-79.06007,2024-09-21T01:53:19.000000Z
2024,265.0787037037037,43.11757,-79.06008,2024-09-21T01:53:20.000000Z
2024,265.07871527777775,43.11759,-79.0601,2024-09-21T01:53:21.000000Z
2024,265.07872685185185,43.11759,-79.06011,2024-09-21T01:53:22.000000Z
2024,265.0787384259259,43.1176,-79.06012,2024-09-21T01:53:23.000000Z
2024,265.07875,43.11761,-79.06013,2024-09-21T01:53:24.000000Z
2024,265.07876157407406,43.11761,-79.06014,2024-09-21T01:53:25.000000Z
2024,265.0787731481481,43.11761,-79.06015,2024-09-21T01:53:26.000000Z
2024,265.0787847222222,43.11761,-79.06015,2024-09-21T01:53:27.000000Z
2024,265.0787962962963,43.11761,-79.06015,2024-09-21T01:53:28.000000Z
2024,265.0788078703704,43.11761,-79.06014,2024-09-21T01:53:29.000000Z
2024,265.07881944444443,43.1176,-79.06013,2024-09-21T01:53:30.000000Z
2024,265.0889467592592,43.1174,-79.05937,2024-09-21T02:08:05.000000Z
2024,265.08895833333327,43.11739,-79.05936,2024-09-21T02:08:06.000000Z
2024,265.0889699074074,43.11738,-79.05936,2024-09-21T02:08:07.000000Z
2024,265.0889814814814,43.11737,-79.05936,2024-09-21T02:08:08.000000Z
2024,265.08899305555553,43.11737,-79.05936,2024-09-21T02:08:09.000000Z
2024,265.0890046296296,43.11734,-79.05946,2024-09-21T02:08:10.000000Z
2024,265.08901620370364,43.11733,-79.0595,2024-09-21T02:08:11.000000Z
2024,265.08902777777774,43.11733,-79.05954,2024-09-21T02:08:12.000000Z
2024,265.0890393518518,43.11733,-79.05957,2024-09-21T02:08:13.000000Z
2024,265.0890509259259,43.11733,-79.05958,2024-09-21T02:08:14.000000Z
2024,265.08906249999995,43.11734,-79.0596,2024-09-21T02:08:15.000000Z
2024,265.089074074074,43.11734,-79.0596,2024-09-21T02:08:16.000000Z
2024,265.0890856481481,43.11734,-79.05961,2024-09-21T02:08:17.000000Z
2024,265.08909722222216,43.11734,-79.05963,2024-09-21T02:08:18.000000Z
2024,265.0891087962963,43.11734,-79.05963,2024-09-21T02:08:19.000000Z
2024,265.0891203703703,43.11733,-79.05963,2024-09-21T02:08:20.000000Z
2024,265.0891319444444,43.11733,-79.05964,2024-09-21T02:08:21.000000Z
2024,265.0891435185185,43.11733,-79.05965,2024-09-21T02:08:22.000000Z
2024,265.08915509259253,43.11732,-79.05966,2024-09-21T02:08:23.000000Z
2024,265.08916666666664,43.11732,-79.05966,2024-09-21T02:08:24.000000Z
2024,265.0993634259259,43.11754,-79.05953,2024-09-21T02:23:05.000000Z
2024,265.09937499999995,43.11753,-79.05954,2024-09-21T02:23:06.000000Z
2024,265.09938657407406,43.11753,-79.05954,2024-09-21T02:23:07.000000Z
2024,265.0993981481481,43.11752,-79.05954,2024-09-21T02:23:08.000000Z
2024,265.0994097222222,43.11751,-79.05954,2024-09-21T02:23:09.000000Z
2024,265.09942129629627,43.11752,-79.05957,2024-09-21T02:23:10.000000Z
2024,265.0994328703703,43.11753,-79.05958,2024-09-21T02:23:11.000000Z
2024,265.09944444444443,43.11753,-79.05959,2024-09-21T02:23:12.000000Z
2024,265.0994560185185,43.11752,-79.05959,2024-09-21T02:23:13.000000Z
2024,265.0994675925926,43.11752,-79.05959,2024-09-21T02:23:14.000000Z
2024,265.09947916666664,43.11752,-79.05959,2024-09-21T02:23:15.000000Z
2024,265.0994907407407,43.11752,-79.05959,2024-09-21T02:23:16.000000Z
2024,265.0995023148148,43.11752,-79.05959,2024-09-21T02:23:17.000000Z
2024,265.09951388888885,43.11753,-79.0596,2024-09-21T02:23:18.000000Z
2024,265.09952546296296,43.11753,-79.0596,2024-09-21T02:23:19.000000Z
2024,265.099537037037,43.11753,-79.0596,2024-09-21T02:23:20.000000Z
2024,265.09954861111106,43.11753,-79.0596,2024-09-21T02:23:21.000000Z
2024,265.09956018518517,43.11754,-79.05959,2024-09-21T02:23:22.000000Z
2024,265.0995717592592,43.11755,-79.05958,2024-09-21T02:23:23.000000Z
2024,265.0995833333333,43.11755,-79.05959,2024-09-21T02:23:24.000000Z
2024,265.1097800925926,43.11747,-79.0596,2024-09-21T02:38:05.000000Z
2024,265.10979166666664,43.11746,-79.05961,2024-09-21T02:38:06.000000Z
2024,265.10980324074075,43.11746,-79.0596,2024-09-21T02:38:07.000000Z
2024,265.1098148148148,43.11746,-79.05961,2024-09-21T02:38:08.000000Z
2024,265.1098263888889,43.11746,-79.05961,2024-09-21T02:38:09.000000Z
2024,265.10983796296296,43.11745,-79.05961,2024-09-21T02:38:10.000000Z
2024,265.109849537037,43.11745,-79.05961,2024-09-21T02:38:11.000000Z
2024,265.1098611111111,43.11745,-79.05961,2024-09-21T02:38:12.000000Z
2024,265.10987268518517,43.11745,-79.05961,2024-09-21T02:38:13.000000Z
2024,265.1098842592593,43.11745,-79.05962,2024-09-21T02:38:14.000000Z
2024,265.1098958333333,43.11746,-79.05962,2024-09-21T02:38:15.000000Z
2024,265.1099074074074,43.11746,-79.05962,2024-09-21T02:38:16.000000Z
2024,265.1099189814815,43.11746,-79.05962,2024-09-21T02:38:17.000000Z
2024,265.10993055555554,43.11746,-79.05962,2024-09-21T02:38:18.000000Z
2024,265.10994212962964,43.11746,-79.05962,2024-09-21T02:38:19.000000Z
2024,265.1099537037037,43.11746,-79.05962,2024-09-21T02:38:20.000000Z
2024,265.10996527777775,43.11746,-79.05963,2024-09-21T02:38:21.000000Z
2024,265.10997685185185,43.11746,-79.05963,2024-09-21T02:38:22.000000Z
2024,265.1099884259259,43.11746,-79.05963,2024-09-21T02:38:23.000000Z
2024,265.11,43.11746,-79.05963,2024-09-21T02:38:24.000000Z
2024,265.1201967592592,43.11753,-79.05963,2024-09-21T02:53:05.000000Z
2024,265.12020833333327,43.11754,-79.0596,2024-09-21T02:53:06.000000Z
2024,265.1202199074074,43.11754,-79.05961,2024-09-21T02:53:07.000000Z
2024,265.1202314814814,43.11754,-79.05961,2024-09-21T02:53:08.000000Z
2024,265.12024305555553,43.11753,-79.0596,2024-09-21T02:53:09.000000Z
2024,265.1202546296296,43.11753,-79.05958,2024-09-21T02:53:10.000000Z
2024,265.12026620370364,43.11753,-79.05957,2024-09-21T02:53:11.000000Z
2024,265.12027777777774,43.11754,-79.05957,2024-09-21T02:53:12.000000Z
2024,265.1202893518518,43.11754,-79.05956,2024-09-21T02:53:13.000000Z
2024,265.1203009259259,43.11754,-79.05956,2024-09-21T02:53:14.000000Z
2024,265.12031249999995,43.11754,-79.05956,2024-09-21T02:53:15.000000Z
2024,265.120324074074,43.11755,-79.05956,2024-09-21T02:53:16.000000Z
2024,265.1203356481481,43.11755,-79.05956,2024-09-21T02:53:17.000000Z
2024,265.12034722222216,43.11755,-79.05955,2024-09-21T02:53:18.000000Z
2024,265.1203587962963,43.11755,-79.05955,2024-09-21T02:53:19.000000Z
2024,265.1203703703703,43.11755,-79.05955,2024-09-21T02:53:20.000000Z
2024,265.1203819444444,43.11756,-79.05955,2024-09-21T02:53:21.000000Z
2024,265.1203935185185,43.11756,-79.05954,2024-09-21T02:53:22.000000Z
2024,265.12040509259253,43.11756,-79.05954,2024-09-21T02:53:23.000000Z
2024,265.12041666666664,43.11756,-79.05953,2024-09-21T02:53:24.000000Z
2024,265.1306134259259,43.11746,-79.05966,2024-09-21T03:08:05.000000Z
2024,265.13062499999995,43.11746,-79.05967,2024-09-21T03:08:06.000000Z
2024,265.13063657407406,43.11746,-79.05969,2024-09-21T03:08:07.000000Z
2024,265.1306481481481,43.11746,-79.0597,2024-09-21T03:08:08.000000Z
2024,265.1306597222222,43.11746,-79.05971,2024-09-21T03:08:09.000000Z
2024,265.13067129629627,43.11746,-79.05973,2024-09-21T03:08:10.000000Z
2024,265.1306828703703,43.11746,-79.05973,2024-09-21T03:08:11.000000Z
2024,265.13069444444443,43.11745,-79.05974,2024-09-21T03:08:12.000000Z
2024,265.1307060185185,43.11745,-79.05974,2024-09-21T03:08:13.000000Z
2024,265.1307175925926,43.11745,-79.05974,2024-09-21T03:08:14.000000Z
2024,265.13072916666664,43.11745,-79.05975,2024-09-21T03:08:15.000000Z
2024,265.1307407407407,43.11745,-79.05976,2024-09-21T03:08:16.000000Z
2024,265.1307523148148,43.11744,-79.05976,2024-09-21T03:08:17.000000Z
2024,265.13076388888885,43.11744,-79.05976,2024-09-21T03:08:18.000000Z
2024,265.13077546296296,43.11744,-79.05976,2024-09-21T03:08:19.000000Z
2024,265.130787037037,43.11744,-79.05976,2024-09-21T03:08:20.000000Z
2024,265.13079861111106,43.11744,-79.05976,2024-09-21T03:08:21.000000Z
2024,265.13081018518517,43.11744,-79.05975,2024-09-21T03:08:22.000000Z
2024,265.1308217592592,43.11743,-79.05975,2024-09-21T03:08:23.000000Z
2024,265.1308333333333,43.11743,-79.05974,2024-09-21T03:08:24.000000Z
2024,265.1410069444444,43.11748,-79.05942,2024-09-21T03:23:03.000000Z
2024,265.1410300925926,43.11729,-79.05967,2024-09-21T03:23:05.000000Z
2024,265.14104166666664,43.11731,-79.05966,2024-09-21T03:23:06.000000Z
2024,265.14105324074075,43.1173,-79.05965,2024-09-21T03:23:07.000000Z
2024,265.1410648148148,43.11732,-79.05966,2024-09-21T03:23:08.000000Z
2024,265.1410763888889,43.11732,-79.05967,2024-09-21T03:23:09.000000Z
2024,265.14108796296296,43.11734,-79.05968,2024-09-21T03:23:10.000000Z
2024,265.141099537037,43.11734,-79.05967,2024-09-21T03:23:11.000000Z
2024,265.1411111111111,43.11733,-79.05967,2024-09-21T03:23:12.000000Z
2024,265.14112268518517,43.11732,-79.05968,2024-09-21T03:23:13.000000Z
2024,265.1411342592593,43.11732,-79.05968,2024-09-21T03:23:14.000000Z
2024,265.1411458333333,43.11732,-79.05969,2024-09-21T03:23:15.000000Z
2024,265.1411574074074,43.11732,-79.05969,2024-09-21T03:23:16.000000Z
2024,265.1411689814815,43.11732,-79.05969,2024-09-21T03:23:17.000000Z
2024,265.14118055555554,43.11732,-79.05969,2024-09-21T03:23:18.000000Z
2024,265.14119212962964,43.11732,-79.05969,2024-09-21T03:23:19.000000Z
2024,265.1412037037037,43.11732,-79.05969,2024-09-21T03:23:20.000000Z
2024,265.14121527777775,43.11732,-79.05969,2024-09-21T03:23:21.000000Z
2024,265.14122685185185,43.11733,-79.05968,2024-09-21T03:23:22.000000Z
2024,265.1412384259259,43.11733,-79.05968,2024-09-21T03:23:23.000000Z
2024,265.1514467592593,43.1173,-79.05961,2024-09-21T03:38:05.000000Z
2024,265.1514583333333,43.1173,-79.0596,2024-09-21T03:38:06.000000Z
2024,265.15146990740743,43.11729,-79.05961,2024-09-21T03:38:07.000000Z
2024,265.1514814814815,43.1173,-79.0596,2024-09-21T03:38:08.000000Z
2024,265.1514930555556,43.1173,-79.05961,2024-09-21T03:38:09.000000Z
2024,265.15150462962964,43.11729,-79.05961,2024-09-21T03:38:10.000000Z
2024,265.1515162037037,43.11729,-79.05962,2024-09-21T03:38:11.000000Z
2024,265.1515277777778,43.11729,-79.05963,2024-09-21T03:38:12.000000Z
2024,265.15153935185185,43.11729,-79.05963,2024-09-21T03:38:13.000000Z
2024,265.15155092592596,43.11729,-79.05963,2024-09-21T03:38:14.000000Z
2024,265.1515625,43.11728,-79.05963,2024-09-21T03:38:15.000000Z
2024,265.15157407407406,43.11729,-79.05963,2024-09-21T03:38:16.000000Z
2024,265.15158564814817,43.11729,-79.05963,2024-09-21T03:38:17.000000Z
2024,265.1515972222222,43.11729,-79.05963,2024-09-21T03:38:18.000000Z
2024,265.15160879629633,43.11729,-79.05963,2024-09-21T03:38:19.000000Z
2024,265.1516203703704,43.11729,-79.05963,2024-09-21T03:38:20.000000Z
2024,265.15163194444443,43.11729,-79.05963,2024-09-21T03:38:21.000000Z
2024,265.15164351851854,43.11728,-79.05963,2024-09-21T03:38:22.000000Z
2024,265.1516550925926,43.11727,-79.05964,2024-09-21T03:38:23.000000Z
2024,265.1516666666667,43.11727,-79.05965,2024-09-21T03:38:24.000000Z
2024,265.16188657407406,43.11715,-79.05976,2024-09-21T03:53:07.000000Z
2024,265.1618981481481,43.11717,-79.05978,2024-09-21T03:53:08.000000Z
2024,265.1619097222222,43.11717,-79.05979,2024-09-21T03:53:09.000000Z
2024,265.16192129629627,43.11719,-79.05978,2024-09-21T03:53:10.000000Z
2024,265.1619328703703,43.11721,-79.05977,2024-09-21T03:53:11.000000Z
2024,265.16194444444443,43.11722,-79.05977,2024-09-21T03:53:12.000000Z
2024,265.1619560185185,43.11722,-79.05977,2024-09-21T03:53:13.000000Z
2024,265.1619675925926,43.11722,-79.05977,2024-09-21T03:53:14.000000Z
2024,265.16197916666664,43.11722,-79.05977,2024-09-21T03:53:15.000000Z
2024,265.1619907407407,43.11722,-79.05977,2024-09-21T03:53:16.000000Z
2024,265.1620023148148,43.11721,-79.05977,2024-09-21T03:53:17.000000Z
2024,265.16201388888885,43.1172,-79.05976,2024-09-21T03:53:18.000000Z
2024,265.16202546296296,43.1172,-79.05976,2024-09-21T03:53:19.000000Z
2024,265.162037037037,43.11719,-79.05976,2024-09-21T03:53:20.000000Z
2024,265.16204861111106,43.1172,-79.05976,2024-09-21T03:53:21.000000Z
2024,265.16206018518517,43.1172,-79.05976,2024-09-21T03:53:22.000000Z
2024,265.1620717592592,43.1172,-79.05976,2024-09-21T03:53:23.000000Z
2024,265.1620833333333,43.1172,-79.05976,2024-09-21T03:53:24.000000Z
2024,265.1620949074074,43.11719,-79.05976,2024-09-21T03:53:25.000000Z
2024,265.17230324074075,43.11732,-79.05979,2024-09-21T04:08:07.000000Z
2024,265.1723148148148,43.11731,-79.05979,2024-09-21T04:08:08.000000Z
2024,265.1723263888889,43.11731,-79.05979,2024-09-21T04:08:09.000000Z
2024,265.17233796296296,43.11732,-79.05979,2024-09-21T04:08:10.000000Z
2024,265.172349537037,43.11731,-79.0598,2024-09-21T04:08:11.000000Z
2024,265.1723611111111,43.11731,-79.05981,2024-09-21T04:08:12.000000Z
2024,265.17237268518517,43.11732,-79.05981,2024-09-21T04:08:13.000000Z
2024,265.1723842592593,43.11731,-79.0598,2024-09-21T04:08:14.000000Z
2024,265.1723958333333,43.11731,-79.0598,2024-09-21T04:08:15.000000Z
2024,265.1724074074074,43.1173,-79.05981,2024-09-21T04:08:16.000000Z
2024,265.1724189814815,43.1173,-79.05981,2024-09-21T04:08:17.000000Z
2024,265.17243055555554,43.1173,-79.0598,2024-09-21T04:08:18.000000Z
2024,265.17244212962964,43.11729,-79.0598,2024-09-21T04:08:19.000000Z
2024,265.1724537037037,43.11729,-79.0598,2024-09-21T04:08:20.000000Z
2024,265.17246527777775,43.11729,-79.0598,2024-09-21T04:08:21.000000Z
2024,265.17247685185185,43.11728,-79.05979,2024-09-21T04:08:22.000000Z
2024,265.1724884259259,43.11728,-79.0598,2024-09-21T04:08:23.000000Z
2024,265.1725,43.11728,-79.05979,2024-09-21T04:08:24.000000Z
2024,265.17251157407406,43.11728,-79.05979,2024-09-21T04:08:25.000000Z
2024,265.18271990740743,43.11725,-79.05978,2024-09-21T04:23:07.000000Z
2024,265.1827314814815,43.11725,-79.05978,2024-09-21T04:23:08.000000Z
2024,265.1827430555556,43.11725,-79.05979,2024-09-21T04:23:09.000000Z
2024,265.18275462962964,43.11724,-79.05979,2024-09-21T04:23:10.000000Z
2024,265.1827662037037,43.11724,-79.05978,2024-09-21T04:23:11.000000Z
2024,265.1827777777778,43.11723,-79.05977,2024-09-21T04:23:12.000000Z
2024,265.18278935185185,43.11723,-79.05977,2024-09-21T04:23:13.000000Z
2024,265.18280092592596,43.11723,-79.05977,2024-09-21T04:23:14.000000Z
2024,265.1828125,43.11724,-79.05978,2024-09-21T04:23:15.000000Z
2024,265.18282407407406,43.11724,-79.05978,2024-09-21T04:23:16.000000Z
2024,265.18283564814817,43.11724,-79.05977,2024-09-21T04:23:17.000000Z
2024,265.1828472222222,43.11723,-79.05977,2024-09-21T04:23:18.000000Z
2024,265.18285879629633,43.11723,-79.05977,2024-09-21T04:23:19.000000Z
2024,265.1828703703704,43.11722,-79.05977,2024-09-21T04:23:20.000000Z
2024,265.18288194444443,43.11723,-79.05977,2024-09-21T04:23:21.000000Z
2024,265.18289351851854,43.11723,-79.05977,2024-09-21T04:23:22.000000Z
2024,265.1829050925926,43.11722,-79.05977,2024-09-21T04:23:23.000000Z
2024,265.1829166666667,43.11722,-79.05977,2024-09-21T04:23:24.000000Z
2024,265.18292824074075,43.11722,-79.05978,2024-09-21T04:23:25.000000Z
2024,265.1931365740741,43.11719,-79.05973,2024-09-21T04:38:07.000000Z
2024,265.19314814814817,43.11718,-79.05968,2024-09-21T04:38:08.000000Z
2024,265.1931597222223,43.11719,-79.05969,2024-09-21T04:38:09.000000Z
2024,265.1931712962963,43.1172,-79.0597,2024-09-21T04:38:10.000000Z
2024,265.1931828703704,43.1172,-79.0597,2024-09-21T04:38:11.000000Z
2024,265.1931944444445,43.1172,-79.05971,2024-09-21T04:38:12.000000Z
2024,265.19320601851854,43.11722,-79.05973,2024-09-21T04:38:13.000000Z
2024,265.19321759259265,43.11721,-79.05973,2024-09-21T04:38:14.000000Z
2024,265.1932291666667,43.11721,-79.05973,2024-09-21T04:38:15.000000Z
2024,265.19324074074075,43.11721,-79.05972,2024-09-21T04:38:16.000000Z
2024,265.19325231481486,43.11721,-79.05972,2024-09-21T04:38:17.000000Z
2024,265.1932638888889,43.11721,-79.05971,2024-09-21T04:38:18.000000Z
2024,265.193275462963,43.11721,-79.05971,2024-09-21T04:38:19.000000Z
2024,265.19328703703707,43.11722,-79.0597,2024-09-21T04:38:20.000000Z
2024,265.1932986111111,43.11722,-79.0597,2024-09-21T04:38:21.000000Z
2024,265.1933101851852,43.11721,-79.05969,2024-09-21T04:38:22.000000Z
2024,265.1933217592593,43.11721,-79.05968,2024-09-21T04:38:23.000000Z
2024,265.1933333333334,43.11721,-79.05968,2024-09-21T04:38:24.000000Z
2024,265.19334490740744,43.11721,-79.05967,2024-09-21T04:38:25.000000Z
2024,265.20355324074075,43.11729,-79.05963,2024-09-21T04:53:07.000000Z
2024,265.2035648148148,43.11729,-79.05963,2024-09-21T04:53:08.000000Z
2024,265.2035763888889,43.1173,-79.05963,2024-09-21T04:53:09.000000Z
2024,265.20358796296296,43.1173,-79.05963,2024-09-21T04:53:10.000000Z
2024,265.203599537037,43.11729,-79.05963,2024-09-21T04:53:11.000000Z
2024,265.2036111111111,43.11729,-79.05963,2024-09-21T04:53:12.000000Z
2024,265.20362268518517,43.11728,-79.05962,2024-09-21T04:53:13.000000Z
2024,265.2036342592593,43.11727,-79.05962,2024-09-21T04:53:14.000000Z
2024,265.2036458333333,43.11727,-79.05963,2024-09-21T04:53:15.000000Z
2024,265.2036574074074,43.11727,-79.05963,2024-09-21T04:53:16.000000Z
2024,265.2036689814815,43.11727,-79.05963,2024-09-21T04:53:17.000000Z
2024,265.20368055555554,43.11727,-79.05963,2024-09-21T04:53:18.000000Z
2024,265.20369212962964,43.11727,-79.05963,2024-09-21T04:53:19.000000Z
2024,265.2037037037037,43.11727,-79.05963,2024-09-21T04:53:20.000000Z
2024,265.20371527777775,43.11727,-79.05963,2024-09-21T04:53:21.000000Z
2024,265.20372685185185,43.11726,-79.05963,2024-09-21T04:53:22.000000Z
2024,265.2037384259259,43.11726,-79.05963,2024-09-21T04:53:23.000000Z
2024,265.20375,43.11726,-79.05963,2024-09-21T04:53:24.000000Z
2024,265.20376157407406,43.11727,-79.05963,2024-09-21T04:53:25.000000Z
2024,265.2139699074074,43.11724,-79.05957,2024-09-21T05:08:07.000000Z
2024,265.2139814814814,43.11724,-79.05958,2024-09-21T05:08:08.000000Z
2024,265.21399305555553,43.11724,-79.05957,2024-09-21T05:08:09.000000Z
2024,265.2140046296296,43.11726,-79.05962,2024-09-21T05:08:10.000000Z
2024,265.21401620370364,43.11726,-79.0596,2024-09-21T05:08:11.000000Z
2024,265.21402777777774,43.11725,-79.0596,2024-09-21T05:08:12.000000Z
2024,265.2140393518518,43.11725,-79.0596,2024-09-21T05:08:13.000000Z
2024,265.2140509259259,43.11726,-79.0596,2024-09-21T05:08:14.000000Z
2024,265.21406249999995,43.11726,-79.0596,2024-09-21T05:08:15.000000Z
2024,265.214074074074,43.11726,-79.0596,2024-09-21T05:08:16.000000Z
2024,265.2140856481481,43.11726,-79.05959,2024-09-21T05:08:17.000000Z
2024,265.21409722222216,43.11726,-79.05958,2024-09-21T05:08:18.000000Z
2024,265.2141087962963,43.11726,-79.05959,2024-09-21T05:08:19.000000Z
2024,265.2141203703703,43.11727,-79.0596,2024-09-21T05:08:20.000000Z
2024,265.2141319444444,43.11727,-79.0596,2024-09-21T05:08:21.000000Z
2024,265.2141435185185,43.11727,-79.05959,2024-09-21T05:08:22.000000Z
2024,265.21415509259253,43.11727,-79.05959,2024-09-21T05:08:23.000000Z
2024,265.21416666666664,43.11727,-79.05958,2024-09-21T05:08:24.000000Z
2024,265.2141782407407,43.11727,-79.05958,2024-09-21T05:08:25.000000Z
2024,265.22438657407406,43.11746,-79.05963,2024-09-21T05:23:07.000000Z
2024,265.2243981481481,43.11746,-79.05965,2024-09-21T05:23:08.000000Z
2024,265.2244097222222,43.11746,-79.05966,2024-09-21T05:23:09.000000Z
2024,265.22442129629627,43.11746,-79.05965,2024-09-21T05:23:10.000000Z
2024,265.2244328703703,43.11746,-79.05964,2024-09-21T05:23:11.000000Z
2024,265.22444444444443,43.11746,-79.05965,2024-09-21T05:23:12.000000Z
2024,265.2244560185185,43.11745,-79.05964,2024-09-21T05:23:13.000000Z
2024,265.2244675925926,43.11744,-79.05963,2024-09-21T05:23:14.000000Z
2024,265.22447916666664,43.11743,-79.05961,2024-09-21T05:23:15.000000Z
2024,265.2244907407407,43.11743,-79.0596,2024-09-21T05:23:16.000000Z
2024,265.2245023148148,43.11742,-79.0596,2024-09-21T05:23:17.000000Z
2024,265.22451388888885,43.11742,-79.05959,2024-09-21T05:23:18.000000Z
2024,265.22452546296296,43.11741,-79.05959,2024-09-21T05:23:19.000000Z
2024,265.224537037037,43.1174,-79.05958,2024-09-21T05:23:20.000000Z
2024,265.22454861111106,43.1174,-79.05957,2024-09-21T05:23:21.000000Z
2024,265.22456018518517,43.11739,-79.05957,2024-09-21T05:23:22.000000Z
2024,265.2245717592592,43.11738,-79.05957,2024-09-21T05:23:23.000000Z
2024,265.2245833333333,43.11738,-79.05956,2024-09-21T05:23:24.000000Z
2024,265.2245949074074,43.11737,-79.05956,2024-09-21T05:23:25.000000Z
2024,265.23480324074075,43.11754,-79.05987,2024-09-21T05:38:07.000000Z
2024,265.2348148148148,43.11754,-79.05986,2024-09-21T05:38:08.000000Z
2024,265.2348263888889,43.11753,-79.05986,2024-09-21T05:38:09.000000Z
2024,265.23483796296296,43.11752,-79.05986,2024-09-21T05:38:10.000000Z
2024,265.234849537037,43.11752,-79.05985,2024-09-21T05:38:11.000000Z
2024,265.2348611111111,43.11751,-79.05985,2024-09-21T05:38:12.000000Z
2024,265.23487268518517,43.11751,-79.05984,2024-09-21T05:38:13.000000Z
2024,265.2348958333333,43.11752,-79.05984,2024-09-21T05:38:15.000000Z
2024,265.2349074074074,43.11752,-79.05983,2024-09-21T05:38:16.000000Z
2024,265.2349189814815,43.11752,-79.05983,2024-09-21T05:38:17.000000Z
2024,265.23493055555554,43.11752,-79.05983,2024-09-21T05:38:18.000000Z
2024,265.23494212962964,43.11752,-79.05983,2024-09-21T05:38:19.000000Z
2024,265.2349537037037,43.11752,-79.05983,2024-09-21T05:38:20.000000Z
2024,265.23496527777775,43.11752,-79.05983,2024-09-21T05:38:21.000000Z
2024,265.23497685185185,43.11752,-79.05984,2024-09-21T05:38:22.000000Z
2024,265.2349884259259,43.11752,-79.05984,2024-09-21T05:38:23.000000Z
2024,265.235,43.11753,-79.05984,2024-09-21T05:38:24.000000Z
2024,265.23501157407406,43.11752,-79.05984,2024-09-21T05:38:25.000000Z
2024,265.2452199074074,43.11745,-79.05976,2024-09-21T05:53:07.000000Z
2024,265.2452314814814,43.11745,-79.05976,2024-09-21T05:53:08.000000Z
2024,265.24524305555553,43.11746,-79.05978,2024-09-21T05:53:09.000000Z
2024,265.2452546296296,43.11746,-79.05976,2024-09-21T05:53:10.000000Z
2024,265.24526620370364,43.11746,-79.05977,2024-09-21T05:53:11.000000Z
2024,265.24527777777774,43.11747,-79.05978,2024-09-21T05:53:12.000000Z
2024,265.2452893518518,43.11746,-79.05977,2024-09-21T05:53:13.000000Z
2024,265.2453009259259,43.11747,-79.05979,2024-09-21T05:53:14.000000Z
2024,265.24531249999995,43.11748,-79.05979,2024-09-21T05:53:15.000000Z
2024,265.245324074074,43.11748,-79.0598,2024-09-21T05:53:16.000000Z
2024,265.2453356481481,43.11749,-79.05981,2024-09-21T05:53:17.000000Z
2024,265.24534722222216,43.11749,-79.05982,2024-09-21T05:53:18.000000Z
2024,265.2453587962963,43.1175,-79.05982,2024-09-21T05:53:19.000000Z
2024,265.2453703703703,43.11751,-79.05984,2024-09-21T05:53:20.000000Z
2024,265.2453819444444,43.11751,-79.05983,2024-09-21T05:53:21.000000Z
2024,265.2453935185185,43.11751,-79.05984,2024-09-21T05:53:22.000000Z
2024,265.24540509259253,43.11752,-79.05985,2024-09-21T05:53:23.000000Z
2024,265.24541666666664,43.11752,-79.05986,2024-09-21T05:53:24.000000Z
2024,265.2454282407407,43.11753,-79.05986,2024-09-21T05:53:25.000000Z
2024,265.25563657407406,43.11755,-79.05965,2024-09-21T06:08:07.000000Z
2024,265.2556481481481,43.11754,-79.05963,2024-09-21T06:08:08.000000Z
2024,265.2556597222222,43.11754,-79.05962,2024-09-21T06:08:09.000000Z
2024,265.25567129629627,43.11752,-79.05958,2024-09-21T06:08:10.000000Z
2024,265.2556828703703,43.11751,-79.05956,2024-09-21T06:08:11.000000Z
2024,265.25569444444443,43.11751,-79.05956,2024-09-21T06:08:12.000000Z
2024,265.2557060185185,43.11747,-79.05956,2024-09-21T06:08:13.000000Z
2024,265.2557175925926,43.11747,-79.05956,2024-09-21T06:08:14.000000Z
2024,265.25572916666664,43.11747,-79.05956,2024-09-21T06:08:15.000000Z
2024,265.2557407407407,43.11745,-79.05956,2024-09-21T06:08:16.000000Z
2024,265.2557523148148,43.11743,-79.05956,2024-09-21T06:08:17.000000Z
2024,265.25576388888885,43.11742,-79.05957,2024-09-21T06:08:18.000000Z
2024,265.25577546296296,43.1174,-79.05957,2024-09-21T06:08:19.000000Z
2024,265.255787037037,43.1174,-79.05957,2024-09-21T06:08:20.000000Z
2024,265.25579861111106,43.1174,-79.05957,2024-09-21T06:08:21.000000Z
2024,265.25581018518517,43.1174,-79.05957,2024-09-21T06:08:22.000000Z
2024,265.2558217592592,43.1174,-79.05957,2024-09-21T06:08:23.000000Z
2024,265.2558333333333,43.11739,-79.05957,2024-09-21T06:08:24.000000Z
2024,265.2558449074074,43.11739,-79.05957,2024-09-21T06:08:25.000000Z
2024,265.26605324074075,43.11742,-79.05984,2024-09-21T06:23:07.000000Z
2024,265.2660648148148,43.1174,-79.05986,2024-09-21T06:23:08.000000Z
2024,265.2660763888889,43.11739,-79.05986,2024-09-21T06:23:09.000000Z
2024,265.26608796296296,43.1174,-79.05987,2024-09-21T06:23:10.000000Z
2024,265.266099537037,43.1174,-79.05987,2024-09-21T06:23:11.000000Z
2024,265.2661111111111,43.1174,-79.05987,2024-09-21T06:23:12.000000Z
2024,265.26612268518517,43.1174,-79.05986,2024-09-21T06:23:13.000000Z
2024,265.2661342592593,43.1174,-79.05986,2024-09-21T06:23:14.000000Z
2024,265.2661458333333,43.1174,-79.05986,2024-09-21T06:23:15.000000Z
2024,265.2661574074074,43.11739,-79.05986,2024-09-21T06:23:16.000000Z
2024,265.2661689814815,43.11739,-79.05986,2024-09-21T06:23:17.000000Z
2024,265.26618055555554,43.11739,-79.05986,2024-09-21T06:23:18.000000Z
2024,265.26619212962964,43.11738,-79.05986,2024-09-21T06:23:19.000000Z
2024,265.2662037037037,43.11738,-79.05986,2024-09-21T06:23:20.000000Z
2024,265.26621527777775,43.11739,-79.05985,2024-09-21T06:23:21.000000Z
2024,265.26622685185185,43.11738,-79.05985,2024-09-21T06:23:22.000000Z
2024,265.2662384259259,43.11738,-79.05985,2024-09-21T06:23:23.000000Z
2024,265.26625,43.11737,-79.05985,2024-09-21T06:23:24.000000Z
2024,265.26626157407406,43.11737,-79.05985,2024-09-21T06:23:25.000000Z
2024,265.27646990740743,43.11754,-79.05969,2024-09-21T06:38:07.000000Z
2024,265.2764814814815,43.11754,-79.05969,2024-09-21T06:38:08.000000Z
2024,265.2764930555556,43.11755,-79.0597,2024-09-21T06:38:09.000000Z
2024,265.27650462962964,43.11755,-79.0597,2024-09-21T06:38:10.000000Z
2024,265.2765162037037,43.11755,-79.0597,2024-09-21T06:38:11.000000Z
2024,265.2765277777778,43.11755,-79.0597,2024-09-21T06:38:12.000000Z
2024,265.27653935185185,43.11754,-79.0597,2024-09-21T06:38:13.000000Z
2024,265.27655092592596,43.11754,-79.0597,2024-09-21T06:38:14.000000Z
2024,265.2765625,43.11754,-79.0597,2024-09-21T06:38:15.000000Z
2024,265.27657407407406,43.11754,-79.0597,2024-09-21T06:38:16.000000Z
2024,265.27658564814817,43.11754,-79.0597,2024-09-21T06:38:17.000000Z
2024,265.2765972222222,43.11755,-79.05969,2024-09-21T06:38:18.000000Z
2024,265.27660879629633,43.11756,-79.05969,2024-09-21T06:38:19.000000Z
2024,265.2766203703704,43.11756,-79.05968,2024-09-21T06:38:20.000000Z
2024,265.27663194444443,43.11756,-79.05968,2024-09-21T06:38:21.000000Z
2024,265.27664351851854,43.11756,-79.05968,2024-09-21T06:38:22.000000Z
2024,265.2766550925926,43.11755,-79.05968,2024-09-21T06:38:23.000000Z
2024,265.2766666666667,43.11754,-79.05968,2024-09-21T06:38:24.000000Z
2024,265.27667824074075,43.11754,-79.05969,2024-09-21T06:38:25.000000Z
2024,265.28688657407406,43.11724,-79.05995,2024-09-21T06:53:07.000000Z
2024,265.2868981481481,43.11724,-79.05995,2024-09-21T06:53:08.000000Z
2024,265.2869097222222,43.11723,-79.05995,2024-09-21T06:53:09.000000Z
2024,265.28692129629627,43.11728,-79.05994,2024-09-21T06:53:10.000000Z
2024,265.2869328703703,43.1173,-79.05994,2024-09-21T06:53:11.000000Z
2024,265.28694444444443,43.11731,-79.05994,2024-09-21T06:53:12.000000Z
2024,265.2869560185185,43.11732,-79.05994,2024-09-21T06:53:13.000000Z
2024,265.2869675925926,43.11732,-79.05994,2024-09-21T06:53:14.000000Z
2024,265.28697916666664,43.11732,-79.05995,2024-09-21T06:53:15.000000Z
2024,265.2869907407407,43.11732,-79.05995,2024-09-21T06:53:16.000000Z
2024,265.2870023148148,43.11732,-79.05995,2024-09-21T06:53:17.000000Z
2024,265.28701388888885,43.11732,-79.05996,2024-09-21T06:53:18.000000Z
2024,265.28702546296296,43.11732,-79.05996,2024-09-21T06:53:19.000000Z
2024,265.287037037037,43.11732,-79.05996,2024-09-21T06:53:20.000000Z
2024,265.28704861111106,43.11732,-79.05996,2024-09-21T06:53:21.000000Z
2024,265.28706018518517,43.11731,-79.05996,2024-09-21T06:53:22.000000Z
2024,265.2870717592592,43.11731,-79.05996,2024-09-21T06:53:23.000000Z
2024,265.2870833333333,43.11731,-79.05995,2024-09-21T06:53:24.000000Z
2024,265.2870949074074,43.11731,-79.05995,2024-09-21T06:53:25.000000Z
2024,265.29730324074075,43.11725,-79.0598,2024-09-21T07:08:07.000000Z
2024,265.2973148148148,43.11725,-79.05981,2024-09-21T07:08:08.000000Z
2024,265.2973263888889,43.11725,-79.05982,2024-09-21T07:08:09.000000Z
2024,265.29733796296296,43.11726,-79.05982,2024-09-21T07:08:10.000000Z
2024,265.297349537037,43.11727,-79.05982,2024-09-21T07:08:11.000000Z
2024,265.2973611111111,43.11727,-79.05982,2024-09-21T07:08:12.000000Z
2024,265.29737268518517,43.11727,-79.05983,2024-09-21T07:08:13.000000Z
2024,265.2973842592593,43.11727,-79.05982,2024-09-21T07:08:14.000000Z
2024,265.2973958333333,43.11727,-79.05983,2024-09-21T07:08:15.000000Z
2024,265.2974074074074,43.11727,-79.05983,2024-09-21T07:08:16.000000Z
2024,265.2974189814815,43.11727,-79.05983,2024-09-21T07:08:17.000000Z
2024,265.29743055555554,43.11726,-79.05984,2024-09-21T07:08:18.000000Z
2024,265.29744212962964,43.11726,-79.05984,2024-09-21T07:08:19.000000Z
2024,265.2974537037037,43.11725,-79.05984,2024-09-21T07:08:20.000000Z
2024,265.29746527777775,43.11726,-79.05985,2024-09-21T07:08:21.000000Z
2024,265.29747685185185,43.11726,-79.05985,2024-09-21T07:08:22.000000Z
2024,265.2974884259259,43.11726,-79.05985,2024-09-21T07:08:23.000000Z
2024,265.2975,43.11726,-79.05984,2024-09-21T07:08:24.000000Z
2024,265.29751157407406,43.11726,-79.05984,2024-09-21T07:08:25.000000Z
2024,265.30771990740743,43.11723,-79.05971,2024-09-21T07:23:07.000000Z
2024,265.3077314814815,43.11722,-79.05972,2024-09-21T07:23:08.000000Z
2024,265.3077430555556,43.11722,-79.05972,2024-09-21T07:23:09.000000Z
2024,265.30775462962964,43.11723,-79.05966,2024-09-21T07:23:10.000000Z
2024,265.3077662037037,43.11723,-79.05966,2024-09-21T07:23:11.000000Z
2024,265.3077777777778,43.11724,-79.05966,2024-09-21T07:23:12.000000Z
2024,265.30778935185185,43.11725,-79.05966,2024-09-21T07:23:13.000000Z
2024,265.30780092592596,43.11726,-79.05962,2024-09-21T07:23:14.000000Z
2024,265.3078125,43.11727,-79.0596,2024-09-21T07:23:15.000000Z
2024,265.30782407407406,43.11727,-79.0596,2024-09-21T07:23:16.000000Z
2024,265.30783564814817,43.11727,-79.0596,2024-09-21T07:23:17.000000Z
2024,265.3078472222222,43.11727,-79.0596,2024-09-21T07:23:18.000000Z
2024,265.30785879629633,43.11727,-79.0596,2024-09-21T07:23:19.000000Z
2024,265.3078703703704,43.11727,-79.0596,2024-09-21T07:23:20.000000Z
2024,265.30788194444443,43.11727,-79.0596,2024-09-21T07:23:21.000000Z
2024,265.30789351851854,43.11727,-79.0596,2024-09-21T07:23:22.000000Z
2024,265.3079050925926,43.11727,-79.0596,2024-09-21T07:23:23.000000Z
2024,265.3079166666667,43.11727,-79.0596,2024-09-21T07:23:24.000000Z
2024,265.30792824074075,43.11727,-79.0596,2024-09-21T07:23:25.000000Z
2024,265.3181365740741,43.11734,-79.05979,2024-09-21T07:38:07.000000Z
2024,265.31814814814817,43.11732,-79.05971,2024-09-21T07:38:08.000000Z
2024,265.3181597222223,43.11731,-79.05963,2024-09-21T07:38:09.000000Z
2024,265.3181712962963,43.11731,-79.0596,2024-09-21T07:38:10.000000Z
2024,265.3181828703704,43.11731,-79.05959,2024-09-21T07:38:11.000000Z
2024,265.3181944444445,43.11731,-79.05958,2024-09-21T07:38:12.000000Z
2024,265.31820601851854,43.11731,-79.05957,2024-09-21T07:38:13.000000Z
2024,265.31821759259265,43.11731,-79.05956,2024-09-21T07:38:14.000000Z
2024,265.3182291666667,43.11731,-79.05956,2024-09-21T07:38:15.000000Z
2024,265.31824074074075,43.11731,-79.05955,2024-09-21T07:38:16.000000Z
2024,265.31825231481486,43.11731,-79.05955,2024-09-21T07:38:17.000000Z
2024,265.3182638888889,43.11732,-79.05955,2024-09-21T07:38:18.000000Z
2024,265.318275462963,43.11732,-79.05955,2024-09-21T07:38:19.000000Z
2024,265.31828703703707,43.11732,-79.05956,2024-09-21T07:38:20.000000Z
2024,265.3182986111111,43.11732,-79.05956,2024-09-21T07:38:21.000000Z
2024,265.3183101851852,43.11732,-79.05957,2024-09-21T07:38:22.000000Z
2024,265.3183217592593,43.11733,-79.05957,2024-09-21T07:38:23.000000Z
2024,265.3183333333334,43.11733,-79.05957,2024-09-21T07:38:24.000000Z
2024,265.31834490740744,43.11733,-79.05957,2024-09-21T07:38:25.000000Z
2024,265.3183564814815,43.11733,-79.05957,2024-09-21T07:38:26.000000Z
2024,265.32855324074075,43.11735,-79.05954,2024-09-21T07:53:07.000000Z
2024,265.3285648148148,43.11736,-79.05955,2024-09-21T07:53:08.000000Z
2024,265.3285763888889,43.11737,-79.05957,2024-09-21T07:53:09.000000Z
2024,265.32858796296296,43.11735,-79.05952,2024-09-21T07:53:10.000000Z
2024,265.328599537037,43.11734,-79.0595,2024-09-21T07:53:11.000000Z
2024,265.3286111111111,43.11733,-79.05949,2024-09-21T07:53:12.000000Z
2024,265.32862268518517,43.11734,-79.05948,2024-09-21T07:53:13.000000Z
2024,265.3286342592593,43.11734,-79.05948,2024-09-21T07:53:14.000000Z
2024,265.3286458333333,43.11734,-79.05949,2024-09-21T07:53:15.000000Z
2024,265.3286574074074,43.11735,-79.0595,2024-09-21T07:53:16.000000Z
2024,265.3286689814815,43.11735,-79.05951,2024-09-21T07:53:17.000000Z
2024,265.32868055555554,43.11735,-79.05952,2024-09-21T07:53:18.000000Z
2024,265.32869212962964,43.11735,-79.05952,2024-09-21T07:53:19.000000Z
2024,265.3287037037037,43.11735,-79.05953,2024-09-21T07:53:20.000000Z
2024,265.32871527777775,43.11735,-79.05953,2024-09-21T07:53:21.000000Z
2024,265.32872685185185,43.11736,-79.05954,2024-09-21T07:53:22.000000Z
2024,265.3287384259259,43.11736,-79.05956,2024-09-21T07:53:23.000000Z
2024,265.32875,43.11737,-79.05956,2024-09-21T07:53:24.000000Z
2024,265.32876157407406,43.11737,-79.05957,2024-09-21T07:53:25.000000Z
2024,265.3389699074074,43.11729,-79.05975,2024-09-21T08:08:07.000000Z
2024,265.3389814814814,43.11731,-79.05976,2024-09-21T08:08:08.000000Z
2024,265.33899305555553,43.11729,-79.05973,2024-09-21T08:08:09.000000Z
2024,265.3390046296296,43.11728,-79.05973,2024-09-21T08:08:10.000000Z
2024,265.33901620370364,43.11727,-79.05972,2024-09-21T08:08:11.000000Z
2024,265.33902777777774,43.11727,-79.05972,2024-09-21T08:08:12.000000Z
2024,265.3390393518518,43.11727,-79.05971,2024-09-21T08:08:13.000000Z
2024,265.3390509259259,43.11727,-79.05971,2024-09-21T08:08:14.000000Z
2024,265.33906249999995,43.11726,-79.05971,2024-09-21T08:08:15.000000Z
2024,265.339074074074,43.11727,-79.05971,2024-09-21T08:08:16.000000Z
2024,265.3390856481481,43.11726,-79.05971,2024-09-21T08:08:17.000000Z
2024,265.33909722222216,43.11727,-79.05971,2024-09-21T08:08:18.000000Z
2024,265.3391087962963,43.11727,-79.05971,2024-09-21T08:08:19.000000Z
2024,265.3391203703703,43.11727,-79.05972,2024-09-21T08:08:20.000000Z
2024,265.3391319444444,43.11727,-79.05972,2024-09-21T08:08:21.000000Z
2024,265.3391435185185,43.11728,-79.05973,2024-09-21T08:08:22.000000Z
2024,265.33915509259253,43.11728,-79.05973,2024-09-21T08:08:23.000000Z
2024,265.33916666666664,43.11729,-79.05973,2024-09-21T08:08:24.000000Z
2024,265.3391782407407,43.11729,-79.05973,2024-09-21T08:08:25.000000Z
2024,265.34938657407406,43.11727,-79.05964,2024-09-21T08:23:07.000000Z
2024,265.3493981481481,43.11727,-79.05963,2024-09-21T08:23:08.000000Z
2024,265.3494097222222,43.11727,-79.05963,2024-09-21T08:23:09.000000Z
2024,265.34942129629627,43.11727,-79.05963,2024-09-21T08:23:10.000000Z
2024,265.3494328703703,43.11727,-79.05963,2024-09-21T08:23:11.000000Z
2024,265.34944444444443,43.11727,-79.05962,2024-09-21T08:23:12.000000Z
2024,265.3494560185185,43.11727,-79.05962,2024-09-21T08:23:13.000000Z
2024,265.3494675925926,43.11726,-79.05962,2024-09-21T08:23:14.000000Z
2024,265.34947916666664,43.11726,-79.05962,2024-09-21T08:23:15.000000Z
2024,265.3494907407407,43.11726,-79.05961,2024-09-21T08:23:16.000000Z
2024,265.3495023148148,43.11726,-79.05962,2024-09-21T08:23:17.000000Z
2024,265.34951388888885,43.11726,-79.05962,2024-09-21T08:23:18.000000Z
2024,265.34952546296296,43.11726,-79.05962,2024-09-21T08:23:19.000000Z
2024,265.349537037037,43.11726,-79.05962,2024-09-21T08:23:20.000000Z
2024,265.34954861111106,43.11726,-79.05962,2024-09-21T08:23:21.000000Z
2024,265.34956018518517,43.11726,-79.05962,2024-09-21T08:23:22.000000Z
2024,265.3495717592592,43.11726,-79.05962,2024-09-21T08:23:23.000000Z
2024,265.3495833333333,43.11726,-79.05962,2024-09-21T08:23:24.000000Z
2024,265.3495949074074,43.11726,-79.05962,2024-09-21T08:23:25.000000Z
2024,265.35980324074075,43.11736,-79.05975,2024-09-21T08:38:07.000000Z
2024,265.3598148148148,43.11735,-79.05975,2024-09-21T08:38:08.000000Z
2024,265.3598263888889,43.11735,-79.05975,2024-09-21T08:38:09.000000Z
2024,265.35983796296296,43.11735,-79.05974,2024-09-21T08:38:10.000000Z
2024,265.359849537037,43.11735,-79.05973,2024-09-21T08:38:11.000000Z
2024,265.3598611111111,43.11735,-79.05973,2024-09-21T08:38:12.000000Z
2024,265.35987268518517,43.11735,-79.05973,2024-09-21T08:38:13.000000Z
2024,265.3598842592593,43.11735,-79.05973,2024-09-21T08:38:14.000000Z
2024,265.3598958333333,43.11735,-79.05973,2024-09-21T08:38:15.000000Z
2024,265.3599074074074,43.11735,-79.05973,2024-09-21T08:38:16.000000Z
2024,265.3599189814815,43.11735,-79.05973,2024-09-21T08:38:17.000000Z
2024,265.35993055555554,43.11735,-79.05973,2024-09-21T08:38:18.000000Z
2024,265.35994212962964,43.11735,-79.05972,2024-09-21T08:38:19.000000Z
2024,265.3599537037037,43.11735,-79.05972,2024-09-21T08:38:20.000000Z
2024,265.35996527777775,43.11734,-79.05972,2024-09-21T08:38:21.000000Z
2024,265.35997685185185,43.11734,-79.05972,2024-09-21T08:38:22.000000Z
2024,265.3599884259259,43.11734,-79.05972,2024-09-21T08:38:23.000000Z
2024,265.36,43.11733,-79.05972,2024-09-21T08:38:24.000000Z
2024,265.36001157407406,43.11733,-79.05972,2024-09-21T08:38:25.000000Z
2024,265.3702199074074,43.11745,-79.05977,2024-09-21T08:53:07.000000Z
2024,265.3702314814814,43.11744,-79.05977,2024-09-21T08:53:08.000000Z
2024,265.37024305555553,43.11744,-79.05976,2024-09-21T08:53:09.000000Z
2024,265.3702546296296,43.11743,-79.05976,2024-09-21T08:53:10.000000Z
2024,265.37026620370364,43.11743,-79.05976,2024-09-21T08:53:11.000000Z
2024,265.37027777777774,43.11742,-79.05976,2024-09-21T08:53:12.000000Z
2024,265.3702893518518,43.11742,-79.05976,2024-09-21T08:53:13.000000Z
2024,265.3703009259259,43.11742,-79.05976,2024-09-21T08:53:14.000000Z
2024,265.37031249999995,43.11741,-79.05976,2024-09-21T08:53:15.000000Z
2024,265.370324074074,43.11741,-79.05976,2024-09-21T08:53:16.000000Z
2024,265.3703356481481,43.1174,-79.05976,2024-09-21T08:53:17.000000Z
2024,265.37034722222216,43.1174,-79.05976,2024-09-21T08:53:18.000000Z
2024,265.3703587962963,43.1174,-79.05976,2024-09-21T08:53:19.000000Z
2024,265.3703703703703,43.1174,-79.05977,2024-09-21T08:53:20.000000Z
2024,265.3703819444444,43.1174,-79.05977,2024-09-21T08:53:21.000000Z
2024,265.3703935185185,43.1174,-79.05977,2024-09-21T08:53:22.000000Z
2024,265.37040509259253,43.1174,-79.05977,2024-09-21T08:53:23.000000Z
2024,265.37041666666664,43.1174,-79.05977,2024-09-21T08:53:24.000000Z
2024,265.3704282407407,43.1174,-79.05977,2024-09-21T08:53:25.000000Z
2024,265.38063657407406,43.11718,-79.05977,2024-09-21T09:08:07.000000Z
2024,265.3806481481481,43.11719,-79.05977,2024-09-21T09:08:08.000000Z
2024,265.3806597222222,43.11719,-79.05978,2024-09-21T09:08:09.000000Z
2024,265.38067129629627,43.11722,-79.05978,2024-09-21T09:08:10.000000Z
2024,265.3806828703703,43.11722,-79.05978,2024-09-21T09:08:11.000000Z
2024,265.38069444444443,43.11721,-79.05978,2024-09-21T09:08:12.000000Z
2024,265.3807060185185,43.1172,-79.05978,2024-09-21T09:08:13.000000Z
2024,265.3807175925926,43.11719,-79.05978,2024-09-21T09:08:14.000000Z
2024,265.38072916666664,43.11718,-79.05978,2024-09-21T09:08:15.000000Z
2024,265.3807407407407,43.11718,-79.05979,2024-09-21T09:08:16.000000Z
2024,265.3807523148148,43.11717,-79.05979,2024-09-21T09:08:17.000000Z
2024,265.38076388888885,43.11717,-79.05978,2024-09-21T09:08:18.000000Z
2024,265.38077546296296,43.11716,-79.05979,2024-09-21T09:08:19.000000Z
2024,265.380787037037,43.11715,-79.05979,2024-09-21T09:08:20.000000Z
2024,265.38079861111106,43.11715,-79.05979,2024-09-21T09:08:21.000000Z
2024,265.38081018518517,43.11715,-79.05979,2024-09-21T09:08:22.000000Z
2024,265.3808217592592,43.11715,-79.05979,2024-09-21T09:08:23.000000Z
2024,265.3808333333333,43.11716,-79.05979,2024-09-21T09:08:24.000000Z
2024,265.3808449074074,43.11716,-79.05979,2024-09-21T09:08:25.000000Z
2024,265.39105324074075,43.1173,-79.05981,2024-09-21T09:23:07.000000Z
2024,265.3910648148148,43.1173,-79.05981,2024-09-21T09:23:08.000000Z
2024,265.3910763888889,43.1173,-79.05981,2024-09-21T09:23:09.000000Z
2024,265.39108796296296,43.1173,-79.0598,2024-09-21T09:23:10.000000Z
2024,265.391099537037,43.1173,-79.0598,2024-09-21T09:23:11.000000Z
2024,265.3911111111111,43.1173,-79.0598,2024-09-21T09:23:12.000000Z
2024,265.39112268518517,43.1173,-79.05979,2024-09-21T09:23:13.000000Z
2024,265.3911342592593,43.1173,-79.05979,2024-09-21T09:23:14.000000Z
2024,265.3911458333333,43.11729,-79.05979,2024-09-21T09:23:15.000000Z
2024,265.3911574074074,43.11729,-79.05979,2024-09-21T09:23:16.000000Z
2024,265.3911689814815,43.11729,-79.05979,2024-09-21T09:23:17.000000Z
2024,265.39118055555554,43.11729,-79.05979,2024-09-21T09:23:18.000000Z
2024,265.39119212962964,43.11728,-79.05979,2024-09-21T09:23:19.000000Z
2024,265.3912037037037,43.11728,-79.05979,2024-09-21T09:23:20.000000Z
2024,265.39121527777775,43.11727,-79.05979,2024-09-21T09:23:21.000000Z
2024,265.39122685185185,43.11727,-79.05979,2024-09-21T09:23:22.000000Z
2024,265.3912384259259,43.11727,-79.05979,2024-09-21T09:23:23.000000Z
2024,265.39125,43.11727,-79.05979,2024-09-21T09:23:24.000000Z
2024,265.39126157407406,43.11726,-79.05979,2024-09-21T09:23:25.000000Z
2024,265.40146990740743,43.11714,-79.05981,2024-09-21T09:38:07.000000Z
2024,265.4014814814815,43.11713,-79.05981,2024-09-21T09:38:08.000000Z
2024,265.4014930555556,43.11713,-79.05981,2024-09-21T09:38:09.000000Z
2024,265.40150462962964,43.11716,-79.05982,2024-09-21T09:38:10.000000Z
2024,265.4015162037037,43.11717,-79.05982,2024-09-21T09:38:11.000000Z
2024,265.4015277777778,43.11718,-79.05983,2024-09-21T09:38:12.000000Z
2024,265.40153935185185,43.11719,-79.05982,2024-09-21T09:38:13.000000Z
2024,265.40155092592596,43.11719,-79.05982,2024-09-21T09:38:14.000000Z
2024,265.4015625,43.11719,-79.05982,2024-09-21T09:38:15.000000Z
2024,265.40157407407406,43.11719,-79.05982,2024-09-21T09:38:16.000000Z
2024,265.40158564814817,43.11719,-79.05982,2024-09-21T09:38:17.000000Z
2024,265.4015972222222,43.11719,-79.05982,2024-09-21T09:38:18.000000Z
2024,265.40160879629633,43.1172,-79.05983,2024-09-21T09:38:19.000000Z
2024,265.4016203703704,43.1172,-79.05983,2024-09-21T09:38:20.000000Z
2024,265.40163194444443,43.1172,-79.05983,2024-09-21T09:38:21.000000Z
2024,265.40164351851854,43.1172,-79.05983,2024-09-21T09:38:22.000000Z
2024,265.4016550925926,43.11721,-79.05983,2024-09-21T09:38:23.000000Z
2024,265.4016666666667,43.11721,-79.05984,2024-09-21T09:38:24.000000Z
2024,265.40167824074075,43.11721,-79.05985,2024-09-21T09:38:25.000000Z
2024,265.41188657407406,43.11704,-79.05986,2024-09-21T09:53:07.000000Z
2024,265.4118981481481,43.11706,-79.05987,2024-09-21T09:53:08.000000Z
2024,265.4119097222222,43.11707,-79.05988,2024-09-21T09:53:09.000000Z
2024,265.41192129629627,43.11711,-79.05986,2024-09-21T09:53:10.000000Z
2024,265.4119328703703,43.11713,-79.05986,2024-09-21T09:53:11.000000Z
2024,265.41194444444443,43.11716,-79.05985,2024-09-21T09:53:12.000000Z
2024,265.4119560185185,43.11717,-79.05985,2024-09-21T09:53:13.000000Z
2024,265.4119675925926,43.11717,-79.05985,2024-09-21T09:53:14.000000Z
2024,265.4119907407407,43.11718,-79.05985,2024-09-21T09:53:16.000000Z
2024,265.4120023148148,43.11718,-79.05985,2024-09-21T09:53:17.000000Z
2024,265.41201388888885,43.11718,-79.05985,2024-09-21T09:53:18.000000Z
2024,265.41202546296296,43.11719,-79.05985,2024-09-21T09:53:19.000000Z
2024,265.412037037037,43.11719,-79.05984,2024-09-21T09:53:20.000000Z
2024,265.41204861111106,43.11719,-79.05984,2024-09-21T09:53:21.000000Z
2024,265.41206018518517,43.1172,-79.05983,2024-09-21T09:53:22.000000Z
2024,265.4120717592592,43.1172,-79.05983,2024-09-21T09:53:23.000000Z
2024,265.4120833333333,43.1172,-79.05983,2024-09-21T09:53:24.000000Z
2024,265.4120949074074,43.1172,-79.05983,2024-09-21T09:53:25.000000Z
2024,265.42230324074075,43.11729,-79.05986,2024-09-21T10:08:07.000000Z
2024,265.4223148148148,43.11729,-79.05986,2024-09-21T10:08:08.000000Z
2024,265.4223263888889,43.11728,-79.05987,2024-09-21T10:08:09.000000Z
2024,265.42233796296296,43.11729,-79.05986,2024-09-21T10:08:10.000000Z
2024,265.422349537037,43.11729,-79.05985,2024-09-21T10:08:11.000000Z
2024,265.4223611111111,43.11729,-79.05986,2024-09-21T10:08:12.000000Z
2024,265.42237268518517,43.11728,-79.05985,2024-09-21T10:08:13.000000Z
2024,265.4223842592593,43.11728,-79.05985,2024-09-21T10:08:14.000000Z
2024,265.4223958333333,43.11727,-79.05986,2024-09-21T10:08:15.000000Z
2024,265.4224074074074,43.11727,-79.05985,2024-09-21T10:08:16.000000Z
2024,265.4224189814815,43.11727,-79.05985,2024-09-21T10:08:17.000000Z
2024,265.42243055555554,43.11727,-79.05985,2024-09-21T10:08:18.000000Z
2024,265.42244212962964,43.11727,-79.05986,2024-09-21T10:08:19.000000Z
2024,265.4224537037037,43.11727,-79.05986,2024-09-21T10:08:20.000000Z
2024,265.42246527777775,43.11727,-79.05986,2024-09-21T10:08:21.000000Z
2024,265.42247685185185,43.11726,-79.05986,2024-09-21T10:08:22.000000Z
2024,265.4224884259259,43.11726,-79.05986,2024-09-21T10:08:23.000000Z
2024,265.4225,43.11726,-79.05986,2024-09-21T10:08:24.000000Z
2024,265.42251157407406,43.11725,-79.05986,2024-09-21T10:08:25.000000Z
2024,265.43271990740743,43.11721,-79.05986,2024-09-21T10:23:07.000000Z
2024,265.4327314814815,43.11721,-79.05986,2024-09-21T10:23:08.000000Z
2024,265.4327430555556,43.11721,-79.05986,2024-09-21T10:23:09.000000Z
2024,265.43275462962964,43.1172,-79.05986,2024-09-21T10:23:10.000000Z
2024,265.4327662037037,43.1172,-79.05986,2024-09-21T10:23:11.000000Z
2024,265.4327777777778,43.1172,-79.05986,2024-09-21T10:23:12.000000Z
2024,265.43278935185185,43.11719,-79.05986,2024-09-21T10:23:13.000000Z
2024,265.43280092592596,43.11719,-79.05987,2024-09-21T10:23:14.000000Z
2024,265.4328125,43.1172,-79.05986,2024-09-21T10:23:15.000000Z
2024,265.43282407407406,43.1172,-79.05986,2024-09-21T10:23:16.000000Z
2024,265.43283564814817,43.1172,-79.05987,2024-09-21T10:23:17.000000Z
2024,265.4328472222222,43.11721,-79.05986,2024-09-21T10:23:18.000000Z
2024,265.43285879629633,43.11722,-79.05986,2024-09-21T10:23:19.000000Z
2024,265.4328703703704,43.11722,-79.05986,2024-09-21T10:23:20.000000Z
2024,265.43288194444443,43.11722,-79.05986,2024-09-21T10:23:21.000000Z
2024,265.43289351851854,43.11722,-79.05986,2024-09-21T10:23:22.000000Z
2024,265.4329050925926,43.11722,-79.05986,2024-09-21T10:23:23.000000Z
2024,265.4329166666667,43.11722,-79.05986,2024-09-21T10:23:24.000000Z
2024,265.43292824074075,43.11723,-79.05986,2024-09-21T10:23:25.000000Z
2024,265.4431365740741,43.11729,-79.05977,2024-09-21T10:38:07.000000Z
2024,265.44314814814817,43.11729,-79.05979,2024-09-21T10:38:08.000000Z
2024,265.4431597222223,43.11729,-79.05979,2024-09-21T10:38:09.000000Z
2024,265.4431712962963,43.11729,-79.05978,2024-09-21T10:38:10.000000Z
2024,265.4431828703704,43.11729,-79.05979,2024-09-21T10:38:11.000000Z
2024,265.4431944444445,43.11728,-79.05978,2024-09-21T10:38:12.000000Z
2024,265.44320601851854,43.11728,-79.05978,2024-09-21T10:38:13.000000Z
2024,265.44321759259265,43.11728,-79.05977,2024-09-21T10:38:14.000000Z
2024,265.4432291666667,43.11727,-79.05977,2024-09-21T10:38:15.000000Z
2024,265.44324074074075,43.11727,-79.05977,2024-09-21T10:38:16.000000Z
2024,265.44325231481486,43.11727,-79.05977,2024-09-21T10:38:17.000000Z
2024,265.4432638888889,43.11727,-79.05977,2024-09-21T10:38:18.000000Z
2024,265.443275462963,43.11727,-79.05977,2024-09-21T10:38:19.000000Z
2024,265.44328703703707,43.11727,-79.05977,2024-09-21T10:38:20.000000Z
2024,265.4432986111111,43.11727,-79.05977,2024-09-21T10:38:21.000000Z
2024,265.4433101851852,43.11726,-79.05977,2024-09-21T10:38:22.000000Z
2024,265.4433217592593,43.11726,-79.05977,2024-09-21T10:38:23.000000Z
2024,265.4433333333334,43.11726,-79.05977,2024-09-21T10:38:24.000000Z
2024,265.44334490740744,43.11726,-79.05977,2024-09-21T10:38:25.000000Z
2024,265.45355324074075,43.11723,-79.05984,2024-09-21T10:53:07.000000Z
2024,265.4535648148148,43.11724,-79.05983,2024-09-21T10:53:08.000000Z
2024,265.4535763888889,43.11723,-79.05983,2024-09-21T10:53:09.000000Z
2024,265.45358796296296,43.11723,-79.05982,2024-09-21T10:53:10.000000Z
2024,265.453599537037,43.11723,-79.05981,2024-09-21T10:53:11.000000Z
2024,265.4536111111111,43.11722,-79.0598,2024-09-21T10:53:12.000000Z
2024,265.45362268518517,43.11722,-79.05979,2024-09-21T10:53:13.000000Z
2024,265.4536342592593,43.11722,-79.05979,2024-09-21T10:53:14.000000Z
2024,265.4536458333333,43.11722,-79.05979,2024-09-21T10:53:15.000000Z
2024,265.4536574074074,43.11722,-79.05978,2024-09-21T10:53:16.000000Z
2024,265.4536689814815,43.11722,-79.05978,2024-09-21T10:53:17.000000Z
2024,265.45368055555554,43.11722,-79.05978,2024-09-21T10:53:18.000000Z
2024,265.45369212962964,43.11722,-79.05977,2024-09-21T10:53:19.000000Z
2024,265.4537037037037,43.11722,-79.05977,2024-09-21T10:53:20.000000Z
2024,265.45371527777775,43.11722,-79.05977,2024-09-21T10:53:21.000000Z
2024,265.45372685185185,43.11723,-79.05976,2024-09-21T10:53:22.000000Z
2024,265.4537384259259,43.11723,-79.05976,2024-09-21T10:53:23.000000Z
2024,265.45375,43.11723,-79.05976,2024-09-21T10:53:24.000000Z
2024,265.45376157407406,43.11723,-79.05976,2024-09-21T10:53:25.000000Z
2024,265.4639699074074,43.11735,-79.05978,2024-09-21T11:08:07.000000Z
2024,265.4639814814814,43.11734,-79.05978,2024-09-21T11:08:08.000000Z
2024,265.46399305555553,43.11734,-79.05978,2024-09-21T11:08:09.000000Z
2024,265.4640046296296,43.11734,-79.05978,2024-09-21T11:08:10.000000Z
2024,265.46401620370364,43.11734,-79.05978,2024-09-21T11:08:11.000000Z
2024,265.4640509259259,43.11732,-79.05978,2024-09-21T11:08:14.000000Z
2024,265.4641087962963,43.11729,-79.05978,2024-09-21T11:08:19.000000Z
2024,265.4641203703703,43.11729,-79.05978,2024-09-21T11:08:20.000000Z
2024,265.4641319444444,43.11729,-79.05978,2024-09-21T11:08:21.000000Z
2024,265.4641435185185,43.11728,-79.05978,2024-09-21T11:08:22.000000Z
2024,265.46415509259253,43.11728,-79.05979,2024-09-21T11:08:23.000000Z
2024,265.46416666666664,43.11727,-79.05979,2024-09-21T11:08:24.000000Z
2024,265.4641782407407,43.11727,-79.05979,2024-09-21T11:08:25.000000Z
2024,265.46418981481474,43.11727,-79.05979,2024-09-21T11:08:26.000000Z
2024,265.46420138888885,43.11726,-79.05979,2024-09-21T11:08:27.000000Z
2024,265.4642129629629,43.11726,-79.05978,2024-09-21T11:08:28.000000Z
2024,265.464224537037,43.11726,-79.05978,2024-09-21T11:08:29.000000Z
2024,265.46423611111106,43.11726,-79.05978,2024-09-21T11:08:30.000000Z
2024,265.4642476851851,43.11726,-79.05978,2024-09-21T11:08:31.000000Z
2024,265.47438657407406,43.11723,-79.05973,2024-09-21T11:23:07.000000Z
2024,265.4743981481481,43.11724,-79.05973,2024-09-21T11:23:08.000000Z
2024,265.4744097222222,43.11725,-79.05973,2024-09-21T11:23:09.000000Z
2024,265.47442129629627,43.11727,-79.05972,2024-09-21T11:23:10.000000Z
2024,265.4744328703703,43.11729,-79.05972,2024-09-21T11:23:11.000000Z
2024,265.47444444444443,43.11729,-79.05972,2024-09-21T11:23:12.000000Z
2024,265.4744560185185,43.11729,-79.05971,2024-09-21T11:23:13.000000Z
2024,265.4744675925926,43.11729,-79.05971,2024-09-21T11:23:14.000000Z
2024,265.47447916666664,43.11729,-79.05971,2024-09-21T11:23:15.000000Z
2024,265.4744907407407,43.1173,-79.05971,2024-09-21T11:23:16.000000Z
2024,265.4745023148148,43.1173,-79.0597,2024-09-21T11:23:17.000000Z
2024,265.47451388888885,43.11731,-79.0597,2024-09-21T11:23:18.000000Z
2024,265.47452546296296,43.11731,-79.0597,2024-09-21T11:23:19.000000Z
2024,265.474537037037,43.11732,-79.0597,2024-09-21T11:23:20.000000Z
2024,265.47454861111106,43.11732,-79.05971,2024-09-21T11:23:21.000000Z
2024,265.47456018518517,43.11732,-79.05971,2024-09-21T11:23:22.000000Z
2024,265.4745717592592,43.11732,-79.05971,2024-09-21T11:23:23.000000Z
2024,265.4745833333333,43.11732,-79.05971,2024-09-21T11:23:24.000000Z
2024,265.4745949074074,43.11732,-79.05971,2024-09-21T11:23:25.000000Z
2024,265.48480324074075,43.11728,-79.05964,2024-09-21T11:38:07.000000Z
2024,265.4848148148148,43.11728,-79.05965,2024-09-21T11:38:08.000000Z
2024,265.4848263888889,43.11729,-79.05965,2024-09-21T11:38:09.000000Z
2024,265.48483796296296,43.11729,-79.05966,2024-09-21T11:38:10.000000Z
2024,265.484849537037,43.1173,-79.05966,2024-09-21T11:38:11.000000Z
2024,265.4848611111111,43.1173,-79.05966,2024-09-21T11:38:12.000000Z
2024,265.48487268518517,43.1173,-79.05966,2024-09-21T11:38:13.000000Z
2024,265.4848842592593,43.11731,-79.05967,2024-09-21T11:38:14.000000Z
2024,265.4848958333333,43.11731,-79.05968,2024-09-21T11:38:15.000000Z
2024,265.4849074074074,43.11732,-79.05968,2024-09-21T11:38:16.000000Z
2024,265.4849189814815,43.11732,-79.05969,2024-09-21T11:38:17.000000Z
2024,265.48493055555554,43.11732,-79.05969,2024-09-21T11:38:18.000000Z
2024,265.48494212962964,43.11732,-79.05969,2024-09-21T11:38:19.000000Z
2024,265.4849537037037,43.11733,-79.0597,2024-09-21T11:38:20.000000Z
2024,265.48496527777775,43.11733,-79.0597,2024-09-21T11:38:21.000000Z
2024,265.48497685185185,43.11733,-79.0597,2024-09-21T11:38:22.000000Z
2024,265.4849884259259,43.11734,-79.0597,2024-09-21T11:38:23.000000Z
2024,265.485,43.11734,-79.0597,2024-09-21T11:38:24.000000Z
2024,265.48501157407406,43.11734,-79.05971,2024-09-21T11:38:25.000000Z
2024,265.4952199074074,43.11741,-79.05965,2024-09-21T11:53:07.000000Z
2024,265.4952314814814,43.1174,-79.05965,2024-09-21T11:53:08.000000Z
2024,265.49524305555553,43.11738,-79.05965,2024-09-21T11:53:09.000000Z
2024,265.4952546296296,43.11737,-79.05965,2024-09-21T11:53:10.000000Z
2024,265.49526620370364,43.11736,-79.05966,2024-09-21T11:53:11.000000Z
2024,265.49527777777774,43.11735,-79.05966,2024-09-21T11:53:12.000000Z
2024,265.4952893518518,43.11735,-79.05966,2024-09-21T11:53:13.000000Z
2024,265.4953009259259,43.11735,-79.05966,2024-09-21T11:53:14.000000Z
2024,265.49531249999995,43.11735,-79.05967,2024-09-21T11:53:15.000000Z
2024,265.495324074074,43.11735,-79.05968,2024-09-21T11:53:16.000000Z
2024,265.4953356481481,43.11735,-79.05968,2024-09-21T11:53:17.000000Z
2024,265.49534722222216,43.11734,-79.05968,2024-09-21T11:53:18.000000Z
2024,265.4953587962963,43.11734,-79.05969,2024-09-21T11:53:19.000000Z
2024,265.4953703703703,43.11734,-79.05969,2024-09-21T11:53:20.000000Z
2024,265.4953819444444,43.11734,-79.0597,2024-09-21T11:53:21.000000Z
2024,265.4953935185185,43.11734,-79.0597,2024-09-21T11:53:22.000000Z
2024,265.49540509259253,43.11734,-79.0597,2024-09-21T11:53:23.000000Z
2024,265.49541666666664,43.11734,-79.0597,2024-09-21T11:53:24.000000Z
2024,265.4954282407407,43.11734,-79.0597,2024-09-21T11:53:25.000000Z
2024,265.50563657407406,43.11739,-79.05972,2024-09-21T12:08:07.000000Z
2024,265.5056481481481,43.11739,-79.05972,2024-09-21T12:08:08.000000Z
2024,265.5056597222222,43.11738,-79.05971,2024-09-21T12:08:09.000000Z
2024,265.50567129629627,43.11738,-79.05971,2024-09-21T12:08:10.000000Z
2024,265.5056828703703,43.11738,-79.05972,2024-09-21T12:08:11.000000Z
2024,265.50569444444443,43.11738,-79.05971,2024-09-21T12:08:12.000000Z
2024,265.5057060185185,43.11739,-79.05971,2024-09-21T12:08:13.000000Z
2024,265.5057175925926,43.11739,-79.05971,2024-09-21T12:08:14.000000Z
2024,265.50572916666664,43.11739,-79.05971,2024-09-21T12:08:15.000000Z
2024,265.5057407407407,43.11739,-79.05971,2024-09-21T12:08:16.000000Z
2024,265.5057523148148,43.11739,-79.05971,2024-09-21T12:08:17.000000Z
2024,265.50576388888885,43.1174,-79.05971,2024-09-21T12:08:18.000000Z
2024,265.50577546296296,43.1174,-79.05971,2024-09-21T12:08:19.000000Z
2024,265.505787037037,43.1174,-79.05972,2024-09-21T12:08:20.000000Z
2024,265.50579861111106,43.1174,-79.05972,2024-09-21T12:08:21.000000Z
2024,265.50581018518517,43.1174,-79.05972,2024-09-21T12:08:22.000000Z
2024,265.5058217592592,43.1174,-79.05972,2024-09-21T12:08:23.000000Z
2024,265.5058333333333,43.1174,-79.05972,2024-09-21T12:08:24.000000Z
2024,265.5058449074074,43.1174,-79.05972,2024-09-21T12:08:25.000000Z
2024,265.51605324074075,43.11737,-79.0596,2024-09-21T12:23:07.000000Z
2024,265.5160763888889,43.11737,-79.0596,2024-09-21T12:23:09.000000Z
2024,265.51608796296296,43.11737,-79.0596,2024-09-21T12:23:10.000000Z
2024,265.516099537037,43.11737,-79.0596,2024-09-21T12:23:11.000000Z
2024,265.5161111111111,43.11737,-79.0596,2024-09-21T12:23:12.000000Z
2024,265.51612268518517,43.11736,-79.0596,2024-09-21T12:23:13.000000Z
2024,265.5161342592593,43.11735,-79.0596,2024-09-21T12:23:14.000000Z
2024,265.5161458333333,43.11735,-79.05961,2024-09-21T12:23:15.000000Z
2024,265.5161574074074,43.11735,-79.0596,2024-09-21T12:23:16.000000Z
2024,265.5161689814815,43.11735,-79.0596,2024-09-21T12:23:17.000000Z
2024,265.51618055555554,43.11735,-79.05961,2024-09-21T12:23:18.000000Z
2024,265.51619212962964,43.11735,-79.05961,2024-09-21T12:23:19.000000Z
2024,265.5162037037037,43.11735,-79.05962,2024-09-21T12:23:20.000000Z
2024,265.51621527777775,43.11735,-79.05962,2024-09-21T12:23:21.000000Z
2024,265.51622685185185,43.11735,-79.05963,2024-09-21T12:23:22.000000Z
2024,265.5162384259259,43.11735,-79.05963,2024-09-21T12:23:23.000000Z
2024,265.51625,43.11735,-79.05963,2024-09-21T12:23:24.000000Z
2024,265.51626157407406,43.11735,-79.05963,2024-09-21T12:23:25.000000Z
2024,265.52646990740743,43.11725,-79.05963,2024-09-21T12:38:07.000000Z
2024,265.5264814814815,43.11724,-79.05962,2024-09-21T12:38:08.000000Z
2024,265.5264930555556,43.11725,-79.05962,2024-09-21T12:38:09.000000Z
2024,265.52650462962964,43.11725,-79.05961,2024-09-21T12:38:10.000000Z
2024,265.5265162037037,43.11725,-79.0596,2024-09-21T12:38:11.000000Z
2024,265.5265277777778,43.11725,-79.0596,2024-09-21T12:38:12.000000Z
2024,265.52653935185185,43.11725,-79.0596,2024-09-21T12:38:13.000000Z
2024,265.52655092592596,43.11724,-79.05959,2024-09-21T12:38:14.000000Z
2024,265.5265625,43.11724,-79.05959,2024-09-21T12:38:15.000000Z
2024,265.52657407407406,43.11723,-79.05958,2024-09-21T12:38:16.000000Z
2024,265.52658564814817,43.11722,-79.05957,2024-09-21T12:38:17.000000Z
2024,265.5265972222222,43.11722,-79.05957,2024-09-21T12:38:18.000000Z
2024,265.52660879629633,43.11722,-79.05956,2024-09-21T12:38:19.000000Z
2024,265.5266203703704,43.11722,-79.05956,2024-09-21T12:38:20.000000Z
2024,265.52663194444443,43.11722,-79.05955,2024-09-21T12:38:21.000000Z
2024,265.52664351851854,43.11722,-79.05954,2024-09-21T12:38:22.000000Z
2024,265.5266550925926,43.11722,-79.05954,2024-09-21T12:38:23.000000Z
2024,265.5266666666667,43.11722,-79.05954,2024-09-21T12:38:24.000000Z
2024,265.52667824074075,43.11723,-79.05953,2024-09-21T12:38:25.000000Z
