year,date,lat,lon,t
2024,260.69621527777775,43.11795,-79.06042,2024-09-16T16:42:33.000000Z
2024,260.69622685185186,43.11795,-79.06042,2024-09-16T16:42:34.000000Z
2024,260.6962384259259,43.11795,-79.06042,2024-09-16T16:42:35.000000Z
2024,260.69625,43.11794,-79.06042,2024-09-16T16:42:36.000000Z
2024,260.6962615740741,43.11794,-79.06042,2024-09-16T16:42:37.000000Z
2024,260.6962731481481,43.11794,-79.06042,2024-09-16T16:42:38.000000Z
2024,260.69628472222223,43.11794,-79.06042,2024-09-16T16:42:39.000000Z
2024,260.6962962962963,43.11794,-79.06042,2024-09-16T16:42:40.000000Z
2024,260.6963078703704,43.11794,-79.06043,2024-09-16T16:42:41.000000Z
2024,260.69631944444444,43.11794,-79.06043,2024-09-16T16:42:42.000000Z
2024,260.6963310185185,43.11794,-79.06043,2024-09-16T16:42:43.000000Z
2024,260.6963425925926,43.11794,-79.06043,2024-09-16T16:42:44.000000Z
2024,260.69635416666665,43.11794,-79.06042,2024-09-16T16:42:45.000000Z
2024,260.69636574074076,43.11794,-79.06042,2024-09-16T16:42:46.000000Z
2024,260.6963773148148,43.11794,-79.06042,2024-09-16T16:42:47.000000Z
2024,260.69638888888886,43.11794,-79.06042,2024-09-16T16:42:48.000000Z
2024,260.69640046296297,43.11794,-79.06042,2024-09-16T16:42:49.000000Z
2024,260.696412037037,43.11794,-79.06042,2024-09-16T16:42:50.000000Z
2024,260.69642361111113,43.11794,-79.06042,2024-09-16T16:42:51.000000Z
2024,260.6964351851852,43.11794,-79.06043,2024-09-16T16:42:52.000000Z
2024,260.69644675925923,43.11794,-79.06043,2024-09-16T16:42:53.000000Z
2024,260.69645833333334,43.11794,-79.06043,2024-09-16T16:42:54.000000Z
2024,260.6964699074074,43.11794,-79.06043,2024-09-16T16:42:55.000000Z
2024,260.6964814814815,43.11795,-79.06044,2024-09-16T16:42:56.000000Z
2024,260.69649305555555,43.11795,-79.06044,2024-09-16T16:42:57.000000Z
2024,260.6965046296296,43.11795,-79.06044,2024-09-16T16:42:58.000000Z
2024,260.6965162037037,43.11795,-79.06044,2024-09-16T16:42:59.000000Z
2024,260.6965277777778,43.11795,-79.06044,2024-09-16T16:43:00.000000Z
2024,260.69653935185187,43.11795,-79.06044,2024-09-16T16:43:01.000000Z
2024,260.696550925926,43.11795,-79.06044,2024-09-16T16:43:02.000000Z
2024,260.6965625,43.11796,-79.06044,2024-09-16T16:43:03.000000Z
2024,260.69657407407414,43.11796,-79.06045,2024-09-16T16:43:04.000000Z
2024,260.6965856481482,43.11796,-79.06045,2024-09-16T16:43:05.000000Z
2024,260.69659722222224,43.11796,-79.06045,2024-09-16T16:43:06.000000Z
2024,260.69660879629635,43.11796,-79.06045,2024-09-16T16:43:07.000000Z
2024,260.6966203703704,43.11796,-79.06045,2024-09-16T16:43:08.000000Z
2024,260.6966319444445,43.11796,-79.06045,2024-09-16T16:43:09.000000Z
2024,260.69664351851856,43.11796,-79.06045,2024-09-16T16:43:10.000000Z
2024,260.6966550925926,43.11796,-79.06044,2024-09-16T16:43:11.000000Z
2024,260.6966666666667,43.11796,-79.06045,2024-09-16T16:43:12.000000Z
2024,260.69667824074077,43.11796,-79.06044,2024-09-16T16:43:13.000000Z
2024,260.6966898148149,43.11796,-79.06045,2024-09-16T16:43:14.000000Z
2024,260.6967013888889,43.11796,-79.06045,2024-09-16T16:43:15.000000Z
2024,260.696712962963,43.11796,-79.06045,2024-09-16T16:43:16.000000Z
2024,260.6967245370371,43.11796,-79.06045,2024-09-16T16:43:17.000000Z
2024,260.69673611111114,43.11796,-79.06045,2024-09-16T16:43:18.000000Z
2024,260.69674768518524,43.11796,-79.06045,2024-09-16T16:43:19.000000Z
2024,260.6967592592593,43.11796,-79.06045,2024-09-16T16:43:20.000000Z
2024,260.69677083333335,43.11796,-79.06045,2024-09-16T16:43:21.000000Z
2024,260.69678240740745,43.11796,-79.06045,2024-09-16T16:43:22.000000Z
2024,260.6967939814815,43.11796,-79.06045,2024-09-16T16:43:23.000000Z
2024,260.6968055555556,43.11796,-79.06045,2024-09-16T16:43:24.000000Z
2024,260.69681712962966,43.11796,-79.06045,2024-09-16T16:43:25.000000Z
2024,260.6968287037037,43.11796,-79.06045,2024-09-16T16:43:26.000000Z
2024,260.6968402777778,43.11796,-79.06045,2024-09-16T16:43:27.000000Z
2024,260.6968518518519,43.11796,-79.06045,2024-09-16T16:43:28.000000Z
2024,260.696863425926,43.11796,-79.06045,2024-09-16T16:43:29.000000Z
2024,260.69687500000003,43.11796,-79.06045,2024-09-16T16:43:30.000000Z
2024,260.6968865740741,43.11796,-79.06045,2024-09-16T16:43:31.000000Z
2024,260.6968981481482,43.11796,-79.06045,2024-09-16T16:43:32.000000Z
2024,260.69690972222224,43.11796,-79.06045,2024-09-16T16:43:33.000000Z
2024,260.69692129629635,43.11796,-79.06045,2024-09-16T16:43:34.000000Z
2024,260.6969328703704,43.11796,-79.06045,2024-09-16T16:43:35.000000Z
2024,260.6969444444445,43.11796,-79.06045,2024-09-16T16:43:36.000000Z
2024,260.69695601851856,43.11796,-79.06045,2024-09-16T16:43:37.000000Z
2024,260.6969675925926,43.11796,-79.06045,2024-09-16T16:43:38.000000Z
2024,260.6969791666667,43.11795,-79.06045,2024-09-16T16:43:39.000000Z
2024,260.6969907407408,43.11795,-79.06045,2024-09-16T16:43:40.000000Z
2024,260.6970023148149,43.11795,-79.06045,2024-09-16T16:43:41.000000Z
2024,260.69701388888893,43.11795,-79.06045,2024-09-16T16:43:42.000000Z
2024,260.697025462963,43.11795,-79.06045,2024-09-16T16:43:43.000000Z
2024,260.6970370370371,43.11795,-79.06045,2024-09-16T16:43:44.000000Z
2024,260.69704861111114,43.11795,-79.06045,2024-09-16T16:43:45.000000Z
2024,260.69706018518525,43.11796,-79.06045,2024-09-16T16:43:46.000000Z
2024,260.6970717592593,43.11795,-79.06045,2024-09-16T16:43:47.000000Z
2024,260.69708333333335,43.11795,-79.06045,2024-09-16T16:43:48.000000Z
2024,260.69709490740746,43.11795,-79.06045,2024-09-16T16:43:49.000000Z
2024,260.6971064814815,43.11795,-79.06045,2024-09-16T16:43:50.000000Z
2024,260.6971180555556,43.11795,-79.06045,2024-09-16T16:43:51.000000Z
2024,260.69712962962967,43.11795,-79.06045,2024-09-16T16:43:52.000000Z
2024,260.6971412037037,43.11795,-79.06045,2024-09-16T16:43:53.000000Z
2024,260.69715277777783,43.11795,-79.06045,2024-09-16T16:43:54.000000Z
2024,260.6971643518519,43.11795,-79.06045,2024-09-16T16:43:55.000000Z
2024,260.697175925926,43.11795,-79.06045,2024-09-16T16:43:56.000000Z
2024,260.69718750000004,43.11795,-79.06045,2024-09-16T16:43:57.000000Z
2024,260.6971990740741,43.11795,-79.06045,2024-09-16T16:43:58.000000Z
2024,260.6972106481482,43.11795,-79.06045,2024-09-16T16:43:59.000000Z
2024,260.69722222222225,43.11795,-79.06044,2024-09-16T16:44:00.000000Z
2024,260.6972337962963,43.11795,-79.06044,2024-09-16T16:44:01.000000Z
2024,260.6972453703704,43.11795,-79.06044,2024-09-16T16:44:02.000000Z
2024,260.69725694444446,43.11795,-79.06044,2024-09-16T16:44:03.000000Z
2024,260.69726851851857,43.11795,-79.06044,2024-09-16T16:44:04.000000Z
2024,260.6972800925926,43.11795,-79.06044,2024-09-16T16:44:05.000000Z
2024,260.6972916666667,43.11795,-79.06044,2024-09-16T16:44:06.000000Z
2024,260.6973032407408,43.11795,-79.06044,2024-09-16T16:44:07.000000Z
2024,260.69731481481483,43.11795,-79.06044,2024-09-16T16:44:08.000000Z
2024,260.69732638888894,43.11795,-79.06044,2024-09-16T16:44:09.000000Z
2024,260.697337962963,43.11795,-79.06044,2024-09-16T16:44:10.000000Z
2024,260.69734953703704,43.11795,-79.06044,2024-09-16T16:44:11.000000Z
2024,260.69736111111115,43.11795,-79.06044,2024-09-16T16:44:12.000000Z
2024,260.6973726851852,43.11795,-79.06045,2024-09-16T16:44:13.000000Z
2024,260.6973842592593,43.11795,-79.06045,2024-09-16T16:44:14.000000Z
2024,260.69739583333336,43.11795,-79.06045,2024-09-16T16:44:15.000000Z
2024,260.6974074074074,43.11795,-79.06045,2024-09-16T16:44:16.000000Z
2024,260.6974189814815,43.11795,-79.06045,2024-09-16T16:44:17.000000Z
2024,260.69743055555557,43.11795,-79.06045,2024-09-16T16:44:18.000000Z
2024,260.6974421296297,43.11795,-79.06045,2024-09-16T16:44:19.000000Z
2024,260.69745370370373,43.11795,-79.06045,2024-09-16T16:44:20.000000Z
2024,260.6974652777778,43.11795,-79.06045,2024-09-16T16:44:21.000000Z
2024,260.6974768518519,43.11795,-79.06045,2024-09-16T16:44:22.000000Z
2024,260.69748842592594,43.11795,-79.06045,2024-09-16T16:44:23.000000Z
2024,260.69750000000005,43.11795,-79.06045,2024-09-16T16:44:24.000000Z
2024,260.6975115740741,43.11795,-79.06045,2024-09-16T16:44:25.000000Z
2024,260.69752314814815,43.11795,-79.06045,2024-09-16T16:44:26.000000Z
2024,260.69753472222226,43.11795,-79.06045,2024-09-16T16:44:27.000000Z
2024,260.6975462962963,43.11795,-79.06045,2024-09-16T16:44:28.000000Z
2024,260.6975578703704,43.11795,-79.06045,2024-09-16T16:44:29.000000Z
2024,260.69756944444447,43.11795,-79.06045,2024-09-16T16:44:30.000000Z
2024,260.6975810185185,43.11795,-79.06045,2024-09-16T16:44:31.000000Z
2024,260.6975925925926,43.11795,-79.06045,2024-09-16T16:44:32.000000Z
2024,260.6976041666667,43.11795,-79.06045,2024-09-16T16:44:33.000000Z
2024,260.6976157407408,43.11795,-79.06045,2024-09-16T16:44:34.000000Z
2024,260.69762731481484,43.11795,-79.06045,2024-09-16T16:44:35.000000Z
2024,260.69763888888895,43.11795,-79.06045,2024-09-16T16:44:36.000000Z
2024,260.697650462963,43.11795,-79.06045,2024-09-16T16:44:37.000000Z
2024,260.69766203703705,43.11795,-79.06045,2024-09-16T16:44:38.000000Z
2024,260.69767361111116,43.11795,-79.06045,2024-09-16T16:44:39.000000Z
2024,260.6976851851852,43.11795,-79.06045,2024-09-16T16:44:40.000000Z
2024,260.6976967592593,43.11795,-79.06045,2024-09-16T16:44:41.000000Z
2024,260.69770833333337,43.11795,-79.06045,2024-09-16T16:44:42.000000Z
2024,260.6977199074074,43.11795,-79.06045,2024-09-16T16:44:43.000000Z
2024,260.6977314814815,43.11795,-79.06045,2024-09-16T16:44:44.000000Z
2024,260.6977430555556,43.11795,-79.06045,2024-09-16T16:44:45.000000Z
2024,260.6977546296297,43.11795,-79.06045,2024-09-16T16:44:46.000000Z
2024,260.69776620370374,43.11795,-79.06045,2024-09-16T16:44:47.000000Z
2024,260.6977777777778,43.11795,-79.06045,2024-09-16T16:44:48.000000Z
2024,260.6977893518519,43.11795,-79.06045,2024-09-16T16:44:49.000000Z
2024,260.69780092592595,43.11795,-79.06045,2024-09-16T16:44:50.000000Z
2024,260.69781250000005,43.11795,-79.06045,2024-09-16T16:44:51.000000Z
2024,260.6978240740741,43.11795,-79.06045,2024-09-16T16:44:52.000000Z
2024,260.69783564814816,43.11795,-79.06045,2024-09-16T16:44:53.000000Z
2024,260.69784722222226,43.11795,-79.06045,2024-09-16T16:44:54.000000Z
2024,260.6978587962963,43.11795,-79.06045,2024-09-16T16:44:55.000000Z
2024,260.6978703703704,43.11795,-79.06045,2024-09-16T16:44:56.000000Z
2024,260.6978819444445,43.11795,-79.06045,2024-09-16T16:44:57.000000Z
2024,260.6978935185185,43.11795,-79.06045,2024-09-16T16:44:58.000000Z
2024,260.69790509259263,43.11795,-79.06045,2024-09-16T16:44:59.000000Z
2024,260.6979166666667,43.11795,-79.06045,2024-09-16T16:45:00.000000Z
2024,260.69792824074074,43.11795,-79.06045,2024-09-16T16:45:01.000000Z
2024,260.69793981481484,43.11795,-79.06045,2024-09-16T16:45:02.000000Z
2024,260.6979513888889,43.11795,-79.06045,2024-09-16T16:45:03.000000Z
2024,260.697962962963,43.11795,-79.06045,2024-09-16T16:45:04.000000Z
2024,260.69797453703706,43.11795,-79.06045,2024-09-16T16:45:05.000000Z
2024,260.6979861111111,43.11795,-79.06045,2024-09-16T16:45:06.000000Z
2024,260.6979976851852,43.11795,-79.06045,2024-09-16T16:45:07.000000Z
2024,260.69800925925927,43.11795,-79.06045,2024-09-16T16:45:08.000000Z
2024,260.6980208333334,43.11795,-79.06045,2024-09-16T16:45:09.000000Z
2024,260.6980324074074,43.11795,-79.06045,2024-09-16T16:45:10.000000Z
2024,260.6980439814815,43.11795,-79.06045,2024-09-16T16:45:11.000000Z
2024,260.6980555555556,43.11795,-79.06045,2024-09-16T16:45:12.000000Z
2024,260.69806712962964,43.11795,-79.06045,2024-09-16T16:45:13.000000Z
2024,260.69807870370374,43.11795,-79.06045,2024-09-16T16:45:14.000000Z
2024,260.6980902777778,43.11795,-79.06045,2024-09-16T16:45:15.000000Z
2024,260.69810185185185,43.11795,-79.06045,2024-09-16T16:45:16.000000Z
2024,260.69811342592595,43.11795,-79.06045,2024-09-16T16:45:17.000000Z
2024,260.698125,43.11795,-79.06045,2024-09-16T16:45:18.000000Z
2024,260.6981365740741,43.11795,-79.06045,2024-09-16T16:45:19.000000Z
2024,260.69814814814816,43.11795,-79.06045,2024-09-16T16:45:20.000000Z
2024,260.6981597222222,43.11795,-79.06045,2024-09-16T16:45:21.000000Z
2024,260.6981712962963,43.11795,-79.06045,2024-09-16T16:45:22.000000Z
2024,260.6981828703704,43.11795,-79.06045,2024-09-16T16:45:23.000000Z
2024,260.6981944444445,43.11795,-79.06045,2024-09-16T16:45:24.000000Z
2024,260.69820601851853,43.11795,-79.06045,2024-09-16T16:45:25.000000Z
2024,260.6982175925926,43.11795,-79.06045,2024-09-16T16:45:26.000000Z
2024,260.6982291666667,43.11795,-79.06045,2024-09-16T16:45:27.000000Z
2024,260.69824074074074,43.11795,-79.06045,2024-09-16T16:45:28.000000Z
2024,260.69825231481485,43.11795,-79.06045,2024-09-16T16:45:29.000000Z
2024,260.6982638888889,43.11795,-79.06045,2024-09-16T16:45:30.000000Z
2024,260.69827546296295,43.11795,-79.06045,2024-09-16T16:45:31.000000Z
2024,260.69828703703706,43.11795,-79.06045,2024-09-16T16:45:32.000000Z
2024,260.6982986111111,43.11795,-79.06045,2024-09-16T16:45:33.000000Z
2024,260.6983101851852,43.11795,-79.06045,2024-09-16T16:45:34.000000Z
2024,260.6983217592593,43.11795,-79.06045,2024-09-16T16:45:35.000000Z
2024,260.6983333333334,43.11795,-79.06045,2024-09-16T16:45:36.000000Z
2024,260.69834490740743,43.11795,-79.06045,2024-09-16T16:45:37.000000Z
2024,260.6983564814815,43.11795,-79.06045,2024-09-16T16:45:38.000000Z
2024,260.6983680555556,43.11795,-79.06045,2024-09-16T16:45:39.000000Z
2024,260.69837962962964,43.11795,-79.06045,2024-09-16T16:45:40.000000Z
2024,260.69839120370375,43.11795,-79.06045,2024-09-16T16:45:41.000000Z
2024,260.6984027777778,43.11795,-79.06045,2024-09-16T16:45:42.000000Z
2024,260.69841435185185,43.11795,-79.06045,2024-09-16T16:45:43.000000Z
2024,260.69842592592596,43.11795,-79.06045,2024-09-16T16:45:44.000000Z
2024,260.6984375,43.11795,-79.06045,2024-09-16T16:45:45.000000Z
2024,260.6984490740741,43.11795,-79.06045,2024-09-16T16:45:46.000000Z
2024,260.69846064814817,43.11795,-79.06045,2024-09-16T16:45:47.000000Z
2024,260.6984722222222,43.11795,-79.06045,2024-09-16T16:45:48.000000Z
2024,260.69848379629633,43.11795,-79.06045,2024-09-16T16:45:49.000000Z
2024,260.6984953703704,43.11795,-79.06045,2024-09-16T16:45:50.000000Z
2024,260.6985069444445,43.11795,-79.06045,2024-09-16T16:45:51.000000Z
2024,260.69851851851854,43.11795,-79.06045,2024-09-16T16:45:52.000000Z
2024,260.6985300925926,43.11795,-79.06045,2024-09-16T16:45:53.000000Z
2024,260.6985416666667,43.11795,-79.06044,2024-09-16T16:45:54.000000Z
2024,260.69855324074075,43.11795,-79.06044,2024-09-16T16:45:55.000000Z
2024,260.69856481481486,43.11795,-79.06044,2024-09-16T16:45:56.000000Z
2024,260.6985763888889,43.11795,-79.06044,2024-09-16T16:45:57.000000Z
2024,260.69858796296296,43.11795,-79.06044,2024-09-16T16:45:58.000000Z
2024,260.69859953703707,43.11795,-79.06044,2024-09-16T16:45:59.000000Z
2024,260.6986111111111,43.11795,-79.06044,2024-09-16T16:46:00.000000Z
2024,260.69862268518517,43.11795,-79.06044,2024-09-16T16:46:01.000000Z
2024,260.6986342592593,43.11795,-79.06044,2024-09-16T16:46:02.000000Z
2024,260.69864583333333,43.11795,-79.06044,2024-09-16T16:46:03.000000Z
2024,260.69865740740744,43.11795,-79.06044,2024-09-16T16:46:04.000000Z
2024,260.6986689814815,43.11795,-79.06044,2024-09-16T16:46:05.000000Z
2024,260.69868055555554,43.11795,-79.06044,2024-09-16T16:46:06.000000Z
2024,260.69869212962965,43.11795,-79.06044,2024-09-16T16:46:07.000000Z
2024,260.6987037037037,43.11795,-79.06044,2024-09-16T16:46:08.000000Z
2024,260.6987152777778,43.11795,-79.06044,2024-09-16T16:46:09.000000Z
2024,260.69872685185186,43.11795,-79.06044,2024-09-16T16:46:10.000000Z
2024,260.6987384259259,43.11795,-79.06044,2024-09-16T16:46:11.000000Z
2024,260.69875,43.11795,-79.06044,2024-09-16T16:46:12.000000Z
2024,260.69876157407407,43.11795,-79.06044,2024-09-16T16:46:13.000000Z
2024,260.6987731481482,43.11795,-79.06044,2024-09-16T16:46:14.000000Z
2024,260.69878472222223,43.11795,-79.06044,2024-09-16T16:46:15.000000Z
2024,260.6987962962963,43.11795,-79.06044,2024-09-16T16:46:16.000000Z
2024,260.6988078703704,43.11795,-79.06044,2024-09-16T16:46:17.000000Z
2024,260.69881944444444,43.11795,-79.06044,2024-09-16T16:46:18.000000Z
2024,260.69883101851855,43.11795,-79.06044,2024-09-16T16:46:19.000000Z
2024,260.6988425925926,43.11795,-79.06044,2024-09-16T16:46:20.000000Z
2024,260.69885416666665,43.11795,-79.06044,2024-09-16T16:46:21.000000Z
2024,260.69886574074076,43.11795,-79.06044,2024-09-16T16:46:22.000000Z
2024,260.6988773148148,43.11795,-79.06044,2024-09-16T16:46:23.000000Z
2024,260.6988888888889,43.11795,-79.06044,2024-09-16T16:46:24.000000Z
2024,260.69890046296297,43.11795,-79.06044,2024-09-16T16:46:25.000000Z
2024,260.698912037037,43.11795,-79.06044,2024-09-16T16:46:26.000000Z
2024,260.6989236111111,43.11795,-79.06044,2024-09-16T16:46:27.000000Z
2024,260.6989351851852,43.11795,-79.06044,2024-09-16T16:46:28.000000Z
2024,260.6989467592593,43.11795,-79.06044,2024-09-16T16:46:29.000000Z
2024,260.69895833333334,43.11795,-79.06044,2024-09-16T16:46:30.000000Z
2024,260.6989699074074,43.11795,-79.06044,2024-09-16T16:46:31.000000Z
2024,260.6989814814815,43.11795,-79.06044,2024-09-16T16:46:32.000000Z
2024,260.69899305555555,43.11795,-79.06044,2024-09-16T16:46:33.000000Z
2024,260.69900462962966,43.11795,-79.06044,2024-09-16T16:46:34.000000Z
2024,260.6990162037037,43.11795,-79.06044,2024-09-16T16:46:35.000000Z
2024,260.6990277777778,43.11795,-79.06044,2024-09-16T16:46:36.000000Z
2024,260.69903935185187,43.11795,-79.06044,2024-09-16T16:46:37.000000Z
2024,260.6990509259259,43.11795,-79.06044,2024-09-16T16:46:38.000000Z
2024,260.6990625,43.11795,-79.06044,2024-09-16T16:46:39.000000Z
2024,260.6990740740741,43.11795,-79.06044,2024-09-16T16:46:40.000000Z
2024,260.6990856481482,43.11795,-79.06044,2024-09-16T16:46:41.000000Z
2024,260.69909722222224,43.11795,-79.06044,2024-09-16T16:46:42.000000Z
2024,260.6991087962963,43.11795,-79.06044,2024-09-16T16:46:43.000000Z
2024,260.6991203703704,43.11795,-79.06044,2024-09-16T16:46:44.000000Z
2024,260.69913194444445,43.11795,-79.06044,2024-09-16T16:46:45.000000Z
2024,260.69914351851855,43.11795,-79.06044,2024-09-16T16:46:46.000000Z
2024,260.6991550925926,43.11795,-79.06044,2024-09-16T16:46:47.000000Z
2024,260.69916666666666,43.11795,-79.06044,2024-09-16T16:46:48.000000Z
2024,260.69917824074076,43.11795,-79.06044,2024-09-16T16:46:49.000000Z
2024,260.6991898148148,43.11795,-79.06044,2024-09-16T16:46:50.000000Z
2024,260.6992013888889,43.11795,-79.06044,2024-09-16T16:46:51.000000Z
2024,260.699212962963,43.11795,-79.06044,2024-09-16T16:46:52.000000Z
2024,260.699224537037,43.11795,-79.06044,2024-09-16T16:46:53.000000Z
2024,260.69923611111113,43.11795,-79.06044,2024-09-16T16:46:54.000000Z
2024,260.6992476851852,43.11795,-79.06044,2024-09-16T16:46:55.000000Z
2024,260.6992592592593,43.11795,-79.06044,2024-09-16T16:46:56.000000Z
2024,260.69927083333334,43.11795,-79.06044,2024-09-16T16:46:57.000000Z
2024,260.6992824074074,43.11795,-79.06044,2024-09-16T16:46:58.000000Z
2024,260.6992939814815,43.11795,-79.06044,2024-09-16T16:46:59.000000Z
2024,260.69930555555555,43.11795,-79.06044,2024-09-16T16:47:00.000000Z
2024,260.6993171296296,43.11795,-79.06044,2024-09-16T16:47:01.000000Z
2024,260.6993287037037,43.11795,-79.06044,2024-09-16T16:47:02.000000Z
2024,260.69934027777776,43.11795,-79.06044,2024-09-16T16:47:03.000000Z
2024,260.6993518518519,43.11795,-79.06044,2024-09-16T16:47:04.000000Z
2024,260.6993634259259,43.11795,-79.06044,2024-09-16T16:47:05.000000Z
2024,260.699375,43.11795,-79.06043,2024-09-16T16:47:06.000000Z
2024,260.6993865740741,43.11795,-79.06043,2024-09-16T16:47:07.000000Z
2024,260.69939814814813,43.11795,-79.06043,2024-09-16T16:47:08.000000Z
2024,260.69940972222224,43.11795,-79.06043,2024-09-16T16:47:09.000000Z
2024,260.6994212962963,43.11795,-79.06043,2024-09-16T16:47:10.000000Z
2024,260.69943287037034,43.11795,-79.06043,2024-09-16T16:47:11.000000Z
2024,260.69944444444445,43.11795,-79.06043,2024-09-16T16:47:12.000000Z
2024,260.6994560185185,43.11795,-79.06043,2024-09-16T16:47:13.000000Z
2024,260.6994675925926,43.11795,-79.06043,2024-09-16T16:47:14.000000Z
2024,260.69947916666666,43.11795,-79.06043,2024-09-16T16:47:15.000000Z
2024,260.6994907407407,43.11795,-79.06043,2024-09-16T16:47:16.000000Z
2024,260.6995023148148,43.11795,-79.06043,2024-09-16T16:47:17.000000Z
2024,260.6995138888889,43.11795,-79.06044,2024-09-16T16:47:18.000000Z
2024,260.699525462963,43.11795,-79.06044,2024-09-16T16:47:19.000000Z
2024,260.69953703703703,43.11795,-79.06044,2024-09-16T16:47:20.000000Z
2024,260.6995486111111,43.11795,-79.06044,2024-09-16T16:47:21.000000Z
2024,260.6995601851852,43.11795,-79.06044,2024-09-16T16:47:22.000000Z
2024,260.69957175925924,43.11795,-79.06044,2024-09-16T16:47:23.000000Z
2024,260.69958333333335,43.11795,-79.06044,2024-09-16T16:47:24.000000Z
2024,260.6995949074074,43.11795,-79.06044,2024-09-16T16:47:25.000000Z
2024,260.69960648148145,43.11795,-79.06044,2024-09-16T16:47:26.000000Z
2024,260.69961805555556,43.11795,-79.06043,2024-09-16T16:47:27.000000Z
2024,260.6996296296296,43.11795,-79.06043,2024-09-16T16:47:28.000000Z
2024,260.6996412037037,43.11795,-79.06043,2024-09-16T16:47:29.000000Z
2024,260.69965277777777,43.11795,-79.06043,2024-09-16T16:47:30.000000Z
2024,260.6996643518518,43.11795,-79.06043,2024-09-16T16:47:31.000000Z
2024,260.69967592592593,43.11795,-79.06043,2024-09-16T16:47:32.000000Z
2024,260.6996875,43.11795,-79.06043,2024-09-16T16:47:33.000000Z
2024,260.6996990740741,43.11795,-79.06043,2024-09-16T16:47:34.000000Z
2024,260.69971064814814,43.11795,-79.06043,2024-09-16T16:47:35.000000Z
2024,260.69972222222225,43.11795,-79.06043,2024-09-16T16:47:36.000000Z
2024,260.6997337962963,43.11795,-79.06043,2024-09-16T16:47:37.000000Z
2024,260.69974537037035,43.11795,-79.06043,2024-09-16T16:47:38.000000Z
2024,260.69975694444446,43.11795,-79.06043,2024-09-16T16:47:39.000000Z
2024,260.6997685185185,43.11795,-79.06043,2024-09-16T16:47:40.000000Z
2024,260.6997800925926,43.11795,-79.06043,2024-09-16T16:47:41.000000Z
2024,260.69979166666667,43.11795,-79.06043,2024-09-16T16:47:42.000000Z
2024,260.6998032407407,43.11795,-79.06043,2024-09-16T16:47:43.000000Z
2024,260.69981481481483,43.11795,-79.06043,2024-09-16T16:47:44.000000Z
2024,260.6998263888889,43.11795,-79.06043,2024-09-16T16:47:45.000000Z
2024,260.699837962963,43.11795,-79.06043,2024-09-16T16:47:46.000000Z
2024,260.69984953703704,43.11795,-79.06043,2024-09-16T16:47:47.000000Z
2024,260.6998611111111,43.11795,-79.06043,2024-09-16T16:47:48.000000Z
2024,260.6998726851852,43.11795,-79.06043,2024-09-16T16:47:49.000000Z
2024,260.69988425925925,43.11795,-79.06043,2024-09-16T16:47:50.000000Z
2024,260.69989583333336,43.11795,-79.06043,2024-09-16T16:47:51.000000Z
2024,260.6999074074074,43.11795,-79.06043,2024-09-16T16:47:52.000000Z
2024,260.69991898148146,43.11795,-79.06043,2024-09-16T16:47:53.000000Z
2024,260.69993055555557,43.11795,-79.06043,2024-09-16T16:47:54.000000Z
2024,260.6999421296296,43.11795,-79.06043,2024-09-16T16:47:55.000000Z
2024,260.6999537037037,43.11795,-79.06043,2024-09-16T16:47:56.000000Z
2024,260.6999652777778,43.11795,-79.06043,2024-09-16T16:47:57.000000Z
2024,260.69997685185183,43.11795,-79.06043,2024-09-16T16:47:58.000000Z
2024,260.69998842592594,43.11795,-79.06043,2024-09-16T16:47:59.000000Z
2024,260.70000000000005,43.11795,-79.06043,2024-09-16T16:48:00.000000Z
2024,260.7000115740741,43.11795,-79.06043,2024-09-16T16:48:01.000000Z
2024,260.7000231481482,43.11795,-79.06043,2024-09-16T16:48:02.000000Z
2024,260.70004629629636,43.11795,-79.06043,2024-09-16T16:48:04.000000Z
2024,260.7000578703704,43.11795,-79.06043,2024-09-16T16:48:05.000000Z
2024,260.70006944444447,43.11795,-79.06043,2024-09-16T16:48:06.000000Z
2024,260.7000810185186,43.11795,-79.06043,2024-09-16T16:48:07.000000Z
2024,260.7000925925926,43.11795,-79.06043,2024-09-16T16:48:08.000000Z
2024,260.70010416666673,43.11795,-79.06043,2024-09-16T16:48:09.000000Z
2024,260.7001157407408,43.11795,-79.06043,2024-09-16T16:48:10.000000Z
2024,260.70012731481484,43.11795,-79.06043,2024-09-16T16:48:11.000000Z
2024,260.70013888888894,43.11795,-79.06043,2024-09-16T16:48:12.000000Z
2024,260.700150462963,43.11795,-79.06043,2024-09-16T16:48:13.000000Z
2024,260.7001620370371,43.11795,-79.06043,2024-09-16T16:48:14.000000Z
2024,260.70017361111115,43.11795,-79.06043,2024-09-16T16:48:15.000000Z
2024,260.7001851851852,43.11795,-79.06043,2024-09-16T16:48:16.000000Z
2024,260.7001967592593,43.11795,-79.06043,2024-09-16T16:48:17.000000Z
2024,260.70020833333336,43.11794,-79.06043,2024-09-16T16:48:18.000000Z
2024,260.7002199074075,43.11794,-79.06043,2024-09-16T16:48:19.000000Z
2024,260.7002314814815,43.11794,-79.06043,2024-09-16T16:48:20.000000Z
2024,260.7002430555556,43.11794,-79.06043,2024-09-16T16:48:21.000000Z
2024,260.7002546296297,43.11794,-79.06043,2024-09-16T16:48:22.000000Z
2024,260.70026620370373,43.11794,-79.06043,2024-09-16T16:48:23.000000Z
2024,260.70027777777784,43.11794,-79.06043,2024-09-16T16:48:24.000000Z
2024,260.7002893518519,43.11794,-79.06043,2024-09-16T16:48:25.000000Z
2024,260.70030092592594,43.11794,-79.06043,2024-09-16T16:48:26.000000Z
2024,260.70031250000005,43.11794,-79.06043,2024-09-16T16:48:27.000000Z
2024,260.7003240740741,43.11794,-79.06043,2024-09-16T16:48:28.000000Z
2024,260.7003356481482,43.11794,-79.06043,2024-09-16T16:48:29.000000Z
2024,260.70034722222226,43.11794,-79.06043,2024-09-16T16:48:30.000000Z
2024,260.7003587962963,43.11794,-79.06043,2024-09-16T16:48:31.000000Z
2024,260.7003703703704,43.11794,-79.06043,2024-09-16T16:48:32.000000Z
2024,260.7003819444445,43.11794,-79.06043,2024-09-16T16:48:33.000000Z
2024,260.7003935185186,43.11794,-79.06043,2024-09-16T16:48:34.000000Z
2024,260.70040509259263,43.11794,-79.06043,2024-09-16T16:48:35.000000Z
2024,260.70041666666674,43.11794,-79.06043,2024-09-16T16:48:36.000000Z
2024,260.7004282407408,43.11794,-79.06043,2024-09-16T16:48:37.000000Z
2024,260.70043981481484,43.11794,-79.06043,2024-09-16T16:48:38.000000Z
2024,260.70045138888895,43.11794,-79.06043,2024-09-16T16:48:39.000000Z
2024,260.700462962963,43.11794,-79.06043,2024-09-16T16:48:40.000000Z
2024,260.7004745370371,43.11794,-79.06043,2024-09-16T16:48:41.000000Z
2024,260.70048611111116,43.11794,-79.06043,2024-09-16T16:48:42.000000Z
2024,260.7004976851852,43.11794,-79.06043,2024-09-16T16:48:43.000000Z
2024,260.7005092592593,43.11794,-79.06043,2024-09-16T16:48:44.000000Z
2024,260.70052083333337,43.11794,-79.06043,2024-09-16T16:48:45.000000Z
2024,260.7005324074075,43.11794,-79.06043,2024-09-16T16:48:46.000000Z
2024,260.70054398148153,43.11794,-79.06043,2024-09-16T16:48:47.000000Z
2024,260.7005555555556,43.11794,-79.06043,2024-09-16T16:48:48.000000Z
2024,260.7005671296297,43.11794,-79.06043,2024-09-16T16:48:49.000000Z
2024,260.70057870370374,43.11794,-79.06043,2024-09-16T16:48:50.000000Z
2024,260.70059027777785,43.11794,-79.06043,2024-09-16T16:48:51.000000Z
2024,260.7006018518519,43.11794,-79.06043,2024-09-16T16:48:52.000000Z
2024,260.70061342592595,43.11794,-79.06043,2024-09-16T16:48:53.000000Z
2024,260.70062500000006,43.11794,-79.06043,2024-09-16T16:48:54.000000Z
2024,260.7006365740741,43.11794,-79.06043,2024-09-16T16:48:55.000000Z
2024,260.7006481481482,43.11794,-79.06043,2024-09-16T16:48:56.000000Z
2024,260.70065972222227,43.11794,-79.06043,2024-09-16T16:48:57.000000Z
2024,260.7006712962963,43.11794,-79.06043,2024-09-16T16:48:58.000000Z
2024,260.70068287037043,43.11794,-79.06043,2024-09-16T16:48:59.000000Z
2024,260.7006944444445,43.11794,-79.06043,2024-09-16T16:49:00.000000Z
2024,260.70070601851853,43.11794,-79.06043,2024-09-16T16:49:01.000000Z
2024,260.70071759259264,43.11794,-79.06043,2024-09-16T16:49:02.000000Z
2024,260.7007291666667,43.11794,-79.06043,2024-09-16T16:49:03.000000Z
2024,260.7007407407408,43.11794,-79.06043,2024-09-16T16:49:04.000000Z
2024,260.70075231481485,43.11794,-79.06043,2024-09-16T16:49:05.000000Z
2024,260.7007638888889,43.11794,-79.06043,2024-09-16T16:49:06.000000Z
2024,260.700775462963,43.11794,-79.06043,2024-09-16T16:49:07.000000Z
2024,260.70078703703706,43.11794,-79.06043,2024-09-16T16:49:08.000000Z
2024,260.70079861111117,43.11794,-79.06043,2024-09-16T16:49:09.000000Z
2024,260.70082175925927,43.11794,-79.06043,2024-09-16T16:49:11.000000Z
2024,260.7008333333334,43.11794,-79.06043,2024-09-16T16:49:12.000000Z
2024,260.70084490740743,43.11794,-79.06043,2024-09-16T16:49:13.000000Z
2024,260.70085648148154,43.11794,-79.06043,2024-09-16T16:49:14.000000Z
2024,260.7008680555556,43.11794,-79.06043,2024-09-16T16:49:15.000000Z
2024,260.70087962962964,43.11794,-79.06043,2024-09-16T16:49:16.000000Z
2024,260.70089120370375,43.11794,-79.06043,2024-09-16T16:49:17.000000Z
2024,260.7009027777778,43.11794,-79.06043,2024-09-16T16:49:18.000000Z
2024,260.7009143518519,43.11794,-79.06043,2024-09-16T16:49:19.000000Z
2024,260.70092592592596,43.11794,-79.06043,2024-09-16T16:49:20.000000Z
2024,260.7009375,43.11794,-79.06043,2024-09-16T16:49:21.000000Z
2024,260.7009490740741,43.11794,-79.06043,2024-09-16T16:49:22.000000Z
2024,260.70096064814817,43.11794,-79.06043,2024-09-16T16:49:23.000000Z
2024,260.7009722222223,43.11794,-79.06043,2024-09-16T16:49:24.000000Z
2024,260.7009837962963,43.11794,-79.06043,2024-09-16T16:49:25.000000Z
2024,260.7009953703704,43.11794,-79.06043,2024-09-16T16:49:26.000000Z
2024,260.7010069444445,43.11794,-79.06043,2024-09-16T16:49:27.000000Z
2024,260.70101851851854,43.11794,-79.06043,2024-09-16T16:49:28.000000Z
2024,260.70103009259265,43.11794,-79.06043,2024-09-16T16:49:29.000000Z
2024,260.7010416666667,43.11794,-79.06043,2024-09-16T16:49:30.000000Z
2024,260.70105324074075,43.11794,-79.06043,2024-09-16T16:49:31.000000Z
2024,260.70106481481486,43.11794,-79.06043,2024-09-16T16:49:32.000000Z
2024,260.7010763888889,43.11794,-79.06043,2024-09-16T16:49:33.000000Z
2024,260.701087962963,43.11794,-79.06043,2024-09-16T16:49:34.000000Z
2024,260.70109953703707,43.11794,-79.06043,2024-09-16T16:49:35.000000Z
2024,260.7011111111112,43.11794,-79.06043,2024-09-16T16:49:36.000000Z
2024,260.7011226851852,43.11794,-79.06043,2024-09-16T16:49:37.000000Z
2024,260.7011342592593,43.11794,-79.06043,2024-09-16T16:49:38.000000Z
2024,260.7011458333334,43.11794,-79.06043,2024-09-16T16:49:39.000000Z
2024,260.70115740740744,43.11794,-79.06043,2024-09-16T16:49:40.000000Z
2024,260.70116898148154,43.11794,-79.06043,2024-09-16T16:49:41.000000Z
2024,260.7011805555556,43.11794,-79.06043,2024-09-16T16:49:42.000000Z
2024,260.70119212962965,43.11794,-79.06043,2024-09-16T16:49:43.000000Z
2024,260.70120370370375,43.11794,-79.06043,2024-09-16T16:49:44.000000Z
2024,260.7012152777778,43.11794,-79.06043,2024-09-16T16:49:45.000000Z
2024,260.7012268518519,43.11794,-79.06043,2024-09-16T16:49:46.000000Z
2024,260.70123842592596,43.11794,-79.06043,2024-09-16T16:49:47.000000Z
2024,260.70125,43.11794,-79.06043,2024-09-16T16:49:48.000000Z
2024,260.7012615740741,43.11794,-79.06043,2024-09-16T16:49:49.000000Z
2024,260.7012731481482,43.11794,-79.06043,2024-09-16T16:49:50.000000Z
2024,260.7012847222223,43.11794,-79.06043,2024-09-16T16:49:51.000000Z
2024,260.70129629629633,43.11794,-79.06043,2024-09-16T16:49:52.000000Z
2024,260.7013078703704,43.11794,-79.06043,2024-09-16T16:49:53.000000Z
2024,260.7013194444445,43.11794,-79.06043,2024-09-16T16:49:54.000000Z
2024,260.70133101851854,43.11794,-79.06043,2024-09-16T16:49:55.000000Z
2024,260.70134259259265,43.11794,-79.06043,2024-09-16T16:49:56.000000Z
2024,260.7013541666667,43.11794,-79.06043,2024-09-16T16:49:57.000000Z
2024,260.70136574074075,43.11794,-79.06043,2024-09-16T16:49:58.000000Z
2024,260.70137731481486,43.11794,-79.06043,2024-09-16T16:49:59.000000Z
2024,260.7013888888889,43.11794,-79.06043,2024-09-16T16:50:00.000000Z
2024,260.70140046296297,43.11794,-79.06043,2024-09-16T16:50:01.000000Z
2024,260.7014120370371,43.11794,-79.06043,2024-09-16T16:50:02.000000Z
2024,260.7014236111111,43.11794,-79.06043,2024-09-16T16:50:03.000000Z
2024,260.70143518518523,43.11794,-79.06043,2024-09-16T16:50:04.000000Z
2024,260.7014467592593,43.11794,-79.06043,2024-09-16T16:50:05.000000Z
2024,260.70145833333333,43.11794,-79.06043,2024-09-16T16:50:06.000000Z
2024,260.70146990740744,43.11794,-79.06043,2024-09-16T16:50:07.000000Z
2024,260.7014814814815,43.11794,-79.06043,2024-09-16T16:50:08.000000Z
2024,260.7014930555556,43.11794,-79.06043,2024-09-16T16:50:09.000000Z
2024,260.70150462962965,43.11794,-79.06043,2024-09-16T16:50:10.000000Z
2024,260.7015162037037,43.11794,-79.06043,2024-09-16T16:50:11.000000Z
2024,260.7015277777778,43.11794,-79.06043,2024-09-16T16:50:12.000000Z
2024,260.70153935185186,43.11794,-79.06043,2024-09-16T16:50:13.000000Z
2024,260.70155092592597,43.11794,-79.06043,2024-09-16T16:50:14.000000Z
2024,260.7015625,43.11794,-79.06043,2024-09-16T16:50:15.000000Z
2024,260.7015740740741,43.11794,-79.06043,2024-09-16T16:50:16.000000Z
2024,260.70159722222223,43.11794,-79.06043,2024-09-16T16:50:18.000000Z
2024,260.70160879629634,43.11794,-79.06043,2024-09-16T16:50:19.000000Z
2024,260.7016203703704,43.11794,-79.06043,2024-09-16T16:50:20.000000Z
2024,260.70163194444444,43.11794,-79.06043,2024-09-16T16:50:21.000000Z
2024,260.70164351851855,43.11794,-79.06043,2024-09-16T16:50:22.000000Z
2024,260.7016550925926,43.11794,-79.06043,2024-09-16T16:50:23.000000Z
2024,260.7016666666667,43.11794,-79.06043,2024-09-16T16:50:24.000000Z
2024,260.70167824074076,43.11794,-79.06043,2024-09-16T16:50:25.000000Z
2024,260.7016898148148,43.11794,-79.06043,2024-09-16T16:50:26.000000Z
2024,260.7017013888889,43.11794,-79.06043,2024-09-16T16:50:27.000000Z
2024,260.701712962963,43.11794,-79.06043,2024-09-16T16:50:28.000000Z
2024,260.7017245370371,43.11794,-79.06043,2024-09-16T16:50:29.000000Z
2024,260.70173611111113,43.11794,-79.06043,2024-09-16T16:50:30.000000Z
2024,260.7017476851852,43.11794,-79.06043,2024-09-16T16:50:31.000000Z
2024,260.7017592592593,43.11794,-79.06043,2024-09-16T16:50:32.000000Z
2024,260.70177083333334,43.11794,-79.06043,2024-09-16T16:50:33.000000Z
2024,260.70178240740745,43.11794,-79.06043,2024-09-16T16:50:34.000000Z
2024,260.7017939814815,43.11794,-79.06043,2024-09-16T16:50:35.000000Z
2024,260.7018055555556,43.11794,-79.06043,2024-09-16T16:50:36.000000Z
2024,260.70181712962966,43.11794,-79.06043,2024-09-16T16:50:37.000000Z
2024,260.7018287037037,43.11794,-79.06043,2024-09-16T16:50:38.000000Z
2024,260.7018402777778,43.11794,-79.06043,2024-09-16T16:50:39.000000Z
2024,260.70185185185187,43.11794,-79.06043,2024-09-16T16:50:40.000000Z
2024,260.701863425926,43.11794,-79.06043,2024-09-16T16:50:41.000000Z
2024,260.70187500000003,43.11794,-79.06043,2024-09-16T16:50:42.000000Z
2024,260.7018865740741,43.11794,-79.06043,2024-09-16T16:50:43.000000Z
2024,260.7018981481482,43.11794,-79.06043,2024-09-16T16:50:44.000000Z
2024,260.70190972222224,43.11794,-79.06043,2024-09-16T16:50:45.000000Z
2024,260.70192129629635,43.11794,-79.06043,2024-09-16T16:50:46.000000Z
2024,260.7019328703704,43.11794,-79.06043,2024-09-16T16:50:47.000000Z
2024,260.70194444444445,43.11794,-79.06043,2024-09-16T16:50:48.000000Z
2024,260.70195601851856,43.11794,-79.06043,2024-09-16T16:50:49.000000Z
2024,260.7019675925926,43.11794,-79.06043,2024-09-16T16:50:50.000000Z
2024,260.7019791666667,43.11794,-79.06043,2024-09-16T16:50:51.000000Z
2024,260.70199074074077,43.11794,-79.06043,2024-09-16T16:50:52.000000Z
2024,260.7020023148148,43.11794,-79.06043,2024-09-16T16:50:53.000000Z
2024,260.7020138888889,43.11794,-79.06043,2024-09-16T16:50:54.000000Z
2024,260.702025462963,43.11794,-79.06043,2024-09-16T16:50:55.000000Z
2024,260.7020370370371,43.11794,-79.06043,2024-09-16T16:50:56.000000Z
2024,260.70204861111114,43.11794,-79.06043,2024-09-16T16:50:57.000000Z
2024,260.7020601851852,43.11794,-79.06043,2024-09-16T16:50:58.000000Z
2024,260.7020717592593,43.11794,-79.06043,2024-09-16T16:50:59.000000Z
2024,260.70208333333335,43.11794,-79.06043,2024-09-16T16:51:00.000000Z
2024,260.7020949074074,43.11794,-79.06043,2024-09-16T16:51:01.000000Z
2024,260.7021064814815,43.11794,-79.06043,2024-09-16T16:51:02.000000Z
2024,260.70211805555556,43.11794,-79.06043,2024-09-16T16:51:03.000000Z
2024,260.70212962962967,43.11794,-79.06043,2024-09-16T16:51:04.000000Z
2024,260.7021412037037,43.11794,-79.06043,2024-09-16T16:51:05.000000Z
2024,260.70215277777777,43.11794,-79.06043,2024-09-16T16:51:06.000000Z
2024,260.7021643518519,43.11794,-79.06043,2024-09-16T16:51:07.000000Z
2024,260.7021759259259,43.11794,-79.06043,2024-09-16T16:51:08.000000Z
2024,260.70218750000004,43.11794,-79.06043,2024-09-16T16:51:09.000000Z
2024,260.7021990740741,43.11794,-79.06043,2024-09-16T16:51:10.000000Z
2024,260.70221064814814,43.11794,-79.06043,2024-09-16T16:51:11.000000Z
2024,260.70222222222225,43.11794,-79.06043,2024-09-16T16:51:12.000000Z
2024,260.7022337962963,43.11794,-79.06043,2024-09-16T16:51:13.000000Z
2024,260.7022453703704,43.11794,-79.06043,2024-09-16T16:51:14.000000Z
2024,260.70225694444446,43.11794,-79.06043,2024-09-16T16:51:15.000000Z
2024,260.7022685185185,43.11794,-79.06043,2024-09-16T16:51:16.000000Z
2024,260.7022800925926,43.11794,-79.06043,2024-09-16T16:51:17.000000Z
2024,260.70229166666667,43.11794,-79.06043,2024-09-16T16:51:18.000000Z
2024,260.7023032407408,43.11794,-79.06043,2024-09-16T16:51:19.000000Z
2024,260.7023148148148,43.11794,-79.06043,2024-09-16T16:51:20.000000Z
2024,260.7023263888889,43.11794,-79.06043,2024-09-16T16:51:21.000000Z
2024,260.702337962963,43.11794,-79.06043,2024-09-16T16:51:22.000000Z
2024,260.70234953703704,43.11794,-79.06043,2024-09-16T16:51:23.000000Z
2024,260.70236111111114,43.11794,-79.06043,2024-09-16T16:51:24.000000Z
2024,260.7023726851852,43.11794,-79.06043,2024-09-16T16:51:25.000000Z
2024,260.70238425925925,43.11794,-79.06043,2024-09-16T16:51:26.000000Z
2024,260.70239583333336,43.11794,-79.06043,2024-09-16T16:51:27.000000Z
2024,260.7024074074074,43.11794,-79.06043,2024-09-16T16:51:28.000000Z
2024,260.7024189814815,43.11794,-79.06043,2024-09-16T16:51:29.000000Z
2024,260.70243055555557,43.11794,-79.06043,2024-09-16T16:51:30.000000Z
2024,260.7024421296296,43.11794,-79.06043,2024-09-16T16:51:31.000000Z
2024,260.7024537037037,43.11794,-79.06043,2024-09-16T16:51:32.000000Z
2024,260.7024652777778,43.11794,-79.06043,2024-09-16T16:51:33.000000Z
2024,260.7024768518519,43.11794,-79.06043,2024-09-16T16:51:34.000000Z
2024,260.70248842592594,43.11794,-79.06043,2024-09-16T16:51:35.000000Z
2024,260.70250000000004,43.11794,-79.06043,2024-09-16T16:51:36.000000Z
2024,260.7025115740741,43.11794,-79.06043,2024-09-16T16:51:37.000000Z
2024,260.70252314814815,43.11794,-79.06043,2024-09-16T16:51:38.000000Z
2024,260.70253472222225,43.11794,-79.06043,2024-09-16T16:51:39.000000Z
2024,260.7025462962963,43.11794,-79.06043,2024-09-16T16:51:40.000000Z
2024,260.7025578703704,43.11794,-79.06043,2024-09-16T16:51:41.000000Z
2024,260.70256944444446,43.11794,-79.06043,2024-09-16T16:51:42.000000Z
2024,260.7025810185185,43.11794,-79.06043,2024-09-16T16:51:43.000000Z
2024,260.7025925925926,43.11794,-79.06043,2024-09-16T16:51:44.000000Z
2024,260.7026041666667,43.11794,-79.06043,2024-09-16T16:51:45.000000Z
2024,260.7026157407408,43.11794,-79.06043,2024-09-16T16:51:46.000000Z
2024,260.70262731481483,43.11794,-79.06043,2024-09-16T16:51:47.000000Z
2024,260.7026388888889,43.11794,-79.06043,2024-09-16T16:51:48.000000Z
2024,260.702650462963,43.11794,-79.06043,2024-09-16T16:51:49.000000Z
2024,260.70266203703704,43.11794,-79.06043,2024-09-16T16:51:50.000000Z
2024,260.70267361111115,43.11794,-79.06043,2024-09-16T16:51:51.000000Z
2024,260.7026851851852,43.11794,-79.06043,2024-09-16T16:51:52.000000Z
2024,260.70269675925925,43.11794,-79.06043,2024-09-16T16:51:53.000000Z
2024,260.70270833333336,43.11794,-79.06043,2024-09-16T16:51:54.000000Z
2024,260.7027199074074,43.11794,-79.06043,2024-09-16T16:51:55.000000Z
2024,260.7027314814815,43.11794,-79.06043,2024-09-16T16:51:56.000000Z
2024,260.7027430555556,43.11794,-79.06043,2024-09-16T16:51:57.000000Z
2024,260.7027546296296,43.11794,-79.06043,2024-09-16T16:51:58.000000Z
2024,260.70276620370373,43.11794,-79.06043,2024-09-16T16:51:59.000000Z
2024,260.7027777777778,43.11794,-79.06043,2024-09-16T16:52:00.000000Z
2024,260.70278935185183,43.11794,-79.06043,2024-09-16T16:52:01.000000Z
2024,260.70280092592594,43.11794,-79.06043,2024-09-16T16:52:02.000000Z
2024,260.7028125,43.11794,-79.06043,2024-09-16T16:52:03.000000Z
2024,260.7028240740741,43.11794,-79.06043,2024-09-16T16:52:04.000000Z
2024,260.70283564814815,43.11794,-79.06043,2024-09-16T16:52:05.000000Z
2024,260.7028472222222,43.11794,-79.06043,2024-09-16T16:52:06.000000Z
2024,260.7028587962963,43.11794,-79.06043,2024-09-16T16:52:07.000000Z
2024,260.70287037037036,43.11794,-79.06043,2024-09-16T16:52:08.000000Z
2024,260.70288194444447,43.11794,-79.06043,2024-09-16T16:52:09.000000Z
2024,260.7028935185185,43.11794,-79.06043,2024-09-16T16:52:10.000000Z
2024,260.7029050925926,43.11794,-79.06043,2024-09-16T16:52:11.000000Z
2024,260.7029166666667,43.11794,-79.06043,2024-09-16T16:52:12.000000Z
2024,260.70292824074073,43.11794,-79.06043,2024-09-16T16:52:13.000000Z
2024,260.70293981481484,43.11794,-79.06043,2024-09-16T16:52:14.000000Z
2024,260.7029513888889,43.11794,-79.06043,2024-09-16T16:52:15.000000Z
2024,260.70296296296294,43.11794,-79.06043,2024-09-16T16:52:16.000000Z
2024,260.70297453703705,43.11794,-79.06043,2024-09-16T16:52:17.000000Z
2024,260.7029861111111,43.11794,-79.06043,2024-09-16T16:52:18.000000Z
2024,260.7029976851852,43.11794,-79.06043,2024-09-16T16:52:19.000000Z
2024,260.70300925925926,43.11794,-79.06043,2024-09-16T16:52:20.000000Z
2024,260.7030208333333,43.11794,-79.06043,2024-09-16T16:52:21.000000Z
2024,260.7030324074074,43.11794,-79.06043,2024-09-16T16:52:22.000000Z
2024,260.70304398148147,43.11794,-79.06043,2024-09-16T16:52:23.000000Z
2024,260.7030555555556,43.11794,-79.06043,2024-09-16T16:52:24.000000Z
2024,260.70306712962963,43.11794,-79.06043,2024-09-16T16:52:25.000000Z
2024,260.7030787037037,43.11794,-79.06043,2024-09-16T16:52:26.000000Z
2024,260.7030902777778,43.11794,-79.06043,2024-09-16T16:52:27.000000Z
2024,260.70310185185184,43.11794,-79.06043,2024-09-16T16:52:28.000000Z
2024,260.70311342592595,43.11794,-79.06043,2024-09-16T16:52:29.000000Z
2024,260.703125,43.11794,-79.06043,2024-09-16T16:52:30.000000Z
2024,260.70313657407405,43.11794,-79.06043,2024-09-16T16:52:31.000000Z
2024,260.70314814814816,43.11794,-79.06043,2024-09-16T16:52:32.000000Z
2024,260.7031597222222,43.11794,-79.06043,2024-09-16T16:52:33.000000Z
2024,260.7031712962963,43.11794,-79.06043,2024-09-16T16:52:34.000000Z
2024,260.70318287037037,43.11794,-79.06043,2024-09-16T16:52:35.000000Z
2024,260.7031944444445,43.11794,-79.06043,2024-09-16T16:52:36.000000Z
2024,260.70320601851853,43.11794,-79.06043,2024-09-16T16:52:37.000000Z
2024,260.7032175925926,43.11794,-79.06043,2024-09-16T16:52:38.000000Z
2024,260.7032291666667,43.11794,-79.06043,2024-09-16T16:52:39.000000Z
2024,260.70324074074074,43.11794,-79.06043,2024-09-16T16:52:40.000000Z
2024,260.70325231481485,43.11794,-79.06043,2024-09-16T16:52:41.000000Z
2024,260.7032638888889,43.11794,-79.06043,2024-09-16T16:52:42.000000Z
2024,260.70327546296295,43.11794,-79.06043,2024-09-16T16:52:43.000000Z
2024,260.70328703703706,43.11794,-79.06043,2024-09-16T16:52:44.000000Z
2024,260.7032986111111,43.11794,-79.06043,2024-09-16T16:52:45.000000Z
2024,260.7033101851852,43.11794,-79.06043,2024-09-16T16:52:46.000000Z
2024,260.70332175925927,43.11794,-79.06043,2024-09-16T16:52:47.000000Z
2024,260.7033333333333,43.11794,-79.06043,2024-09-16T16:52:48.000000Z
2024,260.7033449074074,43.11794,-79.06043,2024-09-16T16:52:49.000000Z
2024,260.7033564814815,43.11794,-79.06043,2024-09-16T16:52:50.000000Z
2024,260.7033680555556,43.11794,-79.06043,2024-09-16T16:52:51.000000Z
2024,260.70337962962964,43.11794,-79.06044,2024-09-16T16:52:52.000000Z
2024,260.7033912037037,43.11794,-79.06044,2024-09-16T16:52:53.000000Z
2024,260.7034027777778,43.11794,-79.06044,2024-09-16T16:52:54.000000Z
2024,260.70341435185185,43.11794,-79.06044,2024-09-16T16:52:55.000000Z
2024,260.70342592592596,43.11794,-79.06044,2024-09-16T16:52:56.000000Z
2024,260.7034375,43.11794,-79.06044,2024-09-16T16:52:57.000000Z
2024,260.70344907407406,43.11794,-79.06044,2024-09-16T16:52:58.000000Z
2024,260.70346064814817,43.11794,-79.06044,2024-09-16T16:52:59.000000Z
2024,260.7034722222222,43.11794,-79.06044,2024-09-16T16:53:00.000000Z
2024,260.70348379629627,43.11794,-79.06044,2024-09-16T16:53:01.000000Z
2024,260.7034953703704,43.11794,-79.06044,2024-09-16T16:53:02.000000Z
2024,260.7035069444444,43.11794,-79.06044,2024-09-16T16:53:03.000000Z
2024,260.70351851851854,43.11794,-79.06044,2024-09-16T16:53:04.000000Z
2024,260.7035300925926,43.11794,-79.06044,2024-09-16T16:53:05.000000Z
2024,260.70354166666664,43.11794,-79.06044,2024-09-16T16:53:06.000000Z
2024,260.70355324074075,43.11794,-79.06044,2024-09-16T16:53:07.000000Z
2024,260.7035648148148,43.11794,-79.06044,2024-09-16T16:53:08.000000Z
2024,260.7035763888889,43.11794,-79.06044,2024-09-16T16:53:09.000000Z
2024,260.70358796296296,43.11794,-79.06044,2024-09-16T16:53:10.000000Z
2024,260.703599537037,43.11794,-79.06044,2024-09-16T16:53:11.000000Z
2024,260.7036111111111,43.11794,-79.06044,2024-09-16T16:53:12.000000Z
2024,260.70362268518517,43.11794,-79.06044,2024-09-16T16:53:13.000000Z
2024,260.7036342592593,43.11794,-79.06044,2024-09-16T16:53:14.000000Z
2024,260.7036458333333,43.11794,-79.06044,2024-09-16T16:53:15.000000Z
2024,260.7036574074074,43.11794,-79.06044,2024-09-16T16:53:16.000000Z
2024,260.7036689814815,43.11794,-79.06044,2024-09-16T16:53:17.000000Z
2024,260.70368055555554,43.11794,-79.06044,2024-09-16T16:53:18.000000Z
2024,260.70369212962964,43.11794,-79.06044,2024-09-16T16:53:19.000000Z
2024,260.7037037037037,43.11794,-79.06044,2024-09-16T16:53:20.000000Z
2024,260.70371527777775,43.11794,-79.06044,2024-09-16T16:53:21.000000Z
2024,260.70372685185185,43.11794,-79.06044,2024-09-16T16:53:22.000000Z
2024,260.7037384259259,43.11794,-79.06044,2024-09-16T16:53:23.000000Z
2024,260.70375,43.11794,-79.06044,2024-09-16T16:53:24.000000Z
2024,260.70376157407406,43.11794,-79.06044,2024-09-16T16:53:25.000000Z
2024,260.7037731481481,43.11794,-79.06044,2024-09-16T16:53:26.000000Z
2024,260.7037847222222,43.11794,-79.06043,2024-09-16T16:53:27.000000Z
2024,260.7037962962963,43.11794,-79.06043,2024-09-16T16:53:28.000000Z
2024,260.7038078703704,43.11794,-79.06043,2024-09-16T16:53:29.000000Z
2024,260.70381944444443,43.11794,-79.06043,2024-09-16T16:53:30.000000Z
2024,260.7038310185185,43.11794,-79.06043,2024-09-16T16:53:31.000000Z
2024,260.7038425925926,43.11794,-79.06043,2024-09-16T16:53:32.000000Z
2024,260.70385416666664,43.11794,-79.06043,2024-09-16T16:53:33.000000Z
2024,260.70386574074075,43.11794,-79.06043,2024-09-16T16:53:34.000000Z
2024,260.7038773148148,43.11794,-79.06043,2024-09-16T16:53:35.000000Z
2024,260.7038888888889,43.11794,-79.06043,2024-09-16T16:53:36.000000Z
2024,260.70390046296296,43.11794,-79.06043,2024-09-16T16:53:37.000000Z
2024,260.703912037037,43.11794,-79.06043,2024-09-16T16:53:38.000000Z
2024,260.7039236111111,43.11794,-79.06043,2024-09-16T16:53:39.000000Z
2024,260.7039351851852,43.11794,-79.06043,2024-09-16T16:53:40.000000Z
2024,260.7039467592593,43.11794,-79.06043,2024-09-16T16:53:41.000000Z
2024,260.70395833333333,43.11794,-79.06043,2024-09-16T16:53:42.000000Z
2024,260.7039699074074,43.11794,-79.06043,2024-09-16T16:53:43.000000Z
2024,260.7039814814815,43.11794,-79.06043,2024-09-16T16:53:44.000000Z
2024,260.70399305555554,43.11794,-79.06043,2024-09-16T16:53:45.000000Z
2024,260.70400462962965,43.11794,-79.06043,2024-09-16T16:53:46.000000Z
2024,260.7040162037037,43.11794,-79.06043,2024-09-16T16:53:47.000000Z
2024,260.70402777777775,43.11794,-79.06043,2024-09-16T16:53:48.000000Z
2024,260.70403935185186,43.11794,-79.06043,2024-09-16T16:53:49.000000Z
2024,260.7040509259259,43.11794,-79.06043,2024-09-16T16:53:50.000000Z
2024,260.7040625,43.11794,-79.06043,2024-09-16T16:53:51.000000Z
2024,260.7040740740741,43.11794,-79.06043,2024-09-16T16:53:52.000000Z
2024,260.7040856481481,43.11794,-79.06043,2024-09-16T16:53:53.000000Z
2024,260.70409722222223,43.11794,-79.06043,2024-09-16T16:53:54.000000Z
2024,260.7041087962963,43.11794,-79.06043,2024-09-16T16:53:55.000000Z
2024,260.7041203703704,43.11794,-79.06043,2024-09-16T16:53:56.000000Z
2024,260.70413194444444,43.11794,-79.06043,2024-09-16T16:53:57.000000Z
2024,260.7041435185185,43.11794,-79.06043,2024-09-16T16:53:58.000000Z
2024,260.7041550925926,43.11794,-79.06043,2024-09-16T16:53:59.000000Z
2024,260.7041666666667,43.11794,-79.06043,2024-09-16T16:54:00.000000Z
2024,260.70417824074076,43.11794,-79.06043,2024-09-16T16:54:01.000000Z
2024,260.70418981481487,43.11794,-79.06043,2024-09-16T16:54:02.000000Z
2024,260.7042013888889,43.11794,-79.06043,2024-09-16T16:54:03.000000Z
2024,260.704212962963,43.11794,-79.06043,2024-09-16T16:54:04.000000Z
2024,260.7042245370371,43.11794,-79.06043,2024-09-16T16:54:05.000000Z
2024,260.70423611111113,43.11794,-79.06043,2024-09-16T16:54:06.000000Z
2024,260.70424768518524,43.11794,-79.06043,2024-09-16T16:54:07.000000Z
2024,260.7042592592593,43.11794,-79.06043,2024-09-16T16:54:08.000000Z
2024,260.7042708333334,43.11794,-79.06043,2024-09-16T16:54:09.000000Z
2024,260.70428240740745,43.11794,-79.06043,2024-09-16T16:54:10.000000Z
2024,260.7042939814815,43.11794,-79.06043,2024-09-16T16:54:11.000000Z
2024,260.7043055555556,43.11794,-79.06043,2024-09-16T16:54:12.000000Z
2024,260.70431712962966,43.11794,-79.06043,2024-09-16T16:54:13.000000Z
2024,260.70432870370377,43.11794,-79.06043,2024-09-16T16:54:14.000000Z
2024,260.7043402777778,43.11794,-79.06043,2024-09-16T16:54:15.000000Z
2024,260.70435185185187,43.11794,-79.06043,2024-09-16T16:54:16.000000Z
2024,260.704363425926,43.11794,-79.06043,2024-09-16T16:54:17.000000Z
2024,260.704375,43.11794,-79.06043,2024-09-16T16:54:18.000000Z
2024,260.70438657407414,43.11794,-79.06043,2024-09-16T16:54:19.000000Z
2024,260.7043981481482,43.11794,-79.06043,2024-09-16T16:54:20.000000Z
2024,260.70440972222224,43.11793,-79.06043,2024-09-16T16:54:21.000000Z
2024,260.70442129629635,43.11793,-79.06043,2024-09-16T16:54:22.000000Z
2024,260.7044328703704,43.11793,-79.06043,2024-09-16T16:54:23.000000Z
2024,260.7044444444445,43.11793,-79.06043,2024-09-16T16:54:24.000000Z
2024,260.70445601851856,43.11793,-79.06043,2024-09-16T16:54:25.000000Z
2024,260.7044675925926,43.11793,-79.06043,2024-09-16T16:54:26.000000Z
2024,260.7044791666667,43.11793,-79.06043,2024-09-16T16:54:27.000000Z
2024,260.70449074074077,43.11793,-79.06043,2024-09-16T16:54:28.000000Z
2024,260.7045023148149,43.11793,-79.06043,2024-09-16T16:54:29.000000Z
2024,260.7045138888889,43.11793,-79.06043,2024-09-16T16:54:30.000000Z
2024,260.70454861111114,43.11793,-79.06043,2024-09-16T16:54:33.000000Z
2024,260.70456018518524,43.11793,-79.06043,2024-09-16T16:54:34.000000Z
2024,260.7045717592593,43.11793,-79.06043,2024-09-16T16:54:35.000000Z
2024,260.7045833333334,43.11793,-79.06043,2024-09-16T16:54:36.000000Z
2024,260.70459490740745,43.11793,-79.06043,2024-09-16T16:54:37.000000Z
2024,260.7046064814815,43.11793,-79.06043,2024-09-16T16:54:38.000000Z
2024,260.7046180555556,43.11793,-79.06043,2024-09-16T16:54:39.000000Z
2024,260.70462962962966,43.11793,-79.06043,2024-09-16T16:54:40.000000Z
2024,260.7046412037038,43.11793,-79.06043,2024-09-16T16:54:41.000000Z
2024,260.7046527777778,43.11793,-79.06043,2024-09-16T16:54:42.000000Z
2024,260.7046643518519,43.11793,-79.06044,2024-09-16T16:54:43.000000Z
2024,260.704675925926,43.11793,-79.06044,2024-09-16T16:54:44.000000Z
2024,260.70468750000003,43.11793,-79.06044,2024-09-16T16:54:45.000000Z
2024,260.70469907407414,43.11793,-79.06044,2024-09-16T16:54:46.000000Z
2024,260.7047106481482,43.11793,-79.06044,2024-09-16T16:54:47.000000Z
2024,260.70472222222224,43.11793,-79.06044,2024-09-16T16:54:48.000000Z
2024,260.70473379629635,43.11793,-79.06044,2024-09-16T16:54:49.000000Z
2024,260.7047453703704,43.11793,-79.06044,2024-09-16T16:54:50.000000Z
2024,260.7047569444445,43.11793,-79.06044,2024-09-16T16:54:51.000000Z
2024,260.70476851851856,43.11793,-79.06044,2024-09-16T16:54:52.000000Z
2024,260.7047800925926,43.11793,-79.06044,2024-09-16T16:54:53.000000Z
2024,260.7047916666667,43.11793,-79.06044,2024-09-16T16:54:54.000000Z
2024,260.7048032407408,43.11793,-79.06044,2024-09-16T16:54:55.000000Z
2024,260.7048148148149,43.11793,-79.06044,2024-09-16T16:54:56.000000Z
2024,260.70482638888893,43.11793,-79.06044,2024-09-16T16:54:57.000000Z
2024,260.704837962963,43.11793,-79.06044,2024-09-16T16:54:58.000000Z
2024,260.7048495370371,43.11793,-79.06044,2024-09-16T16:54:59.000000Z
2024,260.70486111111114,43.11793,-79.06044,2024-09-16T16:55:00.000000Z
2024,260.7048726851852,43.11793,-79.06044,2024-09-16T16:55:01.000000Z
2024,260.7048842592593,43.11793,-79.06044,2024-09-16T16:55:02.000000Z
2024,260.70489583333335,43.11793,-79.06044,2024-09-16T16:55:03.000000Z
2024,260.70490740740746,43.11793,-79.06044,2024-09-16T16:55:04.000000Z
2024,260.7049189814815,43.11793,-79.06044,2024-09-16T16:55:05.000000Z
2024,260.70493055555556,43.11793,-79.06044,2024-09-16T16:55:06.000000Z
2024,260.70494212962967,43.11793,-79.06044,2024-09-16T16:55:07.000000Z
2024,260.7049537037037,43.11793,-79.06044,2024-09-16T16:55:08.000000Z
2024,260.70496527777783,43.11793,-79.06044,2024-09-16T16:55:09.000000Z
2024,260.7049768518519,43.11793,-79.06044,2024-09-16T16:55:10.000000Z
2024,260.70498842592593,43.11793,-79.06044,2024-09-16T16:55:11.000000Z
2024,260.70500000000004,43.11793,-79.06044,2024-09-16T16:55:12.000000Z
2024,260.7050115740741,43.11793,-79.06044,2024-09-16T16:55:13.000000Z
2024,260.7050231481482,43.11793,-79.06044,2024-09-16T16:55:14.000000Z
2024,260.70503472222225,43.11793,-79.06044,2024-09-16T16:55:15.000000Z
2024,260.7050462962963,43.11793,-79.06044,2024-09-16T16:55:16.000000Z
2024,260.7050578703704,43.11793,-79.06044,2024-09-16T16:55:17.000000Z
2024,260.70506944444446,43.11793,-79.06044,2024-09-16T16:55:18.000000Z
2024,260.70508101851857,43.11793,-79.06044,2024-09-16T16:55:19.000000Z
2024,260.7050925925926,43.11793,-79.06044,2024-09-16T16:55:20.000000Z
2024,260.7051041666667,43.11793,-79.06044,2024-09-16T16:55:21.000000Z
2024,260.7051157407408,43.11793,-79.06044,2024-09-16T16:55:22.000000Z
2024,260.70512731481483,43.11793,-79.06044,2024-09-16T16:55:23.000000Z
2024,260.70513888888894,43.11793,-79.06044,2024-09-16T16:55:24.000000Z
2024,260.705150462963,43.11793,-79.06044,2024-09-16T16:55:25.000000Z
2024,260.70516203703704,43.11793,-79.06044,2024-09-16T16:55:26.000000Z
2024,260.70517361111115,43.11793,-79.06044,2024-09-16T16:55:27.000000Z
2024,260.7051851851852,43.11793,-79.06044,2024-09-16T16:55:28.000000Z
2024,260.7051967592593,43.11793,-79.06044,2024-09-16T16:55:29.000000Z
2024,260.70520833333336,43.11793,-79.06044,2024-09-16T16:55:30.000000Z
2024,260.7052199074074,43.11793,-79.06044,2024-09-16T16:55:31.000000Z
2024,260.7052314814815,43.11793,-79.06044,2024-09-16T16:55:32.000000Z
2024,260.70524305555557,43.11793,-79.06044,2024-09-16T16:55:33.000000Z
2024,260.7052546296297,43.11793,-79.06044,2024-09-16T16:55:34.000000Z
2024,260.70526620370373,43.11793,-79.06044,2024-09-16T16:55:35.000000Z
2024,260.70527777777784,43.11793,-79.06044,2024-09-16T16:55:36.000000Z
2024,260.7052893518519,43.11793,-79.06044,2024-09-16T16:55:37.000000Z
2024,260.70530092592594,43.11793,-79.06044,2024-09-16T16:55:38.000000Z
2024,260.70531250000005,43.11793,-79.06044,2024-09-16T16:55:39.000000Z
2024,260.7053240740741,43.11793,-79.06043,2024-09-16T16:55:40.000000Z
2024,260.7053356481482,43.11793,-79.06043,2024-09-16T16:55:41.000000Z
2024,260.70534722222226,43.11793,-79.06043,2024-09-16T16:55:42.000000Z
2024,260.7053587962963,43.11793,-79.06043,2024-09-16T16:55:43.000000Z
2024,260.7053703703704,43.11793,-79.06043,2024-09-16T16:55:44.000000Z
2024,260.70538194444447,43.11793,-79.06043,2024-09-16T16:55:45.000000Z
2024,260.7053935185186,43.11793,-79.06043,2024-09-16T16:55:46.000000Z
2024,260.7054050925926,43.11793,-79.06043,2024-09-16T16:55:47.000000Z
2024,260.7054166666667,43.11793,-79.06043,2024-09-16T16:55:48.000000Z
2024,260.7054282407408,43.11793,-79.06043,2024-09-16T16:55:49.000000Z
2024,260.70543981481484,43.11793,-79.06043,2024-09-16T16:55:50.000000Z
2024,260.70545138888895,43.11793,-79.06043,2024-09-16T16:55:51.000000Z
2024,260.705462962963,43.11793,-79.06043,2024-09-16T16:55:52.000000Z
2024,260.70547453703705,43.11793,-79.06043,2024-09-16T16:55:53.000000Z
2024,260.70548611111116,43.11793,-79.06043,2024-09-16T16:55:54.000000Z
2024,260.7054976851852,43.11793,-79.06043,2024-09-16T16:55:55.000000Z
2024,260.7055092592593,43.11793,-79.06043,2024-09-16T16:55:56.000000Z
2024,260.70552083333337,43.11793,-79.06043,2024-09-16T16:55:57.000000Z
2024,260.7055324074074,43.11793,-79.06043,2024-09-16T16:55:58.000000Z
2024,260.7055439814815,43.11793,-79.06043,2024-09-16T16:55:59.000000Z
2024,260.7055555555556,43.11793,-79.06043,2024-09-16T16:56:00.000000Z
2024,260.7055671296296,43.11793,-79.06043,2024-09-16T16:56:01.000000Z
2024,260.70557870370374,43.11793,-79.06043,2024-09-16T16:56:02.000000Z
2024,260.7055902777778,43.11793,-79.06043,2024-09-16T16:56:03.000000Z
2024,260.7056018518519,43.11793,-79.06043,2024-09-16T16:56:04.000000Z
2024,260.70561342592595,43.11793,-79.06043,2024-09-16T16:56:05.000000Z
2024,260.705625,43.11793,-79.06043,2024-09-16T16:56:06.000000Z
2024,260.7056365740741,43.11794,-79.06043,2024-09-16T16:56:07.000000Z
2024,260.70564814814816,43.11794,-79.06044,2024-09-16T16:56:08.000000Z
2024,260.70565972222226,43.11794,-79.06044,2024-09-16T16:56:09.000000Z
2024,260.7056712962963,43.11794,-79.06044,2024-09-16T16:56:10.000000Z
2024,260.70568287037037,43.11794,-79.06044,2024-09-16T16:56:11.000000Z
2024,260.7056944444445,43.11794,-79.06044,2024-09-16T16:56:12.000000Z
2024,260.7057060185185,43.11794,-79.06044,2024-09-16T16:56:13.000000Z
2024,260.70571759259263,43.11794,-79.06044,2024-09-16T16:56:14.000000Z
2024,260.7057291666667,43.11794,-79.06044,2024-09-16T16:56:15.000000Z
2024,260.70574074074074,43.11794,-79.06044,2024-09-16T16:56:16.000000Z
2024,260.70575231481484,43.11794,-79.06044,2024-09-16T16:56:17.000000Z
2024,260.7057638888889,43.11794,-79.06044,2024-09-16T16:56:18.000000Z
2024,260.705775462963,43.11794,-79.06044,2024-09-16T16:56:19.000000Z
2024,260.70578703703706,43.11794,-79.06044,2024-09-16T16:56:20.000000Z
2024,260.7057986111111,43.11794,-79.06044,2024-09-16T16:56:21.000000Z
2024,260.7058101851852,43.11794,-79.06044,2024-09-16T16:56:22.000000Z
2024,260.70582175925927,43.11794,-79.06044,2024-09-16T16:56:23.000000Z
2024,260.7058333333334,43.11794,-79.06044,2024-09-16T16:56:24.000000Z
2024,260.7058449074074,43.11794,-79.06044,2024-09-16T16:56:25.000000Z
2024,260.7058564814815,43.11794,-79.06044,2024-09-16T16:56:26.000000Z
2024,260.7058680555556,43.11794,-79.06044,2024-09-16T16:56:27.000000Z
2024,260.70587962962964,43.11794,-79.06044,2024-09-16T16:56:28.000000Z
2024,260.70589120370374,43.11794,-79.06044,2024-09-16T16:56:29.000000Z
2024,260.7059027777778,43.11794,-79.06044,2024-09-16T16:56:30.000000Z
2024,260.70591435185185,43.11794,-79.06044,2024-09-16T16:56:31.000000Z
2024,260.70592592592595,43.11794,-79.06044,2024-09-16T16:56:32.000000Z
2024,260.7059375,43.11794,-79.06044,2024-09-16T16:56:33.000000Z
2024,260.7059490740741,43.11794,-79.06044,2024-09-16T16:56:34.000000Z
2024,260.70596064814816,43.11794,-79.06044,2024-09-16T16:56:35.000000Z
2024,260.7059722222223,43.11794,-79.06044,2024-09-16T16:56:36.000000Z
2024,260.7059837962963,43.11794,-79.06044,2024-09-16T16:56:37.000000Z
2024,260.7059953703704,43.11794,-79.06044,2024-09-16T16:56:38.000000Z
2024,260.7060069444445,43.11794,-79.06044,2024-09-16T16:56:39.000000Z
2024,260.70601851851853,43.11794,-79.06044,2024-09-16T16:56:40.000000Z
2024,260.70603009259264,43.11794,-79.06044,2024-09-16T16:56:41.000000Z
2024,260.7060416666667,43.11793,-79.06044,2024-09-16T16:56:42.000000Z
2024,260.70605324074074,43.11793,-79.06044,2024-09-16T16:56:43.000000Z
2024,260.70606481481485,43.11793,-79.06044,2024-09-16T16:56:44.000000Z
2024,260.7060763888889,43.11793,-79.06044,2024-09-16T16:56:45.000000Z
2024,260.706087962963,43.11793,-79.06044,2024-09-16T16:56:46.000000Z
2024,260.70609953703706,43.11793,-79.06044,2024-09-16T16:56:47.000000Z
2024,260.7061111111111,43.11793,-79.06044,2024-09-16T16:56:48.000000Z
2024,260.7061226851852,43.11793,-79.06044,2024-09-16T16:56:49.000000Z
2024,260.7061342592593,43.11793,-79.06044,2024-09-16T16:56:50.000000Z
2024,260.7061458333334,43.11793,-79.06044,2024-09-16T16:56:51.000000Z
2024,260.70615740740743,43.11793,-79.06044,2024-09-16T16:56:52.000000Z
2024,260.7061689814815,43.11793,-79.06044,2024-09-16T16:56:53.000000Z
2024,260.7061805555556,43.11793,-79.06044,2024-09-16T16:56:54.000000Z
2024,260.70619212962964,43.11793,-79.06044,2024-09-16T16:56:55.000000Z
2024,260.70620370370375,43.11793,-79.06044,2024-09-16T16:56:56.000000Z
2024,260.7062152777778,43.11793,-79.06044,2024-09-16T16:56:57.000000Z
2024,260.70622685185185,43.11793,-79.06044,2024-09-16T16:56:58.000000Z
2024,260.70623842592596,43.11793,-79.06044,2024-09-16T16:56:59.000000Z
2024,260.70625,43.11793,-79.06043,2024-09-16T16:57:00.000000Z
2024,260.70626157407406,43.11793,-79.06043,2024-09-16T16:57:01.000000Z
2024,260.70627314814817,43.11793,-79.06043,2024-09-16T16:57:02.000000Z
2024,260.7062847222222,43.11793,-79.06043,2024-09-16T16:57:03.000000Z
2024,260.70629629629633,43.11793,-79.06043,2024-09-16T16:57:04.000000Z
2024,260.7063078703704,43.11793,-79.06043,2024-09-16T16:57:05.000000Z
2024,260.70631944444443,43.11793,-79.06043,2024-09-16T16:57:06.000000Z
2024,260.70633101851854,43.11793,-79.06043,2024-09-16T16:57:07.000000Z
2024,260.7063425925926,43.11793,-79.06043,2024-09-16T16:57:08.000000Z
2024,260.7063541666667,43.11793,-79.06043,2024-09-16T16:57:09.000000Z
2024,260.70636574074075,43.11793,-79.06043,2024-09-16T16:57:10.000000Z
2024,260.7063773148148,43.11793,-79.06043,2024-09-16T16:57:11.000000Z
2024,260.7063888888889,43.11793,-79.06043,2024-09-16T16:57:12.000000Z
2024,260.70640046296296,43.11793,-79.06043,2024-09-16T16:57:13.000000Z
2024,260.70641203703707,43.11793,-79.06043,2024-09-16T16:57:14.000000Z
2024,260.7064236111111,43.11793,-79.06043,2024-09-16T16:57:15.000000Z
2024,260.70643518518517,43.11793,-79.06043,2024-09-16T16:57:16.000000Z
2024,260.7064467592593,43.11793,-79.06043,2024-09-16T16:57:17.000000Z
2024,260.70645833333333,43.11793,-79.06043,2024-09-16T16:57:18.000000Z
2024,260.70646990740744,43.11793,-79.06043,2024-09-16T16:57:19.000000Z
2024,260.7064814814815,43.11793,-79.06043,2024-09-16T16:57:20.000000Z
2024,260.70649305555554,43.11793,-79.06043,2024-09-16T16:57:21.000000Z
2024,260.70650462962965,43.11793,-79.06043,2024-09-16T16:57:22.000000Z
2024,260.7065162037037,43.11793,-79.06043,2024-09-16T16:57:23.000000Z
2024,260.7065277777778,43.11793,-79.06043,2024-09-16T16:57:24.000000Z
2024,260.70653935185186,43.11793,-79.06043,2024-09-16T16:57:25.000000Z
2024,260.7065509259259,43.11793,-79.06043,2024-09-16T16:57:26.000000Z
2024,260.7065625,43.11793,-79.06043,2024-09-16T16:57:27.000000Z
2024,260.70657407407407,43.11793,-79.06043,2024-09-16T16:57:28.000000Z
2024,260.7065856481482,43.11793,-79.06043,2024-09-16T16:57:29.000000Z
2024,260.70659722222223,43.11793,-79.06043,2024-09-16T16:57:30.000000Z
2024,260.7066087962963,43.11793,-79.06043,2024-09-16T16:57:31.000000Z
2024,260.7066203703704,43.11793,-79.06043,2024-09-16T16:57:32.000000Z
2024,260.70663194444444,43.11793,-79.06043,2024-09-16T16:57:33.000000Z
2024,260.70664351851855,43.11793,-79.06043,2024-09-16T16:57:34.000000Z
2024,260.7066550925926,43.11793,-79.06043,2024-09-16T16:57:35.000000Z
2024,260.7066666666667,43.11793,-79.06043,2024-09-16T16:57:36.000000Z
2024,260.70667824074076,43.11793,-79.06043,2024-09-16T16:57:37.000000Z
2024,260.7066898148148,43.11793,-79.06043,2024-09-16T16:57:38.000000Z
2024,260.7067013888889,43.11793,-79.06043,2024-09-16T16:57:39.000000Z
2024,260.70671296296297,43.11793,-79.06043,2024-09-16T16:57:40.000000Z
2024,260.7067245370371,43.11793,-79.06043,2024-09-16T16:57:41.000000Z
2024,260.7067361111111,43.11793,-79.06043,2024-09-16T16:57:42.000000Z
2024,260.7067476851852,43.11793,-79.06043,2024-09-16T16:57:43.000000Z
2024,260.7067592592593,43.11793,-79.06043,2024-09-16T16:57:44.000000Z
2024,260.70677083333334,43.11793,-79.06043,2024-09-16T16:57:45.000000Z
2024,260.70678240740745,43.11793,-79.06043,2024-09-16T16:57:46.000000Z
2024,260.7067939814815,43.11793,-79.06043,2024-09-16T16:57:47.000000Z
2024,260.70680555555555,43.11793,-79.06043,2024-09-16T16:57:48.000000Z
2024,260.70681712962966,43.11793,-79.06043,2024-09-16T16:57:49.000000Z
2024,260.7068287037037,43.11793,-79.06043,2024-09-16T16:57:50.000000Z
2024,260.7068402777778,43.11793,-79.06043,2024-09-16T16:57:51.000000Z
2024,260.70685185185187,43.11793,-79.06043,2024-09-16T16:57:52.000000Z
2024,260.7068634259259,43.11793,-79.06043,2024-09-16T16:57:53.000000Z
2024,260.706875,43.11793,-79.06043,2024-09-16T16:57:54.000000Z
2024,260.7068865740741,43.11793,-79.06044,2024-09-16T16:57:55.000000Z
2024,260.7068981481482,43.11793,-79.06044,2024-09-16T16:57:56.000000Z
2024,260.70690972222224,43.11793,-79.06044,2024-09-16T16:57:57.000000Z
2024,260.7069212962963,43.11793,-79.06044,2024-09-16T16:57:58.000000Z
2024,260.7069328703704,43.11793,-79.06044,2024-09-16T16:57:59.000000Z
2024,260.70694444444445,43.11793,-79.06044,2024-09-16T16:58:00.000000Z
2024,260.7069560185185,43.11793,-79.06044,2024-09-16T16:58:01.000000Z
2024,260.7069675925926,43.11793,-79.06044,2024-09-16T16:58:02.000000Z
2024,260.70697916666666,43.11793,-79.06044,2024-09-16T16:58:03.000000Z
2024,260.70699074074076,43.11793,-79.06044,2024-09-16T16:58:04.000000Z
2024,260.7070023148148,43.11793,-79.06044,2024-09-16T16:58:05.000000Z
2024,260.70701388888887,43.11793,-79.06044,2024-09-16T16:58:06.000000Z
2024,260.707037037037,43.11793,-79.06044,2024-09-16T16:58:08.000000Z
2024,260.70704861111113,43.11793,-79.06044,2024-09-16T16:58:09.000000Z
2024,260.7070601851852,43.11793,-79.06044,2024-09-16T16:58:10.000000Z
2024,260.70707175925924,43.11793,-79.06044,2024-09-16T16:58:11.000000Z
2024,260.70708333333334,43.11793,-79.06044,2024-09-16T16:58:12.000000Z
2024,260.7070949074074,43.11793,-79.06044,2024-09-16T16:58:13.000000Z
2024,260.7071064814815,43.11793,-79.06044,2024-09-16T16:58:14.000000Z
2024,260.70711805555555,43.11793,-79.06044,2024-09-16T16:58:15.000000Z
2024,260.7071296296296,43.11793,-79.06044,2024-09-16T16:58:16.000000Z
2024,260.7071412037037,43.11793,-79.06044,2024-09-16T16:58:17.000000Z
2024,260.70715277777776,43.11793,-79.06044,2024-09-16T16:58:18.000000Z
2024,260.7071643518519,43.11793,-79.06044,2024-09-16T16:58:19.000000Z
2024,260.7071759259259,43.11793,-79.06044,2024-09-16T16:58:20.000000Z
2024,260.7071875,43.11793,-79.06044,2024-09-16T16:58:21.000000Z
2024,260.7071990740741,43.11793,-79.06044,2024-09-16T16:58:22.000000Z
2024,260.70721064814813,43.11793,-79.06044,2024-09-16T16:58:23.000000Z
2024,260.70722222222224,43.11793,-79.06044,2024-09-16T16:58:24.000000Z
2024,260.7072337962963,43.11793,-79.06044,2024-09-16T16:58:25.000000Z
2024,260.70724537037034,43.11793,-79.06044,2024-09-16T16:58:26.000000Z
2024,260.70725694444445,43.11793,-79.06044,2024-09-16T16:58:27.000000Z
2024,260.7072685185185,43.11793,-79.06044,2024-09-16T16:58:28.000000Z
2024,260.7072800925926,43.11793,-79.06044,2024-09-16T16:58:29.000000Z
2024,260.70729166666666,43.11793,-79.06044,2024-09-16T16:58:30.000000Z
2024,260.7073032407407,43.11793,-79.06044,2024-09-16T16:58:31.000000Z
2024,260.7073148148148,43.11793,-79.06044,2024-09-16T16:58:32.000000Z
2024,260.7073263888889,43.11793,-79.06044,2024-09-16T16:58:33.000000Z
2024,260.707337962963,43.11793,-79.06044,2024-09-16T16:58:34.000000Z
2024,260.70734953703703,43.11793,-79.06044,2024-09-16T16:58:35.000000Z
2024,260.70736111111114,43.11793,-79.06044,2024-09-16T16:58:36.000000Z
2024,260.7073726851852,43.11793,-79.06044,2024-09-16T16:58:37.000000Z
2024,260.70738425925924,43.11793,-79.06044,2024-09-16T16:58:38.000000Z
2024,260.70739583333335,43.11793,-79.06044,2024-09-16T16:58:39.000000Z
2024,260.7074074074074,43.11793,-79.06044,2024-09-16T16:58:40.000000Z
2024,260.7074189814815,43.11793,-79.06044,2024-09-16T16:58:41.000000Z
2024,260.70743055555556,43.11793,-79.06044,2024-09-16T16:58:42.000000Z
2024,260.7074421296296,43.11793,-79.06044,2024-09-16T16:58:43.000000Z
2024,260.7074537037037,43.11793,-79.06044,2024-09-16T16:58:44.000000Z
2024,260.70746527777777,43.11793,-79.06044,2024-09-16T16:58:45.000000Z
2024,260.7074768518519,43.11793,-79.06044,2024-09-16T16:58:46.000000Z
2024,260.70748842592593,43.11793,-79.06044,2024-09-16T16:58:47.000000Z
2024,260.7075,43.11793,-79.06044,2024-09-16T16:58:48.000000Z
2024,260.7075115740741,43.11793,-79.06044,2024-09-16T16:58:49.000000Z
2024,260.70752314814814,43.11793,-79.06044,2024-09-16T16:58:50.000000Z
2024,260.70753472222225,43.11793,-79.06044,2024-09-16T16:58:51.000000Z
2024,260.7075462962963,43.11793,-79.06044,2024-09-16T16:58:52.000000Z
2024,260.70755787037035,43.11793,-79.06044,2024-09-16T16:58:53.000000Z
2024,260.70756944444446,43.11793,-79.06044,2024-09-16T16:58:54.000000Z
2024,260.7075810185185,43.11793,-79.06044,2024-09-16T16:58:55.000000Z
2024,260.7075925925926,43.11793,-79.06044,2024-09-16T16:58:56.000000Z
2024,260.70760416666667,43.11793,-79.06044,2024-09-16T16:58:57.000000Z
2024,260.7076157407407,43.11793,-79.06044,2024-09-16T16:58:58.000000Z
2024,260.70762731481483,43.11793,-79.06044,2024-09-16T16:58:59.000000Z
2024,260.7076388888889,43.11793,-79.06044,2024-09-16T16:59:00.000000Z
2024,260.70765046296293,43.11793,-79.06044,2024-09-16T16:59:01.000000Z
2024,260.70766203703704,43.11793,-79.06044,2024-09-16T16:59:02.000000Z
2024,260.7076736111111,43.11793,-79.06044,2024-09-16T16:59:03.000000Z
2024,260.7076851851852,43.11793,-79.06044,2024-09-16T16:59:04.000000Z
2024,260.70769675925925,43.11793,-79.06044,2024-09-16T16:59:05.000000Z
2024,260.7077083333333,43.11793,-79.06044,2024-09-16T16:59:06.000000Z
2024,260.7077199074074,43.11793,-79.06044,2024-09-16T16:59:07.000000Z
2024,260.70773148148146,43.11793,-79.06044,2024-09-16T16:59:08.000000Z
2024,260.70774305555557,43.11793,-79.06044,2024-09-16T16:59:09.000000Z
2024,260.7077546296296,43.11793,-79.06044,2024-09-16T16:59:10.000000Z
2024,260.70776620370367,43.11793,-79.06044,2024-09-16T16:59:11.000000Z
2024,260.7077777777778,43.11793,-79.06044,2024-09-16T16:59:12.000000Z
2024,260.70778935185183,43.11793,-79.06044,2024-09-16T16:59:13.000000Z
2024,260.7078125,43.11793,-79.06044,2024-09-16T16:59:15.000000Z
2024,260.70782407407404,43.11793,-79.06044,2024-09-16T16:59:16.000000Z
2024,260.70783564814815,43.11793,-79.06044,2024-09-16T16:59:17.000000Z
2024,260.7078472222222,43.11793,-79.06044,2024-09-16T16:59:18.000000Z
2024,260.7078587962963,43.11793,-79.06044,2024-09-16T16:59:19.000000Z
2024,260.70787037037036,43.11793,-79.06044,2024-09-16T16:59:20.000000Z
2024,260.7078819444444,43.11793,-79.06044,2024-09-16T16:59:21.000000Z
2024,260.7078935185185,43.11793,-79.06044,2024-09-16T16:59:22.000000Z
2024,260.70790509259257,43.11793,-79.06044,2024-09-16T16:59:23.000000Z
2024,260.7079166666667,43.11793,-79.06044,2024-09-16T16:59:24.000000Z
2024,260.7079282407407,43.11793,-79.06044,2024-09-16T16:59:25.000000Z
2024,260.7079398148148,43.11793,-79.06044,2024-09-16T16:59:26.000000Z
2024,260.7079513888889,43.11793,-79.06044,2024-09-16T16:59:27.000000Z
2024,260.70796296296294,43.11793,-79.06044,2024-09-16T16:59:28.000000Z
2024,260.70797453703705,43.11793,-79.06044,2024-09-16T16:59:29.000000Z
2024,260.7079861111111,43.11793,-79.06044,2024-09-16T16:59:30.000000Z
2024,260.70799768518515,43.11793,-79.06044,2024-09-16T16:59:31.000000Z
2024,260.70800925925926,43.11793,-79.06044,2024-09-16T16:59:32.000000Z
2024,260.7080208333333,43.11793,-79.06044,2024-09-16T16:59:33.000000Z
2024,260.7080324074074,43.11793,-79.06044,2024-09-16T16:59:34.000000Z
2024,260.70804398148147,43.11793,-79.06044,2024-09-16T16:59:35.000000Z
2024,260.7080555555556,43.11793,-79.06044,2024-09-16T16:59:36.000000Z
2024,260.7080671296296,43.11793,-79.06044,2024-09-16T16:59:37.000000Z
2024,260.7080787037037,43.11793,-79.06044,2024-09-16T16:59:38.000000Z
2024,260.7080902777778,43.11793,-79.06044,2024-09-16T16:59:39.000000Z
2024,260.70810185185184,43.11793,-79.06044,2024-09-16T16:59:40.000000Z
2024,260.70811342592594,43.11793,-79.06044,2024-09-16T16:59:41.000000Z
2024,260.708125,43.11793,-79.06044,2024-09-16T16:59:42.000000Z
2024,260.70813657407405,43.11793,-79.06044,2024-09-16T16:59:43.000000Z
2024,260.70814814814815,43.11793,-79.06044,2024-09-16T16:59:44.000000Z
2024,260.7081597222222,43.11793,-79.06044,2024-09-16T16:59:45.000000Z
2024,260.7081712962963,43.11793,-79.06044,2024-09-16T16:59:46.000000Z
2024,260.70818287037036,43.11793,-79.06044,2024-09-16T16:59:47.000000Z
2024,260.7081944444444,43.11793,-79.06044,2024-09-16T16:59:48.000000Z
2024,260.7082060185185,43.11793,-79.06044,2024-09-16T16:59:49.000000Z
2024,260.7082175925926,43.11793,-79.06044,2024-09-16T16:59:50.000000Z
2024,260.7082291666667,43.11793,-79.06044,2024-09-16T16:59:51.000000Z
2024,260.70824074074073,43.11793,-79.06044,2024-09-16T16:59:52.000000Z
2024,260.7082523148148,43.11793,-79.06044,2024-09-16T16:59:53.000000Z
2024,260.7082638888889,43.11793,-79.06044,2024-09-16T16:59:54.000000Z
2024,260.70827546296294,43.11793,-79.06044,2024-09-16T16:59:55.000000Z
2024,260.70828703703705,43.11793,-79.06044,2024-09-16T16:59:56.000000Z
2024,260.7082986111111,43.11793,-79.06044,2024-09-16T16:59:57.000000Z
2024,260.70831018518516,43.11793,-79.06044,2024-09-16T16:59:58.000000Z
2024,260.70832175925926,43.11793,-79.06044,2024-09-16T16:59:59.000000Z
2024,260.7083333333333,43.11793,-79.06044,2024-09-16T17:00:00.000000Z
2024,260.70834490740737,43.11793,-79.06044,2024-09-16T17:00:01.000000Z
2024,260.7083564814815,43.11793,-79.06044,2024-09-16T17:00:02.000000Z
2024,260.7083680555555,43.11793,-79.06044,2024-09-16T17:00:03.000000Z
2024,260.70837962962963,43.11793,-79.06044,2024-09-16T17:00:04.000000Z
2024,260.7083912037037,43.11793,-79.06044,2024-09-16T17:00:05.000000Z
2024,260.70840277777774,43.11793,-79.06044,2024-09-16T17:00:06.000000Z
2024,260.70841435185184,43.11793,-79.06044,2024-09-16T17:00:07.000000Z
2024,260.7084259259259,43.11793,-79.06044,2024-09-16T17:00:08.000000Z
2024,260.7084375,43.11793,-79.06044,2024-09-16T17:00:09.000000Z
2024,260.70844907407405,43.11793,-79.06044,2024-09-16T17:00:10.000000Z
2024,260.7084606481481,43.11793,-79.06044,2024-09-16T17:00:11.000000Z
2024,260.7084722222222,43.11793,-79.06044,2024-09-16T17:00:12.000000Z
2024,260.70848379629626,43.11793,-79.06044,2024-09-16T17:00:13.000000Z
2024,260.7084953703704,43.11793,-79.06044,2024-09-16T17:00:14.000000Z
2024,260.7085069444444,43.11793,-79.06044,2024-09-16T17:00:15.000000Z
2024,260.7085185185185,43.11793,-79.06044,2024-09-16T17:00:16.000000Z
2024,260.7085300925926,43.11793,-79.06044,2024-09-16T17:00:17.000000Z
2024,260.70854166666663,43.11793,-79.06044,2024-09-16T17:00:18.000000Z
2024,260.70855324074074,43.11793,-79.06044,2024-09-16T17:00:19.000000Z
2024,260.7085648148148,43.11793,-79.06044,2024-09-16T17:00:20.000000Z
2024,260.70858796296295,43.11793,-79.06044,2024-09-16T17:00:22.000000Z
2024,260.708599537037,43.11793,-79.06044,2024-09-16T17:00:23.000000Z
2024,260.7086111111111,43.11793,-79.06044,2024-09-16T17:00:24.000000Z
2024,260.70862268518516,43.11793,-79.06044,2024-09-16T17:00:25.000000Z
2024,260.7086342592592,43.11793,-79.06044,2024-09-16T17:00:26.000000Z
2024,260.7086458333333,43.11793,-79.06044,2024-09-16T17:00:27.000000Z
2024,260.7086574074074,43.11793,-79.06044,2024-09-16T17:00:28.000000Z
2024,260.7086689814815,43.11793,-79.06044,2024-09-16T17:00:29.000000Z
2024,260.70868055555553,43.11793,-79.06043,2024-09-16T17:00:30.000000Z
2024,260.7086921296296,43.11793,-79.06043,2024-09-16T17:00:31.000000Z
2024,260.7087037037037,43.11793,-79.06043,2024-09-16T17:00:32.000000Z
2024,260.70871527777774,43.11793,-79.06043,2024-09-16T17:00:33.000000Z
2024,260.70872685185185,43.11793,-79.06043,2024-09-16T17:00:34.000000Z
2024,260.7087384259259,43.11793,-79.06043,2024-09-16T17:00:35.000000Z
2024,260.70875,43.11793,-79.06043,2024-09-16T17:00:36.000000Z
2024,260.70876157407406,43.11793,-79.06043,2024-09-16T17:00:37.000000Z
2024,260.7087731481481,43.11793,-79.06043,2024-09-16T17:00:38.000000Z
2024,260.7087847222222,43.11793,-79.06043,2024-09-16T17:00:39.000000Z
2024,260.70879629629627,43.11793,-79.06043,2024-09-16T17:00:40.000000Z
2024,260.7088078703704,43.11793,-79.06043,2024-09-16T17:00:41.000000Z
2024,260.70881944444443,43.11793,-79.06043,2024-09-16T17:00:42.000000Z
2024,260.7088310185185,43.11793,-79.06043,2024-09-16T17:00:43.000000Z
2024,260.7088425925926,43.11793,-79.06043,2024-09-16T17:00:44.000000Z
2024,260.70885416666664,43.11793,-79.06043,2024-09-16T17:00:45.000000Z
2024,260.70886574074075,43.11793,-79.06043,2024-09-16T17:00:46.000000Z
2024,260.7088773148148,43.11793,-79.06043,2024-09-16T17:00:47.000000Z
2024,260.70888888888885,43.11793,-79.06043,2024-09-16T17:00:48.000000Z
2024,260.70890046296296,43.11793,-79.06043,2024-09-16T17:00:49.000000Z
2024,260.708912037037,43.11793,-79.06043,2024-09-16T17:00:50.000000Z
2024,260.7089236111111,43.11793,-79.06043,2024-09-16T17:00:51.000000Z
2024,260.70893518518517,43.11793,-79.06043,2024-09-16T17:00:52.000000Z
2024,260.7089467592592,43.11793,-79.06043,2024-09-16T17:00:53.000000Z
2024,260.7089583333333,43.11793,-79.06043,2024-09-16T17:00:54.000000Z
2024,260.7089699074074,43.11793,-79.06043,2024-09-16T17:00:55.000000Z
2024,260.7089814814815,43.11793,-79.06043,2024-09-16T17:00:56.000000Z
2024,260.70899305555554,43.11793,-79.06043,2024-09-16T17:00:57.000000Z
2024,260.7090046296296,43.11793,-79.06043,2024-09-16T17:00:58.000000Z
2024,260.7090162037037,43.11793,-79.06043,2024-09-16T17:00:59.000000Z
2024,260.70902777777775,43.11793,-79.06043,2024-09-16T17:01:00.000000Z
2024,260.7090393518518,43.11793,-79.06043,2024-09-16T17:01:01.000000Z
2024,260.7090509259259,43.11793,-79.06043,2024-09-16T17:01:02.000000Z
2024,260.70906249999996,43.11793,-79.06043,2024-09-16T17:01:03.000000Z
2024,260.70907407407407,43.11793,-79.06043,2024-09-16T17:01:04.000000Z
2024,260.7090856481481,43.11793,-79.06043,2024-09-16T17:01:05.000000Z
2024,260.70909722222217,43.11793,-79.06043,2024-09-16T17:01:06.000000Z
2024,260.7091087962963,43.11793,-79.06043,2024-09-16T17:01:07.000000Z
2024,260.70912037037033,43.11793,-79.06043,2024-09-16T17:01:08.000000Z
2024,260.70913194444444,43.11793,-79.06043,2024-09-16T17:01:09.000000Z
2024,260.7091435185185,43.11793,-79.06043,2024-09-16T17:01:10.000000Z
2024,260.70915509259254,43.11793,-79.06043,2024-09-16T17:01:11.000000Z
2024,260.70916666666665,43.11793,-79.06043,2024-09-16T17:01:12.000000Z
2024,260.7091782407407,43.11793,-79.06043,2024-09-16T17:01:13.000000Z
2024,260.7091898148148,43.11793,-79.06043,2024-09-16T17:01:14.000000Z
2024,260.70920138888886,43.11793,-79.06043,2024-09-16T17:01:15.000000Z
2024,260.7092129629629,43.11793,-79.06043,2024-09-16T17:01:16.000000Z
2024,260.709224537037,43.11793,-79.06043,2024-09-16T17:01:17.000000Z
2024,260.70923611111107,43.11793,-79.06043,2024-09-16T17:01:18.000000Z
2024,260.7092476851852,43.11793,-79.06043,2024-09-16T17:01:19.000000Z
2024,260.7092592592592,43.11793,-79.06043,2024-09-16T17:01:20.000000Z
2024,260.7092708333333,43.11793,-79.06043,2024-09-16T17:01:21.000000Z
2024,260.7092824074074,43.11793,-79.06043,2024-09-16T17:01:22.000000Z
2024,260.70929398148144,43.11793,-79.06043,2024-09-16T17:01:23.000000Z
2024,260.70930555555555,43.11793,-79.06043,2024-09-16T17:01:24.000000Z
2024,260.7093171296296,43.11793,-79.06043,2024-09-16T17:01:25.000000Z
2024,260.70932870370365,43.11793,-79.06043,2024-09-16T17:01:26.000000Z
2024,260.70934027777776,43.11793,-79.06043,2024-09-16T17:01:27.000000Z
2024,260.7093518518518,43.11793,-79.06043,2024-09-16T17:01:28.000000Z
2024,260.7093634259259,43.11793,-79.06043,2024-09-16T17:01:29.000000Z
2024,260.70937499999997,43.11793,-79.06043,2024-09-16T17:01:30.000000Z
2024,260.709386574074,43.11793,-79.06043,2024-09-16T17:01:31.000000Z
2024,260.7093981481481,43.11793,-79.06043,2024-09-16T17:01:32.000000Z
2024,260.7094097222222,43.11793,-79.06043,2024-09-16T17:01:33.000000Z
2024,260.7094212962963,43.11793,-79.06043,2024-09-16T17:01:34.000000Z
2024,260.70943287037034,43.11793,-79.06043,2024-09-16T17:01:35.000000Z
2024,260.70944444444444,43.11793,-79.06043,2024-09-16T17:01:36.000000Z
2024,260.7094560185185,43.11793,-79.06043,2024-09-16T17:01:37.000000Z
2024,260.70946759259255,43.11793,-79.06043,2024-09-16T17:01:38.000000Z
2024,260.70947916666665,43.11793,-79.06043,2024-09-16T17:01:39.000000Z
2024,260.7094907407407,43.11793,-79.06043,2024-09-16T17:01:40.000000Z
2024,260.7095023148148,43.11793,-79.06043,2024-09-16T17:01:41.000000Z
2024,260.70951388888886,43.11793,-79.06043,2024-09-16T17:01:42.000000Z
2024,260.7095254629629,43.11793,-79.06043,2024-09-16T17:01:43.000000Z
2024,260.709537037037,43.11793,-79.06043,2024-09-16T17:01:44.000000Z
2024,260.7095486111111,43.11793,-79.06043,2024-09-16T17:01:45.000000Z
2024,260.7095601851852,43.11793,-79.06043,2024-09-16T17:01:46.000000Z
2024,260.70957175925923,43.11793,-79.06043,2024-09-16T17:01:47.000000Z
2024,260.7095833333333,43.11793,-79.06043,2024-09-16T17:01:48.000000Z
2024,260.7095949074074,43.11793,-79.06043,2024-09-16T17:01:49.000000Z
2024,260.70960648148144,43.11793,-79.06043,2024-09-16T17:01:50.000000Z
2024,260.70961805555555,43.11793,-79.06043,2024-09-16T17:01:51.000000Z
2024,260.7096296296296,43.11793,-79.06043,2024-09-16T17:01:52.000000Z
2024,260.70964120370365,43.11793,-79.06043,2024-09-16T17:01:53.000000Z
2024,260.70965277777776,43.11793,-79.06043,2024-09-16T17:01:54.000000Z
2024,260.7096643518518,43.11793,-79.06043,2024-09-16T17:01:55.000000Z
2024,260.7096759259259,43.11793,-79.06043,2024-09-16T17:01:56.000000Z
2024,260.7096875,43.11793,-79.06043,2024-09-16T17:01:57.000000Z
2024,260.709699074074,43.11793,-79.06043,2024-09-16T17:01:58.000000Z
2024,260.70971064814813,43.11793,-79.06043,2024-09-16T17:01:59.000000Z
2024,260.7097222222222,43.11793,-79.06043,2024-09-16T17:02:00.000000Z
2024,260.70973379629623,43.11793,-79.06043,2024-09-16T17:02:01.000000Z
2024,260.70974537037034,43.11793,-79.06043,2024-09-16T17:02:02.000000Z
2024,260.7097569444444,43.11793,-79.06043,2024-09-16T17:02:03.000000Z
2024,260.7097685185185,43.11793,-79.06043,2024-09-16T17:02:04.000000Z
2024,260.70978009259255,43.11793,-79.06043,2024-09-16T17:02:05.000000Z
2024,260.7097916666666,43.11793,-79.06043,2024-09-16T17:02:06.000000Z
2024,260.7098032407407,43.11793,-79.06043,2024-09-16T17:02:07.000000Z
2024,260.70981481481476,43.11793,-79.06043,2024-09-16T17:02:08.000000Z
2024,260.70982638888887,43.11793,-79.06043,2024-09-16T17:02:09.000000Z
2024,260.7098379629629,43.11793,-79.06043,2024-09-16T17:02:10.000000Z
2024,260.709849537037,43.11793,-79.06043,2024-09-16T17:02:11.000000Z
2024,260.7098611111111,43.11793,-79.06043,2024-09-16T17:02:12.000000Z
2024,260.70987268518513,43.11793,-79.06043,2024-09-16T17:02:13.000000Z
2024,260.70988425925924,43.11793,-79.06043,2024-09-16T17:02:14.000000Z
2024,260.7098958333333,43.11793,-79.06043,2024-09-16T17:02:15.000000Z
2024,260.70990740740734,43.11793,-79.06043,2024-09-16T17:02:16.000000Z
2024,260.70991898148145,43.11793,-79.06043,2024-09-16T17:02:17.000000Z
2024,260.7099305555555,43.11793,-79.06043,2024-09-16T17:02:18.000000Z
2024,260.7099421296296,43.11793,-79.06043,2024-09-16T17:02:19.000000Z
2024,260.70995370370366,43.11793,-79.06043,2024-09-16T17:02:20.000000Z
2024,260.7099652777777,43.11793,-79.06043,2024-09-16T17:02:21.000000Z
2024,260.7099768518518,43.11793,-79.06043,2024-09-16T17:02:22.000000Z
2024,260.70998842592587,43.11793,-79.06043,2024-09-16T17:02:23.000000Z
2024,260.71,43.11793,-79.06043,2024-09-16T17:02:24.000000Z
2024,260.71001157407403,43.11793,-79.06043,2024-09-16T17:02:25.000000Z
2024,260.7100231481481,43.11793,-79.06043,2024-09-16T17:02:26.000000Z
2024,260.7100347222222,43.11793,-79.06043,2024-09-16T17:02:27.000000Z
2024,260.71004629629624,43.11793,-79.06043,2024-09-16T17:02:28.000000Z
2024,260.71005787037035,43.11793,-79.06043,2024-09-16T17:02:29.000000Z
2024,260.7100694444444,43.11793,-79.06043,2024-09-16T17:02:30.000000Z
2024,260.71008101851845,43.11793,-79.06043,2024-09-16T17:02:31.000000Z
2024,260.71009259259256,43.11793,-79.06043,2024-09-16T17:02:32.000000Z
2024,260.7101041666666,43.11793,-79.06043,2024-09-16T17:02:33.000000Z
2024,260.7101157407407,43.11793,-79.06043,2024-09-16T17:02:34.000000Z
2024,260.71012731481477,43.11793,-79.06043,2024-09-16T17:02:35.000000Z
2024,260.7101388888889,43.11793,-79.06043,2024-09-16T17:02:36.000000Z
2024,260.71015046296293,43.11793,-79.06043,2024-09-16T17:02:37.000000Z
2024,260.710162037037,43.11793,-79.06043,2024-09-16T17:02:38.000000Z
2024,260.7101736111111,43.11793,-79.06043,2024-09-16T17:02:39.000000Z
2024,260.71018518518514,43.11793,-79.06043,2024-09-16T17:02:40.000000Z
2024,260.71019675925925,43.11793,-79.06043,2024-09-16T17:02:41.000000Z
2024,260.7102083333333,43.11793,-79.06043,2024-09-16T17:02:42.000000Z
2024,260.71021990740735,43.11793,-79.06043,2024-09-16T17:02:43.000000Z
2024,260.71023148148146,43.11793,-79.06043,2024-09-16T17:02:44.000000Z
2024,260.7102430555555,43.11793,-79.06043,2024-09-16T17:02:45.000000Z
2024,260.7102546296296,43.11793,-79.06043,2024-09-16T17:02:46.000000Z
2024,260.71026620370367,43.11793,-79.06043,2024-09-16T17:02:47.000000Z
2024,260.7102777777777,43.11793,-79.06043,2024-09-16T17:02:48.000000Z
2024,260.7102893518518,43.11793,-79.06043,2024-09-16T17:02:49.000000Z
2024,260.7103009259259,43.11793,-79.06043,2024-09-16T17:02:50.000000Z
2024,260.7103125,43.11793,-79.06043,2024-09-16T17:02:51.000000Z
2024,260.71032407407404,43.11793,-79.06043,2024-09-16T17:02:52.000000Z
2024,260.7103356481481,43.11793,-79.06043,2024-09-16T17:02:53.000000Z
2024,260.7103472222222,43.11793,-79.06043,2024-09-16T17:02:54.000000Z
2024,260.71035879629625,43.11793,-79.06043,2024-09-16T17:02:55.000000Z
2024,260.71037037037036,43.11793,-79.06043,2024-09-16T17:02:56.000000Z
2024,260.7103819444444,43.11793,-79.06043,2024-09-16T17:02:57.000000Z
2024,260.71039351851846,43.11793,-79.06043,2024-09-16T17:02:58.000000Z
2024,260.71040509259257,43.11793,-79.06043,2024-09-16T17:02:59.000000Z
2024,260.7104166666667,43.11793,-79.06043,2024-09-16T17:03:00.000000Z
2024,260.7104282407407,43.11793,-79.06043,2024-09-16T17:03:01.000000Z
2024,260.71043981481483,43.11793,-79.06043,2024-09-16T17:03:02.000000Z
2024,260.7104513888889,43.11793,-79.06043,2024-09-16T17:03:03.000000Z
2024,260.710462962963,43.11793,-79.06043,2024-09-16T17:03:04.000000Z
2024,260.71047453703704,43.11793,-79.06043,2024-09-16T17:03:05.000000Z
2024,260.7104861111111,43.11793,-79.06043,2024-09-16T17:03:06.000000Z
2024,260.7104976851852,43.11793,-79.06043,2024-09-16T17:03:07.000000Z
2024,260.71050925925925,43.11793,-79.06043,2024-09-16T17:03:08.000000Z
2024,260.71052083333336,43.11793,-79.06043,2024-09-16T17:03:09.000000Z
2024,260.7105324074074,43.11793,-79.06043,2024-09-16T17:03:10.000000Z
2024,260.71054398148146,43.11793,-79.06043,2024-09-16T17:03:11.000000Z
2024,260.7105555555556,43.11793,-79.06043,2024-09-16T17:03:12.000000Z
2024,260.7105671296296,43.11793,-79.06043,2024-09-16T17:03:13.000000Z
2024,260.71057870370373,43.11793,-79.06043,2024-09-16T17:03:14.000000Z
2024,260.7105902777778,43.11793,-79.06043,2024-09-16T17:03:15.000000Z
2024,260.71060185185183,43.11793,-79.06043,2024-09-16T17:03:16.000000Z
2024,260.71061342592594,43.11793,-79.06043,2024-09-16T17:03:17.000000Z
2024,260.710625,43.11793,-79.06043,2024-09-16T17:03:18.000000Z
2024,260.7106365740741,43.11793,-79.06043,2024-09-16T17:03:19.000000Z
2024,260.71064814814815,43.11793,-79.06043,2024-09-16T17:03:20.000000Z
2024,260.7106597222222,43.11793,-79.06043,2024-09-16T17:03:21.000000Z
2024,260.7106712962963,43.11793,-79.06043,2024-09-16T17:03:22.000000Z
2024,260.71068287037036,43.11793,-79.06043,2024-09-16T17:03:23.000000Z
2024,260.71069444444447,43.11793,-79.06043,2024-09-16T17:03:24.000000Z
2024,260.7107060185185,43.11793,-79.06043,2024-09-16T17:03:25.000000Z
2024,260.7107175925926,43.11793,-79.06043,2024-09-16T17:03:26.000000Z
2024,260.7107291666667,43.11793,-79.06043,2024-09-16T17:03:27.000000Z
2024,260.71074074074073,43.11793,-79.06043,2024-09-16T17:03:28.000000Z
2024,260.71075231481484,43.11793,-79.06043,2024-09-16T17:03:29.000000Z
2024,260.7107638888889,43.11793,-79.06043,2024-09-16T17:03:30.000000Z
2024,260.71077546296294,43.11793,-79.06043,2024-09-16T17:03:31.000000Z
2024,260.71078703703705,43.11793,-79.06043,2024-09-16T17:03:32.000000Z
2024,260.7107986111111,43.11793,-79.06043,2024-09-16T17:03:33.000000Z
2024,260.7108101851852,43.11793,-79.06043,2024-09-16T17:03:34.000000Z
2024,260.71082175925926,43.11793,-79.06043,2024-09-16T17:03:35.000000Z
2024,260.71083333333337,43.11793,-79.06043,2024-09-16T17:03:36.000000Z
2024,260.7108449074074,43.11793,-79.06043,2024-09-16T17:03:37.000000Z
2024,260.71085648148147,43.11793,-79.06043,2024-09-16T17:03:38.000000Z
2024,260.7108680555556,43.11793,-79.06043,2024-09-16T17:03:39.000000Z
2024,260.71087962962963,43.11793,-79.06043,2024-09-16T17:03:40.000000Z
2024,260.71089120370374,43.11793,-79.06043,2024-09-16T17:03:41.000000Z
2024,260.7109027777778,43.11793,-79.06043,2024-09-16T17:03:42.000000Z
2024,260.71091435185184,43.11793,-79.06043,2024-09-16T17:03:43.000000Z
2024,260.71092592592595,43.11793,-79.06043,2024-09-16T17:03:44.000000Z
2024,260.7109375,43.11793,-79.06043,2024-09-16T17:03:45.000000Z
2024,260.7109490740741,43.11793,-79.06043,2024-09-16T17:03:46.000000Z
2024,260.71096064814816,43.11793,-79.06043,2024-09-16T17:03:47.000000Z
2024,260.7109722222222,43.11793,-79.06043,2024-09-16T17:03:48.000000Z
2024,260.7109837962963,43.11793,-79.06043,2024-09-16T17:03:49.000000Z
2024,260.71099537037037,43.11793,-79.06043,2024-09-16T17:03:50.000000Z
2024,260.7110069444445,43.11793,-79.06043,2024-09-16T17:03:51.000000Z
2024,260.71101851851853,43.11793,-79.06043,2024-09-16T17:03:52.000000Z
2024,260.7110300925926,43.11793,-79.06043,2024-09-16T17:03:53.000000Z
2024,260.7110416666667,43.11793,-79.06043,2024-09-16T17:03:54.000000Z
2024,260.71105324074074,43.11793,-79.06043,2024-09-16T17:03:55.000000Z
2024,260.71106481481485,43.11793,-79.06043,2024-09-16T17:03:56.000000Z
2024,260.7110763888889,43.11793,-79.06043,2024-09-16T17:03:57.000000Z
2024,260.71108796296295,43.11793,-79.06043,2024-09-16T17:03:58.000000Z
2024,260.71109953703706,43.11793,-79.06043,2024-09-16T17:03:59.000000Z
2024,260.7111111111111,43.11793,-79.06043,2024-09-16T17:04:00.000000Z
2024,260.71112268518516,43.11793,-79.06043,2024-09-16T17:04:01.000000Z
2024,260.71113425925927,43.11793,-79.06043,2024-09-16T17:04:02.000000Z
2024,260.7111458333333,43.11793,-79.06043,2024-09-16T17:04:03.000000Z
2024,260.7111574074074,43.11793,-79.06043,2024-09-16T17:04:04.000000Z
2024,260.7111689814815,43.11793,-79.06043,2024-09-16T17:04:05.000000Z
2024,260.71118055555553,43.11793,-79.06043,2024-09-16T17:04:06.000000Z
2024,260.71119212962964,43.11793,-79.06043,2024-09-16T17:04:07.000000Z
2024,260.7112037037037,43.11793,-79.06043,2024-09-16T17:04:08.000000Z
2024,260.7112152777778,43.11793,-79.06043,2024-09-16T17:04:09.000000Z
2024,260.71122685185185,43.11793,-79.06043,2024-09-16T17:04:10.000000Z
2024,260.7112384259259,43.11793,-79.06043,2024-09-16T17:04:11.000000Z
2024,260.71125,43.11793,-79.06043,2024-09-16T17:04:12.000000Z
2024,260.71126157407406,43.11793,-79.06043,2024-09-16T17:04:13.000000Z
2024,260.71127314814817,43.11793,-79.06043,2024-09-16T17:04:14.000000Z
2024,260.7112847222222,43.11793,-79.06043,2024-09-16T17:04:15.000000Z
2024,260.71129629629627,43.11793,-79.06043,2024-09-16T17:04:16.000000Z
2024,260.7113078703704,43.11793,-79.06043,2024-09-16T17:04:17.000000Z
2024,260.7113194444444,43.11793,-79.06043,2024-09-16T17:04:18.000000Z
2024,260.71133101851854,43.11793,-79.06043,2024-09-16T17:04:19.000000Z
2024,260.7113425925926,43.11793,-79.06043,2024-09-16T17:04:20.000000Z
2024,260.71135416666664,43.11793,-79.06043,2024-09-16T17:04:21.000000Z
2024,260.71136574074075,43.11793,-79.06043,2024-09-16T17:04:22.000000Z
2024,260.7113773148148,43.11793,-79.06043,2024-09-16T17:04:23.000000Z
2024,260.7113888888889,43.11793,-79.06043,2024-09-16T17:04:24.000000Z
2024,260.71140046296296,43.11793,-79.06043,2024-09-16T17:04:25.000000Z
2024,260.711412037037,43.11793,-79.06043,2024-09-16T17:04:26.000000Z
2024,260.7114236111111,43.11793,-79.06043,2024-09-16T17:04:27.000000Z
2024,260.71143518518517,43.11793,-79.06043,2024-09-16T17:04:28.000000Z
2024,260.7114467592593,43.11793,-79.06043,2024-09-16T17:04:29.000000Z
2024,260.7114583333333,43.11793,-79.06043,2024-09-16T17:04:30.000000Z
2024,260.7114699074074,43.11793,-79.06043,2024-09-16T17:04:31.000000Z
2024,260.7114814814815,43.11793,-79.06042,2024-09-16T17:04:32.000000Z
2024,260.71149305555554,43.11793,-79.06042,2024-09-16T17:04:33.000000Z
2024,260.71150462962964,43.11793,-79.06042,2024-09-16T17:04:34.000000Z
2024,260.7115162037037,43.11793,-79.06042,2024-09-16T17:04:35.000000Z
2024,260.7115277777778,43.11793,-79.06042,2024-09-16T17:04:36.000000Z
2024,260.71153935185185,43.11793,-79.06042,2024-09-16T17:04:37.000000Z
2024,260.7115509259259,43.11793,-79.06042,2024-09-16T17:04:38.000000Z
2024,260.7115625,43.11793,-79.06042,2024-09-16T17:04:39.000000Z
2024,260.71157407407406,43.11793,-79.06042,2024-09-16T17:04:40.000000Z
2024,260.7115856481482,43.11793,-79.06042,2024-09-16T17:04:41.000000Z
2024,260.7115972222222,43.11793,-79.06042,2024-09-16T17:04:42.000000Z
2024,260.7116087962963,43.11793,-79.06042,2024-09-16T17:04:43.000000Z
2024,260.7116203703704,43.11793,-79.06042,2024-09-16T17:04:44.000000Z
2024,260.71163194444443,43.11793,-79.06042,2024-09-16T17:04:45.000000Z
2024,260.71164351851854,43.11793,-79.06042,2024-09-16T17:04:46.000000Z
2024,260.7116550925926,43.11793,-79.06042,2024-09-16T17:04:47.000000Z
2024,260.71166666666664,43.11793,-79.06042,2024-09-16T17:04:48.000000Z
2024,260.71167824074075,43.11793,-79.06042,2024-09-16T17:04:49.000000Z
2024,260.7116898148148,43.11793,-79.06042,2024-09-16T17:04:50.000000Z
2024,260.7117013888889,43.11793,-79.06042,2024-09-16T17:04:51.000000Z
2024,260.71171296296296,43.11793,-79.06042,2024-09-16T17:04:52.000000Z
2024,260.711724537037,43.11793,-79.06042,2024-09-16T17:04:53.000000Z
2024,260.7117361111111,43.11793,-79.06042,2024-09-16T17:04:54.000000Z
2024,260.7117476851852,43.11793,-79.06042,2024-09-16T17:04:55.000000Z
2024,260.7117592592593,43.11793,-79.06042,2024-09-16T17:04:56.000000Z
2024,260.71177083333333,43.11793,-79.06042,2024-09-16T17:04:57.000000Z
2024,260.7117824074074,43.11793,-79.06042,2024-09-16T17:04:58.000000Z
2024,260.7117939814815,43.11793,-79.06042,2024-09-16T17:04:59.000000Z
2024,260.71180555555554,43.11793,-79.06042,2024-09-16T17:05:00.000000Z
2024,260.7118171296296,43.11793,-79.06042,2024-09-16T17:05:01.000000Z
2024,260.7118287037037,43.11793,-79.06042,2024-09-16T17:05:02.000000Z
2024,260.71184027777775,43.11793,-79.06042,2024-09-16T17:05:03.000000Z
2024,260.71185185185186,43.11793,-79.06042,2024-09-16T17:05:04.000000Z
2024,260.7118634259259,43.11793,-79.06042,2024-09-16T17:05:05.000000Z
2024,260.71187499999996,43.11793,-79.06042,2024-09-16T17:05:06.000000Z
2024,260.7118865740741,43.11793,-79.06042,2024-09-16T17:05:07.000000Z
2024,260.7118981481481,43.11793,-79.06042,2024-09-16T17:05:08.000000Z
2024,260.71190972222223,43.11793,-79.06042,2024-09-16T17:05:09.000000Z
2024,260.7119212962963,43.11793,-79.06042,2024-09-16T17:05:10.000000Z
2024,260.71193287037033,43.11793,-79.06042,2024-09-16T17:05:11.000000Z
2024,260.71194444444444,43.11793,-79.06042,2024-09-16T17:05:12.000000Z
2024,260.7119560185185,43.11793,-79.06042,2024-09-16T17:05:13.000000Z
2024,260.7119675925926,43.11793,-79.06043,2024-09-16T17:05:14.000000Z
2024,260.71197916666665,43.11793,-79.06043,2024-09-16T17:05:15.000000Z
2024,260.7119907407407,43.11793,-79.06043,2024-09-16T17:05:16.000000Z
2024,260.7120023148148,43.11793,-79.06043,2024-09-16T17:05:17.000000Z
2024,260.71201388888886,43.11793,-79.06043,2024-09-16T17:05:18.000000Z
2024,260.71202546296297,43.11793,-79.06043,2024-09-16T17:05:19.000000Z
2024,260.712037037037,43.11793,-79.06043,2024-09-16T17:05:20.000000Z
2024,260.7120486111111,43.11793,-79.06043,2024-09-16T17:05:21.000000Z
2024,260.7120601851852,43.11793,-79.06043,2024-09-16T17:05:22.000000Z
2024,260.71207175925923,43.11793,-79.06043,2024-09-16T17:05:23.000000Z
2024,260.71208333333334,43.11793,-79.06043,2024-09-16T17:05:24.000000Z
2024,260.7120949074074,43.11793,-79.06042,2024-09-16T17:05:25.000000Z
2024,260.71210648148144,43.11793,-79.06042,2024-09-16T17:05:26.000000Z
2024,260.71211805555555,43.11793,-79.06042,2024-09-16T17:05:27.000000Z
2024,260.7121296296296,43.11793,-79.06042,2024-09-16T17:05:28.000000Z
2024,260.7121412037037,43.11793,-79.06042,2024-09-16T17:05:29.000000Z
2024,260.71215277777776,43.11793,-79.06042,2024-09-16T17:05:30.000000Z
2024,260.7121643518518,43.11793,-79.06042,2024-09-16T17:05:31.000000Z
2024,260.7121759259259,43.11793,-79.06042,2024-09-16T17:05:32.000000Z
2024,260.71218749999997,43.11793,-79.06042,2024-09-16T17:05:33.000000Z
2024,260.7121990740741,43.11793,-79.06042,2024-09-16T17:05:34.000000Z
2024,260.71221064814813,43.11793,-79.06042,2024-09-16T17:05:35.000000Z
2024,260.71222222222224,43.11793,-79.06042,2024-09-16T17:05:36.000000Z
2024,260.7122337962963,43.11793,-79.06042,2024-09-16T17:05:37.000000Z
2024,260.71224537037034,43.11793,-79.06042,2024-09-16T17:05:38.000000Z
2024,260.71225694444445,43.11793,-79.06042,2024-09-16T17:05:39.000000Z
2024,260.7122685185185,43.11793,-79.06042,2024-09-16T17:05:40.000000Z
2024,260.7122800925926,43.11793,-79.06042,2024-09-16T17:05:41.000000Z
2024,260.71229166666666,43.11793,-79.06042,2024-09-16T17:05:42.000000Z
2024,260.7123032407407,43.11793,-79.06042,2024-09-16T17:05:43.000000Z
2024,260.7123148148148,43.11793,-79.06042,2024-09-16T17:05:44.000000Z
2024,260.71232638888887,43.11793,-79.06042,2024-09-16T17:05:45.000000Z
2024,260.712337962963,43.11793,-79.06042,2024-09-16T17:05:46.000000Z
2024,260.712349537037,43.11793,-79.06042,2024-09-16T17:05:47.000000Z
2024,260.7123611111111,43.11793,-79.06042,2024-09-16T17:05:48.000000Z
2024,260.7123726851852,43.11793,-79.06042,2024-09-16T17:05:49.000000Z
2024,260.71238425925924,43.11793,-79.06042,2024-09-16T17:05:50.000000Z
2024,260.71239583333335,43.11793,-79.06042,2024-09-16T17:05:51.000000Z
2024,260.7124074074074,43.11793,-79.06042,2024-09-16T17:05:52.000000Z
2024,260.71241898148145,43.11793,-79.06042,2024-09-16T17:05:53.000000Z
2024,260.71243055555556,43.11793,-79.06042,2024-09-16T17:05:54.000000Z
2024,260.7124421296296,43.11793,-79.06042,2024-09-16T17:05:55.000000Z
2024,260.7124537037037,43.11793,-79.06042,2024-09-16T17:05:56.000000Z
2024,260.71246527777777,43.11793,-79.06042,2024-09-16T17:05:57.000000Z
2024,260.7124768518518,43.11793,-79.06042,2024-09-16T17:05:58.000000Z
2024,260.7124884259259,43.11793,-79.06042,2024-09-16T17:05:59.000000Z
2024,260.7125,43.11793,-79.06042,2024-09-16T17:06:00.000000Z
2024,260.71251157407403,43.11793,-79.06042,2024-09-16T17:06:01.000000Z
2024,260.71252314814814,43.11793,-79.06042,2024-09-16T17:06:02.000000Z
2024,260.7125347222222,43.11793,-79.06042,2024-09-16T17:06:03.000000Z
2024,260.7125462962963,43.11793,-79.06042,2024-09-16T17:06:04.000000Z
2024,260.71255787037035,43.11793,-79.06042,2024-09-16T17:06:05.000000Z
2024,260.7125694444444,43.11793,-79.06042,2024-09-16T17:06:06.000000Z
2024,260.7125810185185,43.11793,-79.06042,2024-09-16T17:06:07.000000Z
2024,260.71259259259256,43.11793,-79.06042,2024-09-16T17:06:08.000000Z
2024,260.71260416666667,43.11793,-79.06042,2024-09-16T17:06:09.000000Z
2024,260.7126157407407,43.11793,-79.06042,2024-09-16T17:06:10.000000Z
2024,260.71262731481477,43.11793,-79.06042,2024-09-16T17:06:11.000000Z
2024,260.7126388888889,43.11793,-79.06042,2024-09-16T17:06:12.000000Z
2024,260.7126504629629,43.11793,-79.06042,2024-09-16T17:06:13.000000Z
2024,260.71266203703703,43.11793,-79.06042,2024-09-16T17:06:14.000000Z
2024,260.7126736111111,43.11793,-79.06042,2024-09-16T17:06:15.000000Z
2024,260.71268518518514,43.11793,-79.06042,2024-09-16T17:06:16.000000Z
2024,260.71269675925925,43.11793,-79.06042,2024-09-16T17:06:17.000000Z
2024,260.7127083333333,43.11793,-79.06042,2024-09-16T17:06:18.000000Z
2024,260.7127199074074,43.11793,-79.06042,2024-09-16T17:06:19.000000Z
2024,260.71273148148146,43.11793,-79.06042,2024-09-16T17:06:20.000000Z
2024,260.7127430555555,43.11793,-79.06042,2024-09-16T17:06:21.000000Z
2024,260.7127546296296,43.11793,-79.06042,2024-09-16T17:06:22.000000Z
2024,260.71276620370367,43.11793,-79.06042,2024-09-16T17:06:23.000000Z
2024,260.7127777777778,43.11792,-79.06042,2024-09-16T17:06:24.000000Z
2024,260.7127893518518,43.11792,-79.06042,2024-09-16T17:06:25.000000Z
2024,260.7128009259259,43.11792,-79.06042,2024-09-16T17:06:26.000000Z
2024,260.7128125,43.11792,-79.06042,2024-09-16T17:06:27.000000Z
2024,260.71282407407404,43.11792,-79.06042,2024-09-16T17:06:28.000000Z
2024,260.71283564814814,43.11792,-79.06042,2024-09-16T17:06:29.000000Z
2024,260.7128472222222,43.11792,-79.06042,2024-09-16T17:06:30.000000Z
2024,260.71285879629625,43.11792,-79.06042,2024-09-16T17:06:31.000000Z
2024,260.71287037037035,43.11792,-79.06042,2024-09-16T17:06:32.000000Z
2024,260.7128819444444,43.11792,-79.06042,2024-09-16T17:06:33.000000Z
2024,260.7128935185185,43.11792,-79.06042,2024-09-16T17:06:34.000000Z
2024,260.71290509259256,43.11792,-79.06042,2024-09-16T17:06:35.000000Z
2024,260.7129166666667,43.11792,-79.06042,2024-09-16T17:06:36.000000Z
2024,260.7129282407407,43.11792,-79.06042,2024-09-16T17:06:37.000000Z
2024,260.7129398148148,43.11792,-79.06042,2024-09-16T17:06:38.000000Z
2024,260.7129513888889,43.11792,-79.06042,2024-09-16T17:06:39.000000Z
2024,260.71296296296293,43.11792,-79.06042,2024-09-16T17:06:40.000000Z
2024,260.71297453703704,43.11792,-79.06042,2024-09-16T17:06:41.000000Z
2024,260.7129861111111,43.11792,-79.06042,2024-09-16T17:06:42.000000Z
2024,260.71299768518514,43.11792,-79.06042,2024-09-16T17:06:43.000000Z
2024,260.71300925925925,43.11792,-79.06042,2024-09-16T17:06:44.000000Z
2024,260.7130208333333,43.11792,-79.06042,2024-09-16T17:06:45.000000Z
2024,260.7130324074074,43.11792,-79.06042,2024-09-16T17:06:46.000000Z
2024,260.71304398148146,43.11792,-79.06042,2024-09-16T17:06:47.000000Z
2024,260.7130555555555,43.11792,-79.06042,2024-09-16T17:06:48.000000Z
2024,260.7130671296296,43.11792,-79.06042,2024-09-16T17:06:49.000000Z
2024,260.7130787037037,43.11792,-79.06042,2024-09-16T17:06:50.000000Z
2024,260.7130902777778,43.11792,-79.06042,2024-09-16T17:06:51.000000Z
2024,260.71310185185183,43.11792,-79.06042,2024-09-16T17:06:52.000000Z
2024,260.7131134259259,43.11792,-79.06042,2024-09-16T17:06:53.000000Z
2024,260.713125,43.11792,-79.06042,2024-09-16T17:06:54.000000Z
2024,260.71313657407404,43.11792,-79.06042,2024-09-16T17:06:55.000000Z
2024,260.71314814814815,43.11792,-79.06042,2024-09-16T17:06:56.000000Z
2024,260.7131597222222,43.11792,-79.06042,2024-09-16T17:06:57.000000Z
2024,260.71317129629625,43.11792,-79.06042,2024-09-16T17:06:58.000000Z
2024,260.71318287037036,43.11792,-79.06042,2024-09-16T17:06:59.000000Z
2024,260.7131944444444,43.11792,-79.06042,2024-09-16T17:07:00.000000Z
2024,260.71320601851846,43.11792,-79.06042,2024-09-16T17:07:01.000000Z
2024,260.71321759259257,43.11792,-79.06042,2024-09-16T17:07:02.000000Z
2024,260.7132291666666,43.11792,-79.06042,2024-09-16T17:07:03.000000Z
2024,260.71324074074073,43.11792,-79.06041,2024-09-16T17:07:04.000000Z
2024,260.7132523148148,43.11792,-79.06041,2024-09-16T17:07:05.000000Z
2024,260.71326388888883,43.11792,-79.06042,2024-09-16T17:07:06.000000Z
2024,260.71327546296294,43.11792,-79.06042,2024-09-16T17:07:07.000000Z
2024,260.713287037037,43.11792,-79.06041,2024-09-16T17:07:08.000000Z
2024,260.7132986111111,43.11792,-79.06042,2024-09-16T17:07:09.000000Z
2024,260.71331018518515,43.11792,-79.06042,2024-09-16T17:07:10.000000Z
2024,260.7133217592592,43.11791,-79.06042,2024-09-16T17:07:11.000000Z
2024,260.7133333333333,43.11791,-79.06042,2024-09-16T17:07:12.000000Z
2024,260.71334490740736,43.11791,-79.06042,2024-09-16T17:07:13.000000Z
2024,260.71335648148147,43.11791,-79.06042,2024-09-16T17:07:14.000000Z
2024,260.7133680555555,43.11791,-79.06042,2024-09-16T17:07:15.000000Z
2024,260.71337962962957,43.11791,-79.06042,2024-09-16T17:07:16.000000Z
2024,260.7133912037037,43.11791,-79.06042,2024-09-16T17:07:17.000000Z
2024,260.71340277777773,43.11791,-79.06042,2024-09-16T17:07:18.000000Z
2024,260.71341435185184,43.11791,-79.06042,2024-09-16T17:07:19.000000Z
2024,260.7134259259259,43.11791,-79.06042,2024-09-16T17:07:20.000000Z
2024,260.71343749999994,43.11791,-79.06042,2024-09-16T17:07:21.000000Z
2024,260.71344907407405,43.11791,-79.06042,2024-09-16T17:07:22.000000Z
2024,260.7134606481481,43.11791,-79.06042,2024-09-16T17:07:23.000000Z
2024,260.7134722222222,43.11791,-79.06042,2024-09-16T17:07:24.000000Z
2024,260.71348379629626,43.11791,-79.06042,2024-09-16T17:07:25.000000Z
2024,260.7134953703703,43.11791,-79.06042,2024-09-16T17:07:26.000000Z
2024,260.7135069444444,43.11791,-79.06042,2024-09-16T17:07:27.000000Z
2024,260.71351851851847,43.11791,-79.06042,2024-09-16T17:07:28.000000Z
2024,260.7135300925926,43.11791,-79.06042,2024-09-16T17:07:29.000000Z
2024,260.71354166666663,43.11791,-79.06042,2024-09-16T17:07:30.000000Z
2024,260.7135532407407,43.11791,-79.06042,2024-09-16T17:07:31.000000Z
2024,260.7135648148148,43.11791,-79.06042,2024-09-16T17:07:32.000000Z
2024,260.71357638888884,43.11791,-79.06042,2024-09-16T17:07:33.000000Z
2024,260.71358796296295,43.11791,-79.06042,2024-09-16T17:07:34.000000Z
2024,260.713599537037,43.11791,-79.06042,2024-09-16T17:07:35.000000Z
2024,260.7136111111111,43.11791,-79.06042,2024-09-16T17:07:36.000000Z
2024,260.71362268518516,43.11791,-79.06042,2024-09-16T17:07:37.000000Z
2024,260.7136342592592,43.11791,-79.06042,2024-09-16T17:07:38.000000Z
2024,260.7136458333333,43.11791,-79.06042,2024-09-16T17:07:39.000000Z
2024,260.71365740740737,43.11791,-79.06042,2024-09-16T17:07:40.000000Z
2024,260.7136689814815,43.11791,-79.06042,2024-09-16T17:07:41.000000Z
2024,260.7136805555555,43.11791,-79.06042,2024-09-16T17:07:42.000000Z
2024,260.7136921296296,43.11791,-79.06042,2024-09-16T17:07:43.000000Z
2024,260.7137037037037,43.11791,-79.06042,2024-09-16T17:07:44.000000Z
2024,260.71371527777774,43.11791,-79.06042,2024-09-16T17:07:45.000000Z
2024,260.71372685185185,43.11791,-79.06043,2024-09-16T17:07:46.000000Z
2024,260.7137384259259,43.11791,-79.06043,2024-09-16T17:07:47.000000Z
2024,260.71374999999995,43.11791,-79.06043,2024-09-16T17:07:48.000000Z
2024,260.71376157407406,43.11791,-79.06043,2024-09-16T17:07:49.000000Z
2024,260.7137731481481,43.11791,-79.06043,2024-09-16T17:07:50.000000Z
2024,260.7137847222222,43.11791,-79.06043,2024-09-16T17:07:51.000000Z
2024,260.71379629629627,43.11791,-79.06043,2024-09-16T17:07:52.000000Z
2024,260.7138078703703,43.11791,-79.06043,2024-09-16T17:07:53.000000Z
2024,260.7138194444444,43.11791,-79.06043,2024-09-16T17:07:54.000000Z
2024,260.7138310185185,43.11792,-79.06043,2024-09-16T17:07:55.000000Z
2024,260.7138425925926,43.11792,-79.06043,2024-09-16T17:07:56.000000Z
2024,260.71385416666664,43.11792,-79.06043,2024-09-16T17:07:57.000000Z
2024,260.7138657407407,43.11792,-79.06043,2024-09-16T17:07:58.000000Z
2024,260.7138773148148,43.11792,-79.06043,2024-09-16T17:07:59.000000Z
2024,260.71388888888885,43.11792,-79.06043,2024-09-16T17:08:00.000000Z
2024,260.7139004629629,43.11792,-79.06043,2024-09-16T17:08:01.000000Z
2024,260.713912037037,43.11792,-79.06043,2024-09-16T17:08:02.000000Z
2024,260.71392361111106,43.11792,-79.06043,2024-09-16T17:08:03.000000Z
2024,260.71393518518516,43.11792,-79.06043,2024-09-16T17:08:04.000000Z
2024,260.7139467592592,43.11792,-79.06043,2024-09-16T17:08:05.000000Z
2024,260.71395833333327,43.11792,-79.06043,2024-09-16T17:08:06.000000Z
2024,260.7139699074074,43.11792,-79.06043,2024-09-16T17:08:07.000000Z
2024,260.7139814814814,43.11792,-79.06043,2024-09-16T17:08:08.000000Z
2024,260.71399305555553,43.11792,-79.06044,2024-09-16T17:08:09.000000Z
2024,260.7140046296296,43.11792,-79.06044,2024-09-16T17:08:10.000000Z
2024,260.71402777777774,43.11792,-79.06044,2024-09-16T17:08:12.000000Z
2024,260.7140393518518,43.11792,-79.06044,2024-09-16T17:08:13.000000Z
2024,260.7140509259259,43.11792,-79.06044,2024-09-16T17:08:14.000000Z
2024,260.71406249999995,43.11792,-79.06043,2024-09-16T17:08:15.000000Z
2024,260.714074074074,43.11792,-79.06043,2024-09-16T17:08:16.000000Z
2024,260.7140856481481,43.11792,-79.06043,2024-09-16T17:08:17.000000Z
2024,260.71409722222216,43.11792,-79.06043,2024-09-16T17:08:18.000000Z
2024,260.7141087962963,43.11792,-79.06043,2024-09-16T17:08:19.000000Z
2024,260.7141203703703,43.11792,-79.06043,2024-09-16T17:08:20.000000Z
2024,260.7141319444444,43.11792,-79.06043,2024-09-16T17:08:21.000000Z
2024,260.7141435185185,43.11792,-79.06043,2024-09-16T17:08:22.000000Z
2024,260.71415509259253,43.11792,-79.06043,2024-09-16T17:08:23.000000Z
2024,260.71416666666664,43.11792,-79.06043,2024-09-16T17:08:24.000000Z
2024,260.7141782407407,43.11792,-79.06043,2024-09-16T17:08:25.000000Z
2024,260.71418981481474,43.11792,-79.06043,2024-09-16T17:08:26.000000Z
2024,260.71420138888885,43.11792,-79.06043,2024-09-16T17:08:27.000000Z
2024,260.7142129629629,43.11792,-79.06043,2024-09-16T17:08:28.000000Z
2024,260.714224537037,43.11792,-79.06043,2024-09-16T17:08:29.000000Z
2024,260.71423611111106,43.11792,-79.06043,2024-09-16T17:08:30.000000Z
2024,260.7142476851851,43.11792,-79.06043,2024-09-16T17:08:31.000000Z
2024,260.7142592592592,43.11792,-79.06043,2024-09-16T17:08:32.000000Z
2024,260.7142708333333,43.11792,-79.06044,2024-09-16T17:08:33.000000Z
2024,260.7142824074074,43.11792,-79.06044,2024-09-16T17:08:34.000000Z
2024,260.71429398148143,43.11792,-79.06044,2024-09-16T17:08:35.000000Z
2024,260.71430555555554,43.11792,-79.06044,2024-09-16T17:08:36.000000Z
2024,260.7143171296296,43.11792,-79.06043,2024-09-16T17:08:37.000000Z
2024,260.71432870370364,43.11792,-79.06043,2024-09-16T17:08:38.000000Z
2024,260.71434027777775,43.11792,-79.06043,2024-09-16T17:08:39.000000Z
2024,260.7143518518518,43.11792,-79.06043,2024-09-16T17:08:40.000000Z
2024,260.7143634259259,43.11792,-79.06043,2024-09-16T17:08:41.000000Z
2024,260.71437499999996,43.11792,-79.06043,2024-09-16T17:08:42.000000Z
2024,260.714386574074,43.11792,-79.06043,2024-09-16T17:08:43.000000Z
2024,260.7143981481481,43.11792,-79.06043,2024-09-16T17:08:44.000000Z
2024,260.7144097222222,43.11792,-79.06043,2024-09-16T17:08:45.000000Z
2024,260.7144212962963,43.11792,-79.06043,2024-09-16T17:08:46.000000Z
2024,260.71443287037033,43.11792,-79.06043,2024-09-16T17:08:47.000000Z
2024,260.7144444444444,43.11792,-79.06043,2024-09-16T17:08:48.000000Z
2024,260.7144560185185,43.11792,-79.06043,2024-09-16T17:08:49.000000Z
2024,260.71446759259254,43.11792,-79.06043,2024-09-16T17:08:50.000000Z
2024,260.71447916666665,43.11792,-79.06043,2024-09-16T17:08:51.000000Z
2024,260.7144907407407,43.11792,-79.06043,2024-09-16T17:08:52.000000Z
2024,260.71450231481475,43.11792,-79.06043,2024-09-16T17:08:53.000000Z
2024,260.71451388888886,43.11792,-79.06043,2024-09-16T17:08:54.000000Z
2024,260.7145254629629,43.11792,-79.06043,2024-09-16T17:08:55.000000Z
2024,260.714537037037,43.11792,-79.06043,2024-09-16T17:08:56.000000Z
2024,260.71454861111107,43.11792,-79.06043,2024-09-16T17:08:57.000000Z
2024,260.7145601851851,43.11792,-79.06043,2024-09-16T17:08:58.000000Z
2024,260.71457175925923,43.11792,-79.06043,2024-09-16T17:08:59.000000Z
2024,260.71458333333334,43.11792,-79.06043,2024-09-16T17:09:00.000000Z
2024,260.7145949074074,43.11792,-79.06043,2024-09-16T17:09:01.000000Z
2024,260.7146064814815,43.11792,-79.06043,2024-09-16T17:09:02.000000Z
2024,260.71461805555555,43.11792,-79.06043,2024-09-16T17:09:03.000000Z
2024,260.71462962962966,43.11792,-79.06043,2024-09-16T17:09:04.000000Z
2024,260.7146412037037,43.11792,-79.06043,2024-09-16T17:09:05.000000Z
2024,260.71465277777776,43.11792,-79.06043,2024-09-16T17:09:06.000000Z
2024,260.71466435185187,43.11792,-79.06043,2024-09-16T17:09:07.000000Z
2024,260.7146759259259,43.11792,-79.06043,2024-09-16T17:09:08.000000Z
2024,260.7146875,43.11792,-79.06043,2024-09-16T17:09:09.000000Z
2024,260.7146990740741,43.11792,-79.06043,2024-09-16T17:09:10.000000Z
2024,260.7147106481481,43.11792,-79.06043,2024-09-16T17:09:11.000000Z
2024,260.71472222222224,43.11792,-79.06043,2024-09-16T17:09:12.000000Z
2024,260.7147337962963,43.11792,-79.06043,2024-09-16T17:09:13.000000Z
2024,260.7147453703704,43.11792,-79.06043,2024-09-16T17:09:14.000000Z
2024,260.71475694444445,43.11792,-79.06043,2024-09-16T17:09:15.000000Z
2024,260.7147685185185,43.11792,-79.06043,2024-09-16T17:09:16.000000Z
2024,260.7147800925926,43.11792,-79.06043,2024-09-16T17:09:17.000000Z
2024,260.71480324074076,43.11792,-79.06043,2024-09-16T17:09:19.000000Z
2024,260.7148148148148,43.11792,-79.06043,2024-09-16T17:09:20.000000Z
2024,260.71482638888887,43.11792,-79.06043,2024-09-16T17:09:21.000000Z
2024,260.714837962963,43.11792,-79.06043,2024-09-16T17:09:22.000000Z
2024,260.714849537037,43.11792,-79.06043,2024-09-16T17:09:23.000000Z
2024,260.71486111111113,43.11792,-79.06043,2024-09-16T17:09:24.000000Z
2024,260.7148726851852,43.11792,-79.06043,2024-09-16T17:09:25.000000Z
2024,260.71488425925924,43.11792,-79.06043,2024-09-16T17:09:26.000000Z
2024,260.71489583333334,43.11792,-79.06043,2024-09-16T17:09:27.000000Z
2024,260.7149074074074,43.11792,-79.06043,2024-09-16T17:09:28.000000Z
2024,260.7149189814815,43.11792,-79.06043,2024-09-16T17:09:29.000000Z
2024,260.71493055555555,43.11792,-79.06043,2024-09-16T17:09:30.000000Z
2024,260.7149421296296,43.11792,-79.06043,2024-09-16T17:09:31.000000Z
2024,260.7149537037037,43.11792,-79.06043,2024-09-16T17:09:32.000000Z
2024,260.71496527777776,43.11791,-79.06043,2024-09-16T17:09:33.000000Z
2024,260.7149768518519,43.11791,-79.06043,2024-09-16T17:09:34.000000Z
2024,260.7149884259259,43.11791,-79.06043,2024-09-16T17:09:35.000000Z
2024,260.71500000000003,43.11791,-79.06043,2024-09-16T17:09:36.000000Z
2024,260.7150115740741,43.11791,-79.06043,2024-09-16T17:09:37.000000Z
2024,260.71502314814813,43.11791,-79.06043,2024-09-16T17:09:38.000000Z
2024,260.71503472222224,43.11791,-79.06043,2024-09-16T17:09:39.000000Z
2024,260.7150462962963,43.11791,-79.06043,2024-09-16T17:09:40.000000Z
2024,260.7150578703704,43.11791,-79.06043,2024-09-16T17:09:41.000000Z
2024,260.71506944444445,43.11791,-79.06043,2024-09-16T17:09:42.000000Z
2024,260.7150810185185,43.11791,-79.06043,2024-09-16T17:09:43.000000Z
2024,260.7150925925926,43.11791,-79.06043,2024-09-16T17:09:44.000000Z
2024,260.71510416666666,43.11791,-79.06043,2024-09-16T17:09:45.000000Z
2024,260.71511574074077,43.11791,-79.06043,2024-09-16T17:09:46.000000Z
2024,260.7151273148148,43.11791,-79.06043,2024-09-16T17:09:47.000000Z
2024,260.7151388888889,43.11791,-79.06043,2024-09-16T17:09:48.000000Z
2024,260.715150462963,43.11791,-79.06043,2024-09-16T17:09:49.000000Z
2024,260.71516203703703,43.11791,-79.06043,2024-09-16T17:09:50.000000Z
2024,260.71517361111114,43.11791,-79.06043,2024-09-16T17:09:51.000000Z
2024,260.7151851851852,43.11791,-79.06043,2024-09-16T17:09:52.000000Z
2024,260.71519675925924,43.11791,-79.06043,2024-09-16T17:09:53.000000Z
2024,260.71520833333335,43.11791,-79.06043,2024-09-16T17:09:54.000000Z
2024,260.7152199074074,43.11791,-79.06043,2024-09-16T17:09:55.000000Z
2024,260.7152314814815,43.11791,-79.06043,2024-09-16T17:09:56.000000Z
2024,260.71524305555556,43.11791,-79.06043,2024-09-16T17:09:57.000000Z
2024,260.7152546296296,43.11791,-79.06043,2024-09-16T17:09:58.000000Z
2024,260.7152662037037,43.11791,-79.06043,2024-09-16T17:09:59.000000Z
2024,260.71527777777777,43.11791,-79.06043,2024-09-16T17:10:00.000000Z
2024,260.7152893518518,43.11791,-79.06043,2024-09-16T17:10:01.000000Z
2024,260.71530092592593,43.11791,-79.06043,2024-09-16T17:10:02.000000Z
2024,260.7153125,43.11791,-79.06043,2024-09-16T17:10:03.000000Z
2024,260.7153240740741,43.11791,-79.06043,2024-09-16T17:10:04.000000Z
2024,260.71533564814814,43.11791,-79.06043,2024-09-16T17:10:05.000000Z
2024,260.7153472222222,43.11791,-79.06043,2024-09-16T17:10:06.000000Z
2024,260.7153587962963,43.11791,-79.06043,2024-09-16T17:10:07.000000Z
2024,260.71537037037035,43.11791,-79.06043,2024-09-16T17:10:08.000000Z
2024,260.71538194444446,43.11791,-79.06043,2024-09-16T17:10:09.000000Z
2024,260.7153935185185,43.11791,-79.06043,2024-09-16T17:10:10.000000Z
2024,260.71540509259256,43.11791,-79.06043,2024-09-16T17:10:11.000000Z
2024,260.71541666666667,43.11791,-79.06043,2024-09-16T17:10:12.000000Z
2024,260.7154282407407,43.11791,-79.06043,2024-09-16T17:10:13.000000Z
2024,260.71543981481483,43.11791,-79.06043,2024-09-16T17:10:14.000000Z
2024,260.7154513888889,43.11791,-79.06043,2024-09-16T17:10:15.000000Z
2024,260.71546296296293,43.11791,-79.06043,2024-09-16T17:10:16.000000Z
2024,260.71547453703704,43.11791,-79.06043,2024-09-16T17:10:17.000000Z
2024,260.7154861111111,43.11791,-79.06043,2024-09-16T17:10:18.000000Z
2024,260.7154976851852,43.11791,-79.06043,2024-09-16T17:10:19.000000Z
2024,260.71550925925925,43.11791,-79.06043,2024-09-16T17:10:20.000000Z
2024,260.7155208333333,43.11791,-79.06043,2024-09-16T17:10:21.000000Z
2024,260.7155324074074,43.11791,-79.06043,2024-09-16T17:10:22.000000Z
2024,260.71554398148146,43.11791,-79.06043,2024-09-16T17:10:23.000000Z
2024,260.71555555555557,43.11791,-79.06043,2024-09-16T17:10:24.000000Z
2024,260.71557870370367,43.11791,-79.06043,2024-09-16T17:10:26.000000Z
2024,260.7155902777778,43.11791,-79.06043,2024-09-16T17:10:27.000000Z
2024,260.71560185185183,43.11791,-79.06043,2024-09-16T17:10:28.000000Z
2024,260.71561342592594,43.11791,-79.06043,2024-09-16T17:10:29.000000Z
2024,260.715625,43.11791,-79.06043,2024-09-16T17:10:30.000000Z
2024,260.71563657407404,43.11791,-79.06043,2024-09-16T17:10:31.000000Z
2024,260.71564814814815,43.11791,-79.06043,2024-09-16T17:10:32.000000Z
2024,260.7156597222222,43.11791,-79.06043,2024-09-16T17:10:33.000000Z
2024,260.7156712962963,43.11791,-79.06043,2024-09-16T17:10:34.000000Z
2024,260.71568287037036,43.11791,-79.06043,2024-09-16T17:10:35.000000Z
2024,260.71569444444447,43.11791,-79.06043,2024-09-16T17:10:36.000000Z
2024,260.7157060185185,43.11791,-79.06043,2024-09-16T17:10:37.000000Z
2024,260.71571759259257,43.11792,-79.06043,2024-09-16T17:10:38.000000Z
2024,260.7157291666667,43.11792,-79.06043,2024-09-16T17:10:39.000000Z
2024,260.7157407407407,43.11792,-79.06043,2024-09-16T17:10:40.000000Z
2024,260.71575231481484,43.11792,-79.06043,2024-09-16T17:10:41.000000Z
2024,260.7157638888889,43.11792,-79.06043,2024-09-16T17:10:42.000000Z
2024,260.71577546296294,43.11792,-79.06043,2024-09-16T17:10:43.000000Z
2024,260.71578703703705,43.11792,-79.06043,2024-09-16T17:10:44.000000Z
2024,260.7157986111111,43.11792,-79.06043,2024-09-16T17:10:45.000000Z
2024,260.7158101851852,43.11792,-79.06043,2024-09-16T17:10:46.000000Z
2024,260.71582175925926,43.11792,-79.06043,2024-09-16T17:10:47.000000Z
2024,260.7158333333333,43.11792,-79.06043,2024-09-16T17:10:48.000000Z
2024,260.7158449074074,43.11792,-79.06043,2024-09-16T17:10:49.000000Z
2024,260.71585648148147,43.11792,-79.06043,2024-09-16T17:10:50.000000Z
2024,260.7158680555556,43.11792,-79.06043,2024-09-16T17:10:51.000000Z
2024,260.7158796296296,43.11792,-79.06043,2024-09-16T17:10:52.000000Z
2024,260.7158912037037,43.11792,-79.06043,2024-09-16T17:10:53.000000Z
2024,260.7159027777778,43.11792,-79.06043,2024-09-16T17:10:54.000000Z
2024,260.71591435185184,43.11792,-79.06043,2024-09-16T17:10:55.000000Z
2024,260.71592592592594,43.11792,-79.06043,2024-09-16T17:10:56.000000Z
2024,260.7159375,43.11792,-79.06043,2024-09-16T17:10:57.000000Z
2024,260.71594907407405,43.11792,-79.06043,2024-09-16T17:10:58.000000Z
2024,260.71596064814815,43.11792,-79.06043,2024-09-16T17:10:59.000000Z
2024,260.7159722222222,43.11792,-79.06043,2024-09-16T17:11:00.000000Z
2024,260.71598379629626,43.11792,-79.06043,2024-09-16T17:11:01.000000Z
2024,260.71599537037036,43.11792,-79.06043,2024-09-16T17:11:02.000000Z
2024,260.7160069444444,43.11792,-79.06043,2024-09-16T17:11:03.000000Z
2024,260.7160185185185,43.11792,-79.06043,2024-09-16T17:11:04.000000Z
2024,260.7160300925926,43.11792,-79.06043,2024-09-16T17:11:05.000000Z
2024,260.7160416666666,43.11792,-79.06043,2024-09-16T17:11:06.000000Z
2024,260.71605324074073,43.11792,-79.06043,2024-09-16T17:11:07.000000Z
2024,260.7160648148148,43.11792,-79.06043,2024-09-16T17:11:08.000000Z
2024,260.7160763888889,43.11792,-79.06043,2024-09-16T17:11:09.000000Z
2024,260.71608796296294,43.11792,-79.06043,2024-09-16T17:11:10.000000Z
2024,260.716099537037,43.11792,-79.06043,2024-09-16T17:11:11.000000Z
2024,260.7161111111111,43.11792,-79.06043,2024-09-16T17:11:12.000000Z
2024,260.71612268518516,43.11792,-79.06043,2024-09-16T17:11:13.000000Z
2024,260.71613425925926,43.11792,-79.06043,2024-09-16T17:11:14.000000Z
2024,260.7161458333333,43.11792,-79.06043,2024-09-16T17:11:15.000000Z
2024,260.71615740740737,43.11792,-79.06043,2024-09-16T17:11:16.000000Z
2024,260.7161689814815,43.11792,-79.06043,2024-09-16T17:11:17.000000Z
2024,260.7161805555555,43.11792,-79.06043,2024-09-16T17:11:18.000000Z
2024,260.71619212962963,43.11792,-79.06043,2024-09-16T17:11:19.000000Z
2024,260.7162037037037,43.11792,-79.06043,2024-09-16T17:11:20.000000Z
2024,260.71621527777774,43.11792,-79.06043,2024-09-16T17:11:21.000000Z
2024,260.71622685185184,43.11792,-79.06043,2024-09-16T17:11:22.000000Z
2024,260.7162384259259,43.11792,-79.06043,2024-09-16T17:11:23.000000Z
2024,260.71625,43.11792,-79.06043,2024-09-16T17:11:24.000000Z
2024,260.71626157407405,43.11792,-79.06043,2024-09-16T17:11:25.000000Z
2024,260.7162731481481,43.11792,-79.06043,2024-09-16T17:11:26.000000Z
2024,260.7162847222222,43.11792,-79.06043,2024-09-16T17:11:27.000000Z
2024,260.71629629629626,43.11792,-79.06043,2024-09-16T17:11:28.000000Z
2024,260.7163078703704,43.11792,-79.06043,2024-09-16T17:11:29.000000Z
2024,260.7163194444444,43.11792,-79.06043,2024-09-16T17:11:30.000000Z
2024,260.7163310185185,43.11792,-79.06043,2024-09-16T17:11:31.000000Z
2024,260.7163425925926,43.11792,-79.06043,2024-09-16T17:11:32.000000Z
2024,260.71635416666663,43.11792,-79.06043,2024-09-16T17:11:33.000000Z
2024,260.71636574074074,43.11792,-79.06043,2024-09-16T17:11:34.000000Z
2024,260.7163773148148,43.11792,-79.06043,2024-09-16T17:11:35.000000Z
2024,260.7163888888889,43.11792,-79.06043,2024-09-16T17:11:36.000000Z
2024,260.71640046296295,43.11792,-79.06043,2024-09-16T17:11:37.000000Z
2024,260.716412037037,43.11792,-79.06043,2024-09-16T17:11:38.000000Z
2024,260.7164236111111,43.11792,-79.06043,2024-09-16T17:11:39.000000Z
2024,260.71643518518516,43.11792,-79.06043,2024-09-16T17:11:40.000000Z
2024,260.71644675925927,43.11792,-79.06043,2024-09-16T17:11:41.000000Z
2024,260.7164583333333,43.11792,-79.06043,2024-09-16T17:11:42.000000Z
2024,260.7164699074074,43.11792,-79.06043,2024-09-16T17:11:43.000000Z
2024,260.7164814814815,43.11792,-79.06043,2024-09-16T17:11:44.000000Z
2024,260.71649305555553,43.11792,-79.06043,2024-09-16T17:11:45.000000Z
2024,260.71650462962964,43.11792,-79.06043,2024-09-16T17:11:46.000000Z
2024,260.7165162037037,43.11792,-79.06043,2024-09-16T17:11:47.000000Z
2024,260.71652777777774,43.11792,-79.06043,2024-09-16T17:11:48.000000Z
2024,260.71653935185185,43.11792,-79.06043,2024-09-16T17:11:49.000000Z
2024,260.7165509259259,43.11792,-79.06043,2024-09-16T17:11:50.000000Z
2024,260.7165625,43.11792,-79.06043,2024-09-16T17:11:51.000000Z
2024,260.71657407407406,43.11792,-79.06043,2024-09-16T17:11:52.000000Z
2024,260.7165856481481,43.11792,-79.06043,2024-09-16T17:11:53.000000Z
2024,260.7165972222222,43.11792,-79.06043,2024-09-16T17:11:54.000000Z
2024,260.71660879629627,43.11792,-79.06043,2024-09-16T17:11:55.000000Z
2024,260.7166203703704,43.11792,-79.06043,2024-09-16T17:11:56.000000Z
2024,260.71663194444443,43.11792,-79.06043,2024-09-16T17:11:57.000000Z
2024,260.7166435185185,43.11792,-79.06043,2024-09-16T17:11:58.000000Z
2024,260.7166550925926,43.11792,-79.06043,2024-09-16T17:11:59.000000Z
2024,260.71666666666664,43.11792,-79.06043,2024-09-16T17:12:00.000000Z
2024,260.7166782407407,43.11792,-79.06043,2024-09-16T17:12:01.000000Z
2024,260.7166898148148,43.11792,-79.06043,2024-09-16T17:12:02.000000Z
2024,260.71670138888885,43.11792,-79.06043,2024-09-16T17:12:03.000000Z
2024,260.71671296296296,43.11792,-79.06043,2024-09-16T17:12:04.000000Z
2024,260.716724537037,43.11792,-79.06043,2024-09-16T17:12:05.000000Z
2024,260.71673611111106,43.11792,-79.06043,2024-09-16T17:12:06.000000Z
2024,260.71674768518517,43.11792,-79.06043,2024-09-16T17:12:07.000000Z
2024,260.7167592592592,43.11792,-79.06043,2024-09-16T17:12:08.000000Z
2024,260.7167708333333,43.11792,-79.06043,2024-09-16T17:12:09.000000Z
2024,260.7167824074074,43.11792,-79.06043,2024-09-16T17:12:10.000000Z
2024,260.71679398148143,43.11792,-79.06043,2024-09-16T17:12:11.000000Z
2024,260.71680555555554,43.11792,-79.06043,2024-09-16T17:12:12.000000Z
2024,260.7168171296296,43.11792,-79.06043,2024-09-16T17:12:13.000000Z
2024,260.7168287037037,43.11792,-79.06043,2024-09-16T17:12:14.000000Z
2024,260.71684027777775,43.11792,-79.06043,2024-09-16T17:12:15.000000Z
2024,260.7168518518518,43.11792,-79.06043,2024-09-16T17:12:16.000000Z
2024,260.7168634259259,43.11792,-79.06043,2024-09-16T17:12:17.000000Z
2024,260.71687499999996,43.11792,-79.06043,2024-09-16T17:12:18.000000Z
2024,260.71688657407407,43.11792,-79.06043,2024-09-16T17:12:19.000000Z
2024,260.7168981481481,43.11792,-79.06043,2024-09-16T17:12:20.000000Z
2024,260.71690972222217,43.11792,-79.06043,2024-09-16T17:12:21.000000Z
2024,260.7169212962963,43.11792,-79.06043,2024-09-16T17:12:22.000000Z
2024,260.71693287037033,43.11792,-79.06043,2024-09-16T17:12:23.000000Z
2024,260.71694444444444,43.11792,-79.06043,2024-09-16T17:12:24.000000Z
2024,260.7169560185185,43.11792,-79.06043,2024-09-16T17:12:25.000000Z
2024,260.71696759259254,43.11792,-79.06043,2024-09-16T17:12:26.000000Z
2024,260.71697916666665,43.11792,-79.06043,2024-09-16T17:12:27.000000Z
2024,260.7169907407407,43.11792,-79.06043,2024-09-16T17:12:28.000000Z
2024,260.7170023148148,43.11792,-79.06043,2024-09-16T17:12:29.000000Z
2024,260.71701388888886,43.11792,-79.06043,2024-09-16T17:12:30.000000Z
2024,260.7170254629629,43.11792,-79.06043,2024-09-16T17:12:31.000000Z
2024,260.717037037037,43.11792,-79.06043,2024-09-16T17:12:32.000000Z
2024,260.71704861111107,43.11792,-79.06043,2024-09-16T17:12:33.000000Z
2024,260.7170601851852,43.11792,-79.06043,2024-09-16T17:12:34.000000Z
2024,260.7269328703704,43.11799,-79.06045,2024-09-16T17:26:47.000000Z
2024,260.7269444444444,43.11799,-79.06045,2024-09-16T17:26:48.000000Z
2024,260.72695601851854,43.11799,-79.06045,2024-09-16T17:26:49.000000Z
2024,260.7269675925926,43.11799,-79.06045,2024-09-16T17:26:50.000000Z
2024,260.7269791666667,43.11799,-79.06045,2024-09-16T17:26:51.000000Z
2024,260.72699074074075,43.11799,-79.06045,2024-09-16T17:26:52.000000Z
2024,260.7270023148148,43.11799,-79.06045,2024-09-16T17:26:53.000000Z
2024,260.7270138888889,43.11799,-79.06045,2024-09-16T17:26:54.000000Z
2024,260.72702546296296,43.11799,-79.06045,2024-09-16T17:26:55.000000Z
2024,260.72703703703706,43.11799,-79.06045,2024-09-16T17:26:56.000000Z
2024,260.7270486111111,43.11798,-79.06045,2024-09-16T17:26:57.000000Z
2024,260.72706018518517,43.11798,-79.06045,2024-09-16T17:26:58.000000Z
2024,260.7270717592593,43.11798,-79.06044,2024-09-16T17:26:59.000000Z
2024,260.7270833333333,43.11798,-79.06044,2024-09-16T17:27:00.000000Z
2024,260.7270949074074,43.11797,-79.06044,2024-09-16T17:27:01.000000Z
2024,260.7271064814815,43.11797,-79.06044,2024-09-16T17:27:02.000000Z
2024,260.72711805555554,43.11797,-79.06044,2024-09-16T17:27:03.000000Z
2024,260.72712962962964,43.11796,-79.06044,2024-09-16T17:27:04.000000Z
2024,260.7271412037037,43.11796,-79.06044,2024-09-16T17:27:05.000000Z
2024,260.737349537037,43.11798,-79.06041,2024-09-16T17:41:47.000000Z
2024,260.73736111111106,43.11797,-79.06041,2024-09-16T17:41:48.000000Z
2024,260.73737268518516,43.11797,-79.06041,2024-09-16T17:41:49.000000Z
2024,260.7373842592592,43.11797,-79.06041,2024-09-16T17:41:50.000000Z
2024,260.7373958333333,43.11797,-79.06041,2024-09-16T17:41:51.000000Z
2024,260.7374074074074,43.11797,-79.06041,2024-09-16T17:41:52.000000Z
2024,260.7374189814814,43.11797,-79.06041,2024-09-16T17:41:53.000000Z
2024,260.73743055555553,43.11797,-79.06041,2024-09-16T17:41:54.000000Z
2024,260.7374421296296,43.11797,-79.06041,2024-09-16T17:41:55.000000Z
2024,260.7374537037037,43.11797,-79.06041,2024-09-16T17:41:56.000000Z
2024,260.73746527777774,43.11797,-79.06041,2024-09-16T17:41:57.000000Z
2024,260.7374768518518,43.11797,-79.06042,2024-09-16T17:41:58.000000Z
2024,260.7374884259259,43.11797,-79.06042,2024-09-16T17:41:59.000000Z
2024,260.73749999999995,43.11797,-79.06042,2024-09-16T17:42:00.000000Z
2024,260.737511574074,43.11797,-79.06041,2024-09-16T17:42:01.000000Z
2024,260.7375231481481,43.11796,-79.06042,2024-09-16T17:42:02.000000Z
2024,260.73753472222216,43.11796,-79.06042,2024-09-16T17:42:03.000000Z
2024,260.7375462962963,43.11796,-79.06042,2024-09-16T17:42:04.000000Z
2024,260.7375578703703,43.11796,-79.06042,2024-09-16T17:42:05.000000Z
2024,260.7477662037037,43.11792,-79.06042,2024-09-16T17:56:47.000000Z
2024,260.74777777777774,43.11791,-79.06042,2024-09-16T17:56:48.000000Z
2024,260.74778935185185,43.11791,-79.06042,2024-09-16T17:56:49.000000Z
2024,260.7478009259259,43.11791,-79.06041,2024-09-16T17:56:50.000000Z
2024,260.7478125,43.1179,-79.06041,2024-09-16T17:56:51.000000Z
2024,260.74782407407406,43.1179,-79.0604,2024-09-16T17:56:52.000000Z
2024,260.7478356481481,43.1179,-79.0604,2024-09-16T17:56:53.000000Z
2024,260.7478472222222,43.1179,-79.0604,2024-09-16T17:56:54.000000Z
2024,260.74785879629627,43.1179,-79.0604,2024-09-16T17:56:55.000000Z
2024,260.7478703703704,43.1179,-79.0604,2024-09-16T17:56:56.000000Z
2024,260.74788194444443,43.1179,-79.0604,2024-09-16T17:56:57.000000Z
2024,260.7478935185185,43.1179,-79.0604,2024-09-16T17:56:58.000000Z
2024,260.7479050925926,43.1179,-79.0604,2024-09-16T17:56:59.000000Z
2024,260.74791666666664,43.11789,-79.0604,2024-09-16T17:57:00.000000Z
2024,260.7479282407407,43.1179,-79.0604,2024-09-16T17:57:01.000000Z
2024,260.7479398148148,43.1179,-79.06041,2024-09-16T17:57:02.000000Z
2024,260.74795138888885,43.11791,-79.06042,2024-09-16T17:57:03.000000Z
2024,260.74796296296296,43.11791,-79.06042,2024-09-16T17:57:04.000000Z
2024,260.747974537037,43.11791,-79.06043,2024-09-16T17:57:05.000000Z
2024,260.7581828703704,43.1179,-79.06048,2024-09-16T18:11:47.000000Z
2024,260.7581944444444,43.1179,-79.06048,2024-09-16T18:11:48.000000Z
2024,260.75820601851854,43.1179,-79.06047,2024-09-16T18:11:49.000000Z
2024,260.7582175925926,43.1179,-79.06046,2024-09-16T18:11:50.000000Z
2024,260.7582291666667,43.1179,-79.06046,2024-09-16T18:11:51.000000Z
2024,260.75824074074075,43.1179,-79.06045,2024-09-16T18:11:52.000000Z
2024,260.7582523148148,43.1179,-79.06045,2024-09-16T18:11:53.000000Z
2024,260.7582638888889,43.1179,-79.06044,2024-09-16T18:11:54.000000Z
2024,260.75827546296296,43.1179,-79.06044,2024-09-16T18:11:55.000000Z
2024,260.75828703703706,43.1179,-79.06044,2024-09-16T18:11:56.000000Z
2024,260.7582986111111,43.1179,-79.06044,2024-09-16T18:11:57.000000Z
2024,260.75831018518517,43.1179,-79.06044,2024-09-16T18:11:58.000000Z
2024,260.7583217592593,43.1179,-79.06044,2024-09-16T18:11:59.000000Z
2024,260.7583333333333,43.1179,-79.06044,2024-09-16T18:12:00.000000Z
2024,260.7583449074074,43.1179,-79.06045,2024-09-16T18:12:01.000000Z
2024,260.7583564814815,43.1179,-79.06045,2024-09-16T18:12:02.000000Z
2024,260.75836805555554,43.1179,-79.06045,2024-09-16T18:12:03.000000Z
2024,260.75837962962964,43.1179,-79.06045,2024-09-16T18:12:04.000000Z
2024,260.7583912037037,43.1179,-79.06045,2024-09-16T18:12:05.000000Z
2024,260.76859953703706,43.11791,-79.06044,2024-09-16T18:26:47.000000Z
2024,260.7686111111111,43.11792,-79.06044,2024-09-16T18:26:48.000000Z
2024,260.7686226851852,43.11792,-79.06044,2024-09-16T18:26:49.000000Z
2024,260.7686342592593,43.11792,-79.06044,2024-09-16T18:26:50.000000Z
2024,260.7686458333334,43.11792,-79.06044,2024-09-16T18:26:51.000000Z
2024,260.76865740740743,43.11793,-79.06044,2024-09-16T18:26:52.000000Z
2024,260.7686689814815,43.11793,-79.06044,2024-09-16T18:26:53.000000Z
2024,260.7686805555556,43.11793,-79.06044,2024-09-16T18:26:54.000000Z
2024,260.76869212962964,43.11793,-79.06044,2024-09-16T18:26:55.000000Z
2024,260.76870370370375,43.11793,-79.06044,2024-09-16T18:26:56.000000Z
2024,260.7687152777778,43.11793,-79.06044,2024-09-16T18:26:57.000000Z
2024,260.76872685185185,43.11793,-79.06044,2024-09-16T18:26:58.000000Z
2024,260.76873842592596,43.11793,-79.06044,2024-09-16T18:26:59.000000Z
2024,260.76875,43.11793,-79.06044,2024-09-16T18:27:00.000000Z
2024,260.76876157407406,43.11793,-79.06044,2024-09-16T18:27:01.000000Z
2024,260.76877314814817,43.11793,-79.06044,2024-09-16T18:27:02.000000Z
2024,260.7687847222222,43.11793,-79.06044,2024-09-16T18:27:03.000000Z
2024,260.76879629629633,43.11793,-79.06044,2024-09-16T18:27:04.000000Z
2024,260.7688078703704,43.11793,-79.06044,2024-09-16T18:27:05.000000Z
2024,260.7790162037037,43.11782,-79.06048,2024-09-16T18:41:47.000000Z
2024,260.77902777777774,43.11783,-79.06047,2024-09-16T18:41:48.000000Z
2024,260.77903935185185,43.11783,-79.06048,2024-09-16T18:41:49.000000Z
2024,260.7790509259259,43.11783,-79.06048,2024-09-16T18:41:50.000000Z
2024,260.7790625,43.11784,-79.06048,2024-09-16T18:41:51.000000Z
2024,260.77907407407406,43.11784,-79.06048,2024-09-16T18:41:52.000000Z
2024,260.7790856481481,43.11784,-79.06049,2024-09-16T18:41:53.000000Z
2024,260.7790972222222,43.11784,-79.06048,2024-09-16T18:41:54.000000Z
2024,260.77910879629627,43.11785,-79.06048,2024-09-16T18:41:55.000000Z
2024,260.7791203703704,43.11785,-79.06048,2024-09-16T18:41:56.000000Z
2024,260.77913194444443,43.11785,-79.06048,2024-09-16T18:41:57.000000Z
2024,260.7791435185185,43.11785,-79.06048,2024-09-16T18:41:58.000000Z
2024,260.7791550925926,43.11786,-79.06047,2024-09-16T18:41:59.000000Z
2024,260.77916666666664,43.11786,-79.06047,2024-09-16T18:42:00.000000Z
2024,260.7791782407407,43.11787,-79.06047,2024-09-16T18:42:01.000000Z
2024,260.7791898148148,43.11788,-79.06046,2024-09-16T18:42:02.000000Z
2024,260.77920138888885,43.11788,-79.06046,2024-09-16T18:42:03.000000Z
2024,260.77921296296296,43.11789,-79.06045,2024-09-16T18:42:04.000000Z
2024,260.779224537037,43.11789,-79.06045,2024-09-16T18:42:05.000000Z
2024,260.7894328703704,43.11793,-79.06044,2024-09-16T18:56:47.000000Z
2024,260.7894444444444,43.11793,-79.06044,2024-09-16T18:56:48.000000Z
2024,260.78945601851854,43.11793,-79.06043,2024-09-16T18:56:49.000000Z
2024,260.7894675925926,43.11793,-79.06043,2024-09-16T18:56:50.000000Z
2024,260.7894791666667,43.11792,-79.06042,2024-09-16T18:56:51.000000Z
2024,260.78949074074075,43.11792,-79.06042,2024-09-16T18:56:52.000000Z
2024,260.7895023148148,43.11792,-79.06042,2024-09-16T18:56:53.000000Z
2024,260.7895138888889,43.11792,-79.06041,2024-09-16T18:56:54.000000Z
2024,260.78952546296296,43.11792,-79.06041,2024-09-16T18:56:55.000000Z
2024,260.78953703703706,43.11792,-79.06041,2024-09-16T18:56:56.000000Z
2024,260.7895486111111,43.11792,-79.06041,2024-09-16T18:56:57.000000Z
2024,260.78956018518517,43.11792,-79.0604,2024-09-16T18:56:58.000000Z
2024,260.7895717592593,43.11792,-79.0604,2024-09-16T18:56:59.000000Z
2024,260.7895833333333,43.11792,-79.0604,2024-09-16T18:57:00.000000Z
2024,260.7895949074074,43.11792,-79.0604,2024-09-16T18:57:01.000000Z
2024,260.7896064814815,43.11792,-79.0604,2024-09-16T18:57:02.000000Z
2024,260.78961805555554,43.11792,-79.0604,2024-09-16T18:57:03.000000Z
2024,260.78962962962964,43.11792,-79.0604,2024-09-16T18:57:04.000000Z
2024,260.7896412037037,43.11792,-79.06041,2024-09-16T18:57:05.000000Z
2024,260.79984953703706,43.11794,-79.06047,2024-09-16T19:11:47.000000Z
2024,260.7998611111111,43.11795,-79.06047,2024-09-16T19:11:48.000000Z
2024,260.7998726851852,43.11795,-79.06048,2024-09-16T19:11:49.000000Z
2024,260.7998842592593,43.11795,-79.06048,2024-09-16T19:11:50.000000Z
2024,260.7998958333334,43.11796,-79.06048,2024-09-16T19:11:51.000000Z
2024,260.79990740740743,43.11796,-79.06048,2024-09-16T19:11:52.000000Z
2024,260.7999189814815,43.11795,-79.06049,2024-09-16T19:11:53.000000Z
2024,260.7999305555556,43.11795,-79.06048,2024-09-16T19:11:54.000000Z
2024,260.79994212962964,43.11795,-79.06048,2024-09-16T19:11:55.000000Z
2024,260.79995370370375,43.11795,-79.06048,2024-09-16T19:11:56.000000Z
2024,260.7999652777778,43.11795,-79.06049,2024-09-16T19:11:57.000000Z
2024,260.79997685185185,43.11795,-79.06049,2024-09-16T19:11:58.000000Z
2024,260.79998842592596,43.11795,-79.06049,2024-09-16T19:11:59.000000Z
2024,260.8,43.11795,-79.06049,2024-09-16T19:12:00.000000Z
2024,260.80001157407406,43.11795,-79.06049,2024-09-16T19:12:01.000000Z
2024,260.80002314814817,43.11795,-79.06049,2024-09-16T19:12:02.000000Z
2024,260.8000347222222,43.11795,-79.06049,2024-09-16T19:12:03.000000Z
2024,260.80004629629633,43.11795,-79.06049,2024-09-16T19:12:04.000000Z
2024,260.8000578703704,43.11795,-79.06049,2024-09-16T19:12:05.000000Z
2024,260.81026620370375,43.11794,-79.06043,2024-09-16T19:26:47.000000Z
2024,260.8102777777778,43.11794,-79.06044,2024-09-16T19:26:48.000000Z
2024,260.8102893518519,43.11795,-79.06044,2024-09-16T19:26:49.000000Z
2024,260.81030092592596,43.11795,-79.06044,2024-09-16T19:26:50.000000Z
2024,260.81031250000007,43.11795,-79.06044,2024-09-16T19:26:51.000000Z
2024,260.8103240740741,43.11795,-79.06044,2024-09-16T19:26:52.000000Z
2024,260.81033564814817,43.11795,-79.06044,2024-09-16T19:26:53.000000Z
2024,260.8103472222223,43.11795,-79.06044,2024-09-16T19:26:54.000000Z
2024,260.8103587962963,43.11795,-79.06044,2024-09-16T19:26:55.000000Z
2024,260.81037037037044,43.11795,-79.06044,2024-09-16T19:26:56.000000Z
2024,260.8103819444445,43.11795,-79.06044,2024-09-16T19:26:57.000000Z
2024,260.81039351851854,43.11795,-79.06044,2024-09-16T19:26:58.000000Z
2024,260.81040509259265,43.11795,-79.06044,2024-09-16T19:26:59.000000Z
2024,260.8104166666667,43.11795,-79.06044,2024-09-16T19:27:00.000000Z
2024,260.81042824074075,43.11795,-79.06044,2024-09-16T19:27:01.000000Z
2024,260.81043981481486,43.11795,-79.06044,2024-09-16T19:27:02.000000Z
2024,260.8104513888889,43.11795,-79.06044,2024-09-16T19:27:03.000000Z
2024,260.810462962963,43.11795,-79.06044,2024-09-16T19:27:04.000000Z
2024,260.81047453703707,43.11795,-79.06044,2024-09-16T19:27:05.000000Z
2024,260.8206828703704,43.11793,-79.0605,2024-09-16T19:41:47.000000Z
2024,260.8206944444444,43.11794,-79.0605,2024-09-16T19:41:48.000000Z
2024,260.82070601851854,43.11794,-79.0605,2024-09-16T19:41:49.000000Z
2024,260.8207175925926,43.11794,-79.0605,2024-09-16T19:41:50.000000Z
2024,260.8207291666667,43.11794,-79.06051,2024-09-16T19:41:51.000000Z
2024,260.82074074074075,43.11794,-79.06051,2024-09-16T19:41:52.000000Z
2024,260.8207523148148,43.11795,-79.06051,2024-09-16T19:41:53.000000Z
2024,260.8207638888889,43.11794,-79.0605,2024-09-16T19:41:54.000000Z
2024,260.82077546296296,43.11794,-79.0605,2024-09-16T19:41:55.000000Z
2024,260.82078703703706,43.11795,-79.06052,2024-09-16T19:41:56.000000Z
2024,260.8207986111111,43.11795,-79.06052,2024-09-16T19:41:57.000000Z
2024,260.82081018518517,43.11795,-79.06052,2024-09-16T19:41:58.000000Z
2024,260.8208217592593,43.11795,-79.06052,2024-09-16T19:41:59.000000Z
2024,260.8208333333333,43.11795,-79.06051,2024-09-16T19:42:00.000000Z
2024,260.8208449074074,43.11795,-79.06051,2024-09-16T19:42:01.000000Z
2024,260.8208564814815,43.11795,-79.06051,2024-09-16T19:42:02.000000Z
2024,260.82086805555554,43.11795,-79.06051,2024-09-16T19:42:03.000000Z
2024,260.82087962962964,43.11795,-79.06051,2024-09-16T19:42:04.000000Z
2024,260.8208912037037,43.11795,-79.06051,2024-09-16T19:42:05.000000Z
2024,260.83109953703706,43.11795,-79.06047,2024-09-16T19:56:47.000000Z
2024,260.8311111111111,43.11795,-79.06047,2024-09-16T19:56:48.000000Z
2024,260.8311226851852,43.11796,-79.06047,2024-09-16T19:56:49.000000Z
2024,260.8311342592593,43.11796,-79.06048,2024-09-16T19:56:50.000000Z
2024,260.8311458333334,43.11797,-79.06048,2024-09-16T19:56:51.000000Z
2024,260.83115740740743,43.11797,-79.06048,2024-09-16T19:56:52.000000Z
2024,260.8311689814815,43.11797,-79.06049,2024-09-16T19:56:53.000000Z
2024,260.8311805555556,43.11797,-79.06049,2024-09-16T19:56:54.000000Z
2024,260.83119212962964,43.11797,-79.06049,2024-09-16T19:56:55.000000Z
2024,260.83120370370375,43.11797,-79.06049,2024-09-16T19:56:56.000000Z
2024,260.8312152777778,43.11797,-79.06049,2024-09-16T19:56:57.000000Z
2024,260.83122685185185,43.11797,-79.06049,2024-09-16T19:56:58.000000Z
2024,260.83123842592596,43.11797,-79.06049,2024-09-16T19:56:59.000000Z
2024,260.83125,43.11797,-79.06049,2024-09-16T19:57:00.000000Z
2024,260.83126157407406,43.11797,-79.06049,2024-09-16T19:57:01.000000Z
2024,260.83127314814817,43.11798,-79.06049,2024-09-16T19:57:02.000000Z
2024,260.8312847222222,43.11798,-79.06049,2024-09-16T19:57:03.000000Z
2024,260.83129629629633,43.11798,-79.06049,2024-09-16T19:57:04.000000Z
2024,260.8313078703704,43.11798,-79.06049,2024-09-16T19:57:05.000000Z
2024,260.8415162037037,43.11791,-79.06047,2024-09-16T20:11:47.000000Z
2024,260.84152777777774,43.11791,-79.06047,2024-09-16T20:11:48.000000Z
2024,260.84153935185185,43.11791,-79.06047,2024-09-16T20:11:49.000000Z
2024,260.8415509259259,43.11791,-79.06047,2024-09-16T20:11:50.000000Z
2024,260.8415625,43.11791,-79.06047,2024-09-16T20:11:51.000000Z
2024,260.84157407407406,43.11791,-79.06048,2024-09-16T20:11:52.000000Z
2024,260.8415856481481,43.11791,-79.06048,2024-09-16T20:11:53.000000Z
2024,260.8415972222222,43.11791,-79.06048,2024-09-16T20:11:54.000000Z
2024,260.84160879629627,43.1179,-79.06047,2024-09-16T20:11:55.000000Z
2024,260.8416203703704,43.11791,-79.06048,2024-09-16T20:11:56.000000Z
2024,260.84163194444443,43.11792,-79.06048,2024-09-16T20:11:57.000000Z
2024,260.8416435185185,43.11792,-79.06048,2024-09-16T20:11:58.000000Z
2024,260.8416550925926,43.11793,-79.06048,2024-09-16T20:11:59.000000Z
2024,260.84166666666664,43.11793,-79.06049,2024-09-16T20:12:00.000000Z
2024,260.8416782407407,43.11793,-79.06049,2024-09-16T20:12:01.000000Z
2024,260.8416898148148,43.11793,-79.06049,2024-09-16T20:12:02.000000Z
2024,260.84170138888885,43.11793,-79.06049,2024-09-16T20:12:03.000000Z
2024,260.84171296296296,43.11793,-79.06049,2024-09-16T20:12:04.000000Z
2024,260.841724537037,43.11793,-79.0605,2024-09-16T20:12:05.000000Z
2024,260.8519328703704,43.11794,-79.06041,2024-09-16T20:26:47.000000Z
2024,260.8519444444444,43.11793,-79.06041,2024-09-16T20:26:48.000000Z
2024,260.85195601851854,43.11793,-79.06042,2024-09-16T20:26:49.000000Z
2024,260.8519675925926,43.11793,-79.06042,2024-09-16T20:26:50.000000Z
2024,260.8519791666667,43.11792,-79.06043,2024-09-16T20:26:51.000000Z
2024,260.85199074074075,43.11792,-79.06042,2024-09-16T20:26:52.000000Z
2024,260.8520023148148,43.11791,-79.06042,2024-09-16T20:26:53.000000Z
2024,260.8520138888889,43.11791,-79.06042,2024-09-16T20:26:54.000000Z
2024,260.85202546296296,43.1179,-79.06042,2024-09-16T20:26:55.000000Z
2024,260.85203703703706,43.1179,-79.06042,2024-09-16T20:26:56.000000Z
2024,260.8520486111111,43.1179,-79.06042,2024-09-16T20:26:57.000000Z
2024,260.85206018518517,43.1179,-79.06041,2024-09-16T20:26:58.000000Z
2024,260.8520717592593,43.11789,-79.06041,2024-09-16T20:26:59.000000Z
2024,260.8520833333333,43.11789,-79.06041,2024-09-16T20:27:00.000000Z
2024,260.8520949074074,43.1179,-79.06041,2024-09-16T20:27:01.000000Z
2024,260.8521064814815,43.1179,-79.06042,2024-09-16T20:27:02.000000Z
2024,260.85211805555554,43.11791,-79.06042,2024-09-16T20:27:03.000000Z
2024,260.85212962962964,43.11791,-79.06042,2024-09-16T20:27:04.000000Z
2024,260.8521412037037,43.11791,-79.06042,2024-09-16T20:27:05.000000Z
2024,260.86233796296295,43.11797,-79.06053,2024-09-16T20:41:46.000000Z
2024,260.862349537037,43.11797,-79.06053,2024-09-16T20:41:47.000000Z
2024,260.86236111111106,43.11798,-79.06053,2024-09-16T20:41:48.000000Z
2024,260.86237268518516,43.11799,-79.06053,2024-09-16T20:41:49.000000Z
2024,260.8623842592592,43.11799,-79.06053,2024-09-16T20:41:50.000000Z
2024,260.8623958333333,43.118,-79.06053,2024-09-16T20:41:51.000000Z
2024,260.8624074074074,43.118,-79.06053,2024-09-16T20:41:52.000000Z
2024,260.8624189814814,43.11801,-79.06053,2024-09-16T20:41:53.000000Z
2024,260.86243055555553,43.11801,-79.06053,2024-09-16T20:41:54.000000Z
2024,260.8624421296296,43.11801,-79.06053,2024-09-16T20:41:55.000000Z
2024,260.8624537037037,43.11801,-79.06053,2024-09-16T20:41:56.000000Z
2024,260.86246527777774,43.11801,-79.06053,2024-09-16T20:41:57.000000Z
2024,260.8624768518518,43.11801,-79.06053,2024-09-16T20:41:58.000000Z
2024,260.8624884259259,43.11801,-79.06053,2024-09-16T20:41:59.000000Z
2024,260.86249999999995,43.11801,-79.06053,2024-09-16T20:42:00.000000Z
2024,260.862511574074,43.11801,-79.06053,2024-09-16T20:42:01.000000Z
2024,260.8625231481481,43.118,-79.06053,2024-09-16T20:42:02.000000Z
2024,260.86253472222216,43.118,-79.06053,2024-09-16T20:42:03.000000Z
2024,260.8625462962963,43.118,-79.06052,2024-09-16T20:42:04.000000Z
2024,260.87275462962964,43.1179,-79.06045,2024-09-16T20:56:46.000000Z
2024,260.8727662037037,43.11791,-79.06043,2024-09-16T20:56:47.000000Z
2024,260.87277777777774,43.11792,-79.06043,2024-09-16T20:56:48.000000Z
2024,260.87278935185185,43.11792,-79.06043,2024-09-16T20:56:49.000000Z
2024,260.8728009259259,43.11793,-79.06042,2024-09-16T20:56:50.000000Z
2024,260.8728125,43.11793,-79.06042,2024-09-16T20:56:51.000000Z
2024,260.87282407407406,43.11794,-79.06042,2024-09-16T20:56:52.000000Z
2024,260.8728356481481,43.11795,-79.06042,2024-09-16T20:56:53.000000Z
2024,260.8728472222222,43.11795,-79.06042,2024-09-16T20:56:54.000000Z
2024,260.87285879629627,43.11795,-79.06041,2024-09-16T20:56:55.000000Z
2024,260.8728703703704,43.11795,-79.06041,2024-09-16T20:56:56.000000Z
2024,260.87288194444443,43.11795,-79.06041,2024-09-16T20:56:57.000000Z
2024,260.8728935185185,43.11796,-79.06041,2024-09-16T20:56:58.000000Z
2024,260.8729050925926,43.11796,-79.06041,2024-09-16T20:56:59.000000Z
2024,260.87291666666664,43.11796,-79.06041,2024-09-16T20:57:00.000000Z
2024,260.8729282407407,43.11796,-79.06041,2024-09-16T20:57:01.000000Z
2024,260.8729398148148,43.11796,-79.06041,2024-09-16T20:57:02.000000Z
2024,260.87295138888885,43.11796,-79.06041,2024-09-16T20:57:03.000000Z
2024,260.87296296296296,43.11796,-79.06041,2024-09-16T20:57:04.000000Z
2024,260.8831712962963,43.11796,-79.06049,2024-09-16T21:11:46.000000Z
2024,260.8831828703704,43.11796,-79.06048,2024-09-16T21:11:47.000000Z
2024,260.8831944444444,43.11795,-79.06049,2024-09-16T21:11:48.000000Z
2024,260.88320601851854,43.11795,-79.0605,2024-09-16T21:11:49.000000Z
2024,260.8832175925926,43.11794,-79.0605,2024-09-16T21:11:50.000000Z
2024,260.8832291666667,43.11793,-79.0605,2024-09-16T21:11:51.000000Z
2024,260.88324074074075,43.11793,-79.0605,2024-09-16T21:11:52.000000Z
2024,260.8832523148148,43.11793,-79.0605,2024-09-16T21:11:53.000000Z
2024,260.8832638888889,43.11793,-79.0605,2024-09-16T21:11:54.000000Z
2024,260.88327546296296,43.11793,-79.0605,2024-09-16T21:11:55.000000Z
2024,260.88328703703706,43.11792,-79.0605,2024-09-16T21:11:56.000000Z
2024,260.8832986111111,43.11792,-79.06051,2024-09-16T21:11:57.000000Z
2024,260.88331018518517,43.11792,-79.06051,2024-09-16T21:11:58.000000Z
2024,260.8833217592593,43.11792,-79.06051,2024-09-16T21:11:59.000000Z
2024,260.8833333333333,43.11791,-79.06051,2024-09-16T21:12:00.000000Z
2024,260.8833449074074,43.11791,-79.06051,2024-09-16T21:12:01.000000Z
2024,260.8833564814815,43.11791,-79.06052,2024-09-16T21:12:02.000000Z
2024,260.88336805555554,43.11791,-79.06052,2024-09-16T21:12:03.000000Z
2024,260.88337962962964,43.11792,-79.06052,2024-09-16T21:12:04.000000Z
2024,260.893587962963,43.11798,-79.06045,2024-09-16T21:26:46.000000Z
2024,260.89359953703706,43.11798,-79.06045,2024-09-16T21:26:47.000000Z
2024,260.8936111111111,43.11798,-79.06044,2024-09-16T21:26:48.000000Z
2024,260.8936226851852,43.11798,-79.06044,2024-09-16T21:26:49.000000Z
2024,260.8936342592593,43.11798,-79.06044,2024-09-16T21:26:50.000000Z
2024,260.8936458333334,43.11798,-79.06044,2024-09-16T21:26:51.000000Z
2024,260.89365740740743,43.11798,-79.06044,2024-09-16T21:26:52.000000Z
2024,260.8936689814815,43.11798,-79.06044,2024-09-16T21:26:53.000000Z
2024,260.8936805555556,43.11798,-79.06044,2024-09-16T21:26:54.000000Z
2024,260.89369212962964,43.11798,-79.06044,2024-09-16T21:26:55.000000Z
2024,260.89370370370375,43.11798,-79.06044,2024-09-16T21:26:56.000000Z
2024,260.8937152777778,43.11798,-79.06044,2024-09-16T21:26:57.000000Z
2024,260.89372685185185,43.11798,-79.06044,2024-09-16T21:26:58.000000Z
2024,260.89373842592596,43.11798,-79.06044,2024-09-16T21:26:59.000000Z
2024,260.89375,43.11798,-79.06044,2024-09-16T21:27:00.000000Z
2024,260.89376157407406,43.11798,-79.06044,2024-09-16T21:27:01.000000Z
2024,260.89377314814817,43.11798,-79.06044,2024-09-16T21:27:02.000000Z
2024,260.8937847222222,43.11798,-79.06044,2024-09-16T21:27:03.000000Z
2024,260.89379629629633,43.11798,-79.06044,2024-09-16T21:27:04.000000Z
2024,260.90400462962964,43.11794,-79.06044,2024-09-16T21:41:46.000000Z
2024,260.9040162037037,43.11795,-79.06044,2024-09-16T21:41:47.000000Z
2024,260.90402777777774,43.11796,-79.06046,2024-09-16T21:41:48.000000Z
2024,260.90403935185185,43.11796,-79.06046,2024-09-16T21:41:49.000000Z
2024,260.9040509259259,43.11796,-79.06046,2024-09-16T21:41:50.000000Z
2024,260.9040625,43.11796,-79.06047,2024-09-16T21:41:51.000000Z
2024,260.90407407407406,43.11796,-79.06047,2024-09-16T21:41:52.000000Z
2024,260.9040856481481,43.11796,-79.06047,2024-09-16T21:41:53.000000Z
2024,260.9040972222222,43.11796,-79.06047,2024-09-16T21:41:54.000000Z
2024,260.90410879629627,43.11796,-79.06047,2024-09-16T21:41:55.000000Z
2024,260.9041203703704,43.11796,-79.06047,2024-09-16T21:41:56.000000Z
2024,260.90413194444443,43.11796,-79.06047,2024-09-16T21:41:57.000000Z
2024,260.9041435185185,43.11796,-79.06047,2024-09-16T21:41:58.000000Z
2024,260.9041550925926,43.11796,-79.06046,2024-09-16T21:41:59.000000Z
2024,260.90416666666664,43.11796,-79.06045,2024-09-16T21:42:00.000000Z
2024,260.9041782407407,43.11796,-79.06045,2024-09-16T21:42:01.000000Z
2024,260.9041898148148,43.11796,-79.06044,2024-09-16T21:42:02.000000Z
2024,260.90420138888885,43.11796,-79.06044,2024-09-16T21:42:03.000000Z
2024,260.90421296296296,43.11796,-79.06044,2024-09-16T21:42:04.000000Z
2024,260.9144212962963,43.11801,-79.06048,2024-09-16T21:56:46.000000Z
2024,260.9144328703704,43.11801,-79.06048,2024-09-16T21:56:47.000000Z
2024,260.9144444444444,43.118,-79.06048,2024-09-16T21:56:48.000000Z
2024,260.91445601851854,43.118,-79.06047,2024-09-16T21:56:49.000000Z
2024,260.9144675925926,43.118,-79.06047,2024-09-16T21:56:50.000000Z
2024,260.9144791666667,43.118,-79.06047,2024-09-16T21:56:51.000000Z
2024,260.91449074074075,43.118,-79.06047,2024-09-16T21:56:52.000000Z
2024,260.9145023148148,43.118,-79.06048,2024-09-16T21:56:53.000000Z
2024,260.9145138888889,43.118,-79.06047,2024-09-16T21:56:54.000000Z
2024,260.91452546296296,43.118,-79.06047,2024-09-16T21:56:55.000000Z
2024,260.91453703703706,43.118,-79.06047,2024-09-16T21:56:56.000000Z
2024,260.9145486111111,43.118,-79.06048,2024-09-16T21:56:57.000000Z
2024,260.91456018518517,43.118,-79.06048,2024-09-16T21:56:58.000000Z
2024,260.9145717592593,43.118,-79.06048,2024-09-16T21:56:59.000000Z
2024,260.9145833333333,43.118,-79.06048,2024-09-16T21:57:00.000000Z
2024,260.9145949074074,43.118,-79.06048,2024-09-16T21:57:01.000000Z
2024,260.9146064814815,43.11799,-79.06047,2024-09-16T21:57:02.000000Z
2024,260.91461805555554,43.11799,-79.06047,2024-09-16T21:57:03.000000Z
2024,260.91462962962964,43.11799,-79.06047,2024-09-16T21:57:04.000000Z
2024,260.9248726851852,43.11804,-79.06036,2024-09-16T22:11:49.000000Z
2024,260.9248842592593,43.11804,-79.06036,2024-09-16T22:11:50.000000Z
2024,260.9248958333334,43.11804,-79.06036,2024-09-16T22:11:51.000000Z
2024,260.92490740740743,43.11804,-79.06036,2024-09-16T22:11:52.000000Z
2024,260.9249189814815,43.11804,-79.06036,2024-09-16T22:11:53.000000Z
2024,260.9249305555556,43.11803,-79.06036,2024-09-16T22:11:54.000000Z
2024,260.92494212962964,43.11803,-79.06037,2024-09-16T22:11:55.000000Z
2024,260.92495370370375,43.11803,-79.06037,2024-09-16T22:11:56.000000Z
2024,260.9249652777778,43.11803,-79.06037,2024-09-16T22:11:57.000000Z
2024,260.92497685185185,43.11803,-79.06036,2024-09-16T22:11:58.000000Z
2024,260.92498842592596,43.11803,-79.06036,2024-09-16T22:11:59.000000Z
2024,260.925,43.11803,-79.06036,2024-09-16T22:12:00.000000Z
2024,260.92501157407406,43.11802,-79.06035,2024-09-16T22:12:01.000000Z
2024,260.92502314814817,43.11802,-79.06035,2024-09-16T22:12:02.000000Z
2024,260.9250347222222,43.11802,-79.06035,2024-09-16T22:12:03.000000Z
2024,260.92504629629633,43.11802,-79.06036,2024-09-16T22:12:04.000000Z
2024,260.9250578703704,43.11802,-79.06036,2024-09-16T22:12:05.000000Z
2024,260.92506944444443,43.11802,-79.06035,2024-09-16T22:12:06.000000Z
2024,260.92508101851854,43.11802,-79.06035,2024-09-16T22:12:07.000000Z
2024,260.9250925925926,43.11802,-79.06035,2024-09-16T22:12:08.000000Z
2024,260.9353587962963,43.11809,-79.0605,2024-09-16T22:26:55.000000Z
2024,260.93543981481486,43.11804,-79.06049,2024-09-16T22:27:02.000000Z
2024,260.9354513888889,43.11803,-79.06049,2024-09-16T22:27:03.000000Z
2024,260.935462962963,43.11802,-79.06049,2024-09-16T22:27:04.000000Z
2024,260.93547453703707,43.11801,-79.06049,2024-09-16T22:27:05.000000Z
2024,260.9354861111111,43.11801,-79.0605,2024-09-16T22:27:06.000000Z
2024,260.9355208333334,43.118,-79.0605,2024-09-16T22:27:09.000000Z
2024,260.93553240740744,43.11799,-79.0605,2024-09-16T22:27:10.000000Z
2024,260.9355439814815,43.11798,-79.0605,2024-09-16T22:27:11.000000Z
2024,260.9355555555556,43.11798,-79.06049,2024-09-16T22:27:12.000000Z
2024,260.93556712962965,43.11798,-79.06049,2024-09-16T22:27:13.000000Z
2024,260.93557870370375,43.11797,-79.06048,2024-09-16T22:27:14.000000Z
2024,260.9355902777778,43.11797,-79.06048,2024-09-16T22:27:15.000000Z
2024,260.93560185185186,43.11797,-79.06048,2024-09-16T22:27:16.000000Z
2024,260.93561342592596,43.11796,-79.06047,2024-09-16T22:27:17.000000Z
2024,260.935625,43.11796,-79.06047,2024-09-16T22:27:18.000000Z
2024,260.9356365740741,43.11796,-79.06047,2024-09-16T22:27:19.000000Z
2024,260.9356481481482,43.11796,-79.06047,2024-09-16T22:27:20.000000Z
2024,260.9356597222222,43.11796,-79.06047,2024-09-16T22:27:21.000000Z
2024,260.93567129629633,43.11796,-79.06047,2024-09-16T22:27:22.000000Z
2024,260.9356828703704,43.11796,-79.06047,2024-09-16T22:27:23.000000Z
2024,260.9456712962963,43.11796,-79.06044,2024-09-16T22:41:46.000000Z
2024,260.9456828703704,43.11796,-79.06044,2024-09-16T22:41:47.000000Z
2024,260.9456944444444,43.11796,-79.06044,2024-09-16T22:41:48.000000Z
2024,260.94570601851854,43.11796,-79.06045,2024-09-16T22:41:49.000000Z
2024,260.9457175925926,43.11796,-79.06046,2024-09-16T22:41:50.000000Z
2024,260.9457291666667,43.11796,-79.06046,2024-09-16T22:41:51.000000Z
2024,260.94574074074075,43.11796,-79.06047,2024-09-16T22:41:52.000000Z
2024,260.9457523148148,43.11796,-79.06047,2024-09-16T22:41:53.000000Z
2024,260.9457638888889,43.11796,-79.06047,2024-09-16T22:41:54.000000Z
2024,260.94577546296296,43.11796,-79.06047,2024-09-16T22:41:55.000000Z
2024,260.94578703703706,43.11796,-79.06047,2024-09-16T22:41:56.000000Z
2024,260.9457986111111,43.11796,-79.06047,2024-09-16T22:41:57.000000Z
2024,260.94581018518517,43.11797,-79.06048,2024-09-16T22:41:58.000000Z
2024,260.9458217592593,43.11797,-79.06048,2024-09-16T22:41:59.000000Z
2024,260.9458333333333,43.11797,-79.06048,2024-09-16T22:42:00.000000Z
2024,260.9458449074074,43.11797,-79.06048,2024-09-16T22:42:01.000000Z
2024,260.9458564814815,43.11798,-79.06049,2024-09-16T22:42:02.000000Z
2024,260.94586805555554,43.11798,-79.06049,2024-09-16T22:42:03.000000Z
2024,260.94587962962964,43.11798,-79.06049,2024-09-16T22:42:04.000000Z
2024,260.956087962963,43.11796,-79.06056,2024-09-16T22:56:46.000000Z
2024,260.95609953703706,43.11795,-79.06055,2024-09-16T22:56:47.000000Z
2024,260.9561111111111,43.11795,-79.06053,2024-09-16T22:56:48.000000Z
2024,260.9561226851852,43.11795,-79.06052,2024-09-16T22:56:49.000000Z
2024,260.9561342592593,43.11794,-79.06051,2024-09-16T22:56:50.000000Z
2024,260.9561458333334,43.11794,-79.0605,2024-09-16T22:56:51.000000Z
2024,260.95615740740743,43.11793,-79.0605,2024-09-16T22:56:52.000000Z
2024,260.9561689814815,43.11793,-79.06049,2024-09-16T22:56:53.000000Z
2024,260.9561805555556,43.11793,-79.06049,2024-09-16T22:56:54.000000Z
2024,260.95619212962964,43.11792,-79.06048,2024-09-16T22:56:55.000000Z
2024,260.95620370370375,43.11792,-79.06049,2024-09-16T22:56:56.000000Z
2024,260.9562152777778,43.11792,-79.06049,2024-09-16T22:56:57.000000Z
2024,260.95622685185185,43.11792,-79.06049,2024-09-16T22:56:58.000000Z
2024,260.95623842592596,43.11792,-79.0605,2024-09-16T22:56:59.000000Z
2024,260.95625,43.11792,-79.0605,2024-09-16T22:57:00.000000Z
2024,260.95626157407406,43.11792,-79.0605,2024-09-16T22:57:01.000000Z
2024,260.95627314814817,43.11792,-79.0605,2024-09-16T22:57:02.000000Z
2024,260.9562847222222,43.11792,-79.0605,2024-09-16T22:57:03.000000Z
2024,260.95629629629633,43.11792,-79.06051,2024-09-16T22:57:04.000000Z
2024,260.96650462962964,43.11793,-79.06057,2024-09-16T23:11:46.000000Z
2024,260.9665162037037,43.11793,-79.06057,2024-09-16T23:11:47.000000Z
2024,260.96652777777774,43.11793,-79.06057,2024-09-16T23:11:48.000000Z
2024,260.96653935185185,43.11793,-79.06057,2024-09-16T23:11:49.000000Z
2024,260.9665509259259,43.11793,-79.06057,2024-09-16T23:11:50.000000Z
2024,260.9665625,43.11793,-79.06057,2024-09-16T23:11:51.000000Z
2024,260.96657407407406,43.11794,-79.06057,2024-09-16T23:11:52.000000Z
2024,260.9665856481481,43.11794,-79.06057,2024-09-16T23:11:53.000000Z
2024,260.9665972222222,43.11794,-79.06057,2024-09-16T23:11:54.000000Z
2024,260.96660879629627,43.11794,-79.06058,2024-09-16T23:11:55.000000Z
2024,260.9666203703704,43.11794,-79.06058,2024-09-16T23:11:56.000000Z
2024,260.96663194444443,43.11795,-79.06058,2024-09-16T23:11:57.000000Z
2024,260.9666435185185,43.11795,-79.06058,2024-09-16T23:11:58.000000Z
2024,260.9666550925926,43.11795,-79.06058,2024-09-16T23:11:59.000000Z
2024,260.96666666666664,43.11795,-79.06058,2024-09-16T23:12:00.000000Z
2024,260.9666782407407,43.11795,-79.06058,2024-09-16T23:12:01.000000Z
2024,260.9666898148148,43.11795,-79.06058,2024-09-16T23:12:02.000000Z
2024,260.96670138888885,43.11795,-79.06058,2024-09-16T23:12:03.000000Z
2024,260.96671296296296,43.11795,-79.06058,2024-09-16T23:12:04.000000Z
2024,260.9769212962963,43.11792,-79.06043,2024-09-16T23:26:46.000000Z
2024,260.9769328703704,43.11792,-79.06043,2024-09-16T23:26:47.000000Z
2024,260.9769444444444,43.11793,-79.06044,2024-09-16T23:26:48.000000Z
2024,260.97695601851854,43.11793,-79.06044,2024-09-16T23:26:49.000000Z
2024,260.9769675925926,43.11793,-79.06044,2024-09-16T23:26:50.000000Z
2024,260.9769791666667,43.11793,-79.06044,2024-09-16T23:26:51.000000Z
2024,260.97699074074075,43.11792,-79.06044,2024-09-16T23:26:52.000000Z
2024,260.9770023148148,43.11792,-79.06044,2024-09-16T23:26:53.000000Z
2024,260.9770138888889,43.11792,-79.06044,2024-09-16T23:26:54.000000Z
2024,260.97702546296296,43.11792,-79.06044,2024-09-16T23:26:55.000000Z
2024,260.97703703703706,43.11792,-79.06044,2024-09-16T23:26:56.000000Z
2024,260.9770486111111,43.11792,-79.06044,2024-09-16T23:26:57.000000Z
2024,260.97706018518517,43.11792,-79.06044,2024-09-16T23:26:58.000000Z
2024,260.9770717592593,43.11792,-79.06044,2024-09-16T23:26:59.000000Z
2024,260.9770833333333,43.11792,-79.06044,2024-09-16T23:27:00.000000Z
2024,260.9770949074074,43.11792,-79.06044,2024-09-16T23:27:01.000000Z
2024,260.9771064814815,43.11792,-79.06044,2024-09-16T23:27:02.000000Z
2024,260.97711805555554,43.11793,-79.06044,2024-09-16T23:27:03.000000Z
2024,260.97712962962964,43.11793,-79.06044,2024-09-16T23:27:04.000000Z
2024,260.98733796296295,43.11785,-79.06047,2024-09-16T23:41:46.000000Z
2024,260.987349537037,43.11785,-79.06048,2024-09-16T23:41:47.000000Z
2024,260.98736111111106,43.11786,-79.06048,2024-09-16T23:41:48.000000Z
2024,260.98737268518516,43.11787,-79.06048,2024-09-16T23:41:49.000000Z
2024,260.9873842592592,43.11787,-79.06049,2024-09-16T23:41:50.000000Z
2024,260.9873958333333,43.11787,-79.0605,2024-09-16T23:41:51.000000Z
2024,260.9874074074074,43.11788,-79.0605,2024-09-16T23:41:52.000000Z
2024,260.9874189814814,43.11788,-79.0605,2024-09-16T23:41:53.000000Z
2024,260.98743055555553,43.11789,-79.06051,2024-09-16T23:41:54.000000Z
2024,260.9874421296296,43.11789,-79.06051,2024-09-16T23:41:55.000000Z
2024,260.9874537037037,43.11789,-79.06051,2024-09-16T23:41:56.000000Z
2024,260.98746527777774,43.11789,-79.06051,2024-09-16T23:41:57.000000Z
2024,260.9874768518518,43.11789,-79.06051,2024-09-16T23:41:58.000000Z
2024,260.9874884259259,43.11789,-79.06051,2024-09-16T23:41:59.000000Z
2024,260.98749999999995,43.11789,-79.06051,2024-09-16T23:42:00.000000Z
2024,260.987511574074,43.11789,-79.06051,2024-09-16T23:42:01.000000Z
2024,260.9875231481481,43.11788,-79.06051,2024-09-16T23:42:02.000000Z
2024,260.98753472222216,43.11788,-79.06051,2024-09-16T23:42:03.000000Z
2024,260.9875462962963,43.11788,-79.06051,2024-09-16T23:42:04.000000Z
2024,260.99775462962964,43.11806,-79.06051,2024-09-16T23:56:46.000000Z
2024,260.9977662037037,43.11806,-79.06051,2024-09-16T23:56:47.000000Z
2024,260.99777777777774,43.11806,-79.06051,2024-09-16T23:56:48.000000Z
2024,260.99778935185185,43.11806,-79.06051,2024-09-16T23:56:49.000000Z
2024,260.9978009259259,43.11805,-79.06051,2024-09-16T23:56:50.000000Z
2024,260.9978125,43.11805,-79.06051,2024-09-16T23:56:51.000000Z
2024,260.99782407407406,43.11805,-79.06051,2024-09-16T23:56:52.000000Z
2024,260.9978356481481,43.11805,-79.06051,2024-09-16T23:56:53.000000Z
2024,260.9978472222222,43.11804,-79.06052,2024-09-16T23:56:54.000000Z
2024,260.99785879629627,43.11804,-79.06052,2024-09-16T23:56:55.000000Z
2024,260.9978703703704,43.11804,-79.06052,2024-09-16T23:56:56.000000Z
2024,260.99788194444443,43.11804,-79.06052,2024-09-16T23:56:57.000000Z
2024,260.9978935185185,43.11804,-79.06052,2024-09-16T23:56:58.000000Z
2024,260.9979050925926,43.11803,-79.06052,2024-09-16T23:56:59.000000Z
2024,260.99791666666664,43.11803,-79.06053,2024-09-16T23:57:00.000000Z
2024,260.9979282407407,43.11803,-79.06053,2024-09-16T23:57:01.000000Z
2024,260.9979398148148,43.11802,-79.06053,2024-09-16T23:57:02.000000Z
2024,260.99795138888885,43.11802,-79.06053,2024-09-16T23:57:03.000000Z
2024,260.99796296296296,43.11801,-79.06052,2024-09-16T23:57:04.000000Z
2024,261.0081712962963,43.11806,-79.06045,2024-09-17T00:11:46.000000Z
2024,261.0081828703704,43.11806,-79.06046,2024-09-17T00:11:47.000000Z
2024,261.0081944444444,43.11806,-79.06046,2024-09-17T00:11:48.000000Z
2024,261.00820601851854,43.11806,-79.06046,2024-09-17T00:11:49.000000Z
2024,261.0082175925926,43.11806,-79.06046,2024-09-17T00:11:50.000000Z
2024,261.0082291666667,43.11806,-79.06046,2024-09-17T00:11:51.000000Z
2024,261.00824074074075,43.11805,-79.06046,2024-09-17T00:11:52.000000Z
2024,261.0082523148148,43.11805,-79.06047,2024-09-17T00:11:53.000000Z
2024,261.0082638888889,43.11805,-79.06047,2024-09-17T00:11:54.000000Z
2024,261.00827546296296,43.11804,-79.06047,2024-09-17T00:11:55.000000Z
2024,261.00828703703706,43.11804,-79.06047,2024-09-17T00:11:56.000000Z
2024,261.0082986111111,43.11804,-79.06047,2024-09-17T00:11:57.000000Z
2024,261.00831018518517,43.11804,-79.06047,2024-09-17T00:11:58.000000Z
2024,261.0083217592593,43.11804,-79.06047,2024-09-17T00:11:59.000000Z
2024,261.0083333333333,43.11803,-79.06047,2024-09-17T00:12:00.000000Z
2024,261.0083449074074,43.11803,-79.06047,2024-09-17T00:12:01.000000Z
2024,261.0083564814815,43.11803,-79.06047,2024-09-17T00:12:02.000000Z
2024,261.00836805555554,43.11802,-79.06047,2024-09-17T00:12:03.000000Z
2024,261.00837962962964,43.11801,-79.06047,2024-09-17T00:12:04.000000Z
2024,261.018587962963,43.11795,-79.06037,2024-09-17T00:26:46.000000Z
2024,261.01859953703706,43.11795,-79.06037,2024-09-17T00:26:47.000000Z
2024,261.0186111111111,43.11795,-79.06037,2024-09-17T00:26:48.000000Z
2024,261.0186226851852,43.11795,-79.06037,2024-09-17T00:26:49.000000Z
2024,261.0186342592593,43.11795,-79.06038,2024-09-17T00:26:50.000000Z
2024,261.0186458333334,43.11795,-79.06039,2024-09-17T00:26:51.000000Z
2024,261.01865740740743,43.11795,-79.06039,2024-09-17T00:26:52.000000Z
2024,261.0186689814815,43.11795,-79.0604,2024-09-17T00:26:53.000000Z
2024,261.0186805555556,43.11795,-79.0604,2024-09-17T00:26:54.000000Z
2024,261.01869212962964,43.11795,-79.06041,2024-09-17T00:26:55.000000Z
2024,261.01870370370375,43.11796,-79.06041,2024-09-17T00:26:56.000000Z
2024,261.0187152777778,43.11796,-79.06041,2024-09-17T00:26:57.000000Z
2024,261.01872685185185,43.11796,-79.06042,2024-09-17T00:26:58.000000Z
2024,261.01873842592596,43.11796,-79.06042,2024-09-17T00:26:59.000000Z
2024,261.01875,43.11796,-79.06042,2024-09-17T00:27:00.000000Z
2024,261.01876157407406,43.11796,-79.06042,2024-09-17T00:27:01.000000Z
2024,261.01877314814817,43.11796,-79.06042,2024-09-17T00:27:02.000000Z
2024,261.0187847222222,43.11795,-79.06042,2024-09-17T00:27:03.000000Z
2024,261.01879629629633,43.11795,-79.06041,2024-09-17T00:27:04.000000Z
2024,261.02900462962964,43.11805,-79.0604,2024-09-17T00:41:46.000000Z
2024,261.0290162037037,43.11805,-79.0604,2024-09-17T00:41:47.000000Z
2024,261.02902777777774,43.11804,-79.06041,2024-09-17T00:41:48.000000Z
2024,261.02903935185185,43.11804,-79.06041,2024-09-17T00:41:49.000000Z
2024,261.0290509259259,43.11803,-79.06042,2024-09-17T00:41:50.000000Z
2024,261.0290625,43.11803,-79.06042,2024-09-17T00:41:51.000000Z
2024,261.02907407407406,43.11803,-79.06043,2024-09-17T00:41:52.000000Z
2024,261.0290856481481,43.11803,-79.06043,2024-09-17T00:41:53.000000Z
2024,261.0290972222222,43.11803,-79.06043,2024-09-17T00:41:54.000000Z
2024,261.02910879629627,43.11803,-79.06043,2024-09-17T00:41:55.000000Z
2024,261.0291203703704,43.11803,-79.06043,2024-09-17T00:41:56.000000Z
2024,261.02913194444443,43.11803,-79.06043,2024-09-17T00:41:57.000000Z
2024,261.0291435185185,43.11803,-79.06043,2024-09-17T00:41:58.000000Z
2024,261.0291550925926,43.11803,-79.06043,2024-09-17T00:41:59.000000Z
2024,261.02916666666664,43.11803,-79.06043,2024-09-17T00:42:00.000000Z
2024,261.0291782407407,43.11803,-79.06043,2024-09-17T00:42:01.000000Z
2024,261.0291898148148,43.11802,-79.06043,2024-09-17T00:42:02.000000Z
2024,261.02920138888885,43.11802,-79.06043,2024-09-17T00:42:03.000000Z
2024,261.02921296296296,43.11802,-79.06043,2024-09-17T00:42:04.000000Z
2024,261.0394212962963,43.11789,-79.06044,2024-09-17T00:56:46.000000Z
2024,261.0394328703704,43.11789,-79.06043,2024-09-17T00:56:47.000000Z
2024,261.0394444444444,43.11789,-79.06043,2024-09-17T00:56:48.000000Z
2024,261.03945601851854,43.11789,-79.06043,2024-09-17T00:56:49.000000Z
2024,261.0394675925926,43.1179,-79.06043,2024-09-17T00:56:50.000000Z
2024,261.0394791666667,43.1179,-79.06043,2024-09-17T00:56:51.000000Z
2024,261.03949074074075,43.1179,-79.06043,2024-09-17T00:56:52.000000Z
2024,261.0395023148148,43.1179,-79.06043,2024-09-17T00:56:53.000000Z
2024,261.0395138888889,43.11791,-79.06043,2024-09-17T00:56:54.000000Z
2024,261.03952546296296,43.11791,-79.06042,2024-09-17T00:56:55.000000Z
2024,261.03953703703706,43.11791,-79.06042,2024-09-17T00:56:56.000000Z
2024,261.0395486111111,43.11791,-79.06042,2024-09-17T00:56:57.000000Z
2024,261.03956018518517,43.11791,-79.06042,2024-09-17T00:56:58.000000Z
2024,261.0395717592593,43.11791,-79.06043,2024-09-17T00:56:59.000000Z
2024,261.0395833333333,43.11791,-79.06043,2024-09-17T00:57:00.000000Z
2024,261.0395949074074,43.11791,-79.06043,2024-09-17T00:57:01.000000Z
2024,261.0396064814815,43.11791,-79.06043,2024-09-17T00:57:02.000000Z
2024,261.03961805555554,43.11791,-79.06043,2024-09-17T00:57:03.000000Z
2024,261.03962962962964,43.11791,-79.06043,2024-09-17T00:57:04.000000Z
2024,261.049837962963,43.11795,-79.06049,2024-09-17T01:11:46.000000Z
2024,261.04984953703706,43.11795,-79.0605,2024-09-17T01:11:47.000000Z
2024,261.0498611111111,43.11795,-79.0605,2024-09-17T01:11:48.000000Z
2024,261.0498726851852,43.11795,-79.06049,2024-09-17T01:11:49.000000Z
2024,261.0498842592593,43.11795,-79.06049,2024-09-17T01:11:50.000000Z
2024,261.0498958333334,43.11795,-79.06049,2024-09-17T01:11:51.000000Z
2024,261.04990740740743,43.11795,-79.06049,2024-09-17T01:11:52.000000Z
2024,261.0499189814815,43.11795,-79.0605,2024-09-17T01:11:53.000000Z
2024,261.0499305555556,43.11795,-79.0605,2024-09-17T01:11:54.000000Z
2024,261.04994212962964,43.11795,-79.0605,2024-09-17T01:11:55.000000Z
2024,261.04995370370375,43.11795,-79.0605,2024-09-17T01:11:56.000000Z
2024,261.0499652777778,43.11795,-79.0605,2024-09-17T01:11:57.000000Z
2024,261.04997685185185,43.11795,-79.0605,2024-09-17T01:11:58.000000Z
2024,261.04998842592596,43.11796,-79.0605,2024-09-17T01:11:59.000000Z
2024,261.05,43.11796,-79.0605,2024-09-17T01:12:00.000000Z
2024,261.05001157407406,43.11796,-79.0605,2024-09-17T01:12:01.000000Z
2024,261.05002314814817,43.11796,-79.0605,2024-09-17T01:12:02.000000Z
2024,261.0500347222222,43.11796,-79.0605,2024-09-17T01:12:03.000000Z
2024,261.05004629629633,43.11796,-79.0605,2024-09-17T01:12:04.000000Z
2024,261.0602546296297,43.118,-79.06037,2024-09-17T01:26:46.000000Z
2024,261.06026620370375,43.118,-79.06037,2024-09-17T01:26:47.000000Z
2024,261.0602777777778,43.118,-79.06037,2024-09-17T01:26:48.000000Z
2024,261.0602893518519,43.118,-79.06038,2024-09-17T01:26:49.000000Z
2024,261.06030092592596,43.118,-79.06038,2024-09-17T01:26:50.000000Z
2024,261.06031250000007,43.118,-79.06038,2024-09-17T01:26:51.000000Z
2024,261.0603240740741,43.11799,-79.06038,2024-09-17T01:26:52.000000Z
2024,261.06033564814817,43.118,-79.06039,2024-09-17T01:26:53.000000Z
2024,261.0603472222223,43.11799,-79.06039,2024-09-17T01:26:54.000000Z
2024,261.0603587962963,43.11799,-79.06039,2024-09-17T01:26:55.000000Z
2024,261.06037037037044,43.11798,-79.06039,2024-09-17T01:26:56.000000Z
2024,261.0603819444445,43.11798,-79.06039,2024-09-17T01:26:57.000000Z
2024,261.06039351851854,43.11798,-79.06039,2024-09-17T01:26:58.000000Z
2024,261.06040509259265,43.11798,-79.06039,2024-09-17T01:26:59.000000Z
2024,261.0604166666667,43.11798,-79.06039,2024-09-17T01:27:00.000000Z
2024,261.06042824074075,43.11798,-79.06039,2024-09-17T01:27:01.000000Z
2024,261.06043981481486,43.11798,-79.06039,2024-09-17T01:27:02.000000Z
2024,261.0604513888889,43.11797,-79.06039,2024-09-17T01:27:03.000000Z
2024,261.060462962963,43.11797,-79.06039,2024-09-17T01:27:04.000000Z
2024,261.0706712962963,43.11788,-79.0604,2024-09-17T01:41:46.000000Z
2024,261.0706828703704,43.11788,-79.0604,2024-09-17T01:41:47.000000Z
2024,261.0706944444444,43.11788,-79.0604,2024-09-17T01:41:48.000000Z
2024,261.07070601851854,43.11788,-79.0604,2024-09-17T01:41:49.000000Z
2024,261.0707175925926,43.11788,-79.06042,2024-09-17T01:41:50.000000Z
2024,261.0707291666667,43.11788,-79.06042,2024-09-17T01:41:51.000000Z
2024,261.07074074074075,43.11788,-79.06043,2024-09-17T01:41:52.000000Z
2024,261.0707523148148,43.11788,-79.06043,2024-09-17T01:41:53.000000Z
2024,261.0707638888889,43.11788,-79.06043,2024-09-17T01:41:54.000000Z
2024,261.07077546296296,43.11788,-79.06043,2024-09-17T01:41:55.000000Z
2024,261.07078703703706,43.11788,-79.06043,2024-09-17T01:41:56.000000Z
2024,261.0707986111111,43.11788,-79.06044,2024-09-17T01:41:57.000000Z
2024,261.07081018518517,43.11788,-79.06044,2024-09-17T01:41:58.000000Z
2024,261.0708217592593,43.11788,-79.06044,2024-09-17T01:41:59.000000Z
2024,261.0708333333333,43.11788,-79.06044,2024-09-17T01:42:00.000000Z
2024,261.0708449074074,43.11788,-79.06044,2024-09-17T01:42:01.000000Z
2024,261.0708564814815,43.11788,-79.06044,2024-09-17T01:42:02.000000Z
2024,261.07086805555554,43.11788,-79.06044,2024-09-17T01:42:03.000000Z
2024,261.07087962962964,43.11788,-79.06044,2024-09-17T01:42:04.000000Z
2024,261.0810763888889,43.11803,-79.06053,2024-09-17T01:56:45.000000Z
2024,261.081087962963,43.11803,-79.06054,2024-09-17T01:56:46.000000Z
2024,261.08109953703706,43.11803,-79.06055,2024-09-17T01:56:47.000000Z
2024,261.0811111111111,43.11803,-79.06055,2024-09-17T01:56:48.000000Z
2024,261.0811226851852,43.11803,-79.06055,2024-09-17T01:56:49.000000Z
2024,261.0811342592593,43.11803,-79.06056,2024-09-17T01:56:50.000000Z
2024,261.0811458333334,43.11803,-79.06056,2024-09-17T01:56:51.000000Z
2024,261.08115740740743,43.11803,-79.06056,2024-09-17T01:56:52.000000Z
2024,261.0811689814815,43.11803,-79.06056,2024-09-17T01:56:53.000000Z
2024,261.0811805555556,43.11803,-79.06056,2024-09-17T01:56:54.000000Z
2024,261.08119212962964,43.11803,-79.06056,2024-09-17T01:56:55.000000Z
2024,261.08120370370375,43.11803,-79.06056,2024-09-17T01:56:56.000000Z
2024,261.0812152777778,43.11803,-79.06056,2024-09-17T01:56:57.000000Z
2024,261.08122685185185,43.11802,-79.06056,2024-09-17T01:56:58.000000Z
2024,261.08123842592596,43.11802,-79.06055,2024-09-17T01:56:59.000000Z
2024,261.08125,43.11802,-79.06055,2024-09-17T01:57:00.000000Z
2024,261.08126157407406,43.11802,-79.06055,2024-09-17T01:57:01.000000Z
2024,261.08127314814817,43.11802,-79.06054,2024-09-17T01:57:02.000000Z
2024,261.0812847222222,43.11802,-79.06054,2024-09-17T01:57:03.000000Z
2024,261.08129629629633,43.11802,-79.06054,2024-09-17T01:57:04.000000Z
2024,261.09149305555553,43.118,-79.06052,2024-09-17T02:11:45.000000Z
2024,261.09150462962964,43.118,-79.06052,2024-09-17T02:11:46.000000Z
2024,261.0915162037037,43.11801,-79.06051,2024-09-17T02:11:47.000000Z
2024,261.09152777777774,43.11801,-79.06051,2024-09-17T02:11:48.000000Z
2024,261.09153935185185,43.11801,-79.06051,2024-09-17T02:11:49.000000Z
2024,261.0915509259259,43.11801,-79.06051,2024-09-17T02:11:50.000000Z
2024,261.0915625,43.11801,-79.0605,2024-09-17T02:11:51.000000Z
2024,261.09157407407406,43.11801,-79.0605,2024-09-17T02:11:52.000000Z
2024,261.0915856481481,43.11802,-79.0605,2024-09-17T02:11:53.000000Z
2024,261.0915972222222,43.11802,-79.0605,2024-09-17T02:11:54.000000Z
2024,261.09160879629627,43.11802,-79.0605,2024-09-17T02:11:55.000000Z
2024,261.0916203703704,43.11802,-79.0605,2024-09-17T02:11:56.000000Z
2024,261.09163194444443,43.11802,-79.0605,2024-09-17T02:11:57.000000Z
2024,261.0916435185185,43.11802,-79.06049,2024-09-17T02:11:58.000000Z
2024,261.0916550925926,43.11802,-79.06049,2024-09-17T02:11:59.000000Z
2024,261.09166666666664,43.11803,-79.06049,2024-09-17T02:12:00.000000Z
2024,261.0916782407407,43.11802,-79.06048,2024-09-17T02:12:01.000000Z
2024,261.0916898148148,43.11802,-79.06048,2024-09-17T02:12:02.000000Z
2024,261.09170138888885,43.11802,-79.06048,2024-09-17T02:12:03.000000Z
2024,261.09171296296296,43.11802,-79.06048,2024-09-17T02:12:04.000000Z
2024,261.1019097222222,43.11803,-79.06047,2024-09-17T02:26:45.000000Z
2024,261.1019212962963,43.11803,-79.06047,2024-09-17T02:26:46.000000Z
2024,261.1019328703704,43.11803,-79.06046,2024-09-17T02:26:47.000000Z
2024,261.1019444444444,43.11803,-79.06046,2024-09-17T02:26:48.000000Z
2024,261.10195601851854,43.11803,-79.06045,2024-09-17T02:26:49.000000Z
2024,261.1019675925926,43.11803,-79.06045,2024-09-17T02:26:50.000000Z
2024,261.1019791666667,43.11803,-79.06045,2024-09-17T02:26:51.000000Z
2024,261.10199074074075,43.11803,-79.06046,2024-09-17T02:26:52.000000Z
2024,261.1020023148148,43.11803,-79.06046,2024-09-17T02:26:53.000000Z
2024,261.1020138888889,43.11803,-79.06046,2024-09-17T02:26:54.000000Z
2024,261.10202546296296,43.11803,-79.06046,2024-09-17T02:26:55.000000Z
2024,261.10203703703706,43.11803,-79.06046,2024-09-17T02:26:56.000000Z
2024,261.1020486111111,43.11803,-79.06047,2024-09-17T02:26:57.000000Z
2024,261.10206018518517,43.11803,-79.06047,2024-09-17T02:26:58.000000Z
2024,261.1020717592593,43.11803,-79.06047,2024-09-17T02:26:59.000000Z
2024,261.1020833333333,43.11803,-79.06047,2024-09-17T02:27:00.000000Z
2024,261.1020949074074,43.11803,-79.06047,2024-09-17T02:27:01.000000Z
2024,261.1021064814815,43.11803,-79.06047,2024-09-17T02:27:02.000000Z
2024,261.10211805555554,43.11803,-79.06048,2024-09-17T02:27:03.000000Z
2024,261.10212962962964,43.11803,-79.06048,2024-09-17T02:27:04.000000Z
2024,261.11232638888885,43.11805,-79.0605,2024-09-17T02:41:45.000000Z
2024,261.11233796296295,43.11806,-79.06052,2024-09-17T02:41:46.000000Z
2024,261.112349537037,43.11807,-79.0605,2024-09-17T02:41:47.000000Z
2024,261.11236111111106,43.11808,-79.0605,2024-09-17T02:41:48.000000Z
2024,261.11237268518516,43.11807,-79.06051,2024-09-17T02:41:49.000000Z
2024,261.1123842592592,43.11806,-79.06051,2024-09-17T02:41:50.000000Z
2024,261.1123958333333,43.11806,-79.06051,2024-09-17T02:41:51.000000Z
2024,261.1124074074074,43.11805,-79.06052,2024-09-17T02:41:52.000000Z
2024,261.1124189814814,43.11805,-79.06052,2024-09-17T02:41:53.000000Z
2024,261.11243055555553,43.11805,-79.06052,2024-09-17T02:41:54.000000Z
2024,261.1124421296296,43.11805,-79.06052,2024-09-17T02:41:55.000000Z
2024,261.1124537037037,43.11805,-79.06052,2024-09-17T02:41:56.000000Z
2024,261.11246527777774,43.11805,-79.06052,2024-09-17T02:41:57.000000Z
2024,261.1124768518518,43.11805,-79.06052,2024-09-17T02:41:58.000000Z
2024,261.1124884259259,43.11804,-79.06052,2024-09-17T02:41:59.000000Z
2024,261.11249999999995,43.11804,-79.06052,2024-09-17T02:42:00.000000Z
2024,261.112511574074,43.11804,-79.06052,2024-09-17T02:42:01.000000Z
2024,261.1125231481481,43.11804,-79.06052,2024-09-17T02:42:02.000000Z
2024,261.11253472222216,43.11804,-79.06052,2024-09-17T02:42:03.000000Z
2024,261.1125462962963,43.11804,-79.06052,2024-09-17T02:42:04.000000Z
2024,261.1227662037037,43.1179,-79.06051,2024-09-17T02:56:47.000000Z
2024,261.12277777777774,43.11789,-79.06051,2024-09-17T02:56:48.000000Z
2024,261.12278935185185,43.1179,-79.06051,2024-09-17T02:56:49.000000Z
2024,261.1228009259259,43.1179,-79.06052,2024-09-17T02:56:50.000000Z
2024,261.1228125,43.1179,-79.06052,2024-09-17T02:56:51.000000Z
2024,261.12282407407406,43.1179,-79.06052,2024-09-17T02:56:52.000000Z
2024,261.1228356481481,43.1179,-79.06052,2024-09-17T02:56:53.000000Z
2024,261.1228472222222,43.11789,-79.06052,2024-09-17T02:56:54.000000Z
2024,261.12285879629627,43.11789,-79.06052,2024-09-17T02:56:55.000000Z
2024,261.1228703703704,43.11793,-79.06052,2024-09-17T02:56:56.000000Z
2024,261.12288194444443,43.11798,-79.06052,2024-09-17T02:56:57.000000Z
2024,261.1228935185185,43.11801,-79.06053,2024-09-17T02:56:58.000000Z
2024,261.1229050925926,43.11801,-79.06053,2024-09-17T02:56:59.000000Z
2024,261.12291666666664,43.11801,-79.06053,2024-09-17T02:57:00.000000Z
2024,261.1229282407407,43.11801,-79.06053,2024-09-17T02:57:01.000000Z
2024,261.1229398148148,43.11801,-79.06053,2024-09-17T02:57:02.000000Z
2024,261.12295138888885,43.118,-79.06053,2024-09-17T02:57:03.000000Z
2024,261.12296296296296,43.118,-79.06053,2024-09-17T02:57:04.000000Z
2024,261.122974537037,43.118,-79.06053,2024-09-17T02:57:05.000000Z
2024,261.1331597222222,43.11799,-79.0605,2024-09-17T03:11:45.000000Z
2024,261.1331712962963,43.118,-79.0605,2024-09-17T03:11:46.000000Z
2024,261.1331828703704,43.11801,-79.0605,2024-09-17T03:11:47.000000Z
2024,261.1331944444444,43.11801,-79.0605,2024-09-17T03:11:48.000000Z
2024,261.13320601851854,43.11801,-79.06049,2024-09-17T03:11:49.000000Z
2024,261.1332175925926,43.11801,-79.06049,2024-09-17T03:11:50.000000Z
2024,261.1332291666667,43.11801,-79.06048,2024-09-17T03:11:51.000000Z
2024,261.13324074074075,43.11802,-79.06048,2024-09-17T03:11:52.000000Z
2024,261.1332523148148,43.11801,-79.06048,2024-09-17T03:11:53.000000Z
2024,261.1332638888889,43.11802,-79.06048,2024-09-17T03:11:54.000000Z
2024,261.13327546296296,43.11801,-79.06048,2024-09-17T03:11:55.000000Z
2024,261.13328703703706,43.11801,-79.06048,2024-09-17T03:11:56.000000Z
2024,261.1332986111111,43.11801,-79.06048,2024-09-17T03:11:57.000000Z
2024,261.13331018518517,43.11801,-79.06048,2024-09-17T03:11:58.000000Z
2024,261.1333217592593,43.11801,-79.06048,2024-09-17T03:11:59.000000Z
2024,261.1333333333333,43.11801,-79.06048,2024-09-17T03:12:00.000000Z
2024,261.1333449074074,43.11801,-79.06048,2024-09-17T03:12:01.000000Z
2024,261.1333564814815,43.118,-79.06048,2024-09-17T03:12:02.000000Z
2024,261.13336805555554,43.11799,-79.06048,2024-09-17T03:12:03.000000Z
2024,261.13337962962964,43.11798,-79.06048,2024-09-17T03:12:04.000000Z
2024,261.1435763888889,43.11793,-79.0605,2024-09-17T03:26:45.000000Z
2024,261.143587962963,43.11794,-79.0605,2024-09-17T03:26:46.000000Z
2024,261.14359953703706,43.11795,-79.0605,2024-09-17T03:26:47.000000Z
2024,261.1436111111111,43.11796,-79.06051,2024-09-17T03:26:48.000000Z
2024,261.1436226851852,43.11796,-79.06051,2024-09-17T03:26:49.000000Z
2024,261.1436342592593,43.11796,-79.06051,2024-09-17T03:26:50.000000Z
2024,261.1436458333334,43.11796,-79.06052,2024-09-17T03:26:51.000000Z
2024,261.14365740740743,43.11797,-79.06051,2024-09-17T03:26:52.000000Z
2024,261.1436689814815,43.11797,-79.06051,2024-09-17T03:26:53.000000Z
2024,261.1436805555556,43.11797,-79.06052,2024-09-17T03:26:54.000000Z
2024,261.14369212962964,43.11797,-79.06052,2024-09-17T03:26:55.000000Z
2024,261.14370370370375,43.11797,-79.06052,2024-09-17T03:26:56.000000Z
2024,261.1437152777778,43.11797,-79.06052,2024-09-17T03:26:57.000000Z
2024,261.14372685185185,43.11797,-79.06052,2024-09-17T03:26:58.000000Z
2024,261.14373842592596,43.11798,-79.06052,2024-09-17T03:26:59.000000Z
2024,261.14375,43.11798,-79.06053,2024-09-17T03:27:00.000000Z
2024,261.14376157407406,43.11798,-79.06053,2024-09-17T03:27:01.000000Z
2024,261.14377314814817,43.11798,-79.06053,2024-09-17T03:27:02.000000Z
2024,261.1437847222222,43.11798,-79.06053,2024-09-17T03:27:03.000000Z
2024,261.14379629629633,43.11798,-79.06053,2024-09-17T03:27:04.000000Z
2024,261.15399305555553,43.11786,-79.06046,2024-09-17T03:41:45.000000Z
2024,261.15400462962964,43.11787,-79.06047,2024-09-17T03:41:46.000000Z
2024,261.1540162037037,43.11787,-79.06047,2024-09-17T03:41:47.000000Z
2024,261.15402777777774,43.11787,-79.06047,2024-09-17T03:41:48.000000Z
2024,261.15403935185185,43.11787,-79.06047,2024-09-17T03:41:49.000000Z
2024,261.1540509259259,43.11788,-79.06047,2024-09-17T03:41:50.000000Z
2024,261.1540625,43.11788,-79.06047,2024-09-17T03:41:51.000000Z
2024,261.15407407407406,43.11788,-79.06048,2024-09-17T03:41:52.000000Z
2024,261.1540856481481,43.11788,-79.06048,2024-09-17T03:41:53.000000Z
2024,261.1540972222222,43.11788,-79.06048,2024-09-17T03:41:54.000000Z
2024,261.15410879629627,43.11788,-79.06049,2024-09-17T03:41:55.000000Z
2024,261.1541203703704,43.11789,-79.06049,2024-09-17T03:41:56.000000Z
2024,261.15413194444443,43.11789,-79.06049,2024-09-17T03:41:57.000000Z
2024,261.1541435185185,43.11789,-79.06049,2024-09-17T03:41:58.000000Z
2024,261.1541550925926,43.11789,-79.06049,2024-09-17T03:41:59.000000Z
2024,261.15416666666664,43.11789,-79.06049,2024-09-17T03:42:00.000000Z
2024,261.1541782407407,43.11789,-79.06049,2024-09-17T03:42:01.000000Z
2024,261.1541898148148,43.11789,-79.06049,2024-09-17T03:42:02.000000Z
2024,261.15420138888885,43.11789,-79.06049,2024-09-17T03:42:03.000000Z
2024,261.15421296296296,43.11789,-79.06049,2024-09-17T03:42:04.000000Z
2024,261.1644097222222,43.11768,-79.06055,2024-09-17T03:56:45.000000Z
2024,261.1644212962963,43.11769,-79.06055,2024-09-17T03:56:46.000000Z
2024,261.1644328703704,43.1177,-79.06055,2024-09-17T03:56:47.000000Z
2024,261.1644444444444,43.11771,-79.06054,2024-09-17T03:56:48.000000Z
2024,261.16445601851854,43.11772,-79.06055,2024-09-17T03:56:49.000000Z
2024,261.1644675925926,43.11773,-79.06055,2024-09-17T03:56:50.000000Z
2024,261.1644791666667,43.11773,-79.06055,2024-09-17T03:56:51.000000Z
2024,261.16449074074075,43.11774,-79.06055,2024-09-17T03:56:52.000000Z
2024,261.1645023148148,43.11774,-79.06055,2024-09-17T03:56:53.000000Z
2024,261.1645138888889,43.11774,-79.06055,2024-09-17T03:56:54.000000Z
2024,261.16453703703706,43.11775,-79.06054,2024-09-17T03:56:56.000000Z
2024,261.1645486111111,43.11776,-79.06054,2024-09-17T03:56:57.000000Z
2024,261.16456018518517,43.11777,-79.06053,2024-09-17T03:56:58.000000Z
2024,261.1645717592593,43.11777,-79.06053,2024-09-17T03:56:59.000000Z
2024,261.1645833333333,43.11778,-79.06053,2024-09-17T03:57:00.000000Z
2024,261.1645949074074,43.11778,-79.06052,2024-09-17T03:57:01.000000Z
2024,261.1646064814815,43.11782,-79.0605,2024-09-17T03:57:02.000000Z
2024,261.16461805555554,43.11783,-79.0605,2024-09-17T03:57:03.000000Z
2024,261.16462962962964,43.11784,-79.06049,2024-09-17T03:57:04.000000Z
2024,261.1748263888889,43.11783,-79.06047,2024-09-17T04:11:45.000000Z
2024,261.174837962963,43.11783,-79.06048,2024-09-17T04:11:46.000000Z
2024,261.17484953703706,43.11783,-79.06048,2024-09-17T04:11:47.000000Z
2024,261.1748611111111,43.11783,-79.06049,2024-09-17T04:11:48.000000Z
2024,261.1748726851852,43.11783,-79.06049,2024-09-17T04:11:49.000000Z
2024,261.1748842592593,43.11783,-79.06049,2024-09-17T04:11:50.000000Z
2024,261.1748958333334,43.11783,-79.0605,2024-09-17T04:11:51.000000Z
2024,261.17490740740743,43.11783,-79.0605,2024-09-17T04:11:52.000000Z
2024,261.1749189814815,43.11783,-79.0605,2024-09-17T04:11:53.000000Z
2024,261.1749305555556,43.11783,-79.0605,2024-09-17T04:11:54.000000Z
2024,261.17494212962964,43.11784,-79.0605,2024-09-17T04:11:55.000000Z
2024,261.17495370370375,43.11784,-79.0605,2024-09-17T04:11:56.000000Z
2024,261.1749652777778,43.11784,-79.0605,2024-09-17T04:11:57.000000Z
2024,261.17497685185185,43.11784,-79.06051,2024-09-17T04:11:58.000000Z
2024,261.17498842592596,43.11784,-79.06051,2024-09-17T04:11:59.000000Z
2024,261.175,43.11784,-79.06051,2024-09-17T04:12:00.000000Z
2024,261.17501157407406,43.11784,-79.06051,2024-09-17T04:12:01.000000Z
2024,261.17502314814817,43.11785,-79.0605,2024-09-17T04:12:02.000000Z
2024,261.1750347222222,43.11786,-79.0605,2024-09-17T04:12:03.000000Z
2024,261.17504629629633,43.11787,-79.0605,2024-09-17T04:12:04.000000Z
2024,261.1852430555556,43.11796,-79.06043,2024-09-17T04:26:45.000000Z
2024,261.1852546296297,43.11796,-79.06043,2024-09-17T04:26:46.000000Z
2024,261.18526620370375,43.11796,-79.06043,2024-09-17T04:26:47.000000Z
2024,261.1852777777778,43.11796,-79.06043,2024-09-17T04:26:48.000000Z
2024,261.1852893518519,43.11796,-79.06043,2024-09-17T04:26:49.000000Z
2024,261.18530092592596,43.11796,-79.06043,2024-09-17T04:26:50.000000Z
2024,261.18531250000007,43.11796,-79.06043,2024-09-17T04:26:51.000000Z
2024,261.1853240740741,43.11795,-79.06043,2024-09-17T04:26:52.000000Z
2024,261.18533564814817,43.11795,-79.06043,2024-09-17T04:26:53.000000Z
2024,261.1853472222223,43.11795,-79.06043,2024-09-17T04:26:54.000000Z
2024,261.1853587962963,43.11795,-79.06043,2024-09-17T04:26:55.000000Z
2024,261.18537037037044,43.11795,-79.06043,2024-09-17T04:26:56.000000Z
2024,261.1853819444445,43.11795,-79.06043,2024-09-17T04:26:57.000000Z
2024,261.18539351851854,43.11795,-79.06043,2024-09-17T04:26:58.000000Z
2024,261.18540509259265,43.11795,-79.06043,2024-09-17T04:26:59.000000Z
2024,261.1854166666667,43.11795,-79.06043,2024-09-17T04:27:00.000000Z
2024,261.18542824074075,43.11795,-79.06043,2024-09-17T04:27:01.000000Z
2024,261.18543981481486,43.11795,-79.06044,2024-09-17T04:27:02.000000Z
2024,261.1854513888889,43.11795,-79.06044,2024-09-17T04:27:03.000000Z
2024,261.185462962963,43.11795,-79.06044,2024-09-17T04:27:04.000000Z
2024,261.1956597222222,43.11795,-79.0604,2024-09-17T04:41:45.000000Z
2024,261.1956712962963,43.11796,-79.0604,2024-09-17T04:41:46.000000Z
2024,261.1956828703704,43.11796,-79.0604,2024-09-17T04:41:47.000000Z
2024,261.1956944444444,43.11796,-79.0604,2024-09-17T04:41:48.000000Z
2024,261.19570601851854,43.11796,-79.0604,2024-09-17T04:41:49.000000Z
2024,261.1957175925926,43.11796,-79.0604,2024-09-17T04:41:50.000000Z
2024,261.1957291666667,43.11796,-79.0604,2024-09-17T04:41:51.000000Z
2024,261.19574074074075,43.11795,-79.0604,2024-09-17T04:41:52.000000Z
2024,261.1957523148148,43.11795,-79.0604,2024-09-17T04:41:53.000000Z
2024,261.1957638888889,43.11795,-79.06039,2024-09-17T04:41:54.000000Z
2024,261.19577546296296,43.11795,-79.06039,2024-09-17T04:41:55.000000Z
2024,261.19578703703706,43.11795,-79.06039,2024-09-17T04:41:56.000000Z
2024,261.1957986111111,43.11795,-79.06039,2024-09-17T04:41:57.000000Z
2024,261.19581018518517,43.11795,-79.06039,2024-09-17T04:41:58.000000Z
2024,261.1958217592593,43.11795,-79.06039,2024-09-17T04:41:59.000000Z
2024,261.1958333333333,43.11795,-79.06039,2024-09-17T04:42:00.000000Z
2024,261.1958449074074,43.11795,-79.06039,2024-09-17T04:42:01.000000Z
2024,261.1958564814815,43.11795,-79.06039,2024-09-17T04:42:02.000000Z
2024,261.19586805555554,43.11795,-79.06039,2024-09-17T04:42:03.000000Z
2024,261.19587962962964,43.11795,-79.06039,2024-09-17T04:42:04.000000Z
2024,261.2060763888889,43.11787,-79.06039,2024-09-17T04:56:45.000000Z
2024,261.206087962963,43.11787,-79.06039,2024-09-17T04:56:46.000000Z
2024,261.20609953703706,43.11787,-79.06039,2024-09-17T04:56:47.000000Z
2024,261.2061111111111,43.11787,-79.0604,2024-09-17T04:56:48.000000Z
2024,261.2061226851852,43.11787,-79.0604,2024-09-17T04:56:49.000000Z
2024,261.2061342592593,43.11788,-79.0604,2024-09-17T04:56:50.000000Z
2024,261.2061458333334,43.11788,-79.0604,2024-09-17T04:56:51.000000Z
2024,261.20615740740743,43.11788,-79.0604,2024-09-17T04:56:52.000000Z
2024,261.2061689814815,43.11789,-79.06041,2024-09-17T04:56:53.000000Z
2024,261.2061805555556,43.11789,-79.06041,2024-09-17T04:56:54.000000Z
2024,261.20619212962964,43.11789,-79.06041,2024-09-17T04:56:55.000000Z
2024,261.20620370370375,43.11789,-79.06041,2024-09-17T04:56:56.000000Z
2024,261.2062152777778,43.1179,-79.06041,2024-09-17T04:56:57.000000Z
2024,261.20622685185185,43.1179,-79.06042,2024-09-17T04:56:58.000000Z
2024,261.20623842592596,43.1179,-79.06042,2024-09-17T04:56:59.000000Z
2024,261.20625,43.1179,-79.06042,2024-09-17T04:57:00.000000Z
2024,261.20626157407406,43.1179,-79.06042,2024-09-17T04:57:01.000000Z
2024,261.20627314814817,43.1179,-79.06043,2024-09-17T04:57:02.000000Z
2024,261.2062847222222,43.11791,-79.06043,2024-09-17T04:57:03.000000Z
2024,261.20629629629633,43.11791,-79.06043,2024-09-17T04:57:04.000000Z
2024,261.21649305555553,43.11803,-79.06048,2024-09-17T05:11:45.000000Z
2024,261.21650462962964,43.11803,-79.06048,2024-09-17T05:11:46.000000Z
2024,261.2165162037037,43.11803,-79.06048,2024-09-17T05:11:47.000000Z
2024,261.21652777777774,43.11803,-79.06048,2024-09-17T05:11:48.000000Z
2024,261.21653935185185,43.11803,-79.06048,2024-09-17T05:11:49.000000Z
2024,261.2165509259259,43.11803,-79.06048,2024-09-17T05:11:50.000000Z
2024,261.2165625,43.11803,-79.06048,2024-09-17T05:11:51.000000Z
2024,261.21657407407406,43.11803,-79.06049,2024-09-17T05:11:52.000000Z
2024,261.2165856481481,43.11803,-79.06049,2024-09-17T05:11:53.000000Z
2024,261.2165972222222,43.11803,-79.06049,2024-09-17T05:11:54.000000Z
2024,261.21660879629627,43.11803,-79.06049,2024-09-17T05:11:55.000000Z
2024,261.2166203703704,43.11802,-79.06049,2024-09-17T05:11:56.000000Z
2024,261.21663194444443,43.11802,-79.06048,2024-09-17T05:11:57.000000Z
2024,261.2166435185185,43.11802,-79.06048,2024-09-17T05:11:58.000000Z
2024,261.2166550925926,43.11801,-79.06048,2024-09-17T05:11:59.000000Z
2024,261.21666666666664,43.11801,-79.06048,2024-09-17T05:12:00.000000Z
2024,261.2166782407407,43.11801,-79.06048,2024-09-17T05:12:01.000000Z
2024,261.2166898148148,43.11801,-79.06048,2024-09-17T05:12:02.000000Z
2024,261.21670138888885,43.118,-79.06047,2024-09-17T05:12:03.000000Z
2024,261.21671296296296,43.118,-79.06047,2024-09-17T05:12:04.000000Z
2024,261.2269097222222,43.11796,-79.06047,2024-09-17T05:26:45.000000Z
2024,261.2269212962963,43.11796,-79.06047,2024-09-17T05:26:46.000000Z
2024,261.2269328703704,43.11796,-79.06047,2024-09-17T05:26:47.000000Z
2024,261.2269444444444,43.11796,-79.06047,2024-09-17T05:26:48.000000Z
2024,261.22695601851854,43.11796,-79.06046,2024-09-17T05:26:49.000000Z
2024,261.2269675925926,43.11796,-79.06046,2024-09-17T05:26:50.000000Z
2024,261.2269791666667,43.11795,-79.06046,2024-09-17T05:26:51.000000Z
2024,261.22699074074075,43.11795,-79.06046,2024-09-17T05:26:52.000000Z
2024,261.2270023148148,43.11795,-79.06046,2024-09-17T05:26:53.000000Z
2024,261.2270138888889,43.11795,-79.06046,2024-09-17T05:26:54.000000Z
2024,261.22702546296296,43.11795,-79.06046,2024-09-17T05:26:55.000000Z
2024,261.22703703703706,43.11795,-79.06046,2024-09-17T05:26:56.000000Z
2024,261.2270486111111,43.11795,-79.06046,2024-09-17T05:26:57.000000Z
2024,261.22706018518517,43.11795,-79.06046,2024-09-17T05:26:58.000000Z
2024,261.2270717592593,43.11795,-79.06045,2024-09-17T05:26:59.000000Z
2024,261.2270833333333,43.11794,-79.06045,2024-09-17T05:27:00.000000Z
2024,261.2270949074074,43.11794,-79.06045,2024-09-17T05:27:01.000000Z
2024,261.2271064814815,43.11794,-79.06045,2024-09-17T05:27:02.000000Z
2024,261.22711805555554,43.11794,-79.06045,2024-09-17T05:27:03.000000Z
2024,261.22712962962964,43.11794,-79.06045,2024-09-17T05:27:04.000000Z
2024,261.23732638888885,43.11793,-79.06045,2024-09-17T05:41:45.000000Z
2024,261.23733796296295,43.11793,-79.06045,2024-09-17T05:41:46.000000Z
2024,261.237349537037,43.11793,-79.06045,2024-09-17T05:41:47.000000Z
2024,261.23736111111106,43.11793,-79.06046,2024-09-17T05:41:48.000000Z
2024,261.23737268518516,43.11793,-79.06046,2024-09-17T05:41:49.000000Z
2024,261.2373842592592,43.11793,-79.06045,2024-09-17T05:41:50.000000Z
2024,261.2373958333333,43.11793,-79.06045,2024-09-17T05:41:51.000000Z
2024,261.2374074074074,43.11793,-79.06046,2024-09-17T05:41:52.000000Z
2024,261.2374189814814,43.11793,-79.06046,2024-09-17T05:41:53.000000Z
2024,261.23743055555553,43.11793,-79.06046,2024-09-17T05:41:54.000000Z
2024,261.2374421296296,43.11793,-79.06046,2024-09-17T05:41:55.000000Z
2024,261.2374537037037,43.11793,-79.06046,2024-09-17T05:41:56.000000Z
2024,261.23746527777774,43.11793,-79.06046,2024-09-17T05:41:57.000000Z
2024,261.2374768518518,43.11793,-79.06046,2024-09-17T05:41:58.000000Z
2024,261.2374884259259,43.11794,-79.06046,2024-09-17T05:41:59.000000Z
2024,261.23749999999995,43.11794,-79.06047,2024-09-17T05:42:00.000000Z
2024,261.237511574074,43.11794,-79.06047,2024-09-17T05:42:01.000000Z
2024,261.2375231481481,43.11794,-79.06047,2024-09-17T05:42:02.000000Z
2024,261.23753472222216,43.11794,-79.06047,2024-09-17T05:42:03.000000Z
2024,261.2375462962963,43.11795,-79.06047,2024-09-17T05:42:04.000000Z
2024,261.24775462962964,43.11798,-79.06041,2024-09-17T05:56:46.000000Z
2024,261.2477662037037,43.11798,-79.0604,2024-09-17T05:56:47.000000Z
2024,261.24777777777774,43.11798,-79.0604,2024-09-17T05:56:48.000000Z
2024,261.24778935185185,43.118,-79.06043,2024-09-17T05:56:49.000000Z
2024,261.2478009259259,43.11801,-79.06044,2024-09-17T05:56:50.000000Z
2024,261.2478125,43.118,-79.06044,2024-09-17T05:56:51.000000Z
2024,261.24782407407406,43.118,-79.06044,2024-09-17T05:56:52.000000Z
2024,261.2478356481481,43.118,-79.06045,2024-09-17T05:56:53.000000Z
2024,261.2478472222222,43.118,-79.06046,2024-09-17T05:56:54.000000Z
2024,261.24785879629627,43.118,-79.06046,2024-09-17T05:56:55.000000Z
2024,261.2478703703704,43.118,-79.06046,2024-09-17T05:56:56.000000Z
2024,261.24788194444443,43.118,-79.06047,2024-09-17T05:56:57.000000Z
2024,261.2478935185185,43.118,-79.06047,2024-09-17T05:56:58.000000Z
2024,261.2479050925926,43.118,-79.06047,2024-09-17T05:56:59.000000Z
2024,261.24791666666664,43.118,-79.06047,2024-09-17T05:57:00.000000Z
2024,261.2479282407407,43.118,-79.06047,2024-09-17T05:57:01.000000Z
2024,261.2479398148148,43.118,-79.06047,2024-09-17T05:57:02.000000Z
2024,261.24795138888885,43.118,-79.06046,2024-09-17T05:57:03.000000Z
2024,261.24796296296296,43.118,-79.06046,2024-09-17T05:57:04.000000Z
2024,261.2581828703704,43.11813,-79.0604,2024-09-17T06:11:47.000000Z
2024,261.2581944444444,43.11812,-79.0604,2024-09-17T06:11:48.000000Z
2024,261.25820601851854,43.11812,-79.06041,2024-09-17T06:11:49.000000Z
2024,261.2582175925926,43.11811,-79.06041,2024-09-17T06:11:50.000000Z
2024,261.2582291666667,43.11811,-79.06042,2024-09-17T06:11:51.000000Z
2024,261.25824074074075,43.11811,-79.06043,2024-09-17T06:11:52.000000Z
2024,261.2582523148148,43.1181,-79.06043,2024-09-17T06:11:53.000000Z
2024,261.2582638888889,43.1181,-79.06043,2024-09-17T06:11:54.000000Z
2024,261.25827546296296,43.1181,-79.06044,2024-09-17T06:11:55.000000Z
2024,261.25828703703706,43.11809,-79.06044,2024-09-17T06:11:56.000000Z
2024,261.2582986111111,43.11809,-79.06044,2024-09-17T06:11:57.000000Z
2024,261.25831018518517,43.11809,-79.06044,2024-09-17T06:11:58.000000Z
2024,261.2583217592593,43.11809,-79.06044,2024-09-17T06:11:59.000000Z
2024,261.2583333333333,43.11809,-79.06043,2024-09-17T06:12:00.000000Z
2024,261.2583449074074,43.11806,-79.06046,2024-09-17T06:12:01.000000Z
2024,261.2583564814815,43.11804,-79.06047,2024-09-17T06:12:02.000000Z
2024,261.25836805555554,43.11803,-79.06047,2024-09-17T06:12:03.000000Z
2024,261.25837962962964,43.11802,-79.06047,2024-09-17T06:12:04.000000Z
2024,261.2583912037037,43.11801,-79.06047,2024-09-17T06:12:05.000000Z
2024,261.268587962963,43.11792,-79.06045,2024-09-17T06:26:46.000000Z
2024,261.26859953703706,43.11793,-79.06045,2024-09-17T06:26:47.000000Z
2024,261.2686111111111,43.11793,-79.06045,2024-09-17T06:26:48.000000Z
2024,261.2686226851852,43.11792,-79.06046,2024-09-17T06:26:49.000000Z
2024,261.2686342592593,43.11792,-79.06046,2024-09-17T06:26:50.000000Z
2024,261.2686458333334,43.11792,-79.06046,2024-09-17T06:26:51.000000Z
2024,261.26865740740743,43.11792,-79.06046,2024-09-17T06:26:52.000000Z
2024,261.2686689814815,43.11792,-79.06047,2024-09-17T06:26:53.000000Z
2024,261.2686805555556,43.11793,-79.06047,2024-09-17T06:26:54.000000Z
2024,261.26869212962964,43.11793,-79.06047,2024-09-17T06:26:55.000000Z
2024,261.26870370370375,43.11795,-79.06047,2024-09-17T06:26:56.000000Z
2024,261.2687152777778,43.11795,-79.06047,2024-09-17T06:26:57.000000Z
2024,261.26872685185185,43.11796,-79.06047,2024-09-17T06:26:58.000000Z
2024,261.26873842592596,43.11798,-79.06046,2024-09-17T06:26:59.000000Z
2024,261.26875,43.11799,-79.06046,2024-09-17T06:27:00.000000Z
2024,261.26876157407406,43.11799,-79.06046,2024-09-17T06:27:01.000000Z
2024,261.26877314814817,43.11799,-79.06045,2024-09-17T06:27:02.000000Z
2024,261.2687847222222,43.118,-79.06045,2024-09-17T06:27:03.000000Z
2024,261.26879629629633,43.118,-79.06044,2024-09-17T06:27:04.000000Z
2024,261.2790162037037,43.118,-79.06041,2024-09-17T06:41:47.000000Z
2024,261.27902777777774,43.118,-79.06042,2024-09-17T06:41:48.000000Z
2024,261.27903935185185,43.118,-79.06042,2024-09-17T06:41:49.000000Z
2024,261.2790509259259,43.118,-79.06043,2024-09-17T06:41:50.000000Z
2024,261.2790625,43.118,-79.06043,2024-09-17T06:41:51.000000Z
2024,261.27907407407406,43.118,-79.06044,2024-09-17T06:41:52.000000Z
2024,261.2790856481481,43.118,-79.06044,2024-09-17T06:41:53.000000Z
2024,261.2790972222222,43.118,-79.06044,2024-09-17T06:41:54.000000Z
2024,261.27910879629627,43.118,-79.06044,2024-09-17T06:41:55.000000Z
2024,261.2791203703704,43.118,-79.06044,2024-09-17T06:41:56.000000Z
2024,261.27913194444443,43.118,-79.06044,2024-09-17T06:41:57.000000Z
2024,261.2791435185185,43.118,-79.06044,2024-09-17T06:41:58.000000Z
2024,261.2791550925926,43.118,-79.06044,2024-09-17T06:41:59.000000Z
2024,261.27916666666664,43.118,-79.06044,2024-09-17T06:42:00.000000Z
2024,261.2791782407407,43.118,-79.06044,2024-09-17T06:42:01.000000Z
2024,261.2791898148148,43.118,-79.06044,2024-09-17T06:42:02.000000Z
2024,261.27920138888885,43.118,-79.06045,2024-09-17T06:42:03.000000Z
2024,261.27921296296296,43.118,-79.06044,2024-09-17T06:42:04.000000Z
2024,261.279224537037,43.118,-79.06045,2024-09-17T06:42:05.000000Z
2024,261.2894328703704,43.11811,-79.06051,2024-09-17T06:56:47.000000Z
2024,261.2894444444444,43.1181,-79.0605,2024-09-17T06:56:48.000000Z
2024,261.28945601851854,43.11809,-79.0605,2024-09-17T06:56:49.000000Z
2024,261.2894675925926,43.11809,-79.06049,2024-09-17T06:56:50.000000Z
2024,261.2894791666667,43.11808,-79.06048,2024-09-17T06:56:51.000000Z
2024,261.28949074074075,43.11808,-79.06048,2024-09-17T06:56:52.000000Z
2024,261.2895023148148,43.11807,-79.06047,2024-09-17T06:56:53.000000Z
2024,261.2895138888889,43.11806,-79.06047,2024-09-17T06:56:54.000000Z
2024,261.28952546296296,43.11806,-79.06047,2024-09-17T06:56:55.000000Z
2024,261.28953703703706,43.11805,-79.06047,2024-09-17T06:56:56.000000Z
2024,261.2895486111111,43.11804,-79.06047,2024-09-17T06:56:57.000000Z
2024,261.28956018518517,43.11804,-79.06047,2024-09-17T06:56:58.000000Z
2024,261.2895717592593,43.11803,-79.06047,2024-09-17T06:56:59.000000Z
2024,261.2895833333333,43.11803,-79.06046,2024-09-17T06:57:00.000000Z
2024,261.2895949074074,43.11802,-79.06046,2024-09-17T06:57:01.000000Z
2024,261.2896064814815,43.11801,-79.06046,2024-09-17T06:57:02.000000Z
2024,261.28961805555554,43.11801,-79.06046,2024-09-17T06:57:03.000000Z
2024,261.28962962962964,43.11801,-79.06046,2024-09-17T06:57:04.000000Z
2024,261.2896412037037,43.11801,-79.06046,2024-09-17T06:57:05.000000Z
2024,261.29984953703706,43.11795,-79.0604,2024-09-17T07:11:47.000000Z
2024,261.2998611111111,43.11795,-79.0604,2024-09-17T07:11:48.000000Z
2024,261.2998726851852,43.11795,-79.0604,2024-09-17T07:11:49.000000Z
2024,261.2998842592593,43.11794,-79.06039,2024-09-17T07:11:50.000000Z
2024,261.2998958333334,43.11794,-79.06039,2024-09-17T07:11:51.000000Z
2024,261.29990740740743,43.11793,-79.06038,2024-09-17T07:11:52.000000Z
2024,261.2999189814815,43.11793,-79.06038,2024-09-17T07:11:53.000000Z
2024,261.2999305555556,43.11793,-79.06038,2024-09-17T07:11:54.000000Z
2024,261.29994212962964,43.11793,-79.06038,2024-09-17T07:11:55.000000Z
2024,261.29995370370375,43.11793,-79.06039,2024-09-17T07:11:56.000000Z
2024,261.2999652777778,43.11793,-79.06039,2024-09-17T07:11:57.000000Z
2024,261.29997685185185,43.11793,-79.06039,2024-09-17T07:11:58.000000Z
2024,261.29998842592596,43.11793,-79.06039,2024-09-17T07:11:59.000000Z
2024,261.3,43.11794,-79.0604,2024-09-17T07:12:00.000000Z
2024,261.30001157407406,43.11795,-79.0604,2024-09-17T07:12:01.000000Z
2024,261.30002314814817,43.11795,-79.0604,2024-09-17T07:12:02.000000Z
2024,261.3000347222222,43.11795,-79.06041,2024-09-17T07:12:03.000000Z
2024,261.30004629629633,43.11796,-79.06041,2024-09-17T07:12:04.000000Z
2024,261.3000578703704,43.11796,-79.06041,2024-09-17T07:12:05.000000Z
2024,261.31026620370375,43.11803,-79.06039,2024-09-17T07:26:47.000000Z
2024,261.3102777777778,43.11803,-79.06039,2024-09-17T07:26:48.000000Z
2024,261.3102893518519,43.11803,-79.06038,2024-09-17T07:26:49.000000Z
2024,261.31030092592596,43.11803,-79.06037,2024-09-17T07:26:50.000000Z
2024,261.31031250000007,43.11803,-79.06037,2024-09-17T07:26:51.000000Z
2024,261.3103240740741,43.11803,-79.06037,2024-09-17T07:26:52.000000Z
2024,261.31033564814817,43.11803,-79.06037,2024-09-17T07:26:53.000000Z
2024,261.3103472222223,43.11803,-79.06037,2024-09-17T07:26:54.000000Z
2024,261.3103587962963,43.11803,-79.06037,2024-09-17T07:26:55.000000Z
2024,261.31037037037044,43.11803,-79.06037,2024-09-17T07:26:56.000000Z
2024,261.3103819444445,43.11803,-79.06036,2024-09-17T07:26:57.000000Z
2024,261.31039351851854,43.11803,-79.06036,2024-09-17T07:26:58.000000Z
2024,261.31040509259265,43.11803,-79.06036,2024-09-17T07:26:59.000000Z
2024,261.3104166666667,43.11803,-79.06036,2024-09-17T07:27:00.000000Z
2024,261.31042824074075,43.11803,-79.06036,2024-09-17T07:27:01.000000Z
2024,261.31043981481486,43.11803,-79.06036,2024-09-17T07:27:02.000000Z
2024,261.3104513888889,43.11803,-79.06036,2024-09-17T07:27:03.000000Z
2024,261.310462962963,43.11803,-79.06036,2024-09-17T07:27:04.000000Z
2024,261.31047453703707,43.11803,-79.06036,2024-09-17T07:27:05.000000Z
2024,261.3206828703704,43.11797,-79.06039,2024-09-17T07:41:47.000000Z
2024,261.3206944444444,43.11797,-79.0604,2024-09-17T07:41:48.000000Z
2024,261.32070601851854,43.11797,-79.0604,2024-09-17T07:41:49.000000Z
2024,261.3207175925926,43.11797,-79.0604,2024-09-17T07:41:50.000000Z
2024,261.3207291666667,43.11797,-79.0604,2024-09-17T07:41:51.000000Z
2024,261.32074074074075,43.11797,-79.0604,2024-09-17T07:41:52.000000Z
2024,261.3207523148148,43.11797,-79.0604,2024-09-17T07:41:53.000000Z
2024,261.3207638888889,43.11797,-79.0604,2024-09-17T07:41:54.000000Z
2024,261.32077546296296,43.11797,-79.0604,2024-09-17T07:41:55.000000Z
2024,261.32078703703706,43.11797,-79.0604,2024-09-17T07:41:56.000000Z
2024,261.3207986111111,43.11797,-79.0604,2024-09-17T07:41:57.000000Z
2024,261.32081018518517,43.11797,-79.0604,2024-09-17T07:41:58.000000Z
2024,261.3208217592593,43.11797,-79.0604,2024-09-17T07:41:59.000000Z
2024,261.3208333333333,43.11797,-79.0604,2024-09-17T07:42:00.000000Z
2024,261.3208449074074,43.11797,-79.0604,2024-09-17T07:42:01.000000Z
2024,261.3208564814815,43.11797,-79.0604,2024-09-17T07:42:02.000000Z
2024,261.32086805555554,43.11797,-79.0604,2024-09-17T07:42:03.000000Z
2024,261.32087962962964,43.11797,-79.0604,2024-09-17T07:42:04.000000Z
2024,261.3208912037037,43.11797,-79.0604,2024-09-17T07:42:05.000000Z
2024,261.33109953703706,43.11795,-79.0603,2024-09-17T07:56:47.000000Z
2024,261.3311111111111,43.11796,-79.06031,2024-09-17T07:56:48.000000Z
2024,261.3311226851852,43.11796,-79.06031,2024-09-17T07:56:49.000000Z
2024,261.3311342592593,43.11796,-79.06031,2024-09-17T07:56:50.000000Z
2024,261.3311458333334,43.11796,-79.06031,2024-09-17T07:56:51.000000Z
2024,261.33115740740743,43.11796,-79.06032,2024-09-17T07:56:52.000000Z
2024,261.3311689814815,43.11796,-79.06032,2024-09-17T07:56:53.000000Z
2024,261.3311805555556,43.11796,-79.06032,2024-09-17T07:56:54.000000Z
2024,261.33119212962964,43.11796,-79.06032,2024-09-17T07:56:55.000000Z
2024,261.33120370370375,43.11796,-79.06033,2024-09-17T07:56:56.000000Z
2024,261.3312152777778,43.11796,-79.06033,2024-09-17T07:56:57.000000Z
2024,261.33122685185185,43.11796,-79.06033,2024-09-17T07:56:58.000000Z
2024,261.33123842592596,43.11797,-79.06033,2024-09-17T07:56:59.000000Z
2024,261.33125,43.11797,-79.06033,2024-09-17T07:57:00.000000Z
2024,261.33126157407406,43.11797,-79.06034,2024-09-17T07:57:01.000000Z
2024,261.33127314814817,43.11796,-79.06034,2024-09-17T07:57:02.000000Z
2024,261.3312847222222,43.11796,-79.06034,2024-09-17T07:57:03.000000Z
2024,261.33129629629633,43.11796,-79.06034,2024-09-17T07:57:04.000000Z
2024,261.3313078703704,43.11796,-79.06034,2024-09-17T07:57:05.000000Z
2024,261.3415162037037,43.11791,-79.06033,2024-09-17T08:11:47.000000Z
2024,261.34152777777774,43.11792,-79.06034,2024-09-17T08:11:48.000000Z
2024,261.34153935185185,43.11793,-79.06034,2024-09-17T08:11:49.000000Z
2024,261.3415509259259,43.11793,-79.06034,2024-09-17T08:11:50.000000Z
2024,261.3415625,43.11793,-79.06035,2024-09-17T08:11:51.000000Z
2024,261.34157407407406,43.11793,-79.06034,2024-09-17T08:11:52.000000Z
2024,261.3415856481481,43.11793,-79.06034,2024-09-17T08:11:53.000000Z
2024,261.3415972222222,43.11793,-79.06034,2024-09-17T08:11:54.000000Z
2024,261.34160879629627,43.11793,-79.06035,2024-09-17T08:11:55.000000Z
2024,261.3416203703704,43.11792,-79.06035,2024-09-17T08:11:56.000000Z
2024,261.34163194444443,43.11793,-79.06036,2024-09-17T08:11:57.000000Z
2024,261.3416435185185,43.11793,-79.06036,2024-09-17T08:11:58.000000Z
2024,261.3416550925926,43.11793,-79.06036,2024-09-17T08:11:59.000000Z
2024,261.34166666666664,43.11793,-79.06036,2024-09-17T08:12:00.000000Z
2024,261.3416782407407,43.11793,-79.06037,2024-09-17T08:12:01.000000Z
2024,261.3416898148148,43.11793,-79.06037,2024-09-17T08:12:02.000000Z
2024,261.34170138888885,43.11793,-79.06037,2024-09-17T08:12:03.000000Z
2024,261.34171296296296,43.11793,-79.06037,2024-09-17T08:12:04.000000Z
2024,261.341724537037,43.11793,-79.06037,2024-09-17T08:12:05.000000Z
2024,261.3519328703704,43.11796,-79.06047,2024-09-17T08:26:47.000000Z
2024,261.3519444444444,43.11796,-79.06048,2024-09-17T08:26:48.000000Z
2024,261.35195601851854,43.11796,-79.06049,2024-09-17T08:26:49.000000Z
2024,261.3519675925926,43.11796,-79.06049,2024-09-17T08:26:50.000000Z
2024,261.3519791666667,43.11797,-79.06049,2024-09-17T08:26:51.000000Z
2024,261.35199074074075,43.11797,-79.06049,2024-09-17T08:26:52.000000Z
2024,261.3520023148148,43.11797,-79.06049,2024-09-17T08:26:53.000000Z
2024,261.3520138888889,43.11797,-79.06049,2024-09-17T08:26:54.000000Z
2024,261.35202546296296,43.11798,-79.06049,2024-09-17T08:26:55.000000Z
2024,261.35203703703706,43.11798,-79.06048,2024-09-17T08:26:56.000000Z
2024,261.3520486111111,43.11798,-79.06048,2024-09-17T08:26:57.000000Z
2024,261.35206018518517,43.11798,-79.06048,2024-09-17T08:26:58.000000Z
2024,261.3520717592593,43.11798,-79.06048,2024-09-17T08:26:59.000000Z
2024,261.3520833333333,43.11798,-79.06047,2024-09-17T08:27:00.000000Z
2024,261.3520949074074,43.11798,-79.06047,2024-09-17T08:27:01.000000Z
2024,261.3521064814815,43.11798,-79.06047,2024-09-17T08:27:02.000000Z
2024,261.35211805555554,43.11798,-79.06047,2024-09-17T08:27:03.000000Z
2024,261.35212962962964,43.11798,-79.06047,2024-09-17T08:27:04.000000Z
2024,261.3521412037037,43.11798,-79.06047,2024-09-17T08:27:05.000000Z
2024,261.362349537037,43.11796,-79.06048,2024-09-17T08:41:47.000000Z
2024,261.36236111111106,43.11796,-79.06049,2024-09-17T08:41:48.000000Z
2024,261.36237268518516,43.11796,-79.0605,2024-09-17T08:41:49.000000Z
2024,261.3623842592592,43.11796,-79.0605,2024-09-17T08:41:50.000000Z
2024,261.3623958333333,43.11796,-79.0605,2024-09-17T08:41:51.000000Z
2024,261.3624074074074,43.11796,-79.0605,2024-09-17T08:41:52.000000Z
2024,261.3624189814814,43.11796,-79.0605,2024-09-17T08:41:53.000000Z
2024,261.36243055555553,43.11796,-79.0605,2024-09-17T08:41:54.000000Z
2024,261.3624421296296,43.11796,-79.0605,2024-09-17T08:41:55.000000Z
2024,261.3624537037037,43.11796,-79.0605,2024-09-17T08:41:56.000000Z
2024,261.36246527777774,43.11797,-79.06052,2024-09-17T08:41:57.000000Z
2024,261.3624768518518,43.11798,-79.06053,2024-09-17T08:41:58.000000Z
2024,261.3624884259259,43.11798,-79.06054,2024-09-17T08:41:59.000000Z
2024,261.36249999999995,43.118,-79.06055,2024-09-17T08:42:00.000000Z
2024,261.362511574074,43.118,-79.06055,2024-09-17T08:42:01.000000Z
2024,261.3625231481481,43.118,-79.06055,2024-09-17T08:42:02.000000Z
2024,261.36253472222216,43.118,-79.06055,2024-09-17T08:42:03.000000Z
2024,261.3625462962963,43.118,-79.06055,2024-09-17T08:42:04.000000Z
2024,261.3625578703703,43.118,-79.06055,2024-09-17T08:42:05.000000Z
2024,261.3727662037037,43.11792,-79.06046,2024-09-17T08:56:47.000000Z
2024,261.37277777777774,43.11792,-79.06046,2024-09-17T08:56:48.000000Z
2024,261.37278935185185,43.11793,-79.06046,2024-09-17T08:56:49.000000Z
2024,261.3728009259259,43.11793,-79.06046,2024-09-17T08:56:50.000000Z
2024,261.3728125,43.11793,-79.06046,2024-09-17T08:56:51.000000Z
2024,261.37282407407406,43.11793,-79.06046,2024-09-17T08:56:52.000000Z
2024,261.3728356481481,43.11793,-79.06047,2024-09-17T08:56:53.000000Z
2024,261.3728472222222,43.11793,-79.06047,2024-09-17T08:56:54.000000Z
2024,261.37285879629627,43.11793,-79.06047,2024-09-17T08:56:55.000000Z
2024,261.3728703703704,43.11793,-79.06047,2024-09-17T08:56:56.000000Z
2024,261.37288194444443,43.11793,-79.06047,2024-09-17T08:56:57.000000Z
2024,261.3728935185185,43.11793,-79.06047,2024-09-17T08:56:58.000000Z
2024,261.3729050925926,43.11793,-79.06047,2024-09-17T08:56:59.000000Z
2024,261.37291666666664,43.11793,-79.06047,2024-09-17T08:57:00.000000Z
2024,261.3729282407407,43.11793,-79.06047,2024-09-17T08:57:01.000000Z
2024,261.3729398148148,43.11793,-79.06047,2024-09-17T08:57:02.000000Z
2024,261.37295138888885,43.11793,-79.06047,2024-09-17T08:57:03.000000Z
2024,261.37296296296296,43.11793,-79.06047,2024-09-17T08:57:04.000000Z
2024,261.372974537037,43.11793,-79.06047,2024-09-17T08:57:05.000000Z
2024,261.3831828703704,43.11787,-79.0604,2024-09-17T09:11:47.000000Z
2024,261.3831944444444,43.11786,-79.0604,2024-09-17T09:11:48.000000Z
2024,261.38320601851854,43.11786,-79.0604,2024-09-17T09:11:49.000000Z
2024,261.3832175925926,43.11786,-79.0604,2024-09-17T09:11:50.000000Z
2024,261.3832291666667,43.11786,-79.0604,2024-09-17T09:11:51.000000Z
2024,261.38324074074075,43.11786,-79.0604,2024-09-17T09:11:52.000000Z
2024,261.3832523148148,43.11786,-79.0604,2024-09-17T09:11:53.000000Z
2024,261.3832638888889,43.11786,-79.0604,2024-09-17T09:11:54.000000Z
2024,261.38327546296296,43.11786,-79.0604,2024-09-17T09:11:55.000000Z
2024,261.38328703703706,43.11786,-79.06041,2024-09-17T09:11:56.000000Z
2024,261.3832986111111,43.11786,-79.06041,2024-09-17T09:11:57.000000Z
2024,261.38331018518517,43.11786,-79.06041,2024-09-17T09:11:58.000000Z
2024,261.3833217592593,43.11786,-79.06041,2024-09-17T09:11:59.000000Z
2024,261.3833333333333,43.11786,-79.06042,2024-09-17T09:12:00.000000Z
2024,261.3833449074074,43.11786,-79.06042,2024-09-17T09:12:01.000000Z
2024,261.3833564814815,43.11786,-79.06042,2024-09-17T09:12:02.000000Z
2024,261.38336805555554,43.11786,-79.06042,2024-09-17T09:12:03.000000Z
2024,261.38337962962964,43.11786,-79.06042,2024-09-17T09:12:04.000000Z
2024,261.3833912037037,43.11786,-79.06043,2024-09-17T09:12:05.000000Z
2024,261.39359953703706,43.11783,-79.06034,2024-09-17T09:26:47.000000Z
2024,261.3936111111111,43.11782,-79.06031,2024-09-17T09:26:48.000000Z
2024,261.3936226851852,43.11781,-79.06029,2024-09-17T09:26:49.000000Z
2024,261.3936342592593,43.1178,-79.06027,2024-09-17T09:26:50.000000Z
2024,261.3936458333334,43.1178,-79.06026,2024-09-17T09:26:51.000000Z
2024,261.39365740740743,43.1178,-79.06024,2024-09-17T09:26:52.000000Z
2024,261.3936689814815,43.1178,-79.06024,2024-09-17T09:26:53.000000Z
2024,261.3936805555556,43.11781,-79.06024,2024-09-17T09:26:54.000000Z
2024,261.39369212962964,43.11781,-79.06024,2024-09-17T09:26:55.000000Z
2024,261.39370370370375,43.11781,-79.06025,2024-09-17T09:26:56.000000Z
2024,261.3937152777778,43.11781,-79.06026,2024-09-17T09:26:57.000000Z
2024,261.39372685185185,43.11781,-79.06027,2024-09-17T09:26:58.000000Z
2024,261.39373842592596,43.1178,-79.06028,2024-09-17T09:26:59.000000Z
2024,261.39375,43.1178,-79.0603,2024-09-17T09:27:00.000000Z
2024,261.39376157407406,43.1178,-79.06039,2024-09-17T09:27:01.000000Z
2024,261.39377314814817,43.11782,-79.06041,2024-09-17T09:27:02.000000Z
2024,261.3937847222222,43.11783,-79.06044,2024-09-17T09:27:03.000000Z
2024,261.39379629629633,43.11785,-79.06044,2024-09-17T09:27:04.000000Z
2024,261.3938078703704,43.11786,-79.06045,2024-09-17T09:27:05.000000Z
2024,261.4040162037037,43.11789,-79.06047,2024-09-17T09:41:47.000000Z
2024,261.40402777777774,43.11788,-79.06047,2024-09-17T09:41:48.000000Z
2024,261.40403935185185,43.11788,-79.06047,2024-09-17T09:41:49.000000Z
2024,261.4040509259259,43.11788,-79.06047,2024-09-17T09:41:50.000000Z
2024,261.4040625,43.11788,-79.06047,2024-09-17T09:41:51.000000Z
2024,261.40407407407406,43.11788,-79.06047,2024-09-17T09:41:52.000000Z
2024,261.4040856481481,43.11787,-79.06047,2024-09-17T09:41:53.000000Z
2024,261.4040972222222,43.11787,-79.06047,2024-09-17T09:41:54.000000Z
2024,261.40410879629627,43.11785,-79.06048,2024-09-17T09:41:55.000000Z
2024,261.4041203703704,43.11785,-79.06048,2024-09-17T09:41:56.000000Z
2024,261.40413194444443,43.11784,-79.06048,2024-09-17T09:41:57.000000Z
2024,261.4041435185185,43.11784,-79.06049,2024-09-17T09:41:58.000000Z
2024,261.4041550925926,43.11784,-79.06048,2024-09-17T09:41:59.000000Z
2024,261.40416666666664,43.11784,-79.06049,2024-09-17T09:42:00.000000Z
2024,261.4041782407407,43.11784,-79.06049,2024-09-17T09:42:01.000000Z
2024,261.4041898148148,43.11784,-79.06049,2024-09-17T09:42:02.000000Z
2024,261.40420138888885,43.11784,-79.06049,2024-09-17T09:42:03.000000Z
2024,261.40421296296296,43.11784,-79.06049,2024-09-17T09:42:04.000000Z
2024,261.404224537037,43.11784,-79.06049,2024-09-17T09:42:05.000000Z
2024,261.4144212962963,43.11793,-79.0604,2024-09-17T09:56:46.000000Z
2024,261.4144328703704,43.11793,-79.0604,2024-09-17T09:56:47.000000Z
2024,261.4144444444444,43.11793,-79.0604,2024-09-17T09:56:48.000000Z
2024,261.41445601851854,43.11793,-79.0604,2024-09-17T09:56:49.000000Z
2024,261.4144675925926,43.11795,-79.06041,2024-09-17T09:56:50.000000Z
2024,261.4144791666667,43.11796,-79.0604,2024-09-17T09:56:51.000000Z
2024,261.41449074074075,43.11796,-79.0604,2024-09-17T09:56:52.000000Z
2024,261.4145023148148,43.11797,-79.06041,2024-09-17T09:56:53.000000Z
2024,261.4145138888889,43.11798,-79.06041,2024-09-17T09:56:54.000000Z
2024,261.41452546296296,43.11798,-79.06041,2024-09-17T09:56:55.000000Z
2024,261.41453703703706,43.11799,-79.06041,2024-09-17T09:56:56.000000Z
2024,261.4145486111111,43.118,-79.06042,2024-09-17T09:56:57.000000Z
2024,261.41456018518517,43.118,-79.06042,2024-09-17T09:56:58.000000Z
2024,261.4145717592593,43.118,-79.06042,2024-09-17T09:56:59.000000Z
2024,261.4145833333333,43.118,-79.06042,2024-09-17T09:57:00.000000Z
2024,261.4145949074074,43.118,-79.06042,2024-09-17T09:57:01.000000Z
2024,261.4146064814815,43.118,-79.06043,2024-09-17T09:57:02.000000Z
2024,261.41461805555554,43.118,-79.06043,2024-09-17T09:57:03.000000Z
2024,261.41462962962964,43.118,-79.06043,2024-09-17T09:57:04.000000Z
2024,261.424837962963,43.11797,-79.06039,2024-09-17T10:11:46.000000Z
2024,261.42484953703706,43.11796,-79.06039,2024-09-17T10:11:47.000000Z
2024,261.4248611111111,43.11796,-79.06039,2024-09-17T10:11:48.000000Z
2024,261.4248726851852,43.11796,-79.06039,2024-09-17T10:11:49.000000Z
2024,261.4248842592593,43.11795,-79.06039,2024-09-17T10:11:50.000000Z
2024,261.4248958333334,43.11795,-79.06038,2024-09-17T10:11:51.000000Z
2024,261.42490740740743,43.11795,-79.06038,2024-09-17T10:11:52.000000Z
2024,261.4249189814815,43.11795,-79.06038,2024-09-17T10:11:53.000000Z
2024,261.4249305555556,43.11795,-79.06038,2024-09-17T10:11:54.000000Z
2024,261.42494212962964,43.11795,-79.06038,2024-09-17T10:11:55.000000Z
2024,261.42495370370375,43.11794,-79.06038,2024-09-17T10:11:56.000000Z
2024,261.4249652777778,43.11794,-79.06038,2024-09-17T10:11:57.000000Z
2024,261.42497685185185,43.11794,-79.06039,2024-09-17T10:11:58.000000Z
2024,261.42498842592596,43.11794,-79.06039,2024-09-17T10:11:59.000000Z
2024,261.425,43.11793,-79.06039,2024-09-17T10:12:00.000000Z
2024,261.42501157407406,43.11793,-79.06039,2024-09-17T10:12:01.000000Z
2024,261.42502314814817,43.11793,-79.0604,2024-09-17T10:12:02.000000Z
2024,261.4250347222222,43.11793,-79.0604,2024-09-17T10:12:03.000000Z
2024,261.42504629629633,43.11793,-79.0604,2024-09-17T10:12:04.000000Z
2024,261.4352546296297,43.11796,-79.0604,2024-09-17T10:26:46.000000Z
2024,261.43526620370375,43.11797,-79.0604,2024-09-17T10:26:47.000000Z
2024,261.4352777777778,43.11798,-79.0604,2024-09-17T10:26:48.000000Z
2024,261.4352893518519,43.11798,-79.0604,2024-09-17T10:26:49.000000Z
2024,261.43530092592596,43.11798,-79.0604,2024-09-17T10:26:50.000000Z
2024,261.43531250000007,43.11798,-79.0604,2024-09-17T10:26:51.000000Z
2024,261.4353240740741,43.11799,-79.0604,2024-09-17T10:26:52.000000Z
2024,261.43533564814817,43.11799,-79.0604,2024-09-17T10:26:53.000000Z
2024,261.4353472222223,43.11799,-79.0604,2024-09-17T10:26:54.000000Z
2024,261.4353587962963,43.11799,-79.0604,2024-09-17T10:26:55.000000Z
2024,261.43537037037044,43.11799,-79.0604,2024-09-17T10:26:56.000000Z
2024,261.4353819444445,43.11799,-79.0604,2024-09-17T10:26:57.000000Z
2024,261.43539351851854,43.11799,-79.0604,2024-09-17T10:26:58.000000Z
2024,261.43540509259265,43.11799,-79.0604,2024-09-17T10:26:59.000000Z
2024,261.4354166666667,43.11799,-79.0604,2024-09-17T10:27:00.000000Z
2024,261.43542824074075,43.11799,-79.0604,2024-09-17T10:27:01.000000Z
2024,261.43543981481486,43.11799,-79.06041,2024-09-17T10:27:02.000000Z
2024,261.4354513888889,43.11799,-79.06041,2024-09-17T10:27:03.000000Z
2024,261.435462962963,43.11799,-79.06041,2024-09-17T10:27:04.000000Z
2024,261.4456712962963,43.1179,-79.06048,2024-09-17T10:41:46.000000Z
2024,261.4456828703704,43.11791,-79.06047,2024-09-17T10:41:47.000000Z
2024,261.4456944444444,43.11791,-79.06047,2024-09-17T10:41:48.000000Z
2024,261.44570601851854,43.11791,-79.06047,2024-09-17T10:41:49.000000Z
2024,261.4457175925926,43.11791,-79.06048,2024-09-17T10:41:50.000000Z
2024,261.4457291666667,43.1179,-79.06049,2024-09-17T10:41:51.000000Z
2024,261.44574074074075,43.1179,-79.06049,2024-09-17T10:41:52.000000Z
2024,261.4457523148148,43.1179,-79.06049,2024-09-17T10:41:53.000000Z
2024,261.4457638888889,43.11789,-79.0605,2024-09-17T10:41:54.000000Z
2024,261.44577546296296,43.11789,-79.0605,2024-09-17T10:41:55.000000Z
2024,261.44578703703706,43.11789,-79.0605,2024-09-17T10:41:56.000000Z
2024,261.4457986111111,43.11789,-79.0605,2024-09-17T10:41:57.000000Z
2024,261.44581018518517,43.11788,-79.0605,2024-09-17T10:41:58.000000Z
2024,261.4458217592593,43.11787,-79.0605,2024-09-17T10:41:59.000000Z
2024,261.4458333333333,43.11787,-79.0605,2024-09-17T10:42:00.000000Z
2024,261.4458449074074,43.11787,-79.0605,2024-09-17T10:42:01.000000Z
2024,261.4458564814815,43.11787,-79.0605,2024-09-17T10:42:02.000000Z
2024,261.44586805555554,43.11787,-79.0605,2024-09-17T10:42:03.000000Z
2024,261.44587962962964,43.11787,-79.0605,2024-09-17T10:42:04.000000Z
2024,261.456087962963,43.11791,-79.06041,2024-09-17T10:56:46.000000Z
2024,261.45609953703706,43.11791,-79.0604,2024-09-17T10:56:47.000000Z
2024,261.4561111111111,43.11791,-79.0604,2024-09-17T10:56:48.000000Z
2024,261.4561226851852,43.11791,-79.0604,2024-09-17T10:56:49.000000Z
2024,261.4561342592593,43.11791,-79.0604,2024-09-17T10:56:50.000000Z
2024,261.4561458333334,43.11791,-79.0604,2024-09-17T10:56:51.000000Z
2024,261.45615740740743,43.11791,-79.0604,2024-09-17T10:56:52.000000Z
2024,261.4561689814815,43.11791,-79.0604,2024-09-17T10:56:53.000000Z
2024,261.4561805555556,43.11791,-79.0604,2024-09-17T10:56:54.000000Z
2024,261.45619212962964,43.11791,-79.0604,2024-09-17T10:56:55.000000Z
2024,261.45620370370375,43.11791,-79.0604,2024-09-17T10:56:56.000000Z
2024,261.4562152777778,43.11791,-79.0604,2024-09-17T10:56:57.000000Z
2024,261.45622685185185,43.11791,-79.06041,2024-09-17T10:56:58.000000Z
2024,261.45623842592596,43.11791,-79.06041,2024-09-17T10:56:59.000000Z
2024,261.45625,43.11791,-79.06041,2024-09-17T10:57:00.000000Z
2024,261.45626157407406,43.11792,-79.06042,2024-09-17T10:57:01.000000Z
2024,261.45627314814817,43.11793,-79.06044,2024-09-17T10:57:02.000000Z
2024,261.4562847222222,43.11794,-79.06045,2024-09-17T10:57:03.000000Z
2024,261.45629629629633,43.11795,-79.06046,2024-09-17T10:57:04.000000Z
2024,261.46650462962964,43.11798,-79.06044,2024-09-17T11:11:46.000000Z
2024,261.4665162037037,43.11799,-79.06045,2024-09-17T11:11:47.000000Z
2024,261.46652777777774,43.118,-79.06044,2024-09-17T11:11:48.000000Z
2024,261.46653935185185,43.11801,-79.06044,2024-09-17T11:11:49.000000Z
2024,261.4665509259259,43.11801,-79.06044,2024-09-17T11:11:50.000000Z
2024,261.4665625,43.11801,-79.06044,2024-09-17T11:11:51.000000Z
2024,261.46657407407406,43.11802,-79.06045,2024-09-17T11:11:52.000000Z
2024,261.4665856481481,43.11802,-79.06047,2024-09-17T11:11:53.000000Z
2024,261.4665972222222,43.11802,-79.06049,2024-09-17T11:11:54.000000Z
2024,261.46660879629627,43.11802,-79.0605,2024-09-17T11:11:55.000000Z
2024,261.4666203703704,43.11801,-79.0605,2024-09-17T11:11:56.000000Z
2024,261.46663194444443,43.11801,-79.0605,2024-09-17T11:11:57.000000Z
2024,261.4666435185185,43.11801,-79.0605,2024-09-17T11:11:58.000000Z
2024,261.4666550925926,43.11801,-79.0605,2024-09-17T11:11:59.000000Z
2024,261.46666666666664,43.11801,-79.0605,2024-09-17T11:12:00.000000Z
2024,261.4666782407407,43.118,-79.0605,2024-09-17T11:12:01.000000Z
2024,261.4666898148148,43.118,-79.0605,2024-09-17T11:12:02.000000Z
2024,261.46670138888885,43.118,-79.0605,2024-09-17T11:12:03.000000Z
2024,261.46671296296296,43.118,-79.0605,2024-09-17T11:12:04.000000Z
2024,261.4769212962963,43.11801,-79.06053,2024-09-17T11:26:46.000000Z
2024,261.4769328703704,43.11801,-79.06053,2024-09-17T11:26:47.000000Z
2024,261.4769444444444,43.11801,-79.06053,2024-09-17T11:26:48.000000Z
2024,261.47695601851854,43.11801,-79.06054,2024-09-17T11:26:49.000000Z
2024,261.4769675925926,43.11801,-79.06053,2024-09-17T11:26:50.000000Z
2024,261.4769791666667,43.11801,-79.06053,2024-09-17T11:26:51.000000Z
2024,261.47699074074075,43.11801,-79.06053,2024-09-17T11:26:52.000000Z
2024,261.4770023148148,43.11801,-79.06053,2024-09-17T11:26:53.000000Z
2024,261.4770138888889,43.11801,-79.06053,2024-09-17T11:26:54.000000Z
2024,261.47702546296296,43.118,-79.06053,2024-09-17T11:26:55.000000Z
2024,261.47703703703706,43.118,-79.06053,2024-09-17T11:26:56.000000Z
2024,261.4770486111111,43.118,-79.06053,2024-09-17T11:26:57.000000Z
2024,261.47706018518517,43.118,-79.06052,2024-09-17T11:26:58.000000Z
2024,261.4770717592593,43.118,-79.06052,2024-09-17T11:26:59.000000Z
2024,261.4770833333333,43.118,-79.06052,2024-09-17T11:27:00.000000Z
2024,261.4770949074074,43.118,-79.06052,2024-09-17T11:27:01.000000Z
2024,261.4771064814815,43.118,-79.06051,2024-09-17T11:27:02.000000Z
2024,261.47711805555554,43.118,-79.06051,2024-09-17T11:27:03.000000Z
2024,261.47712962962964,43.118,-79.06051,2024-09-17T11:27:04.000000Z
2024,261.487349537037,43.11788,-79.06037,2024-09-17T11:41:47.000000Z
2024,261.48736111111106,43.11789,-79.06037,2024-09-17T11:41:48.000000Z
2024,261.48746527777774,43.11791,-79.0604,2024-09-17T11:41:57.000000Z
2024,261.4875231481481,43.11792,-79.06041,2024-09-17T11:42:02.000000Z
2024,261.48753472222216,43.11792,-79.06041,2024-09-17T11:42:03.000000Z
2024,261.4875462962963,43.11792,-79.06041,2024-09-17T11:42:04.000000Z
2024,261.4875578703703,43.11792,-79.06042,2024-09-17T11:42:05.000000Z
2024,261.48759259259253,43.11793,-79.06042,2024-09-17T11:42:08.000000Z
2024,261.48760416666664,43.11793,-79.06043,2024-09-17T11:42:09.000000Z
2024,261.4876157407407,43.11793,-79.06043,2024-09-17T11:42:10.000000Z
2024,261.48762731481474,43.11793,-79.06043,2024-09-17T11:42:11.000000Z
2024,261.48763888888885,43.11794,-79.06044,2024-09-17T11:42:12.000000Z
2024,261.4876504629629,43.11794,-79.06044,2024-09-17T11:42:13.000000Z
2024,261.487662037037,43.11795,-79.06044,2024-09-17T11:42:14.000000Z
2024,261.48767361111106,43.11795,-79.06044,2024-09-17T11:42:15.000000Z
2024,261.4876851851851,43.11795,-79.06044,2024-09-17T11:42:16.000000Z
2024,261.4876967592592,43.11795,-79.06044,2024-09-17T11:42:17.000000Z
2024,261.4877083333333,43.11795,-79.06044,2024-09-17T11:42:18.000000Z
2024,261.4877199074074,43.11796,-79.06045,2024-09-17T11:42:19.000000Z
2024,261.48773148148143,43.11796,-79.06045,2024-09-17T11:42:20.000000Z
2024,261.4877430555555,43.11796,-79.06045,2024-09-17T11:42:21.000000Z
2024,261.4877546296296,43.11796,-79.06045,2024-09-17T11:42:22.000000Z
2024,261.48776620370364,43.11796,-79.06045,2024-09-17T11:42:23.000000Z
2024,261.49775462962964,43.11802,-79.06042,2024-09-17T11:56:46.000000Z
2024,261.4977662037037,43.11802,-79.06042,2024-09-17T11:56:47.000000Z
2024,261.49777777777774,43.11801,-79.06043,2024-09-17T11:56:48.000000Z
2024,261.49778935185185,43.11803,-79.06044,2024-09-17T11:56:49.000000Z
2024,261.4978009259259,43.11802,-79.06044,2024-09-17T11:56:50.000000Z
2024,261.4978125,43.11801,-79.06045,2024-09-17T11:56:51.000000Z
2024,261.49782407407406,43.118,-79.06047,2024-09-17T11:56:52.000000Z
2024,261.4978356481481,43.11799,-79.06048,2024-09-17T11:56:53.000000Z
2024,261.4978472222222,43.11798,-79.06049,2024-09-17T11:56:54.000000Z
2024,261.49785879629627,43.11797,-79.06049,2024-09-17T11:56:55.000000Z
2024,261.4978703703704,43.11796,-79.0605,2024-09-17T11:56:56.000000Z
2024,261.49788194444443,43.11796,-79.0605,2024-09-17T11:56:57.000000Z
2024,261.4978935185185,43.11795,-79.0605,2024-09-17T11:56:58.000000Z
2024,261.4979050925926,43.11795,-79.0605,2024-09-17T11:56:59.000000Z
2024,261.49791666666664,43.11794,-79.0605,2024-09-17T11:57:00.000000Z
2024,261.4979282407407,43.11794,-79.0605,2024-09-17T11:57:01.000000Z
2024,261.4979398148148,43.11793,-79.0605,2024-09-17T11:57:02.000000Z
2024,261.49795138888885,43.11793,-79.06049,2024-09-17T11:57:03.000000Z
2024,261.49796296296296,43.11793,-79.06049,2024-09-17T11:57:04.000000Z
2024,261.5081712962963,43.11798,-79.06047,2024-09-17T12:11:46.000000Z
2024,261.5081828703704,43.11798,-79.06047,2024-09-17T12:11:47.000000Z
2024,261.5081944444444,43.11798,-79.06047,2024-09-17T12:11:48.000000Z
2024,261.50820601851854,43.11798,-79.06047,2024-09-17T12:11:49.000000Z
2024,261.5082175925926,43.11798,-79.06047,2024-09-17T12:11:50.000000Z
2024,261.5082291666667,43.11798,-79.06048,2024-09-17T12:11:51.000000Z
2024,261.50824074074075,43.11798,-79.06048,2024-09-17T12:11:52.000000Z
2024,261.5082523148148,43.11798,-79.06048,2024-09-17T12:11:53.000000Z
2024,261.5082638888889,43.11798,-79.06048,2024-09-17T12:11:54.000000Z
2024,261.50827546296296,43.11797,-79.06048,2024-09-17T12:11:55.000000Z
2024,261.50828703703706,43.11797,-79.06048,2024-09-17T12:11:56.000000Z
2024,261.5082986111111,43.11796,-79.06048,2024-09-17T12:11:57.000000Z
2024,261.50831018518517,43.11796,-79.06048,2024-09-17T12:11:58.000000Z
2024,261.5083217592593,43.11796,-79.06047,2024-09-17T12:11:59.000000Z
2024,261.5083333333333,43.11796,-79.06047,2024-09-17T12:12:00.000000Z
2024,261.5083449074074,43.11796,-79.06047,2024-09-17T12:12:01.000000Z
2024,261.5083564814815,43.11796,-79.06046,2024-09-17T12:12:02.000000Z
2024,261.50836805555554,43.11796,-79.06046,2024-09-17T12:12:03.000000Z
2024,261.50837962962964,43.11795,-79.06046,2024-09-17T12:12:04.000000Z
2024,261.518587962963,43.11798,-79.06029,2024-09-17T12:26:46.000000Z
2024,261.51859953703706,43.11798,-79.06029,2024-09-17T12:26:47.000000Z
2024,261.5186111111111,43.11797,-79.06029,2024-09-17T12:26:48.000000Z
2024,261.5186226851852,43.11797,-79.06029,2024-09-17T12:26:49.000000Z
2024,261.5186342592593,43.11797,-79.0603,2024-09-17T12:26:50.000000Z
2024,261.5186458333334,43.11797,-79.0603,2024-09-17T12:26:51.000000Z
2024,261.51865740740743,43.11797,-79.0603,2024-09-17T12:26:52.000000Z
2024,261.5186689814815,43.11797,-79.0603,2024-09-17T12:26:53.000000Z
2024,261.5186805555556,43.11797,-79.0603,2024-09-17T12:26:54.000000Z
2024,261.51869212962964,43.11796,-79.0603,2024-09-17T12:26:55.000000Z
2024,261.51870370370375,43.11796,-79.0603,2024-09-17T12:26:56.000000Z
2024,261.5187152777778,43.11796,-79.06031,2024-09-17T12:26:57.000000Z
2024,261.51872685185185,43.11796,-79.06031,2024-09-17T12:26:58.000000Z
2024,261.51873842592596,43.11796,-79.06031,2024-09-17T12:26:59.000000Z
2024,261.51875,43.11796,-79.06031,2024-09-17T12:27:00.000000Z
2024,261.51876157407406,43.11796,-79.06032,2024-09-17T12:27:01.000000Z
2024,261.51877314814817,43.11796,-79.06032,2024-09-17T12:27:02.000000Z
2024,261.5187847222222,43.11796,-79.06032,2024-09-17T12:27:03.000000Z
2024,261.51879629629633,43.11796,-79.06033,2024-09-17T12:27:04.000000Z
2024,261.52900462962964,43.1174,-79.0604,2024-09-17T12:41:46.000000Z
2024,261.5290162037037,43.11741,-79.06039,2024-09-17T12:41:47.000000Z
2024,261.52902777777774,43.1174,-79.0604,2024-09-17T12:41:48.000000Z
2024,261.52903935185185,43.11743,-79.06038,2024-09-17T12:41:49.000000Z
2024,261.5290509259259,43.11746,-79.06037,2024-09-17T12:41:50.000000Z
2024,261.5290625,43.11748,-79.06035,2024-09-17T12:41:51.000000Z
2024,261.52907407407406,43.11751,-79.06034,2024-09-17T12:41:52.000000Z
2024,261.5290856481481,43.11752,-79.06034,2024-09-17T12:41:53.000000Z
2024,261.5290972222222,43.11754,-79.06032,2024-09-17T12:41:54.000000Z
2024,261.52910879629627,43.11755,-79.06032,2024-09-17T12:41:55.000000Z
2024,261.5291203703704,43.11756,-79.06032,2024-09-17T12:41:56.000000Z
2024,261.52913194444443,43.11757,-79.06031,2024-09-17T12:41:57.000000Z
2024,261.5291435185185,43.11758,-79.06031,2024-09-17T12:41:58.000000Z
2024,261.5291550925926,43.11759,-79.06031,2024-09-17T12:41:59.000000Z
2024,261.52916666666664,43.1176,-79.0603,2024-09-17T12:42:00.000000Z
2024,261.5291782407407,43.11761,-79.0603,2024-09-17T12:42:01.000000Z
2024,261.5291898148148,43.11763,-79.0603,2024-09-17T12:42:02.000000Z
2024,261.52920138888885,43.11764,-79.0603,2024-09-17T12:42:03.000000Z
2024,261.52921296296296,43.11764,-79.06029,2024-09-17T12:42:04.000000Z
2024,261.5394212962963,43.11786,-79.06047,2024-09-17T12:56:46.000000Z
2024,261.5394328703704,43.11784,-79.0605,2024-09-17T12:56:47.000000Z
2024,261.5394444444444,43.11781,-79.06052,2024-09-17T12:56:48.000000Z
2024,261.53945601851854,43.11779,-79.06053,2024-09-17T12:56:49.000000Z
2024,261.5394675925926,43.11778,-79.06054,2024-09-17T12:56:50.000000Z
2024,261.5394791666667,43.1178,-79.06053,2024-09-17T12:56:51.000000Z
2024,261.53949074074075,43.11781,-79.06052,2024-09-17T12:56:52.000000Z
2024,261.5395023148148,43.11783,-79.06051,2024-09-17T12:56:53.000000Z
2024,261.5395138888889,43.11783,-79.0605,2024-09-17T12:56:54.000000Z
2024,261.53952546296296,43.11784,-79.0605,2024-09-17T12:56:55.000000Z
2024,261.53953703703706,43.11785,-79.0605,2024-09-17T12:56:56.000000Z
2024,261.5395486111111,43.11785,-79.0605,2024-09-17T12:56:57.000000Z
2024,261.53956018518517,43.11786,-79.0605,2024-09-17T12:56:58.000000Z
2024,261.5395717592593,43.11786,-79.0605,2024-09-17T12:56:59.000000Z
2024,261.5395833333333,43.11787,-79.06049,2024-09-17T12:57:00.000000Z
2024,261.5395949074074,43.11787,-79.06049,2024-09-17T12:57:01.000000Z
2024,261.5396064814815,43.11787,-79.06049,2024-09-17T12:57:02.000000Z
2024,261.53961805555554,43.11788,-79.06049,2024-09-17T12:57:03.000000Z
2024,261.53962962962964,43.11788,-79.06049,2024-09-17T12:57:04.000000Z
2024,261.549837962963,43.11765,-79.06067,2024-09-17T13:11:46.000000Z
2024,261.54984953703706,43.11766,-79.06066,2024-09-17T13:11:47.000000Z
2024,261.5498611111111,43.11765,-79.06068,2024-09-17T13:11:48.000000Z
2024,261.5498726851852,43.11766,-79.06068,2024-09-17T13:11:49.000000Z
2024,261.5498842592593,43.11766,-79.06068,2024-09-17T13:11:50.000000Z
2024,261.5498958333334,43.11766,-79.06068,2024-09-17T13:11:51.000000Z
2024,261.54990740740743,43.11766,-79.06068,2024-09-17T13:11:52.000000Z
2024,261.5499189814815,43.11766,-79.06069,2024-09-17T13:11:53.000000Z
2024,261.5499305555556,43.11766,-79.06069,2024-09-17T13:11:54.000000Z
2024,261.54994212962964,43.11766,-79.06069,2024-09-17T13:11:55.000000Z
2024,261.54995370370375,43.11766,-79.06068,2024-09-17T13:11:56.000000Z
2024,261.5499652777778,43.11766,-79.06068,2024-09-17T13:11:57.000000Z
2024,261.54997685185185,43.11766,-79.06068,2024-09-17T13:11:58.000000Z
2024,261.54998842592596,43.11765,-79.06067,2024-09-17T13:11:59.000000Z
2024,261.55,43.11765,-79.06068,2024-09-17T13:12:00.000000Z
2024,261.55001157407406,43.11767,-79.06066,2024-09-17T13:12:01.000000Z
2024,261.55002314814817,43.11769,-79.06064,2024-09-17T13:12:02.000000Z
2024,261.5500347222222,43.11771,-79.06063,2024-09-17T13:12:03.000000Z
2024,261.55004629629633,43.11772,-79.06062,2024-09-17T13:12:04.000000Z
2024,261.5602546296297,43.11795,-79.06042,2024-09-17T13:26:46.000000Z
2024,261.56026620370375,43.11795,-79.06042,2024-09-17T13:26:47.000000Z
2024,261.5602777777778,43.11795,-79.06041,2024-09-17T13:26:48.000000Z
2024,261.5602893518519,43.11795,-79.06041,2024-09-17T13:26:49.000000Z
2024,261.56030092592596,43.11795,-79.06041,2024-09-17T13:26:50.000000Z
2024,261.56031250000007,43.11795,-79.06041,2024-09-17T13:26:51.000000Z
2024,261.5603240740741,43.11795,-79.06041,2024-09-17T13:26:52.000000Z
2024,261.56033564814817,43.11795,-79.06041,2024-09-17T13:26:53.000000Z
2024,261.5603472222223,43.11795,-79.06041,2024-09-17T13:26:54.000000Z
2024,261.5603587962963,43.11795,-79.06041,2024-09-17T13:26:55.000000Z
2024,261.56037037037044,43.11795,-79.06041,2024-09-17T13:26:56.000000Z
2024,261.5603819444445,43.11795,-79.06041,2024-09-17T13:26:57.000000Z
2024,261.56039351851854,43.11795,-79.06041,2024-09-17T13:26:58.000000Z
2024,261.56040509259265,43.11795,-79.06041,2024-09-17T13:26:59.000000Z
2024,261.5604166666667,43.11795,-79.06041,2024-09-17T13:27:00.000000Z
2024,261.56042824074075,43.11795,-79.06041,2024-09-17T13:27:01.000000Z
2024,261.56043981481486,43.11795,-79.06041,2024-09-17T13:27:02.000000Z
2024,261.5604513888889,43.11795,-79.06041,2024-09-17T13:27:03.000000Z
2024,261.560462962963,43.11795,-79.06041,2024-09-17T13:27:04.000000Z
2024,261.5706712962963,43.11792,-79.06042,2024-09-17T13:41:46.000000Z
2024,261.5706828703704,43.11792,-79.06042,2024-09-17T13:41:47.000000Z
2024,261.5706944444444,43.11792,-79.06042,2024-09-17T13:41:48.000000Z
2024,261.57070601851854,43.11791,-79.06043,2024-09-17T13:41:49.000000Z
2024,261.5707175925926,43.11791,-79.06043,2024-09-17T13:41:50.000000Z
2024,261.5707291666667,43.11791,-79.06043,2024-09-17T13:41:51.000000Z
2024,261.57074074074075,43.11791,-79.06043,2024-09-17T13:41:52.000000Z
2024,261.5707523148148,43.11791,-79.06043,2024-09-17T13:41:53.000000Z
2024,261.5707638888889,43.11791,-79.06044,2024-09-17T13:41:54.000000Z
2024,261.57077546296296,43.11791,-79.06044,2024-09-17T13:41:55.000000Z
2024,261.57078703703706,43.11791,-79.06044,2024-09-17T13:41:56.000000Z
2024,261.5707986111111,43.11791,-79.06044,2024-09-17T13:41:57.000000Z
2024,261.57081018518517,43.11791,-79.06044,2024-09-17T13:41:58.000000Z
2024,261.5708217592593,43.11791,-79.06044,2024-09-17T13:41:59.000000Z
2024,261.5708333333333,43.11791,-79.06045,2024-09-17T13:42:00.000000Z
2024,261.5708449074074,43.11791,-79.06045,2024-09-17T13:42:01.000000Z
2024,261.5708564814815,43.11791,-79.06046,2024-09-17T13:42:02.000000Z
2024,261.57086805555554,43.11791,-79.06046,2024-09-17T13:42:03.000000Z
2024,261.57087962962964,43.11791,-79.06046,2024-09-17T13:42:04.000000Z
2024,261.581087962963,43.11799,-79.06047,2024-09-17T13:56:46.000000Z
2024,261.58109953703706,43.11799,-79.06046,2024-09-17T13:56:47.000000Z
2024,261.5811111111111,43.11799,-79.06046,2024-09-17T13:56:48.000000Z
2024,261.5811226851852,43.11799,-79.06046,2024-09-17T13:56:49.000000Z
2024,261.5811342592593,43.11799,-79.06045,2024-09-17T13:56:50.000000Z
2024,261.5811458333334,43.11799,-79.06045,2024-09-17T13:56:51.000000Z
2024,261.58115740740743,43.11799,-79.06044,2024-09-17T13:56:52.000000Z
2024,261.5811689814815,43.11799,-79.06044,2024-09-17T13:56:53.000000Z
2024,261.5811805555556,43.11798,-79.06044,2024-09-17T13:56:54.000000Z
2024,261.58119212962964,43.11798,-79.06044,2024-09-17T13:56:55.000000Z
2024,261.58120370370375,43.11798,-79.06044,2024-09-17T13:56:56.000000Z
2024,261.5812152777778,43.11798,-79.06044,2024-09-17T13:56:57.000000Z
2024,261.58122685185185,43.11798,-79.06044,2024-09-17T13:56:58.000000Z
2024,261.58123842592596,43.11798,-79.06044,2024-09-17T13:56:59.000000Z
2024,261.58125,43.11798,-79.06043,2024-09-17T13:57:00.000000Z
2024,261.58126157407406,43.11798,-79.06043,2024-09-17T13:57:01.000000Z
2024,261.58127314814817,43.11797,-79.06043,2024-09-17T13:57:02.000000Z
2024,261.5812847222222,43.11797,-79.06043,2024-09-17T13:57:03.000000Z
2024,261.58129629629633,43.11797,-79.06043,2024-09-17T13:57:04.000000Z
2024,261.5915162037037,43.11793,-79.06044,2024-09-17T14:11:47.000000Z
2024,261.59152777777774,43.11793,-79.06044,2024-09-17T14:11:48.000000Z
2024,261.59153935185185,43.11793,-79.06045,2024-09-17T14:11:49.000000Z
2024,261.5915509259259,43.11793,-79.06045,2024-09-17T14:11:50.000000Z
2024,261.5915625,43.11793,-79.06044,2024-09-17T14:11:51.000000Z
2024,261.59157407407406,43.11793,-79.06044,2024-09-17T14:11:52.000000Z
2024,261.5915856481481,43.11793,-79.06045,2024-09-17T14:11:53.000000Z
2024,261.5915972222222,43.11793,-79.06044,2024-09-17T14:11:54.000000Z
2024,261.59160879629627,43.11793,-79.06044,2024-09-17T14:11:55.000000Z
2024,261.5916203703704,43.11793,-79.06044,2024-09-17T14:11:56.000000Z
2024,261.59163194444443,43.11793,-79.06044,2024-09-17T14:11:57.000000Z
2024,261.5916435185185,43.11793,-79.06044,2024-09-17T14:11:58.000000Z
2024,261.5916550925926,43.11793,-79.06044,2024-09-17T14:11:59.000000Z
2024,261.59166666666664,43.11793,-79.06044,2024-09-17T14:12:00.000000Z
2024,261.5916782407407,43.11793,-79.06044,2024-09-17T14:12:01.000000Z
2024,261.5916898148148,43.11793,-79.06044,2024-09-17T14:12:02.000000Z
2024,261.59170138888885,43.11793,-79.06044,2024-09-17T14:12:03.000000Z
2024,261.59171296296296,43.11793,-79.06045,2024-09-17T14:12:04.000000Z
2024,261.591724537037,43.11793,-79.06045,2024-09-17T14:12:05.000000Z
2024,261.6019212962963,43.11793,-79.0605,2024-09-17T14:26:46.000000Z
2024,261.6019328703704,43.11793,-79.06049,2024-09-17T14:26:47.000000Z
2024,261.6019444444444,43.11792,-79.06049,2024-09-17T14:26:48.000000Z
2024,261.60195601851854,43.11793,-79.06049,2024-09-17T14:26:49.000000Z
2024,261.6019675925926,43.11793,-79.06049,2024-09-17T14:26:50.000000Z
2024,261.6019791666667,43.11793,-79.06048,2024-09-17T14:26:51.000000Z
2024,261.60199074074075,43.11793,-79.06048,2024-09-17T14:26:52.000000Z
2024,261.6020023148148,43.11793,-79.06048,2024-09-17T14:26:53.000000Z
2024,261.6020138888889,43.11793,-79.06048,2024-09-17T14:26:54.000000Z
2024,261.60202546296296,43.11793,-79.06048,2024-09-17T14:26:55.000000Z
2024,261.60203703703706,43.11793,-79.06048,2024-09-17T14:26:56.000000Z
2024,261.6020486111111,43.11793,-79.06048,2024-09-17T14:26:57.000000Z
2024,261.60206018518517,43.11793,-79.06048,2024-09-17T14:26:58.000000Z
2024,261.6020717592593,43.11793,-79.06048,2024-09-17T14:26:59.000000Z
2024,261.6020833333333,43.11793,-79.06048,2024-09-17T14:27:00.000000Z
2024,261.6020949074074,43.11793,-79.06048,2024-09-17T14:27:01.000000Z
2024,261.6021064814815,43.11793,-79.06048,2024-09-17T14:27:02.000000Z
2024,261.60211805555554,43.11793,-79.06049,2024-09-17T14:27:03.000000Z
2024,261.60212962962964,43.11793,-79.06049,2024-09-17T14:27:04.000000Z
2024,261.61233796296295,43.11798,-79.06045,2024-09-17T14:41:46.000000Z
2024,261.612349537037,43.11798,-79.06044,2024-09-17T14:41:47.000000Z
2024,261.61236111111106,43.11798,-79.06044,2024-09-17T14:41:48.000000Z
2024,261.61237268518516,43.11798,-79.06044,2024-09-17T14:41:49.000000Z
2024,261.6123842592592,43.11798,-79.06044,2024-09-17T14:41:50.000000Z
2024,261.6123958333333,43.11798,-79.06044,2024-09-17T14:41:51.000000Z
2024,261.6124074074074,43.11798,-79.06045,2024-09-17T14:41:52.000000Z
2024,261.6124189814814,43.11798,-79.06045,2024-09-17T14:41:53.000000Z
2024,261.61243055555553,43.11799,-79.06045,2024-09-17T14:41:54.000000Z
2024,261.6124421296296,43.11798,-79.06045,2024-09-17T14:41:55.000000Z
2024,261.6124537037037,43.11798,-79.06045,2024-09-17T14:41:56.000000Z
2024,261.61246527777774,43.11798,-79.06045,2024-09-17T14:41:57.000000Z
2024,261.6124768518518,43.11798,-79.06046,2024-09-17T14:41:58.000000Z
2024,261.6124884259259,43.11799,-79.06046,2024-09-17T14:41:59.000000Z
2024,261.61249999999995,43.11798,-79.06045,2024-09-17T14:42:00.000000Z
2024,261.612511574074,43.11798,-79.06045,2024-09-17T14:42:01.000000Z
2024,261.6125231481481,43.11798,-79.06045,2024-09-17T14:42:02.000000Z
2024,261.61253472222216,43.11798,-79.06045,2024-09-17T14:42:03.000000Z
2024,261.6125462962963,43.11798,-79.06046,2024-09-17T14:42:04.000000Z
2024,261.62275462962964,43.11806,-79.06059,2024-09-17T14:56:46.000000Z
2024,261.6227662037037,43.11806,-79.06059,2024-09-17T14:56:47.000000Z
2024,261.62277777777774,43.11806,-79.06058,2024-09-17T14:56:48.000000Z
2024,261.62278935185185,43.11806,-79.06057,2024-09-17T14:56:49.000000Z
2024,261.6228125,43.11807,-79.06057,2024-09-17T14:56:51.000000Z
2024,261.62282407407406,43.11808,-79.06056,2024-09-17T14:56:52.000000Z
2024,261.6228356481481,43.11808,-79.06056,2024-09-17T14:56:53.000000Z
2024,261.6228472222222,43.11809,-79.06056,2024-09-17T14:56:54.000000Z
2024,261.62285879629627,43.11809,-79.06056,2024-09-17T14:56:55.000000Z
2024,261.6228703703704,43.11809,-79.06055,2024-09-17T14:56:56.000000Z
2024,261.62288194444443,43.1181,-79.06055,2024-09-17T14:56:57.000000Z
2024,261.6228935185185,43.1181,-79.06054,2024-09-17T14:56:58.000000Z
2024,261.6229050925926,43.11811,-79.06053,2024-09-17T14:56:59.000000Z
2024,261.62291666666664,43.11811,-79.06053,2024-09-17T14:57:00.000000Z
2024,261.6229282407407,43.1181,-79.06053,2024-09-17T14:57:01.000000Z
2024,261.6229398148148,43.11808,-79.06053,2024-09-17T14:57:02.000000Z
2024,261.62295138888885,43.11807,-79.06053,2024-09-17T14:57:03.000000Z
2024,261.62296296296296,43.11805,-79.06053,2024-09-17T14:57:04.000000Z
2024,261.6331597222222,43.11782,-79.06054,2024-09-17T15:11:45.000000Z
2024,261.6331712962963,43.11782,-79.06054,2024-09-17T15:11:46.000000Z
2024,261.6331828703704,43.11782,-79.06055,2024-09-17T15:11:47.000000Z
2024,261.6331944444444,43.11782,-79.06055,2024-09-17T15:11:48.000000Z
2024,261.63320601851854,43.11782,-79.06055,2024-09-17T15:11:49.000000Z
2024,261.6332175925926,43.11781,-79.06056,2024-09-17T15:11:50.000000Z
2024,261.6332291666667,43.11781,-79.06056,2024-09-17T15:11:51.000000Z
2024,261.63324074074075,43.1178,-79.06056,2024-09-17T15:11:52.000000Z
2024,261.6332523148148,43.1178,-79.06056,2024-09-17T15:11:53.000000Z
2024,261.6332638888889,43.1178,-79.06056,2024-09-17T15:11:54.000000Z
2024,261.63327546296296,43.1178,-79.06055,2024-09-17T15:11:55.000000Z
2024,261.63328703703706,43.1178,-79.06055,2024-09-17T15:11:56.000000Z
2024,261.6332986111111,43.1178,-79.06055,2024-09-17T15:11:57.000000Z
2024,261.63331018518517,43.1178,-79.06055,2024-09-17T15:11:58.000000Z
2024,261.6333217592593,43.1178,-79.06055,2024-09-17T15:11:59.000000Z
2024,261.6333333333333,43.11779,-79.06055,2024-09-17T15:12:00.000000Z
2024,261.6333449074074,43.11779,-79.06054,2024-09-17T15:12:01.000000Z
2024,261.6333564814815,43.11779,-79.06054,2024-09-17T15:12:02.000000Z
2024,261.63336805555554,43.11779,-79.06054,2024-09-17T15:12:03.000000Z
2024,261.63337962962964,43.11779,-79.06053,2024-09-17T15:12:04.000000Z
2024,261.6435763888889,43.11785,-79.06034,2024-09-17T15:26:45.000000Z
2024,261.643587962963,43.11786,-79.06034,2024-09-17T15:26:46.000000Z
2024,261.64359953703706,43.11786,-79.06035,2024-09-17T15:26:47.000000Z
2024,261.6436111111111,43.11785,-79.06036,2024-09-17T15:26:48.000000Z
2024,261.6436226851852,43.11785,-79.06036,2024-09-17T15:26:49.000000Z
2024,261.6436342592593,43.11785,-79.06037,2024-09-17T15:26:50.000000Z
2024,261.6436458333334,43.11785,-79.06037,2024-09-17T15:26:51.000000Z
2024,261.64365740740743,43.11785,-79.06037,2024-09-17T15:26:52.000000Z
2024,261.6436689814815,43.11785,-79.06038,2024-09-17T15:26:53.000000Z
2024,261.6436805555556,43.11785,-79.06038,2024-09-17T15:26:54.000000Z
2024,261.64369212962964,43.11786,-79.06038,2024-09-17T15:26:55.000000Z
2024,261.64370370370375,43.11787,-79.06038,2024-09-17T15:26:56.000000Z
2024,261.6437152777778,43.11787,-79.06038,2024-09-17T15:26:57.000000Z
2024,261.64372685185185,43.11786,-79.06038,2024-09-17T15:26:58.000000Z
2024,261.64373842592596,43.11786,-79.06038,2024-09-17T15:26:59.000000Z
2024,261.64375,43.11786,-79.06038,2024-09-17T15:27:00.000000Z
2024,261.64376157407406,43.11785,-79.06039,2024-09-17T15:27:01.000000Z
2024,261.6437847222222,43.11786,-79.06041,2024-09-17T15:27:03.000000Z
2024,261.64379629629633,43.11785,-79.06041,2024-09-17T15:27:04.000000Z
2024,261.65399305555553,43.11804,-79.06054,2024-09-17T15:41:45.000000Z
2024,261.65400462962964,43.11804,-79.06053,2024-09-17T15:41:46.000000Z
2024,261.6540162037037,43.11804,-79.06053,2024-09-17T15:41:47.000000Z
2024,261.65402777777774,43.11804,-79.06053,2024-09-17T15:41:48.000000Z
2024,261.65403935185185,43.11804,-79.06052,2024-09-17T15:41:49.000000Z
2024,261.6540509259259,43.11803,-79.06052,2024-09-17T15:41:50.000000Z
2024,261.6540625,43.11803,-79.06051,2024-09-17T15:41:51.000000Z
2024,261.65407407407406,43.11802,-79.0605,2024-09-17T15:41:52.000000Z
2024,261.6540856481481,43.11801,-79.0605,2024-09-17T15:41:53.000000Z
2024,261.6540972222222,43.11802,-79.0605,2024-09-17T15:41:54.000000Z
2024,261.65410879629627,43.11801,-79.0605,2024-09-17T15:41:55.000000Z
2024,261.6541203703704,43.11801,-79.0605,2024-09-17T15:41:56.000000Z
2024,261.65413194444443,43.118,-79.06049,2024-09-17T15:41:57.000000Z
2024,261.6541435185185,43.118,-79.06049,2024-09-17T15:41:58.000000Z
2024,261.6541550925926,43.118,-79.06049,2024-09-17T15:41:59.000000Z
2024,261.65416666666664,43.118,-79.06048,2024-09-17T15:42:00.000000Z
2024,261.6541782407407,43.11799,-79.06048,2024-09-17T15:42:01.000000Z
2024,261.6541898148148,43.11799,-79.06048,2024-09-17T15:42:02.000000Z
2024,261.65420138888885,43.11799,-79.06048,2024-09-17T15:42:03.000000Z
2024,261.65421296296296,43.11799,-79.06048,2024-09-17T15:42:04.000000Z
2024,261.6644097222222,43.11795,-79.06047,2024-09-17T15:56:45.000000Z
2024,261.6644212962963,43.11795,-79.06047,2024-09-17T15:56:46.000000Z
2024,261.6644328703704,43.11795,-79.06047,2024-09-17T15:56:47.000000Z
2024,261.6644444444444,43.11795,-79.06048,2024-09-17T15:56:48.000000Z
2024,261.66445601851854,43.11795,-79.06048,2024-09-17T15:56:49.000000Z
2024,261.6644675925926,43.11795,-79.06048,2024-09-17T15:56:50.000000Z
2024,261.6644791666667,43.11795,-79.06049,2024-09-17T15:56:51.000000Z
2024,261.66449074074075,43.11795,-79.06049,2024-09-17T15:56:52.000000Z
2024,261.6645023148148,43.11796,-79.06049,2024-09-17T15:56:53.000000Z
2024,261.6645138888889,43.11796,-79.06049,2024-09-17T15:56:54.000000Z
2024,261.66452546296296,43.11796,-79.06049,2024-09-17T15:56:55.000000Z
2024,261.66453703703706,43.11796,-79.0605,2024-09-17T15:56:56.000000Z
2024,261.6645486111111,43.11796,-79.0605,2024-09-17T15:56:57.000000Z
2024,261.66456018518517,43.11796,-79.0605,2024-09-17T15:56:58.000000Z
2024,261.6645717592593,43.11796,-79.0605,2024-09-17T15:56:59.000000Z
2024,261.6645833333333,43.11796,-79.06049,2024-09-17T15:57:00.000000Z
2024,261.6645949074074,43.11796,-79.06049,2024-09-17T15:57:01.000000Z
2024,261.6646064814815,43.11797,-79.06049,2024-09-17T15:57:02.000000Z
2024,261.66461805555554,43.11797,-79.06049,2024-09-17T15:57:03.000000Z
2024,261.66462962962964,43.11797,-79.06049,2024-09-17T15:57:04.000000Z
2024,261.6748263888889,43.11804,-79.06039,2024-09-17T16:11:45.000000Z
2024,261.674837962963,43.11804,-79.06039,2024-09-17T16:11:46.000000Z
2024,261.67484953703706,43.11804,-79.06039,2024-09-17T16:11:47.000000Z
2024,261.6748611111111,43.11804,-79.0604,2024-09-17T16:11:48.000000Z
2024,261.6748726851852,43.11804,-79.0604,2024-09-17T16:11:49.000000Z
2024,261.6748842592593,43.11804,-79.0604,2024-09-17T16:11:50.000000Z
2024,261.6748958333334,43.11804,-79.0604,2024-09-17T16:11:51.000000Z
2024,261.67490740740743,43.11804,-79.0604,2024-09-17T16:11:52.000000Z
2024,261.6749189814815,43.11804,-79.0604,2024-09-17T16:11:53.000000Z
2024,261.6749305555556,43.11804,-79.0604,2024-09-17T16:11:54.000000Z
2024,261.67494212962964,43.11804,-79.06039,2024-09-17T16:11:55.000000Z
2024,261.67495370370375,43.11804,-79.06039,2024-09-17T16:11:56.000000Z
2024,261.6749652777778,43.11804,-79.06039,2024-09-17T16:11:57.000000Z
2024,261.67497685185185,43.11804,-79.06039,2024-09-17T16:11:58.000000Z
2024,261.67498842592596,43.11804,-79.06039,2024-09-17T16:11:59.000000Z
2024,261.675,43.11804,-79.06039,2024-09-17T16:12:00.000000Z
2024,261.67501157407406,43.11804,-79.06039,2024-09-17T16:12:01.000000Z
2024,261.67502314814817,43.11804,-79.06039,2024-09-17T16:12:02.000000Z
2024,261.6750347222222,43.11803,-79.06039,2024-09-17T16:12:03.000000Z
2024,261.67504629629633,43.11803,-79.06039,2024-09-17T16:12:04.000000Z
2024,261.6852430555556,43.11788,-79.06055,2024-09-17T16:26:45.000000Z
2024,261.6852546296297,43.11788,-79.06054,2024-09-17T16:26:46.000000Z
2024,261.68526620370375,43.11788,-79.06054,2024-09-17T16:26:47.000000Z
2024,261.6852777777778,43.11789,-79.06053,2024-09-17T16:26:48.000000Z
2024,261.6852893518519,43.11789,-79.06053,2024-09-17T16:26:49.000000Z
2024,261.68530092592596,43.11789,-79.06053,2024-09-17T16:26:50.000000Z
2024,261.68531250000007,43.1179,-79.06053,2024-09-17T16:26:51.000000Z
2024,261.6853240740741,43.1179,-79.06053,2024-09-17T16:26:52.000000Z
2024,261.68533564814817,43.1179,-79.06052,2024-09-17T16:26:53.000000Z
2024,261.6853472222223,43.1179,-79.06052,2024-09-17T16:26:54.000000Z
2024,261.6853587962963,43.11791,-79.06052,2024-09-17T16:26:55.000000Z
2024,261.68537037037044,43.11791,-79.06051,2024-09-17T16:26:56.000000Z
2024,261.6853819444445,43.11791,-79.06051,2024-09-17T16:26:57.000000Z
2024,261.68539351851854,43.11792,-79.06051,2024-09-17T16:26:58.000000Z
2024,261.68540509259265,43.11792,-79.06051,2024-09-17T16:26:59.000000Z
2024,261.6854166666667,43.11793,-79.06051,2024-09-17T16:27:00.000000Z
2024,261.68542824074075,43.11793,-79.06051,2024-09-17T16:27:01.000000Z
2024,261.68543981481486,43.11793,-79.06051,2024-09-17T16:27:02.000000Z
2024,261.6854513888889,43.11793,-79.06051,2024-09-17T16:27:03.000000Z
2024,261.685462962963,43.11793,-79.06051,2024-09-17T16:27:04.000000Z
2024,261.6956597222222,43.11807,-79.06047,2024-09-17T16:41:45.000000Z
2024,261.6956712962963,43.11807,-79.06047,2024-09-17T16:41:46.000000Z
2024,261.6956828703704,43.11808,-79.06047,2024-09-17T16:41:47.000000Z
2024,261.6956944444444,43.11808,-79.06046,2024-09-17T16:41:48.000000Z
2024,261.69570601851854,43.11808,-79.06046,2024-09-17T16:41:49.000000Z
2024,261.6957175925926,43.11808,-79.06046,2024-09-17T16:41:50.000000Z
2024,261.6957291666667,43.11808,-79.06046,2024-09-17T16:41:51.000000Z
2024,261.69574074074075,43.11808,-79.06046,2024-09-17T16:41:52.000000Z
2024,261.6957523148148,43.11808,-79.06046,2024-09-17T16:41:53.000000Z
2024,261.6957638888889,43.11807,-79.06047,2024-09-17T16:41:54.000000Z
2024,261.69577546296296,43.11807,-79.06047,2024-09-17T16:41:55.000000Z
2024,261.69578703703706,43.11806,-79.06047,2024-09-17T16:41:56.000000Z
2024,261.6957986111111,43.11806,-79.06047,2024-09-17T16:41:57.000000Z
2024,261.69581018518517,43.11806,-79.06047,2024-09-17T16:41:58.000000Z
2024,261.6958217592593,43.11806,-79.06046,2024-09-17T16:41:59.000000Z
2024,261.6958333333333,43.11805,-79.06046,2024-09-17T16:42:00.000000Z
2024,261.6958449074074,43.11805,-79.06046,2024-09-17T16:42:01.000000Z
2024,261.6958564814815,43.11804,-79.06046,2024-09-17T16:42:02.000000Z
2024,261.69586805555554,43.11804,-79.06046,2024-09-17T16:42:03.000000Z
2024,261.69587962962964,43.11804,-79.06046,2024-09-17T16:42:04.000000Z
2024,261.7060763888889,43.11788,-79.06053,2024-09-17T16:56:45.000000Z
2024,261.706087962963,43.1179,-79.06053,2024-09-17T16:56:46.000000Z
2024,261.70609953703706,43.11791,-79.06053,2024-09-17T16:56:47.000000Z
2024,261.7061111111111,43.11791,-79.06053,2024-09-17T16:56:48.000000Z
2024,261.7061226851852,43.11792,-79.06053,2024-09-17T16:56:49.000000Z
2024,261.7061342592593,43.11792,-79.06053,2024-09-17T16:56:50.000000Z
2024,261.7061458333334,43.11793,-79.06053,2024-09-17T16:56:51.000000Z
2024,261.70615740740743,43.11793,-79.06052,2024-09-17T16:56:52.000000Z
2024,261.7061689814815,43.11793,-79.06052,2024-09-17T16:56:53.000000Z
2024,261.7061805555556,43.11794,-79.06052,2024-09-17T16:56:54.000000Z
2024,261.70619212962964,43.11794,-79.06052,2024-09-17T16:56:55.000000Z
2024,261.70620370370375,43.11795,-79.06052,2024-09-17T16:56:56.000000Z
2024,261.7062152777778,43.11795,-79.06052,2024-09-17T16:56:57.000000Z
2024,261.70622685185185,43.11795,-79.06053,2024-09-17T16:56:58.000000Z
2024,261.70623842592596,43.11794,-79.06052,2024-09-17T16:56:59.000000Z
2024,261.70625,43.11794,-79.06052,2024-09-17T16:57:00.000000Z
2024,261.70626157407406,43.11794,-79.06052,2024-09-17T16:57:01.000000Z
2024,261.70627314814817,43.11793,-79.06052,2024-09-17T16:57:02.000000Z
2024,261.7062847222222,43.11793,-79.06052,2024-09-17T16:57:03.000000Z
2024,261.70629629629633,43.11793,-79.06052,2024-09-17T16:57:04.000000Z
2024,261.71649305555553,43.11784,-79.06044,2024-09-17T17:11:45.000000Z
2024,261.71650462962964,43.11784,-79.06044,2024-09-17T17:11:46.000000Z
2024,261.7165162037037,43.11783,-79.06046,2024-09-17T17:11:47.000000Z
2024,261.71652777777774,43.11782,-79.06047,2024-09-17T17:11:48.000000Z
2024,261.71653935185185,43.11782,-79.06047,2024-09-17T17:11:49.000000Z
2024,261.7165509259259,43.11782,-79.06047,2024-09-17T17:11:50.000000Z
2024,261.7165625,43.11783,-79.06047,2024-09-17T17:11:51.000000Z
2024,261.71657407407406,43.11783,-79.06047,2024-09-17T17:11:52.000000Z
2024,261.7165856481481,43.11783,-79.06047,2024-09-17T17:11:53.000000Z
2024,261.7165972222222,43.11783,-79.06047,2024-09-17T17:11:54.000000Z
2024,261.71660879629627,43.11783,-79.06047,2024-09-17T17:11:55.000000Z
2024,261.7166203703704,43.11783,-79.06047,2024-09-17T17:11:56.000000Z
2024,261.71663194444443,43.11784,-79.06047,2024-09-17T17:11:57.000000Z
2024,261.7166435185185,43.11784,-79.06047,2024-09-17T17:11:58.000000Z
2024,261.7166550925926,43.11784,-79.06047,2024-09-17T17:11:59.000000Z
2024,261.71666666666664,43.11784,-79.06047,2024-09-17T17:12:00.000000Z
2024,261.7166782407407,43.11785,-79.06047,2024-09-17T17:12:01.000000Z
2024,261.7166898148148,43.11785,-79.06047,2024-09-17T17:12:02.000000Z
2024,261.71670138888885,43.11785,-79.06047,2024-09-17T17:12:03.000000Z
2024,261.71671296296296,43.11785,-79.06047,2024-09-17T17:12:04.000000Z
2024,261.7269097222222,43.1179,-79.06053,2024-09-17T17:26:45.000000Z
2024,261.7269212962963,43.1179,-79.06052,2024-09-17T17:26:46.000000Z
2024,261.7269328703704,43.1179,-79.06051,2024-09-17T17:26:47.000000Z
2024,261.7269444444444,43.1179,-79.06051,2024-09-17T17:26:48.000000Z
2024,261.72695601851854,43.1179,-79.06051,2024-09-17T17:26:49.000000Z
2024,261.7269675925926,43.1179,-79.0605,2024-09-17T17:26:50.000000Z
2024,261.7269791666667,43.1179,-79.0605,2024-09-17T17:26:51.000000Z
2024,261.72699074074075,43.11789,-79.0605,2024-09-17T17:26:52.000000Z
2024,261.7270023148148,43.11789,-79.0605,2024-09-17T17:26:53.000000Z
2024,261.7270138888889,43.11789,-79.0605,2024-09-17T17:26:54.000000Z
2024,261.72702546296296,43.11789,-79.0605,2024-09-17T17:26:55.000000Z
2024,261.72703703703706,43.11789,-79.0605,2024-09-17T17:26:56.000000Z
2024,261.7270486111111,43.11789,-79.0605,2024-09-17T17:26:57.000000Z
2024,261.72706018518517,43.11788,-79.0605,2024-09-17T17:26:58.000000Z
2024,261.7270717592593,43.11788,-79.0605,2024-09-17T17:26:59.000000Z
2024,261.7270833333333,43.11788,-79.0605,2024-09-17T17:27:00.000000Z
2024,261.7270949074074,43.11788,-79.0605,2024-09-17T17:27:01.000000Z
2024,261.7271064814815,43.11788,-79.0605,2024-09-17T17:27:02.000000Z
2024,261.72711805555554,43.11788,-79.0605,2024-09-17T17:27:03.000000Z
2024,261.72712962962964,43.11787,-79.0605,2024-09-17T17:27:04.000000Z
2024,261.73733796296295,43.11787,-79.0604,2024-09-17T17:41:46.000000Z
2024,261.737349537037,43.11784,-79.06041,2024-09-17T17:41:47.000000Z
2024,261.73736111111106,43.11783,-79.06043,2024-09-17T17:41:48.000000Z
2024,261.73737268518516,43.11781,-79.06043,2024-09-17T17:41:49.000000Z
2024,261.7373842592592,43.1178,-79.06043,2024-09-17T17:41:50.000000Z
2024,261.7373958333333,43.1178,-79.06043,2024-09-17T17:41:51.000000Z
2024,261.7374074074074,43.1178,-79.06044,2024-09-17T17:41:52.000000Z
2024,261.7374189814814,43.1178,-79.06044,2024-09-17T17:41:53.000000Z
2024,261.73743055555553,43.11779,-79.06044,2024-09-17T17:41:54.000000Z
2024,261.7374421296296,43.11779,-79.06044,2024-09-17T17:41:55.000000Z
2024,261.7374537037037,43.11779,-79.06044,2024-09-17T17:41:56.000000Z
2024,261.73746527777774,43.11779,-79.06044,2024-09-17T17:41:57.000000Z
2024,261.7374768518518,43.11779,-79.06045,2024-09-17T17:41:58.000000Z
2024,261.7374884259259,43.11779,-79.06045,2024-09-17T17:41:59.000000Z
2024,261.73749999999995,43.11779,-79.06045,2024-09-17T17:42:00.000000Z
2024,261.737511574074,43.11779,-79.06046,2024-09-17T17:42:01.000000Z
2024,261.7375231481481,43.11779,-79.06045,2024-09-17T17:42:02.000000Z
2024,261.73753472222216,43.11778,-79.06045,2024-09-17T17:42:03.000000Z
2024,261.7375462962963,43.11778,-79.06045,2024-09-17T17:42:04.000000Z
2024,261.74774305555553,43.1178,-79.06048,2024-09-17T17:56:45.000000Z
2024,261.74775462962964,43.1178,-79.06049,2024-09-17T17:56:46.000000Z
2024,261.7477662037037,43.1178,-79.0605,2024-09-17T17:56:47.000000Z
2024,261.74777777777774,43.11781,-79.0605,2024-09-17T17:56:48.000000Z
2024,261.74778935185185,43.11781,-79.0605,2024-09-17T17:56:49.000000Z
2024,261.7478009259259,43.11782,-79.0605,2024-09-17T17:56:50.000000Z
2024,261.7478125,43.11781,-79.0605,2024-09-17T17:56:51.000000Z
2024,261.74782407407406,43.11781,-79.06051,2024-09-17T17:56:52.000000Z
2024,261.7478356481481,43.11781,-79.06051,2024-09-17T17:56:53.000000Z
2024,261.7478472222222,43.1178,-79.06051,2024-09-17T17:56:54.000000Z
2024,261.74785879629627,43.1178,-79.06051,2024-09-17T17:56:55.000000Z
2024,261.7478703703704,43.1178,-79.06051,2024-09-17T17:56:56.000000Z
2024,261.74788194444443,43.11779,-79.06051,2024-09-17T17:56:57.000000Z
2024,261.7478935185185,43.11779,-79.06051,2024-09-17T17:56:58.000000Z
2024,261.7479050925926,43.11779,-79.0605,2024-09-17T17:56:59.000000Z
2024,261.74791666666664,43.11779,-79.0605,2024-09-17T17:57:00.000000Z
2024,261.7479282407407,43.11779,-79.06049,2024-09-17T17:57:01.000000Z
2024,261.7479398148148,43.11779,-79.06048,2024-09-17T17:57:02.000000Z
2024,261.74795138888885,43.11779,-79.06048,2024-09-17T17:57:03.000000Z
2024,261.74796296296296,43.11779,-79.06047,2024-09-17T17:57:04.000000Z
2024,261.7581597222222,43.11803,-79.06044,2024-09-17T18:11:45.000000Z
2024,261.7581712962963,43.11803,-79.06044,2024-09-17T18:11:46.000000Z
2024,261.7581828703704,43.11803,-79.06044,2024-09-17T18:11:47.000000Z
2024,261.7581944444444,43.11803,-79.06044,2024-09-17T18:11:48.000000Z
2024,261.75820601851854,43.11802,-79.06044,2024-09-17T18:11:49.000000Z
2024,261.7582175925926,43.11802,-79.06044,2024-09-17T18:11:50.000000Z
2024,261.7582291666667,43.11802,-79.06044,2024-09-17T18:11:51.000000Z
2024,261.75824074074075,43.11801,-79.06044,2024-09-17T18:11:52.000000Z
2024,261.7582523148148,43.11801,-79.06044,2024-09-17T18:11:53.000000Z
2024,261.7582638888889,43.11801,-79.06045,2024-09-17T18:11:54.000000Z
2024,261.75827546296296,43.11801,-79.06045,2024-09-17T18:11:55.000000Z
2024,261.75828703703706,43.11801,-79.06045,2024-09-17T18:11:56.000000Z
2024,261.7582986111111,43.11801,-79.06045,2024-09-17T18:11:57.000000Z
2024,261.75831018518517,43.11801,-79.06045,2024-09-17T18:11:58.000000Z
2024,261.7583217592593,43.11801,-79.06045,2024-09-17T18:11:59.000000Z
2024,261.7583333333333,43.11801,-79.06045,2024-09-17T18:12:00.000000Z
2024,261.7583449074074,43.118,-79.06045,2024-09-17T18:12:01.000000Z
2024,261.7583564814815,43.118,-79.06045,2024-09-17T18:12:02.000000Z
2024,261.75836805555554,43.118,-79.06045,2024-09-17T18:12:03.000000Z
2024,261.75837962962964,43.118,-79.06045,2024-09-17T18:12:04.000000Z
2024,261.7685763888889,43.11793,-79.06049,2024-09-17T18:26:45.000000Z
2024,261.768587962963,43.11794,-79.06049,2024-09-17T18:26:46.000000Z
2024,261.76859953703706,43.11795,-79.06049,2024-09-17T18:26:47.000000Z
2024,261.7686111111111,43.11795,-79.06049,2024-09-17T18:26:48.000000Z
2024,261.7686226851852,43.11795,-79.06049,2024-09-17T18:26:49.000000Z
2024,261.7686342592593,43.11795,-79.0605,2024-09-17T18:26:50.000000Z
2024,261.7686458333334,43.11794,-79.0605,2024-09-17T18:26:51.000000Z
2024,261.76865740740743,43.11794,-79.06051,2024-09-17T18:26:52.000000Z
2024,261.7686689814815,43.11794,-79.06051,2024-09-17T18:26:53.000000Z
2024,261.7686805555556,43.11793,-79.06051,2024-09-17T18:26:54.000000Z
2024,261.76869212962964,43.11793,-79.06051,2024-09-17T18:26:55.000000Z
2024,261.76870370370375,43.11793,-79.0605,2024-09-17T18:26:56.000000Z
2024,261.7687152777778,43.11792,-79.06051,2024-09-17T18:26:57.000000Z
2024,261.76872685185185,43.11792,-79.06051,2024-09-17T18:26:58.000000Z
2024,261.76873842592596,43.11792,-79.06051,2024-09-17T18:26:59.000000Z
2024,261.76875,43.11792,-79.06051,2024-09-17T18:27:00.000000Z
2024,261.76876157407406,43.11792,-79.06051,2024-09-17T18:27:01.000000Z
2024,261.76877314814817,43.11793,-79.06051,2024-09-17T18:27:02.000000Z
2024,261.7687847222222,43.11793,-79.06051,2024-09-17T18:27:03.000000Z
2024,261.76879629629633,43.11793,-79.06051,2024-09-17T18:27:04.000000Z
2024,261.77899305555553,43.11796,-79.06043,2024-09-17T18:41:45.000000Z
2024,261.77900462962964,43.11796,-79.06044,2024-09-17T18:41:46.000000Z
2024,261.7790162037037,43.11796,-79.06044,2024-09-17T18:41:47.000000Z
2024,261.77902777777774,43.11796,-79.06044,2024-09-17T18:41:48.000000Z
2024,261.77903935185185,43.11797,-79.06045,2024-09-17T18:41:49.000000Z
2024,261.7790509259259,43.11797,-79.06045,2024-09-17T18:41:50.000000Z
2024,261.7790625,43.11798,-79.06046,2024-09-17T18:41:51.000000Z
2024,261.77907407407406,43.11798,-79.06046,2024-09-17T18:41:52.000000Z
2024,261.7790856481481,43.11796,-79.06043,2024-09-17T18:41:53.000000Z
2024,261.7790972222222,43.11795,-79.06041,2024-09-17T18:41:54.000000Z
2024,261.77910879629627,43.11795,-79.06041,2024-09-17T18:41:55.000000Z
2024,261.7791203703704,43.11796,-79.0604,2024-09-17T18:41:56.000000Z
2024,261.77913194444443,43.11795,-79.0604,2024-09-17T18:41:57.000000Z
2024,261.7791435185185,43.11795,-79.06039,2024-09-17T18:41:58.000000Z
2024,261.7791550925926,43.11795,-79.06038,2024-09-17T18:41:59.000000Z
2024,261.77916666666664,43.11795,-79.06037,2024-09-17T18:42:00.000000Z
2024,261.7791782407407,43.11795,-79.06037,2024-09-17T18:42:01.000000Z
2024,261.7791898148148,43.11795,-79.06037,2024-09-17T18:42:02.000000Z
2024,261.77920138888885,43.11795,-79.06037,2024-09-17T18:42:03.000000Z
2024,261.77921296296296,43.11795,-79.06037,2024-09-17T18:42:04.000000Z
2024,261.7894097222222,43.118,-79.06047,2024-09-17T18:56:45.000000Z
2024,261.7894212962963,43.11801,-79.06048,2024-09-17T18:56:46.000000Z
2024,261.7894328703704,43.11801,-79.06047,2024-09-17T18:56:47.000000Z
2024,261.7894444444444,43.11801,-79.06048,2024-09-17T18:56:48.000000Z
2024,261.78945601851854,43.118,-79.06047,2024-09-17T18:56:49.000000Z
2024,261.7894675925926,43.118,-79.06047,2024-09-17T18:56:50.000000Z
2024,261.7894791666667,43.118,-79.06047,2024-09-17T18:56:51.000000Z
2024,261.78949074074075,43.118,-79.06047,2024-09-17T18:56:52.000000Z
2024,261.7895023148148,43.118,-79.06047,2024-09-17T18:56:53.000000Z
2024,261.7895138888889,43.118,-79.06047,2024-09-17T18:56:54.000000Z
2024,261.78952546296296,43.118,-79.06047,2024-09-17T18:56:55.000000Z
2024,261.78953703703706,43.118,-79.06047,2024-09-17T18:56:56.000000Z
2024,261.7895486111111,43.118,-79.06047,2024-09-17T18:56:57.000000Z
2024,261.78956018518517,43.11799,-79.06047,2024-09-17T18:56:58.000000Z
2024,261.7895717592593,43.11799,-79.06047,2024-09-17T18:56:59.000000Z
2024,261.7895833333333,43.11799,-79.06047,2024-09-17T18:57:00.000000Z
2024,261.7895949074074,43.11799,-79.06047,2024-09-17T18:57:01.000000Z
2024,261.7896064814815,43.11799,-79.06047,2024-09-17T18:57:02.000000Z
2024,261.78961805555554,43.11799,-79.06047,2024-09-17T18:57:03.000000Z
2024,261.78962962962964,43.11799,-79.06047,2024-09-17T18:57:04.000000Z
2024,261.79984953703706,43.11793,-79.06056,2024-09-17T19:11:47.000000Z
2024,261.7998611111111,43.11793,-79.06057,2024-09-17T19:11:48.000000Z
2024,261.7998726851852,43.11792,-79.06058,2024-09-17T19:11:49.000000Z
2024,261.7998842592593,43.11792,-79.06058,2024-09-17T19:11:50.000000Z
2024,261.7998958333334,43.11792,-79.06058,2024-09-17T19:11:51.000000Z
2024,261.79990740740743,43.11792,-79.06058,2024-09-17T19:11:52.000000Z
2024,261.7999189814815,43.11792,-79.06058,2024-09-17T19:11:53.000000Z
2024,261.7999305555556,43.11792,-79.06058,2024-09-17T19:11:54.000000Z
2024,261.79994212962964,43.11792,-79.06058,2024-09-17T19:11:55.000000Z
2024,261.79995370370375,43.11792,-79.06058,2024-09-17T19:11:56.000000Z
2024,261.7999652777778,43.11792,-79.06058,2024-09-17T19:11:57.000000Z
2024,261.79997685185185,43.11792,-79.06058,2024-09-17T19:11:58.000000Z
2024,261.79998842592596,43.11792,-79.06058,2024-09-17T19:11:59.000000Z
2024,261.8,43.11792,-79.06059,2024-09-17T19:12:00.000000Z
2024,261.80001157407406,43.11792,-79.06058,2024-09-17T19:12:01.000000Z
2024,261.80002314814817,43.11792,-79.06058,2024-09-17T19:12:02.000000Z
2024,261.8000347222222,43.11791,-79.06057,2024-09-17T19:12:03.000000Z
2024,261.80004629629633,43.11791,-79.06057,2024-09-17T19:12:04.000000Z
2024,261.8000578703704,43.11791,-79.06057,2024-09-17T19:12:05.000000Z
2024,261.81026620370375,43.11789,-79.06056,2024-09-17T19:26:47.000000Z
2024,261.8102777777778,43.1179,-79.06056,2024-09-17T19:26:48.000000Z
2024,261.8102893518519,43.1179,-79.06056,2024-09-17T19:26:49.000000Z
2024,261.81030092592596,43.1179,-79.06056,2024-09-17T19:26:50.000000Z
2024,261.81031250000007,43.1179,-79.06056,2024-09-17T19:26:51.000000Z
2024,261.8103240740741,43.1179,-79.06056,2024-09-17T19:26:52.000000Z
2024,261.81033564814817,43.1179,-79.06056,2024-09-17T19:26:53.000000Z
2024,261.8103472222223,43.1179,-79.06056,2024-09-17T19:26:54.000000Z
2024,261.8103587962963,43.1179,-79.06056,2024-09-17T19:26:55.000000Z
2024,261.81037037037044,43.1179,-79.06055,2024-09-17T19:26:56.000000Z
2024,261.8103819444445,43.1179,-79.06055,2024-09-17T19:26:57.000000Z
2024,261.81039351851854,43.11791,-79.06055,2024-09-17T19:26:58.000000Z
2024,261.81040509259265,43.11791,-79.06054,2024-09-17T19:26:59.000000Z
2024,261.8104166666667,43.11791,-79.06054,2024-09-17T19:27:00.000000Z
2024,261.81042824074075,43.11791,-79.06053,2024-09-17T19:27:01.000000Z
2024,261.81043981481486,43.11791,-79.06053,2024-09-17T19:27:02.000000Z
2024,261.8104513888889,43.11791,-79.06053,2024-09-17T19:27:03.000000Z
2024,261.810462962963,43.11791,-79.06053,2024-09-17T19:27:04.000000Z
2024,261.81047453703707,43.11791,-79.06053,2024-09-17T19:27:05.000000Z
2024,261.8206828703704,43.11783,-79.06038,2024-09-17T19:41:47.000000Z
2024,261.8206944444444,43.11783,-79.06038,2024-09-17T19:41:48.000000Z
2024,261.82070601851854,43.11783,-79.06039,2024-09-17T19:41:49.000000Z
2024,261.8207175925926,43.11783,-79.06039,2024-09-17T19:41:50.000000Z
2024,261.8207291666667,43.11783,-79.06038,2024-09-17T19:41:51.000000Z
2024,261.82074074074075,43.11783,-79.06039,2024-09-17T19:41:52.000000Z
2024,261.8207523148148,43.11782,-79.06039,2024-09-17T19:41:53.000000Z
2024,261.8207638888889,43.11783,-79.06039,2024-09-17T19:41:54.000000Z
2024,261.82077546296296,43.11783,-79.06039,2024-09-17T19:41:55.000000Z
2024,261.82078703703706,43.11783,-79.06039,2024-09-17T19:41:56.000000Z
2024,261.8207986111111,43.11783,-79.06039,2024-09-17T19:41:57.000000Z
2024,261.82081018518517,43.11783,-79.06039,2024-09-17T19:41:58.000000Z
2024,261.8208217592593,43.11783,-79.06039,2024-09-17T19:41:59.000000Z
2024,261.8208333333333,43.11783,-79.06039,2024-09-17T19:42:00.000000Z
2024,261.8208449074074,43.11784,-79.06039,2024-09-17T19:42:01.000000Z
2024,261.8208564814815,43.11785,-79.06039,2024-09-17T19:42:02.000000Z
2024,261.82086805555554,43.11785,-79.06039,2024-09-17T19:42:03.000000Z
2024,261.82087962962964,43.11786,-79.06039,2024-09-17T19:42:04.000000Z
2024,261.8208912037037,43.11787,-79.0604,2024-09-17T19:42:05.000000Z
2024,261.83109953703706,43.11795,-79.06046,2024-09-17T19:56:47.000000Z
2024,261.8311111111111,43.11795,-79.06047,2024-09-17T19:56:48.000000Z
2024,261.8311226851852,43.11795,-79.06047,2024-09-17T19:56:49.000000Z
2024,261.8311342592593,43.11795,-79.06047,2024-09-17T19:56:50.000000Z
2024,261.8311458333334,43.11795,-79.06047,2024-09-17T19:56:51.000000Z
2024,261.83115740740743,43.11795,-79.06047,2024-09-17T19:56:52.000000Z
2024,261.8311689814815,43.11796,-79.06047,2024-09-17T19:56:53.000000Z
2024,261.8311805555556,43.11796,-79.06047,2024-09-17T19:56:54.000000Z
2024,261.83119212962964,43.11796,-79.06048,2024-09-17T19:56:55.000000Z
2024,261.83120370370375,43.11796,-79.06048,2024-09-17T19:56:56.000000Z
2024,261.8312152777778,43.11796,-79.06048,2024-09-17T19:56:57.000000Z
2024,261.83122685185185,43.11796,-79.06048,2024-09-17T19:56:58.000000Z
2024,261.83123842592596,43.11796,-79.06048,2024-09-17T19:56:59.000000Z
2024,261.83125,43.11797,-79.06048,2024-09-17T19:57:00.000000Z
2024,261.83126157407406,43.11796,-79.06047,2024-09-17T19:57:01.000000Z
2024,261.83127314814817,43.11796,-79.06047,2024-09-17T19:57:02.000000Z
2024,261.8312847222222,43.11796,-79.06047,2024-09-17T19:57:03.000000Z
2024,261.83129629629633,43.11796,-79.06047,2024-09-17T19:57:04.000000Z
2024,261.8313078703704,43.11796,-79.06047,2024-09-17T19:57:05.000000Z
2024,261.8415162037037,43.1178,-79.0604,2024-09-17T20:11:47.000000Z
2024,261.84152777777774,43.1178,-79.06041,2024-09-17T20:11:48.000000Z
2024,261.84153935185185,43.11779,-79.0604,2024-09-17T20:11:49.000000Z
2024,261.8415509259259,43.11779,-79.0604,2024-09-17T20:11:50.000000Z
2024,261.8415625,43.11779,-79.0604,2024-09-17T20:11:51.000000Z
2024,261.84157407407406,43.1178,-79.0604,2024-09-17T20:11:52.000000Z
2024,261.8415856481481,43.1178,-79.0604,2024-09-17T20:11:53.000000Z
2024,261.8415972222222,43.11781,-79.0604,2024-09-17T20:11:54.000000Z
2024,261.84160879629627,43.11782,-79.06041,2024-09-17T20:11:55.000000Z
2024,261.8416203703704,43.11782,-79.06041,2024-09-17T20:11:56.000000Z
2024,261.84163194444443,43.11783,-79.06041,2024-09-17T20:11:57.000000Z
2024,261.8416435185185,43.11783,-79.06041,2024-09-17T20:11:58.000000Z
2024,261.8416550925926,43.11784,-79.06041,2024-09-17T20:11:59.000000Z
2024,261.84166666666664,43.11784,-79.06041,2024-09-17T20:12:00.000000Z
2024,261.8416782407407,43.11785,-79.06042,2024-09-17T20:12:01.000000Z
2024,261.8416898148148,43.11785,-79.06042,2024-09-17T20:12:02.000000Z
2024,261.84170138888885,43.11785,-79.06042,2024-09-17T20:12:03.000000Z
2024,261.84171296296296,43.11786,-79.06042,2024-09-17T20:12:04.000000Z
2024,261.841724537037,43.11786,-79.06042,2024-09-17T20:12:05.000000Z
2024,261.8519328703704,43.11789,-79.06048,2024-09-17T20:26:47.000000Z
2024,261.8519444444444,43.11789,-79.06048,2024-09-17T20:26:48.000000Z
2024,261.85195601851854,43.11789,-79.06048,2024-09-17T20:26:49.000000Z
2024,261.8519675925926,43.1179,-79.06048,2024-09-17T20:26:50.000000Z
2024,261.8519791666667,43.1179,-79.06049,2024-09-17T20:26:51.000000Z
2024,261.85199074074075,43.11791,-79.06049,2024-09-17T20:26:52.000000Z
2024,261.8520023148148,43.11791,-79.0605,2024-09-17T20:26:53.000000Z
2024,261.8520138888889,43.11791,-79.0605,2024-09-17T20:26:54.000000Z
2024,261.85202546296296,43.11792,-79.0605,2024-09-17T20:26:55.000000Z
2024,261.85203703703706,43.11792,-79.0605,2024-09-17T20:26:56.000000Z
2024,261.8520486111111,43.11792,-79.0605,2024-09-17T20:26:57.000000Z
2024,261.85206018518517,43.11792,-79.06051,2024-09-17T20:26:58.000000Z
2024,261.8520717592593,43.11792,-79.06051,2024-09-17T20:26:59.000000Z
2024,261.8520833333333,43.11793,-79.06051,2024-09-17T20:27:00.000000Z
2024,261.8520949074074,43.11793,-79.06051,2024-09-17T20:27:01.000000Z
2024,261.8521064814815,43.11793,-79.06052,2024-09-17T20:27:02.000000Z
2024,261.85211805555554,43.11793,-79.06052,2024-09-17T20:27:03.000000Z
2024,261.85212962962964,43.11793,-79.06052,2024-09-17T20:27:04.000000Z
2024,261.8521412037037,43.11793,-79.06052,2024-09-17T20:27:05.000000Z
2024,261.86233796296295,43.11794,-79.06057,2024-09-17T20:41:46.000000Z
2024,261.862349537037,43.11794,-79.06057,2024-09-17T20:41:47.000000Z
2024,261.86236111111106,43.11794,-79.06057,2024-09-17T20:41:48.000000Z
2024,261.86237268518516,43.11794,-79.06057,2024-09-17T20:41:49.000000Z
2024,261.8623842592592,43.11795,-79.06056,2024-09-17T20:41:50.000000Z
2024,261.8623958333333,43.11795,-79.06056,2024-09-17T20:41:51.000000Z
2024,261.8624074074074,43.11795,-79.06056,2024-09-17T20:41:52.000000Z
2024,261.8624189814814,43.11795,-79.06056,2024-09-17T20:41:53.000000Z
2024,261.86243055555553,43.11795,-79.06056,2024-09-17T20:41:54.000000Z
2024,261.8624421296296,43.11795,-79.06056,2024-09-17T20:41:55.000000Z
2024,261.8624537037037,43.11795,-79.06056,2024-09-17T20:41:56.000000Z
2024,261.86246527777774,43.11795,-79.06056,2024-09-17T20:41:57.000000Z
2024,261.8624768518518,43.11795,-79.06056,2024-09-17T20:41:58.000000Z
2024,261.8624884259259,43.11795,-79.06056,2024-09-17T20:41:59.000000Z
2024,261.86249999999995,43.11796,-79.06056,2024-09-17T20:42:00.000000Z
2024,261.862511574074,43.11796,-79.06057,2024-09-17T20:42:01.000000Z
2024,261.8625231481481,43.11796,-79.06057,2024-09-17T20:42:02.000000Z
2024,261.86253472222216,43.11796,-79.06057,2024-09-17T20:42:03.000000Z
2024,261.8625462962963,43.11796,-79.06057,2024-09-17T20:42:04.000000Z
2024,261.8727662037037,43.11809,-79.06048,2024-09-17T20:56:47.000000Z
2024,261.87277777777774,43.11808,-79.06049,2024-09-17T20:56:48.000000Z
2024,261.87278935185185,43.11806,-79.06049,2024-09-17T20:56:49.000000Z
2024,261.8728009259259,43.11804,-79.06047,2024-09-17T20:56:50.000000Z
2024,261.8728125,43.11802,-79.06047,2024-09-17T20:56:51.000000Z
2024,261.87282407407406,43.11802,-79.06046,2024-09-17T20:56:52.000000Z
2024,261.8728356481481,43.11801,-79.06046,2024-09-17T20:56:53.000000Z
2024,261.8728472222222,43.11801,-79.06045,2024-09-17T20:56:54.000000Z
2024,261.87285879629627,43.118,-79.06045,2024-09-17T20:56:55.000000Z
2024,261.8728703703704,43.118,-79.06045,2024-09-17T20:56:56.000000Z
2024,261.87288194444443,43.118,-79.06044,2024-09-17T20:56:57.000000Z
2024,261.8728935185185,43.118,-79.06044,2024-09-17T20:56:58.000000Z
2024,261.8729050925926,43.118,-79.06044,2024-09-17T20:56:59.000000Z
2024,261.87291666666664,43.11799,-79.06044,2024-09-17T20:57:00.000000Z
2024,261.8729282407407,43.11799,-79.06044,2024-09-17T20:57:01.000000Z
2024,261.8729398148148,43.11799,-79.06044,2024-09-17T20:57:02.000000Z
2024,261.87295138888885,43.11799,-79.06044,2024-09-17T20:57:03.000000Z
2024,261.87296296296296,43.11799,-79.06044,2024-09-17T20:57:04.000000Z
2024,261.872974537037,43.11799,-79.06044,2024-09-17T20:57:05.000000Z
2024,261.8831828703704,43.11792,-79.06035,2024-09-17T21:11:47.000000Z
2024,261.8831944444444,43.11792,-79.06035,2024-09-17T21:11:48.000000Z
2024,261.88320601851854,43.11791,-79.06036,2024-09-17T21:11:49.000000Z
2024,261.8832175925926,43.11791,-79.06037,2024-09-17T21:11:50.000000Z
2024,261.8832291666667,43.11791,-79.06037,2024-09-17T21:11:51.000000Z
2024,261.88324074074075,43.11791,-79.06037,2024-09-17T21:11:52.000000Z
2024,261.8832523148148,43.11791,-79.06038,2024-09-17T21:11:53.000000Z
2024,261.8832638888889,43.11791,-79.06039,2024-09-17T21:11:54.000000Z
2024,261.88327546296296,43.11791,-79.0604,2024-09-17T21:11:55.000000Z
2024,261.88328703703706,43.11791,-79.0604,2024-09-17T21:11:56.000000Z
2024,261.8832986111111,43.11791,-79.0604,2024-09-17T21:11:57.000000Z
2024,261.88331018518517,43.1179,-79.0604,2024-09-17T21:11:58.000000Z
2024,261.8833217592593,43.1179,-79.06041,2024-09-17T21:11:59.000000Z
2024,261.8833333333333,43.1179,-79.06041,2024-09-17T21:12:00.000000Z
2024,261.8833449074074,43.11791,-79.06041,2024-09-17T21:12:01.000000Z
2024,261.8833564814815,43.11791,-79.06042,2024-09-17T21:12:02.000000Z
2024,261.88336805555554,43.11791,-79.06042,2024-09-17T21:12:03.000000Z
2024,261.88337962962964,43.11791,-79.06043,2024-09-17T21:12:04.000000Z
2024,261.8833912037037,43.11791,-79.06042,2024-09-17T21:12:05.000000Z
2024,261.8952777777778,43.11803,-79.06044,2024-09-17T21:29:12.000000Z
2024,261.89528935185183,43.11802,-79.06044,2024-09-17T21:29:13.000000Z
2024,261.89530092592594,43.11802,-79.06044,2024-09-17T21:29:14.000000Z
2024,261.8953125,43.11801,-79.06044,2024-09-17T21:29:15.000000Z
2024,261.89532407407404,43.11801,-79.06044,2024-09-17T21:29:16.000000Z
2024,261.89533564814815,43.11801,-79.06045,2024-09-17T21:29:17.000000Z
2024,261.8953472222222,43.11801,-79.06046,2024-09-17T21:29:18.000000Z
2024,261.8953587962963,43.11801,-79.06046,2024-09-17T21:29:19.000000Z
2024,261.89537037037036,43.11801,-79.06046,2024-09-17T21:29:20.000000Z
2024,261.8953819444444,43.11801,-79.06047,2024-09-17T21:29:21.000000Z
2024,261.8953935185185,43.11801,-79.06047,2024-09-17T21:29:22.000000Z
2024,261.89540509259257,43.11801,-79.06047,2024-09-17T21:29:23.000000Z
2024,261.8954166666667,43.11801,-79.06047,2024-09-17T21:29:24.000000Z
2024,261.8954282407407,43.11801,-79.06047,2024-09-17T21:29:25.000000Z
2024,261.8954398148148,43.11801,-79.06047,2024-09-17T21:29:26.000000Z
2024,261.8954513888889,43.11801,-79.06047,2024-09-17T21:29:27.000000Z
2024,261.89546296296294,43.11801,-79.06047,2024-09-17T21:29:28.000000Z
2024,261.89547453703705,43.11801,-79.06047,2024-09-17T21:29:29.000000Z
2024,261.8954861111111,43.11801,-79.06047,2024-09-17T21:29:30.000000Z
2024,261.89549768518515,43.11801,-79.06047,2024-09-17T21:29:31.000000Z
2024,261.89550925925926,43.11801,-79.06047,2024-09-17T21:29:32.000000Z
2024,261.8955208333333,43.11801,-79.06047,2024-09-17T21:29:33.000000Z
2024,261.8955324074074,43.11802,-79.06047,2024-09-17T21:29:34.000000Z
2024,261.89554398148147,43.11802,-79.06047,2024-09-17T21:29:35.000000Z
2024,261.8955555555556,43.11802,-79.06047,2024-09-17T21:29:36.000000Z
2024,261.8955671296296,43.11802,-79.06047,2024-09-17T21:29:37.000000Z
2024,261.8955787037037,43.11802,-79.06047,2024-09-17T21:29:38.000000Z
2024,261.8955902777778,43.11802,-79.06047,2024-09-17T21:29:39.000000Z
2024,261.89560185185184,43.11802,-79.06046,2024-09-17T21:29:40.000000Z
2024,261.89561342592594,43.11801,-79.06045,2024-09-17T21:29:41.000000Z
2024,261.895625,43.11801,-79.06045,2024-09-17T21:29:42.000000Z
2024,261.89563657407405,43.11801,-79.06046,2024-09-17T21:29:43.000000Z
2024,261.89564814814815,43.118,-79.06046,2024-09-17T21:29:44.000000Z
2024,261.8956597222222,43.118,-79.06046,2024-09-17T21:29:45.000000Z
2024,261.8956712962963,43.118,-79.06046,2024-09-17T21:29:46.000000Z
2024,261.89568287037036,43.118,-79.06046,2024-09-17T21:29:47.000000Z
2024,261.8956944444444,43.118,-79.06045,2024-09-17T21:29:48.000000Z
2024,261.8957060185185,43.118,-79.06045,2024-09-17T21:29:49.000000Z
2024,261.8957175925926,43.118,-79.06045,2024-09-17T21:29:50.000000Z
2024,261.8957291666667,43.11801,-79.06045,2024-09-17T21:29:51.000000Z
2024,261.89574074074073,43.11801,-79.06044,2024-09-17T21:29:52.000000Z
2024,261.8957523148148,43.11801,-79.06044,2024-09-17T21:29:53.000000Z
2024,261.8957638888889,43.11801,-79.06044,2024-09-17T21:29:54.000000Z
2024,261.89577546296294,43.11801,-79.06044,2024-09-17T21:29:55.000000Z
2024,261.89578703703705,43.11801,-79.06044,2024-09-17T21:29:56.000000Z
2024,261.8957986111111,43.11801,-79.06043,2024-09-17T21:29:57.000000Z
2024,261.89581018518516,43.11801,-79.06043,2024-09-17T21:29:58.000000Z
2024,261.89582175925926,43.11801,-79.06043,2024-09-17T21:29:59.000000Z
2024,261.8958333333333,43.11801,-79.06043,2024-09-17T21:30:00.000000Z
2024,261.89584490740737,43.11801,-79.06042,2024-09-17T21:30:01.000000Z
2024,261.8958564814815,43.11801,-79.06043,2024-09-17T21:30:02.000000Z
2024,261.8958680555555,43.11801,-79.06043,2024-09-17T21:30:03.000000Z
2024,261.89587962962963,43.11801,-79.06043,2024-09-17T21:30:04.000000Z
2024,261.8958912037037,43.11801,-79.06043,2024-09-17T21:30:05.000000Z
2024,261.89590277777774,43.11801,-79.06043,2024-09-17T21:30:06.000000Z
2024,261.89591435185184,43.11801,-79.06043,2024-09-17T21:30:07.000000Z
2024,261.8959259259259,43.11801,-79.06043,2024-09-17T21:30:08.000000Z
2024,261.8959375,43.11801,-79.06043,2024-09-17T21:30:09.000000Z
2024,261.89594907407405,43.11801,-79.06043,2024-09-17T21:30:10.000000Z
2024,261.8959606481481,43.11801,-79.06043,2024-09-17T21:30:11.000000Z
2024,261.8959722222222,43.11801,-79.06043,2024-09-17T21:30:12.000000Z
2024,261.89598379629626,43.11801,-79.06043,2024-09-17T21:30:13.000000Z
2024,261.8959953703704,43.11801,-79.06043,2024-09-17T21:30:14.000000Z
2024,261.8960069444444,43.11801,-79.06044,2024-09-17T21:30:15.000000Z
2024,261.8960185185185,43.11801,-79.06044,2024-09-17T21:30:16.000000Z
2024,261.8960300925926,43.11801,-79.06044,2024-09-17T21:30:17.000000Z
2024,261.89604166666663,43.11801,-79.06044,2024-09-17T21:30:18.000000Z
2024,261.89605324074074,43.11801,-79.06044,2024-09-17T21:30:19.000000Z
2024,261.8960648148148,43.11801,-79.06044,2024-09-17T21:30:20.000000Z
2024,261.89607638888884,43.11801,-79.06044,2024-09-17T21:30:21.000000Z
2024,261.89608796296295,43.11801,-79.06044,2024-09-17T21:30:22.000000Z
2024,261.896099537037,43.11801,-79.06044,2024-09-17T21:30:23.000000Z
2024,261.8961111111111,43.11801,-79.06044,2024-09-17T21:30:24.000000Z
2024,261.89612268518516,43.11801,-79.06044,2024-09-17T21:30:25.000000Z
2024,261.8961342592592,43.11801,-79.06044,2024-09-17T21:30:26.000000Z
2024,261.8961458333333,43.11801,-79.06044,2024-09-17T21:30:27.000000Z
2024,261.8961574074074,43.11801,-79.06044,2024-09-17T21:30:28.000000Z
2024,261.8961689814815,43.11801,-79.06044,2024-09-17T21:30:29.000000Z
2024,261.89618055555553,43.118,-79.06044,2024-09-17T21:30:30.000000Z
2024,261.8961921296296,43.118,-79.06044,2024-09-17T21:30:31.000000Z
2024,261.8962037037037,43.118,-79.06044,2024-09-17T21:30:32.000000Z
2024,261.89621527777774,43.118,-79.06044,2024-09-17T21:30:33.000000Z
2024,261.89622685185185,43.118,-79.06045,2024-09-17T21:30:34.000000Z
2024,261.8962384259259,43.118,-79.06045,2024-09-17T21:30:35.000000Z
2024,261.89625,43.118,-79.06045,2024-09-17T21:30:36.000000Z
2024,261.89626157407406,43.11799,-79.06045,2024-09-17T21:30:37.000000Z
2024,261.8962731481481,43.11799,-79.06045,2024-09-17T21:30:38.000000Z
2024,261.8962847222222,43.11799,-79.06045,2024-09-17T21:30:39.000000Z
2024,261.89629629629627,43.11798,-79.06045,2024-09-17T21:30:40.000000Z
2024,261.8963078703704,43.11798,-79.06045,2024-09-17T21:30:41.000000Z
2024,261.89631944444443,43.11798,-79.06045,2024-09-17T21:30:42.000000Z
2024,261.8963310185185,43.11798,-79.06045,2024-09-17T21:30:43.000000Z
2024,261.8963425925926,43.11798,-79.06045,2024-09-17T21:30:44.000000Z
2024,261.89635416666664,43.11798,-79.06045,2024-09-17T21:30:45.000000Z
2024,261.89636574074075,43.11798,-79.06045,2024-09-17T21:30:46.000000Z
2024,261.8963773148148,43.11798,-79.06045,2024-09-17T21:30:47.000000Z
2024,261.89638888888885,43.11798,-79.06045,2024-09-17T21:30:48.000000Z
2024,261.89640046296296,43.11798,-79.06045,2024-09-17T21:30:49.000000Z
2024,261.896412037037,43.11798,-79.06046,2024-09-17T21:30:50.000000Z
2024,261.8964236111111,43.11798,-79.06046,2024-09-17T21:30:51.000000Z
2024,261.89643518518517,43.11798,-79.06046,2024-09-17T21:30:52.000000Z
2024,261.8964467592592,43.11798,-79.06046,2024-09-17T21:30:53.000000Z
2024,261.8964583333333,43.11798,-79.06047,2024-09-17T21:30:54.000000Z
2024,261.8964699074074,43.11798,-79.06047,2024-09-17T21:30:55.000000Z
2024,261.8964814814815,43.11798,-79.06047,2024-09-17T21:30:56.000000Z
2024,261.89649305555554,43.11798,-79.06047,2024-09-17T21:30:57.000000Z
2024,261.8965046296296,43.11798,-79.06047,2024-09-17T21:30:58.000000Z
2024,261.8965162037037,43.11798,-79.06047,2024-09-17T21:30:59.000000Z
2024,261.8965277777778,43.11798,-79.06047,2024-09-17T21:31:00.000000Z
2024,261.89653935185186,43.11798,-79.06047,2024-09-17T21:31:01.000000Z
2024,261.89655092592596,43.11798,-79.06047,2024-09-17T21:31:02.000000Z
2024,261.8965625,43.11797,-79.06047,2024-09-17T21:31:03.000000Z
2024,261.8965740740741,43.11797,-79.06047,2024-09-17T21:31:04.000000Z
2024,261.8965856481482,43.11797,-79.06047,2024-09-17T21:31:05.000000Z
2024,261.8965972222222,43.11797,-79.06047,2024-09-17T21:31:06.000000Z
2024,261.89660879629633,43.11797,-79.06047,2024-09-17T21:31:07.000000Z
2024,261.8966203703704,43.11797,-79.06047,2024-09-17T21:31:08.000000Z
2024,261.8966319444445,43.11797,-79.06047,2024-09-17T21:31:09.000000Z
2024,261.8966550925926,43.11797,-79.06047,2024-09-17T21:31:11.000000Z
2024,261.8966666666667,43.11797,-79.06047,2024-09-17T21:31:12.000000Z
2024,261.89667824074075,43.11797,-79.06047,2024-09-17T21:31:13.000000Z
2024,261.89668981481486,43.11797,-79.06047,2024-09-17T21:31:14.000000Z
2024,261.8967013888889,43.11797,-79.06047,2024-09-17T21:31:15.000000Z
2024,261.89671296296297,43.11797,-79.06047,2024-09-17T21:31:16.000000Z
2024,261.8967245370371,43.11797,-79.06047,2024-09-17T21:31:17.000000Z
2024,261.8967361111111,43.11797,-79.06047,2024-09-17T21:31:18.000000Z
2024,261.89674768518523,43.11797,-79.06047,2024-09-17T21:31:19.000000Z
2024,261.8967592592593,43.11797,-79.06047,2024-09-17T21:31:20.000000Z
2024,261.89677083333333,43.11797,-79.06047,2024-09-17T21:31:21.000000Z
2024,261.89678240740744,43.11797,-79.06047,2024-09-17T21:31:22.000000Z
2024,261.8967939814815,43.11797,-79.06047,2024-09-17T21:31:23.000000Z
2024,261.8968055555556,43.11797,-79.06047,2024-09-17T21:31:24.000000Z
2024,261.89681712962965,43.11797,-79.06047,2024-09-17T21:31:25.000000Z
2024,261.8968287037037,43.11797,-79.06047,2024-09-17T21:31:26.000000Z
2024,261.8968402777778,43.11797,-79.06047,2024-09-17T21:31:27.000000Z
2024,261.89685185185186,43.11797,-79.06047,2024-09-17T21:31:28.000000Z
2024,261.89686342592597,43.11797,-79.06047,2024-09-17T21:31:29.000000Z
2024,261.896875,43.11798,-79.06047,2024-09-17T21:31:30.000000Z
2024,261.8968865740741,43.11797,-79.06047,2024-09-17T21:31:31.000000Z
2024,261.8968981481482,43.11797,-79.06047,2024-09-17T21:31:32.000000Z
2024,261.89690972222223,43.11798,-79.06047,2024-09-17T21:31:33.000000Z
2024,261.89692129629634,43.11798,-79.06047,2024-09-17T21:31:34.000000Z
2024,261.8969328703704,43.11798,-79.06047,2024-09-17T21:31:35.000000Z
2024,261.8969444444445,43.11798,-79.06047,2024-09-17T21:31:36.000000Z
2024,261.89695601851855,43.11798,-79.06047,2024-09-17T21:31:37.000000Z
2024,261.8969675925926,43.11798,-79.06047,2024-09-17T21:31:38.000000Z
2024,261.8969791666667,43.11798,-79.06047,2024-09-17T21:31:39.000000Z
2024,261.89699074074076,43.11798,-79.06047,2024-09-17T21:31:40.000000Z
2024,261.89700231481487,43.11798,-79.06047,2024-09-17T21:31:41.000000Z
2024,261.8970138888889,43.11798,-79.06047,2024-09-17T21:31:42.000000Z
2024,261.897025462963,43.11798,-79.06047,2024-09-17T21:31:43.000000Z
2024,261.8970370370371,43.11798,-79.06047,2024-09-17T21:31:44.000000Z
2024,261.89704861111113,43.11798,-79.06047,2024-09-17T21:31:45.000000Z
2024,261.89706018518524,43.11798,-79.06047,2024-09-17T21:31:46.000000Z
2024,261.8970717592593,43.11798,-79.06047,2024-09-17T21:31:47.000000Z
2024,261.89708333333334,43.11798,-79.06047,2024-09-17T21:31:48.000000Z
2024,261.89709490740745,43.11798,-79.06047,2024-09-17T21:31:49.000000Z
2024,261.8971064814815,43.11798,-79.06047,2024-09-17T21:31:50.000000Z
2024,261.8971180555556,43.11798,-79.06047,2024-09-17T21:31:51.000000Z
2024,261.89712962962966,43.11798,-79.06047,2024-09-17T21:31:52.000000Z
2024,261.8971412037037,43.11798,-79.06047,2024-09-17T21:31:53.000000Z
2024,261.8971527777778,43.11798,-79.06047,2024-09-17T21:31:54.000000Z
2024,261.89716435185187,43.11798,-79.06047,2024-09-17T21:31:55.000000Z
2024,261.897175925926,43.11798,-79.06047,2024-09-17T21:31:56.000000Z
2024,261.89718750000003,43.11798,-79.06047,2024-09-17T21:31:57.000000Z
2024,261.8971990740741,43.11798,-79.06047,2024-09-17T21:31:58.000000Z
2024,261.8972106481482,43.11798,-79.06047,2024-09-17T21:31:59.000000Z
2024,261.89722222222224,43.11798,-79.06047,2024-09-17T21:32:00.000000Z
2024,261.8972337962963,43.11798,-79.06047,2024-09-17T21:32:01.000000Z
2024,261.8972453703704,43.11798,-79.06047,2024-09-17T21:32:02.000000Z
2024,261.89725694444445,43.11798,-79.06047,2024-09-17T21:32:03.000000Z
2024,261.89726851851856,43.11798,-79.06047,2024-09-17T21:32:04.000000Z
2024,261.8972800925926,43.11797,-79.06047,2024-09-17T21:32:05.000000Z
2024,261.89729166666666,43.11797,-79.06047,2024-09-17T21:32:06.000000Z
2024,261.89730324074077,43.11798,-79.06047,2024-09-17T21:32:07.000000Z
2024,261.8973148148148,43.11798,-79.06047,2024-09-17T21:32:08.000000Z
2024,261.8973263888889,43.11797,-79.06047,2024-09-17T21:32:09.000000Z
2024,261.897337962963,43.11797,-79.06047,2024-09-17T21:32:10.000000Z
2024,261.89734953703703,43.11797,-79.06047,2024-09-17T21:32:11.000000Z
2024,261.89736111111114,43.11797,-79.06047,2024-09-17T21:32:12.000000Z
2024,261.8973726851852,43.11797,-79.06047,2024-09-17T21:32:13.000000Z
2024,261.8973842592593,43.11797,-79.06047,2024-09-17T21:32:14.000000Z
2024,261.89739583333335,43.11797,-79.06047,2024-09-17T21:32:15.000000Z
2024,261.8974074074074,43.11797,-79.06047,2024-09-17T21:32:16.000000Z
2024,261.89743055555556,43.11797,-79.06047,2024-09-17T21:32:18.000000Z
2024,261.89744212962967,43.11797,-79.06047,2024-09-17T21:32:19.000000Z
2024,261.8974537037037,43.11797,-79.06047,2024-09-17T21:32:20.000000Z
2024,261.89746527777777,43.11797,-79.06047,2024-09-17T21:32:21.000000Z
2024,261.8974768518519,43.11797,-79.06047,2024-09-17T21:32:22.000000Z
2024,261.8974884259259,43.11797,-79.06047,2024-09-17T21:32:23.000000Z
2024,261.89750000000004,43.11797,-79.06047,2024-09-17T21:32:24.000000Z
2024,261.8975115740741,43.11797,-79.06047,2024-09-17T21:32:25.000000Z
2024,261.89752314814814,43.11797,-79.06047,2024-09-17T21:32:26.000000Z
2024,261.89753472222225,43.11797,-79.06048,2024-09-17T21:32:27.000000Z
2024,261.8975462962963,43.11798,-79.06048,2024-09-17T21:32:28.000000Z
2024,261.8975578703704,43.11797,-79.06048,2024-09-17T21:32:29.000000Z
2024,261.89756944444446,43.11797,-79.06048,2024-09-17T21:32:30.000000Z
2024,261.8975810185185,43.11797,-79.06048,2024-09-17T21:32:31.000000Z
2024,261.8975925925926,43.11797,-79.06048,2024-09-17T21:32:32.000000Z
2024,261.89760416666667,43.11797,-79.06048,2024-09-17T21:32:33.000000Z
2024,261.8976157407408,43.11797,-79.06048,2024-09-17T21:32:34.000000Z
2024,261.8976273148148,43.11797,-79.06048,2024-09-17T21:32:35.000000Z
2024,261.89763888888893,43.11797,-79.06048,2024-09-17T21:32:36.000000Z
2024,261.897650462963,43.11797,-79.06048,2024-09-17T21:32:37.000000Z
2024,261.89766203703704,43.11797,-79.06048,2024-09-17T21:32:38.000000Z
2024,261.89767361111114,43.11797,-79.06048,2024-09-17T21:32:39.000000Z
2024,261.8976851851852,43.11797,-79.06048,2024-09-17T21:32:40.000000Z
2024,261.8976967592593,43.11797,-79.06048,2024-09-17T21:32:41.000000Z
2024,261.89770833333336,43.11797,-79.06048,2024-09-17T21:32:42.000000Z
2024,261.8977199074074,43.11797,-79.06048,2024-09-17T21:32:43.000000Z
2024,261.8977314814815,43.11797,-79.06048,2024-09-17T21:32:44.000000Z
2024,261.89774305555557,43.11798,-79.06048,2024-09-17T21:32:45.000000Z
2024,261.8977546296297,43.11798,-79.06048,2024-09-17T21:32:46.000000Z
2024,261.8977662037037,43.11798,-79.06048,2024-09-17T21:32:47.000000Z
2024,261.8977777777778,43.11798,-79.06048,2024-09-17T21:32:48.000000Z
2024,261.8977893518519,43.11798,-79.06048,2024-09-17T21:32:49.000000Z
2024,261.89780092592594,43.11797,-79.06048,2024-09-17T21:32:50.000000Z
2024,261.89781250000004,43.11798,-79.06048,2024-09-17T21:32:51.000000Z
2024,261.8978240740741,43.11798,-79.06048,2024-09-17T21:32:52.000000Z
2024,261.89783564814815,43.11798,-79.06048,2024-09-17T21:32:53.000000Z
2024,261.89784722222225,43.11798,-79.06048,2024-09-17T21:32:54.000000Z
2024,261.8978587962963,43.11798,-79.06048,2024-09-17T21:32:55.000000Z
2024,261.8978703703704,43.11798,-79.06048,2024-09-17T21:32:56.000000Z
2024,261.89788194444446,43.11798,-79.06049,2024-09-17T21:32:57.000000Z
2024,261.8978935185185,43.11798,-79.06049,2024-09-17T21:32:58.000000Z
2024,261.8979050925926,43.11798,-79.06049,2024-09-17T21:32:59.000000Z
2024,261.8979166666667,43.11798,-79.06049,2024-09-17T21:33:00.000000Z
2024,261.8979282407407,43.11798,-79.06049,2024-09-17T21:33:01.000000Z
2024,261.89793981481483,43.11798,-79.06049,2024-09-17T21:33:02.000000Z
2024,261.8979513888889,43.11798,-79.06049,2024-09-17T21:33:03.000000Z
2024,261.897962962963,43.11798,-79.06049,2024-09-17T21:33:04.000000Z
2024,261.89797453703704,43.11798,-79.06049,2024-09-17T21:33:05.000000Z
2024,261.8979861111111,43.11798,-79.06049,2024-09-17T21:33:06.000000Z
2024,261.8979976851852,43.11798,-79.06049,2024-09-17T21:33:07.000000Z
2024,261.89800925925925,43.11798,-79.06049,2024-09-17T21:33:08.000000Z
2024,261.89802083333336,43.11798,-79.06049,2024-09-17T21:33:09.000000Z
2024,261.8980324074074,43.11798,-79.06049,2024-09-17T21:33:10.000000Z
2024,261.89804398148146,43.11798,-79.06049,2024-09-17T21:33:11.000000Z
2024,261.8980555555556,43.11798,-79.06049,2024-09-17T21:33:12.000000Z
2024,261.8980671296296,43.11798,-79.0605,2024-09-17T21:33:13.000000Z
2024,261.89807870370373,43.11797,-79.0605,2024-09-17T21:33:14.000000Z
2024,261.8980902777778,43.11797,-79.0605,2024-09-17T21:33:15.000000Z
2024,261.89810185185183,43.11797,-79.0605,2024-09-17T21:33:16.000000Z
2024,261.89811342592594,43.11797,-79.0605,2024-09-17T21:33:17.000000Z
2024,261.898125,43.11797,-79.0605,2024-09-17T21:33:18.000000Z
2024,261.8981365740741,43.11798,-79.0605,2024-09-17T21:33:19.000000Z
2024,261.89814814814815,43.11798,-79.0605,2024-09-17T21:33:20.000000Z
2024,261.8981597222222,43.11798,-79.0605,2024-09-17T21:33:21.000000Z
2024,261.8981712962963,43.11798,-79.0605,2024-09-17T21:33:22.000000Z
2024,261.89818287037036,43.11798,-79.0605,2024-09-17T21:33:23.000000Z
2024,261.8982060185185,43.11798,-79.0605,2024-09-17T21:33:25.000000Z
2024,261.8982175925926,43.11798,-79.0605,2024-09-17T21:33:26.000000Z
2024,261.8982291666667,43.11798,-79.0605,2024-09-17T21:33:27.000000Z
2024,261.89824074074073,43.11797,-79.0605,2024-09-17T21:33:28.000000Z
2024,261.89825231481484,43.11797,-79.0605,2024-09-17T21:33:29.000000Z
2024,261.8982638888889,43.11797,-79.0605,2024-09-17T21:33:30.000000Z
2024,261.89827546296294,43.11798,-79.0605,2024-09-17T21:33:31.000000Z
2024,261.89828703703705,43.11798,-79.0605,2024-09-17T21:33:32.000000Z
2024,261.8982986111111,43.11797,-79.0605,2024-09-17T21:33:33.000000Z
2024,261.8983101851852,43.11798,-79.0605,2024-09-17T21:33:34.000000Z
2024,261.89832175925926,43.11798,-79.0605,2024-09-17T21:33:35.000000Z
2024,261.89835648148147,43.11798,-79.0605,2024-09-17T21:33:38.000000Z
2024,261.8983680555556,43.11798,-79.0605,2024-09-17T21:33:39.000000Z
2024,261.89837962962963,43.11797,-79.0605,2024-09-17T21:33:40.000000Z
2024,261.89839120370374,43.11797,-79.0605,2024-09-17T21:33:41.000000Z
2024,261.8984027777778,43.11797,-79.0605,2024-09-17T21:33:42.000000Z
2024,261.89841435185184,43.11797,-79.0605,2024-09-17T21:33:43.000000Z
2024,261.89842592592595,43.11797,-79.0605,2024-09-17T21:33:44.000000Z
2024,261.8984375,43.11797,-79.0605,2024-09-17T21:33:45.000000Z
2024,261.8984490740741,43.11797,-79.0605,2024-09-17T21:33:46.000000Z
2024,261.89846064814816,43.11797,-79.0605,2024-09-17T21:33:47.000000Z
2024,261.8984722222222,43.11797,-79.0605,2024-09-17T21:33:48.000000Z
2024,261.8984837962963,43.11797,-79.0605,2024-09-17T21:33:49.000000Z
2024,261.89849537037037,43.11797,-79.0605,2024-09-17T21:33:50.000000Z
2024,261.8985069444445,43.11797,-79.0605,2024-09-17T21:33:51.000000Z
2024,261.89851851851853,43.11797,-79.0605,2024-09-17T21:33:52.000000Z
2024,261.8985300925926,43.11797,-79.0605,2024-09-17T21:33:53.000000Z
2024,261.8985416666667,43.11797,-79.0605,2024-09-17T21:33:54.000000Z
2024,261.89855324074074,43.11797,-79.0605,2024-09-17T21:33:55.000000Z
2024,261.89856481481485,43.11797,-79.0605,2024-09-17T21:33:56.000000Z
2024,261.8985763888889,43.11797,-79.0605,2024-09-17T21:33:57.000000Z
2024,261.89858796296295,43.11797,-79.0605,2024-09-17T21:33:58.000000Z
2024,261.89859953703706,43.11797,-79.0605,2024-09-17T21:33:59.000000Z
2024,261.8986111111111,43.11797,-79.0605,2024-09-17T21:34:00.000000Z
2024,261.89862268518516,43.11797,-79.0605,2024-09-17T21:34:01.000000Z
2024,261.89863425925927,43.11797,-79.0605,2024-09-17T21:34:02.000000Z
2024,261.8986458333333,43.11797,-79.0605,2024-09-17T21:34:03.000000Z
2024,261.8986574074074,43.11797,-79.0605,2024-09-17T21:34:04.000000Z
2024,261.8986689814815,43.11797,-79.0605,2024-09-17T21:34:05.000000Z
2024,261.89868055555553,43.11797,-79.0605,2024-09-17T21:34:06.000000Z
2024,261.89869212962964,43.11797,-79.0605,2024-09-17T21:34:07.000000Z
2024,261.8987037037037,43.11797,-79.0605,2024-09-17T21:34:08.000000Z
2024,261.8987152777778,43.11797,-79.0605,2024-09-17T21:34:09.000000Z
2024,261.89872685185185,43.11797,-79.0605,2024-09-17T21:34:10.000000Z
2024,261.8987384259259,43.11797,-79.0605,2024-09-17T21:34:11.000000Z
2024,261.89875,43.11797,-79.0605,2024-09-17T21:34:12.000000Z
2024,261.89876157407406,43.11797,-79.0605,2024-09-17T21:34:13.000000Z
2024,261.89877314814817,43.11797,-79.0605,2024-09-17T21:34:14.000000Z
2024,261.8987847222222,43.11797,-79.06049,2024-09-17T21:34:15.000000Z
2024,261.89879629629627,43.11797,-79.06049,2024-09-17T21:34:16.000000Z
2024,261.8988078703704,43.11797,-79.06049,2024-09-17T21:34:17.000000Z
2024,261.8988194444444,43.11797,-79.06049,2024-09-17T21:34:18.000000Z
2024,261.89883101851854,43.11797,-79.06049,2024-09-17T21:34:19.000000Z
2024,261.8988425925926,43.11797,-79.06049,2024-09-17T21:34:20.000000Z
2024,261.89885416666664,43.11797,-79.06049,2024-09-17T21:34:21.000000Z
2024,261.89886574074075,43.11797,-79.06049,2024-09-17T21:34:22.000000Z
2024,261.8988773148148,43.11797,-79.06049,2024-09-17T21:34:23.000000Z
2024,261.8988888888889,43.11797,-79.06049,2024-09-17T21:34:24.000000Z
2024,261.89890046296296,43.11797,-79.06049,2024-09-17T21:34:25.000000Z
2024,261.898912037037,43.11797,-79.06049,2024-09-17T21:34:26.000000Z
2024,261.8989236111111,43.11797,-79.0605,2024-09-17T21:34:27.000000Z
2024,261.89893518518517,43.11797,-79.0605,2024-09-17T21:34:28.000000Z
2024,261.8989467592593,43.11797,-79.0605,2024-09-17T21:34:29.000000Z
2024,261.8989583333333,43.11797,-79.0605,2024-09-17T21:34:30.000000Z
2024,261.8989699074074,43.11797,-79.0605,2024-09-17T21:34:31.000000Z
2024,261.8989814814815,43.11797,-79.0605,2024-09-17T21:34:32.000000Z
2024,261.89899305555554,43.11797,-79.0605,2024-09-17T21:34:33.000000Z
2024,261.89900462962964,43.11797,-79.0605,2024-09-17T21:34:34.000000Z
2024,261.8990162037037,43.11797,-79.0605,2024-09-17T21:34:35.000000Z
2024,261.8990277777778,43.11797,-79.0605,2024-09-17T21:34:36.000000Z
2024,261.89903935185185,43.11797,-79.0605,2024-09-17T21:34:37.000000Z
2024,261.8990509259259,43.11797,-79.0605,2024-09-17T21:34:38.000000Z
2024,261.8990625,43.11797,-79.0605,2024-09-17T21:34:39.000000Z
2024,261.89907407407406,43.11797,-79.0605,2024-09-17T21:34:40.000000Z
2024,261.8990856481482,43.11797,-79.0605,2024-09-17T21:34:41.000000Z
2024,261.8990972222222,43.11797,-79.0605,2024-09-17T21:34:42.000000Z
2024,261.8991087962963,43.11797,-79.0605,2024-09-17T21:34:43.000000Z
2024,261.8991203703704,43.11797,-79.0605,2024-09-17T21:34:44.000000Z
2024,261.89913194444443,43.11797,-79.0605,2024-09-17T21:34:45.000000Z
2024,261.89914351851854,43.11797,-79.0605,2024-09-17T21:34:46.000000Z
2024,261.8991550925926,43.11797,-79.0605,2024-09-17T21:34:47.000000Z
2024,261.89916666666664,43.11797,-79.0605,2024-09-17T21:34:48.000000Z
2024,261.89917824074075,43.11797,-79.0605,2024-09-17T21:34:49.000000Z
2024,261.8991898148148,43.11797,-79.0605,2024-09-17T21:34:50.000000Z
2024,261.8992013888889,43.11797,-79.0605,2024-09-17T21:34:51.000000Z
2024,261.89921296296296,43.11797,-79.0605,2024-09-17T21:34:52.000000Z
2024,261.899224537037,43.11797,-79.0605,2024-09-17T21:34:53.000000Z
2024,261.8992361111111,43.11797,-79.0605,2024-09-17T21:34:54.000000Z
2024,261.8992476851852,43.11797,-79.0605,2024-09-17T21:34:55.000000Z
2024,261.8992592592593,43.11797,-79.0605,2024-09-17T21:34:56.000000Z
2024,261.89927083333333,43.11797,-79.0605,2024-09-17T21:34:57.000000Z
2024,261.8992824074074,43.11797,-79.0605,2024-09-17T21:34:58.000000Z
2024,261.8992939814815,43.11797,-79.0605,2024-09-17T21:34:59.000000Z
2024,261.89930555555554,43.11797,-79.0605,2024-09-17T21:35:00.000000Z
2024,261.8993171296296,43.11797,-79.0605,2024-09-17T21:35:01.000000Z
2024,261.8993287037037,43.11797,-79.0605,2024-09-17T21:35:02.000000Z
2024,261.89934027777775,43.11797,-79.0605,2024-09-17T21:35:03.000000Z
2024,261.89935185185186,43.11797,-79.0605,2024-09-17T21:35:04.000000Z
2024,261.8993634259259,43.11797,-79.0605,2024-09-17T21:35:05.000000Z
2024,261.89937499999996,43.11797,-79.0605,2024-09-17T21:35:06.000000Z
2024,261.8993865740741,43.11797,-79.0605,2024-09-17T21:35:07.000000Z
2024,261.8993981481481,43.11797,-79.0605,2024-09-17T21:35:08.000000Z
2024,261.89940972222223,43.11797,-79.0605,2024-09-17T21:35:09.000000Z
2024,261.8994212962963,43.11797,-79.0605,2024-09-17T21:35:10.000000Z
2024,261.89943287037033,43.11797,-79.0605,2024-09-17T21:35:11.000000Z
2024,261.89944444444444,43.11797,-79.0605,2024-09-17T21:35:12.000000Z
2024,261.8994560185185,43.11797,-79.0605,2024-09-17T21:35:13.000000Z
2024,261.8994675925926,43.11797,-79.0605,2024-09-17T21:35:14.000000Z
2024,261.89947916666665,43.11797,-79.0605,2024-09-17T21:35:15.000000Z
2024,261.8994907407407,43.11797,-79.0605,2024-09-17T21:35:16.000000Z
2024,261.8995023148148,43.11797,-79.0605,2024-09-17T21:35:17.000000Z
2024,261.89951388888886,43.11797,-79.0605,2024-09-17T21:35:18.000000Z
2024,261.89952546296297,43.11797,-79.0605,2024-09-17T21:35:19.000000Z
2024,261.899537037037,43.11797,-79.0605,2024-09-17T21:35:20.000000Z
2024,261.8995486111111,43.11797,-79.0605,2024-09-17T21:35:21.000000Z
2024,261.8995601851852,43.11797,-79.0605,2024-09-17T21:35:22.000000Z
2024,261.89957175925923,43.11797,-79.0605,2024-09-17T21:35:23.000000Z
2024,261.89958333333334,43.11797,-79.0605,2024-09-17T21:35:24.000000Z
2024,261.8995949074074,43.11797,-79.0605,2024-09-17T21:35:25.000000Z
2024,261.89960648148144,43.11797,-79.0605,2024-09-17T21:35:26.000000Z
2024,261.89961805555555,43.11797,-79.0605,2024-09-17T21:35:27.000000Z
2024,261.8996296296296,43.11797,-79.0605,2024-09-17T21:35:28.000000Z
2024,261.8996412037037,43.11797,-79.0605,2024-09-17T21:35:29.000000Z
2024,261.89965277777776,43.11797,-79.0605,2024-09-17T21:35:30.000000Z
2024,261.8996643518518,43.11797,-79.0605,2024-09-17T21:35:31.000000Z
2024,261.8996759259259,43.11797,-79.0605,2024-09-17T21:35:32.000000Z
2024,261.89968749999997,43.11797,-79.0605,2024-09-17T21:35:33.000000Z
2024,261.8996990740741,43.11797,-79.0605,2024-09-17T21:35:34.000000Z
2024,261.89971064814813,43.11797,-79.0605,2024-09-17T21:35:35.000000Z
2024,261.89972222222224,43.11797,-79.0605,2024-09-17T21:35:36.000000Z
2024,261.8997337962963,43.11797,-79.0605,2024-09-17T21:35:37.000000Z
2024,261.89974537037034,43.11797,-79.0605,2024-09-17T21:35:38.000000Z
2024,261.89975694444445,43.11797,-79.0605,2024-09-17T21:35:39.000000Z
2024,261.8997685185185,43.11797,-79.0605,2024-09-17T21:35:40.000000Z
2024,261.8997800925926,43.11797,-79.0605,2024-09-17T21:35:41.000000Z
2024,261.89979166666666,43.11797,-79.0605,2024-09-17T21:35:42.000000Z
2024,261.8998032407407,43.11797,-79.0605,2024-09-17T21:35:43.000000Z
2024,261.8998148148148,43.11797,-79.0605,2024-09-17T21:35:44.000000Z
2024,261.89982638888887,43.11797,-79.0605,2024-09-17T21:35:45.000000Z
2024,261.899837962963,43.11796,-79.0605,2024-09-17T21:35:46.000000Z
2024,261.899849537037,43.11796,-79.0605,2024-09-17T21:35:47.000000Z
2024,261.8998611111111,43.11796,-79.0605,2024-09-17T21:35:48.000000Z
2024,261.8998726851852,43.11796,-79.0605,2024-09-17T21:35:49.000000Z
2024,261.89988425925924,43.11796,-79.0605,2024-09-17T21:35:50.000000Z
2024,261.89989583333335,43.11796,-79.0605,2024-09-17T21:35:51.000000Z
2024,261.8999074074074,43.11796,-79.0605,2024-09-17T21:35:52.000000Z
2024,261.89991898148145,43.11796,-79.0605,2024-09-17T21:35:53.000000Z
2024,261.89993055555556,43.11796,-79.0605,2024-09-17T21:35:54.000000Z
2024,261.8999421296296,43.11796,-79.0605,2024-09-17T21:35:55.000000Z
2024,261.8999537037037,43.11796,-79.0605,2024-09-17T21:35:56.000000Z
2024,261.89996527777777,43.11797,-79.0605,2024-09-17T21:35:57.000000Z
2024,261.8999768518518,43.11797,-79.0605,2024-09-17T21:35:58.000000Z
2024,261.8999884259259,43.11797,-79.0605,2024-09-17T21:35:59.000000Z
2024,261.9,43.11797,-79.0605,2024-09-17T21:36:00.000000Z
2024,261.90001157407403,43.11797,-79.0605,2024-09-17T21:36:01.000000Z
2024,261.90002314814814,43.11797,-79.0605,2024-09-17T21:36:02.000000Z
2024,261.9000347222222,43.11797,-79.0605,2024-09-17T21:36:03.000000Z
2024,261.9000462962963,43.11797,-79.0605,2024-09-17T21:36:04.000000Z
2024,261.90005787037035,43.11797,-79.0605,2024-09-17T21:36:05.000000Z
2024,261.9000694444444,43.11797,-79.0605,2024-09-17T21:36:06.000000Z
2024,261.9000810185185,43.11797,-79.0605,2024-09-17T21:36:07.000000Z
2024,261.90009259259256,43.11797,-79.0605,2024-09-17T21:36:08.000000Z
2024,261.90010416666667,43.11797,-79.0605,2024-09-17T21:36:09.000000Z
2024,261.9001157407407,43.11797,-79.0605,2024-09-17T21:36:10.000000Z
2024,261.90012731481477,43.11797,-79.0605,2024-09-17T21:36:11.000000Z
2024,261.9001388888889,43.11797,-79.0605,2024-09-17T21:36:12.000000Z
2024,261.9001504629629,43.11797,-79.0605,2024-09-17T21:36:13.000000Z
2024,261.90016203703703,43.11797,-79.0605,2024-09-17T21:36:14.000000Z
2024,261.9001736111111,43.11797,-79.0605,2024-09-17T21:36:15.000000Z
2024,261.90018518518514,43.11797,-79.0605,2024-09-17T21:36:16.000000Z
2024,261.90019675925925,43.11797,-79.0605,2024-09-17T21:36:17.000000Z
2024,261.9002083333333,43.11797,-79.0605,2024-09-17T21:36:18.000000Z
2024,261.9002199074074,43.11797,-79.0605,2024-09-17T21:36:19.000000Z
2024,261.90023148148146,43.11797,-79.0605,2024-09-17T21:36:20.000000Z
2024,261.9002430555555,43.11797,-79.0605,2024-09-17T21:36:21.000000Z
2024,261.9002546296296,43.11797,-79.0605,2024-09-17T21:36:22.000000Z
2024,261.90026620370367,43.11797,-79.0605,2024-09-17T21:36:23.000000Z
2024,261.9002777777778,43.11797,-79.0605,2024-09-17T21:36:24.000000Z
2024,261.9002893518518,43.11797,-79.0605,2024-09-17T21:36:25.000000Z
2024,261.9003009259259,43.11797,-79.0605,2024-09-17T21:36:26.000000Z
2024,261.9003125,43.11797,-79.0605,2024-09-17T21:36:27.000000Z
2024,261.90032407407404,43.11797,-79.0605,2024-09-17T21:36:28.000000Z
2024,261.90033564814814,43.11797,-79.0605,2024-09-17T21:36:29.000000Z
2024,261.9003472222222,43.11797,-79.0605,2024-09-17T21:36:30.000000Z
2024,261.90035879629625,43.11797,-79.0605,2024-09-17T21:36:31.000000Z
2024,261.90037037037035,43.11797,-79.0605,2024-09-17T21:36:32.000000Z
2024,261.9003819444444,43.11797,-79.0605,2024-09-17T21:36:33.000000Z
2024,261.9003935185185,43.11797,-79.0605,2024-09-17T21:36:34.000000Z
2024,261.90040509259256,43.11797,-79.0605,2024-09-17T21:36:35.000000Z
2024,261.9004166666667,43.11797,-79.0605,2024-09-17T21:36:36.000000Z
2024,261.9004282407407,43.11797,-79.0605,2024-09-17T21:36:37.000000Z
2024,261.9004398148148,43.11797,-79.0605,2024-09-17T21:36:38.000000Z
2024,261.9004513888889,43.11797,-79.0605,2024-09-17T21:36:39.000000Z
2024,261.90046296296293,43.11797,-79.0605,2024-09-17T21:36:40.000000Z
2024,261.90047453703704,43.11797,-79.0605,2024-09-17T21:36:41.000000Z
2024,261.9004861111111,43.11797,-79.0605,2024-09-17T21:36:42.000000Z
2024,261.90049768518514,43.11797,-79.0605,2024-09-17T21:36:43.000000Z
2024,261.90050925925925,43.11797,-79.0605,2024-09-17T21:36:44.000000Z
2024,261.9005208333333,43.11797,-79.0605,2024-09-17T21:36:45.000000Z
2024,261.9005324074074,43.11797,-79.0605,2024-09-17T21:36:46.000000Z
2024,261.90054398148146,43.11797,-79.0605,2024-09-17T21:36:47.000000Z
2024,261.9005555555555,43.11797,-79.0605,2024-09-17T21:36:48.000000Z
2024,261.9005671296296,43.11797,-79.0605,2024-09-17T21:36:49.000000Z
2024,261.9005787037037,43.11797,-79.0605,2024-09-17T21:36:50.000000Z
2024,261.9005902777778,43.11797,-79.0605,2024-09-17T21:36:51.000000Z
2024,261.90060185185183,43.11797,-79.0605,2024-09-17T21:36:52.000000Z
2024,261.9006134259259,43.11797,-79.0605,2024-09-17T21:36:53.000000Z
2024,261.900625,43.11797,-79.0605,2024-09-17T21:36:54.000000Z
2024,261.90063657407404,43.11797,-79.0605,2024-09-17T21:36:55.000000Z
2024,261.90064814814815,43.11797,-79.0605,2024-09-17T21:36:56.000000Z
2024,261.9006597222222,43.11797,-79.0605,2024-09-17T21:36:57.000000Z
2024,261.90067129629625,43.11797,-79.0605,2024-09-17T21:36:58.000000Z
2024,261.90068287037036,43.11797,-79.0605,2024-09-17T21:36:59.000000Z
2024,261.90069444444447,43.11797,-79.0605,2024-09-17T21:37:00.000000Z
2024,261.9007060185185,43.11797,-79.0605,2024-09-17T21:37:01.000000Z
2024,261.9007175925926,43.11797,-79.0605,2024-09-17T21:37:02.000000Z
2024,261.9007291666667,43.11797,-79.0605,2024-09-17T21:37:03.000000Z
2024,261.9007407407408,43.11797,-79.0605,2024-09-17T21:37:04.000000Z
2024,261.90075231481484,43.11797,-79.0605,2024-09-17T21:37:05.000000Z
2024,261.9007638888889,43.11797,-79.0605,2024-09-17T21:37:06.000000Z
2024,261.900775462963,43.11797,-79.0605,2024-09-17T21:37:07.000000Z
2024,261.90078703703705,43.11797,-79.0605,2024-09-17T21:37:08.000000Z
2024,261.90079861111116,43.11797,-79.0605,2024-09-17T21:37:09.000000Z
2024,261.9008101851852,43.11797,-79.0605,2024-09-17T21:37:10.000000Z
2024,261.90082175925926,43.11797,-79.0605,2024-09-17T21:37:11.000000Z
2024,261.90083333333337,43.11797,-79.0605,2024-09-17T21:37:12.000000Z
2024,261.9008449074074,43.11797,-79.0605,2024-09-17T21:37:13.000000Z
2024,261.9008564814815,43.11796,-79.0605,2024-09-17T21:37:14.000000Z
2024,261.9008680555556,43.11796,-79.0605,2024-09-17T21:37:15.000000Z
2024,261.9008796296296,43.11796,-79.0605,2024-09-17T21:37:16.000000Z
2024,261.90089120370374,43.11796,-79.0605,2024-09-17T21:37:17.000000Z
2024,261.9009027777778,43.11796,-79.0605,2024-09-17T21:37:18.000000Z
2024,261.9009143518519,43.11796,-79.0605,2024-09-17T21:37:19.000000Z
2024,261.90092592592595,43.11796,-79.0605,2024-09-17T21:37:20.000000Z
2024,261.9009375,43.11796,-79.0605,2024-09-17T21:37:21.000000Z
2024,261.9009490740741,43.11797,-79.0605,2024-09-17T21:37:22.000000Z
2024,261.90096064814816,43.11797,-79.0605,2024-09-17T21:37:23.000000Z
2024,261.90097222222226,43.11797,-79.0605,2024-09-17T21:37:24.000000Z
2024,261.9009837962963,43.11797,-79.0605,2024-09-17T21:37:25.000000Z
2024,261.90099537037037,43.11797,-79.0605,2024-09-17T21:37:26.000000Z
2024,261.9010069444445,43.11797,-79.0605,2024-09-17T21:37:27.000000Z
2024,261.9010185185185,43.11797,-79.0605,2024-09-17T21:37:28.000000Z
2024,261.90103009259263,43.11797,-79.0605,2024-09-17T21:37:29.000000Z
2024,261.9010416666667,43.11797,-79.0605,2024-09-17T21:37:30.000000Z
2024,261.90105324074074,43.11797,-79.0605,2024-09-17T21:37:31.000000Z
2024,261.90106481481484,43.11797,-79.0605,2024-09-17T21:37:32.000000Z
2024,261.9010763888889,43.11797,-79.0605,2024-09-17T21:37:33.000000Z
2024,261.901087962963,43.11797,-79.0605,2024-09-17T21:37:34.000000Z
2024,261.90109953703706,43.11797,-79.0605,2024-09-17T21:37:35.000000Z
2024,261.90111111111116,43.11797,-79.0605,2024-09-17T21:37:36.000000Z
2024,261.9011226851852,43.11797,-79.0605,2024-09-17T21:37:37.000000Z
2024,261.90113425925927,43.11797,-79.0605,2024-09-17T21:37:38.000000Z
2024,261.9011458333334,43.11797,-79.0605,2024-09-17T21:37:39.000000Z
2024,261.9011574074074,43.11797,-79.0605,2024-09-17T21:37:40.000000Z
2024,261.90116898148153,43.11797,-79.0605,2024-09-17T21:37:41.000000Z
2024,261.9011805555556,43.11797,-79.0605,2024-09-17T21:37:42.000000Z
2024,261.90119212962964,43.11797,-79.0605,2024-09-17T21:37:43.000000Z
2024,261.90120370370374,43.11797,-79.0605,2024-09-17T21:37:44.000000Z
2024,261.9012152777778,43.11797,-79.0605,2024-09-17T21:37:45.000000Z
2024,261.9012268518519,43.11797,-79.0605,2024-09-17T21:37:46.000000Z
2024,261.90123842592595,43.11797,-79.0605,2024-09-17T21:37:47.000000Z
2024,261.90125,43.11797,-79.0605,2024-09-17T21:37:48.000000Z
2024,261.9012615740741,43.11797,-79.0605,2024-09-17T21:37:49.000000Z
2024,261.90127314814816,43.11797,-79.0605,2024-09-17T21:37:50.000000Z
2024,261.9012847222223,43.11797,-79.0605,2024-09-17T21:37:51.000000Z
2024,261.9012962962963,43.11797,-79.0605,2024-09-17T21:37:52.000000Z
2024,261.9013078703704,43.11797,-79.0605,2024-09-17T21:37:53.000000Z
2024,261.9013194444445,43.11797,-79.0605,2024-09-17T21:37:54.000000Z
2024,261.90133101851853,43.11797,-79.0605,2024-09-17T21:37:55.000000Z
2024,261.90134259259264,43.11797,-79.0605,2024-09-17T21:37:56.000000Z
2024,261.9013541666667,43.11797,-79.0605,2024-09-17T21:37:57.000000Z
2024,261.90136574074074,43.11797,-79.0605,2024-09-17T21:37:58.000000Z
2024,261.90137731481485,43.11797,-79.0605,2024-09-17T21:37:59.000000Z
2024,261.9013888888889,43.11797,-79.0605,2024-09-17T21:38:00.000000Z
2024,261.90140046296295,43.11797,-79.0605,2024-09-17T21:38:01.000000Z
2024,261.90141203703706,43.11797,-79.0605,2024-09-17T21:38:02.000000Z
2024,261.9014236111111,43.11796,-79.0605,2024-09-17T21:38:03.000000Z
2024,261.9014351851852,43.11796,-79.0605,2024-09-17T21:38:04.000000Z
2024,261.9014467592593,43.11796,-79.0605,2024-09-17T21:38:05.000000Z
2024,261.9014583333333,43.11796,-79.0605,2024-09-17T21:38:06.000000Z
2024,261.90146990740743,43.11796,-79.0605,2024-09-17T21:38:07.000000Z
2024,261.9014814814815,43.11796,-79.0605,2024-09-17T21:38:08.000000Z
2024,261.9014930555556,43.11796,-79.0605,2024-09-17T21:38:09.000000Z
2024,261.90150462962964,43.11796,-79.0605,2024-09-17T21:38:10.000000Z
2024,261.9015162037037,43.11796,-79.0605,2024-09-17T21:38:11.000000Z
2024,261.9015277777778,43.11796,-79.0605,2024-09-17T21:38:12.000000Z
2024,261.90153935185185,43.11796,-79.0605,2024-09-17T21:38:13.000000Z
2024,261.90155092592596,43.11796,-79.0605,2024-09-17T21:38:14.000000Z
2024,261.9015625,43.11796,-79.0605,2024-09-17T21:38:15.000000Z
2024,261.90157407407406,43.11796,-79.0605,2024-09-17T21:38:16.000000Z
2024,261.90158564814817,43.11796,-79.0605,2024-09-17T21:38:17.000000Z
2024,261.9015972222222,43.11796,-79.0605,2024-09-17T21:38:18.000000Z
2024,261.90160879629633,43.11796,-79.0605,2024-09-17T21:38:19.000000Z
2024,261.9016203703704,43.11796,-79.0605,2024-09-17T21:38:20.000000Z
2024,261.90163194444443,43.11796,-79.0605,2024-09-17T21:38:21.000000Z
2024,261.90164351851854,43.11796,-79.0605,2024-09-17T21:38:22.000000Z
2024,261.9016550925926,43.11796,-79.0605,2024-09-17T21:38:23.000000Z
2024,261.9016666666667,43.11796,-79.0605,2024-09-17T21:38:24.000000Z
2024,261.90167824074075,43.11796,-79.0605,2024-09-17T21:38:25.000000Z
2024,261.9016898148148,43.11796,-79.0605,2024-09-17T21:38:26.000000Z
2024,261.9017013888889,43.11796,-79.0605,2024-09-17T21:38:27.000000Z
2024,261.90171296296296,43.11796,-79.0605,2024-09-17T21:38:28.000000Z
2024,261.90172453703707,43.11796,-79.0605,2024-09-17T21:38:29.000000Z
2024,261.9017361111111,43.11796,-79.0605,2024-09-17T21:38:30.000000Z
2024,261.90174768518517,43.11796,-79.06049,2024-09-17T21:38:31.000000Z
2024,261.9017592592593,43.11796,-79.06049,2024-09-17T21:38:32.000000Z
2024,261.90177083333333,43.11796,-79.06049,2024-09-17T21:38:33.000000Z
2024,261.90178240740744,43.11796,-79.06049,2024-09-17T21:38:34.000000Z
2024,261.9017939814815,43.11796,-79.06049,2024-09-17T21:38:35.000000Z
2024,261.9018055555556,43.11796,-79.06049,2024-09-17T21:38:36.000000Z
2024,261.90181712962965,43.11796,-79.06049,2024-09-17T21:38:37.000000Z
2024,261.9018287037037,43.11796,-79.06049,2024-09-17T21:38:38.000000Z
2024,261.9018402777778,43.11796,-79.06049,2024-09-17T21:38:39.000000Z
2024,261.90185185185186,43.11796,-79.06049,2024-09-17T21:38:40.000000Z
2024,261.90186342592597,43.11796,-79.06049,2024-09-17T21:38:41.000000Z
2024,261.901875,43.11796,-79.06049,2024-09-17T21:38:42.000000Z
2024,261.90188657407407,43.11796,-79.06049,2024-09-17T21:38:43.000000Z
2024,261.9018981481482,43.11796,-79.06049,2024-09-17T21:38:44.000000Z
2024,261.90190972222223,43.11796,-79.06049,2024-09-17T21:38:45.000000Z
2024,261.90192129629634,43.11796,-79.06049,2024-09-17T21:38:46.000000Z
2024,261.9019328703704,43.11796,-79.06049,2024-09-17T21:38:47.000000Z
2024,261.90194444444444,43.11796,-79.06049,2024-09-17T21:38:48.000000Z
2024,261.90195601851855,43.11796,-79.06049,2024-09-17T21:38:49.000000Z
2024,261.9019675925926,43.11796,-79.06049,2024-09-17T21:38:50.000000Z
2024,261.9019791666667,43.11796,-79.06049,2024-09-17T21:38:51.000000Z
2024,261.90199074074076,43.11796,-79.06049,2024-09-17T21:38:52.000000Z
2024,261.9020023148148,43.11796,-79.06049,2024-09-17T21:38:53.000000Z
2024,261.9020138888889,43.11796,-79.06049,2024-09-17T21:38:54.000000Z
2024,261.90202546296297,43.11796,-79.06049,2024-09-17T21:38:55.000000Z
2024,261.9020370370371,43.11796,-79.06049,2024-09-17T21:38:56.000000Z
2024,261.9020486111111,43.11796,-79.06049,2024-09-17T21:38:57.000000Z
2024,261.9020601851852,43.11796,-79.06049,2024-09-17T21:38:58.000000Z
2024,261.9020717592593,43.11796,-79.06049,2024-09-17T21:38:59.000000Z
2024,261.90208333333334,43.11796,-79.06049,2024-09-17T21:39:00.000000Z
2024,261.9020949074074,43.11796,-79.06049,2024-09-17T21:39:01.000000Z
2024,261.9021064814815,43.11796,-79.06049,2024-09-17T21:39:02.000000Z
2024,261.90211805555555,43.11796,-79.06049,2024-09-17T21:39:03.000000Z
2024,261.90212962962966,43.11796,-79.06049,2024-09-17T21:39:04.000000Z
2024,261.9021412037037,43.11796,-79.06049,2024-09-17T21:39:05.000000Z
2024,261.90215277777776,43.11796,-79.06049,2024-09-17T21:39:06.000000Z
2024,261.90216435185187,43.11796,-79.06049,2024-09-17T21:39:07.000000Z
2024,261.9021759259259,43.11796,-79.06049,2024-09-17T21:39:08.000000Z
2024,261.9021875,43.11796,-79.06049,2024-09-17T21:39:09.000000Z
2024,261.9021990740741,43.11796,-79.06049,2024-09-17T21:39:10.000000Z
2024,261.9022106481481,43.11796,-79.06049,2024-09-17T21:39:11.000000Z
2024,261.90222222222224,43.11796,-79.06049,2024-09-17T21:39:12.000000Z
2024,261.9022337962963,43.11796,-79.06049,2024-09-17T21:39:13.000000Z
2024,261.9022453703704,43.11796,-79.06049,2024-09-17T21:39:14.000000Z
2024,261.90225694444445,43.11796,-79.06049,2024-09-17T21:39:15.000000Z
2024,261.9022685185185,43.11796,-79.06049,2024-09-17T21:39:16.000000Z
2024,261.9022800925926,43.11796,-79.06049,2024-09-17T21:39:17.000000Z
2024,261.90229166666666,43.11796,-79.06049,2024-09-17T21:39:18.000000Z
2024,261.90230324074076,43.11796,-79.06049,2024-09-17T21:39:19.000000Z
2024,261.9023148148148,43.11796,-79.06049,2024-09-17T21:39:20.000000Z
2024,261.90232638888887,43.11796,-79.06049,2024-09-17T21:39:21.000000Z
2024,261.902337962963,43.11796,-79.06049,2024-09-17T21:39:22.000000Z
2024,261.902349537037,43.11796,-79.06049,2024-09-17T21:39:23.000000Z
2024,261.90236111111113,43.11796,-79.06049,2024-09-17T21:39:24.000000Z
2024,261.9023726851852,43.11796,-79.06049,2024-09-17T21:39:25.000000Z
2024,261.90238425925924,43.11796,-79.06049,2024-09-17T21:39:26.000000Z
2024,261.90239583333334,43.11796,-79.06049,2024-09-17T21:39:27.000000Z
2024,261.9024074074074,43.11796,-79.06049,2024-09-17T21:39:28.000000Z
2024,261.9024189814815,43.11796,-79.06049,2024-09-17T21:39:29.000000Z
2024,261.90243055555555,43.11796,-79.06049,2024-09-17T21:39:30.000000Z
2024,261.9024421296296,43.11796,-79.06049,2024-09-17T21:39:31.000000Z
2024,261.9024537037037,43.11796,-79.06049,2024-09-17T21:39:32.000000Z
2024,261.90246527777776,43.11796,-79.06049,2024-09-17T21:39:33.000000Z
2024,261.9024768518519,43.11796,-79.06049,2024-09-17T21:39:34.000000Z
2024,261.9024884259259,43.11796,-79.06049,2024-09-17T21:39:35.000000Z
2024,261.90250000000003,43.11796,-79.06049,2024-09-17T21:39:36.000000Z
2024,261.9025115740741,43.11796,-79.06049,2024-09-17T21:39:37.000000Z
2024,261.90252314814813,43.11796,-79.06049,2024-09-17T21:39:38.000000Z
2024,261.90253472222224,43.11796,-79.06049,2024-09-17T21:39:39.000000Z
2024,261.9025462962963,43.11796,-79.06049,2024-09-17T21:39:40.000000Z
2024,261.9025578703704,43.11796,-79.06049,2024-09-17T21:39:41.000000Z
2024,261.90256944444445,43.11796,-79.06049,2024-09-17T21:39:42.000000Z
2024,261.9025810185185,43.11796,-79.06049,2024-09-17T21:39:43.000000Z
2024,261.9025925925926,43.11796,-79.06049,2024-09-17T21:39:44.000000Z
2024,261.90260416666666,43.11796,-79.06049,2024-09-17T21:39:45.000000Z
2024,261.90261574074077,43.11796,-79.06049,2024-09-17T21:39:46.000000Z
2024,261.9026273148148,43.11796,-79.06049,2024-09-17T21:39:47.000000Z
2024,261.9026388888889,43.11796,-79.06049,2024-09-17T21:39:48.000000Z
2024,261.902650462963,43.11796,-79.06049,2024-09-17T21:39:49.000000Z
2024,261.90266203703703,43.11796,-79.06049,2024-09-17T21:39:50.000000Z
2024,261.90267361111114,43.11796,-79.06049,2024-09-17T21:39:51.000000Z
2024,261.9026851851852,43.11796,-79.06049,2024-09-17T21:39:52.000000Z
2024,261.90269675925924,43.11796,-79.06049,2024-09-17T21:39:53.000000Z
2024,261.90270833333335,43.11796,-79.06049,2024-09-17T21:39:54.000000Z
2024,261.9027199074074,43.11796,-79.06049,2024-09-17T21:39:55.000000Z
2024,261.9027314814815,43.11796,-79.06049,2024-09-17T21:39:56.000000Z
2024,261.90274305555556,43.11796,-79.06049,2024-09-17T21:39:57.000000Z
2024,261.9027546296296,43.11796,-79.06049,2024-09-17T21:39:58.000000Z
2024,261.9027662037037,43.11796,-79.06049,2024-09-17T21:39:59.000000Z
2024,261.90277777777777,43.11796,-79.06049,2024-09-17T21:40:00.000000Z
2024,261.9027893518518,43.11796,-79.06049,2024-09-17T21:40:01.000000Z
2024,261.90280092592593,43.11796,-79.06049,2024-09-17T21:40:02.000000Z
2024,261.9028125,43.11796,-79.06049,2024-09-17T21:40:03.000000Z
2024,261.9028240740741,43.11796,-79.06049,2024-09-17T21:40:04.000000Z
2024,261.90283564814814,43.11796,-79.06049,2024-09-17T21:40:05.000000Z
2024,261.9028472222222,43.11796,-79.06049,2024-09-17T21:40:06.000000Z
2024,261.9028587962963,43.11796,-79.06049,2024-09-17T21:40:07.000000Z
2024,261.90287037037035,43.11796,-79.06049,2024-09-17T21:40:08.000000Z
2024,261.90288194444446,43.11796,-79.06049,2024-09-17T21:40:09.000000Z
2024,261.9028935185185,43.11796,-79.06049,2024-09-17T21:40:10.000000Z
2024,261.90290509259256,43.11796,-79.06049,2024-09-17T21:40:11.000000Z
2024,261.90291666666667,43.11796,-79.06049,2024-09-17T21:40:12.000000Z
2024,261.9029282407407,43.11796,-79.06049,2024-09-17T21:40:13.000000Z
2024,261.90293981481483,43.11796,-79.06049,2024-09-17T21:40:14.000000Z
2024,261.9029513888889,43.11796,-79.06049,2024-09-17T21:40:15.000000Z
2024,261.90296296296293,43.11796,-79.06049,2024-09-17T21:40:16.000000Z
2024,261.90297453703704,43.11796,-79.06049,2024-09-17T21:40:17.000000Z
2024,261.9029861111111,43.11796,-79.06049,2024-09-17T21:40:18.000000Z
2024,261.9029976851852,43.11796,-79.06049,2024-09-17T21:40:19.000000Z
2024,261.90300925925925,43.11796,-79.06049,2024-09-17T21:40:20.000000Z
2024,261.9030208333333,43.11796,-79.06049,2024-09-17T21:40:21.000000Z
2024,261.9030324074074,43.11796,-79.06049,2024-09-17T21:40:22.000000Z
2024,261.90304398148146,43.11796,-79.06049,2024-09-17T21:40:23.000000Z
2024,261.90305555555557,43.11796,-79.06049,2024-09-17T21:40:24.000000Z
2024,261.9030671296296,43.11796,-79.06049,2024-09-17T21:40:25.000000Z
2024,261.90307870370367,43.11796,-79.06049,2024-09-17T21:40:26.000000Z
2024,261.9030902777778,43.11796,-79.06049,2024-09-17T21:40:27.000000Z
2024,261.90310185185183,43.11796,-79.06049,2024-09-17T21:40:28.000000Z
2024,261.90311342592594,43.11796,-79.06049,2024-09-17T21:40:29.000000Z
2024,261.903125,43.11796,-79.06049,2024-09-17T21:40:30.000000Z
2024,261.90313657407404,43.11796,-79.06049,2024-09-17T21:40:31.000000Z
2024,261.90314814814815,43.11796,-79.06049,2024-09-17T21:40:32.000000Z
2024,261.9031597222222,43.11796,-79.06049,2024-09-17T21:40:33.000000Z
2024,261.9031712962963,43.11796,-79.06049,2024-09-17T21:40:34.000000Z
2024,261.90318287037036,43.11796,-79.06049,2024-09-17T21:40:35.000000Z
2024,261.90319444444447,43.11796,-79.06049,2024-09-17T21:40:36.000000Z
2024,261.9032060185185,43.11796,-79.06049,2024-09-17T21:40:37.000000Z
2024,261.90321759259257,43.11796,-79.06049,2024-09-17T21:40:38.000000Z
2024,261.9032291666667,43.11796,-79.06049,2024-09-17T21:40:39.000000Z
2024,261.9032407407407,43.11796,-79.06049,2024-09-17T21:40:40.000000Z
2024,261.90325231481484,43.11796,-79.06049,2024-09-17T21:40:41.000000Z
2024,261.9032638888889,43.11796,-79.06049,2024-09-17T21:40:42.000000Z
2024,261.90327546296294,43.11796,-79.06049,2024-09-17T21:40:43.000000Z
2024,261.90328703703705,43.11796,-79.06049,2024-09-17T21:40:44.000000Z
2024,261.9032986111111,43.11796,-79.06049,2024-09-17T21:40:45.000000Z
2024,261.9033101851852,43.11796,-79.06049,2024-09-17T21:40:46.000000Z
2024,261.90332175925926,43.11796,-79.06049,2024-09-17T21:40:47.000000Z
2024,261.9033333333333,43.11796,-79.06049,2024-09-17T21:40:48.000000Z
2024,261.9033449074074,43.11796,-79.06049,2024-09-17T21:40:49.000000Z
2024,261.90335648148147,43.11796,-79.06049,2024-09-17T21:40:50.000000Z
2024,261.9033680555556,43.11796,-79.06049,2024-09-17T21:40:51.000000Z
2024,261.9033796296296,43.11796,-79.06049,2024-09-17T21:40:52.000000Z
2024,261.9033912037037,43.11796,-79.06049,2024-09-17T21:40:53.000000Z
2024,261.9034027777778,43.11796,-79.06049,2024-09-17T21:40:54.000000Z
2024,261.90341435185184,43.11796,-79.06049,2024-09-17T21:40:55.000000Z
2024,261.90342592592594,43.11796,-79.06049,2024-09-17T21:40:56.000000Z
2024,261.9034375,43.11796,-79.06049,2024-09-17T21:40:57.000000Z
2024,261.90344907407405,43.11796,-79.06049,2024-09-17T21:40:58.000000Z
2024,261.90346064814815,43.11796,-79.06049,2024-09-17T21:40:59.000000Z
2024,261.9034722222222,43.11796,-79.06049,2024-09-17T21:41:00.000000Z
2024,261.90348379629626,43.11796,-79.06049,2024-09-17T21:41:01.000000Z
2024,261.90349537037036,43.11796,-79.06049,2024-09-17T21:41:02.000000Z
2024,261.9035069444444,43.11796,-79.06049,2024-09-17T21:41:03.000000Z
2024,261.9035185185185,43.11796,-79.06049,2024-09-17T21:41:04.000000Z
2024,261.9035300925926,43.11796,-79.06049,2024-09-17T21:41:05.000000Z
2024,261.9035416666666,43.11796,-79.06049,2024-09-17T21:41:06.000000Z
2024,261.90355324074073,43.11796,-79.06049,2024-09-17T21:41:07.000000Z
2024,261.9035648148148,43.11796,-79.06049,2024-09-17T21:41:08.000000Z
2024,261.9035763888889,43.11796,-79.06049,2024-09-17T21:41:09.000000Z
2024,261.90358796296294,43.11796,-79.06049,2024-09-17T21:41:10.000000Z
2024,261.903599537037,43.11796,-79.06049,2024-09-17T21:41:11.000000Z
2024,261.9036111111111,43.11796,-79.06049,2024-09-17T21:41:12.000000Z
2024,261.90362268518516,43.11796,-79.06049,2024-09-17T21:41:13.000000Z
2024,261.9036458333333,43.11796,-79.06049,2024-09-17T21:41:15.000000Z
2024,261.90365740740737,43.11796,-79.06049,2024-09-17T21:41:16.000000Z
2024,261.9036689814815,43.11796,-79.06049,2024-09-17T21:41:17.000000Z
2024,261.9036805555555,43.11796,-79.06049,2024-09-17T21:41:18.000000Z
2024,261.90369212962963,43.11796,-79.06049,2024-09-17T21:41:19.000000Z
2024,261.9037037037037,43.11796,-79.06049,2024-09-17T21:41:20.000000Z
2024,261.90371527777774,43.11796,-79.06049,2024-09-17T21:41:21.000000Z
2024,261.90372685185184,43.11796,-79.06049,2024-09-17T21:41:22.000000Z
2024,261.9037384259259,43.11796,-79.06049,2024-09-17T21:41:23.000000Z
2024,261.90375,43.11796,-79.06049,2024-09-17T21:41:24.000000Z
2024,261.90376157407405,43.11796,-79.06049,2024-09-17T21:41:25.000000Z
2024,261.9037731481481,43.11796,-79.06049,2024-09-17T21:41:26.000000Z
2024,261.9037847222222,43.11796,-79.06049,2024-09-17T21:41:27.000000Z
2024,261.90379629629626,43.11796,-79.06049,2024-09-17T21:41:28.000000Z
2024,261.9038078703704,43.11796,-79.06049,2024-09-17T21:41:29.000000Z
2024,261.9038194444444,43.11796,-79.06049,2024-09-17T21:41:30.000000Z
2024,261.9038310185185,43.11796,-79.06049,2024-09-17T21:41:31.000000Z
2024,261.9038425925926,43.11796,-79.06049,2024-09-17T21:41:32.000000Z
2024,261.90385416666663,43.11796,-79.06049,2024-09-17T21:41:33.000000Z
2024,261.90386574074074,43.11796,-79.06049,2024-09-17T21:41:34.000000Z
2024,261.9038773148148,43.11796,-79.06049,2024-09-17T21:41:35.000000Z
2024,261.9038888888889,43.11796,-79.06049,2024-09-17T21:41:36.000000Z
2024,261.90390046296295,43.11796,-79.06049,2024-09-17T21:41:37.000000Z
2024,261.903912037037,43.11796,-79.06049,2024-09-17T21:41:38.000000Z
2024,261.9039236111111,43.11796,-79.06049,2024-09-17T21:41:39.000000Z
2024,261.90393518518516,43.11796,-79.06049,2024-09-17T21:41:40.000000Z
2024,261.90394675925927,43.11796,-79.06049,2024-09-17T21:41:41.000000Z
2024,261.9039583333333,43.11796,-79.06049,2024-09-17T21:41:42.000000Z
2024,261.9039699074074,43.11796,-79.06049,2024-09-17T21:41:43.000000Z
2024,261.9039814814815,43.11796,-79.06049,2024-09-17T21:41:44.000000Z
2024,261.90399305555553,43.11796,-79.06049,2024-09-17T21:41:45.000000Z
2024,261.90400462962964,43.11796,-79.06049,2024-09-17T21:41:46.000000Z
2024,261.9040162037037,43.11796,-79.06049,2024-09-17T21:41:47.000000Z
2024,261.90402777777774,43.11796,-79.06049,2024-09-17T21:41:48.000000Z
2024,261.90403935185185,43.11796,-79.06049,2024-09-17T21:41:49.000000Z
2024,261.9040509259259,43.11796,-79.06049,2024-09-17T21:41:50.000000Z
2024,261.9040625,43.11796,-79.06049,2024-09-17T21:41:51.000000Z
2024,261.90407407407406,43.11796,-79.06049,2024-09-17T21:41:52.000000Z
2024,261.9040856481481,43.11796,-79.06049,2024-09-17T21:41:53.000000Z
2024,261.9040972222222,43.11796,-79.06049,2024-09-17T21:41:54.000000Z
2024,261.90410879629627,43.11796,-79.06049,2024-09-17T21:41:55.000000Z
2024,261.9041203703704,43.11796,-79.06049,2024-09-17T21:41:56.000000Z
2024,261.90413194444443,43.11796,-79.06049,2024-09-17T21:41:57.000000Z
2024,261.9041435185185,43.11796,-79.06049,2024-09-17T21:41:58.000000Z
2024,261.9041550925926,43.11796,-79.06049,2024-09-17T21:41:59.000000Z
2024,261.90416666666664,43.11796,-79.06049,2024-09-17T21:42:00.000000Z
2024,261.9041782407407,43.11796,-79.06049,2024-09-17T21:42:01.000000Z
2024,261.9041898148148,43.11796,-79.06049,2024-09-17T21:42:02.000000Z
2024,261.90420138888885,43.11796,-79.06049,2024-09-17T21:42:03.000000Z
2024,261.90421296296296,43.11796,-79.06049,2024-09-17T21:42:04.000000Z
2024,261.904224537037,43.11796,-79.06049,2024-09-17T21:42:05.000000Z
2024,261.90423611111106,43.11796,-79.06049,2024-09-17T21:42:06.000000Z
2024,261.90424768518517,43.11796,-79.06049,2024-09-17T21:42:07.000000Z
2024,261.9042592592592,43.11796,-79.06049,2024-09-17T21:42:08.000000Z
2024,261.9042708333333,43.11796,-79.06049,2024-09-17T21:42:09.000000Z
2024,261.9042824074074,43.11796,-79.06049,2024-09-17T21:42:10.000000Z
2024,261.90429398148143,43.11796,-79.06049,2024-09-17T21:42:11.000000Z
2024,261.90430555555554,43.11796,-79.06049,2024-09-17T21:42:12.000000Z
2024,261.9043171296296,43.11796,-79.06049,2024-09-17T21:42:13.000000Z
2024,261.9043287037037,43.11796,-79.06049,2024-09-17T21:42:14.000000Z
2024,261.90434027777775,43.11796,-79.06049,2024-09-17T21:42:15.000000Z
2024,261.9043518518518,43.11796,-79.06049,2024-09-17T21:42:16.000000Z
2024,261.9043634259259,43.11796,-79.06049,2024-09-17T21:42:17.000000Z
2024,261.90437499999996,43.11796,-79.06049,2024-09-17T21:42:18.000000Z
2024,261.90438657407407,43.11796,-79.06049,2024-09-17T21:42:19.000000Z
2024,261.9043981481481,43.11796,-79.06049,2024-09-17T21:42:20.000000Z
2024,261.9044212962963,43.11796,-79.06049,2024-09-17T21:42:22.000000Z
2024,261.90443287037033,43.11796,-79.06049,2024-09-17T21:42:23.000000Z
2024,261.90444444444444,43.11796,-79.06049,2024-09-17T21:42:24.000000Z
2024,261.9044560185185,43.11796,-79.06049,2024-09-17T21:42:25.000000Z
2024,261.90446759259254,43.11796,-79.06049,2024-09-17T21:42:26.000000Z
2024,261.90447916666665,43.11796,-79.06049,2024-09-17T21:42:27.000000Z
2024,261.9044907407407,43.11796,-79.06049,2024-09-17T21:42:28.000000Z
2024,261.9045023148148,43.11796,-79.06049,2024-09-17T21:42:29.000000Z
2024,261.90451388888886,43.11796,-79.06049,2024-09-17T21:42:30.000000Z
2024,261.9045254629629,43.11796,-79.06049,2024-09-17T21:42:31.000000Z
2024,261.904537037037,43.11796,-79.06049,2024-09-17T21:42:32.000000Z
2024,261.90454861111107,43.11796,-79.06049,2024-09-17T21:42:33.000000Z
2024,261.9045601851852,43.11796,-79.06049,2024-09-17T21:42:34.000000Z
2024,261.9045717592592,43.11796,-79.06049,2024-09-17T21:42:35.000000Z
2024,261.90458333333333,43.11796,-79.06049,2024-09-17T21:42:36.000000Z
2024,261.9045949074074,43.11796,-79.06049,2024-09-17T21:42:37.000000Z
2024,261.90460648148144,43.11796,-79.06049,2024-09-17T21:42:38.000000Z
2024,261.90461805555555,43.11796,-79.06049,2024-09-17T21:42:39.000000Z
2024,261.9046296296296,43.11796,-79.06049,2024-09-17T21:42:40.000000Z
2024,261.9046412037037,43.11796,-79.06049,2024-09-17T21:42:41.000000Z
2024,261.90465277777776,43.11796,-79.06049,2024-09-17T21:42:42.000000Z
2024,261.9046643518518,43.11796,-79.06049,2024-09-17T21:42:43.000000Z
2024,261.9046759259259,43.11796,-79.06049,2024-09-17T21:42:44.000000Z
2024,261.90468749999997,43.11796,-79.06049,2024-09-17T21:42:45.000000Z
2024,261.9046990740741,43.11796,-79.06049,2024-09-17T21:42:46.000000Z
2024,261.9047106481481,43.11796,-79.06049,2024-09-17T21:42:47.000000Z
2024,261.9047222222222,43.11796,-79.06049,2024-09-17T21:42:48.000000Z
2024,261.9047337962963,43.11796,-79.06049,2024-09-17T21:42:49.000000Z
2024,261.90474537037034,43.11796,-79.06049,2024-09-17T21:42:50.000000Z
2024,261.90475694444444,43.11796,-79.06049,2024-09-17T21:42:51.000000Z
2024,261.9047685185185,43.11796,-79.06049,2024-09-17T21:42:52.000000Z
2024,261.90478009259255,43.11796,-79.06049,2024-09-17T21:42:53.000000Z
2024,261.90479166666665,43.11796,-79.06049,2024-09-17T21:42:54.000000Z
2024,261.9048032407407,43.11796,-79.06049,2024-09-17T21:42:55.000000Z
2024,261.9048148148148,43.11796,-79.06049,2024-09-17T21:42:56.000000Z
2024,261.90482638888886,43.11796,-79.06049,2024-09-17T21:42:57.000000Z
2024,261.9048379629629,43.11796,-79.06049,2024-09-17T21:42:58.000000Z
2024,261.904849537037,43.11796,-79.06049,2024-09-17T21:42:59.000000Z
2024,261.90486111111113,43.11796,-79.06049,2024-09-17T21:43:00.000000Z
2024,261.9048726851852,43.11796,-79.06049,2024-09-17T21:43:01.000000Z
2024,261.9048842592593,43.11796,-79.06049,2024-09-17T21:43:02.000000Z
2024,261.90489583333334,43.11796,-79.06049,2024-09-17T21:43:03.000000Z
2024,261.90490740740745,43.11796,-79.06049,2024-09-17T21:43:04.000000Z
2024,261.9049189814815,43.11796,-79.06049,2024-09-17T21:43:05.000000Z
2024,261.90493055555555,43.11796,-79.06049,2024-09-17T21:43:06.000000Z
2024,261.90494212962966,43.11796,-79.06049,2024-09-17T21:43:07.000000Z
2024,261.9049537037037,43.11796,-79.06049,2024-09-17T21:43:08.000000Z
2024,261.9049652777778,43.11796,-79.06049,2024-09-17T21:43:09.000000Z
2024,261.90497685185187,43.11796,-79.06049,2024-09-17T21:43:10.000000Z
2024,261.9049884259259,43.11796,-79.06049,2024-09-17T21:43:11.000000Z
2024,261.90500000000003,43.11796,-79.06049,2024-09-17T21:43:12.000000Z
2024,261.9050115740741,43.11796,-79.06049,2024-09-17T21:43:13.000000Z
2024,261.9050231481482,43.11796,-79.06049,2024-09-17T21:43:14.000000Z
2024,261.90503472222224,43.11796,-79.06049,2024-09-17T21:43:15.000000Z
2024,261.9050462962963,43.11796,-79.06049,2024-09-17T21:43:16.000000Z
2024,261.9050578703704,43.11796,-79.06049,2024-09-17T21:43:17.000000Z
2024,261.90506944444445,43.11796,-79.06049,2024-09-17T21:43:18.000000Z
2024,261.90508101851856,43.11796,-79.06049,2024-09-17T21:43:19.000000Z
2024,261.9050925925926,43.11796,-79.06049,2024-09-17T21:43:20.000000Z
2024,261.90510416666666,43.11796,-79.06049,2024-09-17T21:43:21.000000Z
2024,261.90511574074077,43.11796,-79.06049,2024-09-17T21:43:22.000000Z
2024,261.9051273148148,43.11796,-79.06049,2024-09-17T21:43:23.000000Z
2024,261.9051388888889,43.11796,-79.06049,2024-09-17T21:43:24.000000Z
2024,261.905150462963,43.11796,-79.06049,2024-09-17T21:43:25.000000Z
2024,261.90516203703703,43.11796,-79.06049,2024-09-17T21:43:26.000000Z
2024,261.90517361111114,43.11796,-79.06049,2024-09-17T21:43:27.000000Z
2024,261.9051967592593,43.11796,-79.06049,2024-09-17T21:43:29.000000Z
2024,261.90520833333335,43.11796,-79.06049,2024-09-17T21:43:30.000000Z
2024,261.9052199074074,43.11796,-79.06049,2024-09-17T21:43:31.000000Z
2024,261.9052314814815,43.11796,-79.06049,2024-09-17T21:43:32.000000Z
2024,261.90524305555556,43.11796,-79.06049,2024-09-17T21:43:33.000000Z
2024,261.90525462962967,43.11796,-79.06049,2024-09-17T21:43:34.000000Z
2024,261.9052662037037,43.11796,-79.06049,2024-09-17T21:43:35.000000Z
2024,261.9052777777778,43.11796,-79.06049,2024-09-17T21:43:36.000000Z
2024,261.9052893518519,43.11796,-79.06049,2024-09-17T21:43:37.000000Z
2024,261.9053009259259,43.11796,-79.06049,2024-09-17T21:43:38.000000Z
2024,261.90531250000004,43.11796,-79.06049,2024-09-17T21:43:39.000000Z
2024,261.9053240740741,43.11796,-79.06049,2024-09-17T21:43:40.000000Z
2024,261.9053356481482,43.11796,-79.06049,2024-09-17T21:43:41.000000Z
2024,261.90534722222225,43.11796,-79.06049,2024-09-17T21:43:42.000000Z
2024,261.9053587962963,43.11796,-79.06049,2024-09-17T21:43:43.000000Z
2024,261.9053703703704,43.11796,-79.06049,2024-09-17T21:43:44.000000Z
2024,261.90538194444446,43.11796,-79.06049,2024-09-17T21:43:45.000000Z
2024,261.90539351851857,43.11796,-79.06049,2024-09-17T21:43:46.000000Z
2024,261.9054050925926,43.11796,-79.06049,2024-09-17T21:43:47.000000Z
2024,261.90541666666667,43.11796,-79.06049,2024-09-17T21:43:48.000000Z
2024,261.9054282407408,43.11796,-79.06049,2024-09-17T21:43:49.000000Z
2024,261.9054398148148,43.11796,-79.06049,2024-09-17T21:43:50.000000Z
2024,261.90545138888893,43.11796,-79.06049,2024-09-17T21:43:51.000000Z
2024,261.905462962963,43.11796,-79.06049,2024-09-17T21:43:52.000000Z
2024,261.90547453703704,43.11796,-79.06049,2024-09-17T21:43:53.000000Z
2024,261.90548611111114,43.11796,-79.06049,2024-09-17T21:43:54.000000Z
2024,261.9054976851852,43.11796,-79.06049,2024-09-17T21:43:55.000000Z
2024,261.9055092592593,43.11796,-79.06049,2024-09-17T21:43:56.000000Z
2024,261.90552083333336,43.11796,-79.06049,2024-09-17T21:43:57.000000Z
2024,261.9055324074074,43.11796,-79.06049,2024-09-17T21:43:58.000000Z
2024,261.9055439814815,43.11796,-79.06049,2024-09-17T21:43:59.000000Z
2024,261.90555555555557,43.11796,-79.06049,2024-09-17T21:44:00.000000Z
2024,261.9055671296296,43.11796,-79.06049,2024-09-17T21:44:01.000000Z
2024,261.9055787037037,43.11796,-79.06049,2024-09-17T21:44:02.000000Z
2024,261.9055902777778,43.11796,-79.06049,2024-09-17T21:44:03.000000Z
2024,261.9056018518519,43.11796,-79.06049,2024-09-17T21:44:04.000000Z
2024,261.90561342592594,43.11796,-79.06049,2024-09-17T21:44:05.000000Z
2024,261.905625,43.11796,-79.06049,2024-09-17T21:44:06.000000Z
2024,261.9056365740741,43.11796,-79.06049,2024-09-17T21:44:07.000000Z
2024,261.90564814814815,43.11796,-79.06049,2024-09-17T21:44:08.000000Z
2024,261.90565972222225,43.11796,-79.06049,2024-09-17T21:44:09.000000Z
2024,261.9056712962963,43.11796,-79.06049,2024-09-17T21:44:10.000000Z
2024,261.90569444444446,43.11796,-79.06049,2024-09-17T21:44:12.000000Z
2024,261.9057060185185,43.11796,-79.06049,2024-09-17T21:44:13.000000Z
2024,261.9057175925926,43.11796,-79.06049,2024-09-17T21:44:14.000000Z
2024,261.9057291666667,43.11796,-79.06049,2024-09-17T21:44:15.000000Z
2024,261.9057407407407,43.11796,-79.06049,2024-09-17T21:44:16.000000Z
2024,261.90575231481483,43.11796,-79.06049,2024-09-17T21:44:17.000000Z
2024,261.9057638888889,43.11796,-79.06049,2024-09-17T21:44:18.000000Z
2024,261.905775462963,43.11796,-79.06049,2024-09-17T21:44:19.000000Z
2024,261.90578703703704,43.11796,-79.06048,2024-09-17T21:44:20.000000Z
2024,261.9057986111111,43.11796,-79.06048,2024-09-17T21:44:21.000000Z
2024,261.9058101851852,43.11796,-79.06048,2024-09-17T21:44:22.000000Z
2024,261.90582175925925,43.11796,-79.06048,2024-09-17T21:44:23.000000Z
2024,261.90583333333336,43.11796,-79.06048,2024-09-17T21:44:24.000000Z
2024,261.9058449074074,43.11796,-79.06048,2024-09-17T21:44:25.000000Z
2024,261.90585648148146,43.11796,-79.06048,2024-09-17T21:44:26.000000Z
2024,261.9058680555556,43.11796,-79.06048,2024-09-17T21:44:27.000000Z
2024,261.9058796296296,43.11796,-79.06048,2024-09-17T21:44:28.000000Z
2024,261.90589120370373,43.11796,-79.06048,2024-09-17T21:44:29.000000Z
2024,261.9059027777778,43.11796,-79.06048,2024-09-17T21:44:30.000000Z
2024,261.90591435185183,43.11796,-79.06048,2024-09-17T21:44:31.000000Z
2024,261.90592592592594,43.11796,-79.06048,2024-09-17T21:44:32.000000Z
2024,261.9059375,43.11796,-79.06048,2024-09-17T21:44:33.000000Z
2024,261.9059490740741,43.11796,-79.06048,2024-09-17T21:44:34.000000Z
2024,261.90596064814815,43.11796,-79.06048,2024-09-17T21:44:35.000000Z
2024,261.90597222222226,43.11796,-79.06048,2024-09-17T21:44:36.000000Z
2024,261.9059837962963,43.11796,-79.06048,2024-09-17T21:44:37.000000Z
2024,261.90599537037036,43.11796,-79.06048,2024-09-17T21:44:38.000000Z
2024,261.90600694444447,43.11796,-79.06048,2024-09-17T21:44:39.000000Z
2024,261.9060185185185,43.11796,-79.06048,2024-09-17T21:44:40.000000Z
2024,261.90603009259263,43.11796,-79.06048,2024-09-17T21:44:41.000000Z
2024,261.9060416666667,43.11796,-79.06048,2024-09-17T21:44:42.000000Z
2024,261.90605324074073,43.11796,-79.06048,2024-09-17T21:44:43.000000Z
2024,261.90606481481484,43.11796,-79.06048,2024-09-17T21:44:44.000000Z
2024,261.9060763888889,43.11796,-79.06048,2024-09-17T21:44:45.000000Z
2024,261.906087962963,43.11796,-79.06048,2024-09-17T21:44:46.000000Z
2024,261.90609953703705,43.11796,-79.06048,2024-09-17T21:44:47.000000Z
2024,261.9061111111111,43.11796,-79.06048,2024-09-17T21:44:48.000000Z
2024,261.9061226851852,43.11796,-79.06048,2024-09-17T21:44:49.000000Z
2024,261.90613425925926,43.11796,-79.06048,2024-09-17T21:44:50.000000Z
2024,261.90614583333337,43.11796,-79.06048,2024-09-17T21:44:51.000000Z
2024,261.9061574074074,43.11796,-79.06048,2024-09-17T21:44:52.000000Z
2024,261.90616898148147,43.11796,-79.06048,2024-09-17T21:44:53.000000Z
2024,261.9061805555556,43.11796,-79.06048,2024-09-17T21:44:54.000000Z
2024,261.90619212962963,43.11796,-79.06048,2024-09-17T21:44:55.000000Z
2024,261.90620370370374,43.11796,-79.06048,2024-09-17T21:44:56.000000Z
2024,261.9062152777778,43.11796,-79.06048,2024-09-17T21:44:57.000000Z
2024,261.90622685185184,43.11796,-79.06048,2024-09-17T21:44:58.000000Z
2024,261.90623842592595,43.11796,-79.06048,2024-09-17T21:44:59.000000Z
2024,261.90625,43.11796,-79.06048,2024-09-17T21:45:00.000000Z
2024,261.90626157407405,43.11796,-79.06048,2024-09-17T21:45:01.000000Z
2024,261.90627314814816,43.11796,-79.06048,2024-09-17T21:45:02.000000Z
2024,261.9062847222222,43.11796,-79.06048,2024-09-17T21:45:03.000000Z
2024,261.9062962962963,43.11796,-79.06048,2024-09-17T21:45:04.000000Z
2024,261.90630787037037,43.11796,-79.06048,2024-09-17T21:45:05.000000Z
2024,261.9063194444444,43.11796,-79.06048,2024-09-17T21:45:06.000000Z
2024,261.90633101851853,43.11796,-79.06048,2024-09-17T21:45:07.000000Z
2024,261.9063425925926,43.11796,-79.06048,2024-09-17T21:45:08.000000Z
2024,261.9063541666667,43.11796,-79.06048,2024-09-17T21:45:09.000000Z
2024,261.90636574074074,43.11796,-79.06048,2024-09-17T21:45:10.000000Z
2024,261.9063773148148,43.11796,-79.06048,2024-09-17T21:45:11.000000Z
2024,261.9063888888889,43.11796,-79.06048,2024-09-17T21:45:12.000000Z
2024,261.90640046296295,43.11796,-79.06048,2024-09-17T21:45:13.000000Z
2024,261.90641203703706,43.11796,-79.06048,2024-09-17T21:45:14.000000Z
2024,261.9064236111111,43.11796,-79.06048,2024-09-17T21:45:15.000000Z
2024,261.90643518518516,43.11796,-79.06048,2024-09-17T21:45:16.000000Z
2024,261.90644675925927,43.11796,-79.06048,2024-09-17T21:45:17.000000Z
2024,261.9064583333333,43.11796,-79.06048,2024-09-17T21:45:18.000000Z
2024,261.9064699074074,43.11796,-79.06048,2024-09-17T21:45:19.000000Z
2024,261.9064814814815,43.11796,-79.06048,2024-09-17T21:45:20.000000Z
2024,261.90649305555553,43.11796,-79.06048,2024-09-17T21:45:21.000000Z
2024,261.90650462962964,43.11796,-79.06048,2024-09-17T21:45:22.000000Z
2024,261.9065162037037,43.11796,-79.06048,2024-09-17T21:45:23.000000Z
2024,261.9065277777778,43.11796,-79.06048,2024-09-17T21:45:24.000000Z
2024,261.90653935185185,43.11796,-79.06048,2024-09-17T21:45:25.000000Z
2024,261.9065509259259,43.11796,-79.06048,2024-09-17T21:45:26.000000Z
2024,261.9065625,43.11796,-79.06048,2024-09-17T21:45:27.000000Z
2024,261.90657407407406,43.11796,-79.06048,2024-09-17T21:45:28.000000Z
2024,261.90658564814817,43.11796,-79.06048,2024-09-17T21:45:29.000000Z
2024,261.9065972222222,43.11796,-79.06048,2024-09-17T21:45:30.000000Z
2024,261.90660879629627,43.11796,-79.06048,2024-09-17T21:45:31.000000Z
2024,261.9066203703704,43.11796,-79.06048,2024-09-17T21:45:32.000000Z
2024,261.9066319444444,43.11796,-79.06048,2024-09-17T21:45:33.000000Z
2024,261.90664351851854,43.11796,-79.06048,2024-09-17T21:45:34.000000Z
2024,261.9066550925926,43.11796,-79.06048,2024-09-17T21:45:35.000000Z
2024,261.9066666666667,43.11796,-79.06048,2024-09-17T21:45:36.000000Z
2024,261.90667824074075,43.11796,-79.06048,2024-09-17T21:45:37.000000Z
2024,261.9066898148148,43.11796,-79.06048,2024-09-17T21:45:38.000000Z
2024,261.9067013888889,43.11796,-79.06048,2024-09-17T21:45:39.000000Z
2024,261.90671296296296,43.11796,-79.06048,2024-09-17T21:45:40.000000Z
2024,261.90672453703706,43.11796,-79.06048,2024-09-17T21:45:41.000000Z
2024,261.9067361111111,43.11796,-79.06048,2024-09-17T21:45:42.000000Z
2024,261.90674768518517,43.11796,-79.06048,2024-09-17T21:45:43.000000Z
2024,261.9067592592593,43.11796,-79.06048,2024-09-17T21:45:44.000000Z
2024,261.9067708333333,43.11796,-79.06048,2024-09-17T21:45:45.000000Z
2024,261.90678240740743,43.11796,-79.06048,2024-09-17T21:45:46.000000Z
2024,261.9067939814815,43.11796,-79.06048,2024-09-17T21:45:47.000000Z
2024,261.90680555555554,43.11796,-79.06048,2024-09-17T21:45:48.000000Z
2024,261.90681712962964,43.11796,-79.06048,2024-09-17T21:45:49.000000Z
2024,261.9068287037037,43.11796,-79.06048,2024-09-17T21:45:50.000000Z
2024,261.9068402777778,43.11796,-79.06048,2024-09-17T21:45:51.000000Z
2024,261.90685185185185,43.11796,-79.06048,2024-09-17T21:45:52.000000Z
2024,261.9068634259259,43.11796,-79.06048,2024-09-17T21:45:53.000000Z
2024,261.906875,43.11796,-79.06048,2024-09-17T21:45:54.000000Z
2024,261.90688657407406,43.11796,-79.06048,2024-09-17T21:45:55.000000Z
2024,261.9068981481482,43.11796,-79.06048,2024-09-17T21:45:56.000000Z
2024,261.9069097222222,43.11796,-79.06048,2024-09-17T21:45:57.000000Z
2024,261.9069212962963,43.11796,-79.06048,2024-09-17T21:45:58.000000Z
2024,261.9069328703704,43.11796,-79.06048,2024-09-17T21:45:59.000000Z
2024,261.90694444444443,43.11796,-79.06048,2024-09-17T21:46:00.000000Z
2024,261.9069560185185,43.11796,-79.06048,2024-09-17T21:46:01.000000Z
2024,261.9069675925926,43.11796,-79.06048,2024-09-17T21:46:02.000000Z
2024,261.90697916666664,43.11796,-79.06048,2024-09-17T21:46:03.000000Z
2024,261.90699074074075,43.11796,-79.06048,2024-09-17T21:46:04.000000Z
2024,261.9070023148148,43.11796,-79.06048,2024-09-17T21:46:05.000000Z
2024,261.90701388888886,43.11796,-79.06048,2024-09-17T21:46:06.000000Z
2024,261.90702546296296,43.11796,-79.06048,2024-09-17T21:46:07.000000Z
2024,261.907037037037,43.11796,-79.06048,2024-09-17T21:46:08.000000Z
2024,261.9070486111111,43.11796,-79.06048,2024-09-17T21:46:09.000000Z
2024,261.9070601851852,43.11796,-79.06048,2024-09-17T21:46:10.000000Z
2024,261.9070717592592,43.11796,-79.06048,2024-09-17T21:46:11.000000Z
2024,261.90708333333333,43.11796,-79.06048,2024-09-17T21:46:12.000000Z
2024,261.9070949074074,43.11796,-79.06048,2024-09-17T21:46:13.000000Z
2024,261.9071064814815,43.11796,-79.06048,2024-09-17T21:46:14.000000Z
2024,261.90711805555554,43.11796,-79.06048,2024-09-17T21:46:15.000000Z
2024,261.9071296296296,43.11796,-79.06048,2024-09-17T21:46:16.000000Z
2024,261.9071412037037,43.11796,-79.06048,2024-09-17T21:46:17.000000Z
2024,261.90715277777775,43.11796,-79.06048,2024-09-17T21:46:18.000000Z
2024,261.90716435185186,43.11796,-79.06048,2024-09-17T21:46:19.000000Z
2024,261.9071759259259,43.11796,-79.06048,2024-09-17T21:46:20.000000Z
2024,261.90718749999996,43.11796,-79.06048,2024-09-17T21:46:21.000000Z
2024,261.9071990740741,43.11796,-79.06048,2024-09-17T21:46:22.000000Z
2024,261.9072106481481,43.11796,-79.06048,2024-09-17T21:46:23.000000Z
2024,261.90722222222223,43.11796,-79.06048,2024-09-17T21:46:24.000000Z
2024,261.9072337962963,43.11796,-79.06048,2024-09-17T21:46:25.000000Z
2024,261.90724537037033,43.11796,-79.06048,2024-09-17T21:46:26.000000Z
2024,261.90725694444444,43.11796,-79.06048,2024-09-17T21:46:27.000000Z
2024,261.9072685185185,43.11795,-79.06048,2024-09-17T21:46:28.000000Z
2024,261.9072800925926,43.11796,-79.06048,2024-09-17T21:46:29.000000Z
2024,261.90729166666665,43.11795,-79.06048,2024-09-17T21:46:30.000000Z
2024,261.9073032407407,43.11795,-79.06048,2024-09-17T21:46:31.000000Z
2024,261.9073148148148,43.11795,-79.06048,2024-09-17T21:46:32.000000Z
2024,261.90732638888886,43.11795,-79.06048,2024-09-17T21:46:33.000000Z
2024,261.90733796296297,43.11796,-79.06048,2024-09-17T21:46:34.000000Z
2024,261.907349537037,43.11796,-79.06048,2024-09-17T21:46:35.000000Z
2024,261.90736111111113,43.11795,-79.06048,2024-09-17T21:46:36.000000Z
2024,261.9073726851852,43.11795,-79.06048,2024-09-17T21:46:37.000000Z
2024,261.90738425925923,43.11795,-79.06048,2024-09-17T21:46:38.000000Z
2024,261.90739583333334,43.11796,-79.06048,2024-09-17T21:46:39.000000Z
2024,261.9074074074074,43.11796,-79.06048,2024-09-17T21:46:40.000000Z
2024,261.9074189814815,43.11796,-79.06048,2024-09-17T21:46:41.000000Z
2024,261.90743055555555,43.11796,-79.06048,2024-09-17T21:46:42.000000Z
2024,261.9074421296296,43.11796,-79.06048,2024-09-17T21:46:43.000000Z
2024,261.9074537037037,43.11796,-79.06048,2024-09-17T21:46:44.000000Z
2024,261.90746527777776,43.11796,-79.06048,2024-09-17T21:46:45.000000Z
2024,261.90747685185187,43.11796,-79.06048,2024-09-17T21:46:46.000000Z
2024,261.9074884259259,43.11796,-79.06048,2024-09-17T21:46:47.000000Z
2024,261.90749999999997,43.11796,-79.06048,2024-09-17T21:46:48.000000Z
2024,261.9075115740741,43.11796,-79.06048,2024-09-17T21:46:49.000000Z
2024,261.90752314814813,43.11796,-79.06048,2024-09-17T21:46:50.000000Z
2024,261.90753472222224,43.11796,-79.06048,2024-09-17T21:46:51.000000Z
2024,261.9075462962963,43.11796,-79.06048,2024-09-17T21:46:52.000000Z
2024,261.90755787037034,43.11796,-79.06048,2024-09-17T21:46:53.000000Z
2024,261.90756944444445,43.11796,-79.06048,2024-09-17T21:46:54.000000Z
2024,261.9075810185185,43.11796,-79.06048,2024-09-17T21:46:55.000000Z
2024,261.9075925925926,43.11796,-79.06048,2024-09-17T21:46:56.000000Z
2024,261.90760416666666,43.11796,-79.06048,2024-09-17T21:46:57.000000Z
2024,261.9076157407407,43.11796,-79.06048,2024-09-17T21:46:58.000000Z
2024,261.9076273148148,43.11796,-79.06048,2024-09-17T21:46:59.000000Z
2024,261.90763888888887,43.11796,-79.06048,2024-09-17T21:47:00.000000Z
2024,261.9076504629629,43.11796,-79.06048,2024-09-17T21:47:01.000000Z
2024,261.907662037037,43.11796,-79.06048,2024-09-17T21:47:02.000000Z
2024,261.9076736111111,43.11796,-79.06048,2024-09-17T21:47:03.000000Z
2024,261.9076851851852,43.11796,-79.06048,2024-09-17T21:47:04.000000Z
2024,261.90769675925924,43.11796,-79.06048,2024-09-17T21:47:05.000000Z
2024,261.9077083333333,43.11796,-79.06048,2024-09-17T21:47:06.000000Z
2024,261.9077199074074,43.11796,-79.06048,2024-09-17T21:47:07.000000Z
2024,261.90773148148145,43.11796,-79.06048,2024-09-17T21:47:08.000000Z
2024,261.90774305555556,43.11796,-79.06048,2024-09-17T21:47:09.000000Z
2024,261.9077546296296,43.11796,-79.06048,2024-09-17T21:47:10.000000Z
2024,261.90776620370366,43.11796,-79.06048,2024-09-17T21:47:11.000000Z
2024,261.90777777777777,43.11796,-79.06048,2024-09-17T21:47:12.000000Z
2024,261.9077893518518,43.11796,-79.06048,2024-09-17T21:47:13.000000Z
2024,261.9078009259259,43.11796,-79.06048,2024-09-17T21:47:14.000000Z
2024,261.9078125,43.11796,-79.06048,2024-09-17T21:47:15.000000Z
2024,261.90782407407403,43.11796,-79.06048,2024-09-17T21:47:16.000000Z
2024,261.90783564814814,43.11796,-79.06048,2024-09-17T21:47:17.000000Z
2024,261.9078472222222,43.11796,-79.06048,2024-09-17T21:47:18.000000Z
2024,261.9078587962963,43.11796,-79.06048,2024-09-17T21:47:19.000000Z
2024,261.90787037037035,43.11796,-79.06048,2024-09-17T21:47:20.000000Z
2024,261.9078819444444,43.11796,-79.06048,2024-09-17T21:47:21.000000Z
2024,261.9078935185185,43.11796,-79.06048,2024-09-17T21:47:22.000000Z
2024,261.90790509259256,43.11796,-79.06048,2024-09-17T21:47:23.000000Z
2024,261.90791666666667,43.11796,-79.06048,2024-09-17T21:47:24.000000Z
2024,261.9079282407407,43.11796,-79.06048,2024-09-17T21:47:25.000000Z
2024,261.90793981481477,43.11796,-79.06048,2024-09-17T21:47:26.000000Z
2024,261.9079513888889,43.11796,-79.06048,2024-09-17T21:47:27.000000Z
2024,261.9079629629629,43.11796,-79.06048,2024-09-17T21:47:28.000000Z
2024,261.90797453703703,43.11796,-79.06048,2024-09-17T21:47:29.000000Z
2024,261.9079861111111,43.11796,-79.06048,2024-09-17T21:47:30.000000Z
2024,261.90799768518514,43.11796,-79.06048,2024-09-17T21:47:31.000000Z
2024,261.90800925925925,43.11796,-79.06048,2024-09-17T21:47:32.000000Z
2024,261.9080208333333,43.11796,-79.06048,2024-09-17T21:47:33.000000Z
2024,261.9080324074074,43.11796,-79.06048,2024-09-17T21:47:34.000000Z
2024,261.90804398148146,43.11796,-79.06048,2024-09-17T21:47:35.000000Z
2024,261.90805555555556,43.11796,-79.06048,2024-09-17T21:47:36.000000Z
2024,261.9080671296296,43.11796,-79.06048,2024-09-17T21:47:37.000000Z
2024,261.90807870370367,43.11796,-79.06048,2024-09-17T21:47:38.000000Z
2024,261.9080902777778,43.11796,-79.06048,2024-09-17T21:47:39.000000Z
2024,261.9081018518518,43.11796,-79.06048,2024-09-17T21:47:40.000000Z
2024,261.90811342592593,43.11796,-79.06048,2024-09-17T21:47:41.000000Z
2024,261.908125,43.11796,-79.06048,2024-09-17T21:47:42.000000Z
2024,261.90813657407404,43.11796,-79.06048,2024-09-17T21:47:43.000000Z
2024,261.90814814814814,43.11796,-79.06048,2024-09-17T21:47:44.000000Z
2024,261.9081597222222,43.11796,-79.06048,2024-09-17T21:47:45.000000Z
2024,261.9081712962963,43.11796,-79.06048,2024-09-17T21:47:46.000000Z
2024,261.90818287037035,43.11796,-79.06048,2024-09-17T21:47:47.000000Z
2024,261.9081944444444,43.11796,-79.06048,2024-09-17T21:47:48.000000Z
2024,261.9082060185185,43.11796,-79.06048,2024-09-17T21:47:49.000000Z
2024,261.90821759259256,43.11796,-79.06048,2024-09-17T21:47:50.000000Z
2024,261.9082291666667,43.11796,-79.06048,2024-09-17T21:47:51.000000Z
2024,261.9082407407407,43.11796,-79.06048,2024-09-17T21:47:52.000000Z
2024,261.9082523148148,43.11796,-79.06048,2024-09-17T21:47:53.000000Z
2024,261.9082638888889,43.11796,-79.06048,2024-09-17T21:47:54.000000Z
2024,261.90827546296293,43.11796,-79.06048,2024-09-17T21:47:55.000000Z
2024,261.90828703703704,43.11796,-79.06048,2024-09-17T21:47:56.000000Z
2024,261.9082986111111,43.11796,-79.06048,2024-09-17T21:47:57.000000Z
2024,261.90831018518514,43.11796,-79.06048,2024-09-17T21:47:58.000000Z
2024,261.90832175925925,43.11796,-79.06048,2024-09-17T21:47:59.000000Z
2024,261.90833333333336,43.11796,-79.06048,2024-09-17T21:48:00.000000Z
2024,261.9083449074074,43.11796,-79.06048,2024-09-17T21:48:01.000000Z
2024,261.9083564814815,43.11796,-79.06048,2024-09-17T21:48:02.000000Z
2024,261.90836805555557,43.11796,-79.06048,2024-09-17T21:48:03.000000Z
2024,261.9083796296297,43.11796,-79.06048,2024-09-17T21:48:04.000000Z
2024,261.90839120370373,43.11796,-79.06048,2024-09-17T21:48:05.000000Z
2024,261.9084027777778,43.11796,-79.06048,2024-09-17T21:48:06.000000Z
2024,261.9084143518519,43.11796,-79.06048,2024-09-17T21:48:07.000000Z
2024,261.90842592592594,43.11796,-79.06048,2024-09-17T21:48:08.000000Z
2024,261.90843750000005,43.11796,-79.06048,2024-09-17T21:48:09.000000Z
2024,261.9084490740741,43.11796,-79.06048,2024-09-17T21:48:10.000000Z
2024,261.90846064814815,43.11796,-79.06048,2024-09-17T21:48:11.000000Z
2024,261.90847222222226,43.11796,-79.06048,2024-09-17T21:48:12.000000Z
2024,261.9084837962963,43.11796,-79.06048,2024-09-17T21:48:13.000000Z
2024,261.9084953703704,43.11796,-79.06048,2024-09-17T21:48:14.000000Z
2024,261.90850694444447,43.11796,-79.06048,2024-09-17T21:48:15.000000Z
2024,261.9085185185185,43.11796,-79.06048,2024-09-17T21:48:16.000000Z
2024,261.9085300925926,43.11796,-79.06048,2024-09-17T21:48:17.000000Z
2024,261.9085416666667,43.11796,-79.06048,2024-09-17T21:48:18.000000Z
2024,261.9085532407408,43.11796,-79.06048,2024-09-17T21:48:19.000000Z
2024,261.90856481481484,43.11796,-79.06048,2024-09-17T21:48:20.000000Z
2024,261.9085763888889,43.11796,-79.06048,2024-09-17T21:48:21.000000Z
2024,261.908587962963,43.11796,-79.06048,2024-09-17T21:48:22.000000Z
2024,261.90859953703705,43.11796,-79.06048,2024-09-17T21:48:23.000000Z
2024,261.90861111111116,43.11796,-79.06048,2024-09-17T21:48:24.000000Z
2024,261.9086226851852,43.11796,-79.06048,2024-09-17T21:48:25.000000Z
2024,261.90863425925926,43.11796,-79.06048,2024-09-17T21:48:26.000000Z
2024,261.90864583333337,43.11796,-79.06048,2024-09-17T21:48:27.000000Z
2024,261.9086574074074,43.11796,-79.06048,2024-09-17T21:48:28.000000Z
2024,261.9086689814815,43.11796,-79.06048,2024-09-17T21:48:29.000000Z
2024,261.9086805555556,43.11796,-79.06048,2024-09-17T21:48:30.000000Z
2024,261.9086921296296,43.11796,-79.06048,2024-09-17T21:48:31.000000Z
2024,261.90870370370374,43.11796,-79.06048,2024-09-17T21:48:32.000000Z
2024,261.9087152777778,43.11796,-79.06048,2024-09-17T21:48:33.000000Z
2024,261.9087268518519,43.11796,-79.06048,2024-09-17T21:48:34.000000Z
2024,261.90873842592595,43.11796,-79.06048,2024-09-17T21:48:35.000000Z
2024,261.90875000000005,43.11796,-79.06048,2024-09-17T21:48:36.000000Z
2024,261.9087615740741,43.11796,-79.06048,2024-09-17T21:48:37.000000Z
2024,261.90877314814816,43.11796,-79.06048,2024-09-17T21:48:38.000000Z
2024,261.90878472222226,43.11796,-79.06048,2024-09-17T21:48:39.000000Z
2024,261.9087962962963,43.11796,-79.06048,2024-09-17T21:48:40.000000Z
2024,261.9088078703704,43.11796,-79.06048,2024-09-17T21:48:41.000000Z
2024,261.9088194444445,43.11796,-79.06048,2024-09-17T21:48:42.000000Z
2024,261.9088310185185,43.11796,-79.06048,2024-09-17T21:48:43.000000Z
2024,261.90884259259263,43.11796,-79.06048,2024-09-17T21:48:44.000000Z
2024,261.9088541666667,43.11796,-79.06048,2024-09-17T21:48:45.000000Z
2024,261.9088657407408,43.11796,-79.06048,2024-09-17T21:48:46.000000Z
2024,261.90887731481484,43.11796,-79.06048,2024-09-17T21:48:47.000000Z
2024,261.9088888888889,43.11796,-79.06048,2024-09-17T21:48:48.000000Z
2024,261.908900462963,43.11796,-79.06048,2024-09-17T21:48:49.000000Z
2024,261.90891203703706,43.11796,-79.06048,2024-09-17T21:48:50.000000Z
2024,261.90892361111116,43.11796,-79.06048,2024-09-17T21:48:51.000000Z
2024,261.9089351851852,43.11796,-79.06048,2024-09-17T21:48:52.000000Z
2024,261.90894675925927,43.11796,-79.06048,2024-09-17T21:48:53.000000Z
2024,261.9089583333334,43.11796,-79.06048,2024-09-17T21:48:54.000000Z
2024,261.9089699074074,43.11796,-79.06048,2024-09-17T21:48:55.000000Z
2024,261.90898148148153,43.11796,-79.06048,2024-09-17T21:48:56.000000Z
2024,261.9089930555556,43.11796,-79.06048,2024-09-17T21:48:57.000000Z
2024,261.90900462962964,43.11796,-79.06048,2024-09-17T21:48:58.000000Z
2024,261.90901620370374,43.11796,-79.06048,2024-09-17T21:48:59.000000Z
2024,261.9090277777778,43.11796,-79.06048,2024-09-17T21:49:00.000000Z
2024,261.90903935185185,43.11796,-79.06048,2024-09-17T21:49:01.000000Z
2024,261.90905092592595,43.11796,-79.06048,2024-09-17T21:49:02.000000Z
2024,261.9090625,43.11796,-79.06048,2024-09-17T21:49:03.000000Z
2024,261.9090740740741,43.11796,-79.06048,2024-09-17T21:49:04.000000Z
2024,261.90908564814816,43.11796,-79.06048,2024-09-17T21:49:05.000000Z
2024,261.9090972222222,43.11796,-79.06048,2024-09-17T21:49:06.000000Z
2024,261.9091087962963,43.11796,-79.06048,2024-09-17T21:49:07.000000Z
2024,261.9091203703704,43.11796,-79.06048,2024-09-17T21:49:08.000000Z
2024,261.9091319444445,43.11796,-79.06048,2024-09-17T21:49:09.000000Z
2024,261.90914351851853,43.11796,-79.06048,2024-09-17T21:49:10.000000Z
2024,261.9091550925926,43.11796,-79.06048,2024-09-17T21:49:11.000000Z
2024,261.9091666666667,43.11796,-79.06048,2024-09-17T21:49:12.000000Z
2024,261.90917824074074,43.11796,-79.06048,2024-09-17T21:49:13.000000Z
2024,261.90918981481485,43.11796,-79.06048,2024-09-17T21:49:14.000000Z
2024,261.9092013888889,43.11796,-79.06048,2024-09-17T21:49:15.000000Z
2024,261.90921296296295,43.11796,-79.06048,2024-09-17T21:49:16.000000Z
2024,261.90922453703706,43.11796,-79.06048,2024-09-17T21:49:17.000000Z
2024,261.9092361111111,43.11796,-79.06048,2024-09-17T21:49:18.000000Z
2024,261.9092476851852,43.11796,-79.06048,2024-09-17T21:49:19.000000Z
2024,261.9092592592593,43.11796,-79.06048,2024-09-17T21:49:20.000000Z
2024,261.9092708333333,43.11796,-79.06048,2024-09-17T21:49:21.000000Z
2024,261.90928240740743,43.11796,-79.06048,2024-09-17T21:49:22.000000Z
2024,261.9092939814815,43.11796,-79.06048,2024-09-17T21:49:23.000000Z
2024,261.9093055555556,43.11796,-79.06048,2024-09-17T21:49:24.000000Z
2024,261.90931712962964,43.11796,-79.06048,2024-09-17T21:49:25.000000Z
2024,261.9093287037037,43.11796,-79.06048,2024-09-17T21:49:26.000000Z
2024,261.9093402777778,43.11796,-79.06048,2024-09-17T21:49:27.000000Z
2024,261.90935185185185,43.11796,-79.06048,2024-09-17T21:49:28.000000Z
2024,261.90936342592596,43.11796,-79.06048,2024-09-17T21:49:29.000000Z
2024,261.909375,43.11796,-79.06048,2024-09-17T21:49:30.000000Z
2024,261.90938657407406,43.11796,-79.06048,2024-09-17T21:49:31.000000Z
2024,261.90939814814817,43.11796,-79.06048,2024-09-17T21:49:32.000000Z
2024,261.9094097222222,43.11796,-79.06048,2024-09-17T21:49:33.000000Z
2024,261.90942129629633,43.11796,-79.06048,2024-09-17T21:49:34.000000Z
2024,261.9094328703704,43.11796,-79.06048,2024-09-17T21:49:35.000000Z
2024,261.9094444444445,43.11796,-79.06048,2024-09-17T21:49:36.000000Z
2024,261.90945601851854,43.11796,-79.06048,2024-09-17T21:49:37.000000Z
2024,261.9094675925926,43.11796,-79.06048,2024-09-17T21:49:38.000000Z
2024,261.9094791666667,43.11796,-79.06048,2024-09-17T21:49:39.000000Z
2024,261.90949074074075,43.11796,-79.06048,2024-09-17T21:49:40.000000Z
2024,261.90950231481486,43.11796,-79.06048,2024-09-17T21:49:41.000000Z
2024,261.9095138888889,43.11796,-79.06048,2024-09-17T21:49:42.000000Z
2024,261.90952546296296,43.11796,-79.06048,2024-09-17T21:49:43.000000Z
2024,261.90953703703707,43.11796,-79.06048,2024-09-17T21:49:44.000000Z
2024,261.9095486111111,43.11796,-79.06048,2024-09-17T21:49:45.000000Z
2024,261.9095601851852,43.11796,-79.06048,2024-09-17T21:49:46.000000Z
2024,261.9095717592593,43.11796,-79.06048,2024-09-17T21:49:47.000000Z
2024,261.90958333333333,43.11796,-79.06048,2024-09-17T21:49:48.000000Z
2024,261.90959490740744,43.11796,-79.06048,2024-09-17T21:49:49.000000Z
2024,261.9096064814815,43.11796,-79.06048,2024-09-17T21:49:50.000000Z
2024,261.9096180555556,43.11796,-79.06048,2024-09-17T21:49:51.000000Z
2024,261.90962962962965,43.11796,-79.06048,2024-09-17T21:49:52.000000Z
2024,261.9096412037037,43.11796,-79.06048,2024-09-17T21:49:53.000000Z
2024,261.9096527777778,43.11796,-79.06048,2024-09-17T21:49:54.000000Z
2024,261.90966435185186,43.11796,-79.06048,2024-09-17T21:49:55.000000Z
2024,261.90967592592597,43.11796,-79.06048,2024-09-17T21:49:56.000000Z
2024,261.9096875,43.11796,-79.06048,2024-09-17T21:49:57.000000Z
2024,261.90969907407407,43.11796,-79.06048,2024-09-17T21:49:58.000000Z
2024,261.9097106481482,43.11796,-79.06048,2024-09-17T21:49:59.000000Z
2024,261.90972222222223,43.11796,-79.06048,2024-09-17T21:50:00.000000Z
2024,261.9097337962963,43.11796,-79.06048,2024-09-17T21:50:01.000000Z
2024,261.9097453703704,43.11796,-79.06048,2024-09-17T21:50:02.000000Z
2024,261.90975694444444,43.11796,-79.06048,2024-09-17T21:50:03.000000Z
2024,261.90976851851855,43.11796,-79.06048,2024-09-17T21:50:04.000000Z
2024,261.9097800925926,43.11796,-79.06048,2024-09-17T21:50:05.000000Z
2024,261.90979166666665,43.11796,-79.06048,2024-09-17T21:50:06.000000Z
2024,261.90980324074076,43.11796,-79.06048,2024-09-17T21:50:07.000000Z
2024,261.9098148148148,43.11796,-79.06048,2024-09-17T21:50:08.000000Z
2024,261.9098263888889,43.11796,-79.06048,2024-09-17T21:50:09.000000Z
2024,261.90983796296297,43.11796,-79.06048,2024-09-17T21:50:10.000000Z
2024,261.909849537037,43.11796,-79.06048,2024-09-17T21:50:11.000000Z
2024,261.9098611111111,43.11796,-79.06048,2024-09-17T21:50:12.000000Z
2024,261.9098726851852,43.11796,-79.06048,2024-09-17T21:50:13.000000Z
2024,261.9098842592593,43.11796,-79.06048,2024-09-17T21:50:14.000000Z
2024,261.90989583333334,43.11796,-79.06048,2024-09-17T21:50:15.000000Z
2024,261.9099074074074,43.11796,-79.06048,2024-09-17T21:50:16.000000Z
2024,261.9099189814815,43.11796,-79.06048,2024-09-17T21:50:17.000000Z
2024,261.90993055555555,43.11796,-79.06048,2024-09-17T21:50:18.000000Z
2024,261.90994212962966,43.11796,-79.06048,2024-09-17T21:50:19.000000Z
2024,261.9099537037037,43.11796,-79.06048,2024-09-17T21:50:20.000000Z
2024,261.90996527777776,43.11796,-79.06048,2024-09-17T21:50:21.000000Z
2024,261.90997685185187,43.11796,-79.06048,2024-09-17T21:50:22.000000Z
2024,261.9099884259259,43.11796,-79.06048,2024-09-17T21:50:23.000000Z
2024,261.91,43.11796,-79.06048,2024-09-17T21:50:24.000000Z
2024,261.9100115740741,43.11796,-79.06048,2024-09-17T21:50:25.000000Z
2024,261.9100231481481,43.11796,-79.06048,2024-09-17T21:50:26.000000Z
2024,261.91003472222224,43.11796,-79.06048,2024-09-17T21:50:27.000000Z
2024,261.9100462962963,43.11796,-79.06048,2024-09-17T21:50:28.000000Z
2024,261.9100578703704,43.11796,-79.06048,2024-09-17T21:50:29.000000Z
2024,261.91006944444445,43.11796,-79.06048,2024-09-17T21:50:30.000000Z
2024,261.9100810185185,43.11796,-79.06048,2024-09-17T21:50:31.000000Z
2024,261.9100925925926,43.11796,-79.06048,2024-09-17T21:50:32.000000Z
2024,261.91010416666666,43.11796,-79.06048,2024-09-17T21:50:33.000000Z
2024,261.91011574074076,43.11796,-79.06048,2024-09-17T21:50:34.000000Z
2024,261.9101273148148,43.11796,-79.06048,2024-09-17T21:50:35.000000Z
2024,261.9101388888889,43.11796,-79.06048,2024-09-17T21:50:36.000000Z
2024,261.910150462963,43.11796,-79.06048,2024-09-17T21:50:37.000000Z
2024,261.910162037037,43.11796,-79.06048,2024-09-17T21:50:38.000000Z
2024,261.91017361111113,43.11796,-79.06048,2024-09-17T21:50:39.000000Z
2024,261.9101851851852,43.11796,-79.06048,2024-09-17T21:50:40.000000Z
2024,261.9101967592593,43.11796,-79.06048,2024-09-17T21:50:41.000000Z
2024,261.91020833333334,43.11796,-79.06048,2024-09-17T21:50:42.000000Z
2024,261.9102199074074,43.11796,-79.06048,2024-09-17T21:50:43.000000Z
2024,261.9102314814815,43.11796,-79.06048,2024-09-17T21:50:44.000000Z
2024,261.91024305555555,43.11796,-79.06048,2024-09-17T21:50:45.000000Z
2024,261.91025462962966,43.11796,-79.06048,2024-09-17T21:50:46.000000Z
2024,261.9102662037037,43.11796,-79.06048,2024-09-17T21:50:47.000000Z
2024,261.91027777777776,43.11796,-79.06048,2024-09-17T21:50:48.000000Z
2024,261.9102893518519,43.11796,-79.06048,2024-09-17T21:50:49.000000Z
2024,261.9103009259259,43.11796,-79.06048,2024-09-17T21:50:50.000000Z
2024,261.91031250000003,43.11796,-79.06048,2024-09-17T21:50:51.000000Z
2024,261.9103240740741,43.11796,-79.06048,2024-09-17T21:50:52.000000Z
2024,261.91033564814813,43.11796,-79.06048,2024-09-17T21:50:53.000000Z
2024,261.91034722222224,43.11796,-79.06048,2024-09-17T21:50:54.000000Z
2024,261.9103587962963,43.11796,-79.06048,2024-09-17T21:50:55.000000Z
2024,261.9103703703704,43.11796,-79.06048,2024-09-17T21:50:56.000000Z
2024,261.91038194444445,43.11796,-79.06048,2024-09-17T21:50:57.000000Z
2024,261.9103935185185,43.11796,-79.06048,2024-09-17T21:50:58.000000Z
2024,261.9104050925926,43.11796,-79.06048,2024-09-17T21:50:59.000000Z
2024,261.91041666666666,43.11796,-79.06048,2024-09-17T21:51:00.000000Z
2024,261.9104282407407,43.11796,-79.06048,2024-09-17T21:51:01.000000Z
2024,261.9104398148148,43.11796,-79.06048,2024-09-17T21:51:02.000000Z
2024,261.9104513888889,43.11796,-79.06048,2024-09-17T21:51:03.000000Z
2024,261.910462962963,43.11796,-79.06048,2024-09-17T21:51:04.000000Z
2024,261.91047453703703,43.11796,-79.06048,2024-09-17T21:51:05.000000Z
2024,261.9104861111111,43.11796,-79.06048,2024-09-17T21:51:06.000000Z
2024,261.9104976851852,43.11796,-79.06048,2024-09-17T21:51:07.000000Z
2024,261.91050925925924,43.11796,-79.06048,2024-09-17T21:51:08.000000Z
2024,261.91052083333335,43.11796,-79.06048,2024-09-17T21:51:09.000000Z
2024,261.9105324074074,43.11796,-79.06048,2024-09-17T21:51:10.000000Z
2024,261.91054398148145,43.11796,-79.06048,2024-09-17T21:51:11.000000Z
2024,261.91055555555556,43.11796,-79.06048,2024-09-17T21:51:12.000000Z
2024,261.9105671296296,43.11796,-79.06048,2024-09-17T21:51:13.000000Z
2024,261.9105787037037,43.11796,-79.06048,2024-09-17T21:51:14.000000Z
2024,261.91059027777777,43.11796,-79.06048,2024-09-17T21:51:15.000000Z
2024,261.9106018518518,43.11796,-79.06048,2024-09-17T21:51:16.000000Z
2024,261.91061342592593,43.11796,-79.06048,2024-09-17T21:51:17.000000Z
2024,261.9106365740741,43.11796,-79.06048,2024-09-17T21:51:19.000000Z
2024,261.91064814814814,43.11796,-79.06048,2024-09-17T21:51:20.000000Z
2024,261.9106597222222,43.11796,-79.06048,2024-09-17T21:51:21.000000Z
2024,261.9106712962963,43.11796,-79.06048,2024-09-17T21:51:22.000000Z
2024,261.91068287037035,43.11796,-79.06048,2024-09-17T21:51:23.000000Z
2024,261.91069444444446,43.11796,-79.06048,2024-09-17T21:51:24.000000Z
2024,261.9107060185185,43.11796,-79.06048,2024-09-17T21:51:25.000000Z
2024,261.91071759259256,43.11796,-79.06048,2024-09-17T21:51:26.000000Z
2024,261.91072916666667,43.11796,-79.06048,2024-09-17T21:51:27.000000Z
2024,261.9107407407407,43.11796,-79.06048,2024-09-17T21:51:28.000000Z
2024,261.91075231481483,43.11796,-79.06048,2024-09-17T21:51:29.000000Z
2024,261.9107638888889,43.11796,-79.06048,2024-09-17T21:51:30.000000Z
2024,261.91077546296293,43.11796,-79.06048,2024-09-17T21:51:31.000000Z
2024,261.91078703703704,43.11796,-79.06048,2024-09-17T21:51:32.000000Z
2024,261.9107986111111,43.11796,-79.06048,2024-09-17T21:51:33.000000Z
2024,261.9108101851852,43.11796,-79.06048,2024-09-17T21:51:34.000000Z
2024,261.91082175925925,43.11796,-79.06048,2024-09-17T21:51:35.000000Z
2024,261.91083333333336,43.11796,-79.06048,2024-09-17T21:51:36.000000Z
2024,261.9108449074074,43.11796,-79.06048,2024-09-17T21:51:37.000000Z
2024,261.91085648148146,43.11796,-79.06048,2024-09-17T21:51:38.000000Z
2024,261.91086805555557,43.11796,-79.06048,2024-09-17T21:51:39.000000Z
2024,261.9108796296296,43.11796,-79.06048,2024-09-17T21:51:40.000000Z
2024,261.9108912037037,43.11796,-79.06048,2024-09-17T21:51:41.000000Z
2024,261.9109027777778,43.11796,-79.06048,2024-09-17T21:51:42.000000Z
2024,261.91091435185183,43.11796,-79.06048,2024-09-17T21:51:43.000000Z
2024,261.91092592592594,43.11796,-79.06048,2024-09-17T21:51:44.000000Z
2024,261.9109375,43.11796,-79.06048,2024-09-17T21:51:45.000000Z
2024,261.9109490740741,43.11796,-79.06048,2024-09-17T21:51:46.000000Z
2024,261.91096064814815,43.11796,-79.06048,2024-09-17T21:51:47.000000Z
2024,261.9109722222222,43.11796,-79.06048,2024-09-17T21:51:48.000000Z
2024,261.9109837962963,43.11796,-79.06048,2024-09-17T21:51:49.000000Z
2024,261.91099537037036,43.11796,-79.06048,2024-09-17T21:51:50.000000Z
2024,261.91100694444447,43.11796,-79.06048,2024-09-17T21:51:51.000000Z
2024,261.9110185185185,43.11796,-79.06048,2024-09-17T21:51:52.000000Z
2024,261.91103009259257,43.11796,-79.06048,2024-09-17T21:51:53.000000Z
2024,261.9110416666667,43.11796,-79.06048,2024-09-17T21:51:54.000000Z
2024,261.9110532407407,43.11796,-79.06048,2024-09-17T21:51:55.000000Z
2024,261.91106481481484,43.11796,-79.06048,2024-09-17T21:51:56.000000Z
2024,261.9110763888889,43.11796,-79.06048,2024-09-17T21:51:57.000000Z
2024,261.91108796296294,43.11796,-79.06048,2024-09-17T21:51:58.000000Z
2024,261.91109953703705,43.11796,-79.06048,2024-09-17T21:51:59.000000Z
2024,261.9111111111111,43.11796,-79.06048,2024-09-17T21:52:00.000000Z
2024,261.91112268518515,43.11796,-79.06048,2024-09-17T21:52:01.000000Z
2024,261.91113425925926,43.11796,-79.06048,2024-09-17T21:52:02.000000Z
2024,261.9111458333333,43.11796,-79.06048,2024-09-17T21:52:03.000000Z
2024,261.9111574074074,43.11796,-79.06048,2024-09-17T21:52:04.000000Z
2024,261.91116898148147,43.11796,-79.06048,2024-09-17T21:52:05.000000Z
2024,261.9111805555555,43.11796,-79.06048,2024-09-17T21:52:06.000000Z
2024,261.9111921296296,43.11796,-79.06048,2024-09-17T21:52:07.000000Z
2024,261.9112037037037,43.11796,-79.06048,2024-09-17T21:52:08.000000Z
2024,261.9112152777778,43.11796,-79.06049,2024-09-17T21:52:09.000000Z
2024,261.91122685185184,43.11796,-79.06049,2024-09-17T21:52:10.000000Z
2024,261.9112384259259,43.11796,-79.06049,2024-09-17T21:52:11.000000Z
2024,261.91125,43.11796,-79.06049,2024-09-17T21:52:12.000000Z
2024,261.91126157407405,43.11796,-79.06049,2024-09-17T21:52:13.000000Z
2024,261.91127314814815,43.11796,-79.06049,2024-09-17T21:52:14.000000Z
2024,261.9112847222222,43.11796,-79.06049,2024-09-17T21:52:15.000000Z
2024,261.91129629629626,43.11796,-79.06049,2024-09-17T21:52:16.000000Z
2024,261.91130787037036,43.11796,-79.06049,2024-09-17T21:52:17.000000Z
2024,261.9113194444444,43.11796,-79.06049,2024-09-17T21:52:18.000000Z
2024,261.9113310185185,43.11796,-79.06049,2024-09-17T21:52:19.000000Z
2024,261.9113425925926,43.11796,-79.06049,2024-09-17T21:52:20.000000Z
2024,261.9113541666666,43.11796,-79.06049,2024-09-17T21:52:21.000000Z
2024,261.91136574074073,43.11796,-79.06049,2024-09-17T21:52:22.000000Z
2024,261.9113773148148,43.11796,-79.06049,2024-09-17T21:52:23.000000Z
2024,261.9113888888889,43.11796,-79.06049,2024-09-17T21:52:24.000000Z
2024,261.911412037037,43.11796,-79.06049,2024-09-17T21:52:26.000000Z
2024,261.9114236111111,43.11796,-79.06049,2024-09-17T21:52:27.000000Z
2024,261.91143518518516,43.11796,-79.06049,2024-09-17T21:52:28.000000Z
2024,261.91144675925926,43.11796,-79.06049,2024-09-17T21:52:29.000000Z
2024,261.9114583333333,43.11796,-79.06049,2024-09-17T21:52:30.000000Z
2024,261.91146990740737,43.11796,-79.06049,2024-09-17T21:52:31.000000Z
2024,261.9114814814815,43.11796,-79.06049,2024-09-17T21:52:32.000000Z
2024,261.9114930555555,43.11796,-79.06049,2024-09-17T21:52:33.000000Z
2024,261.91150462962963,43.11796,-79.06049,2024-09-17T21:52:34.000000Z
2024,261.9115162037037,43.11796,-79.06049,2024-09-17T21:52:35.000000Z
2024,261.9115277777778,43.11796,-79.06049,2024-09-17T21:52:36.000000Z
2024,261.91153935185184,43.11796,-79.06049,2024-09-17T21:52:37.000000Z
2024,261.9115509259259,43.11796,-79.06049,2024-09-17T21:52:38.000000Z
2024,261.9115625,43.11796,-79.06049,2024-09-17T21:52:39.000000Z
2024,261.91157407407405,43.11796,-79.06049,2024-09-17T21:52:40.000000Z
2024,261.91158564814816,43.11796,-79.06049,2024-09-17T21:52:41.000000Z
2024,261.9115972222222,43.11796,-79.06049,2024-09-17T21:52:42.000000Z
2024,261.91160879629626,43.11796,-79.06049,2024-09-17T21:52:43.000000Z
2024,261.9116203703704,43.11796,-79.06049,2024-09-17T21:52:44.000000Z
2024,261.9116319444444,43.11796,-79.06049,2024-09-17T21:52:45.000000Z
2024,261.91164351851853,43.11796,-79.06049,2024-09-17T21:52:46.000000Z
2024,261.9116550925926,43.11796,-79.06049,2024-09-17T21:52:47.000000Z
2024,261.91166666666663,43.11796,-79.06049,2024-09-17T21:52:48.000000Z
2024,261.91167824074074,43.11796,-79.06049,2024-09-17T21:52:49.000000Z
2024,261.9116898148148,43.11796,-79.06049,2024-09-17T21:52:50.000000Z
2024,261.9117013888889,43.11796,-79.06049,2024-09-17T21:52:51.000000Z
2024,261.91171296296295,43.11796,-79.06049,2024-09-17T21:52:52.000000Z
2024,261.911724537037,43.11796,-79.06049,2024-09-17T21:52:53.000000Z
2024,261.9117361111111,43.11796,-79.06049,2024-09-17T21:52:54.000000Z
2024,261.91174768518516,43.11796,-79.06049,2024-09-17T21:52:55.000000Z
2024,261.91175925925927,43.11796,-79.06049,2024-09-17T21:52:56.000000Z
2024,261.9117708333333,43.11796,-79.06049,2024-09-17T21:52:57.000000Z
2024,261.9117824074074,43.11796,-79.06049,2024-09-17T21:52:58.000000Z
2024,261.9117939814815,43.11796,-79.06049,2024-09-17T21:52:59.000000Z
2024,261.91180555555553,43.11796,-79.06049,2024-09-17T21:53:00.000000Z
2024,261.9118171296296,43.11796,-79.06049,2024-09-17T21:53:01.000000Z
2024,261.9118287037037,43.11796,-79.06049,2024-09-17T21:53:02.000000Z
2024,261.91184027777774,43.11796,-79.06049,2024-09-17T21:53:03.000000Z
2024,261.91185185185185,43.11796,-79.06049,2024-09-17T21:53:04.000000Z
2024,261.9118634259259,43.11796,-79.06049,2024-09-17T21:53:05.000000Z
2024,261.91187499999995,43.11796,-79.06049,2024-09-17T21:53:06.000000Z
2024,261.91188657407406,43.11796,-79.06049,2024-09-17T21:53:07.000000Z
2024,261.9118981481481,43.11796,-79.06049,2024-09-17T21:53:08.000000Z
2024,261.9119097222222,43.11796,-79.06049,2024-09-17T21:53:09.000000Z
2024,261.91192129629627,43.11796,-79.06049,2024-09-17T21:53:10.000000Z
2024,261.9119328703703,43.11796,-79.06049,2024-09-17T21:53:11.000000Z
2024,261.91194444444443,43.11796,-79.06049,2024-09-17T21:53:12.000000Z
2024,261.9119560185185,43.11796,-79.06049,2024-09-17T21:53:13.000000Z
2024,261.9119675925926,43.11796,-79.06049,2024-09-17T21:53:14.000000Z
2024,261.91197916666664,43.11796,-79.06049,2024-09-17T21:53:15.000000Z
2024,261.9119907407407,43.11796,-79.06049,2024-09-17T21:53:16.000000Z
2024,261.9120023148148,43.11796,-79.06049,2024-09-17T21:53:17.000000Z
2024,261.91201388888885,43.11796,-79.06049,2024-09-17T21:53:18.000000Z
2024,261.91202546296296,43.11796,-79.06049,2024-09-17T21:53:19.000000Z
2024,261.912037037037,43.11796,-79.06049,2024-09-17T21:53:20.000000Z
2024,261.91204861111106,43.11796,-79.06049,2024-09-17T21:53:21.000000Z
2024,261.91206018518517,43.11796,-79.06049,2024-09-17T21:53:22.000000Z
2024,261.9120717592592,43.11796,-79.06049,2024-09-17T21:53:23.000000Z
2024,261.9120833333333,43.11796,-79.06049,2024-09-17T21:53:24.000000Z
2024,261.9120949074074,43.11796,-79.06049,2024-09-17T21:53:25.000000Z
2024,261.91210648148143,43.11796,-79.06049,2024-09-17T21:53:26.000000Z
2024,261.91211805555554,43.11796,-79.06049,2024-09-17T21:53:27.000000Z
2024,261.9121296296296,43.11796,-79.06049,2024-09-17T21:53:28.000000Z
2024,261.9121412037037,43.11796,-79.06049,2024-09-17T21:53:29.000000Z
2024,261.91215277777775,43.11796,-79.06049,2024-09-17T21:53:30.000000Z
2024,261.9121643518518,43.11796,-79.06049,2024-09-17T21:53:31.000000Z
2024,261.91218749999996,43.11796,-79.06049,2024-09-17T21:53:33.000000Z
2024,261.91219907407407,43.11796,-79.06049,2024-09-17T21:53:34.000000Z
2024,261.9122106481481,43.11796,-79.06049,2024-09-17T21:53:35.000000Z
2024,261.9122222222222,43.11796,-79.06049,2024-09-17T21:53:36.000000Z
2024,261.9122337962963,43.11796,-79.06049,2024-09-17T21:53:37.000000Z
2024,261.91224537037033,43.11796,-79.06049,2024-09-17T21:53:38.000000Z
2024,261.91225694444444,43.11796,-79.06049,2024-09-17T21:53:39.000000Z
2024,261.9122685185185,43.11796,-79.06049,2024-09-17T21:53:40.000000Z
2024,261.9122800925926,43.11796,-79.06049,2024-09-17T21:53:41.000000Z
2024,261.91229166666665,43.11796,-79.06049,2024-09-17T21:53:42.000000Z
2024,261.9123032407407,43.11796,-79.06049,2024-09-17T21:53:43.000000Z
2024,261.9123148148148,43.11796,-79.06049,2024-09-17T21:53:44.000000Z
2024,261.91232638888886,43.11796,-79.06049,2024-09-17T21:53:45.000000Z
2024,261.91233796296297,43.11796,-79.06049,2024-09-17T21:53:46.000000Z
2024,261.912349537037,43.11796,-79.06049,2024-09-17T21:53:47.000000Z
2024,261.91236111111107,43.11796,-79.06049,2024-09-17T21:53:48.000000Z
2024,261.9123726851852,43.11796,-79.06049,2024-09-17T21:53:49.000000Z
2024,261.9123842592592,43.11796,-79.06049,2024-09-17T21:53:50.000000Z
2024,261.91239583333333,43.11796,-79.06049,2024-09-17T21:53:51.000000Z
2024,261.9124074074074,43.11796,-79.06049,2024-09-17T21:53:52.000000Z
2024,261.91241898148144,43.11796,-79.06049,2024-09-17T21:53:53.000000Z
2024,261.91243055555555,43.11796,-79.06049,2024-09-17T21:53:54.000000Z
2024,261.9124421296296,43.11796,-79.06049,2024-09-17T21:53:55.000000Z
2024,261.9124537037037,43.11796,-79.06049,2024-09-17T21:53:56.000000Z
2024,261.91246527777776,43.11796,-79.06049,2024-09-17T21:53:57.000000Z
2024,261.9124768518518,43.11797,-79.06049,2024-09-17T21:53:58.000000Z
2024,261.9124884259259,43.11797,-79.06049,2024-09-17T21:53:59.000000Z
2024,261.9125,43.11797,-79.06049,2024-09-17T21:54:00.000000Z
2024,261.9125115740741,43.11797,-79.06049,2024-09-17T21:54:01.000000Z
2024,261.9125231481482,43.11797,-79.06049,2024-09-17T21:54:02.000000Z
2024,261.91253472222223,43.11797,-79.06049,2024-09-17T21:54:03.000000Z
2024,261.91254629629634,43.11797,-79.06049,2024-09-17T21:54:04.000000Z
2024,261.9125578703704,43.11797,-79.06049,2024-09-17T21:54:05.000000Z
2024,261.91256944444444,43.11797,-79.06049,2024-09-17T21:54:06.000000Z
2024,261.91258101851855,43.11797,-79.06049,2024-09-17T21:54:07.000000Z
2024,261.9125925925926,43.11797,-79.06049,2024-09-17T21:54:08.000000Z
2024,261.9126041666667,43.11797,-79.06049,2024-09-17T21:54:09.000000Z
2024,261.91261574074076,43.11797,-79.06049,2024-09-17T21:54:10.000000Z
2024,261.9126273148148,43.11797,-79.06049,2024-09-17T21:54:11.000000Z
2024,261.9126388888889,43.11797,-79.06049,2024-09-17T21:54:12.000000Z
2024,261.912650462963,43.11797,-79.06049,2024-09-17T21:54:13.000000Z
2024,261.9126620370371,43.11797,-79.06049,2024-09-17T21:54:14.000000Z
2024,261.91267361111113,43.11797,-79.06049,2024-09-17T21:54:15.000000Z
2024,261.9126851851852,43.11797,-79.06049,2024-09-17T21:54:16.000000Z
2024,261.9126967592593,43.11797,-79.06049,2024-09-17T21:54:17.000000Z
2024,261.91270833333334,43.11797,-79.06049,2024-09-17T21:54:18.000000Z
2024,261.91271990740745,43.11797,-79.06049,2024-09-17T21:54:19.000000Z
2024,261.9127314814815,43.11797,-79.06049,2024-09-17T21:54:20.000000Z
2024,261.91274305555555,43.11797,-79.06049,2024-09-17T21:54:21.000000Z
2024,261.91275462962966,43.11797,-79.06049,2024-09-17T21:54:22.000000Z
2024,261.9127662037037,43.11797,-79.06049,2024-09-17T21:54:23.000000Z
2024,261.9127777777778,43.11797,-79.06049,2024-09-17T21:54:24.000000Z
2024,261.91278935185187,43.11797,-79.06049,2024-09-17T21:54:25.000000Z
2024,261.9128009259259,43.11797,-79.06049,2024-09-17T21:54:26.000000Z
2024,261.91281250000003,43.11797,-79.06049,2024-09-17T21:54:27.000000Z
2024,261.9128240740741,43.11797,-79.06049,2024-09-17T21:54:28.000000Z
2024,261.9128356481482,43.11797,-79.06049,2024-09-17T21:54:29.000000Z
2024,261.91284722222224,43.11797,-79.06049,2024-09-17T21:54:30.000000Z
2024,261.9128587962963,43.11797,-79.06049,2024-09-17T21:54:31.000000Z
2024,261.9128703703704,43.11797,-79.06049,2024-09-17T21:54:32.000000Z
2024,261.91288194444445,43.11797,-79.06049,2024-09-17T21:54:33.000000Z
2024,261.91289351851856,43.11797,-79.06049,2024-09-17T21:54:34.000000Z
2024,261.9129050925926,43.11797,-79.06049,2024-09-17T21:54:35.000000Z
2024,261.9129166666667,43.11797,-79.06049,2024-09-17T21:54:36.000000Z
2024,261.91292824074077,43.11797,-79.06049,2024-09-17T21:54:37.000000Z
2024,261.9129398148148,43.11797,-79.06049,2024-09-17T21:54:38.000000Z
2024,261.9129513888889,43.11797,-79.06049,2024-09-17T21:54:39.000000Z
2024,261.912962962963,43.11797,-79.06049,2024-09-17T21:54:40.000000Z
2024,261.9129745370371,43.11797,-79.06049,2024-09-17T21:54:41.000000Z
2024,261.91298611111114,43.11797,-79.06049,2024-09-17T21:54:42.000000Z
2024,261.9129976851852,43.11797,-79.06049,2024-09-17T21:54:43.000000Z
2024,261.9130092592593,43.11797,-79.06049,2024-09-17T21:54:44.000000Z
2024,261.91302083333335,43.11797,-79.06049,2024-09-17T21:54:45.000000Z
2024,261.91303240740746,43.11797,-79.06049,2024-09-17T21:54:46.000000Z
2024,261.9130439814815,43.11797,-79.06048,2024-09-17T21:54:47.000000Z
2024,261.91305555555556,43.11797,-79.06048,2024-09-17T21:54:48.000000Z
2024,261.91306712962967,43.11797,-79.06048,2024-09-17T21:54:49.000000Z
2024,261.9130787037037,43.11797,-79.06048,2024-09-17T21:54:50.000000Z
2024,261.9130902777778,43.11797,-79.06048,2024-09-17T21:54:51.000000Z
2024,261.9131018518519,43.11797,-79.06048,2024-09-17T21:54:52.000000Z
2024,261.9131134259259,43.11797,-79.06048,2024-09-17T21:54:53.000000Z
2024,261.91312500000004,43.11797,-79.06048,2024-09-17T21:54:54.000000Z
2024,261.9131365740741,43.11797,-79.06048,2024-09-17T21:54:55.000000Z
2024,261.9131481481482,43.11797,-79.06048,2024-09-17T21:54:56.000000Z
2024,261.91315972222225,43.11797,-79.06048,2024-09-17T21:54:57.000000Z
2024,261.9131712962963,43.11797,-79.06048,2024-09-17T21:54:58.000000Z
2024,261.9131828703704,43.11797,-79.06048,2024-09-17T21:54:59.000000Z
2024,261.91319444444446,43.11797,-79.06048,2024-09-17T21:55:00.000000Z
2024,261.9132060185185,43.11797,-79.06048,2024-09-17T21:55:01.000000Z
2024,261.9132175925926,43.11797,-79.06048,2024-09-17T21:55:02.000000Z
2024,261.91322916666667,43.11797,-79.06048,2024-09-17T21:55:03.000000Z
2024,261.9132407407408,43.11797,-79.06048,2024-09-17T21:55:04.000000Z
2024,261.9132523148148,43.11797,-79.06048,2024-09-17T21:55:05.000000Z
2024,261.9132638888889,43.11797,-79.06048,2024-09-17T21:55:06.000000Z
2024,261.913275462963,43.11798,-79.06048,2024-09-17T21:55:07.000000Z
2024,261.91328703703704,43.11798,-79.06048,2024-09-17T21:55:08.000000Z
2024,261.91329861111114,43.11798,-79.06048,2024-09-17T21:55:09.000000Z
2024,261.9133101851852,43.11798,-79.06048,2024-09-17T21:55:10.000000Z
2024,261.91332175925925,43.11797,-79.06048,2024-09-17T21:55:11.000000Z
2024,261.91333333333336,43.11798,-79.06048,2024-09-17T21:55:12.000000Z
2024,261.9133449074074,43.11798,-79.06048,2024-09-17T21:55:13.000000Z
2024,261.9133564814815,43.11797,-79.06048,2024-09-17T21:55:14.000000Z
2024,261.91336805555557,43.11798,-79.06048,2024-09-17T21:55:15.000000Z
2024,261.9133796296296,43.11798,-79.06048,2024-09-17T21:55:16.000000Z
2024,261.9133912037037,43.11798,-79.06048,2024-09-17T21:55:17.000000Z
2024,261.9134027777778,43.11798,-79.06048,2024-09-17T21:55:18.000000Z
2024,261.9134143518519,43.11798,-79.06048,2024-09-17T21:55:19.000000Z
2024,261.91342592592594,43.11798,-79.06048,2024-09-17T21:55:20.000000Z
2024,261.9134375,43.11798,-79.06048,2024-09-17T21:55:21.000000Z
2024,261.9134490740741,43.11798,-79.06048,2024-09-17T21:55:22.000000Z
2024,261.91346064814815,43.11798,-79.06048,2024-09-17T21:55:23.000000Z
2024,261.91347222222225,43.11798,-79.06048,2024-09-17T21:55:24.000000Z
2024,261.9134837962963,43.11798,-79.06049,2024-09-17T21:55:25.000000Z
2024,261.91349537037036,43.11798,-79.06049,2024-09-17T21:55:26.000000Z
2024,261.91350694444446,43.11798,-79.06049,2024-09-17T21:55:27.000000Z
2024,261.9135185185185,43.11798,-79.06049,2024-09-17T21:55:28.000000Z
2024,261.9135300925926,43.11798,-79.06049,2024-09-17T21:55:29.000000Z
2024,261.9135416666667,43.11798,-79.06049,2024-09-17T21:55:30.000000Z
2024,261.9135532407407,43.11798,-79.06049,2024-09-17T21:55:31.000000Z
2024,261.91356481481483,43.11798,-79.06049,2024-09-17T21:55:32.000000Z
2024,261.9135763888889,43.11798,-79.06049,2024-09-17T21:55:33.000000Z
2024,261.913587962963,43.11798,-79.06049,2024-09-17T21:55:34.000000Z
2024,261.91359953703704,43.11798,-79.06049,2024-09-17T21:55:35.000000Z
2024,261.91361111111115,43.11798,-79.06049,2024-09-17T21:55:36.000000Z
2024,261.9136226851852,43.11798,-79.06049,2024-09-17T21:55:37.000000Z
2024,261.91363425925925,43.11798,-79.06049,2024-09-17T21:55:38.000000Z
2024,261.91364583333336,43.11798,-79.06049,2024-09-17T21:55:39.000000Z
2024,261.9136574074074,43.11798,-79.06049,2024-09-17T21:55:40.000000Z
2024,261.9136689814815,43.11798,-79.06049,2024-09-17T21:55:41.000000Z
2024,261.9136805555556,43.11798,-79.06049,2024-09-17T21:55:42.000000Z
2024,261.9136921296296,43.11798,-79.06049,2024-09-17T21:55:43.000000Z
2024,261.91370370370373,43.11798,-79.06049,2024-09-17T21:55:44.000000Z
2024,261.9137152777778,43.11798,-79.06049,2024-09-17T21:55:45.000000Z
2024,261.9137268518519,43.11798,-79.06049,2024-09-17T21:55:46.000000Z
2024,261.91373842592594,43.11798,-79.06049,2024-09-17T21:55:47.000000Z
2024,261.91375,43.11798,-79.06049,2024-09-17T21:55:48.000000Z
2024,261.9137615740741,43.11798,-79.06049,2024-09-17T21:55:49.000000Z
2024,261.91377314814815,43.11798,-79.06049,2024-09-17T21:55:50.000000Z
2024,261.91378472222226,43.11798,-79.06049,2024-09-17T21:55:51.000000Z
2024,261.9137962962963,43.11798,-79.06049,2024-09-17T21:55:52.000000Z
2024,261.91380787037036,43.11798,-79.06049,2024-09-17T21:55:53.000000Z
2024,261.91381944444447,43.11798,-79.06049,2024-09-17T21:55:54.000000Z
2024,261.9138310185185,43.11798,-79.06049,2024-09-17T21:55:55.000000Z
2024,261.91384259259263,43.11798,-79.06049,2024-09-17T21:55:56.000000Z
2024,261.9138541666667,43.11798,-79.06049,2024-09-17T21:55:57.000000Z
2024,261.91386574074073,43.11798,-79.06049,2024-09-17T21:55:58.000000Z
2024,261.91387731481484,43.11798,-79.06049,2024-09-17T21:55:59.000000Z
2024,261.9138888888889,43.11798,-79.06049,2024-09-17T21:56:00.000000Z
2024,261.91390046296294,43.11798,-79.06049,2024-09-17T21:56:01.000000Z
2024,261.91391203703705,43.11798,-79.06049,2024-09-17T21:56:02.000000Z
2024,261.9139236111111,43.11798,-79.06048,2024-09-17T21:56:03.000000Z
2024,261.9139351851852,43.11798,-79.06048,2024-09-17T21:56:04.000000Z
2024,261.91394675925926,43.11798,-79.06048,2024-09-17T21:56:05.000000Z
2024,261.9139583333333,43.11798,-79.06048,2024-09-17T21:56:06.000000Z
2024,261.9139699074074,43.11798,-79.06048,2024-09-17T21:56:07.000000Z
2024,261.91398148148147,43.11798,-79.06048,2024-09-17T21:56:08.000000Z
2024,261.9139930555556,43.11798,-79.06048,2024-09-17T21:56:09.000000Z
2024,261.91400462962963,43.11798,-79.06048,2024-09-17T21:56:10.000000Z
2024,261.9140162037037,43.11798,-79.06048,2024-09-17T21:56:11.000000Z
2024,261.9140277777778,43.11798,-79.06048,2024-09-17T21:56:12.000000Z
2024,261.91403935185184,43.11798,-79.06048,2024-09-17T21:56:13.000000Z
2024,261.91405092592595,43.11798,-79.06048,2024-09-17T21:56:14.000000Z
2024,261.9140625,43.11798,-79.06048,2024-09-17T21:56:15.000000Z
2024,261.91407407407405,43.11798,-79.06048,2024-09-17T21:56:16.000000Z
2024,261.91408564814816,43.11798,-79.06048,2024-09-17T21:56:17.000000Z
2024,261.9140972222222,43.11798,-79.06048,2024-09-17T21:56:18.000000Z
2024,261.9141087962963,43.11798,-79.06048,2024-09-17T21:56:19.000000Z
2024,261.91412037037037,43.11798,-79.06048,2024-09-17T21:56:20.000000Z
2024,261.9141319444444,43.11798,-79.06048,2024-09-17T21:56:21.000000Z
2024,261.91414351851853,43.11798,-79.06048,2024-09-17T21:56:22.000000Z
2024,261.9141550925926,43.11798,-79.06048,2024-09-17T21:56:23.000000Z
2024,261.9141666666667,43.11798,-79.06048,2024-09-17T21:56:24.000000Z
2024,261.91417824074074,43.11798,-79.06048,2024-09-17T21:56:25.000000Z
2024,261.9141898148148,43.11798,-79.06048,2024-09-17T21:56:26.000000Z
2024,261.9142013888889,43.11798,-79.06048,2024-09-17T21:56:27.000000Z
2024,261.91421296296295,43.11798,-79.06048,2024-09-17T21:56:28.000000Z
2024,261.91422453703706,43.11798,-79.06048,2024-09-17T21:56:29.000000Z
2024,261.9142361111111,43.11798,-79.06048,2024-09-17T21:56:30.000000Z
2024,261.91424768518516,43.11798,-79.06048,2024-09-17T21:56:31.000000Z
2024,261.91425925925927,43.11798,-79.06048,2024-09-17T21:56:32.000000Z
2024,261.9142708333333,43.11798,-79.06048,2024-09-17T21:56:33.000000Z
2024,261.9142824074074,43.11798,-79.06048,2024-09-17T21:56:34.000000Z
2024,261.9142939814815,43.11798,-79.06048,2024-09-17T21:56:35.000000Z
2024,261.9143055555556,43.11798,-79.06048,2024-09-17T21:56:36.000000Z
2024,261.91431712962964,43.11798,-79.06048,2024-09-17T21:56:37.000000Z
2024,261.9143287037037,43.11798,-79.06048,2024-09-17T21:56:38.000000Z
2024,261.9143402777778,43.11798,-79.06048,2024-09-17T21:56:39.000000Z
2024,261.91435185185185,43.11799,-79.06048,2024-09-17T21:56:40.000000Z
2024,261.91436342592596,43.11799,-79.06048,2024-09-17T21:56:41.000000Z
2024,261.914375,43.11799,-79.06048,2024-09-17T21:56:42.000000Z
2024,261.91438657407406,43.11799,-79.06048,2024-09-17T21:56:43.000000Z
2024,261.91439814814817,43.11799,-79.06048,2024-09-17T21:56:44.000000Z
2024,261.9144097222222,43.11799,-79.06048,2024-09-17T21:56:45.000000Z
2024,261.9144212962963,43.11799,-79.06048,2024-09-17T21:56:46.000000Z
2024,261.9144328703704,43.11799,-79.06048,2024-09-17T21:56:47.000000Z
2024,261.9144444444444,43.11799,-79.06048,2024-09-17T21:56:48.000000Z
2024,261.91445601851854,43.11799,-79.06048,2024-09-17T21:56:49.000000Z
2024,261.9144675925926,43.11799,-79.06048,2024-09-17T21:56:50.000000Z
2024,261.9144791666667,43.11799,-79.06048,2024-09-17T21:56:51.000000Z
2024,261.91449074074075,43.11799,-79.06048,2024-09-17T21:56:52.000000Z
2024,261.9145023148148,43.11799,-79.06048,2024-09-17T21:56:53.000000Z
2024,261.9145138888889,43.11799,-79.06048,2024-09-17T21:56:54.000000Z
2024,261.91452546296296,43.11799,-79.06048,2024-09-17T21:56:55.000000Z
2024,261.91453703703706,43.11799,-79.06048,2024-09-17T21:56:56.000000Z
2024,261.9145486111111,43.11799,-79.06048,2024-09-17T21:56:57.000000Z
2024,261.91456018518517,43.11799,-79.06048,2024-09-17T21:56:58.000000Z
2024,261.9145717592593,43.11799,-79.06048,2024-09-17T21:56:59.000000Z
2024,261.9145833333333,43.11799,-79.06048,2024-09-17T21:57:00.000000Z
2024,261.9145949074074,43.11799,-79.06048,2024-09-17T21:57:01.000000Z
2024,261.9146064814815,43.11799,-79.06048,2024-09-17T21:57:02.000000Z
2024,261.91461805555554,43.11799,-79.06048,2024-09-17T21:57:03.000000Z
2024,261.91462962962964,43.11799,-79.06047,2024-09-17T21:57:04.000000Z
2024,261.9146412037037,43.11799,-79.06047,2024-09-17T21:57:05.000000Z
2024,261.91465277777775,43.11799,-79.06047,2024-09-17T21:57:06.000000Z
2024,261.91466435185185,43.11799,-79.06047,2024-09-17T21:57:07.000000Z
2024,261.9146759259259,43.11799,-79.06047,2024-09-17T21:57:08.000000Z
2024,261.9146875,43.11799,-79.06047,2024-09-17T21:57:09.000000Z
2024,261.91469907407406,43.11799,-79.06047,2024-09-17T21:57:10.000000Z
2024,261.9147106481481,43.11799,-79.06047,2024-09-17T21:57:11.000000Z
2024,261.9147222222222,43.11799,-79.06047,2024-09-17T21:57:12.000000Z
2024,261.9147337962963,43.11799,-79.06047,2024-09-17T21:57:13.000000Z
2024,261.9147453703704,43.11799,-79.06047,2024-09-17T21:57:14.000000Z
2024,261.91475694444443,43.11799,-79.06047,2024-09-17T21:57:15.000000Z
2024,261.9147685185185,43.11799,-79.06047,2024-09-17T21:57:16.000000Z
2024,261.9147800925926,43.11799,-79.06047,2024-09-17T21:57:17.000000Z
2024,261.91479166666664,43.11799,-79.06047,2024-09-17T21:57:18.000000Z
2024,261.91480324074075,43.11799,-79.06047,2024-09-17T21:57:19.000000Z
2024,261.9148148148148,43.11799,-79.06047,2024-09-17T21:57:20.000000Z
2024,261.91482638888886,43.11799,-79.06047,2024-09-17T21:57:21.000000Z
2024,261.91483796296296,43.118,-79.06047,2024-09-17T21:57:22.000000Z
2024,261.914849537037,43.118,-79.06047,2024-09-17T21:57:23.000000Z
2024,261.9148611111111,43.118,-79.06047,2024-09-17T21:57:24.000000Z
2024,261.9148726851852,43.118,-79.06047,2024-09-17T21:57:25.000000Z
2024,261.9148842592592,43.118,-79.06047,2024-09-17T21:57:26.000000Z
2024,261.91489583333333,43.118,-79.06047,2024-09-17T21:57:27.000000Z
2024,261.9149074074074,43.118,-79.06047,2024-09-17T21:57:28.000000Z
2024,261.9149189814815,43.118,-79.06048,2024-09-17T21:57:29.000000Z
2024,261.91493055555554,43.118,-79.06048,2024-09-17T21:57:30.000000Z
2024,261.9149421296296,43.118,-79.06048,2024-09-17T21:57:31.000000Z
2024,261.9149537037037,43.118,-79.06048,2024-09-17T21:57:32.000000Z
2024,261.91496527777775,43.118,-79.06048,2024-09-17T21:57:33.000000Z
2024,261.91497685185186,43.118,-79.06047,2024-09-17T21:57:34.000000Z
2024,261.9149884259259,43.118,-79.06047,2024-09-17T21:57:35.000000Z
2024,261.915,43.118,-79.06048,2024-09-17T21:57:36.000000Z
2024,261.9150115740741,43.118,-79.06048,2024-09-17T21:57:37.000000Z
2024,261.9150231481481,43.118,-79.06048,2024-09-17T21:57:38.000000Z
2024,261.91503472222223,43.118,-79.06048,2024-09-17T21:57:39.000000Z
2024,261.9150462962963,43.118,-79.06048,2024-09-17T21:57:40.000000Z
2024,261.9150578703704,43.118,-79.06048,2024-09-17T21:57:41.000000Z
2024,261.91506944444444,43.118,-79.06048,2024-09-17T21:57:42.000000Z
2024,261.9150810185185,43.118,-79.06048,2024-09-17T21:57:43.000000Z
2024,261.9150925925926,43.118,-79.06048,2024-09-17T21:57:44.000000Z
2024,261.91510416666665,43.118,-79.06048,2024-09-17T21:57:45.000000Z
2024,261.91511574074076,43.118,-79.06048,2024-09-17T21:57:46.000000Z
2024,261.9151273148148,43.118,-79.06048,2024-09-17T21:57:47.000000Z
2024,261.91513888888886,43.118,-79.06048,2024-09-17T21:57:48.000000Z
2024,261.91515046296297,43.118,-79.06048,2024-09-17T21:57:49.000000Z
2024,261.915162037037,43.118,-79.06048,2024-09-17T21:57:50.000000Z
2024,261.91517361111113,43.118,-79.06048,2024-09-17T21:57:51.000000Z
2024,261.9151851851852,43.118,-79.06048,2024-09-17T21:57:52.000000Z
2024,261.91519675925923,43.118,-79.06048,2024-09-17T21:57:53.000000Z
2024,261.91520833333334,43.118,-79.06048,2024-09-17T21:57:54.000000Z
2024,261.9152199074074,43.118,-79.06048,2024-09-17T21:57:55.000000Z
2024,261.9152314814815,43.118,-79.06048,2024-09-17T21:57:56.000000Z
2024,261.91524305555555,43.118,-79.06048,2024-09-17T21:57:57.000000Z
2024,261.9152546296296,43.118,-79.06047,2024-09-17T21:57:58.000000Z
2024,261.9152662037037,43.118,-79.06047,2024-09-17T21:57:59.000000Z
2024,261.91527777777776,43.118,-79.06047,2024-09-17T21:58:00.000000Z
2024,261.9152893518518,43.118,-79.06047,2024-09-17T21:58:01.000000Z
2024,261.9153009259259,43.118,-79.06047,2024-09-17T21:58:02.000000Z
2024,261.91531249999997,43.118,-79.06047,2024-09-17T21:58:03.000000Z
2024,261.9153240740741,43.118,-79.06047,2024-09-17T21:58:04.000000Z
2024,261.91533564814813,43.118,-79.06047,2024-09-17T21:58:05.000000Z
2024,261.9153472222222,43.118,-79.06047,2024-09-17T21:58:06.000000Z
2024,261.9153587962963,43.118,-79.06047,2024-09-17T21:58:07.000000Z
2024,261.91537037037034,43.118,-79.06047,2024-09-17T21:58:08.000000Z
2024,261.91538194444445,43.118,-79.06047,2024-09-17T21:58:09.000000Z
2024,261.9153935185185,43.118,-79.06047,2024-09-17T21:58:10.000000Z
2024,261.91540509259255,43.118,-79.06047,2024-09-17T21:58:11.000000Z
2024,261.91541666666666,43.118,-79.06047,2024-09-17T21:58:12.000000Z
2024,261.9154282407407,43.118,-79.06047,2024-09-17T21:58:13.000000Z
2024,261.9154398148148,43.118,-79.06047,2024-09-17T21:58:14.000000Z
2024,261.91545138888887,43.118,-79.06047,2024-09-17T21:58:15.000000Z
2024,261.9154629629629,43.118,-79.06047,2024-09-17T21:58:16.000000Z
2024,261.915474537037,43.118,-79.06047,2024-09-17T21:58:17.000000Z
2024,261.9154861111111,43.118,-79.06047,2024-09-17T21:58:18.000000Z
2024,261.9154976851852,43.118,-79.06047,2024-09-17T21:58:19.000000Z
2024,261.91550925925924,43.118,-79.06047,2024-09-17T21:58:20.000000Z
2024,261.9155208333333,43.118,-79.06047,2024-09-17T21:58:21.000000Z
2024,261.9155324074074,43.118,-79.06047,2024-09-17T21:58:22.000000Z
2024,261.91554398148145,43.118,-79.06047,2024-09-17T21:58:23.000000Z
2024,261.91555555555556,43.118,-79.06047,2024-09-17T21:58:24.000000Z
2024,261.9155671296296,43.118,-79.06047,2024-09-17T21:58:25.000000Z
2024,261.91557870370366,43.118,-79.06047,2024-09-17T21:58:26.000000Z
2024,261.91559027777777,43.118,-79.06047,2024-09-17T21:58:27.000000Z
2024,261.9156018518518,43.118,-79.06047,2024-09-17T21:58:28.000000Z
2024,261.9156134259259,43.11801,-79.06047,2024-09-17T21:58:29.000000Z
2024,261.915625,43.11801,-79.06047,2024-09-17T21:58:30.000000Z
2024,261.91563657407403,43.11801,-79.06047,2024-09-17T21:58:31.000000Z
2024,261.91564814814814,43.11801,-79.06047,2024-09-17T21:58:32.000000Z
2024,261.9156597222222,43.11801,-79.06047,2024-09-17T21:58:33.000000Z
2024,261.9156712962963,43.11801,-79.06047,2024-09-17T21:58:34.000000Z
2024,261.91568287037035,43.11801,-79.06047,2024-09-17T21:58:35.000000Z
2024,261.91569444444445,43.11801,-79.06047,2024-09-17T21:58:36.000000Z
2024,261.9157060185185,43.11801,-79.06047,2024-09-17T21:58:37.000000Z
2024,261.91571759259256,43.11801,-79.06047,2024-09-17T21:58:38.000000Z
2024,261.91572916666667,43.11801,-79.06047,2024-09-17T21:58:39.000000Z
2024,261.9157407407407,43.11801,-79.06047,2024-09-17T21:58:40.000000Z
2024,261.9157523148148,43.11801,-79.06047,2024-09-17T21:58:41.000000Z
2024,261.9157638888889,43.11801,-79.06047,2024-09-17T21:58:42.000000Z
2024,261.9157754629629,43.11801,-79.06047,2024-09-17T21:58:43.000000Z
2024,261.91578703703703,43.11801,-79.06047,2024-09-17T21:58:44.000000Z
2024,261.9157986111111,43.11801,-79.06047,2024-09-17T21:58:45.000000Z
2024,261.9158101851852,43.11801,-79.06047,2024-09-17T21:58:46.000000Z
2024,261.91582175925925,43.11801,-79.06047,2024-09-17T21:58:47.000000Z
2024,261.9158333333333,43.11801,-79.06047,2024-09-17T21:58:48.000000Z
2024,261.9158449074074,43.11801,-79.06047,2024-09-17T21:58:49.000000Z
2024,261.91585648148146,43.11801,-79.06047,2024-09-17T21:58:50.000000Z
2024,261.91586805555556,43.11801,-79.06047,2024-09-17T21:58:51.000000Z
2024,261.9158796296296,43.11801,-79.06047,2024-09-17T21:58:52.000000Z
2024,261.91589120370367,43.11801,-79.06047,2024-09-17T21:58:53.000000Z
2024,261.9159027777778,43.11801,-79.06047,2024-09-17T21:58:54.000000Z
2024,261.9159143518518,43.11801,-79.06047,2024-09-17T21:58:55.000000Z
2024,261.91592592592593,43.11801,-79.06047,2024-09-17T21:58:56.000000Z
2024,261.9159375,43.11801,-79.06047,2024-09-17T21:58:57.000000Z
2024,261.91594907407404,43.11801,-79.06047,2024-09-17T21:58:58.000000Z
2024,261.91596064814814,43.11801,-79.06047,2024-09-17T21:58:59.000000Z
2024,261.9159722222222,43.11801,-79.06047,2024-09-17T21:59:00.000000Z
2024,261.91598379629625,43.11801,-79.06047,2024-09-17T21:59:01.000000Z
2024,261.91599537037035,43.11801,-79.06047,2024-09-17T21:59:02.000000Z
2024,261.9160069444444,43.11801,-79.06047,2024-09-17T21:59:03.000000Z
2024,261.9160185185185,43.11801,-79.06047,2024-09-17T21:59:04.000000Z
2024,261.91603009259256,43.11801,-79.06047,2024-09-17T21:59:05.000000Z
2024,261.9160416666666,43.11801,-79.06047,2024-09-17T21:59:06.000000Z
2024,261.9160532407407,43.11801,-79.06047,2024-09-17T21:59:07.000000Z
2024,261.9160648148148,43.11801,-79.06047,2024-09-17T21:59:08.000000Z
2024,261.9160763888889,43.11801,-79.06047,2024-09-17T21:59:09.000000Z
2024,261.91608796296293,43.11801,-79.06047,2024-09-17T21:59:10.000000Z
2024,261.9161111111111,43.11801,-79.06047,2024-09-17T21:59:12.000000Z
2024,261.91612268518514,43.11801,-79.06047,2024-09-17T21:59:13.000000Z
2024,261.91613425925925,43.11801,-79.06047,2024-09-17T21:59:14.000000Z
2024,261.9161458333333,43.11801,-79.06047,2024-09-17T21:59:15.000000Z
2024,261.9266319444444,43.11801,-79.06047,2024-09-17T22:14:21.000000Z
2024,261.9266435185185,43.11801,-79.06047,2024-09-17T22:14:22.000000Z
2024,261.92665509259257,43.118,-79.06047,2024-09-17T22:14:23.000000Z
2024,261.9266666666667,43.118,-79.06047,2024-09-17T22:14:24.000000Z
2024,261.9266782407407,43.118,-79.06047,2024-09-17T22:14:25.000000Z
2024,261.9266898148148,43.118,-79.06047,2024-09-17T22:14:26.000000Z
2024,261.9267013888889,43.118,-79.06047,2024-09-17T22:14:27.000000Z
2024,261.92671296296294,43.118,-79.06047,2024-09-17T22:14:28.000000Z
2024,261.92672453703705,43.118,-79.06047,2024-09-17T22:14:29.000000Z
2024,261.9267361111111,43.118,-79.06047,2024-09-17T22:14:30.000000Z
2024,261.92674768518515,43.118,-79.06047,2024-09-17T22:14:31.000000Z
2024,261.92675925925926,43.118,-79.06047,2024-09-17T22:14:32.000000Z
2024,261.9267708333333,43.118,-79.06047,2024-09-17T22:14:33.000000Z
2024,261.9267824074074,43.118,-79.06047,2024-09-17T22:14:34.000000Z
2024,261.92679398148147,43.118,-79.06047,2024-09-17T22:14:35.000000Z
2024,261.9268055555556,43.118,-79.06047,2024-09-17T22:14:36.000000Z
2024,261.9268171296296,43.11801,-79.06047,2024-09-17T22:14:37.000000Z
2024,261.9268287037037,43.11801,-79.06047,2024-09-17T22:14:38.000000Z
2024,261.9268402777778,43.11801,-79.06047,2024-09-17T22:14:39.000000Z
2024,261.92685185185184,43.11801,-79.06048,2024-09-17T22:14:40.000000Z
2024,261.9371180555556,43.118,-79.06051,2024-09-17T22:29:27.000000Z
2024,261.9371296296296,43.118,-79.06051,2024-09-17T22:29:28.000000Z
2024,261.93714120370373,43.118,-79.06051,2024-09-17T22:29:29.000000Z
2024,261.9371527777778,43.118,-79.06051,2024-09-17T22:29:30.000000Z
2024,261.93716435185183,43.11799,-79.06051,2024-09-17T22:29:31.000000Z
2024,261.93717592592594,43.11799,-79.06051,2024-09-17T22:29:32.000000Z
2024,261.9371875,43.11799,-79.06051,2024-09-17T22:29:33.000000Z
2024,261.9371990740741,43.11798,-79.06051,2024-09-17T22:29:34.000000Z
2024,261.93721064814815,43.11798,-79.06052,2024-09-17T22:29:35.000000Z
2024,261.93722222222226,43.11798,-79.06052,2024-09-17T22:29:36.000000Z
2024,261.9372337962963,43.11798,-79.06052,2024-09-17T22:29:37.000000Z
2024,261.93724537037036,43.11798,-79.06052,2024-09-17T22:29:38.000000Z
2024,261.93725694444447,43.11798,-79.06052,2024-09-17T22:29:39.000000Z
2024,261.9372685185185,43.11798,-79.06052,2024-09-17T22:29:40.000000Z
2024,261.93728009259263,43.11798,-79.06051,2024-09-17T22:29:41.000000Z
2024,261.9372916666667,43.11798,-79.06051,2024-09-17T22:29:42.000000Z
2024,261.93730324074073,43.11798,-79.06051,2024-09-17T22:29:43.000000Z
2024,261.93731481481484,43.11797,-79.06051,2024-09-17T22:29:44.000000Z
2024,261.9373263888889,43.11797,-79.06051,2024-09-17T22:29:45.000000Z
2024,261.937337962963,43.11797,-79.06051,2024-09-17T22:29:46.000000Z
2024,261.9474652777778,43.11795,-79.0606,2024-09-17T22:44:21.000000Z
2024,261.9474768518519,43.11795,-79.06056,2024-09-17T22:44:22.000000Z
2024,261.94748842592594,43.11795,-79.06056,2024-09-17T22:44:23.000000Z
2024,261.94750000000005,43.11795,-79.06055,2024-09-17T22:44:24.000000Z
2024,261.9475115740741,43.11795,-79.06054,2024-09-17T22:44:25.000000Z
2024,261.94752314814815,43.11795,-79.06054,2024-09-17T22:44:26.000000Z
2024,261.94753472222226,43.11795,-79.06053,2024-09-17T22:44:27.000000Z
2024,261.9475462962963,43.11795,-79.06053,2024-09-17T22:44:28.000000Z
2024,261.9475578703704,43.11795,-79.06053,2024-09-17T22:44:29.000000Z
2024,261.94756944444447,43.11795,-79.06053,2024-09-17T22:44:30.000000Z
2024,261.9475810185185,43.11795,-79.06053,2024-09-17T22:44:31.000000Z
2024,261.9475925925926,43.11795,-79.06053,2024-09-17T22:44:32.000000Z
2024,261.9476041666667,43.11795,-79.06053,2024-09-17T22:44:33.000000Z
2024,261.9476157407408,43.11795,-79.06052,2024-09-17T22:44:34.000000Z
2024,261.94762731481484,43.11795,-79.06052,2024-09-17T22:44:35.000000Z
2024,261.94763888888895,43.11796,-79.06052,2024-09-17T22:44:36.000000Z
2024,261.947650462963,43.11796,-79.06051,2024-09-17T22:44:37.000000Z
2024,261.94766203703705,43.11796,-79.06051,2024-09-17T22:44:38.000000Z
2024,261.94767361111116,43.11796,-79.06051,2024-09-17T22:44:39.000000Z
2024,261.9476851851852,43.11796,-79.0605,2024-09-17T22:44:40.000000Z
2024,261.9578819444444,43.11789,-79.06034,2024-09-17T22:59:21.000000Z
2024,261.9578935185185,43.1179,-79.06034,2024-09-17T22:59:22.000000Z
2024,261.95790509259257,43.1179,-79.06034,2024-09-17T22:59:23.000000Z
2024,261.9579166666667,43.1179,-79.06034,2024-09-17T22:59:24.000000Z
2024,261.9579282407407,43.11791,-79.06035,2024-09-17T22:59:25.000000Z
2024,261.9579398148148,43.11791,-79.06035,2024-09-17T22:59:26.000000Z
2024,261.9579513888889,43.11791,-79.06035,2024-09-17T22:59:27.000000Z
2024,261.95796296296294,43.11791,-79.06035,2024-09-17T22:59:28.000000Z
2024,261.95797453703705,43.11791,-79.06035,2024-09-17T22:59:29.000000Z
2024,261.9579861111111,43.11791,-79.06035,2024-09-17T22:59:30.000000Z
2024,261.95799768518515,43.11791,-79.06035,2024-09-17T22:59:31.000000Z
2024,261.95800925925926,43.11791,-79.06035,2024-09-17T22:59:32.000000Z
2024,261.9580208333333,43.11791,-79.06035,2024-09-17T22:59:33.000000Z
2024,261.9580324074074,43.11791,-79.06035,2024-09-17T22:59:34.000000Z
2024,261.95804398148147,43.11791,-79.06035,2024-09-17T22:59:35.000000Z
2024,261.9580555555556,43.11792,-79.06035,2024-09-17T22:59:36.000000Z
2024,261.9580671296296,43.11792,-79.06035,2024-09-17T22:59:37.000000Z
2024,261.9580787037037,43.11792,-79.06035,2024-09-17T22:59:38.000000Z
2024,261.9580902777778,43.11792,-79.06036,2024-09-17T22:59:39.000000Z
2024,261.95810185185184,43.11792,-79.06036,2024-09-17T22:59:40.000000Z
2024,261.96829861111104,43.11788,-79.06044,2024-09-17T23:14:21.000000Z
2024,261.96831018518515,43.11788,-79.06044,2024-09-17T23:14:22.000000Z
2024,261.9683217592592,43.11788,-79.06045,2024-09-17T23:14:23.000000Z
2024,261.9683333333333,43.11788,-79.06045,2024-09-17T23:14:24.000000Z
2024,261.96834490740736,43.11787,-79.06046,2024-09-17T23:14:25.000000Z
2024,261.9683564814814,43.11788,-79.06046,2024-09-17T23:14:26.000000Z
2024,261.9683680555555,43.11787,-79.06046,2024-09-17T23:14:27.000000Z
2024,261.96837962962957,43.11787,-79.06045,2024-09-17T23:14:28.000000Z
2024,261.9683912037037,43.11787,-79.06045,2024-09-17T23:14:29.000000Z
2024,261.9684027777777,43.11787,-79.06045,2024-09-17T23:14:30.000000Z
2024,261.9684143518518,43.11787,-79.06045,2024-09-17T23:14:31.000000Z
2024,261.9684259259259,43.11787,-79.06044,2024-09-17T23:14:32.000000Z
2024,261.96843749999994,43.11787,-79.06044,2024-09-17T23:14:33.000000Z
2024,261.96844907407404,43.11787,-79.06044,2024-09-17T23:14:34.000000Z
2024,261.9684606481481,43.11787,-79.06045,2024-09-17T23:14:35.000000Z
2024,261.9684722222222,43.11787,-79.06045,2024-09-17T23:14:36.000000Z
2024,261.96848379629625,43.11787,-79.06045,2024-09-17T23:14:37.000000Z
2024,261.9684953703703,43.11787,-79.06046,2024-09-17T23:14:38.000000Z
2024,261.9685069444444,43.11787,-79.06046,2024-09-17T23:14:39.000000Z
2024,261.96851851851847,43.11787,-79.06046,2024-09-17T23:14:40.000000Z
2024,261.9787152777777,43.11799,-79.06041,2024-09-17T23:29:21.000000Z
2024,261.97872685185183,43.11798,-79.0604,2024-09-17T23:29:22.000000Z
2024,261.9787384259259,43.11797,-79.06041,2024-09-17T23:29:23.000000Z
2024,261.97875,43.11796,-79.06041,2024-09-17T23:29:24.000000Z
2024,261.97876157407404,43.11796,-79.06041,2024-09-17T23:29:25.000000Z
2024,261.9787731481481,43.11795,-79.06042,2024-09-17T23:29:26.000000Z
2024,261.9787847222222,43.11795,-79.06042,2024-09-17T23:29:27.000000Z
2024,261.97879629629625,43.11795,-79.06042,2024-09-17T23:29:28.000000Z
2024,261.97880787037036,43.11795,-79.06043,2024-09-17T23:29:29.000000Z
2024,261.9788194444444,43.11794,-79.06043,2024-09-17T23:29:30.000000Z
2024,261.97883101851846,43.11795,-79.06043,2024-09-17T23:29:31.000000Z
2024,261.97884259259257,43.11795,-79.06043,2024-09-17T23:29:32.000000Z
2024,261.9788541666666,43.11795,-79.06043,2024-09-17T23:29:33.000000Z
2024,261.97886574074073,43.11795,-79.06044,2024-09-17T23:29:34.000000Z
2024,261.9788773148148,43.11795,-79.06044,2024-09-17T23:29:35.000000Z
2024,261.9788888888889,43.11795,-79.06044,2024-09-17T23:29:36.000000Z
2024,261.97890046296294,43.11795,-79.06044,2024-09-17T23:29:37.000000Z
2024,261.978912037037,43.11795,-79.06044,2024-09-17T23:29:38.000000Z
2024,261.9789236111111,43.11795,-79.06043,2024-09-17T23:29:39.000000Z
2024,261.97893518518515,43.11795,-79.06043,2024-09-17T23:29:40.000000Z
2024,261.9891319444444,43.11802,-79.0604,2024-09-17T23:44:21.000000Z
2024,261.9891435185185,43.11802,-79.0604,2024-09-17T23:44:22.000000Z
2024,261.98915509259257,43.11802,-79.0604,2024-09-17T23:44:23.000000Z
2024,261.9891666666667,43.11802,-79.0604,2024-09-17T23:44:24.000000Z
2024,261.9891782407407,43.11801,-79.06041,2024-09-17T23:44:25.000000Z
2024,261.9891898148148,43.11801,-79.06041,2024-09-17T23:44:26.000000Z
2024,261.9892013888889,43.11801,-79.06041,2024-09-17T23:44:27.000000Z
2024,261.98921296296294,43.11801,-79.06042,2024-09-17T23:44:28.000000Z
2024,261.98922453703705,43.11801,-79.06043,2024-09-17T23:44:29.000000Z
2024,261.9892361111111,43.11801,-79.06043,2024-09-17T23:44:30.000000Z
2024,261.98924768518515,43.11801,-79.06043,2024-09-17T23:44:31.000000Z
2024,261.98925925925926,43.11801,-79.06043,2024-09-17T23:44:32.000000Z
2024,261.9892708333333,43.11801,-79.06043,2024-09-17T23:44:33.000000Z
2024,261.9892824074074,43.11801,-79.06044,2024-09-17T23:44:34.000000Z
2024,261.98929398148147,43.11801,-79.06044,2024-09-17T23:44:35.000000Z
2024,261.9893055555556,43.11801,-79.06044,2024-09-17T23:44:36.000000Z
2024,261.9893171296296,43.11801,-79.06044,2024-09-17T23:44:37.000000Z
2024,261.9893287037037,43.11801,-79.06044,2024-09-17T23:44:38.000000Z
2024,261.9893402777778,43.11801,-79.06044,2024-09-17T23:44:39.000000Z
2024,261.98935185185184,43.11801,-79.06043,2024-09-17T23:44:40.000000Z
2024,261.9996180555555,43.11791,-79.06042,2024-09-17T23:59:27.000000Z
2024,261.99962962962957,43.1179,-79.06041,2024-09-17T23:59:28.000000Z
2024,261.9996412037037,43.11789,-79.06041,2024-09-17T23:59:29.000000Z
2024,261.9996527777777,43.11788,-79.06041,2024-09-17T23:59:30.000000Z
2024,261.9996643518518,43.11787,-79.06042,2024-09-17T23:59:31.000000Z
2024,261.9996759259259,43.11787,-79.06041,2024-09-17T23:59:32.000000Z
2024,261.99968749999994,43.11786,-79.06041,2024-09-17T23:59:33.000000Z
2024,261.99969907407404,43.11786,-79.06041,2024-09-17T23:59:34.000000Z
2024,261.9997106481481,43.11786,-79.06041,2024-09-17T23:59:35.000000Z
2024,261.9997222222222,43.11786,-79.06041,2024-09-17T23:59:36.000000Z
2024,261.99973379629625,43.11786,-79.06041,2024-09-17T23:59:37.000000Z
2024,261.9997453703703,43.11785,-79.06041,2024-09-17T23:59:38.000000Z
2024,261.9997569444444,43.11786,-79.0604,2024-09-17T23:59:39.000000Z
2024,261.99976851851847,43.11787,-79.0604,2024-09-17T23:59:40.000000Z
2024,261.9997800925926,43.11787,-79.0604,2024-09-17T23:59:41.000000Z
2024,261.9997916666666,43.11787,-79.0604,2024-09-17T23:59:42.000000Z
2024,261.9998032407407,43.11787,-79.0604,2024-09-17T23:59:43.000000Z
2024,261.9998148148148,43.11787,-79.0604,2024-09-17T23:59:44.000000Z
2024,261.99982638888883,43.11787,-79.0604,2024-09-17T23:59:45.000000Z
2024,261.99983796296294,43.11788,-79.0604,2024-09-17T23:59:46.000000Z
2024,262.0100347222222,43.11813,-79.06047,2024-09-18T00:14:27.000000Z
2024,262.01005787037036,43.11812,-79.06047,2024-09-18T00:14:29.000000Z
2024,262.0100694444444,43.11811,-79.06046,2024-09-18T00:14:30.000000Z
2024,262.01008101851846,43.11811,-79.06045,2024-09-18T00:14:31.000000Z
2024,262.01009259259257,43.1181,-79.06045,2024-09-18T00:14:32.000000Z
2024,262.0101041666666,43.1181,-79.06045,2024-09-18T00:14:33.000000Z
2024,262.01011574074073,43.1181,-79.06045,2024-09-18T00:14:34.000000Z
2024,262.0101273148148,43.11809,-79.06045,2024-09-18T00:14:35.000000Z
2024,262.0101388888889,43.11809,-79.06045,2024-09-18T00:14:36.000000Z
2024,262.01015046296294,43.11808,-79.06045,2024-09-18T00:14:37.000000Z
2024,262.010162037037,43.11807,-79.06045,2024-09-18T00:14:38.000000Z
2024,262.0101736111111,43.11806,-79.06045,2024-09-18T00:14:39.000000Z
2024,262.01018518518515,43.11805,-79.06046,2024-09-18T00:14:40.000000Z
2024,262.01019675925926,43.11805,-79.06046,2024-09-18T00:14:41.000000Z
2024,262.0102083333333,43.11805,-79.06046,2024-09-18T00:14:42.000000Z
2024,262.01021990740736,43.11806,-79.06047,2024-09-18T00:14:43.000000Z
2024,262.01023148148147,43.11806,-79.06047,2024-09-18T00:14:44.000000Z
2024,262.0102430555555,43.11806,-79.06047,2024-09-18T00:14:45.000000Z
2024,262.0102546296296,43.11806,-79.06047,2024-09-18T00:14:46.000000Z
2024,262.0204513888889,43.11806,-79.06053,2024-09-18T00:29:27.000000Z
2024,262.02046296296294,43.11807,-79.06054,2024-09-18T00:29:28.000000Z
2024,262.02047453703705,43.11808,-79.06054,2024-09-18T00:29:29.000000Z
2024,262.0204861111111,43.11808,-79.06054,2024-09-18T00:29:30.000000Z
2024,262.02049768518515,43.11808,-79.06054,2024-09-18T00:29:31.000000Z
2024,262.02050925925926,43.11808,-79.06053,2024-09-18T00:29:32.000000Z
2024,262.0205208333333,43.11808,-79.06053,2024-09-18T00:29:33.000000Z
2024,262.0205324074074,43.11808,-79.06053,2024-09-18T00:29:34.000000Z
2024,262.02054398148147,43.11807,-79.06053,2024-09-18T00:29:35.000000Z
2024,262.0205555555556,43.11807,-79.06053,2024-09-18T00:29:36.000000Z
2024,262.0205671296296,43.11807,-79.06053,2024-09-18T00:29:37.000000Z
2024,262.0205787037037,43.11807,-79.06053,2024-09-18T00:29:38.000000Z
2024,262.0205902777778,43.11807,-79.06053,2024-09-18T00:29:39.000000Z
2024,262.02060185185184,43.11806,-79.06053,2024-09-18T00:29:40.000000Z
2024,262.02061342592594,43.11806,-79.06053,2024-09-18T00:29:41.000000Z
2024,262.020625,43.11806,-79.06053,2024-09-18T00:29:42.000000Z
2024,262.02063657407405,43.11806,-79.06053,2024-09-18T00:29:43.000000Z
2024,262.02064814814815,43.11806,-79.06053,2024-09-18T00:29:44.000000Z
2024,262.0206597222222,43.11806,-79.06053,2024-09-18T00:29:45.000000Z
2024,262.0206712962963,43.11806,-79.06053,2024-09-18T00:29:46.000000Z
2024,262.0308680555556,43.118,-79.06046,2024-09-18T00:44:27.000000Z
2024,262.0308796296296,43.11801,-79.06049,2024-09-18T00:44:28.000000Z
2024,262.03089120370373,43.11802,-79.0605,2024-09-18T00:44:29.000000Z
2024,262.0309027777778,43.11802,-79.0605,2024-09-18T00:44:30.000000Z
2024,262.03091435185183,43.11801,-79.0605,2024-09-18T00:44:31.000000Z
2024,262.03092592592594,43.11801,-79.0605,2024-09-18T00:44:32.000000Z
2024,262.0309375,43.11802,-79.0605,2024-09-18T00:44:33.000000Z
2024,262.0309490740741,43.11802,-79.0605,2024-09-18T00:44:34.000000Z
2024,262.03096064814815,43.11802,-79.0605,2024-09-18T00:44:35.000000Z
2024,262.03097222222226,43.11802,-79.0605,2024-09-18T00:44:36.000000Z
2024,262.0309837962963,43.11801,-79.0605,2024-09-18T00:44:37.000000Z
2024,262.03099537037036,43.11801,-79.0605,2024-09-18T00:44:38.000000Z
2024,262.03100694444447,43.11801,-79.06051,2024-09-18T00:44:39.000000Z
2024,262.03103009259263,43.11801,-79.06051,2024-09-18T00:44:41.000000Z
2024,262.0310416666667,43.11801,-79.06051,2024-09-18T00:44:42.000000Z
2024,262.03105324074073,43.11801,-79.06051,2024-09-18T00:44:43.000000Z
2024,262.03106481481484,43.11801,-79.06051,2024-09-18T00:44:44.000000Z
2024,262.0310763888889,43.118,-79.06051,2024-09-18T00:44:45.000000Z
2024,262.031087962963,43.118,-79.06051,2024-09-18T00:44:46.000000Z
2024,262.04130787037036,43.11796,-79.06053,2024-09-18T00:59:29.000000Z
2024,262.0413194444444,43.11796,-79.06052,2024-09-18T00:59:30.000000Z
2024,262.04133101851846,43.11796,-79.06052,2024-09-18T00:59:31.000000Z
2024,262.04134259259257,43.11796,-79.06052,2024-09-18T00:59:32.000000Z
2024,262.0413541666666,43.11796,-79.06052,2024-09-18T00:59:33.000000Z
2024,262.04136574074073,43.11796,-79.06052,2024-09-18T00:59:34.000000Z
2024,262.0413773148148,43.11796,-79.06052,2024-09-18T00:59:35.000000Z
2024,262.0413888888889,43.11796,-79.06052,2024-09-18T00:59:36.000000Z
2024,262.04140046296294,43.11796,-79.06052,2024-09-18T00:59:37.000000Z
2024,262.041412037037,43.11796,-79.06052,2024-09-18T00:59:38.000000Z
2024,262.0414236111111,43.11796,-79.06052,2024-09-18T00:59:39.000000Z
2024,262.04143518518515,43.11796,-79.06051,2024-09-18T00:59:40.000000Z
2024,262.04144675925926,43.11795,-79.06051,2024-09-18T00:59:41.000000Z
2024,262.0414583333333,43.11795,-79.06051,2024-09-18T00:59:42.000000Z
2024,262.04146990740736,43.11795,-79.06051,2024-09-18T00:59:43.000000Z
2024,262.04148148148147,43.11795,-79.0605,2024-09-18T00:59:44.000000Z
2024,262.0414930555555,43.11795,-79.0605,2024-09-18T00:59:45.000000Z
2024,262.0415046296296,43.11795,-79.0605,2024-09-18T00:59:46.000000Z
2024,262.0415162037037,43.11795,-79.0605,2024-09-18T00:59:47.000000Z
2024,262.05172453703705,43.11795,-79.0606,2024-09-18T01:14:29.000000Z
2024,262.0517361111111,43.11795,-79.0606,2024-09-18T01:14:30.000000Z
2024,262.05174768518515,43.11795,-79.0606,2024-09-18T01:14:31.000000Z
2024,262.05175925925926,43.11795,-79.06059,2024-09-18T01:14:32.000000Z
2024,262.0517708333333,43.11795,-79.06059,2024-09-18T01:14:33.000000Z
2024,262.0517824074074,43.11795,-79.06059,2024-09-18T01:14:34.000000Z
2024,262.05179398148147,43.11795,-79.06059,2024-09-18T01:14:35.000000Z
2024,262.0518055555556,43.11795,-79.06059,2024-09-18T01:14:36.000000Z
2024,262.0518171296296,43.11795,-79.06059,2024-09-18T01:14:37.000000Z
2024,262.0518287037037,43.11795,-79.06059,2024-09-18T01:14:38.000000Z
2024,262.0518402777778,43.11795,-79.06058,2024-09-18T01:14:39.000000Z
2024,262.05185185185184,43.11795,-79.06058,2024-09-18T01:14:40.000000Z
2024,262.05186342592594,43.11795,-79.06058,2024-09-18T01:14:41.000000Z
2024,262.051875,43.11795,-79.06058,2024-09-18T01:14:42.000000Z
2024,262.05188657407405,43.11795,-79.06058,2024-09-18T01:14:43.000000Z
2024,262.05189814814815,43.11795,-79.06058,2024-09-18T01:14:44.000000Z
2024,262.0519097222222,43.11795,-79.06058,2024-09-18T01:14:45.000000Z
2024,262.0519212962963,43.11795,-79.06058,2024-09-18T01:14:46.000000Z
2024,262.05193287037036,43.11795,-79.06058,2024-09-18T01:14:47.000000Z
2024,262.06214120370373,43.11793,-79.06058,2024-09-18T01:29:29.000000Z
2024,262.0621527777778,43.11793,-79.06058,2024-09-18T01:29:30.000000Z
2024,262.06216435185183,43.11793,-79.06058,2024-09-18T01:29:31.000000Z
2024,262.06217592592594,43.11793,-79.06058,2024-09-18T01:29:32.000000Z
2024,262.0621875,43.11793,-79.06058,2024-09-18T01:29:33.000000Z
2024,262.0621990740741,43.11793,-79.06058,2024-09-18T01:29:34.000000Z
2024,262.06221064814815,43.11793,-79.06058,2024-09-18T01:29:35.000000Z
2024,262.06222222222226,43.11793,-79.06057,2024-09-18T01:29:36.000000Z
2024,262.0622337962963,43.11794,-79.06057,2024-09-18T01:29:37.000000Z
2024,262.06224537037036,43.11794,-79.06057,2024-09-18T01:29:38.000000Z
2024,262.06225694444447,43.11794,-79.06057,2024-09-18T01:29:39.000000Z
2024,262.0622685185185,43.11794,-79.06057,2024-09-18T01:29:40.000000Z
2024,262.06228009259263,43.11794,-79.06056,2024-09-18T01:29:41.000000Z
2024,262.0622916666667,43.11794,-79.06056,2024-09-18T01:29:42.000000Z
2024,262.06230324074073,43.11794,-79.06056,2024-09-18T01:29:43.000000Z
2024,262.06231481481484,43.11794,-79.06056,2024-09-18T01:29:44.000000Z
2024,262.0623263888889,43.11793,-79.06056,2024-09-18T01:29:45.000000Z
2024,262.062337962963,43.11793,-79.06056,2024-09-18T01:29:46.000000Z
2024,262.06234953703705,43.11793,-79.06056,2024-09-18T01:29:47.000000Z
2024,262.07248842592594,43.11807,-79.06052,2024-09-18T01:44:23.000000Z
2024,262.07250000000005,43.11807,-79.06051,2024-09-18T01:44:24.000000Z
2024,262.0725115740741,43.11807,-79.06051,2024-09-18T01:44:25.000000Z
2024,262.07252314814815,43.11808,-79.0605,2024-09-18T01:44:26.000000Z
2024,262.07253472222226,43.11808,-79.0605,2024-09-18T01:44:27.000000Z
2024,262.0725462962963,43.11808,-79.0605,2024-09-18T01:44:28.000000Z
2024,262.0725578703704,43.11808,-79.0605,2024-09-18T01:44:29.000000Z
2024,262.07256944444447,43.11808,-79.06049,2024-09-18T01:44:30.000000Z
2024,262.0725810185185,43.11808,-79.06048,2024-09-18T01:44:31.000000Z
2024,262.0725925925926,43.11808,-79.06048,2024-09-18T01:44:32.000000Z
2024,262.0726041666667,43.11808,-79.06048,2024-09-18T01:44:33.000000Z
2024,262.0726157407408,43.11808,-79.06047,2024-09-18T01:44:34.000000Z
2024,262.07262731481484,43.11808,-79.06047,2024-09-18T01:44:35.000000Z
2024,262.07263888888895,43.11807,-79.06047,2024-09-18T01:44:36.000000Z
2024,262.072650462963,43.11807,-79.06047,2024-09-18T01:44:37.000000Z
2024,262.07266203703705,43.11806,-79.06047,2024-09-18T01:44:38.000000Z
2024,262.07267361111116,43.11806,-79.06047,2024-09-18T01:44:39.000000Z
2024,262.0726851851852,43.11806,-79.06047,2024-09-18T01:44:40.000000Z
2024,262.0726967592593,43.11806,-79.06047,2024-09-18T01:44:41.000000Z
2024,262.08297453703705,43.11804,-79.06048,2024-09-18T01:59:29.000000Z
2024,262.0829861111111,43.11804,-79.06048,2024-09-18T01:59:30.000000Z
2024,262.08299768518515,43.11804,-79.06048,2024-09-18T01:59:31.000000Z
2024,262.08300925925926,43.11804,-79.06048,2024-09-18T01:59:32.000000Z
2024,262.0830208333333,43.11804,-79.06048,2024-09-18T01:59:33.000000Z
2024,262.0830324074074,43.11804,-79.06048,2024-09-18T01:59:34.000000Z
2024,262.08304398148147,43.11804,-79.06048,2024-09-18T01:59:35.000000Z
2024,262.0830555555556,43.11804,-79.06048,2024-09-18T01:59:36.000000Z
2024,262.0830671296296,43.11804,-79.06048,2024-09-18T01:59:37.000000Z
2024,262.0830787037037,43.11804,-79.06049,2024-09-18T01:59:38.000000Z
2024,262.0830902777778,43.11804,-79.06049,2024-09-18T01:59:39.000000Z
2024,262.08310185185184,43.11805,-79.06049,2024-09-18T01:59:40.000000Z
2024,262.08311342592594,43.11806,-79.0605,2024-09-18T01:59:41.000000Z
2024,262.083125,43.11806,-79.0605,2024-09-18T01:59:42.000000Z
2024,262.08313657407405,43.11806,-79.0605,2024-09-18T01:59:43.000000Z
2024,262.08314814814815,43.11806,-79.06051,2024-09-18T01:59:44.000000Z
2024,262.0831597222222,43.11807,-79.06051,2024-09-18T01:59:45.000000Z
2024,262.0831712962963,43.11807,-79.06051,2024-09-18T01:59:46.000000Z
2024,262.08318287037036,43.11807,-79.06051,2024-09-18T01:59:47.000000Z
2024,262.0933912037037,43.11792,-79.06048,2024-09-18T02:14:29.000000Z
2024,262.0934027777777,43.11792,-79.06048,2024-09-18T02:14:30.000000Z
2024,262.0934143518518,43.11792,-79.06048,2024-09-18T02:14:31.000000Z
2024,262.0934259259259,43.11792,-79.06048,2024-09-18T02:14:32.000000Z
2024,262.09343749999994,43.11792,-79.06047,2024-09-18T02:14:33.000000Z
2024,262.09344907407404,43.11793,-79.06047,2024-09-18T02:14:34.000000Z
2024,262.0934606481481,43.11793,-79.06047,2024-09-18T02:14:35.000000Z
2024,262.0934722222222,43.11793,-79.06047,2024-09-18T02:14:36.000000Z
2024,262.09348379629625,43.11793,-79.06047,2024-09-18T02:14:37.000000Z
2024,262.0934953703703,43.11793,-79.06047,2024-09-18T02:14:38.000000Z
2024,262.0935069444444,43.11794,-79.06048,2024-09-18T02:14:39.000000Z
2024,262.09351851851847,43.11794,-79.06048,2024-09-18T02:14:40.000000Z
2024,262.0935300925926,43.11794,-79.06048,2024-09-18T02:14:41.000000Z
2024,262.0935416666666,43.11794,-79.06048,2024-09-18T02:14:42.000000Z
2024,262.0935532407407,43.11794,-79.06048,2024-09-18T02:14:43.000000Z
2024,262.0935648148148,43.11794,-79.06048,2024-09-18T02:14:44.000000Z
2024,262.09357638888883,43.11795,-79.06048,2024-09-18T02:14:45.000000Z
2024,262.09358796296294,43.11795,-79.06048,2024-09-18T02:14:46.000000Z
2024,262.093599537037,43.11795,-79.06048,2024-09-18T02:14:47.000000Z
2024,262.10380787037036,43.11797,-79.0605,2024-09-18T02:29:29.000000Z
2024,262.1038194444444,43.11797,-79.0605,2024-09-18T02:29:30.000000Z
2024,262.10383101851846,43.11797,-79.0605,2024-09-18T02:29:31.000000Z
2024,262.10384259259257,43.11797,-79.0605,2024-09-18T02:29:32.000000Z
2024,262.1038541666666,43.11798,-79.0605,2024-09-18T02:29:33.000000Z
2024,262.10386574074073,43.11798,-79.0605,2024-09-18T02:29:34.000000Z
2024,262.1038773148148,43.11798,-79.0605,2024-09-18T02:29:35.000000Z
2024,262.1038888888889,43.11799,-79.0605,2024-09-18T02:29:36.000000Z
2024,262.10390046296294,43.11799,-79.0605,2024-09-18T02:29:37.000000Z
2024,262.103912037037,43.11799,-79.0605,2024-09-18T02:29:38.000000Z
2024,262.1039236111111,43.118,-79.0605,2024-09-18T02:29:39.000000Z
2024,262.10393518518515,43.118,-79.0605,2024-09-18T02:29:40.000000Z
2024,262.10394675925926,43.118,-79.0605,2024-09-18T02:29:41.000000Z
2024,262.1039583333333,43.118,-79.0605,2024-09-18T02:29:42.000000Z
2024,262.10396990740736,43.118,-79.0605,2024-09-18T02:29:43.000000Z
2024,262.10398148148147,43.118,-79.0605,2024-09-18T02:29:44.000000Z
2024,262.1039930555555,43.118,-79.0605,2024-09-18T02:29:45.000000Z
2024,262.1040046296296,43.118,-79.06049,2024-09-18T02:29:46.000000Z
2024,262.1040162037037,43.118,-79.06049,2024-09-18T02:29:47.000000Z
2024,262.11422453703705,43.11797,-79.06042,2024-09-18T02:44:29.000000Z
2024,262.1142361111111,43.11797,-79.06042,2024-09-18T02:44:30.000000Z
2024,262.11424768518515,43.11797,-79.06042,2024-09-18T02:44:31.000000Z
2024,262.11425925925926,43.11798,-79.06041,2024-09-18T02:44:32.000000Z
2024,262.1142708333333,43.11798,-79.06041,2024-09-18T02:44:33.000000Z
2024,262.1142824074074,43.11799,-79.06041,2024-09-18T02:44:34.000000Z
2024,262.11429398148147,43.118,-79.06041,2024-09-18T02:44:35.000000Z
2024,262.1143055555556,43.118,-79.06041,2024-09-18T02:44:36.000000Z
2024,262.1143171296296,43.118,-79.06041,2024-09-18T02:44:37.000000Z
2024,262.1143287037037,43.11801,-79.06041,2024-09-18T02:44:38.000000Z
2024,262.1143402777778,43.11801,-79.06041,2024-09-18T02:44:39.000000Z
2024,262.11435185185184,43.11801,-79.06041,2024-09-18T02:44:40.000000Z
2024,262.11436342592594,43.11801,-79.0604,2024-09-18T02:44:41.000000Z
2024,262.114375,43.11801,-79.0604,2024-09-18T02:44:42.000000Z
2024,262.11438657407405,43.11801,-79.0604,2024-09-18T02:44:43.000000Z
2024,262.11439814814815,43.11801,-79.0604,2024-09-18T02:44:44.000000Z
2024,262.1144097222222,43.11801,-79.06041,2024-09-18T02:44:45.000000Z
2024,262.1144212962963,43.11801,-79.06041,2024-09-18T02:44:46.000000Z
2024,262.11443287037036,43.11801,-79.06041,2024-09-18T02:44:47.000000Z
2024,262.1246412037037,43.11801,-79.06041,2024-09-18T02:59:29.000000Z
2024,262.1246527777777,43.11802,-79.06041,2024-09-18T02:59:30.000000Z
2024,262.1246643518518,43.11802,-79.06041,2024-09-18T02:59:31.000000Z
2024,262.1246759259259,43.11802,-79.0604,2024-09-18T02:59:32.000000Z
2024,262.12468749999994,43.11803,-79.0604,2024-09-18T02:59:33.000000Z
2024,262.12469907407404,43.11803,-79.0604,2024-09-18T02:59:34.000000Z
2024,262.1247106481481,43.11803,-79.0604,2024-09-18T02:59:35.000000Z
2024,262.1247222222222,43.11803,-79.0604,2024-09-18T02:59:36.000000Z
2024,262.12473379629625,43.11803,-79.0604,2024-09-18T02:59:37.000000Z
2024,262.1247453703703,43.11804,-79.0604,2024-09-18T02:59:38.000000Z
2024,262.1247569444444,43.11804,-79.0604,2024-09-18T02:59:39.000000Z
2024,262.12476851851847,43.11804,-79.0604,2024-09-18T02:59:40.000000Z
2024,262.1247800925926,43.11804,-79.0604,2024-09-18T02:59:41.000000Z
2024,262.1247916666666,43.11804,-79.06039,2024-09-18T02:59:42.000000Z
2024,262.1248032407407,43.11804,-79.06039,2024-09-18T02:59:43.000000Z
2024,262.1248148148148,43.11804,-79.06039,2024-09-18T02:59:44.000000Z
2024,262.12482638888883,43.11804,-79.06039,2024-09-18T02:59:45.000000Z
2024,262.12483796296294,43.11804,-79.06039,2024-09-18T02:59:46.000000Z
2024,262.124849537037,43.11805,-79.06039,2024-09-18T02:59:47.000000Z
2024,262.13505787037036,43.118,-79.06047,2024-09-18T03:14:29.000000Z
2024,262.1350694444444,43.118,-79.06047,2024-09-18T03:14:30.000000Z
2024,262.13508101851846,43.118,-79.06048,2024-09-18T03:14:31.000000Z
2024,262.13509259259257,43.118,-79.06048,2024-09-18T03:14:32.000000Z
2024,262.1351041666666,43.118,-79.06048,2024-09-18T03:14:33.000000Z
2024,262.13511574074073,43.118,-79.06048,2024-09-18T03:14:34.000000Z
2024,262.1351273148148,43.118,-79.06048,2024-09-18T03:14:35.000000Z
2024,262.1351388888889,43.11801,-79.06048,2024-09-18T03:14:36.000000Z
2024,262.13515046296294,43.11801,-79.06048,2024-09-18T03:14:37.000000Z
2024,262.135162037037,43.11801,-79.06048,2024-09-18T03:14:38.000000Z
2024,262.1351736111111,43.11801,-79.06048,2024-09-18T03:14:39.000000Z
2024,262.13518518518515,43.11801,-79.06048,2024-09-18T03:14:40.000000Z
2024,262.13519675925926,43.11801,-79.06048,2024-09-18T03:14:41.000000Z
2024,262.1352083333333,43.11801,-79.06048,2024-09-18T03:14:42.000000Z
2024,262.13521990740736,43.11801,-79.06047,2024-09-18T03:14:43.000000Z
2024,262.13523148148147,43.11801,-79.06047,2024-09-18T03:14:44.000000Z
2024,262.1352430555555,43.11801,-79.06047,2024-09-18T03:14:45.000000Z
2024,262.1352546296296,43.11801,-79.06047,2024-09-18T03:14:46.000000Z
2024,262.1352662037037,43.11801,-79.06047,2024-09-18T03:14:47.000000Z
2024,262.14547453703705,43.118,-79.06046,2024-09-18T03:29:29.000000Z
2024,262.1454861111111,43.118,-79.06046,2024-09-18T03:29:30.000000Z
2024,262.14549768518515,43.118,-79.06045,2024-09-18T03:29:31.000000Z
2024,262.14550925925926,43.118,-79.06045,2024-09-18T03:29:32.000000Z
2024,262.1455208333333,43.118,-79.06045,2024-09-18T03:29:33.000000Z
2024,262.1455324074074,43.118,-79.06045,2024-09-18T03:29:34.000000Z
2024,262.14554398148147,43.118,-79.06045,2024-09-18T03:29:35.000000Z
2024,262.1455555555556,43.118,-79.06045,2024-09-18T03:29:36.000000Z
2024,262.1455671296296,43.11801,-79.06045,2024-09-18T03:29:37.000000Z
2024,262.1455787037037,43.11801,-79.06045,2024-09-18T03:29:38.000000Z
2024,262.1455902777778,43.11801,-79.06046,2024-09-18T03:29:39.000000Z
2024,262.14560185185184,43.11801,-79.06046,2024-09-18T03:29:40.000000Z
2024,262.14561342592594,43.11801,-79.06046,2024-09-18T03:29:41.000000Z
2024,262.145625,43.11801,-79.06046,2024-09-18T03:29:42.000000Z
2024,262.14563657407405,43.11801,-79.06046,2024-09-18T03:29:43.000000Z
2024,262.14564814814815,43.11801,-79.06046,2024-09-18T03:29:44.000000Z
2024,262.1456597222222,43.11801,-79.06046,2024-09-18T03:29:45.000000Z
2024,262.1456712962963,43.11802,-79.06046,2024-09-18T03:29:46.000000Z
2024,262.14568287037036,43.11802,-79.06046,2024-09-18T03:29:47.000000Z
2024,262.15589120370373,43.11798,-79.06053,2024-09-18T03:44:29.000000Z
2024,262.1559027777778,43.11798,-79.06053,2024-09-18T03:44:30.000000Z
2024,262.15591435185183,43.11798,-79.06053,2024-09-18T03:44:31.000000Z
2024,262.15592592592594,43.11798,-79.06052,2024-09-18T03:44:32.000000Z
2024,262.1559375,43.11798,-79.06051,2024-09-18T03:44:33.000000Z
2024,262.1559490740741,43.11797,-79.06051,2024-09-18T03:44:34.000000Z
2024,262.15596064814815,43.11798,-79.06051,2024-09-18T03:44:35.000000Z
2024,262.15597222222226,43.11798,-79.06051,2024-09-18T03:44:36.000000Z
2024,262.1559837962963,43.11798,-79.06052,2024-09-18T03:44:37.000000Z
2024,262.15599537037036,43.11798,-79.06052,2024-09-18T03:44:38.000000Z
2024,262.15600694444447,43.11798,-79.06052,2024-09-18T03:44:39.000000Z
2024,262.1560185185185,43.11798,-79.06052,2024-09-18T03:44:40.000000Z
2024,262.15603009259263,43.11798,-79.06052,2024-09-18T03:44:41.000000Z
2024,262.1560416666667,43.11798,-79.06053,2024-09-18T03:44:42.000000Z
2024,262.15605324074073,43.11799,-79.06053,2024-09-18T03:44:43.000000Z
2024,262.15606481481484,43.11799,-79.06053,2024-09-18T03:44:44.000000Z
2024,262.1560763888889,43.11799,-79.06053,2024-09-18T03:44:45.000000Z
2024,262.156087962963,43.118,-79.06053,2024-09-18T03:44:46.000000Z
2024,262.15609953703705,43.118,-79.06052,2024-09-18T03:44:47.000000Z
2024,262.16630787037036,43.11778,-79.0605,2024-09-18T03:59:29.000000Z
2024,262.1663194444444,43.11777,-79.0605,2024-09-18T03:59:30.000000Z
2024,262.16633101851846,43.11778,-79.0605,2024-09-18T03:59:31.000000Z
2024,262.16634259259257,43.11778,-79.06051,2024-09-18T03:59:32.000000Z
2024,262.1663541666666,43.11779,-79.06051,2024-09-18T03:59:33.000000Z
2024,262.16636574074073,43.11778,-79.06051,2024-09-18T03:59:34.000000Z
2024,262.1663773148148,43.11779,-79.0605,2024-09-18T03:59:35.000000Z
2024,262.1663888888889,43.11779,-79.0605,2024-09-18T03:59:36.000000Z
2024,262.16640046296294,43.11779,-79.0605,2024-09-18T03:59:37.000000Z
2024,262.166412037037,43.1178,-79.06048,2024-09-18T03:59:38.000000Z
2024,262.1664236111111,43.1178,-79.06048,2024-09-18T03:59:39.000000Z
2024,262.16643518518515,43.11782,-79.06046,2024-09-18T03:59:40.000000Z
2024,262.16644675925926,43.11783,-79.06044,2024-09-18T03:59:41.000000Z
2024,262.1664583333333,43.11785,-79.06043,2024-09-18T03:59:42.000000Z
2024,262.16646990740736,43.11787,-79.06042,2024-09-18T03:59:43.000000Z
2024,262.16648148148147,43.11788,-79.06041,2024-09-18T03:59:44.000000Z
2024,262.1664930555555,43.11789,-79.0604,2024-09-18T03:59:45.000000Z
2024,262.1665046296296,43.11789,-79.0604,2024-09-18T03:59:46.000000Z
2024,262.1665162037037,43.1179,-79.0604,2024-09-18T03:59:47.000000Z
2024,262.17672453703705,43.11794,-79.06037,2024-09-18T04:14:29.000000Z
2024,262.1767361111111,43.11794,-79.06037,2024-09-18T04:14:30.000000Z
2024,262.17674768518515,43.11794,-79.06038,2024-09-18T04:14:31.000000Z
2024,262.17675925925926,43.11794,-79.06038,2024-09-18T04:14:32.000000Z
2024,262.1767708333333,43.11794,-79.06038,2024-09-18T04:14:33.000000Z
2024,262.1767824074074,43.11794,-79.06038,2024-09-18T04:14:34.000000Z
2024,262.17679398148147,43.11794,-79.06038,2024-09-18T04:14:35.000000Z
2024,262.1768055555556,43.11795,-79.06038,2024-09-18T04:14:36.000000Z
2024,262.1768171296296,43.11795,-79.06038,2024-09-18T04:14:37.000000Z
2024,262.1768287037037,43.11795,-79.06038,2024-09-18T04:14:38.000000Z
2024,262.1768402777778,43.11795,-79.06038,2024-09-18T04:14:39.000000Z
2024,262.17685185185184,43.11795,-79.06038,2024-09-18T04:14:40.000000Z
2024,262.17686342592594,43.11796,-79.06037,2024-09-18T04:14:41.000000Z
2024,262.176875,43.11796,-79.06037,2024-09-18T04:14:42.000000Z
2024,262.17688657407405,43.11796,-79.06038,2024-09-18T04:14:43.000000Z
2024,262.17689814814815,43.11796,-79.06038,2024-09-18T04:14:44.000000Z
2024,262.1769097222222,43.11796,-79.06039,2024-09-18T04:14:45.000000Z
2024,262.1769212962963,43.11796,-79.06039,2024-09-18T04:14:46.000000Z
2024,262.17693287037036,43.11797,-79.06039,2024-09-18T04:14:47.000000Z
2024,262.18714120370373,43.11789,-79.06047,2024-09-18T04:29:29.000000Z
2024,262.1871527777778,43.11789,-79.06047,2024-09-18T04:29:30.000000Z
2024,262.18716435185183,43.11788,-79.06048,2024-09-18T04:29:31.000000Z
2024,262.18717592592594,43.11789,-79.06048,2024-09-18T04:29:32.000000Z
2024,262.1871875,43.11789,-79.06047,2024-09-18T04:29:33.000000Z
2024,262.1871990740741,43.11789,-79.06047,2024-09-18T04:29:34.000000Z
2024,262.18721064814815,43.11789,-79.06047,2024-09-18T04:29:35.000000Z
2024,262.18722222222226,43.11788,-79.06047,2024-09-18T04:29:36.000000Z
2024,262.1872337962963,43.11788,-79.06047,2024-09-18T04:29:37.000000Z
2024,262.18724537037036,43.11788,-79.06047,2024-09-18T04:29:38.000000Z
2024,262.18725694444447,43.11788,-79.06047,2024-09-18T04:29:39.000000Z
2024,262.1872685185185,43.11788,-79.06047,2024-09-18T04:29:40.000000Z
2024,262.18728009259263,43.11789,-79.06046,2024-09-18T04:29:41.000000Z
2024,262.1872916666667,43.11789,-79.06046,2024-09-18T04:29:42.000000Z
2024,262.18730324074073,43.11788,-79.06046,2024-09-18T04:29:43.000000Z
2024,262.18731481481484,43.11788,-79.06046,2024-09-18T04:29:44.000000Z
2024,262.1873263888889,43.11788,-79.06046,2024-09-18T04:29:45.000000Z
2024,262.187337962963,43.11788,-79.06046,2024-09-18T04:29:46.000000Z
2024,262.18734953703705,43.11788,-79.06046,2024-09-18T04:29:47.000000Z
2024,262.1975578703704,43.11789,-79.06048,2024-09-18T04:44:29.000000Z
2024,262.19756944444447,43.11789,-79.06047,2024-09-18T04:44:30.000000Z
2024,262.1975810185185,43.11789,-79.06047,2024-09-18T04:44:31.000000Z
2024,262.1975925925926,43.11789,-79.06047,2024-09-18T04:44:32.000000Z
2024,262.1976041666667,43.1179,-79.06046,2024-09-18T04:44:33.000000Z
2024,262.1976157407408,43.1179,-79.06045,2024-09-18T04:44:34.000000Z
2024,262.19762731481484,43.1179,-79.06044,2024-09-18T04:44:35.000000Z
2024,262.19763888888895,43.1179,-79.06044,2024-09-18T04:44:36.000000Z
2024,262.197650462963,43.1179,-79.06044,2024-09-18T04:44:37.000000Z
2024,262.19766203703705,43.1179,-79.06044,2024-09-18T04:44:38.000000Z
2024,262.19767361111116,43.1179,-79.06043,2024-09-18T04:44:39.000000Z
2024,262.1976851851852,43.11792,-79.06042,2024-09-18T04:44:40.000000Z
2024,262.1976967592593,43.11793,-79.0604,2024-09-18T04:44:41.000000Z
2024,262.19770833333337,43.11794,-79.0604,2024-09-18T04:44:42.000000Z
2024,262.1977199074074,43.11795,-79.06039,2024-09-18T04:44:43.000000Z
2024,262.1977314814815,43.11795,-79.06039,2024-09-18T04:44:44.000000Z
2024,262.1977430555556,43.11796,-79.06038,2024-09-18T04:44:45.000000Z
2024,262.1977546296297,43.11796,-79.06037,2024-09-18T04:44:46.000000Z
2024,262.19776620370374,43.11796,-79.06037,2024-09-18T04:44:47.000000Z
2024,262.20796296296294,43.11807,-79.06036,2024-09-18T04:59:28.000000Z
2024,262.20797453703705,43.11807,-79.06037,2024-09-18T04:59:29.000000Z
2024,262.2079861111111,43.11807,-79.06037,2024-09-18T04:59:30.000000Z
2024,262.20799768518515,43.11807,-79.06037,2024-09-18T04:59:31.000000Z
2024,262.20800925925926,43.11807,-79.06037,2024-09-18T04:59:32.000000Z
2024,262.2080208333333,43.11807,-79.06037,2024-09-18T04:59:33.000000Z
2024,262.2080324074074,43.11808,-79.06038,2024-09-18T04:59:34.000000Z
2024,262.20804398148147,43.11808,-79.06038,2024-09-18T04:59:35.000000Z
2024,262.2080555555556,43.11808,-79.06039,2024-09-18T04:59:36.000000Z
2024,262.2080671296296,43.11807,-79.06039,2024-09-18T04:59:37.000000Z
2024,262.2080787037037,43.11807,-79.0604,2024-09-18T04:59:38.000000Z
2024,262.2080902777778,43.11807,-79.0604,2024-09-18T04:59:39.000000Z
2024,262.20810185185184,43.11806,-79.0604,2024-09-18T04:59:40.000000Z
2024,262.208125,43.11805,-79.06043,2024-09-18T04:59:42.000000Z
2024,262.20813657407405,43.11805,-79.06044,2024-09-18T04:59:43.000000Z
2024,262.20814814814815,43.11805,-79.06044,2024-09-18T04:59:44.000000Z
2024,262.2081597222222,43.11805,-79.06045,2024-09-18T04:59:45.000000Z
2024,262.2081712962963,43.11805,-79.06046,2024-09-18T04:59:46.000000Z
2024,262.21837962962957,43.11805,-79.06037,2024-09-18T05:14:28.000000Z
2024,262.2183912037037,43.11805,-79.06037,2024-09-18T05:14:29.000000Z
2024,262.2184027777777,43.11805,-79.06037,2024-09-18T05:14:30.000000Z
2024,262.2184143518518,43.11806,-79.06037,2024-09-18T05:14:31.000000Z
2024,262.2184259259259,43.11806,-79.06037,2024-09-18T05:14:32.000000Z
2024,262.21843749999994,43.11806,-79.06037,2024-09-18T05:14:33.000000Z
2024,262.21844907407404,43.11806,-79.06037,2024-09-18T05:14:34.000000Z
2024,262.2184606481481,43.11806,-79.06037,2024-09-18T05:14:35.000000Z
2024,262.2184722222222,43.11806,-79.06037,2024-09-18T05:14:36.000000Z
2024,262.2185069444444,43.11807,-79.06037,2024-09-18T05:14:39.000000Z
2024,262.21851851851847,43.11806,-79.06037,2024-09-18T05:14:40.000000Z
2024,262.2185300925926,43.11806,-79.06037,2024-09-18T05:14:41.000000Z
2024,262.2185416666666,43.11806,-79.06037,2024-09-18T05:14:42.000000Z
2024,262.2185532407407,43.11806,-79.06037,2024-09-18T05:14:43.000000Z
2024,262.2185648148148,43.11807,-79.06037,2024-09-18T05:14:44.000000Z
2024,262.21857638888883,43.11807,-79.06037,2024-09-18T05:14:45.000000Z
2024,262.21858796296294,43.11807,-79.06037,2024-09-18T05:14:46.000000Z
2024,262.218599537037,43.11807,-79.06037,2024-09-18T05:14:47.000000Z
2024,262.21861111111104,43.11807,-79.06037,2024-09-18T05:14:48.000000Z
2024,262.22879629629625,43.11806,-79.06037,2024-09-18T05:29:28.000000Z
2024,262.22880787037036,43.11806,-79.06036,2024-09-18T05:29:29.000000Z
2024,262.2288194444444,43.11807,-79.06036,2024-09-18T05:29:30.000000Z
2024,262.22883101851846,43.11807,-79.06035,2024-09-18T05:29:31.000000Z
2024,262.22884259259257,43.11808,-79.06035,2024-09-18T05:29:32.000000Z
2024,262.2288541666666,43.11808,-79.06035,2024-09-18T05:29:33.000000Z
2024,262.22886574074073,43.11808,-79.06034,2024-09-18T05:29:34.000000Z
2024,262.2288773148148,43.11808,-79.06034,2024-09-18T05:29:35.000000Z
2024,262.2288888888889,43.11807,-79.06034,2024-09-18T05:29:36.000000Z
2024,262.22890046296294,43.11807,-79.06034,2024-09-18T05:29:37.000000Z
2024,262.228912037037,43.11807,-79.06034,2024-09-18T05:29:38.000000Z
2024,262.2289236111111,43.11807,-79.06034,2024-09-18T05:29:39.000000Z
2024,262.22893518518515,43.11807,-79.06034,2024-09-18T05:29:40.000000Z
2024,262.22894675925926,43.11807,-79.06034,2024-09-18T05:29:41.000000Z
2024,262.2289583333333,43.11807,-79.06034,2024-09-18T05:29:42.000000Z
2024,262.22896990740736,43.11807,-79.06034,2024-09-18T05:29:43.000000Z
2024,262.22898148148147,43.11807,-79.06034,2024-09-18T05:29:44.000000Z
2024,262.2289930555555,43.11807,-79.06034,2024-09-18T05:29:45.000000Z
2024,262.2290046296296,43.11807,-79.06034,2024-09-18T05:29:46.000000Z
2024,262.23921296296294,43.11816,-79.06047,2024-09-18T05:44:28.000000Z
2024,262.23922453703705,43.11815,-79.06045,2024-09-18T05:44:29.000000Z
2024,262.2392361111111,43.11815,-79.06046,2024-09-18T05:44:30.000000Z
2024,262.23924768518515,43.11814,-79.06045,2024-09-18T05:44:31.000000Z
2024,262.23925925925926,43.11814,-79.06046,2024-09-18T05:44:32.000000Z
2024,262.2392708333333,43.11814,-79.06045,2024-09-18T05:44:33.000000Z
2024,262.2392824074074,43.11814,-79.06044,2024-09-18T05:44:34.000000Z
2024,262.23929398148147,43.11814,-79.06043,2024-09-18T05:44:35.000000Z
2024,262.2393055555556,43.11813,-79.06041,2024-09-18T05:44:36.000000Z
2024,262.2393171296296,43.11813,-79.0604,2024-09-18T05:44:37.000000Z
2024,262.2393287037037,43.11813,-79.0604,2024-09-18T05:44:38.000000Z
2024,262.2393402777778,43.11813,-79.06039,2024-09-18T05:44:39.000000Z
2024,262.23935185185184,43.11812,-79.06039,2024-09-18T05:44:40.000000Z
2024,262.23936342592594,43.11813,-79.0604,2024-09-18T05:44:41.000000Z
2024,262.239375,43.11813,-79.0604,2024-09-18T05:44:42.000000Z
2024,262.23938657407405,43.11813,-79.0604,2024-09-18T05:44:43.000000Z
2024,262.23939814814815,43.11812,-79.06039,2024-09-18T05:44:44.000000Z
2024,262.2394097222222,43.11812,-79.06039,2024-09-18T05:44:45.000000Z
2024,262.2394212962963,43.11812,-79.06039,2024-09-18T05:44:46.000000Z
2024,262.24962962962957,43.11803,-79.06061,2024-09-18T05:59:28.000000Z
2024,262.2496412037037,43.11803,-79.06061,2024-09-18T05:59:29.000000Z
2024,262.2496527777777,43.11803,-79.06061,2024-09-18T05:59:30.000000Z
2024,262.2496643518518,43.11802,-79.06061,2024-09-18T05:59:31.000000Z
2024,262.2496759259259,43.11802,-79.0606,2024-09-18T05:59:32.000000Z
2024,262.24968749999994,43.11803,-79.0606,2024-09-18T05:59:33.000000Z
2024,262.24969907407404,43.11802,-79.0606,2024-09-18T05:59:34.000000Z
2024,262.2497106481481,43.11802,-79.0606,2024-09-18T05:59:35.000000Z
2024,262.2497222222222,43.11803,-79.06057,2024-09-18T05:59:36.000000Z
2024,262.24973379629625,43.11805,-79.06054,2024-09-18T05:59:37.000000Z
2024,262.2497453703703,43.11806,-79.06052,2024-09-18T05:59:38.000000Z
2024,262.2497569444444,43.11807,-79.0605,2024-09-18T05:59:39.000000Z
2024,262.24976851851847,43.11804,-79.06047,2024-09-18T05:59:40.000000Z
2024,262.2497800925926,43.11803,-79.06046,2024-09-18T05:59:41.000000Z
2024,262.2497916666666,43.11803,-79.06044,2024-09-18T05:59:42.000000Z
2024,262.2498032407407,43.11803,-79.06042,2024-09-18T05:59:43.000000Z
2024,262.2498148148148,43.11802,-79.0604,2024-09-18T05:59:44.000000Z
2024,262.24982638888883,43.11802,-79.0604,2024-09-18T05:59:45.000000Z
2024,262.24983796296294,43.11802,-79.06039,2024-09-18T05:59:46.000000Z
2024,262.26004629629625,43.1182,-79.06028,2024-09-18T06:14:28.000000Z
2024,262.26005787037036,43.1182,-79.06029,2024-09-18T06:14:29.000000Z
2024,262.2600694444444,43.1182,-79.06029,2024-09-18T06:14:30.000000Z
2024,262.26008101851846,43.1182,-79.0603,2024-09-18T06:14:31.000000Z
2024,262.26009259259257,43.1182,-79.0603,2024-09-18T06:14:32.000000Z
2024,262.2601041666666,43.11819,-79.0603,2024-09-18T06:14:33.000000Z
2024,262.26011574074073,43.11819,-79.0603,2024-09-18T06:14:34.000000Z
2024,262.2601273148148,43.11818,-79.0603,2024-09-18T06:14:35.000000Z
2024,262.2601388888889,43.11818,-79.0603,2024-09-18T06:14:36.000000Z
2024,262.26015046296294,43.11818,-79.0603,2024-09-18T06:14:37.000000Z
2024,262.260162037037,43.11817,-79.0603,2024-09-18T06:14:38.000000Z
2024,262.2601736111111,43.11817,-79.06031,2024-09-18T06:14:39.000000Z
2024,262.26018518518515,43.11817,-79.06031,2024-09-18T06:14:40.000000Z
2024,262.26019675925926,43.11817,-79.06031,2024-09-18T06:14:41.000000Z
2024,262.2602083333333,43.11817,-79.06031,2024-09-18T06:14:42.000000Z
2024,262.26021990740736,43.11817,-79.06031,2024-09-18T06:14:43.000000Z
2024,262.26023148148147,43.11817,-79.06031,2024-09-18T06:14:44.000000Z
2024,262.2602430555555,43.11816,-79.06031,2024-09-18T06:14:45.000000Z
2024,262.2602546296296,43.11816,-79.06032,2024-09-18T06:14:46.000000Z
2024,262.27046296296294,43.11814,-79.0605,2024-09-18T06:29:28.000000Z
2024,262.27047453703705,43.11817,-79.06048,2024-09-18T06:29:29.000000Z
2024,262.2704861111111,43.11819,-79.06047,2024-09-18T06:29:30.000000Z
2024,262.27049768518515,43.1182,-79.06046,2024-09-18T06:29:31.000000Z
2024,262.27050925925926,43.11822,-79.06045,2024-09-18T06:29:32.000000Z
2024,262.2705208333333,43.11822,-79.06044,2024-09-18T06:29:33.000000Z
2024,262.2705324074074,43.11823,-79.06044,2024-09-18T06:29:34.000000Z
2024,262.27054398148147,43.11823,-79.06043,2024-09-18T06:29:35.000000Z
2024,262.2705555555556,43.11823,-79.06043,2024-09-18T06:29:36.000000Z
2024,262.2705671296296,43.11823,-79.06042,2024-09-18T06:29:37.000000Z
2024,262.2705787037037,43.11822,-79.06042,2024-09-18T06:29:38.000000Z
2024,262.2705902777778,43.11822,-79.06041,2024-09-18T06:29:39.000000Z
2024,262.27060185185184,43.11819,-79.06043,2024-09-18T06:29:40.000000Z
2024,262.27061342592594,43.11818,-79.06044,2024-09-18T06:29:41.000000Z
2024,262.270625,43.11817,-79.06044,2024-09-18T06:29:42.000000Z
2024,262.27063657407405,43.11817,-79.06044,2024-09-18T06:29:43.000000Z
2024,262.27064814814815,43.11817,-79.06044,2024-09-18T06:29:44.000000Z
2024,262.2706597222222,43.11816,-79.06044,2024-09-18T06:29:45.000000Z
2024,262.2706712962963,43.11816,-79.06044,2024-09-18T06:29:46.000000Z
2024,262.2808796296296,43.118,-79.06051,2024-09-18T06:44:28.000000Z
2024,262.28089120370373,43.118,-79.06051,2024-09-18T06:44:29.000000Z
2024,262.2809027777778,43.118,-79.0605,2024-09-18T06:44:30.000000Z
2024,262.28091435185183,43.118,-79.0605,2024-09-18T06:44:31.000000Z
2024,262.28092592592594,43.118,-79.0605,2024-09-18T06:44:32.000000Z
2024,262.2809375,43.118,-79.0605,2024-09-18T06:44:33.000000Z
2024,262.2809490740741,43.118,-79.06051,2024-09-18T06:44:34.000000Z
2024,262.28096064814815,43.118,-79.0605,2024-09-18T06:44:35.000000Z
2024,262.28097222222226,43.118,-79.0605,2024-09-18T06:44:36.000000Z
2024,262.2809837962963,43.118,-79.06051,2024-09-18T06:44:37.000000Z
2024,262.28099537037036,43.118,-79.06051,2024-09-18T06:44:38.000000Z
2024,262.28100694444447,43.118,-79.06051,2024-09-18T06:44:39.000000Z
2024,262.2810185185185,43.11798,-79.06052,2024-09-18T06:44:40.000000Z
2024,262.28103009259263,43.11798,-79.06052,2024-09-18T06:44:41.000000Z
2024,262.2810416666667,43.11797,-79.06052,2024-09-18T06:44:42.000000Z
2024,262.28105324074073,43.11797,-79.06053,2024-09-18T06:44:43.000000Z
2024,262.28106481481484,43.11796,-79.06053,2024-09-18T06:44:44.000000Z
2024,262.2810763888889,43.11796,-79.06053,2024-09-18T06:44:45.000000Z
2024,262.281087962963,43.11796,-79.06053,2024-09-18T06:44:46.000000Z
2024,262.29129629629625,43.11794,-79.06047,2024-09-18T06:59:28.000000Z
2024,262.29130787037036,43.11795,-79.06046,2024-09-18T06:59:29.000000Z
2024,262.2913194444444,43.11795,-79.06046,2024-09-18T06:59:30.000000Z
2024,262.29133101851846,43.11794,-79.06046,2024-09-18T06:59:31.000000Z
2024,262.29134259259257,43.11794,-79.06047,2024-09-18T06:59:32.000000Z
2024,262.2913541666666,43.11793,-79.06048,2024-09-18T06:59:33.000000Z
2024,262.29136574074073,43.11792,-79.0605,2024-09-18T06:59:34.000000Z
2024,262.2913773148148,43.11792,-79.0605,2024-09-18T06:59:35.000000Z
2024,262.2913888888889,43.11793,-79.0605,2024-09-18T06:59:36.000000Z
2024,262.29140046296294,43.11793,-79.06051,2024-09-18T06:59:37.000000Z
2024,262.291412037037,43.11793,-79.06051,2024-09-18T06:59:38.000000Z
2024,262.2914236111111,43.11793,-79.06051,2024-09-18T06:59:39.000000Z
2024,262.29143518518515,43.11793,-79.06052,2024-09-18T06:59:40.000000Z
2024,262.29144675925926,43.11793,-79.06052,2024-09-18T06:59:41.000000Z
2024,262.2914583333333,43.11793,-79.06052,2024-09-18T06:59:42.000000Z
2024,262.29146990740736,43.11793,-79.06053,2024-09-18T06:59:43.000000Z
2024,262.29148148148147,43.11793,-79.06053,2024-09-18T06:59:44.000000Z
2024,262.2914930555555,43.11793,-79.06053,2024-09-18T06:59:45.000000Z
2024,262.2915046296296,43.11793,-79.06053,2024-09-18T06:59:46.000000Z
2024,262.30171296296294,43.11784,-79.06057,2024-09-18T07:14:28.000000Z
2024,262.30172453703705,43.11784,-79.06057,2024-09-18T07:14:29.000000Z
2024,262.3017361111111,43.11784,-79.06057,2024-09-18T07:14:30.000000Z
2024,262.30174768518515,43.11784,-79.06057,2024-09-18T07:14:31.000000Z
2024,262.30175925925926,43.11784,-79.06057,2024-09-18T07:14:32.000000Z
2024,262.3017708333333,43.11783,-79.06057,2024-09-18T07:14:33.000000Z
2024,262.3017824074074,43.11783,-79.06058,2024-09-18T07:14:34.000000Z
2024,262.30179398148147,43.11783,-79.06059,2024-09-18T07:14:35.000000Z
2024,262.3018055555556,43.11783,-79.06059,2024-09-18T07:14:36.000000Z
2024,262.3018171296296,43.11783,-79.06059,2024-09-18T07:14:37.000000Z
2024,262.3018287037037,43.11783,-79.06059,2024-09-18T07:14:38.000000Z
2024,262.3018402777778,43.11783,-79.06059,2024-09-18T07:14:39.000000Z
2024,262.30185185185184,43.11783,-79.06059,2024-09-18T07:14:40.000000Z
2024,262.30186342592594,43.11783,-79.06059,2024-09-18T07:14:41.000000Z
2024,262.301875,43.11783,-79.06059,2024-09-18T07:14:42.000000Z
2024,262.30188657407405,43.11783,-79.06059,2024-09-18T07:14:43.000000Z
2024,262.30189814814815,43.11783,-79.06059,2024-09-18T07:14:44.000000Z
2024,262.3019097222222,43.11783,-79.06059,2024-09-18T07:14:45.000000Z
2024,262.3019212962963,43.11783,-79.06059,2024-09-18T07:14:46.000000Z
2024,262.3121296296296,43.11795,-79.06043,2024-09-18T07:29:28.000000Z
2024,262.31214120370373,43.11795,-79.06043,2024-09-18T07:29:29.000000Z
2024,262.3121527777778,43.11795,-79.06043,2024-09-18T07:29:30.000000Z
2024,262.31216435185183,43.11795,-79.06043,2024-09-18T07:29:31.000000Z
2024,262.31217592592594,43.11796,-79.06044,2024-09-18T07:29:32.000000Z
2024,262.3121875,43.11796,-79.06044,2024-09-18T07:29:33.000000Z
2024,262.31221064814815,43.11796,-79.06044,2024-09-18T07:29:35.000000Z
2024,262.31222222222226,43.11797,-79.06044,2024-09-18T07:29:36.000000Z
2024,262.3122337962963,43.11796,-79.06043,2024-09-18T07:29:37.000000Z
2024,262.31224537037036,43.11796,-79.06043,2024-09-18T07:29:38.000000Z
2024,262.31225694444447,43.11797,-79.06043,2024-09-18T07:29:39.000000Z
2024,262.3122685185185,43.11797,-79.06043,2024-09-18T07:29:40.000000Z
2024,262.31228009259263,43.11797,-79.06043,2024-09-18T07:29:41.000000Z
2024,262.3122916666667,43.11797,-79.06043,2024-09-18T07:29:42.000000Z
2024,262.31230324074073,43.11797,-79.06043,2024-09-18T07:29:43.000000Z
2024,262.31231481481484,43.11797,-79.06043,2024-09-18T07:29:44.000000Z
2024,262.3123263888889,43.11797,-79.06043,2024-09-18T07:29:45.000000Z
2024,262.312337962963,43.11797,-79.06043,2024-09-18T07:29:46.000000Z
2024,262.3225462962963,43.11783,-79.06044,2024-09-18T07:44:28.000000Z
2024,262.3225578703704,43.11783,-79.06044,2024-09-18T07:44:29.000000Z
2024,262.32256944444447,43.11783,-79.06044,2024-09-18T07:44:30.000000Z
2024,262.3225810185185,43.11783,-79.06044,2024-09-18T07:44:31.000000Z
2024,262.3225925925926,43.11783,-79.06044,2024-09-18T07:44:32.000000Z
2024,262.3226041666667,43.11783,-79.06044,2024-09-18T07:44:33.000000Z
2024,262.3226157407408,43.11783,-79.06043,2024-09-18T07:44:34.000000Z
2024,262.32262731481484,43.11783,-79.06043,2024-09-18T07:44:35.000000Z
2024,262.32263888888895,43.11783,-79.06042,2024-09-18T07:44:36.000000Z
2024,262.322650462963,43.11783,-79.06042,2024-09-18T07:44:37.000000Z
2024,262.32266203703705,43.11783,-79.06041,2024-09-18T07:44:38.000000Z
2024,262.32267361111116,43.11783,-79.06041,2024-09-18T07:44:39.000000Z
2024,262.3226851851852,43.11783,-79.06041,2024-09-18T07:44:40.000000Z
2024,262.3226967592593,43.11783,-79.06041,2024-09-18T07:44:41.000000Z
2024,262.32270833333337,43.11783,-79.06041,2024-09-18T07:44:42.000000Z
2024,262.3227199074074,43.11783,-79.0604,2024-09-18T07:44:43.000000Z
2024,262.3227314814815,43.11783,-79.0604,2024-09-18T07:44:44.000000Z
2024,262.3227430555556,43.11782,-79.0604,2024-09-18T07:44:45.000000Z
2024,262.3227546296297,43.11782,-79.0604,2024-09-18T07:44:46.000000Z
2024,262.33296296296294,43.11788,-79.06025,2024-09-18T07:59:28.000000Z
2024,262.33297453703705,43.11788,-79.06025,2024-09-18T07:59:29.000000Z
2024,262.3329861111111,43.11788,-79.06026,2024-09-18T07:59:30.000000Z
2024,262.33299768518515,43.11788,-79.06026,2024-09-18T07:59:31.000000Z
2024,262.33300925925926,43.11789,-79.06027,2024-09-18T07:59:32.000000Z
2024,262.3330208333333,43.11789,-79.06027,2024-09-18T07:59:33.000000Z
2024,262.3330324074074,43.11789,-79.06027,2024-09-18T07:59:34.000000Z
2024,262.33304398148147,43.11789,-79.06027,2024-09-18T07:59:35.000000Z
2024,262.3330555555556,43.11789,-79.06027,2024-09-18T07:59:36.000000Z
2024,262.3330671296296,43.11789,-79.06027,2024-09-18T07:59:37.000000Z
2024,262.3330787037037,43.11789,-79.06027,2024-09-18T07:59:38.000000Z
2024,262.3330902777778,43.1179,-79.06027,2024-09-18T07:59:39.000000Z
2024,262.33310185185184,43.1179,-79.06027,2024-09-18T07:59:40.000000Z
2024,262.33311342592594,43.1179,-79.06027,2024-09-18T07:59:41.000000Z
2024,262.333125,43.1179,-79.06027,2024-09-18T07:59:42.000000Z
2024,262.33313657407405,43.1179,-79.06027,2024-09-18T07:59:43.000000Z
2024,262.33314814814815,43.11791,-79.06027,2024-09-18T07:59:44.000000Z
2024,262.3331597222222,43.11791,-79.06027,2024-09-18T07:59:45.000000Z
2024,262.34337962962957,43.11796,-79.06025,2024-09-18T08:14:28.000000Z
2024,262.3433912037037,43.11796,-79.06027,2024-09-18T08:14:29.000000Z
2024,262.3434027777777,43.11797,-79.06027,2024-09-18T08:14:30.000000Z
2024,262.3434143518518,43.11797,-79.06028,2024-09-18T08:14:31.000000Z
2024,262.3434259259259,43.11797,-79.06027,2024-09-18T08:14:32.000000Z
2024,262.34343749999994,43.11797,-79.06027,2024-09-18T08:14:33.000000Z
2024,262.34344907407404,43.11798,-79.06026,2024-09-18T08:14:34.000000Z
2024,262.3434606481481,43.11798,-79.06026,2024-09-18T08:14:35.000000Z
2024,262.3434722222222,43.11798,-79.06026,2024-09-18T08:14:36.000000Z
2024,262.34348379629625,43.11798,-79.06026,2024-09-18T08:14:37.000000Z
2024,262.3434953703703,43.11797,-79.06025,2024-09-18T08:14:38.000000Z
2024,262.3435069444444,43.11797,-79.06026,2024-09-18T08:14:39.000000Z
2024,262.34351851851847,43.11796,-79.06027,2024-09-18T08:14:40.000000Z
2024,262.3435300925926,43.11796,-79.06027,2024-09-18T08:14:41.000000Z
2024,262.3435416666666,43.11795,-79.06027,2024-09-18T08:14:42.000000Z
2024,262.3435532407407,43.11795,-79.06027,2024-09-18T08:14:43.000000Z
2024,262.3435648148148,43.11795,-79.06027,2024-09-18T08:14:44.000000Z
2024,262.34357638888883,43.11795,-79.06028,2024-09-18T08:14:45.000000Z
2024,262.34358796296294,43.11794,-79.06027,2024-09-18T08:14:46.000000Z
2024,262.35379629629625,43.11794,-79.06018,2024-09-18T08:29:28.000000Z
2024,262.35380787037036,43.11793,-79.06019,2024-09-18T08:29:29.000000Z
2024,262.3538194444444,43.11793,-79.06018,2024-09-18T08:29:30.000000Z
2024,262.35383101851846,43.11793,-79.06017,2024-09-18T08:29:31.000000Z
2024,262.35384259259257,43.11793,-79.06017,2024-09-18T08:29:32.000000Z
2024,262.3538773148148,43.11792,-79.06016,2024-09-18T08:29:35.000000Z
2024,262.3538888888889,43.11792,-79.06016,2024-09-18T08:29:36.000000Z
2024,262.35390046296294,43.11792,-79.06016,2024-09-18T08:29:37.000000Z
2024,262.353912037037,43.11792,-79.06015,2024-09-18T08:29:38.000000Z
2024,262.3539236111111,43.11792,-79.06015,2024-09-18T08:29:39.000000Z
2024,262.35393518518515,43.11792,-79.06019,2024-09-18T08:29:40.000000Z
2024,262.35394675925926,43.11791,-79.06021,2024-09-18T08:29:41.000000Z
2024,262.3539583333333,43.11791,-79.06024,2024-09-18T08:29:42.000000Z
2024,262.35396990740736,43.11791,-79.06025,2024-09-18T08:29:43.000000Z
2024,262.35398148148147,43.11792,-79.06025,2024-09-18T08:29:44.000000Z
2024,262.3539930555555,43.11791,-79.06026,2024-09-18T08:29:45.000000Z
2024,262.3540046296296,43.11791,-79.06027,2024-09-18T08:29:46.000000Z
2024,262.3540162037037,43.11791,-79.06027,2024-09-18T08:29:47.000000Z
2024,262.35402777777773,43.11791,-79.06027,2024-09-18T08:29:48.000000Z
2024,262.36421296296294,43.11796,-79.06024,2024-09-18T08:44:28.000000Z
2024,262.36422453703705,43.11796,-79.06025,2024-09-18T08:44:29.000000Z
2024,262.3642361111111,43.11796,-79.06026,2024-09-18T08:44:30.000000Z
2024,262.36424768518515,43.11796,-79.06026,2024-09-18T08:44:31.000000Z
2024,262.36425925925926,43.11796,-79.06027,2024-09-18T08:44:32.000000Z
2024,262.3642708333333,43.11796,-79.06027,2024-09-18T08:44:33.000000Z
2024,262.3642824074074,43.11796,-79.06027,2024-09-18T08:44:34.000000Z
2024,262.36429398148147,43.11796,-79.06027,2024-09-18T08:44:35.000000Z
2024,262.3643287037037,43.11796,-79.06027,2024-09-18T08:44:38.000000Z
2024,262.3643402777778,43.11796,-79.06027,2024-09-18T08:44:39.000000Z
2024,262.36435185185184,43.11796,-79.06027,2024-09-18T08:44:40.000000Z
2024,262.36436342592594,43.11796,-79.06027,2024-09-18T08:44:41.000000Z
2024,262.364375,43.11796,-79.06026,2024-09-18T08:44:42.000000Z
2024,262.36438657407405,43.11796,-79.06026,2024-09-18T08:44:43.000000Z
2024,262.36439814814815,43.11796,-79.06025,2024-09-18T08:44:44.000000Z
2024,262.3644097222222,43.11796,-79.06025,2024-09-18T08:44:45.000000Z
2024,262.3644212962963,43.11796,-79.06024,2024-09-18T08:44:46.000000Z
2024,262.36443287037036,43.11796,-79.06024,2024-09-18T08:44:47.000000Z
2024,262.3644444444444,43.11796,-79.06024,2024-09-18T08:44:48.000000Z
2024,262.37462962962957,43.11792,-79.06023,2024-09-18T08:59:28.000000Z
2024,262.3746412037037,43.11792,-79.06024,2024-09-18T08:59:29.000000Z
2024,262.3746527777777,43.11793,-79.06024,2024-09-18T08:59:30.000000Z
2024,262.3746643518518,43.11793,-79.06024,2024-09-18T08:59:31.000000Z
2024,262.3746759259259,43.11793,-79.06024,2024-09-18T08:59:32.000000Z
2024,262.37468749999994,43.11793,-79.06024,2024-09-18T08:59:33.000000Z
2024,262.37469907407404,43.11793,-79.06025,2024-09-18T08:59:34.000000Z
2024,262.3747106481481,43.11793,-79.06025,2024-09-18T08:59:35.000000Z
2024,262.3747222222222,43.11794,-79.06026,2024-09-18T08:59:36.000000Z
2024,262.37473379629625,43.11794,-79.06025,2024-09-18T08:59:37.000000Z
2024,262.3747453703703,43.11794,-79.06026,2024-09-18T08:59:38.000000Z
2024,262.3747569444444,43.11794,-79.06026,2024-09-18T08:59:39.000000Z
2024,262.37476851851847,43.11794,-79.06026,2024-09-18T08:59:40.000000Z
2024,262.3747800925926,43.11794,-79.06026,2024-09-18T08:59:41.000000Z
2024,262.3747916666666,43.11794,-79.06026,2024-09-18T08:59:42.000000Z
2024,262.3748032407407,43.11794,-79.06027,2024-09-18T08:59:43.000000Z
2024,262.3748148148148,43.11794,-79.06027,2024-09-18T08:59:44.000000Z
2024,262.37482638888883,43.11794,-79.06027,2024-09-18T08:59:45.000000Z
2024,262.37483796296294,43.11794,-79.06026,2024-09-18T08:59:46.000000Z
2024,262.38504629629625,43.11784,-79.0604,2024-09-18T09:14:28.000000Z
2024,262.38505787037036,43.11783,-79.06041,2024-09-18T09:14:29.000000Z
2024,262.3850694444444,43.11783,-79.0604,2024-09-18T09:14:30.000000Z
2024,262.38508101851846,43.11783,-79.0604,2024-09-18T09:14:31.000000Z
2024,262.38509259259257,43.11782,-79.06041,2024-09-18T09:14:32.000000Z
2024,262.3851041666666,43.11782,-79.06041,2024-09-18T09:14:33.000000Z
2024,262.38511574074073,43.11782,-79.06041,2024-09-18T09:14:34.000000Z
2024,262.3851273148148,43.11782,-79.06042,2024-09-18T09:14:35.000000Z
2024,262.3851388888889,43.11782,-79.06042,2024-09-18T09:14:36.000000Z
2024,262.38515046296294,43.11782,-79.06042,2024-09-18T09:14:37.000000Z
2024,262.385162037037,43.11782,-79.06042,2024-09-18T09:14:38.000000Z
2024,262.3851736111111,43.11782,-79.06042,2024-09-18T09:14:39.000000Z
2024,262.38518518518515,43.11783,-79.06043,2024-09-18T09:14:40.000000Z
2024,262.38519675925926,43.11783,-79.06043,2024-09-18T09:14:41.000000Z
2024,262.3852083333333,43.11783,-79.06043,2024-09-18T09:14:42.000000Z
2024,262.38521990740736,43.11784,-79.06043,2024-09-18T09:14:43.000000Z
2024,262.38523148148147,43.11784,-79.06044,2024-09-18T09:14:44.000000Z
2024,262.3852430555555,43.11784,-79.06044,2024-09-18T09:14:45.000000Z
2024,262.3852546296296,43.11785,-79.06044,2024-09-18T09:14:46.000000Z
2024,262.39546296296294,43.11785,-79.06044,2024-09-18T09:29:28.000000Z
2024,262.39549768518515,43.11786,-79.06044,2024-09-18T09:29:31.000000Z
2024,262.39550925925926,43.11786,-79.06044,2024-09-18T09:29:32.000000Z
2024,262.3955208333333,43.11786,-79.06045,2024-09-18T09:29:33.000000Z
2024,262.3955324074074,43.11786,-79.06045,2024-09-18T09:29:34.000000Z
2024,262.3955671296296,43.11787,-79.06044,2024-09-18T09:29:37.000000Z
2024,262.3955787037037,43.11787,-79.06044,2024-09-18T09:29:38.000000Z
2024,262.3955902777778,43.11787,-79.06044,2024-09-18T09:29:39.000000Z
2024,262.39560185185184,43.11787,-79.06045,2024-09-18T09:29:40.000000Z
2024,262.39563657407405,43.11787,-79.06045,2024-09-18T09:29:43.000000Z
2024,262.39564814814815,43.11787,-79.06046,2024-09-18T09:29:44.000000Z
2024,262.3956597222222,43.11787,-79.06047,2024-09-18T09:29:45.000000Z
2024,262.3956712962963,43.11788,-79.06047,2024-09-18T09:29:46.000000Z
2024,262.39568287037036,43.11788,-79.06047,2024-09-18T09:29:47.000000Z
2024,262.3956944444444,43.11788,-79.06048,2024-09-18T09:29:48.000000Z
2024,262.3957060185185,43.11788,-79.06047,2024-09-18T09:29:49.000000Z
2024,262.3957175925926,43.11788,-79.06048,2024-09-18T09:29:50.000000Z
2024,262.3957291666667,43.11788,-79.06048,2024-09-18T09:29:51.000000Z
2024,262.39574074074073,43.11789,-79.06049,2024-09-18T09:29:52.000000Z
2024,262.4058796296296,43.11793,-79.0605,2024-09-18T09:44:28.000000Z
2024,262.40589120370373,43.11792,-79.0605,2024-09-18T09:44:29.000000Z
2024,262.4059027777778,43.11792,-79.0605,2024-09-18T09:44:30.000000Z
2024,262.40591435185183,43.11792,-79.0605,2024-09-18T09:44:31.000000Z
2024,262.40592592592594,43.11792,-79.0605,2024-09-18T09:44:32.000000Z
2024,262.4059375,43.11792,-79.0605,2024-09-18T09:44:33.000000Z
2024,262.4059490740741,43.11792,-79.0605,2024-09-18T09:44:34.000000Z
2024,262.40596064814815,43.11792,-79.0605,2024-09-18T09:44:35.000000Z
2024,262.40597222222226,43.11792,-79.0605,2024-09-18T09:44:36.000000Z
2024,262.4059837962963,43.11792,-79.0605,2024-09-18T09:44:37.000000Z
2024,262.40599537037036,43.11791,-79.0605,2024-09-18T09:44:38.000000Z
2024,262.40600694444447,43.11791,-79.0605,2024-09-18T09:44:39.000000Z
2024,262.4060185185185,43.11791,-79.0605,2024-09-18T09:44:40.000000Z
2024,262.40603009259263,43.11791,-79.0605,2024-09-18T09:44:41.000000Z
2024,262.4060416666667,43.11791,-79.0605,2024-09-18T09:44:42.000000Z
2024,262.40605324074073,43.11791,-79.0605,2024-09-18T09:44:43.000000Z
2024,262.40606481481484,43.11791,-79.0605,2024-09-18T09:44:44.000000Z
2024,262.4060763888889,43.11791,-79.0605,2024-09-18T09:44:45.000000Z
2024,262.406087962963,43.11791,-79.0605,2024-09-18T09:44:46.000000Z
2024,262.41629629629625,43.11784,-79.06053,2024-09-18T09:59:28.000000Z
2024,262.41630787037036,43.11784,-79.06053,2024-09-18T09:59:29.000000Z
2024,262.4163194444444,43.11785,-79.06053,2024-09-18T09:59:30.000000Z
2024,262.41633101851846,43.11785,-79.06053,2024-09-18T09:59:31.000000Z
2024,262.41634259259257,43.11785,-79.06053,2024-09-18T09:59:32.000000Z
2024,262.4163541666666,43.11785,-79.06053,2024-09-18T09:59:33.000000Z
2024,262.41636574074073,43.11785,-79.06053,2024-09-18T09:59:34.000000Z
2024,262.4163773148148,43.11785,-79.06053,2024-09-18T09:59:35.000000Z
2024,262.4163888888889,43.11785,-79.06053,2024-09-18T09:59:36.000000Z
2024,262.41640046296294,43.11786,-79.06053,2024-09-18T09:59:37.000000Z
2024,262.416412037037,43.11786,-79.06053,2024-09-18T09:59:38.000000Z
2024,262.4164236111111,43.11786,-79.06053,2024-09-18T09:59:39.000000Z
2024,262.41643518518515,43.11786,-79.06053,2024-09-18T09:59:40.000000Z
2024,262.41644675925926,43.11786,-79.06053,2024-09-18T09:59:41.000000Z
2024,262.4164583333333,43.11787,-79.06053,2024-09-18T09:59:42.000000Z
2024,262.41646990740736,43.11787,-79.06053,2024-09-18T09:59:43.000000Z
2024,262.41648148148147,43.11787,-79.06052,2024-09-18T09:59:44.000000Z
2024,262.4164930555555,43.11787,-79.06052,2024-09-18T09:59:45.000000Z
2024,262.4165046296296,43.11787,-79.06051,2024-09-18T09:59:46.000000Z
2024,262.4267013888889,43.11796,-79.0605,2024-09-18T10:14:27.000000Z
2024,262.42671296296294,43.11796,-79.0605,2024-09-18T10:14:28.000000Z
2024,262.42672453703705,43.11796,-79.0605,2024-09-18T10:14:29.000000Z
2024,262.4267361111111,43.11796,-79.0605,2024-09-18T10:14:30.000000Z
2024,262.42674768518515,43.11796,-79.0605,2024-09-18T10:14:31.000000Z
2024,262.42675925925926,43.11795,-79.0605,2024-09-18T10:14:32.000000Z
2024,262.4267708333333,43.11795,-79.0605,2024-09-18T10:14:33.000000Z
2024,262.4267824074074,43.11795,-79.0605,2024-09-18T10:14:34.000000Z
2024,262.42679398148147,43.11795,-79.0605,2024-09-18T10:14:35.000000Z
2024,262.4268055555556,43.11795,-79.0605,2024-09-18T10:14:36.000000Z
2024,262.4268171296296,43.11795,-79.0605,2024-09-18T10:14:37.000000Z
2024,262.4268287037037,43.11795,-79.0605,2024-09-18T10:14:38.000000Z
2024,262.4268402777778,43.11795,-79.0605,2024-09-18T10:14:39.000000Z
2024,262.42685185185184,43.11795,-79.0605,2024-09-18T10:14:40.000000Z
2024,262.42686342592594,43.11795,-79.0605,2024-09-18T10:14:41.000000Z
2024,262.426875,43.11795,-79.0605,2024-09-18T10:14:42.000000Z
2024,262.42688657407405,43.11794,-79.06049,2024-09-18T10:14:43.000000Z
2024,262.42689814814815,43.11794,-79.06049,2024-09-18T10:14:44.000000Z
2024,262.4269097222222,43.11794,-79.06048,2024-09-18T10:14:45.000000Z
2024,262.4269212962963,43.11794,-79.06048,2024-09-18T10:14:46.000000Z
2024,262.4371180555556,43.11794,-79.06045,2024-09-18T10:29:27.000000Z
2024,262.4371296296296,43.11794,-79.06045,2024-09-18T10:29:28.000000Z
2024,262.43714120370373,43.11794,-79.06045,2024-09-18T10:29:29.000000Z
2024,262.4371527777778,43.11794,-79.06045,2024-09-18T10:29:30.000000Z
2024,262.43716435185183,43.11794,-79.06045,2024-09-18T10:29:31.000000Z
2024,262.43717592592594,43.11794,-79.06045,2024-09-18T10:29:32.000000Z
2024,262.4371875,43.11794,-79.06045,2024-09-18T10:29:33.000000Z
2024,262.4371990740741,43.11794,-79.06045,2024-09-18T10:29:34.000000Z
2024,262.43721064814815,43.11794,-79.06045,2024-09-18T10:29:35.000000Z
2024,262.43722222222226,43.11793,-79.06045,2024-09-18T10:29:36.000000Z
2024,262.4372337962963,43.11793,-79.06044,2024-09-18T10:29:37.000000Z
2024,262.43724537037036,43.11793,-79.06044,2024-09-18T10:29:38.000000Z
2024,262.43725694444447,43.11793,-79.06044,2024-09-18T10:29:39.000000Z
2024,262.4372685185185,43.11793,-79.06044,2024-09-18T10:29:40.000000Z
2024,262.43728009259263,43.11793,-79.06044,2024-09-18T10:29:41.000000Z
2024,262.4372916666667,43.11793,-79.06044,2024-09-18T10:29:42.000000Z
2024,262.43730324074073,43.11793,-79.06044,2024-09-18T10:29:43.000000Z
2024,262.43731481481484,43.11793,-79.06044,2024-09-18T10:29:44.000000Z
2024,262.4373263888889,43.11793,-79.06044,2024-09-18T10:29:45.000000Z
2024,262.437337962963,43.11793,-79.06044,2024-09-18T10:29:46.000000Z
2024,262.44753472222226,43.11792,-79.0604,2024-09-18T10:44:27.000000Z
2024,262.4475462962963,43.11792,-79.0604,2024-09-18T10:44:28.000000Z
2024,262.4475578703704,43.11792,-79.0604,2024-09-18T10:44:29.000000Z
2024,262.44756944444447,43.11791,-79.0604,2024-09-18T10:44:30.000000Z
2024,262.4475810185185,43.11791,-79.0604,2024-09-18T10:44:31.000000Z
2024,262.4475925925926,43.11791,-79.0604,2024-09-18T10:44:32.000000Z
2024,262.4476041666667,43.11791,-79.0604,2024-09-18T10:44:33.000000Z
2024,262.4476157407408,43.11791,-79.0604,2024-09-18T10:44:34.000000Z
2024,262.44762731481484,43.11791,-79.06041,2024-09-18T10:44:35.000000Z
2024,262.44763888888895,43.11791,-79.06041,2024-09-18T10:44:36.000000Z
2024,262.447650462963,43.11791,-79.06041,2024-09-18T10:44:37.000000Z
2024,262.44766203703705,43.11791,-79.06041,2024-09-18T10:44:38.000000Z
2024,262.44767361111116,43.1179,-79.06041,2024-09-18T10:44:39.000000Z
2024,262.4476851851852,43.1179,-79.06041,2024-09-18T10:44:40.000000Z
2024,262.4476967592593,43.1179,-79.06041,2024-09-18T10:44:41.000000Z
2024,262.44770833333337,43.1179,-79.06041,2024-09-18T10:44:42.000000Z
2024,262.4477199074074,43.1179,-79.06041,2024-09-18T10:44:43.000000Z
2024,262.4477314814815,43.1179,-79.06041,2024-09-18T10:44:44.000000Z
2024,262.4477430555556,43.1179,-79.06041,2024-09-18T10:44:45.000000Z
2024,262.4477546296297,43.1179,-79.06041,2024-09-18T10:44:46.000000Z
2024,262.4579513888889,43.11787,-79.06044,2024-09-18T10:59:27.000000Z
2024,262.45796296296294,43.11787,-79.06044,2024-09-18T10:59:28.000000Z
2024,262.45797453703705,43.11788,-79.06044,2024-09-18T10:59:29.000000Z
2024,262.4579861111111,43.11788,-79.06044,2024-09-18T10:59:30.000000Z
2024,262.45799768518515,43.11788,-79.06044,2024-09-18T10:59:31.000000Z
2024,262.45800925925926,43.11788,-79.06044,2024-09-18T10:59:32.000000Z
2024,262.4580208333333,43.11788,-79.06044,2024-09-18T10:59:33.000000Z
2024,262.4580324074074,43.11789,-79.06043,2024-09-18T10:59:34.000000Z
2024,262.45804398148147,43.11789,-79.06043,2024-09-18T10:59:35.000000Z
2024,262.4580555555556,43.11789,-79.06043,2024-09-18T10:59:36.000000Z
2024,262.4580671296296,43.11789,-79.06043,2024-09-18T10:59:37.000000Z
2024,262.4580787037037,43.11789,-79.06042,2024-09-18T10:59:38.000000Z
2024,262.4580902777778,43.11789,-79.06042,2024-09-18T10:59:39.000000Z
2024,262.45810185185184,43.11789,-79.06041,2024-09-18T10:59:40.000000Z
2024,262.45811342592594,43.1179,-79.06041,2024-09-18T10:59:41.000000Z
2024,262.458125,43.1179,-79.0604,2024-09-18T10:59:42.000000Z
2024,262.45813657407405,43.1179,-79.0604,2024-09-18T10:59:43.000000Z
2024,262.45814814814815,43.1179,-79.0604,2024-09-18T10:59:44.000000Z
2024,262.4581597222222,43.1179,-79.0604,2024-09-18T10:59:45.000000Z
2024,262.4581712962963,43.1179,-79.0604,2024-09-18T10:59:46.000000Z
2024,262.4683680555555,43.11788,-79.06034,2024-09-18T11:14:27.000000Z
2024,262.46837962962957,43.11788,-79.06034,2024-09-18T11:14:28.000000Z
2024,262.4683912037037,43.11788,-79.06034,2024-09-18T11:14:29.000000Z
2024,262.4684027777777,43.11788,-79.06034,2024-09-18T11:14:30.000000Z
2024,262.4684143518518,43.11788,-79.06034,2024-09-18T11:14:31.000000Z
2024,262.4684259259259,43.11789,-79.06034,2024-09-18T11:14:32.000000Z
2024,262.46843749999994,43.11789,-79.06034,2024-09-18T11:14:33.000000Z
2024,262.46844907407404,43.1179,-79.06034,2024-09-18T11:14:34.000000Z
2024,262.4684606481481,43.1179,-79.06034,2024-09-18T11:14:35.000000Z
2024,262.4684722222222,43.1179,-79.06034,2024-09-18T11:14:36.000000Z
2024,262.46848379629625,43.1179,-79.06034,2024-09-18T11:14:37.000000Z
2024,262.4684953703703,43.1179,-79.06034,2024-09-18T11:14:38.000000Z
2024,262.4685069444444,43.1179,-79.06033,2024-09-18T11:14:39.000000Z
2024,262.46851851851847,43.1179,-79.06033,2024-09-18T11:14:40.000000Z
2024,262.4685300925926,43.1179,-79.06034,2024-09-18T11:14:41.000000Z
2024,262.4685416666666,43.1179,-79.06034,2024-09-18T11:14:42.000000Z
2024,262.4685532407407,43.11791,-79.06034,2024-09-18T11:14:43.000000Z
2024,262.4685648148148,43.11791,-79.06034,2024-09-18T11:14:44.000000Z
2024,262.46857638888883,43.11791,-79.06034,2024-09-18T11:14:45.000000Z
2024,262.46858796296294,43.11791,-79.06033,2024-09-18T11:14:46.000000Z
2024,262.4787847222222,43.11795,-79.06043,2024-09-18T11:29:27.000000Z
2024,262.47879629629625,43.11794,-79.06043,2024-09-18T11:29:28.000000Z
2024,262.47880787037036,43.11793,-79.06044,2024-09-18T11:29:29.000000Z
2024,262.4788194444444,43.11792,-79.06044,2024-09-18T11:29:30.000000Z
2024,262.47883101851846,43.11791,-79.06044,2024-09-18T11:29:31.000000Z
2024,262.47884259259257,43.11791,-79.06044,2024-09-18T11:29:32.000000Z
2024,262.4788541666666,43.1179,-79.06045,2024-09-18T11:29:33.000000Z
2024,262.47886574074073,43.1179,-79.06045,2024-09-18T11:29:34.000000Z
2024,262.4788773148148,43.11789,-79.06045,2024-09-18T11:29:35.000000Z
2024,262.4788888888889,43.11789,-79.06045,2024-09-18T11:29:36.000000Z
2024,262.47890046296294,43.11789,-79.06045,2024-09-18T11:29:37.000000Z
2024,262.478912037037,43.11788,-79.06045,2024-09-18T11:29:38.000000Z
2024,262.4789236111111,43.11788,-79.06045,2024-09-18T11:29:39.000000Z
2024,262.47893518518515,43.11788,-79.06045,2024-09-18T11:29:40.000000Z
2024,262.47894675925926,43.11788,-79.06045,2024-09-18T11:29:41.000000Z
2024,262.4789583333333,43.11788,-79.06045,2024-09-18T11:29:42.000000Z
2024,262.47896990740736,43.11788,-79.06045,2024-09-18T11:29:43.000000Z
2024,262.47898148148147,43.11788,-79.06045,2024-09-18T11:29:44.000000Z
2024,262.4789930555555,43.11788,-79.06044,2024-09-18T11:29:45.000000Z
2024,262.4790046296296,43.11788,-79.06044,2024-09-18T11:29:46.000000Z
2024,262.4892013888889,43.11792,-79.06045,2024-09-18T11:44:27.000000Z
2024,262.48921296296294,43.11792,-79.06045,2024-09-18T11:44:28.000000Z
2024,262.48922453703705,43.11792,-79.06045,2024-09-18T11:44:29.000000Z
2024,262.4892361111111,43.11791,-79.06044,2024-09-18T11:44:30.000000Z
2024,262.48924768518515,43.11791,-79.06044,2024-09-18T11:44:31.000000Z
2024,262.48925925925926,43.11792,-79.06044,2024-09-18T11:44:32.000000Z
2024,262.4892708333333,43.11792,-79.06044,2024-09-18T11:44:33.000000Z
2024,262.4892824074074,43.11792,-79.06044,2024-09-18T11:44:34.000000Z
2024,262.4893055555556,43.11792,-79.06044,2024-09-18T11:44:36.000000Z
2024,262.4893171296296,43.11792,-79.06044,2024-09-18T11:44:37.000000Z
2024,262.4893287037037,43.11792,-79.06043,2024-09-18T11:44:38.000000Z
2024,262.4893402777778,43.11792,-79.06043,2024-09-18T11:44:39.000000Z
2024,262.48935185185184,43.11792,-79.06043,2024-09-18T11:44:40.000000Z
2024,262.48936342592594,43.11792,-79.06042,2024-09-18T11:44:41.000000Z
2024,262.489375,43.11792,-79.06042,2024-09-18T11:44:42.000000Z
2024,262.48938657407405,43.11792,-79.06041,2024-09-18T11:44:43.000000Z
2024,262.48939814814815,43.11792,-79.06041,2024-09-18T11:44:44.000000Z
2024,262.4894097222222,43.11792,-79.06041,2024-09-18T11:44:45.000000Z
2024,262.4894212962963,43.11792,-79.0604,2024-09-18T11:44:46.000000Z
2024,262.4996180555555,43.11796,-79.06035,2024-09-18T11:59:27.000000Z
2024,262.49962962962957,43.11797,-79.06035,2024-09-18T11:59:28.000000Z
2024,262.4996412037037,43.11798,-79.06034,2024-09-18T11:59:29.000000Z
2024,262.4996527777777,43.11798,-79.06035,2024-09-18T11:59:30.000000Z
2024,262.4996643518518,43.11798,-79.06034,2024-09-18T11:59:31.000000Z
2024,262.4996759259259,43.11798,-79.06034,2024-09-18T11:59:32.000000Z
2024,262.49968749999994,43.11798,-79.06033,2024-09-18T11:59:33.000000Z
2024,262.49969907407404,43.11797,-79.06032,2024-09-18T11:59:34.000000Z
2024,262.4997106481481,43.11798,-79.06031,2024-09-18T11:59:35.000000Z
2024,262.4997222222222,43.11797,-79.06031,2024-09-18T11:59:36.000000Z
2024,262.49973379629625,43.11797,-79.0603,2024-09-18T11:59:37.000000Z
2024,262.4997453703703,43.11797,-79.06029,2024-09-18T11:59:38.000000Z
2024,262.4997569444444,43.11797,-79.06028,2024-09-18T11:59:39.000000Z
2024,262.49976851851847,43.11797,-79.06027,2024-09-18T11:59:40.000000Z
2024,262.4997800925926,43.11797,-79.06027,2024-09-18T11:59:41.000000Z
2024,262.4997916666666,43.11797,-79.06026,2024-09-18T11:59:42.000000Z
2024,262.4998032407407,43.11797,-79.06025,2024-09-18T11:59:43.000000Z
2024,262.4998148148148,43.11797,-79.06024,2024-09-18T11:59:44.000000Z
2024,262.49982638888883,43.11797,-79.06024,2024-09-18T11:59:45.000000Z
2024,262.49983796296294,43.11797,-79.06024,2024-09-18T11:59:46.000000Z
2024,262.5100347222222,43.11795,-79.06021,2024-09-18T12:14:27.000000Z
2024,262.51004629629625,43.11795,-79.06023,2024-09-18T12:14:28.000000Z
2024,262.51005787037036,43.11796,-79.06024,2024-09-18T12:14:29.000000Z
2024,262.5100694444444,43.11796,-79.06024,2024-09-18T12:14:30.000000Z
2024,262.51008101851846,43.11796,-79.06025,2024-09-18T12:14:31.000000Z
2024,262.51009259259257,43.11796,-79.06025,2024-09-18T12:14:32.000000Z
2024,262.5101041666666,43.11796,-79.06026,2024-09-18T12:14:33.000000Z
2024,262.51011574074073,43.11796,-79.06026,2024-09-18T12:14:34.000000Z
2024,262.5101273148148,43.11796,-79.06026,2024-09-18T12:14:35.000000Z
2024,262.5101388888889,43.11796,-79.06026,2024-09-18T12:14:36.000000Z
2024,262.51015046296294,43.11796,-79.06026,2024-09-18T12:14:37.000000Z
2024,262.510162037037,43.11795,-79.06026,2024-09-18T12:14:38.000000Z
2024,262.5101736111111,43.11795,-79.06026,2024-09-18T12:14:39.000000Z
2024,262.51018518518515,43.11796,-79.06027,2024-09-18T12:14:40.000000Z
2024,262.51019675925926,43.11796,-79.06027,2024-09-18T12:14:41.000000Z
2024,262.5102083333333,43.11796,-79.06027,2024-09-18T12:14:42.000000Z
2024,262.51021990740736,43.11796,-79.06027,2024-09-18T12:14:43.000000Z
2024,262.51023148148147,43.11796,-79.06027,2024-09-18T12:14:44.000000Z
2024,262.5102430555555,43.11796,-79.06027,2024-09-18T12:14:45.000000Z
2024,262.5102546296296,43.11796,-79.06027,2024-09-18T12:14:46.000000Z
2024,262.5204513888889,43.11789,-79.06018,2024-09-18T12:29:27.000000Z
2024,262.52046296296294,43.11789,-79.06017,2024-09-18T12:29:28.000000Z
2024,262.52047453703705,43.11789,-79.06017,2024-09-18T12:29:29.000000Z
2024,262.5204861111111,43.11789,-79.06017,2024-09-18T12:29:30.000000Z
2024,262.52049768518515,43.11789,-79.06018,2024-09-18T12:29:31.000000Z
2024,262.52050925925926,43.11789,-79.06018,2024-09-18T12:29:32.000000Z
2024,262.5205208333333,43.11789,-79.06019,2024-09-18T12:29:33.000000Z
2024,262.5205324074074,43.11789,-79.0602,2024-09-18T12:29:34.000000Z
2024,262.52054398148147,43.11789,-79.0602,2024-09-18T12:29:35.000000Z
2024,262.5205555555556,43.11789,-79.06021,2024-09-18T12:29:36.000000Z
2024,262.5205671296296,43.11789,-79.06021,2024-09-18T12:29:37.000000Z
2024,262.5205787037037,43.11789,-79.06021,2024-09-18T12:29:38.000000Z
2024,262.5205902777778,43.11788,-79.06021,2024-09-18T12:29:39.000000Z
2024,262.52060185185184,43.11789,-79.06021,2024-09-18T12:29:40.000000Z
2024,262.52061342592594,43.11789,-79.06021,2024-09-18T12:29:41.000000Z
2024,262.520625,43.11789,-79.06021,2024-09-18T12:29:42.000000Z
2024,262.52063657407405,43.11789,-79.06021,2024-09-18T12:29:43.000000Z
2024,262.52064814814815,43.1179,-79.06021,2024-09-18T12:29:44.000000Z
2024,262.5206597222222,43.1179,-79.06021,2024-09-18T12:29:45.000000Z
2024,262.5206712962963,43.1179,-79.06021,2024-09-18T12:29:46.000000Z
2024,262.5308680555556,43.11793,-79.06011,2024-09-18T12:44:27.000000Z
2024,262.5308796296296,43.11796,-79.06012,2024-09-18T12:44:28.000000Z
2024,262.53089120370373,43.11794,-79.06013,2024-09-18T12:44:29.000000Z
2024,262.5309027777778,43.11795,-79.06014,2024-09-18T12:44:30.000000Z
2024,262.53091435185183,43.11794,-79.06013,2024-09-18T12:44:31.000000Z
2024,262.53092592592594,43.11793,-79.06015,2024-09-18T12:44:32.000000Z
2024,262.5309375,43.11793,-79.06015,2024-09-18T12:44:33.000000Z
2024,262.5309490740741,43.11793,-79.06016,2024-09-18T12:44:34.000000Z
2024,262.53096064814815,43.11793,-79.06016,2024-09-18T12:44:35.000000Z
2024,262.53097222222226,43.11794,-79.06017,2024-09-18T12:44:36.000000Z
2024,262.5309837962963,43.11794,-79.06017,2024-09-18T12:44:37.000000Z
2024,262.53099537037036,43.11795,-79.06017,2024-09-18T12:44:38.000000Z
2024,262.53100694444447,43.11795,-79.06017,2024-09-18T12:44:39.000000Z
2024,262.5310185185185,43.11795,-79.06017,2024-09-18T12:44:40.000000Z
2024,262.53103009259263,43.11796,-79.06018,2024-09-18T12:44:41.000000Z
2024,262.5310416666667,43.11796,-79.06018,2024-09-18T12:44:42.000000Z
2024,262.53105324074073,43.11796,-79.06018,2024-09-18T12:44:43.000000Z
2024,262.53106481481484,43.11796,-79.06018,2024-09-18T12:44:44.000000Z
2024,262.5310763888889,43.11796,-79.06018,2024-09-18T12:44:45.000000Z
2024,262.531087962963,43.11796,-79.06018,2024-09-18T12:44:46.000000Z
2024,262.5412847222222,43.1178,-79.06016,2024-09-18T12:59:27.000000Z
2024,262.54129629629625,43.1178,-79.06017,2024-09-18T12:59:28.000000Z
2024,262.54130787037036,43.11779,-79.06015,2024-09-18T12:59:29.000000Z
2024,262.5413194444444,43.11779,-79.06017,2024-09-18T12:59:30.000000Z
2024,262.54133101851846,43.11779,-79.06016,2024-09-18T12:59:31.000000Z
2024,262.54134259259257,43.11779,-79.06016,2024-09-18T12:59:32.000000Z
2024,262.5413541666666,43.11779,-79.06016,2024-09-18T12:59:33.000000Z
2024,262.54136574074073,43.11779,-79.06016,2024-09-18T12:59:34.000000Z
2024,262.5413773148148,43.1178,-79.06015,2024-09-18T12:59:35.000000Z
2024,262.5413888888889,43.1178,-79.06015,2024-09-18T12:59:36.000000Z
2024,262.54140046296294,43.1178,-79.06015,2024-09-18T12:59:37.000000Z
2024,262.541412037037,43.11779,-79.06015,2024-09-18T12:59:38.000000Z
2024,262.5414236111111,43.1178,-79.06015,2024-09-18T12:59:39.000000Z
2024,262.54143518518515,43.1178,-79.06014,2024-09-18T12:59:40.000000Z
2024,262.54144675925926,43.1178,-79.06014,2024-09-18T12:59:41.000000Z
2024,262.5414583333333,43.11781,-79.06014,2024-09-18T12:59:42.000000Z
2024,262.54146990740736,43.11781,-79.06015,2024-09-18T12:59:43.000000Z
2024,262.54148148148147,43.11782,-79.06015,2024-09-18T12:59:44.000000Z
2024,262.5414930555555,43.11782,-79.06015,2024-09-18T12:59:45.000000Z
2024,262.5415046296296,43.11782,-79.06015,2024-09-18T12:59:46.000000Z
2024,262.5517013888889,43.11783,-79.06021,2024-09-18T13:14:27.000000Z
2024,262.55171296296294,43.11783,-79.06021,2024-09-18T13:14:28.000000Z
2024,262.55172453703705,43.11782,-79.06021,2024-09-18T13:14:29.000000Z
2024,262.5517361111111,43.11782,-79.06021,2024-09-18T13:14:30.000000Z
2024,262.55174768518515,43.11782,-79.0602,2024-09-18T13:14:31.000000Z
2024,262.55175925925926,43.11781,-79.0602,2024-09-18T13:14:32.000000Z
2024,262.5517708333333,43.11781,-79.0602,2024-09-18T13:14:33.000000Z
2024,262.5517824074074,43.11781,-79.06019,2024-09-18T13:14:34.000000Z
2024,262.55179398148147,43.11781,-79.06019,2024-09-18T13:14:35.000000Z
2024,262.5518055555556,43.11781,-79.06019,2024-09-18T13:14:36.000000Z
2024,262.5518171296296,43.11781,-79.06019,2024-09-18T13:14:37.000000Z
2024,262.5518287037037,43.11781,-79.06018,2024-09-18T13:14:38.000000Z
2024,262.5518402777778,43.11781,-79.06018,2024-09-18T13:14:39.000000Z
2024,262.55185185185184,43.11781,-79.06018,2024-09-18T13:14:40.000000Z
2024,262.55186342592594,43.11782,-79.06019,2024-09-18T13:14:41.000000Z
2024,262.551875,43.11782,-79.06019,2024-09-18T13:14:42.000000Z
2024,262.55188657407405,43.11782,-79.06019,2024-09-18T13:14:43.000000Z
2024,262.55189814814815,43.11782,-79.06019,2024-09-18T13:14:44.000000Z
2024,262.5519097222222,43.11783,-79.06019,2024-09-18T13:14:45.000000Z
2024,262.5519212962963,43.11783,-79.06019,2024-09-18T13:14:46.000000Z
2024,262.5621180555556,43.11787,-79.06024,2024-09-18T13:29:27.000000Z
2024,262.5621296296296,43.11788,-79.06025,2024-09-18T13:29:28.000000Z
2024,262.56214120370373,43.11788,-79.06026,2024-09-18T13:29:29.000000Z
2024,262.5621527777778,43.11788,-79.06026,2024-09-18T13:29:30.000000Z
2024,262.56216435185183,43.11788,-79.06027,2024-09-18T13:29:31.000000Z
2024,262.56217592592594,43.11787,-79.06027,2024-09-18T13:29:32.000000Z
2024,262.5621875,43.11787,-79.06027,2024-09-18T13:29:33.000000Z
2024,262.5621990740741,43.11787,-79.06027,2024-09-18T13:29:34.000000Z
2024,262.56221064814815,43.11787,-79.06027,2024-09-18T13:29:35.000000Z
2024,262.56222222222226,43.11787,-79.06027,2024-09-18T13:29:36.000000Z
2024,262.5622337962963,43.11787,-79.06027,2024-09-18T13:29:37.000000Z
2024,262.56224537037036,43.11788,-79.06027,2024-09-18T13:29:38.000000Z
2024,262.56225694444447,43.11788,-79.06027,2024-09-18T13:29:39.000000Z
2024,262.5622685185185,43.11788,-79.06028,2024-09-18T13:29:40.000000Z
2024,262.56228009259263,43.11789,-79.06028,2024-09-18T13:29:41.000000Z
2024,262.5622916666667,43.1179,-79.06028,2024-09-18T13:29:42.000000Z
2024,262.56230324074073,43.1179,-79.06028,2024-09-18T13:29:43.000000Z
2024,262.56231481481484,43.11791,-79.06028,2024-09-18T13:29:44.000000Z
2024,262.5623263888889,43.11791,-79.06028,2024-09-18T13:29:45.000000Z
2024,262.562337962963,43.11791,-79.06028,2024-09-18T13:29:46.000000Z
2024,262.57253472222226,43.11779,-79.06037,2024-09-18T13:44:27.000000Z
2024,262.5725462962963,43.11779,-79.06037,2024-09-18T13:44:28.000000Z
2024,262.5725578703704,43.11779,-79.06037,2024-09-18T13:44:29.000000Z
2024,262.57256944444447,43.11779,-79.06038,2024-09-18T13:44:30.000000Z
2024,262.5725810185185,43.11779,-79.06038,2024-09-18T13:44:31.000000Z
2024,262.5725925925926,43.11779,-79.06039,2024-09-18T13:44:32.000000Z
2024,262.5726041666667,43.11779,-79.06039,2024-09-18T13:44:33.000000Z
2024,262.5726157407408,43.11779,-79.06039,2024-09-18T13:44:34.000000Z
2024,262.57262731481484,43.11779,-79.06039,2024-09-18T13:44:35.000000Z
2024,262.57263888888895,43.11779,-79.06039,2024-09-18T13:44:36.000000Z
2024,262.572650462963,43.1178,-79.06039,2024-09-18T13:44:37.000000Z
2024,262.57266203703705,43.1178,-79.06039,2024-09-18T13:44:38.000000Z
2024,262.57267361111116,43.1178,-79.06039,2024-09-18T13:44:39.000000Z
2024,262.5726851851852,43.11781,-79.06039,2024-09-18T13:44:40.000000Z
2024,262.5726967592593,43.11781,-79.06039,2024-09-18T13:44:41.000000Z
2024,262.57270833333337,43.11782,-79.06039,2024-09-18T13:44:42.000000Z
2024,262.5727199074074,43.11782,-79.06039,2024-09-18T13:44:43.000000Z
2024,262.5727314814815,43.11782,-79.06039,2024-09-18T13:44:44.000000Z
2024,262.5727430555556,43.11782,-79.06039,2024-09-18T13:44:45.000000Z
2024,262.5727546296297,43.11783,-79.0604,2024-09-18T13:44:46.000000Z
2024,262.5829513888889,43.11796,-79.06053,2024-09-18T13:59:27.000000Z
2024,262.58296296296294,43.11796,-79.06053,2024-09-18T13:59:28.000000Z
2024,262.58297453703705,43.11796,-79.06053,2024-09-18T13:59:29.000000Z
2024,262.5829861111111,43.11796,-79.06053,2024-09-18T13:59:30.000000Z
2024,262.58299768518515,43.11796,-79.06053,2024-09-18T13:59:31.000000Z
2024,262.58300925925926,43.11795,-79.06053,2024-09-18T13:59:32.000000Z
2024,262.5830208333333,43.11796,-79.06052,2024-09-18T13:59:33.000000Z
2024,262.5830324074074,43.11796,-79.06051,2024-09-18T13:59:34.000000Z
2024,262.58304398148147,43.11796,-79.0605,2024-09-18T13:59:35.000000Z
2024,262.5830555555556,43.11796,-79.0605,2024-09-18T13:59:36.000000Z
2024,262.5830671296296,43.11796,-79.06049,2024-09-18T13:59:37.000000Z
2024,262.5830787037037,43.11796,-79.06049,2024-09-18T13:59:38.000000Z
2024,262.5830902777778,43.11796,-79.06048,2024-09-18T13:59:39.000000Z
2024,262.58310185185184,43.11796,-79.06047,2024-09-18T13:59:40.000000Z
2024,262.58311342592594,43.11796,-79.06047,2024-09-18T13:59:41.000000Z
2024,262.583125,43.11796,-79.06047,2024-09-18T13:59:42.000000Z
2024,262.58313657407405,43.11796,-79.06046,2024-09-18T13:59:43.000000Z
2024,262.58314814814815,43.11796,-79.06046,2024-09-18T13:59:44.000000Z
2024,262.5831597222222,43.11796,-79.06046,2024-09-18T13:59:45.000000Z
2024,262.5831712962963,43.11796,-79.06045,2024-09-18T13:59:46.000000Z
2024,262.5933680555555,43.11783,-79.06047,2024-09-18T14:14:27.000000Z
2024,262.59337962962957,43.11781,-79.06047,2024-09-18T14:14:28.000000Z
2024,262.5933912037037,43.11782,-79.06047,2024-09-18T14:14:29.000000Z
2024,262.5934027777777,43.11782,-79.06047,2024-09-18T14:14:30.000000Z
2024,262.5934143518518,43.11782,-79.06047,2024-09-18T14:14:31.000000Z
2024,262.5934259259259,43.11782,-79.06047,2024-09-18T14:14:32.000000Z
2024,262.59343749999994,43.11782,-79.06047,2024-09-18T14:14:33.000000Z
2024,262.59344907407404,43.11782,-79.06047,2024-09-18T14:14:34.000000Z
2024,262.5934606481481,43.11783,-79.06048,2024-09-18T14:14:35.000000Z
2024,262.5934722222222,43.11783,-79.06048,2024-09-18T14:14:36.000000Z
2024,262.59348379629625,43.11783,-79.06048,2024-09-18T14:14:37.000000Z
2024,262.5934953703703,43.11783,-79.06048,2024-09-18T14:14:38.000000Z
2024,262.5935069444444,43.11783,-79.06048,2024-09-18T14:14:39.000000Z
2024,262.59351851851847,43.11783,-79.06049,2024-09-18T14:14:40.000000Z
2024,262.5935300925926,43.11783,-79.06049,2024-09-18T14:14:41.000000Z
2024,262.5935416666666,43.11783,-79.06049,2024-09-18T14:14:42.000000Z
2024,262.5935532407407,43.11783,-79.0605,2024-09-18T14:14:43.000000Z
2024,262.5935648148148,43.11783,-79.0605,2024-09-18T14:14:44.000000Z
2024,262.59357638888883,43.11783,-79.0605,2024-09-18T14:14:45.000000Z
2024,262.59358796296294,43.11783,-79.0605,2024-09-18T14:14:46.000000Z
2024,262.60380787037036,43.11797,-79.06028,2024-09-18T14:29:29.000000Z
2024,262.6038194444444,43.11797,-79.06028,2024-09-18T14:29:30.000000Z
2024,262.60383101851846,43.11797,-79.06028,2024-09-18T14:29:31.000000Z
2024,262.60384259259257,43.11797,-79.06029,2024-09-18T14:29:32.000000Z
2024,262.6038541666666,43.11798,-79.06029,2024-09-18T14:29:33.000000Z
2024,262.60386574074073,43.11798,-79.06029,2024-09-18T14:29:34.000000Z
2024,262.6038773148148,43.11798,-79.06031,2024-09-18T14:29:35.000000Z
2024,262.6038888888889,43.11798,-79.06031,2024-09-18T14:29:36.000000Z
2024,262.60390046296294,43.11798,-79.06031,2024-09-18T14:29:37.000000Z
2024,262.603912037037,43.11798,-79.06031,2024-09-18T14:29:38.000000Z
2024,262.6039236111111,43.11797,-79.06031,2024-09-18T14:29:39.000000Z
2024,262.60393518518515,43.11797,-79.06032,2024-09-18T14:29:40.000000Z
2024,262.60394675925926,43.11796,-79.06033,2024-09-18T14:29:41.000000Z
2024,262.6039583333333,43.11796,-79.06034,2024-09-18T14:29:42.000000Z
2024,262.60396990740736,43.11796,-79.06034,2024-09-18T14:29:43.000000Z
2024,262.60398148148147,43.11796,-79.06034,2024-09-18T14:29:44.000000Z
2024,262.6039930555555,43.11796,-79.06034,2024-09-18T14:29:45.000000Z
2024,262.6040046296296,43.11796,-79.06034,2024-09-18T14:29:46.000000Z
2024,262.6040162037037,43.11796,-79.06034,2024-09-18T14:29:47.000000Z
2024,262.61422453703705,43.11791,-79.06027,2024-09-18T14:44:29.000000Z
2024,262.6142361111111,43.11791,-79.06029,2024-09-18T14:44:30.000000Z
2024,262.61424768518515,43.11792,-79.0603,2024-09-18T14:44:31.000000Z
2024,262.61425925925926,43.11792,-79.06031,2024-09-18T14:44:32.000000Z
2024,262.6142708333333,43.11792,-79.06032,2024-09-18T14:44:33.000000Z
2024,262.6142824074074,43.11792,-79.06034,2024-09-18T14:44:34.000000Z
2024,262.61429398148147,43.11792,-79.06035,2024-09-18T14:44:35.000000Z
2024,262.6143055555556,43.11792,-79.06037,2024-09-18T14:44:36.000000Z
2024,262.6143171296296,43.11793,-79.06037,2024-09-18T14:44:37.000000Z
2024,262.6143287037037,43.11793,-79.06038,2024-09-18T14:44:38.000000Z
2024,262.6143402777778,43.11793,-79.0604,2024-09-18T14:44:39.000000Z
2024,262.61435185185184,43.11793,-79.0604,2024-09-18T14:44:40.000000Z
2024,262.61436342592594,43.11793,-79.0604,2024-09-18T14:44:41.000000Z
2024,262.614375,43.11793,-79.06041,2024-09-18T14:44:42.000000Z
2024,262.61438657407405,43.11793,-79.06041,2024-09-18T14:44:43.000000Z
2024,262.61439814814815,43.11793,-79.06042,2024-09-18T14:44:44.000000Z
2024,262.6144097222222,43.11793,-79.06042,2024-09-18T14:44:45.000000Z
2024,262.6144212962963,43.11793,-79.06042,2024-09-18T14:44:46.000000Z
2024,262.61443287037036,43.11793,-79.06043,2024-09-18T14:44:47.000000Z
2024,262.6246412037037,43.1179,-79.06032,2024-09-18T14:59:29.000000Z
2024,262.6246527777777,43.11793,-79.06034,2024-09-18T14:59:30.000000Z
2024,262.6246643518518,43.11793,-79.06035,2024-09-18T14:59:31.000000Z
2024,262.6246759259259,43.11792,-79.06034,2024-09-18T14:59:32.000000Z
2024,262.62468749999994,43.11791,-79.06034,2024-09-18T14:59:33.000000Z
2024,262.62469907407404,43.11791,-79.06034,2024-09-18T14:59:34.000000Z
2024,262.6247106481481,43.11791,-79.06034,2024-09-18T14:59:35.000000Z
2024,262.6247222222222,43.11791,-79.06034,2024-09-18T14:59:36.000000Z
2024,262.62473379629625,43.11792,-79.06035,2024-09-18T14:59:37.000000Z
2024,262.6247453703703,43.11792,-79.06035,2024-09-18T14:59:38.000000Z
2024,262.6247569444444,43.11791,-79.06034,2024-09-18T14:59:39.000000Z
2024,262.62476851851847,43.11792,-79.06034,2024-09-18T14:59:40.000000Z
2024,262.6247800925926,43.11792,-79.06034,2024-09-18T14:59:41.000000Z
2024,262.6247916666666,43.11792,-79.06035,2024-09-18T14:59:42.000000Z
2024,262.6248032407407,43.11792,-79.06035,2024-09-18T14:59:43.000000Z
2024,262.6248148148148,43.11792,-79.06035,2024-09-18T14:59:44.000000Z
2024,262.62482638888883,43.11792,-79.06035,2024-09-18T14:59:45.000000Z
2024,262.62483796296294,43.11792,-79.06035,2024-09-18T14:59:46.000000Z
2024,262.624849537037,43.11793,-79.06036,2024-09-18T14:59:47.000000Z
2024,262.63505787037036,43.11803,-79.06052,2024-09-18T15:14:29.000000Z
2024,262.6350694444444,43.11803,-79.06052,2024-09-18T15:14:30.000000Z
2024,262.63508101851846,43.11803,-79.06052,2024-09-18T15:14:31.000000Z
2024,262.63509259259257,43.11803,-79.06053,2024-09-18T15:14:32.000000Z
2024,262.6351041666666,43.11803,-79.06053,2024-09-18T15:14:33.000000Z
2024,262.63511574074073,43.11803,-79.06053,2024-09-18T15:14:34.000000Z
2024,262.6351273148148,43.11803,-79.06053,2024-09-18T15:14:35.000000Z
2024,262.6351388888889,43.11803,-79.06053,2024-09-18T15:14:36.000000Z
2024,262.63515046296294,43.11803,-79.06053,2024-09-18T15:14:37.000000Z
2024,262.635162037037,43.11802,-79.06053,2024-09-18T15:14:38.000000Z
2024,262.6351736111111,43.11802,-79.06053,2024-09-18T15:14:39.000000Z
2024,262.63518518518515,43.11802,-79.06053,2024-09-18T15:14:40.000000Z
2024,262.63519675925926,43.11801,-79.06053,2024-09-18T15:14:41.000000Z
2024,262.6352083333333,43.11801,-79.06053,2024-09-18T15:14:42.000000Z
2024,262.63521990740736,43.11801,-79.06053,2024-09-18T15:14:43.000000Z
2024,262.63523148148147,43.11801,-79.06053,2024-09-18T15:14:44.000000Z
2024,262.6352430555555,43.11801,-79.06053,2024-09-18T15:14:45.000000Z
2024,262.6352546296296,43.11801,-79.06053,2024-09-18T15:14:46.000000Z
2024,262.6352662037037,43.11801,-79.06053,2024-09-18T15:14:47.000000Z
2024,262.64547453703705,43.11803,-79.0605,2024-09-18T15:29:29.000000Z
2024,262.6454861111111,43.11803,-79.0605,2024-09-18T15:29:30.000000Z
2024,262.64549768518515,43.11803,-79.0605,2024-09-18T15:29:31.000000Z
2024,262.64550925925926,43.11803,-79.0605,2024-09-18T15:29:32.000000Z
2024,262.6455208333333,43.11803,-79.0605,2024-09-18T15:29:33.000000Z
2024,262.6455324074074,43.11803,-79.0605,2024-09-18T15:29:34.000000Z
2024,262.64554398148147,43.11803,-79.0605,2024-09-18T15:29:35.000000Z
2024,262.6455555555556,43.11803,-79.0605,2024-09-18T15:29:36.000000Z
2024,262.6455671296296,43.11803,-79.06049,2024-09-18T15:29:37.000000Z
2024,262.6455787037037,43.11802,-79.06049,2024-09-18T15:29:38.000000Z
2024,262.6455902777778,43.11802,-79.06049,2024-09-18T15:29:39.000000Z
2024,262.64560185185184,43.11802,-79.06049,2024-09-18T15:29:40.000000Z
2024,262.64561342592594,43.11802,-79.06049,2024-09-18T15:29:41.000000Z
2024,262.645625,43.11801,-79.06049,2024-09-18T15:29:42.000000Z
2024,262.64563657407405,43.11801,-79.06049,2024-09-18T15:29:43.000000Z
2024,262.64564814814815,43.11801,-79.06049,2024-09-18T15:29:44.000000Z
2024,262.6456597222222,43.11801,-79.06049,2024-09-18T15:29:45.000000Z
2024,262.6456712962963,43.11801,-79.06048,2024-09-18T15:29:46.000000Z
2024,262.64568287037036,43.11801,-79.06049,2024-09-18T15:29:47.000000Z
2024,262.65589120370373,43.118,-79.06034,2024-09-18T15:44:29.000000Z
2024,262.6559027777778,43.118,-79.06034,2024-09-18T15:44:30.000000Z
2024,262.65591435185183,43.118,-79.06034,2024-09-18T15:44:31.000000Z
2024,262.65592592592594,43.11801,-79.06034,2024-09-18T15:44:32.000000Z
2024,262.6559375,43.118,-79.06034,2024-09-18T15:44:33.000000Z
2024,262.6559490740741,43.118,-79.06035,2024-09-18T15:44:34.000000Z
2024,262.65596064814815,43.118,-79.06035,2024-09-18T15:44:35.000000Z
2024,262.65597222222226,43.118,-79.06036,2024-09-18T15:44:36.000000Z
2024,262.6559837962963,43.118,-79.06036,2024-09-18T15:44:37.000000Z
2024,262.65599537037036,43.11799,-79.06036,2024-09-18T15:44:38.000000Z
2024,262.65600694444447,43.11799,-79.06036,2024-09-18T15:44:39.000000Z
2024,262.6560185185185,43.11797,-79.06037,2024-09-18T15:44:40.000000Z
2024,262.65603009259263,43.11796,-79.06037,2024-09-18T15:44:41.000000Z
2024,262.6560416666667,43.11795,-79.06037,2024-09-18T15:44:42.000000Z
2024,262.65605324074073,43.11794,-79.06037,2024-09-18T15:44:43.000000Z
2024,262.65606481481484,43.11793,-79.06037,2024-09-18T15:44:44.000000Z
2024,262.6560763888889,43.11793,-79.06038,2024-09-18T15:44:45.000000Z
2024,262.656087962963,43.11793,-79.06039,2024-09-18T15:44:46.000000Z
2024,262.65609953703705,43.11792,-79.06039,2024-09-18T15:44:47.000000Z
2024,262.66630787037036,43.11788,-79.0604,2024-09-18T15:59:29.000000Z
2024,262.6663194444444,43.11788,-79.0604,2024-09-18T15:59:30.000000Z
2024,262.66633101851846,43.11788,-79.0604,2024-09-18T15:59:31.000000Z
2024,262.66634259259257,43.11788,-79.0604,2024-09-18T15:59:32.000000Z
2024,262.6663541666666,43.11788,-79.0604,2024-09-18T15:59:33.000000Z
2024,262.66636574074073,43.11788,-79.0604,2024-09-18T15:59:34.000000Z
2024,262.6663773148148,43.11788,-79.0604,2024-09-18T15:59:35.000000Z
2024,262.6663888888889,43.11789,-79.0604,2024-09-18T15:59:36.000000Z
2024,262.66640046296294,43.11789,-79.0604,2024-09-18T15:59:37.000000Z
2024,262.666412037037,43.11789,-79.0604,2024-09-18T15:59:38.000000Z
2024,262.6664236111111,43.11789,-79.0604,2024-09-18T15:59:39.000000Z
2024,262.66643518518515,43.11789,-79.0604,2024-09-18T15:59:40.000000Z
2024,262.66644675925926,43.1179,-79.0604,2024-09-18T15:59:41.000000Z
2024,262.6664583333333,43.11791,-79.0604,2024-09-18T15:59:42.000000Z
2024,262.66646990740736,43.11791,-79.06039,2024-09-18T15:59:43.000000Z
2024,262.66648148148147,43.11791,-79.06039,2024-09-18T15:59:44.000000Z
2024,262.6664930555555,43.11791,-79.06039,2024-09-18T15:59:45.000000Z
2024,262.6665046296296,43.11792,-79.06039,2024-09-18T15:59:46.000000Z
2024,262.6665162037037,43.11792,-79.06039,2024-09-18T15:59:47.000000Z
2024,262.67672453703705,43.1179,-79.06036,2024-09-18T16:14:29.000000Z
2024,262.6767361111111,43.1179,-79.06036,2024-09-18T16:14:30.000000Z
2024,262.67674768518515,43.11791,-79.06035,2024-09-18T16:14:31.000000Z
2024,262.67675925925926,43.11791,-79.06035,2024-09-18T16:14:32.000000Z
2024,262.6767708333333,43.11791,-79.06035,2024-09-18T16:14:33.000000Z
2024,262.6767824074074,43.11791,-79.06035,2024-09-18T16:14:34.000000Z
2024,262.67679398148147,43.11791,-79.06036,2024-09-18T16:14:35.000000Z
2024,262.6768055555556,43.11792,-79.06035,2024-09-18T16:14:36.000000Z
2024,262.6768171296296,43.11792,-79.06035,2024-09-18T16:14:37.000000Z
2024,262.6768287037037,43.11793,-79.06035,2024-09-18T16:14:38.000000Z
2024,262.6768402777778,43.11793,-79.06035,2024-09-18T16:14:39.000000Z
2024,262.67685185185184,43.11793,-79.06036,2024-09-18T16:14:40.000000Z
2024,262.67686342592594,43.11793,-79.06035,2024-09-18T16:14:41.000000Z
2024,262.676875,43.11793,-79.06035,2024-09-18T16:14:42.000000Z
2024,262.67688657407405,43.11793,-79.06036,2024-09-18T16:14:43.000000Z
2024,262.67689814814815,43.11793,-79.06036,2024-09-18T16:14:44.000000Z
2024,262.6769097222222,43.11793,-79.06036,2024-09-18T16:14:45.000000Z
2024,262.6769212962963,43.11793,-79.06036,2024-09-18T16:14:46.000000Z
2024,262.67693287037036,43.11793,-79.06036,2024-09-18T16:14:47.000000Z
2024,262.68714120370373,43.11788,-79.06046,2024-09-18T16:29:29.000000Z
2024,262.6871527777778,43.11788,-79.06045,2024-09-18T16:29:30.000000Z
2024,262.68716435185183,43.11788,-79.06044,2024-09-18T16:29:31.000000Z
2024,262.68717592592594,43.11788,-79.06044,2024-09-18T16:29:32.000000Z
2024,262.6871875,43.11788,-79.06044,2024-09-18T16:29:33.000000Z
2024,262.6871990740741,43.11788,-79.06044,2024-09-18T16:29:34.000000Z
2024,262.68721064814815,43.11788,-79.06044,2024-09-18T16:29:35.000000Z
2024,262.68722222222226,43.11788,-79.06044,2024-09-18T16:29:36.000000Z
2024,262.6872337962963,43.11788,-79.06043,2024-09-18T16:29:37.000000Z
2024,262.68724537037036,43.11788,-79.06043,2024-09-18T16:29:38.000000Z
2024,262.68725694444447,43.11788,-79.06043,2024-09-18T16:29:39.000000Z
2024,262.6872685185185,43.11788,-79.06043,2024-09-18T16:29:40.000000Z
2024,262.68728009259263,43.11788,-79.06043,2024-09-18T16:29:41.000000Z
2024,262.6872916666667,43.11788,-79.06043,2024-09-18T16:29:42.000000Z
2024,262.68730324074073,43.11788,-79.06043,2024-09-18T16:29:43.000000Z
2024,262.68731481481484,43.11788,-79.06042,2024-09-18T16:29:44.000000Z
2024,262.6873263888889,43.11788,-79.06042,2024-09-18T16:29:45.000000Z
2024,262.687337962963,43.11788,-79.06042,2024-09-18T16:29:46.000000Z
2024,262.68734953703705,43.11788,-79.06042,2024-09-18T16:29:47.000000Z
2024,262.6975578703704,43.11782,-79.06025,2024-09-18T16:44:29.000000Z
2024,262.69756944444447,43.11781,-79.06025,2024-09-18T16:44:30.000000Z
2024,262.6975810185185,43.11781,-79.06025,2024-09-18T16:44:31.000000Z
2024,262.6975925925926,43.11781,-79.06025,2024-09-18T16:44:32.000000Z
2024,262.6976041666667,43.11781,-79.06025,2024-09-18T16:44:33.000000Z
2024,262.6976157407408,43.1178,-79.06026,2024-09-18T16:44:34.000000Z
2024,262.69762731481484,43.1178,-79.06026,2024-09-18T16:44:35.000000Z
2024,262.69763888888895,43.1178,-79.06026,2024-09-18T16:44:36.000000Z
2024,262.697650462963,43.1178,-79.06026,2024-09-18T16:44:37.000000Z
2024,262.69766203703705,43.1178,-79.06026,2024-09-18T16:44:38.000000Z
2024,262.69767361111116,43.1178,-79.06026,2024-09-18T16:44:39.000000Z
2024,262.6976851851852,43.1178,-79.06026,2024-09-18T16:44:40.000000Z
2024,262.6976967592593,43.1178,-79.06026,2024-09-18T16:44:41.000000Z
2024,262.69770833333337,43.1178,-79.06026,2024-09-18T16:44:42.000000Z
2024,262.6977199074074,43.1178,-79.06026,2024-09-18T16:44:43.000000Z
2024,262.6977314814815,43.1178,-79.06026,2024-09-18T16:44:44.000000Z
2024,262.6977430555556,43.1178,-79.06026,2024-09-18T16:44:45.000000Z
2024,262.6977546296297,43.1178,-79.06026,2024-09-18T16:44:46.000000Z
2024,262.69776620370374,43.1178,-79.06026,2024-09-18T16:44:47.000000Z
2024,262.70797453703705,43.11774,-79.06031,2024-09-18T16:59:29.000000Z
2024,262.7079861111111,43.11773,-79.06031,2024-09-18T16:59:30.000000Z
2024,262.70799768518515,43.11773,-79.06031,2024-09-18T16:59:31.000000Z
2024,262.70800925925926,43.11772,-79.06031,2024-09-18T16:59:32.000000Z
2024,262.7080208333333,43.11773,-79.06031,2024-09-18T16:59:33.000000Z
2024,262.7080324074074,43.11773,-79.06031,2024-09-18T16:59:34.000000Z
2024,262.70804398148147,43.11774,-79.06031,2024-09-18T16:59:35.000000Z
2024,262.7080555555556,43.11774,-79.06031,2024-09-18T16:59:36.000000Z
2024,262.7080671296296,43.11774,-79.06031,2024-09-18T16:59:37.000000Z
2024,262.7080787037037,43.11774,-79.06032,2024-09-18T16:59:38.000000Z
2024,262.7080902777778,43.11774,-79.06032,2024-09-18T16:59:39.000000Z
2024,262.70810185185184,43.11775,-79.06034,2024-09-18T16:59:40.000000Z
2024,262.70811342592594,43.11775,-79.06036,2024-09-18T16:59:41.000000Z
2024,262.708125,43.11775,-79.06037,2024-09-18T16:59:42.000000Z
2024,262.70813657407405,43.11775,-79.06037,2024-09-18T16:59:43.000000Z
2024,262.70814814814815,43.11775,-79.06038,2024-09-18T16:59:44.000000Z
2024,262.7081597222222,43.11775,-79.06038,2024-09-18T16:59:45.000000Z
2024,262.7081712962963,43.11775,-79.06038,2024-09-18T16:59:46.000000Z
2024,262.70818287037036,43.11775,-79.06038,2024-09-18T16:59:47.000000Z
2024,262.7183912037037,43.11776,-79.0604,2024-09-18T17:14:29.000000Z
2024,262.7184027777777,43.11776,-79.06039,2024-09-18T17:14:30.000000Z
2024,262.7184143518518,43.11776,-79.06039,2024-09-18T17:14:31.000000Z
2024,262.7184259259259,43.11776,-79.06039,2024-09-18T17:14:32.000000Z
2024,262.71843749999994,43.11775,-79.06039,2024-09-18T17:14:33.000000Z
2024,262.71844907407404,43.11775,-79.06039,2024-09-18T17:14:34.000000Z
2024,262.7184606481481,43.11775,-79.06039,2024-09-18T17:14:35.000000Z
2024,262.7184722222222,43.11775,-79.06039,2024-09-18T17:14:36.000000Z
2024,262.71848379629625,43.11775,-79.06039,2024-09-18T17:14:37.000000Z
2024,262.7184953703703,43.11776,-79.06038,2024-09-18T17:14:38.000000Z
2024,262.7185069444444,43.11776,-79.06038,2024-09-18T17:14:39.000000Z
2024,262.71851851851847,43.11776,-79.06038,2024-09-18T17:14:40.000000Z
2024,262.7185300925926,43.11776,-79.06038,2024-09-18T17:14:41.000000Z
2024,262.7185416666666,43.11776,-79.06038,2024-09-18T17:14:42.000000Z
2024,262.7185532407407,43.11776,-79.06038,2024-09-18T17:14:43.000000Z
2024,262.7185648148148,43.11776,-79.06038,2024-09-18T17:14:44.000000Z
2024,262.71857638888883,43.11776,-79.06038,2024-09-18T17:14:45.000000Z
2024,262.71858796296294,43.11776,-79.06038,2024-09-18T17:14:46.000000Z
2024,262.718599537037,43.11775,-79.06038,2024-09-18T17:14:47.000000Z
2024,262.72880787037036,43.1179,-79.06039,2024-09-18T17:29:29.000000Z
2024,262.7288194444444,43.1179,-79.06039,2024-09-18T17:29:30.000000Z
2024,262.72883101851846,43.1179,-79.06039,2024-09-18T17:29:31.000000Z
2024,262.72884259259257,43.1179,-79.06039,2024-09-18T17:29:32.000000Z
2024,262.7288541666666,43.1179,-79.06039,2024-09-18T17:29:33.000000Z
2024,262.72886574074073,43.1179,-79.06038,2024-09-18T17:29:34.000000Z
2024,262.7288773148148,43.1179,-79.06038,2024-09-18T17:29:35.000000Z
2024,262.7288888888889,43.1179,-79.06038,2024-09-18T17:29:36.000000Z
2024,262.72890046296294,43.1179,-79.06038,2024-09-18T17:29:37.000000Z
2024,262.728912037037,43.11791,-79.06038,2024-09-18T17:29:38.000000Z
2024,262.7289236111111,43.11791,-79.06038,2024-09-18T17:29:39.000000Z
2024,262.72893518518515,43.11791,-79.06038,2024-09-18T17:29:40.000000Z
2024,262.72894675925926,43.11791,-79.06038,2024-09-18T17:29:41.000000Z
2024,262.7289583333333,43.11791,-79.06038,2024-09-18T17:29:42.000000Z
2024,262.72896990740736,43.11791,-79.06038,2024-09-18T17:29:43.000000Z
2024,262.72898148148147,43.11791,-79.06038,2024-09-18T17:29:44.000000Z
2024,262.7289930555555,43.11791,-79.06038,2024-09-18T17:29:45.000000Z
2024,262.7290046296296,43.11791,-79.06037,2024-09-18T17:29:46.000000Z
2024,262.7290162037037,43.11791,-79.06037,2024-09-18T17:29:47.000000Z
2024,262.73922453703705,43.11778,-79.06028,2024-09-18T17:44:29.000000Z
2024,262.7392361111111,43.11777,-79.06028,2024-09-18T17:44:30.000000Z
2024,262.73924768518515,43.11777,-79.06028,2024-09-18T17:44:31.000000Z
2024,262.73925925925926,43.11779,-79.06029,2024-09-18T17:44:32.000000Z
2024,262.7392708333333,43.11781,-79.06029,2024-09-18T17:44:33.000000Z
2024,262.7392824074074,43.11783,-79.06029,2024-09-18T17:44:34.000000Z
2024,262.73929398148147,43.11784,-79.06028,2024-09-18T17:44:35.000000Z
2024,262.7393055555556,43.11785,-79.06028,2024-09-18T17:44:36.000000Z
2024,262.7393171296296,43.11786,-79.06028,2024-09-18T17:44:37.000000Z
2024,262.7393287037037,43.11786,-79.06029,2024-09-18T17:44:38.000000Z
2024,262.7393402777778,43.11787,-79.0603,2024-09-18T17:44:39.000000Z
2024,262.73935185185184,43.11787,-79.0603,2024-09-18T17:44:40.000000Z
2024,262.73936342592594,43.11787,-79.06031,2024-09-18T17:44:41.000000Z
2024,262.739375,43.11787,-79.06031,2024-09-18T17:44:42.000000Z
2024,262.73938657407405,43.11787,-79.06031,2024-09-18T17:44:43.000000Z
2024,262.73939814814815,43.11787,-79.06032,2024-09-18T17:44:44.000000Z
2024,262.7394097222222,43.11787,-79.06032,2024-09-18T17:44:45.000000Z
2024,262.7394212962963,43.11787,-79.06033,2024-09-18T17:44:46.000000Z
2024,262.73943287037036,43.11787,-79.06033,2024-09-18T17:44:47.000000Z
2024,262.74962962962957,43.11805,-79.06035,2024-09-18T17:59:28.000000Z
2024,262.7496412037037,43.11805,-79.06035,2024-09-18T17:59:29.000000Z
2024,262.7496527777777,43.11805,-79.06035,2024-09-18T17:59:30.000000Z
2024,262.7496643518518,43.11805,-79.06035,2024-09-18T17:59:31.000000Z
2024,262.7496759259259,43.11805,-79.06036,2024-09-18T17:59:32.000000Z
2024,262.74968749999994,43.11805,-79.06036,2024-09-18T17:59:33.000000Z
2024,262.74969907407404,43.11805,-79.06036,2024-09-18T17:59:34.000000Z
2024,262.7497106481481,43.11806,-79.06037,2024-09-18T17:59:35.000000Z
2024,262.7497222222222,43.11806,-79.06037,2024-09-18T17:59:36.000000Z
2024,262.74973379629625,43.11806,-79.06037,2024-09-18T17:59:37.000000Z
2024,262.7497453703703,43.11807,-79.06038,2024-09-18T17:59:38.000000Z
2024,262.7497569444444,43.11807,-79.06038,2024-09-18T17:59:39.000000Z
2024,262.74976851851847,43.11808,-79.06039,2024-09-18T17:59:40.000000Z
2024,262.7497800925926,43.11809,-79.0604,2024-09-18T17:59:41.000000Z
2024,262.7497916666666,43.11809,-79.0604,2024-09-18T17:59:42.000000Z
2024,262.7498032407407,43.11809,-79.0604,2024-09-18T17:59:43.000000Z
2024,262.7498148148148,43.1181,-79.0604,2024-09-18T17:59:44.000000Z
2024,262.74982638888883,43.11811,-79.0604,2024-09-18T17:59:45.000000Z
2024,262.74983796296294,43.11811,-79.0604,2024-09-18T17:59:46.000000Z
2024,262.76004629629625,43.11772,-79.06039,2024-09-18T18:14:28.000000Z
2024,262.76005787037036,43.11772,-79.0604,2024-09-18T18:14:29.000000Z
2024,262.7600694444444,43.11772,-79.0604,2024-09-18T18:14:30.000000Z
2024,262.76008101851846,43.11772,-79.0604,2024-09-18T18:14:31.000000Z
2024,262.76009259259257,43.11772,-79.0604,2024-09-18T18:14:32.000000Z
2024,262.7601041666666,43.11772,-79.0604,2024-09-18T18:14:33.000000Z
2024,262.76011574074073,43.11772,-79.0604,2024-09-18T18:14:34.000000Z
2024,262.7601273148148,43.11772,-79.0604,2024-09-18T18:14:35.000000Z
2024,262.7601388888889,43.11772,-79.0604,2024-09-18T18:14:36.000000Z
2024,262.76015046296294,43.11772,-79.0604,2024-09-18T18:14:37.000000Z
2024,262.760162037037,43.11772,-79.0604,2024-09-18T18:14:38.000000Z
2024,262.7601736111111,43.11773,-79.0604,2024-09-18T18:14:39.000000Z
2024,262.76018518518515,43.11773,-79.0604,2024-09-18T18:14:40.000000Z
2024,262.76019675925926,43.11773,-79.0604,2024-09-18T18:14:41.000000Z
2024,262.7602083333333,43.11773,-79.0604,2024-09-18T18:14:42.000000Z
2024,262.76021990740736,43.11773,-79.0604,2024-09-18T18:14:43.000000Z
2024,262.76023148148147,43.11773,-79.0604,2024-09-18T18:14:44.000000Z
2024,262.7602430555555,43.11773,-79.06041,2024-09-18T18:14:45.000000Z
2024,262.7602546296296,43.11773,-79.06041,2024-09-18T18:14:46.000000Z
2024,262.77046296296294,43.11787,-79.06036,2024-09-18T18:29:28.000000Z
2024,262.7704861111111,43.11784,-79.06038,2024-09-18T18:29:30.000000Z
2024,262.77049768518515,43.11783,-79.06039,2024-09-18T18:29:31.000000Z
2024,262.77050925925926,43.11782,-79.0604,2024-09-18T18:29:32.000000Z
2024,262.7705208333333,43.11782,-79.0604,2024-09-18T18:29:33.000000Z
2024,262.7705324074074,43.11781,-79.0604,2024-09-18T18:29:34.000000Z
2024,262.77054398148147,43.11781,-79.0604,2024-09-18T18:29:35.000000Z
2024,262.7705555555556,43.11781,-79.06041,2024-09-18T18:29:36.000000Z
2024,262.7705671296296,43.11781,-79.06041,2024-09-18T18:29:37.000000Z
2024,262.7705787037037,43.11781,-79.06042,2024-09-18T18:29:38.000000Z
2024,262.7705902777778,43.11781,-79.06042,2024-09-18T18:29:39.000000Z
2024,262.77060185185184,43.11782,-79.06042,2024-09-18T18:29:40.000000Z
2024,262.77061342592594,43.11782,-79.06043,2024-09-18T18:29:41.000000Z
2024,262.770625,43.11782,-79.06044,2024-09-18T18:29:42.000000Z
2024,262.77063657407405,43.11782,-79.06044,2024-09-18T18:29:43.000000Z
2024,262.77064814814815,43.11782,-79.06044,2024-09-18T18:29:44.000000Z
2024,262.7706597222222,43.11782,-79.06045,2024-09-18T18:29:45.000000Z
2024,262.7706712962963,43.11782,-79.06045,2024-09-18T18:29:46.000000Z
2024,262.7808796296296,43.11785,-79.0604,2024-09-18T18:44:28.000000Z
2024,262.78089120370373,43.11785,-79.0604,2024-09-18T18:44:29.000000Z
2024,262.7809027777778,43.11784,-79.0604,2024-09-18T18:44:30.000000Z
2024,262.78091435185183,43.11784,-79.0604,2024-09-18T18:44:31.000000Z
2024,262.78092592592594,43.11784,-79.06041,2024-09-18T18:44:32.000000Z
2024,262.7809375,43.11784,-79.06041,2024-09-18T18:44:33.000000Z
2024,262.7809490740741,43.11785,-79.06041,2024-09-18T18:44:34.000000Z
2024,262.78096064814815,43.11785,-79.06041,2024-09-18T18:44:35.000000Z
2024,262.78097222222226,43.11785,-79.06041,2024-09-18T18:44:36.000000Z
2024,262.7809837962963,43.11784,-79.06041,2024-09-18T18:44:37.000000Z
2024,262.78099537037036,43.11784,-79.06041,2024-09-18T18:44:38.000000Z
2024,262.78100694444447,43.11784,-79.06042,2024-09-18T18:44:39.000000Z
2024,262.7810185185185,43.11784,-79.06042,2024-09-18T18:44:40.000000Z
2024,262.78103009259263,43.11784,-79.06042,2024-09-18T18:44:41.000000Z
2024,262.7810416666667,43.11784,-79.06042,2024-09-18T18:44:42.000000Z
2024,262.78105324074073,43.11785,-79.06042,2024-09-18T18:44:43.000000Z
2024,262.78106481481484,43.11785,-79.06042,2024-09-18T18:44:44.000000Z
2024,262.7810763888889,43.11785,-79.06042,2024-09-18T18:44:45.000000Z
2024,262.781087962963,43.11785,-79.06042,2024-09-18T18:44:46.000000Z
2024,262.79129629629625,43.11782,-79.06043,2024-09-18T18:59:28.000000Z
2024,262.79130787037036,43.11782,-79.06043,2024-09-18T18:59:29.000000Z
2024,262.7913194444444,43.11782,-79.06043,2024-09-18T18:59:30.000000Z
2024,262.79133101851846,43.11782,-79.06043,2024-09-18T18:59:31.000000Z
2024,262.79134259259257,43.11781,-79.06043,2024-09-18T18:59:32.000000Z
2024,262.7913541666666,43.11782,-79.06043,2024-09-18T18:59:33.000000Z
2024,262.79136574074073,43.11781,-79.06043,2024-09-18T18:59:34.000000Z
2024,262.7913773148148,43.11781,-79.06043,2024-09-18T18:59:35.000000Z
2024,262.7913888888889,43.1178,-79.06043,2024-09-18T18:59:36.000000Z
2024,262.79140046296294,43.1178,-79.06043,2024-09-18T18:59:37.000000Z
2024,262.791412037037,43.1178,-79.06043,2024-09-18T18:59:38.000000Z
2024,262.7914236111111,43.1178,-79.06043,2024-09-18T18:59:39.000000Z
2024,262.79143518518515,43.11782,-79.06044,2024-09-18T18:59:40.000000Z
2024,262.7914583333333,43.11782,-79.06043,2024-09-18T18:59:42.000000Z
2024,262.79146990740736,43.11782,-79.06043,2024-09-18T18:59:43.000000Z
2024,262.79148148148147,43.11782,-79.06042,2024-09-18T18:59:44.000000Z
2024,262.7914930555555,43.11782,-79.06042,2024-09-18T18:59:45.000000Z
2024,262.7915046296296,43.11782,-79.06042,2024-09-18T18:59:46.000000Z
2024,262.80171296296294,43.11789,-79.06044,2024-09-18T19:14:28.000000Z
2024,262.80172453703705,43.1179,-79.06043,2024-09-18T19:14:29.000000Z
2024,262.8017361111111,43.11789,-79.06043,2024-09-18T19:14:30.000000Z
2024,262.80174768518515,43.11789,-79.06042,2024-09-18T19:14:31.000000Z
2024,262.80175925925926,43.11789,-79.06042,2024-09-18T19:14:32.000000Z
2024,262.8017708333333,43.11789,-79.06042,2024-09-18T19:14:33.000000Z
2024,262.8017824074074,43.11788,-79.06042,2024-09-18T19:14:34.000000Z
2024,262.80179398148147,43.11788,-79.06042,2024-09-18T19:14:35.000000Z
2024,262.8018055555556,43.11788,-79.06042,2024-09-18T19:14:36.000000Z
2024,262.8018171296296,43.11788,-79.06042,2024-09-18T19:14:37.000000Z
2024,262.8018287037037,43.11788,-79.06042,2024-09-18T19:14:38.000000Z
2024,262.8018402777778,43.11788,-79.06042,2024-09-18T19:14:39.000000Z
2024,262.80185185185184,43.11788,-79.06042,2024-09-18T19:14:40.000000Z
2024,262.80186342592594,43.11788,-79.06042,2024-09-18T19:14:41.000000Z
2024,262.801875,43.11788,-79.06042,2024-09-18T19:14:42.000000Z
2024,262.80188657407405,43.11787,-79.06042,2024-09-18T19:14:43.000000Z
2024,262.80189814814815,43.11787,-79.06042,2024-09-18T19:14:44.000000Z
2024,262.8019097222222,43.11787,-79.06043,2024-09-18T19:14:45.000000Z
2024,262.8019212962963,43.11787,-79.06043,2024-09-18T19:14:46.000000Z
2024,262.8121296296296,43.11793,-79.06048,2024-09-18T19:29:28.000000Z
2024,262.81214120370373,43.11793,-79.06048,2024-09-18T19:29:29.000000Z
2024,262.8121527777778,43.11793,-79.06047,2024-09-18T19:29:30.000000Z
2024,262.81216435185183,43.11793,-79.06047,2024-09-18T19:29:31.000000Z
2024,262.81217592592594,43.11792,-79.06047,2024-09-18T19:29:32.000000Z
2024,262.8121875,43.11792,-79.06047,2024-09-18T19:29:33.000000Z
2024,262.8121990740741,43.11792,-79.06047,2024-09-18T19:29:34.000000Z
2024,262.81221064814815,43.11792,-79.06046,2024-09-18T19:29:35.000000Z
2024,262.81222222222226,43.11792,-79.06046,2024-09-18T19:29:36.000000Z
2024,262.8122337962963,43.11791,-79.06046,2024-09-18T19:29:37.000000Z
2024,262.81224537037036,43.11791,-79.06046,2024-09-18T19:29:38.000000Z
2024,262.81225694444447,43.11791,-79.06046,2024-09-18T19:29:39.000000Z
2024,262.8122685185185,43.11791,-79.06047,2024-09-18T19:29:40.000000Z
2024,262.81228009259263,43.11791,-79.06047,2024-09-18T19:29:41.000000Z
2024,262.8122916666667,43.11791,-79.06047,2024-09-18T19:29:42.000000Z
2024,262.81230324074073,43.11791,-79.06047,2024-09-18T19:29:43.000000Z
2024,262.81231481481484,43.11791,-79.06047,2024-09-18T19:29:44.000000Z
2024,262.8123263888889,43.11791,-79.06047,2024-09-18T19:29:45.000000Z
2024,262.812337962963,43.11791,-79.06047,2024-09-18T19:29:46.000000Z
2024,262.8225462962963,43.11794,-79.06037,2024-09-18T19:44:28.000000Z
2024,262.8225578703704,43.11794,-79.06037,2024-09-18T19:44:29.000000Z
2024,262.82256944444447,43.11794,-79.06038,2024-09-18T19:44:30.000000Z
2024,262.8225810185185,43.11794,-79.06038,2024-09-18T19:44:31.000000Z
2024,262.8225925925926,43.11794,-79.06038,2024-09-18T19:44:32.000000Z
2024,262.8226041666667,43.11794,-79.06038,2024-09-18T19:44:33.000000Z
2024,262.8226157407408,43.11794,-79.06038,2024-09-18T19:44:34.000000Z
2024,262.82262731481484,43.11794,-79.06038,2024-09-18T19:44:35.000000Z
2024,262.82263888888895,43.11794,-79.06038,2024-09-18T19:44:36.000000Z
2024,262.822650462963,43.11794,-79.06038,2024-09-18T19:44:37.000000Z
2024,262.82266203703705,43.11793,-79.06038,2024-09-18T19:44:38.000000Z
2024,262.82267361111116,43.11793,-79.06038,2024-09-18T19:44:39.000000Z
2024,262.8226851851852,43.11793,-79.06038,2024-09-18T19:44:40.000000Z
2024,262.8226967592593,43.11793,-79.06038,2024-09-18T19:44:41.000000Z
2024,262.82270833333337,43.11793,-79.06038,2024-09-18T19:44:42.000000Z
2024,262.8227199074074,43.11793,-79.06038,2024-09-18T19:44:43.000000Z
2024,262.8227314814815,43.11793,-79.06038,2024-09-18T19:44:44.000000Z
2024,262.8227430555556,43.11793,-79.06038,2024-09-18T19:44:45.000000Z
2024,262.8227546296297,43.11793,-79.06038,2024-09-18T19:44:46.000000Z
2024,262.83296296296294,43.11792,-79.0604,2024-09-18T19:59:28.000000Z
2024,262.83297453703705,43.11792,-79.0604,2024-09-18T19:59:29.000000Z
2024,262.8329861111111,43.11792,-79.0604,2024-09-18T19:59:30.000000Z
2024,262.83299768518515,43.11792,-79.0604,2024-09-18T19:59:31.000000Z
2024,262.83300925925926,43.11791,-79.0604,2024-09-18T19:59:32.000000Z
2024,262.8330208333333,43.11791,-79.0604,2024-09-18T19:59:33.000000Z
2024,262.8330324074074,43.11791,-79.06039,2024-09-18T19:59:34.000000Z
2024,262.83304398148147,43.11791,-79.06039,2024-09-18T19:59:35.000000Z
2024,262.8330555555556,43.11792,-79.06039,2024-09-18T19:59:36.000000Z
2024,262.8330671296296,43.11792,-79.06038,2024-09-18T19:59:37.000000Z
2024,262.8330787037037,43.11792,-79.06038,2024-09-18T19:59:38.000000Z
2024,262.8330902777778,43.11792,-79.06038,2024-09-18T19:59:39.000000Z
2024,262.83310185185184,43.11791,-79.06037,2024-09-18T19:59:40.000000Z
2024,262.83311342592594,43.11791,-79.06037,2024-09-18T19:59:41.000000Z
2024,262.833125,43.11791,-79.06037,2024-09-18T19:59:42.000000Z
2024,262.83313657407405,43.11792,-79.06037,2024-09-18T19:59:43.000000Z
2024,262.83314814814815,43.11792,-79.06037,2024-09-18T19:59:44.000000Z
2024,262.8331597222222,43.11792,-79.06037,2024-09-18T19:59:45.000000Z
2024,262.8331712962963,43.11792,-79.06037,2024-09-18T19:59:46.000000Z
2024,262.84337962962957,43.118,-79.06038,2024-09-18T20:14:28.000000Z
2024,262.8433912037037,43.118,-79.06038,2024-09-18T20:14:29.000000Z
2024,262.8434027777777,43.118,-79.06039,2024-09-18T20:14:30.000000Z
2024,262.8434143518518,43.11799,-79.06039,2024-09-18T20:14:31.000000Z
2024,262.8434259259259,43.11799,-79.06039,2024-09-18T20:14:32.000000Z
2024,262.84343749999994,43.11799,-79.0604,2024-09-18T20:14:33.000000Z
2024,262.84344907407404,43.11799,-79.06039,2024-09-18T20:14:34.000000Z
2024,262.8434606481481,43.11798,-79.06039,2024-09-18T20:14:35.000000Z
2024,262.8434722222222,43.11798,-79.06039,2024-09-18T20:14:36.000000Z
2024,262.84348379629625,43.11798,-79.06038,2024-09-18T20:14:37.000000Z
2024,262.8434953703703,43.11798,-79.06038,2024-09-18T20:14:38.000000Z
2024,262.8435069444444,43.11798,-79.06038,2024-09-18T20:14:39.000000Z
2024,262.84351851851847,43.11798,-79.06037,2024-09-18T20:14:40.000000Z
2024,262.8435300925926,43.11797,-79.06037,2024-09-18T20:14:41.000000Z
2024,262.8435416666666,43.11796,-79.06037,2024-09-18T20:14:42.000000Z
2024,262.8435532407407,43.11796,-79.06038,2024-09-18T20:14:43.000000Z
2024,262.8435648148148,43.11796,-79.06037,2024-09-18T20:14:44.000000Z
2024,262.84357638888883,43.11796,-79.06037,2024-09-18T20:14:45.000000Z
2024,262.84358796296294,43.11796,-79.06037,2024-09-18T20:14:46.000000Z
2024,262.85379629629625,43.11799,-79.06045,2024-09-18T20:29:28.000000Z
2024,262.85380787037036,43.11799,-79.06045,2024-09-18T20:29:29.000000Z
2024,262.8538194444444,43.11799,-79.06044,2024-09-18T20:29:30.000000Z
2024,262.85383101851846,43.11798,-79.06044,2024-09-18T20:29:31.000000Z
2024,262.85384259259257,43.11798,-79.06044,2024-09-18T20:29:32.000000Z
2024,262.8538541666666,43.11798,-79.06044,2024-09-18T20:29:33.000000Z
2024,262.85386574074073,43.11797,-79.06043,2024-09-18T20:29:34.000000Z
2024,262.8538773148148,43.11797,-79.06042,2024-09-18T20:29:35.000000Z
2024,262.8538888888889,43.11797,-79.06041,2024-09-18T20:29:36.000000Z
2024,262.85390046296294,43.11796,-79.06041,2024-09-18T20:29:37.000000Z
2024,262.853912037037,43.11796,-79.0604,2024-09-18T20:29:38.000000Z
2024,262.8539236111111,43.11796,-79.0604,2024-09-18T20:29:39.000000Z
2024,262.85393518518515,43.11796,-79.0604,2024-09-18T20:29:40.000000Z
2024,262.85394675925926,43.11796,-79.0604,2024-09-18T20:29:41.000000Z
2024,262.8539583333333,43.11796,-79.0604,2024-09-18T20:29:42.000000Z
2024,262.85396990740736,43.11796,-79.0604,2024-09-18T20:29:43.000000Z
2024,262.85398148148147,43.11796,-79.0604,2024-09-18T20:29:44.000000Z
2024,262.8539930555555,43.11796,-79.0604,2024-09-18T20:29:45.000000Z
2024,262.8540046296296,43.11796,-79.0604,2024-09-18T20:29:46.000000Z
2024,262.86421296296294,43.11765,-79.06037,2024-09-18T20:44:28.000000Z
2024,262.86422453703705,43.11766,-79.06038,2024-09-18T20:44:29.000000Z
2024,262.8642361111111,43.11766,-79.06039,2024-09-18T20:44:30.000000Z
2024,262.86424768518515,43.11767,-79.06039,2024-09-18T20:44:31.000000Z
2024,262.86425925925926,43.11767,-79.06039,2024-09-18T20:44:32.000000Z
2024,262.8642708333333,43.11768,-79.06039,2024-09-18T20:44:33.000000Z
2024,262.8642824074074,43.1177,-79.06036,2024-09-18T20:44:34.000000Z
2024,262.86429398148147,43.11771,-79.06034,2024-09-18T20:44:35.000000Z
2024,262.8643055555556,43.11772,-79.06033,2024-09-18T20:44:36.000000Z
2024,262.8643171296296,43.11772,-79.06033,2024-09-18T20:44:37.000000Z
2024,262.8643287037037,43.11774,-79.06032,2024-09-18T20:44:38.000000Z
2024,262.8643402777778,43.11774,-79.06031,2024-09-18T20:44:39.000000Z
2024,262.86435185185184,43.11777,-79.06031,2024-09-18T20:44:40.000000Z
2024,262.86436342592594,43.1178,-79.06031,2024-09-18T20:44:41.000000Z
2024,262.864375,43.11781,-79.06031,2024-09-18T20:44:42.000000Z
2024,262.86438657407405,43.11782,-79.06031,2024-09-18T20:44:43.000000Z
2024,262.86439814814815,43.11783,-79.06031,2024-09-18T20:44:44.000000Z
2024,262.8644097222222,43.11784,-79.06031,2024-09-18T20:44:45.000000Z
2024,262.8644212962963,43.11784,-79.06032,2024-09-18T20:44:46.000000Z
2024,262.87462962962957,43.11788,-79.06029,2024-09-18T20:59:28.000000Z
2024,262.8746412037037,43.11788,-79.06029,2024-09-18T20:59:29.000000Z
2024,262.8746527777777,43.11789,-79.06029,2024-09-18T20:59:30.000000Z
2024,262.8746643518518,43.11789,-79.06029,2024-09-18T20:59:31.000000Z
2024,262.8746759259259,43.11789,-79.06029,2024-09-18T20:59:32.000000Z
2024,262.87468749999994,43.1179,-79.0603,2024-09-18T20:59:33.000000Z
2024,262.87469907407404,43.1179,-79.0603,2024-09-18T20:59:34.000000Z
2024,262.8747106481481,43.1179,-79.0603,2024-09-18T20:59:35.000000Z
2024,262.8747222222222,43.1179,-79.0603,2024-09-18T20:59:36.000000Z
2024,262.87473379629625,43.1179,-79.0603,2024-09-18T20:59:37.000000Z
2024,262.8747453703703,43.1179,-79.0603,2024-09-18T20:59:38.000000Z
2024,262.8747569444444,43.11791,-79.0603,2024-09-18T20:59:39.000000Z
2024,262.87476851851847,43.11791,-79.06031,2024-09-18T20:59:40.000000Z
2024,262.8747800925926,43.11791,-79.06031,2024-09-18T20:59:41.000000Z
2024,262.8747916666666,43.11791,-79.06031,2024-09-18T20:59:42.000000Z
2024,262.8748032407407,43.11792,-79.06032,2024-09-18T20:59:43.000000Z
2024,262.8748148148148,43.11792,-79.06032,2024-09-18T20:59:44.000000Z
2024,262.87482638888883,43.11793,-79.06033,2024-09-18T20:59:45.000000Z
2024,262.87483796296294,43.11793,-79.06033,2024-09-18T20:59:46.000000Z
2024,262.88504629629625,43.1179,-79.06028,2024-09-18T21:14:28.000000Z
2024,262.88505787037036,43.11789,-79.06029,2024-09-18T21:14:29.000000Z
2024,262.8850694444444,43.11789,-79.06029,2024-09-18T21:14:30.000000Z
2024,262.88508101851846,43.11789,-79.0603,2024-09-18T21:14:31.000000Z
2024,262.88511574074073,43.11789,-79.0603,2024-09-18T21:14:34.000000Z
2024,262.8851273148148,43.11789,-79.06029,2024-09-18T21:14:35.000000Z
2024,262.8851388888889,43.11789,-79.06028,2024-09-18T21:14:36.000000Z
2024,262.88515046296294,43.1179,-79.06028,2024-09-18T21:14:37.000000Z
2024,262.885162037037,43.1179,-79.06028,2024-09-18T21:14:38.000000Z
2024,262.8851736111111,43.1179,-79.06028,2024-09-18T21:14:39.000000Z
2024,262.8852083333333,43.11792,-79.06031,2024-09-18T21:14:42.000000Z
2024,262.88521990740736,43.11793,-79.06031,2024-09-18T21:14:43.000000Z
2024,262.88523148148147,43.11793,-79.06032,2024-09-18T21:14:44.000000Z
2024,262.8852430555555,43.11793,-79.06032,2024-09-18T21:14:45.000000Z
2024,262.8852546296296,43.11793,-79.06032,2024-09-18T21:14:46.000000Z
2024,262.8852662037037,43.11793,-79.06033,2024-09-18T21:14:47.000000Z
2024,262.88527777777773,43.11793,-79.06033,2024-09-18T21:14:48.000000Z
2024,262.88528935185184,43.11794,-79.06037,2024-09-18T21:14:49.000000Z
2024,262.8853009259259,43.11794,-79.0604,2024-09-18T21:14:50.000000Z
2024,262.89546296296294,43.11798,-79.06047,2024-09-18T21:29:28.000000Z
2024,262.89547453703705,43.11798,-79.06048,2024-09-18T21:29:29.000000Z
2024,262.8954861111111,43.11798,-79.06048,2024-09-18T21:29:30.000000Z
2024,262.89549768518515,43.11798,-79.06049,2024-09-18T21:29:31.000000Z
2024,262.89550925925926,43.11798,-79.0605,2024-09-18T21:29:32.000000Z
2024,262.8955208333333,43.11798,-79.0605,2024-09-18T21:29:33.000000Z
2024,262.8955324074074,43.11797,-79.06051,2024-09-18T21:29:34.000000Z
2024,262.89554398148147,43.11797,-79.06051,2024-09-18T21:29:35.000000Z
2024,262.8955555555556,43.11797,-79.06051,2024-09-18T21:29:36.000000Z
2024,262.8955671296296,43.11797,-79.06052,2024-09-18T21:29:37.000000Z
2024,262.8955787037037,43.11797,-79.06052,2024-09-18T21:29:38.000000Z
2024,262.8955902777778,43.11797,-79.06052,2024-09-18T21:29:39.000000Z
2024,262.89560185185184,43.11797,-79.06052,2024-09-18T21:29:40.000000Z
2024,262.89561342592594,43.11798,-79.06051,2024-09-18T21:29:41.000000Z
2024,262.895625,43.11798,-79.06051,2024-09-18T21:29:42.000000Z
2024,262.89563657407405,43.11798,-79.06051,2024-09-18T21:29:43.000000Z
2024,262.89564814814815,43.11798,-79.06051,2024-09-18T21:29:44.000000Z
2024,262.8956597222222,43.11798,-79.06051,2024-09-18T21:29:45.000000Z
2024,262.8956712962963,43.11798,-79.06051,2024-09-18T21:29:46.000000Z
2024,262.9058796296296,43.11797,-79.06042,2024-09-18T21:44:28.000000Z
2024,262.90589120370373,43.11797,-79.06042,2024-09-18T21:44:29.000000Z
2024,262.9059027777778,43.11797,-79.06042,2024-09-18T21:44:30.000000Z
2024,262.90591435185183,43.11797,-79.06043,2024-09-18T21:44:31.000000Z
2024,262.90592592592594,43.11797,-79.06043,2024-09-18T21:44:32.000000Z
2024,262.9059375,43.11797,-79.06043,2024-09-18T21:44:33.000000Z
2024,262.9059490740741,43.11797,-79.06044,2024-09-18T21:44:34.000000Z
2024,262.90596064814815,43.11797,-79.06044,2024-09-18T21:44:35.000000Z
2024,262.90597222222226,43.11798,-79.06044,2024-09-18T21:44:36.000000Z
2024,262.9059837962963,43.11798,-79.06045,2024-09-18T21:44:37.000000Z
2024,262.90599537037036,43.11798,-79.06045,2024-09-18T21:44:38.000000Z
2024,262.90600694444447,43.11798,-79.06045,2024-09-18T21:44:39.000000Z
2024,262.9060185185185,43.11798,-79.06046,2024-09-18T21:44:40.000000Z
2024,262.90603009259263,43.11798,-79.06046,2024-09-18T21:44:41.000000Z
2024,262.9060416666667,43.11798,-79.06046,2024-09-18T21:44:42.000000Z
2024,262.90605324074073,43.11798,-79.06046,2024-09-18T21:44:43.000000Z
2024,262.90606481481484,43.11798,-79.06046,2024-09-18T21:44:44.000000Z
2024,262.9060763888889,43.11798,-79.06046,2024-09-18T21:44:45.000000Z
2024,262.906087962963,43.11798,-79.06046,2024-09-18T21:44:46.000000Z
2024,262.91629629629625,43.11798,-79.06034,2024-09-18T21:59:28.000000Z
2024,262.91630787037036,43.11798,-79.06034,2024-09-18T21:59:29.000000Z
2024,262.9163194444444,43.11798,-79.06035,2024-09-18T21:59:30.000000Z
2024,262.91633101851846,43.11798,-79.06036,2024-09-18T21:59:31.000000Z
2024,262.91634259259257,43.11798,-79.06036,2024-09-18T21:59:32.000000Z
2024,262.9163541666666,43.11798,-79.06036,2024-09-18T21:59:33.000000Z
2024,262.91636574074073,43.11798,-79.06039,2024-09-18T21:59:34.000000Z
2024,262.9163773148148,43.11798,-79.06039,2024-09-18T21:59:35.000000Z
2024,262.9163888888889,43.11798,-79.06039,2024-09-18T21:59:36.000000Z
2024,262.91640046296294,43.11798,-79.06039,2024-09-18T21:59:37.000000Z
2024,262.916412037037,43.11798,-79.06039,2024-09-18T21:59:38.000000Z
2024,262.9164236111111,43.11798,-79.06039,2024-09-18T21:59:39.000000Z
2024,262.91643518518515,43.11798,-79.06039,2024-09-18T21:59:40.000000Z
2024,262.91644675925926,43.11798,-79.06039,2024-09-18T21:59:41.000000Z
2024,262.9164583333333,43.11798,-79.06039,2024-09-18T21:59:42.000000Z
2024,262.91646990740736,43.11798,-79.06039,2024-09-18T21:59:43.000000Z
2024,262.91648148148147,43.11798,-79.06038,2024-09-18T21:59:44.000000Z
2024,262.9164930555555,43.11799,-79.06038,2024-09-18T21:59:45.000000Z
2024,262.9165046296296,43.11799,-79.06038,2024-09-18T21:59:46.000000Z
2024,262.92671296296294,43.11795,-79.0603,2024-09-18T22:14:28.000000Z
2024,262.92672453703705,43.11793,-79.0603,2024-09-18T22:14:29.000000Z
2024,262.9267361111111,43.11793,-79.06031,2024-09-18T22:14:30.000000Z
2024,262.92674768518515,43.11793,-79.06031,2024-09-18T22:14:31.000000Z
2024,262.92675925925926,43.11792,-79.06031,2024-09-18T22:14:32.000000Z
2024,262.9267708333333,43.11791,-79.06032,2024-09-18T22:14:33.000000Z
2024,262.9267824074074,43.11791,-79.06032,2024-09-18T22:14:34.000000Z
2024,262.92679398148147,43.11791,-79.06033,2024-09-18T22:14:35.000000Z
2024,262.9268055555556,43.11791,-79.06033,2024-09-18T22:14:36.000000Z
2024,262.9268171296296,43.11791,-79.06034,2024-09-18T22:14:37.000000Z
2024,262.9268287037037,43.11791,-79.06034,2024-09-18T22:14:38.000000Z
2024,262.9268402777778,43.11791,-79.06034,2024-09-18T22:14:39.000000Z
2024,262.92685185185184,43.1179,-79.06035,2024-09-18T22:14:40.000000Z
2024,262.92686342592594,43.1179,-79.06036,2024-09-18T22:14:41.000000Z
2024,262.926875,43.11791,-79.06037,2024-09-18T22:14:42.000000Z
2024,262.92688657407405,43.1179,-79.06037,2024-09-18T22:14:43.000000Z
2024,262.92689814814815,43.11791,-79.06037,2024-09-18T22:14:44.000000Z
2024,262.9269097222222,43.1179,-79.06038,2024-09-18T22:14:45.000000Z
2024,262.9269212962963,43.1179,-79.06039,2024-09-18T22:14:46.000000Z
2024,262.9371296296296,43.11807,-79.06055,2024-09-18T22:29:28.000000Z
2024,262.93714120370373,43.11806,-79.06055,2024-09-18T22:29:29.000000Z
2024,262.9371527777778,43.11806,-79.06054,2024-09-18T22:29:30.000000Z
2024,262.93716435185183,43.11806,-79.06053,2024-09-18T22:29:31.000000Z
2024,262.93717592592594,43.11805,-79.06052,2024-09-18T22:29:32.000000Z
2024,262.9371875,43.11804,-79.06051,2024-09-18T22:29:33.000000Z
2024,262.9371990740741,43.11804,-79.06051,2024-09-18T22:29:34.000000Z
2024,262.93721064814815,43.11804,-79.06051,2024-09-18T22:29:35.000000Z
2024,262.93722222222226,43.11804,-79.06051,2024-09-18T22:29:36.000000Z
2024,262.9372337962963,43.11804,-79.06052,2024-09-18T22:29:37.000000Z
2024,262.93724537037036,43.11804,-79.06052,2024-09-18T22:29:38.000000Z
2024,262.93725694444447,43.11804,-79.06052,2024-09-18T22:29:39.000000Z
2024,262.9372685185185,43.11804,-79.06052,2024-09-18T22:29:40.000000Z
2024,262.93728009259263,43.11804,-79.06052,2024-09-18T22:29:41.000000Z
2024,262.9372916666667,43.11804,-79.06052,2024-09-18T22:29:42.000000Z
2024,262.93730324074073,43.11804,-79.06051,2024-09-18T22:29:43.000000Z
2024,262.93731481481484,43.11803,-79.06051,2024-09-18T22:29:44.000000Z
2024,262.9373263888889,43.11803,-79.06051,2024-09-18T22:29:45.000000Z
2024,262.937337962963,43.11803,-79.06051,2024-09-18T22:29:46.000000Z
2024,262.9475462962963,43.11787,-79.06032,2024-09-18T22:44:28.000000Z
2024,262.9475578703704,43.11787,-79.06032,2024-09-18T22:44:29.000000Z
2024,262.94756944444447,43.11787,-79.06031,2024-09-18T22:44:30.000000Z
2024,262.9475810185185,43.11787,-79.06032,2024-09-18T22:44:31.000000Z
2024,262.9475925925926,43.11787,-79.06031,2024-09-18T22:44:32.000000Z
2024,262.9476041666667,43.11787,-79.06031,2024-09-18T22:44:33.000000Z
2024,262.9476157407408,43.11787,-79.06032,2024-09-18T22:44:34.000000Z
2024,262.94762731481484,43.11787,-79.06032,2024-09-18T22:44:35.000000Z
2024,262.94763888888895,43.11788,-79.06033,2024-09-18T22:44:36.000000Z
2024,262.947650462963,43.11788,-79.06034,2024-09-18T22:44:37.000000Z
2024,262.94766203703705,43.11789,-79.06033,2024-09-18T22:44:38.000000Z
2024,262.94767361111116,43.11789,-79.06033,2024-09-18T22:44:39.000000Z
2024,262.9476851851852,43.1179,-79.06033,2024-09-18T22:44:40.000000Z
2024,262.9476967592593,43.1179,-79.06034,2024-09-18T22:44:41.000000Z
2024,262.94770833333337,43.11791,-79.06034,2024-09-18T22:44:42.000000Z
2024,262.9477199074074,43.11791,-79.06034,2024-09-18T22:44:43.000000Z
2024,262.9477314814815,43.11791,-79.06035,2024-09-18T22:44:44.000000Z
2024,262.9477430555556,43.11791,-79.06035,2024-09-18T22:44:45.000000Z
2024,262.9477546296297,43.11791,-79.06035,2024-09-18T22:44:46.000000Z
2024,262.9579513888889,43.11779,-79.06029,2024-09-18T22:59:27.000000Z
2024,262.95796296296294,43.11779,-79.06029,2024-09-18T22:59:28.000000Z
2024,262.95797453703705,43.11778,-79.06027,2024-09-18T22:59:29.000000Z
2024,262.9579861111111,43.11778,-79.06027,2024-09-18T22:59:30.000000Z
2024,262.95799768518515,43.11778,-79.06027,2024-09-18T22:59:31.000000Z
2024,262.95800925925926,43.11778,-79.06027,2024-09-18T22:59:32.000000Z
2024,262.9580208333333,43.11778,-79.06027,2024-09-18T22:59:33.000000Z
2024,262.9580324074074,43.11779,-79.06027,2024-09-18T22:59:34.000000Z
2024,262.95804398148147,43.11779,-79.06028,2024-09-18T22:59:35.000000Z
2024,262.9580555555556,43.11779,-79.06027,2024-09-18T22:59:36.000000Z
2024,262.9580671296296,43.11779,-79.06027,2024-09-18T22:59:37.000000Z
2024,262.9580787037037,43.1178,-79.06027,2024-09-18T22:59:38.000000Z
2024,262.9580902777778,43.11779,-79.06027,2024-09-18T22:59:39.000000Z
2024,262.95810185185184,43.1178,-79.06027,2024-09-18T22:59:40.000000Z
2024,262.95811342592594,43.1178,-79.06027,2024-09-18T22:59:41.000000Z
2024,262.958125,43.1178,-79.06027,2024-09-18T22:59:42.000000Z
2024,262.95813657407405,43.11781,-79.06027,2024-09-18T22:59:43.000000Z
2024,262.95814814814815,43.11781,-79.06027,2024-09-18T22:59:44.000000Z
2024,262.9581597222222,43.11782,-79.06028,2024-09-18T22:59:45.000000Z
2024,262.9581712962963,43.11782,-79.06028,2024-09-18T22:59:46.000000Z
2024,262.9683680555555,43.11786,-79.06032,2024-09-18T23:14:27.000000Z
2024,262.96837962962957,43.11786,-79.06032,2024-09-18T23:14:28.000000Z
2024,262.9683912037037,43.11786,-79.06032,2024-09-18T23:14:29.000000Z
2024,262.9684027777777,43.11786,-79.06032,2024-09-18T23:14:30.000000Z
2024,262.9684143518518,43.11787,-79.06032,2024-09-18T23:14:31.000000Z
2024,262.9684259259259,43.11787,-79.06033,2024-09-18T23:14:32.000000Z
2024,262.96843749999994,43.11787,-79.06033,2024-09-18T23:14:33.000000Z
2024,262.96844907407404,43.11787,-79.06034,2024-09-18T23:14:34.000000Z
2024,262.9684606481481,43.11787,-79.06034,2024-09-18T23:14:35.000000Z
2024,262.9684722222222,43.11787,-79.06034,2024-09-18T23:14:36.000000Z
2024,262.96848379629625,43.11787,-79.06034,2024-09-18T23:14:37.000000Z
2024,262.9684953703703,43.11787,-79.06034,2024-09-18T23:14:38.000000Z
2024,262.9685069444444,43.11787,-79.06034,2024-09-18T23:14:39.000000Z
2024,262.96851851851847,43.11787,-79.06034,2024-09-18T23:14:40.000000Z
2024,262.9685300925926,43.11787,-79.06034,2024-09-18T23:14:41.000000Z
2024,262.9685416666666,43.11787,-79.06034,2024-09-18T23:14:42.000000Z
2024,262.9685532407407,43.11787,-79.06034,2024-09-18T23:14:43.000000Z
2024,262.9685648148148,43.11787,-79.06034,2024-09-18T23:14:44.000000Z
2024,262.96857638888883,43.11787,-79.06035,2024-09-18T23:14:45.000000Z
2024,262.96858796296294,43.11787,-79.06035,2024-09-18T23:14:46.000000Z
2024,262.9787847222222,43.11763,-79.06015,2024-09-18T23:29:27.000000Z
2024,262.97879629629625,43.11765,-79.06015,2024-09-18T23:29:28.000000Z
2024,262.97880787037036,43.11767,-79.06015,2024-09-18T23:29:29.000000Z
2024,262.9788194444444,43.11771,-79.06015,2024-09-18T23:29:30.000000Z
2024,262.97883101851846,43.11772,-79.06015,2024-09-18T23:29:31.000000Z
2024,262.97884259259257,43.11772,-79.06014,2024-09-18T23:29:32.000000Z
2024,262.9788541666666,43.11774,-79.06014,2024-09-18T23:29:33.000000Z
2024,262.97886574074073,43.11775,-79.06013,2024-09-18T23:29:34.000000Z
2024,262.9788773148148,43.11775,-79.06013,2024-09-18T23:29:35.000000Z
2024,262.9788888888889,43.11775,-79.06013,2024-09-18T23:29:36.000000Z
2024,262.97890046296294,43.11776,-79.06013,2024-09-18T23:29:37.000000Z
2024,262.978912037037,43.11776,-79.06012,2024-09-18T23:29:38.000000Z
2024,262.9789236111111,43.11777,-79.06012,2024-09-18T23:29:39.000000Z
2024,262.97893518518515,43.11776,-79.06012,2024-09-18T23:29:40.000000Z
2024,262.97894675925926,43.11777,-79.06012,2024-09-18T23:29:41.000000Z
2024,262.9789583333333,43.11777,-79.06012,2024-09-18T23:29:42.000000Z
2024,262.97896990740736,43.11777,-79.06012,2024-09-18T23:29:43.000000Z
2024,262.97898148148147,43.11777,-79.06012,2024-09-18T23:29:44.000000Z
2024,262.9789930555555,43.11778,-79.06012,2024-09-18T23:29:45.000000Z
2024,262.9790046296296,43.11778,-79.06013,2024-09-18T23:29:46.000000Z
2024,262.9892013888889,43.11785,-79.06027,2024-09-18T23:44:27.000000Z
2024,262.98921296296294,43.11785,-79.06028,2024-09-18T23:44:28.000000Z
2024,262.98922453703705,43.11785,-79.06027,2024-09-18T23:44:29.000000Z
2024,262.9892361111111,43.11785,-79.06027,2024-09-18T23:44:30.000000Z
2024,262.98924768518515,43.11785,-79.06025,2024-09-18T23:44:31.000000Z
2024,262.98925925925926,43.11785,-79.06024,2024-09-18T23:44:32.000000Z
2024,262.9892708333333,43.11785,-79.06024,2024-09-18T23:44:33.000000Z
2024,262.9892824074074,43.11785,-79.06024,2024-09-18T23:44:34.000000Z
2024,262.98929398148147,43.11785,-79.06024,2024-09-18T23:44:35.000000Z
2024,262.9893055555556,43.11785,-79.06024,2024-09-18T23:44:36.000000Z
2024,262.9893171296296,43.11785,-79.06025,2024-09-18T23:44:37.000000Z
2024,262.9893287037037,43.11785,-79.06026,2024-09-18T23:44:38.000000Z
2024,262.9893402777778,43.11785,-79.06026,2024-09-18T23:44:39.000000Z
2024,262.98935185185184,43.11784,-79.06025,2024-09-18T23:44:40.000000Z
2024,262.98936342592594,43.11785,-79.06025,2024-09-18T23:44:41.000000Z
2024,262.989375,43.11785,-79.06026,2024-09-18T23:44:42.000000Z
2024,262.98938657407405,43.11785,-79.06025,2024-09-18T23:44:43.000000Z
2024,262.98939814814815,43.11785,-79.06025,2024-09-18T23:44:44.000000Z
2024,262.9894097222222,43.11785,-79.06025,2024-09-18T23:44:45.000000Z
2024,262.9894212962963,43.11785,-79.06025,2024-09-18T23:44:46.000000Z
2024,262.9996180555555,43.11789,-79.06023,2024-09-18T23:59:27.000000Z
2024,262.99962962962957,43.1179,-79.06022,2024-09-18T23:59:28.000000Z
2024,262.9996412037037,43.1179,-79.06022,2024-09-18T23:59:29.000000Z
2024,262.9996527777777,43.1179,-79.06022,2024-09-18T23:59:30.000000Z
2024,262.9996643518518,43.1179,-79.06021,2024-09-18T23:59:31.000000Z
2024,262.9996759259259,43.1179,-79.06021,2024-09-18T23:59:32.000000Z
2024,262.99968749999994,43.11791,-79.06021,2024-09-18T23:59:33.000000Z
2024,262.99969907407404,43.11791,-79.06021,2024-09-18T23:59:34.000000Z
2024,262.9997106481481,43.11791,-79.06021,2024-09-18T23:59:35.000000Z
2024,262.9997222222222,43.11791,-79.06021,2024-09-18T23:59:36.000000Z
2024,262.99973379629625,43.11791,-79.06021,2024-09-18T23:59:37.000000Z
2024,262.9997453703703,43.11791,-79.06021,2024-09-18T23:59:38.000000Z
2024,262.9997569444444,43.11791,-79.06021,2024-09-18T23:59:39.000000Z
2024,262.99976851851847,43.11791,-79.06021,2024-09-18T23:59:40.000000Z
2024,262.9997800925926,43.11791,-79.06021,2024-09-18T23:59:41.000000Z
2024,262.9997916666666,43.11791,-79.06021,2024-09-18T23:59:42.000000Z
2024,262.9998032407407,43.11791,-79.06021,2024-09-18T23:59:43.000000Z
2024,262.9998148148148,43.11791,-79.06021,2024-09-18T23:59:44.000000Z
2024,262.99982638888883,43.1179,-79.06021,2024-09-18T23:59:45.000000Z
2024,262.99983796296294,43.1179,-79.06021,2024-09-18T23:59:46.000000Z
2024,263.0100347222222,43.11788,-79.06027,2024-09-19T00:14:27.000000Z
2024,263.01004629629625,43.11788,-79.06027,2024-09-19T00:14:28.000000Z
2024,263.01005787037036,43.11788,-79.06027,2024-09-19T00:14:29.000000Z
2024,263.0100694444444,43.11789,-79.06027,2024-09-19T00:14:30.000000Z
2024,263.01008101851846,43.11789,-79.06027,2024-09-19T00:14:31.000000Z
2024,263.01009259259257,43.1179,-79.06027,2024-09-19T00:14:32.000000Z
2024,263.0101041666666,43.1179,-79.06027,2024-09-19T00:14:33.000000Z
2024,263.01011574074073,43.1179,-79.06027,2024-09-19T00:14:34.000000Z
2024,263.0101273148148,43.1179,-79.06026,2024-09-19T00:14:35.000000Z
2024,263.0101388888889,43.1179,-79.06027,2024-09-19T00:14:36.000000Z
2024,263.01015046296294,43.1179,-79.06027,2024-09-19T00:14:37.000000Z
2024,263.010162037037,43.1179,-79.06027,2024-09-19T00:14:38.000000Z
2024,263.0101736111111,43.1179,-79.06027,2024-09-19T00:14:39.000000Z
2024,263.01018518518515,43.11791,-79.06027,2024-09-19T00:14:40.000000Z
2024,263.01019675925926,43.11791,-79.06028,2024-09-19T00:14:41.000000Z
2024,263.0102083333333,43.11791,-79.06029,2024-09-19T00:14:42.000000Z
2024,263.01021990740736,43.11792,-79.0603,2024-09-19T00:14:43.000000Z
2024,263.01023148148147,43.11792,-79.06031,2024-09-19T00:14:44.000000Z
2024,263.0102430555555,43.11792,-79.06031,2024-09-19T00:14:45.000000Z
2024,263.0102546296296,43.11793,-79.06031,2024-09-19T00:14:46.000000Z
2024,263.0204513888889,43.11809,-79.06039,2024-09-19T00:29:27.000000Z
2024,263.02046296296294,43.1181,-79.06039,2024-09-19T00:29:28.000000Z
2024,263.02047453703705,43.1181,-79.06039,2024-09-19T00:29:29.000000Z
2024,263.0204861111111,43.1181,-79.06038,2024-09-19T00:29:30.000000Z
2024,263.02049768518515,43.11811,-79.06038,2024-09-19T00:29:31.000000Z
2024,263.02050925925926,43.11811,-79.06038,2024-09-19T00:29:32.000000Z
2024,263.0205208333333,43.11811,-79.06037,2024-09-19T00:29:33.000000Z
2024,263.0205324074074,43.11811,-79.06037,2024-09-19T00:29:34.000000Z
2024,263.02054398148147,43.11812,-79.06037,2024-09-19T00:29:35.000000Z
2024,263.0205555555556,43.11812,-79.06037,2024-09-19T00:29:36.000000Z
2024,263.0205671296296,43.11812,-79.06037,2024-09-19T00:29:37.000000Z
2024,263.0205787037037,43.11812,-79.06037,2024-09-19T00:29:38.000000Z
2024,263.0205902777778,43.11812,-79.06037,2024-09-19T00:29:39.000000Z
2024,263.02060185185184,43.11812,-79.06036,2024-09-19T00:29:40.000000Z
2024,263.02061342592594,43.11812,-79.06036,2024-09-19T00:29:41.000000Z
2024,263.020625,43.11813,-79.06035,2024-09-19T00:29:42.000000Z
2024,263.02063657407405,43.11813,-79.06035,2024-09-19T00:29:43.000000Z
2024,263.02064814814815,43.11813,-79.06035,2024-09-19T00:29:44.000000Z
2024,263.0206597222222,43.11813,-79.06035,2024-09-19T00:29:45.000000Z
2024,263.0206712962963,43.11813,-79.06034,2024-09-19T00:29:46.000000Z
2024,263.0308680555556,43.11804,-79.0604,2024-09-19T00:44:27.000000Z
2024,263.0308796296296,43.11804,-79.0604,2024-09-19T00:44:28.000000Z
2024,263.03089120370373,43.11803,-79.0604,2024-09-19T00:44:29.000000Z
2024,263.0309027777778,43.11803,-79.0604,2024-09-19T00:44:30.000000Z
2024,263.03091435185183,43.11803,-79.0604,2024-09-19T00:44:31.000000Z
2024,263.03092592592594,43.11802,-79.0604,2024-09-19T00:44:32.000000Z
2024,263.0309375,43.11802,-79.0604,2024-09-19T00:44:33.000000Z
2024,263.0309490740741,43.11802,-79.0604,2024-09-19T00:44:34.000000Z
2024,263.03096064814815,43.11802,-79.06041,2024-09-19T00:44:35.000000Z
2024,263.03097222222226,43.11801,-79.06041,2024-09-19T00:44:36.000000Z
2024,263.0309837962963,43.11801,-79.06041,2024-09-19T00:44:37.000000Z
2024,263.03099537037036,43.11801,-79.06042,2024-09-19T00:44:38.000000Z
2024,263.03100694444447,43.11802,-79.06042,2024-09-19T00:44:39.000000Z
2024,263.0310185185185,43.11802,-79.06043,2024-09-19T00:44:40.000000Z
2024,263.03103009259263,43.11802,-79.06043,2024-09-19T00:44:41.000000Z
2024,263.0310416666667,43.11802,-79.06043,2024-09-19T00:44:42.000000Z
2024,263.03105324074073,43.11802,-79.06044,2024-09-19T00:44:43.000000Z
2024,263.03106481481484,43.11802,-79.06044,2024-09-19T00:44:44.000000Z
2024,263.0310763888889,43.11802,-79.06044,2024-09-19T00:44:45.000000Z
2024,263.031087962963,43.11802,-79.06044,2024-09-19T00:44:46.000000Z
2024,263.0412847222222,43.11802,-79.06045,2024-09-19T00:59:27.000000Z
2024,263.04129629629625,43.11804,-79.06046,2024-09-19T00:59:28.000000Z
2024,263.04130787037036,43.11803,-79.06046,2024-09-19T00:59:29.000000Z
2024,263.0413194444444,43.11803,-79.06045,2024-09-19T00:59:30.000000Z
2024,263.04133101851846,43.11804,-79.06047,2024-09-19T00:59:31.000000Z
2024,263.04134259259257,43.11805,-79.06047,2024-09-19T00:59:32.000000Z
2024,263.0413541666666,43.11805,-79.06047,2024-09-19T00:59:33.000000Z
2024,263.04136574074073,43.11804,-79.06047,2024-09-19T00:59:34.000000Z
2024,263.0413773148148,43.11804,-79.06047,2024-09-19T00:59:35.000000Z
2024,263.0413888888889,43.11803,-79.06047,2024-09-19T00:59:36.000000Z
2024,263.04140046296294,43.11803,-79.06047,2024-09-19T00:59:37.000000Z
2024,263.041412037037,43.11803,-79.06047,2024-09-19T00:59:38.000000Z
2024,263.0414236111111,43.11803,-79.06046,2024-09-19T00:59:39.000000Z
2024,263.04143518518515,43.11802,-79.06046,2024-09-19T00:59:40.000000Z
2024,263.04144675925926,43.11801,-79.06045,2024-09-19T00:59:41.000000Z
2024,263.0414583333333,43.11801,-79.06045,2024-09-19T00:59:42.000000Z
2024,263.04146990740736,43.11801,-79.06045,2024-09-19T00:59:43.000000Z
2024,263.04148148148147,43.11801,-79.06044,2024-09-19T00:59:44.000000Z
2024,263.0414930555555,43.11801,-79.06044,2024-09-19T00:59:45.000000Z
2024,263.0415046296296,43.11801,-79.06044,2024-09-19T00:59:46.000000Z
2024,263.0517013888889,43.11796,-79.0604,2024-09-19T01:14:27.000000Z
2024,263.05171296296294,43.11796,-79.06042,2024-09-19T01:14:28.000000Z
2024,263.05172453703705,43.11797,-79.06043,2024-09-19T01:14:29.000000Z
2024,263.0517361111111,43.11797,-79.06043,2024-09-19T01:14:30.000000Z
2024,263.05174768518515,43.11797,-79.06043,2024-09-19T01:14:31.000000Z
2024,263.05175925925926,43.11797,-79.06043,2024-09-19T01:14:32.000000Z
2024,263.0517708333333,43.11797,-79.06043,2024-09-19T01:14:33.000000Z
2024,263.0517824074074,43.11798,-79.06043,2024-09-19T01:14:34.000000Z
2024,263.05179398148147,43.11797,-79.06043,2024-09-19T01:14:35.000000Z
2024,263.0518055555556,43.11797,-79.06043,2024-09-19T01:14:36.000000Z
2024,263.0518171296296,43.11797,-79.06043,2024-09-19T01:14:37.000000Z
2024,263.0518287037037,43.11797,-79.06042,2024-09-19T01:14:38.000000Z
2024,263.0518402777778,43.11796,-79.06041,2024-09-19T01:14:39.000000Z
2024,263.05185185185184,43.11796,-79.06041,2024-09-19T01:14:40.000000Z
2024,263.05186342592594,43.11796,-79.06041,2024-09-19T01:14:41.000000Z
2024,263.051875,43.11796,-79.06041,2024-09-19T01:14:42.000000Z
2024,263.05188657407405,43.11796,-79.06041,2024-09-19T01:14:43.000000Z
2024,263.05189814814815,43.11796,-79.06041,2024-09-19T01:14:44.000000Z
2024,263.0519097222222,43.11796,-79.06041,2024-09-19T01:14:45.000000Z
2024,263.0519212962963,43.11796,-79.06041,2024-09-19T01:14:46.000000Z
2024,263.0621180555556,43.11792,-79.0604,2024-09-19T01:29:27.000000Z
2024,263.0621296296296,43.11792,-79.0604,2024-09-19T01:29:28.000000Z
2024,263.06214120370373,43.11793,-79.0604,2024-09-19T01:29:29.000000Z
2024,263.0621527777778,43.11793,-79.0604,2024-09-19T01:29:30.000000Z
2024,263.06216435185183,43.11793,-79.06041,2024-09-19T01:29:31.000000Z
2024,263.06217592592594,43.11794,-79.06041,2024-09-19T01:29:32.000000Z
2024,263.0621875,43.11794,-79.06042,2024-09-19T01:29:33.000000Z
2024,263.0621990740741,43.11795,-79.06042,2024-09-19T01:29:34.000000Z
2024,263.06221064814815,43.11795,-79.06043,2024-09-19T01:29:35.000000Z
2024,263.06222222222226,43.11796,-79.06044,2024-09-19T01:29:36.000000Z
2024,263.0622337962963,43.11796,-79.06044,2024-09-19T01:29:37.000000Z
2024,263.06224537037036,43.11796,-79.06044,2024-09-19T01:29:38.000000Z
2024,263.06225694444447,43.11797,-79.06044,2024-09-19T01:29:39.000000Z
2024,263.0622685185185,43.11797,-79.06045,2024-09-19T01:29:40.000000Z
2024,263.06228009259263,43.11798,-79.06046,2024-09-19T01:29:41.000000Z
2024,263.0622916666667,43.11798,-79.06046,2024-09-19T01:29:42.000000Z
2024,263.06230324074073,43.11798,-79.06047,2024-09-19T01:29:43.000000Z
2024,263.06231481481484,43.11799,-79.06047,2024-09-19T01:29:44.000000Z
2024,263.0623263888889,43.11799,-79.06047,2024-09-19T01:29:45.000000Z
2024,263.062337962963,43.11799,-79.06047,2024-09-19T01:29:46.000000Z
2024,263.07253472222226,43.11809,-79.06046,2024-09-19T01:44:27.000000Z
2024,263.0725462962963,43.11808,-79.06046,2024-09-19T01:44:28.000000Z
2024,263.0725578703704,43.11808,-79.06046,2024-09-19T01:44:29.000000Z
2024,263.07256944444447,43.11808,-79.06046,2024-09-19T01:44:30.000000Z
2024,263.0725810185185,43.11808,-79.06046,2024-09-19T01:44:31.000000Z
2024,263.0725925925926,43.11809,-79.06045,2024-09-19T01:44:32.000000Z
2024,263.0726041666667,43.11809,-79.06045,2024-09-19T01:44:33.000000Z
2024,263.0726157407408,43.11809,-79.06044,2024-09-19T01:44:34.000000Z
2024,263.07263888888895,43.11809,-79.06044,2024-09-19T01:44:36.000000Z
2024,263.072650462963,43.11808,-79.06044,2024-09-19T01:44:37.000000Z
2024,263.07266203703705,43.11808,-79.06044,2024-09-19T01:44:38.000000Z
2024,263.07267361111116,43.11808,-79.06044,2024-09-19T01:44:39.000000Z
2024,263.0726851851852,43.11808,-79.06044,2024-09-19T01:44:40.000000Z
2024,263.0726967592593,43.11808,-79.06043,2024-09-19T01:44:41.000000Z
2024,263.07270833333337,43.11808,-79.06043,2024-09-19T01:44:42.000000Z
2024,263.0727199074074,43.11807,-79.06043,2024-09-19T01:44:43.000000Z
2024,263.0727314814815,43.11807,-79.06043,2024-09-19T01:44:44.000000Z
2024,263.0727430555556,43.11807,-79.06043,2024-09-19T01:44:45.000000Z
2024,263.0727546296297,43.11806,-79.06042,2024-09-19T01:44:46.000000Z
2024,263.0829513888889,43.11799,-79.06044,2024-09-19T01:59:27.000000Z
2024,263.08296296296294,43.11798,-79.06043,2024-09-19T01:59:28.000000Z
2024,263.08297453703705,43.11796,-79.06042,2024-09-19T01:59:29.000000Z
2024,263.0829861111111,43.11796,-79.06042,2024-09-19T01:59:30.000000Z
2024,263.08299768518515,43.11797,-79.06042,2024-09-19T01:59:31.000000Z
2024,263.08300925925926,43.11797,-79.06043,2024-09-19T01:59:32.000000Z
2024,263.0830208333333,43.11797,-79.06043,2024-09-19T01:59:33.000000Z
2024,263.0830324074074,43.11797,-79.06043,2024-09-19T01:59:34.000000Z
2024,263.08304398148147,43.11797,-79.06043,2024-09-19T01:59:35.000000Z
2024,263.0830555555556,43.11797,-79.06044,2024-09-19T01:59:36.000000Z
2024,263.0830671296296,43.11798,-79.06043,2024-09-19T01:59:37.000000Z
2024,263.0830787037037,43.11798,-79.06044,2024-09-19T01:59:38.000000Z
2024,263.0830902777778,43.11798,-79.06044,2024-09-19T01:59:39.000000Z
2024,263.08310185185184,43.11798,-79.06044,2024-09-19T01:59:40.000000Z
2024,263.08311342592594,43.11798,-79.06044,2024-09-19T01:59:41.000000Z
2024,263.083125,43.11798,-79.06046,2024-09-19T01:59:42.000000Z
2024,263.08313657407405,43.11797,-79.06047,2024-09-19T01:59:43.000000Z
2024,263.08314814814815,43.11797,-79.06047,2024-09-19T01:59:44.000000Z
2024,263.0831597222222,43.11797,-79.06047,2024-09-19T01:59:45.000000Z
2024,263.0831712962963,43.11796,-79.06047,2024-09-19T01:59:46.000000Z
2024,263.0933680555555,43.11795,-79.0604,2024-09-19T02:14:27.000000Z
2024,263.09337962962957,43.11794,-79.0604,2024-09-19T02:14:28.000000Z
2024,263.0933912037037,43.11795,-79.0604,2024-09-19T02:14:29.000000Z
2024,263.0934027777777,43.11795,-79.0604,2024-09-19T02:14:30.000000Z
2024,263.0934143518518,43.11795,-79.0604,2024-09-19T02:14:31.000000Z
2024,263.0934259259259,43.11796,-79.0604,2024-09-19T02:14:32.000000Z
2024,263.09343749999994,43.11797,-79.0604,2024-09-19T02:14:33.000000Z
2024,263.09344907407404,43.11798,-79.0604,2024-09-19T02:14:34.000000Z
2024,263.0934606481481,43.11798,-79.0604,2024-09-19T02:14:35.000000Z
2024,263.0934722222222,43.11798,-79.06041,2024-09-19T02:14:36.000000Z
2024,263.09348379629625,43.11798,-79.06041,2024-09-19T02:14:37.000000Z
2024,263.0934953703703,43.11798,-79.06041,2024-09-19T02:14:38.000000Z
2024,263.0935069444444,43.11798,-79.06041,2024-09-19T02:14:39.000000Z
2024,263.09351851851847,43.11799,-79.06042,2024-09-19T02:14:40.000000Z
2024,263.0935300925926,43.11799,-79.06042,2024-09-19T02:14:41.000000Z
2024,263.0935416666666,43.118,-79.06043,2024-09-19T02:14:42.000000Z
2024,263.0935532407407,43.11801,-79.06043,2024-09-19T02:14:43.000000Z
2024,263.0935648148148,43.11801,-79.06044,2024-09-19T02:14:44.000000Z
2024,263.09357638888883,43.11801,-79.06044,2024-09-19T02:14:45.000000Z
2024,263.09358796296294,43.11802,-79.06044,2024-09-19T02:14:46.000000Z
2024,263.1037847222222,43.11796,-79.06044,2024-09-19T02:29:27.000000Z
2024,263.10379629629625,43.11797,-79.06044,2024-09-19T02:29:28.000000Z
2024,263.10380787037036,43.11797,-79.06044,2024-09-19T02:29:29.000000Z
2024,263.1038194444444,43.11797,-79.06044,2024-09-19T02:29:30.000000Z
2024,263.10383101851846,43.11798,-79.06044,2024-09-19T02:29:31.000000Z
2024,263.10384259259257,43.11797,-79.06045,2024-09-19T02:29:32.000000Z
2024,263.1038541666666,43.11798,-79.06045,2024-09-19T02:29:33.000000Z
2024,263.10386574074073,43.11798,-79.06046,2024-09-19T02:29:34.000000Z
2024,263.1038773148148,43.11798,-79.06046,2024-09-19T02:29:35.000000Z
2024,263.1038888888889,43.11799,-79.06046,2024-09-19T02:29:36.000000Z
2024,263.10390046296294,43.11799,-79.06046,2024-09-19T02:29:37.000000Z
2024,263.103912037037,43.11799,-79.06046,2024-09-19T02:29:38.000000Z
2024,263.1039236111111,43.118,-79.06047,2024-09-19T02:29:39.000000Z
2024,263.10393518518515,43.118,-79.06047,2024-09-19T02:29:40.000000Z
2024,263.10394675925926,43.118,-79.06047,2024-09-19T02:29:41.000000Z
2024,263.1039583333333,43.118,-79.06047,2024-09-19T02:29:42.000000Z
2024,263.10396990740736,43.118,-79.06047,2024-09-19T02:29:43.000000Z
2024,263.10398148148147,43.118,-79.06047,2024-09-19T02:29:44.000000Z
2024,263.1039930555555,43.118,-79.06047,2024-09-19T02:29:45.000000Z
2024,263.1040046296296,43.118,-79.06047,2024-09-19T02:29:46.000000Z
2024,263.1141666666667,43.118,-79.06032,2024-09-19T02:44:24.000000Z
2024,263.1141782407407,43.11801,-79.06033,2024-09-19T02:44:25.000000Z
2024,263.1142013888889,43.11801,-79.0604,2024-09-19T02:44:27.000000Z
2024,263.11421296296294,43.11804,-79.0604,2024-09-19T02:44:28.000000Z
2024,263.11422453703705,43.11806,-79.0604,2024-09-19T02:44:29.000000Z
2024,263.1142361111111,43.11808,-79.0604,2024-09-19T02:44:30.000000Z
2024,263.11424768518515,43.11812,-79.0604,2024-09-19T02:44:31.000000Z
2024,263.11425925925926,43.11814,-79.0604,2024-09-19T02:44:32.000000Z
2024,263.1142708333333,43.11814,-79.0604,2024-09-19T02:44:33.000000Z
2024,263.1142824074074,43.11816,-79.0604,2024-09-19T02:44:34.000000Z
2024,263.11429398148147,43.11817,-79.0604,2024-09-19T02:44:35.000000Z
2024,263.1143055555556,43.11817,-79.0604,2024-09-19T02:44:36.000000Z
2024,263.1143171296296,43.11817,-79.06041,2024-09-19T02:44:37.000000Z
2024,263.1143287037037,43.11817,-79.06041,2024-09-19T02:44:38.000000Z
2024,263.1143402777778,43.11817,-79.06042,2024-09-19T02:44:39.000000Z
2024,263.11435185185184,43.11818,-79.06042,2024-09-19T02:44:40.000000Z
2024,263.11436342592594,43.11818,-79.06042,2024-09-19T02:44:41.000000Z
2024,263.114375,43.11819,-79.06042,2024-09-19T02:44:42.000000Z
2024,263.11438657407405,43.11819,-79.06043,2024-09-19T02:44:43.000000Z
2024,263.11439814814815,43.11819,-79.06043,2024-09-19T02:44:44.000000Z
2024,263.1246180555555,43.11817,-79.06047,2024-09-19T02:59:27.000000Z
2024,263.12462962962957,43.11816,-79.06047,2024-09-19T02:59:28.000000Z
2024,263.1246412037037,43.11816,-79.06049,2024-09-19T02:59:29.000000Z
2024,263.1246527777777,43.11816,-79.0605,2024-09-19T02:59:30.000000Z
2024,263.1246643518518,43.11816,-79.06051,2024-09-19T02:59:31.000000Z
2024,263.1246759259259,43.11816,-79.06053,2024-09-19T02:59:32.000000Z
2024,263.12468749999994,43.11816,-79.06055,2024-09-19T02:59:33.000000Z
2024,263.12469907407404,43.11816,-79.06056,2024-09-19T02:59:34.000000Z
2024,263.1247106481481,43.11816,-79.06057,2024-09-19T02:59:35.000000Z
2024,263.1247222222222,43.11816,-79.06058,2024-09-19T02:59:36.000000Z
2024,263.12473379629625,43.11816,-79.06059,2024-09-19T02:59:37.000000Z
2024,263.1247453703703,43.11816,-79.06059,2024-09-19T02:59:38.000000Z
2024,263.1247569444444,43.11816,-79.0606,2024-09-19T02:59:39.000000Z
2024,263.12476851851847,43.11815,-79.0606,2024-09-19T02:59:40.000000Z
2024,263.1247800925926,43.11815,-79.0606,2024-09-19T02:59:41.000000Z
2024,263.1247916666666,43.11814,-79.06061,2024-09-19T02:59:42.000000Z
2024,263.1248032407407,43.11814,-79.06061,2024-09-19T02:59:43.000000Z
2024,263.1248148148148,43.11814,-79.06061,2024-09-19T02:59:44.000000Z
2024,263.12482638888883,43.11814,-79.0606,2024-09-19T02:59:45.000000Z
2024,263.12483796296294,43.11814,-79.0606,2024-09-19T02:59:46.000000Z
2024,263.13505787037036,43.11815,-79.06048,2024-09-19T03:14:29.000000Z
2024,263.1350694444444,43.11815,-79.06047,2024-09-19T03:14:30.000000Z
2024,263.13508101851846,43.11816,-79.06044,2024-09-19T03:14:31.000000Z
2024,263.13509259259257,43.11816,-79.06043,2024-09-19T03:14:32.000000Z
2024,263.1351041666666,43.11816,-79.06041,2024-09-19T03:14:33.000000Z
2024,263.13511574074073,43.11817,-79.0604,2024-09-19T03:14:34.000000Z
2024,263.1351273148148,43.11817,-79.06039,2024-09-19T03:14:35.000000Z
2024,263.1351388888889,43.11817,-79.06037,2024-09-19T03:14:36.000000Z
2024,263.13515046296294,43.11817,-79.06037,2024-09-19T03:14:37.000000Z
2024,263.135162037037,43.11816,-79.06038,2024-09-19T03:14:38.000000Z
2024,263.1351736111111,43.11816,-79.06038,2024-09-19T03:14:39.000000Z
2024,263.13518518518515,43.11815,-79.06039,2024-09-19T03:14:40.000000Z
2024,263.13519675925926,43.11814,-79.0604,2024-09-19T03:14:41.000000Z
2024,263.1352083333333,43.11814,-79.0604,2024-09-19T03:14:42.000000Z
2024,263.13521990740736,43.11814,-79.06041,2024-09-19T03:14:43.000000Z
2024,263.13523148148147,43.11814,-79.06043,2024-09-19T03:14:44.000000Z
2024,263.1352430555555,43.11813,-79.06044,2024-09-19T03:14:45.000000Z
2024,263.1352546296296,43.11813,-79.06044,2024-09-19T03:14:46.000000Z
2024,263.1352662037037,43.11813,-79.06044,2024-09-19T03:14:47.000000Z
2024,263.14547453703705,43.11798,-79.06037,2024-09-19T03:29:29.000000Z
2024,263.1454861111111,43.11798,-79.06037,2024-09-19T03:29:30.000000Z
2024,263.14549768518515,43.11798,-79.06037,2024-09-19T03:29:31.000000Z
2024,263.14550925925926,43.11798,-79.06037,2024-09-19T03:29:32.000000Z
2024,263.1455208333333,43.11798,-79.06037,2024-09-19T03:29:33.000000Z
2024,263.1455324074074,43.11798,-79.06037,2024-09-19T03:29:34.000000Z
2024,263.14554398148147,43.11798,-79.06037,2024-09-19T03:29:35.000000Z
2024,263.1455555555556,43.11798,-79.06037,2024-09-19T03:29:36.000000Z
2024,263.1455671296296,43.11798,-79.06038,2024-09-19T03:29:37.000000Z
2024,263.1455787037037,43.11799,-79.06038,2024-09-19T03:29:38.000000Z
2024,263.1455902777778,43.11798,-79.06039,2024-09-19T03:29:39.000000Z
2024,263.14560185185184,43.11799,-79.0604,2024-09-19T03:29:40.000000Z
2024,263.14561342592594,43.11799,-79.0604,2024-09-19T03:29:41.000000Z
2024,263.145625,43.11799,-79.06041,2024-09-19T03:29:42.000000Z
2024,263.14563657407405,43.118,-79.06042,2024-09-19T03:29:43.000000Z
2024,263.14564814814815,43.118,-79.06043,2024-09-19T03:29:44.000000Z
2024,263.1456597222222,43.118,-79.06044,2024-09-19T03:29:45.000000Z
2024,263.1456712962963,43.118,-79.06044,2024-09-19T03:29:46.000000Z
2024,263.14568287037036,43.11801,-79.06044,2024-09-19T03:29:47.000000Z
2024,263.15589120370373,43.11816,-79.06036,2024-09-19T03:44:29.000000Z
2024,263.1559027777778,43.11816,-79.06036,2024-09-19T03:44:30.000000Z
2024,263.15591435185183,43.11816,-79.06036,2024-09-19T03:44:31.000000Z
2024,263.15592592592594,43.11816,-79.06037,2024-09-19T03:44:32.000000Z
2024,263.1559375,43.11816,-79.06037,2024-09-19T03:44:33.000000Z
2024,263.1559490740741,43.11816,-79.06037,2024-09-19T03:44:34.000000Z
2024,263.15596064814815,43.11816,-79.06038,2024-09-19T03:44:35.000000Z
2024,263.15597222222226,43.11815,-79.06039,2024-09-19T03:44:36.000000Z
2024,263.1559837962963,43.11815,-79.06039,2024-09-19T03:44:37.000000Z
2024,263.15599537037036,43.11814,-79.0604,2024-09-19T03:44:38.000000Z
2024,263.15600694444447,43.11814,-79.0604,2024-09-19T03:44:39.000000Z
2024,263.1560185185185,43.11814,-79.06042,2024-09-19T03:44:40.000000Z
2024,263.15603009259263,43.11813,-79.06044,2024-09-19T03:44:41.000000Z
2024,263.1560416666667,43.11813,-79.06044,2024-09-19T03:44:42.000000Z
2024,263.15605324074073,43.11812,-79.06046,2024-09-19T03:44:43.000000Z
2024,263.15606481481484,43.11812,-79.06046,2024-09-19T03:44:44.000000Z
2024,263.1560763888889,43.11812,-79.06047,2024-09-19T03:44:45.000000Z
2024,263.156087962963,43.11812,-79.06047,2024-09-19T03:44:46.000000Z
2024,263.15609953703705,43.11812,-79.06047,2024-09-19T03:44:47.000000Z
2024,263.16636574074073,43.11806,-79.0606,2024-09-19T03:59:34.000000Z
2024,263.1663773148148,43.11806,-79.06061,2024-09-19T03:59:35.000000Z
2024,263.1663888888889,43.11806,-79.0606,2024-09-19T03:59:36.000000Z
2024,263.16640046296294,43.11806,-79.06061,2024-09-19T03:59:37.000000Z
2024,263.166412037037,43.11807,-79.06061,2024-09-19T03:59:38.000000Z
2024,263.1664236111111,43.11807,-79.06061,2024-09-19T03:59:39.000000Z
2024,263.16643518518515,43.11808,-79.0606,2024-09-19T03:59:40.000000Z
2024,263.16644675925926,43.11808,-79.0606,2024-09-19T03:59:41.000000Z
2024,263.1664583333333,43.11809,-79.06059,2024-09-19T03:59:42.000000Z
2024,263.16646990740736,43.11809,-79.06059,2024-09-19T03:59:43.000000Z
2024,263.16648148148147,43.11809,-79.06058,2024-09-19T03:59:44.000000Z
2024,263.1664930555555,43.11809,-79.06056,2024-09-19T03:59:45.000000Z
2024,263.1665046296296,43.11809,-79.06056,2024-09-19T03:59:46.000000Z
2024,263.1665162037037,43.11809,-79.06056,2024-09-19T03:59:47.000000Z
2024,263.16652777777773,43.11809,-79.06054,2024-09-19T03:59:48.000000Z
2024,263.16653935185184,43.11809,-79.06054,2024-09-19T03:59:49.000000Z
2024,263.1665509259259,43.11809,-79.06053,2024-09-19T03:59:50.000000Z
2024,263.1665625,43.11809,-79.06053,2024-09-19T03:59:51.000000Z
2024,263.16657407407405,43.11808,-79.06053,2024-09-19T03:59:52.000000Z
2024,263.1665856481481,43.11808,-79.06053,2024-09-19T03:59:53.000000Z
2024,263.17674768518515,43.1182,-79.06023,2024-09-19T04:14:31.000000Z
2024,263.17675925925926,43.1182,-79.06022,2024-09-19T04:14:32.000000Z
2024,263.1767708333333,43.1182,-79.06021,2024-09-19T04:14:33.000000Z
2024,263.1767824074074,43.1182,-79.06021,2024-09-19T04:14:34.000000Z
2024,263.17679398148147,43.1182,-79.0602,2024-09-19T04:14:35.000000Z
2024,263.1768055555556,43.1182,-79.06019,2024-09-19T04:14:36.000000Z
2024,263.1768171296296,43.11819,-79.06018,2024-09-19T04:14:37.000000Z
2024,263.1768287037037,43.11819,-79.06018,2024-09-19T04:14:38.000000Z
2024,263.1768402777778,43.11819,-79.06017,2024-09-19T04:14:39.000000Z
2024,263.17685185185184,43.11819,-79.06019,2024-09-19T04:14:40.000000Z
2024,263.17686342592594,43.11818,-79.06021,2024-09-19T04:14:41.000000Z
2024,263.176875,43.11817,-79.06023,2024-09-19T04:14:42.000000Z
2024,263.17688657407405,43.11817,-79.06024,2024-09-19T04:14:43.000000Z
2024,263.17689814814815,43.11816,-79.06026,2024-09-19T04:14:44.000000Z
2024,263.1769097222222,43.11816,-79.06027,2024-09-19T04:14:45.000000Z
2024,263.1769212962963,43.11815,-79.06028,2024-09-19T04:14:46.000000Z
2024,263.17693287037036,43.11814,-79.0603,2024-09-19T04:14:47.000000Z
2024,263.1769444444444,43.11814,-79.06031,2024-09-19T04:14:48.000000Z
2024,263.1769560185185,43.1181,-79.06044,2024-09-19T04:14:49.000000Z
2024,263.1769675925926,43.11806,-79.06049,2024-09-19T04:14:50.000000Z
2024,263.1871296296296,43.11805,-79.06048,2024-09-19T04:29:28.000000Z
2024,263.18714120370373,43.11804,-79.06048,2024-09-19T04:29:29.000000Z
2024,263.1871527777778,43.11804,-79.06048,2024-09-19T04:29:30.000000Z
2024,263.18716435185183,43.11804,-79.06048,2024-09-19T04:29:31.000000Z
2024,263.18717592592594,43.11804,-79.06048,2024-09-19T04:29:32.000000Z
2024,263.1871875,43.11804,-79.06048,2024-09-19T04:29:33.000000Z
2024,263.1871990740741,43.11805,-79.06048,2024-09-19T04:29:34.000000Z
2024,263.18721064814815,43.11804,-79.06048,2024-09-19T04:29:35.000000Z
2024,263.18722222222226,43.11804,-79.06048,2024-09-19T04:29:36.000000Z
2024,263.1872337962963,43.11804,-79.06048,2024-09-19T04:29:37.000000Z
2024,263.18724537037036,43.11804,-79.06048,2024-09-19T04:29:38.000000Z
2024,263.18725694444447,43.11804,-79.06047,2024-09-19T04:29:39.000000Z
2024,263.1872685185185,43.11804,-79.06047,2024-09-19T04:29:40.000000Z
2024,263.18728009259263,43.11804,-79.06047,2024-09-19T04:29:41.000000Z
2024,263.1872916666667,43.11803,-79.06047,2024-09-19T04:29:42.000000Z
2024,263.18730324074073,43.11803,-79.06047,2024-09-19T04:29:43.000000Z
2024,263.18731481481484,43.11803,-79.06046,2024-09-19T04:29:44.000000Z
2024,263.1873263888889,43.11803,-79.06046,2024-09-19T04:29:45.000000Z
2024,263.187337962963,43.11803,-79.06046,2024-09-19T04:29:46.000000Z
2024,263.1975578703704,43.11804,-79.06047,2024-09-19T04:44:29.000000Z
2024,263.19756944444447,43.11804,-79.06047,2024-09-19T04:44:30.000000Z
2024,263.1975810185185,43.11804,-79.06047,2024-09-19T04:44:31.000000Z
2024,263.1975925925926,43.11804,-79.06047,2024-09-19T04:44:32.000000Z
2024,263.1976041666667,43.11804,-79.06047,2024-09-19T04:44:33.000000Z
2024,263.1976157407408,43.11803,-79.06047,2024-09-19T04:44:34.000000Z
2024,263.19762731481484,43.11803,-79.06047,2024-09-19T04:44:35.000000Z
2024,263.19763888888895,43.11803,-79.06047,2024-09-19T04:44:36.000000Z
2024,263.197650462963,43.11803,-79.06046,2024-09-19T04:44:37.000000Z
2024,263.19766203703705,43.11803,-79.06046,2024-09-19T04:44:38.000000Z
2024,263.19767361111116,43.11803,-79.06046,2024-09-19T04:44:39.000000Z
2024,263.1976851851852,43.11803,-79.06046,2024-09-19T04:44:40.000000Z
2024,263.1976967592593,43.11802,-79.06046,2024-09-19T04:44:41.000000Z
2024,263.19770833333337,43.11802,-79.06046,2024-09-19T04:44:42.000000Z
2024,263.1977199074074,43.11802,-79.06046,2024-09-19T04:44:43.000000Z
2024,263.1977314814815,43.11801,-79.06046,2024-09-19T04:44:44.000000Z
2024,263.1977430555556,43.11801,-79.06046,2024-09-19T04:44:45.000000Z
2024,263.1977546296297,43.11801,-79.06046,2024-09-19T04:44:46.000000Z
2024,263.19776620370374,43.11801,-79.06046,2024-09-19T04:44:47.000000Z
2024,263.20796296296294,43.11802,-79.06044,2024-09-19T04:59:28.000000Z
2024,263.20797453703705,43.11801,-79.06044,2024-09-19T04:59:29.000000Z
2024,263.2079861111111,43.11801,-79.06044,2024-09-19T04:59:30.000000Z
2024,263.20799768518515,43.11801,-79.06044,2024-09-19T04:59:31.000000Z
2024,263.20800925925926,43.11801,-79.06044,2024-09-19T04:59:32.000000Z
2024,263.2080208333333,43.11801,-79.06044,2024-09-19T04:59:33.000000Z
2024,263.2080324074074,43.11801,-79.06044,2024-09-19T04:59:34.000000Z
2024,263.20804398148147,43.118,-79.06044,2024-09-19T04:59:35.000000Z
2024,263.2080555555556,43.118,-79.06044,2024-09-19T04:59:36.000000Z
2024,263.2080671296296,43.118,-79.06044,2024-09-19T04:59:37.000000Z
2024,263.2080787037037,43.118,-79.06044,2024-09-19T04:59:38.000000Z
2024,263.2080902777778,43.118,-79.06044,2024-09-19T04:59:39.000000Z
2024,263.20810185185184,43.118,-79.06043,2024-09-19T04:59:40.000000Z
2024,263.20811342592594,43.118,-79.06043,2024-09-19T04:59:41.000000Z
2024,263.208125,43.118,-79.06043,2024-09-19T04:59:42.000000Z
2024,263.20813657407405,43.118,-79.06043,2024-09-19T04:59:43.000000Z
2024,263.20814814814815,43.118,-79.06044,2024-09-19T04:59:44.000000Z
2024,263.2081597222222,43.11799,-79.06044,2024-09-19T04:59:45.000000Z
2024,263.2081712962963,43.11799,-79.06044,2024-09-19T04:59:46.000000Z
2024,263.2183912037037,43.118,-79.06041,2024-09-19T05:14:29.000000Z
2024,263.2184027777777,43.11801,-79.06041,2024-09-19T05:14:30.000000Z
2024,263.2184143518518,43.11801,-79.06041,2024-09-19T05:14:31.000000Z
2024,263.2184259259259,43.11801,-79.0604,2024-09-19T05:14:32.000000Z
2024,263.21843749999994,43.11801,-79.0604,2024-09-19T05:14:33.000000Z
2024,263.21844907407404,43.11801,-79.0604,2024-09-19T05:14:34.000000Z
2024,263.2184606481481,43.11801,-79.0604,2024-09-19T05:14:35.000000Z
2024,263.2184722222222,43.118,-79.0604,2024-09-19T05:14:36.000000Z
2024,263.21848379629625,43.118,-79.0604,2024-09-19T05:14:37.000000Z
2024,263.2184953703703,43.118,-79.0604,2024-09-19T05:14:38.000000Z
2024,263.2185069444444,43.118,-79.0604,2024-09-19T05:14:39.000000Z
2024,263.21851851851847,43.118,-79.0604,2024-09-19T05:14:40.000000Z
2024,263.2185300925926,43.118,-79.0604,2024-09-19T05:14:41.000000Z
2024,263.2185416666666,43.118,-79.0604,2024-09-19T05:14:42.000000Z
2024,263.2185532407407,43.118,-79.0604,2024-09-19T05:14:43.000000Z
2024,263.2185648148148,43.118,-79.0604,2024-09-19T05:14:44.000000Z
2024,263.21857638888883,43.118,-79.0604,2024-09-19T05:14:45.000000Z
2024,263.21858796296294,43.11799,-79.0604,2024-09-19T05:14:46.000000Z
2024,263.218599537037,43.11799,-79.0604,2024-09-19T05:14:47.000000Z
2024,263.22880787037036,43.11801,-79.0604,2024-09-19T05:29:29.000000Z
2024,263.2288194444444,43.11801,-79.0604,2024-09-19T05:29:30.000000Z
2024,263.22883101851846,43.11801,-79.0604,2024-09-19T05:29:31.000000Z
2024,263.22884259259257,43.118,-79.0604,2024-09-19T05:29:32.000000Z
2024,263.2288541666666,43.11799,-79.0604,2024-09-19T05:29:33.000000Z
2024,263.22886574074073,43.11799,-79.0604,2024-09-19T05:29:34.000000Z
2024,263.2288773148148,43.11798,-79.0604,2024-09-19T05:29:35.000000Z
2024,263.2288888888889,43.11798,-79.0604,2024-09-19T05:29:36.000000Z
2024,263.22890046296294,43.11798,-79.0604,2024-09-19T05:29:37.000000Z
2024,263.228912037037,43.11798,-79.06041,2024-09-19T05:29:38.000000Z
2024,263.2289236111111,43.11797,-79.06041,2024-09-19T05:29:39.000000Z
2024,263.22893518518515,43.11797,-79.06042,2024-09-19T05:29:40.000000Z
2024,263.22894675925926,43.11797,-79.06042,2024-09-19T05:29:41.000000Z
2024,263.2289583333333,43.11797,-79.06042,2024-09-19T05:29:42.000000Z
2024,263.22896990740736,43.11797,-79.06042,2024-09-19T05:29:43.000000Z
2024,263.22898148148147,43.11797,-79.06042,2024-09-19T05:29:44.000000Z
2024,263.2289930555555,43.11797,-79.06042,2024-09-19T05:29:45.000000Z
2024,263.2290046296296,43.11797,-79.06042,2024-09-19T05:29:46.000000Z
2024,263.2290162037037,43.11797,-79.06043,2024-09-19T05:29:47.000000Z
2024,263.23922453703705,43.118,-79.06043,2024-09-19T05:44:29.000000Z
2024,263.2392361111111,43.118,-79.06042,2024-09-19T05:44:30.000000Z
2024,263.23924768518515,43.118,-79.06041,2024-09-19T05:44:31.000000Z
2024,263.23925925925926,43.11799,-79.06041,2024-09-19T05:44:32.000000Z
2024,263.2392708333333,43.118,-79.06041,2024-09-19T05:44:33.000000Z
2024,263.2392824074074,43.118,-79.06042,2024-09-19T05:44:34.000000Z
2024,263.23929398148147,43.118,-79.06041,2024-09-19T05:44:35.000000Z
2024,263.2393055555556,43.118,-79.06041,2024-09-19T05:44:36.000000Z
2024,263.2393171296296,43.118,-79.06041,2024-09-19T05:44:37.000000Z
2024,263.2393287037037,43.118,-79.06041,2024-09-19T05:44:38.000000Z
2024,263.2393402777778,43.118,-79.06041,2024-09-19T05:44:39.000000Z
2024,263.23935185185184,43.118,-79.06041,2024-09-19T05:44:40.000000Z
2024,263.23936342592594,43.118,-79.06041,2024-09-19T05:44:41.000000Z
2024,263.239375,43.118,-79.06041,2024-09-19T05:44:42.000000Z
2024,263.23938657407405,43.118,-79.06041,2024-09-19T05:44:43.000000Z
2024,263.23939814814815,43.118,-79.06041,2024-09-19T05:44:44.000000Z
2024,263.2394097222222,43.118,-79.06042,2024-09-19T05:44:45.000000Z
2024,263.2394212962963,43.118,-79.06042,2024-09-19T05:44:46.000000Z
2024,263.23943287037036,43.118,-79.06042,2024-09-19T05:44:47.000000Z
2024,263.2496180555555,43.11803,-79.06044,2024-09-19T05:59:27.000000Z
2024,263.24962962962957,43.11803,-79.06044,2024-09-19T05:59:28.000000Z
2024,263.2496412037037,43.11803,-79.06044,2024-09-19T05:59:29.000000Z
2024,263.2496527777777,43.11803,-79.06045,2024-09-19T05:59:30.000000Z
2024,263.2496643518518,43.11803,-79.06045,2024-09-19T05:59:31.000000Z
2024,263.2496759259259,43.11803,-79.06044,2024-09-19T05:59:32.000000Z
2024,263.24968749999994,43.11804,-79.06044,2024-09-19T05:59:33.000000Z
2024,263.24969907407404,43.11803,-79.06044,2024-09-19T05:59:34.000000Z
2024,263.2497106481481,43.11803,-79.06044,2024-09-19T05:59:35.000000Z
2024,263.24973379629625,43.11803,-79.06044,2024-09-19T05:59:37.000000Z
2024,263.2497453703703,43.11804,-79.06044,2024-09-19T05:59:38.000000Z
2024,263.2497569444444,43.11804,-79.06044,2024-09-19T05:59:39.000000Z
2024,263.24976851851847,43.11804,-79.06044,2024-09-19T05:59:40.000000Z
2024,263.2497800925926,43.11804,-79.06044,2024-09-19T05:59:41.000000Z
2024,263.2497916666666,43.11804,-79.06044,2024-09-19T05:59:42.000000Z
2024,263.2498032407407,43.11803,-79.06044,2024-09-19T05:59:43.000000Z
2024,263.2498148148148,43.11803,-79.06044,2024-09-19T05:59:44.000000Z
2024,263.24982638888883,43.11803,-79.06044,2024-09-19T05:59:45.000000Z
2024,263.24983796296294,43.11803,-79.06044,2024-09-19T05:59:46.000000Z
2024,263.2600347222222,43.11805,-79.06043,2024-09-19T06:14:27.000000Z
2024,263.26004629629625,43.11806,-79.06043,2024-09-19T06:14:28.000000Z
2024,263.26005787037036,43.11806,-79.06043,2024-09-19T06:14:29.000000Z
2024,263.2600694444444,43.11806,-79.06043,2024-09-19T06:14:30.000000Z
2024,263.26008101851846,43.11806,-79.06043,2024-09-19T06:14:31.000000Z
2024,263.26009259259257,43.11806,-79.06043,2024-09-19T06:14:32.000000Z
2024,263.2601041666666,43.11807,-79.06043,2024-09-19T06:14:33.000000Z
2024,263.26011574074073,43.11806,-79.06043,2024-09-19T06:14:34.000000Z
2024,263.2601273148148,43.11806,-79.06043,2024-09-19T06:14:35.000000Z
2024,263.2601388888889,43.11806,-79.06043,2024-09-19T06:14:36.000000Z
2024,263.26015046296294,43.11806,-79.06043,2024-09-19T06:14:37.000000Z
2024,263.260162037037,43.11806,-79.06043,2024-09-19T06:14:38.000000Z
2024,263.2601736111111,43.11806,-79.06043,2024-09-19T06:14:39.000000Z
2024,263.26018518518515,43.11806,-79.06043,2024-09-19T06:14:40.000000Z
2024,263.26019675925926,43.11807,-79.06044,2024-09-19T06:14:41.000000Z
2024,263.2602083333333,43.11807,-79.06044,2024-09-19T06:14:42.000000Z
2024,263.26021990740736,43.11808,-79.06044,2024-09-19T06:14:43.000000Z
2024,263.26023148148147,43.11808,-79.06045,2024-09-19T06:14:44.000000Z
2024,263.2602430555555,43.11808,-79.06045,2024-09-19T06:14:45.000000Z
2024,263.2602546296296,43.11808,-79.06045,2024-09-19T06:14:46.000000Z
2024,263.27047453703705,43.11806,-79.06048,2024-09-19T06:29:29.000000Z
2024,263.2704861111111,43.11806,-79.06048,2024-09-19T06:29:30.000000Z
2024,263.27049768518515,43.11807,-79.06047,2024-09-19T06:29:31.000000Z
2024,263.27050925925926,43.11806,-79.06047,2024-09-19T06:29:32.000000Z
2024,263.2705208333333,43.11806,-79.06048,2024-09-19T06:29:33.000000Z
2024,263.2705324074074,43.11806,-79.06048,2024-09-19T06:29:34.000000Z
2024,263.27054398148147,43.11806,-79.06048,2024-09-19T06:29:35.000000Z
2024,263.2705555555556,43.11807,-79.06048,2024-09-19T06:29:36.000000Z
2024,263.2705671296296,43.11807,-79.06048,2024-09-19T06:29:37.000000Z
2024,263.2705787037037,43.11807,-79.06048,2024-09-19T06:29:38.000000Z
2024,263.2705902777778,43.11807,-79.06048,2024-09-19T06:29:39.000000Z
2024,263.27060185185184,43.11807,-79.06049,2024-09-19T06:29:40.000000Z
2024,263.27061342592594,43.11806,-79.06049,2024-09-19T06:29:41.000000Z
2024,263.270625,43.11806,-79.06049,2024-09-19T06:29:42.000000Z
2024,263.27063657407405,43.11806,-79.06049,2024-09-19T06:29:43.000000Z
2024,263.27064814814815,43.11806,-79.06049,2024-09-19T06:29:44.000000Z
2024,263.2706597222222,43.11806,-79.06049,2024-09-19T06:29:45.000000Z
2024,263.2706712962963,43.11806,-79.06049,2024-09-19T06:29:46.000000Z
2024,263.27068287037036,43.11806,-79.06049,2024-09-19T06:29:47.000000Z
2024,263.28089120370373,43.11795,-79.06047,2024-09-19T06:44:29.000000Z
2024,263.2809027777778,43.11796,-79.06047,2024-09-19T06:44:30.000000Z
2024,263.28091435185183,43.11796,-79.06047,2024-09-19T06:44:31.000000Z
2024,263.28092592592594,43.11796,-79.06047,2024-09-19T06:44:32.000000Z
2024,263.2809375,43.11797,-79.06047,2024-09-19T06:44:33.000000Z
2024,263.2809490740741,43.11797,-79.06047,2024-09-19T06:44:34.000000Z
2024,263.28096064814815,43.11798,-79.06048,2024-09-19T06:44:35.000000Z
2024,263.28097222222226,43.11798,-79.06048,2024-09-19T06:44:36.000000Z
2024,263.2809837962963,43.11798,-79.06049,2024-09-19T06:44:37.000000Z
2024,263.28099537037036,43.11798,-79.06049,2024-09-19T06:44:38.000000Z
2024,263.28100694444447,43.11799,-79.06049,2024-09-19T06:44:39.000000Z
2024,263.2810185185185,43.11798,-79.06049,2024-09-19T06:44:40.000000Z
2024,263.28103009259263,43.11798,-79.06049,2024-09-19T06:44:41.000000Z
2024,263.2810416666667,43.11798,-79.0605,2024-09-19T06:44:42.000000Z
2024,263.28105324074073,43.11798,-79.0605,2024-09-19T06:44:43.000000Z
2024,263.28106481481484,43.11798,-79.0605,2024-09-19T06:44:44.000000Z
2024,263.2810763888889,43.11798,-79.0605,2024-09-19T06:44:45.000000Z
2024,263.281087962963,43.11798,-79.0605,2024-09-19T06:44:46.000000Z
2024,263.28109953703705,43.11798,-79.0605,2024-09-19T06:44:47.000000Z
2024,263.2912847222222,43.11796,-79.06048,2024-09-19T06:59:27.000000Z
2024,263.29129629629625,43.11796,-79.06048,2024-09-19T06:59:28.000000Z
2024,263.29130787037036,43.11796,-79.06048,2024-09-19T06:59:29.000000Z
2024,263.2913194444444,43.11796,-79.06048,2024-09-19T06:59:30.000000Z
2024,263.29133101851846,43.11796,-79.06047,2024-09-19T06:59:31.000000Z
2024,263.29134259259257,43.11796,-79.06048,2024-09-19T06:59:32.000000Z
2024,263.2913541666666,43.11796,-79.06048,2024-09-19T06:59:33.000000Z
2024,263.29136574074073,43.11796,-79.06048,2024-09-19T06:59:34.000000Z
2024,263.2913773148148,43.11796,-79.06048,2024-09-19T06:59:35.000000Z
2024,263.2913888888889,43.11796,-79.06048,2024-09-19T06:59:36.000000Z
2024,263.29140046296294,43.11796,-79.06048,2024-09-19T06:59:37.000000Z
2024,263.291412037037,43.11796,-79.06049,2024-09-19T06:59:38.000000Z
2024,263.2914236111111,43.11796,-79.06049,2024-09-19T06:59:39.000000Z
2024,263.29143518518515,43.11796,-79.06049,2024-09-19T06:59:40.000000Z
2024,263.29144675925926,43.11796,-79.06049,2024-09-19T06:59:41.000000Z
2024,263.2914583333333,43.11796,-79.06049,2024-09-19T06:59:42.000000Z
2024,263.29146990740736,43.11796,-79.0605,2024-09-19T06:59:43.000000Z
2024,263.29148148148147,43.11796,-79.0605,2024-09-19T06:59:44.000000Z
2024,263.2914930555555,43.11797,-79.0605,2024-09-19T06:59:45.000000Z
2024,263.2915046296296,43.11797,-79.0605,2024-09-19T06:59:46.000000Z
2024,263.3017013888889,43.11795,-79.06043,2024-09-19T07:14:27.000000Z
2024,263.30171296296294,43.11796,-79.06043,2024-09-19T07:14:28.000000Z
2024,263.30172453703705,43.11796,-79.06043,2024-09-19T07:14:29.000000Z
2024,263.3017361111111,43.11796,-79.06044,2024-09-19T07:14:30.000000Z
2024,263.30174768518515,43.11796,-79.06044,2024-09-19T07:14:31.000000Z
2024,263.30175925925926,43.11796,-79.06044,2024-09-19T07:14:32.000000Z
2024,263.3017708333333,43.11796,-79.06044,2024-09-19T07:14:33.000000Z
2024,263.3017824074074,43.11796,-79.06044,2024-09-19T07:14:34.000000Z
2024,263.30179398148147,43.11796,-79.06044,2024-09-19T07:14:35.000000Z
2024,263.3018055555556,43.11797,-79.06044,2024-09-19T07:14:36.000000Z
2024,263.3018171296296,43.11797,-79.06044,2024-09-19T07:14:37.000000Z
2024,263.3018287037037,43.11797,-79.06044,2024-09-19T07:14:38.000000Z
2024,263.3018402777778,43.11797,-79.06044,2024-09-19T07:14:39.000000Z
2024,263.30185185185184,43.11797,-79.06044,2024-09-19T07:14:40.000000Z
2024,263.30186342592594,43.11797,-79.06044,2024-09-19T07:14:41.000000Z
2024,263.301875,43.11796,-79.06044,2024-09-19T07:14:42.000000Z
2024,263.30188657407405,43.11796,-79.06044,2024-09-19T07:14:43.000000Z
2024,263.30189814814815,43.11796,-79.06045,2024-09-19T07:14:44.000000Z
2024,263.3019097222222,43.11796,-79.06045,2024-09-19T07:14:45.000000Z
2024,263.3019212962963,43.11796,-79.06045,2024-09-19T07:14:46.000000Z
2024,263.3121180555556,43.11793,-79.06048,2024-09-19T07:29:27.000000Z
2024,263.3121296296296,43.11793,-79.06048,2024-09-19T07:29:28.000000Z
2024,263.31214120370373,43.11793,-79.06048,2024-09-19T07:29:29.000000Z
2024,263.3121527777778,43.11794,-79.06048,2024-09-19T07:29:30.000000Z
2024,263.31216435185183,43.11794,-79.06047,2024-09-19T07:29:31.000000Z
2024,263.31217592592594,43.11795,-79.06047,2024-09-19T07:29:32.000000Z
2024,263.3121875,43.11795,-79.06047,2024-09-19T07:29:33.000000Z
2024,263.3121990740741,43.11795,-79.06047,2024-09-19T07:29:34.000000Z
2024,263.31221064814815,43.11796,-79.06047,2024-09-19T07:29:35.000000Z
2024,263.31222222222226,43.11796,-79.06046,2024-09-19T07:29:36.000000Z
2024,263.3122337962963,43.11796,-79.06045,2024-09-19T07:29:37.000000Z
2024,263.31224537037036,43.11796,-79.06044,2024-09-19T07:29:38.000000Z
2024,263.31225694444447,43.11796,-79.06044,2024-09-19T07:29:39.000000Z
2024,263.3122685185185,43.11797,-79.06043,2024-09-19T07:29:40.000000Z
2024,263.31228009259263,43.11797,-79.06042,2024-09-19T07:29:41.000000Z
2024,263.3122916666667,43.11797,-79.06041,2024-09-19T07:29:42.000000Z
2024,263.31230324074073,43.11797,-79.06041,2024-09-19T07:29:43.000000Z
2024,263.31231481481484,43.11797,-79.06041,2024-09-19T07:29:44.000000Z
2024,263.3123263888889,43.11797,-79.0604,2024-09-19T07:29:45.000000Z
2024,263.312337962963,43.11797,-79.06041,2024-09-19T07:29:46.000000Z
2024,263.3225462962963,43.11796,-79.06037,2024-09-19T07:44:28.000000Z
2024,263.3225578703704,43.11796,-79.06038,2024-09-19T07:44:29.000000Z
2024,263.32256944444447,43.11796,-79.06039,2024-09-19T07:44:30.000000Z
2024,263.3225810185185,43.11796,-79.0604,2024-09-19T07:44:31.000000Z
2024,263.3225925925926,43.11795,-79.06044,2024-09-19T07:44:32.000000Z
2024,263.3226041666667,43.11795,-79.06045,2024-09-19T07:44:33.000000Z
2024,263.3226157407408,43.11795,-79.06046,2024-09-19T07:44:34.000000Z
2024,263.32262731481484,43.11795,-79.06045,2024-09-19T07:44:35.000000Z
2024,263.32263888888895,43.11795,-79.06045,2024-09-19T07:44:36.000000Z
2024,263.322650462963,43.11796,-79.06044,2024-09-19T07:44:37.000000Z
2024,263.32266203703705,43.11796,-79.06043,2024-09-19T07:44:38.000000Z
2024,263.32267361111116,43.11797,-79.06044,2024-09-19T07:44:39.000000Z
2024,263.3226851851852,43.11796,-79.06044,2024-09-19T07:44:40.000000Z
2024,263.3226967592593,43.11796,-79.06045,2024-09-19T07:44:41.000000Z
2024,263.32270833333337,43.11796,-79.06046,2024-09-19T07:44:42.000000Z
2024,263.3227199074074,43.11796,-79.06046,2024-09-19T07:44:43.000000Z
2024,263.3227314814815,43.11796,-79.06046,2024-09-19T07:44:44.000000Z
2024,263.3227430555556,43.11796,-79.06046,2024-09-19T07:44:45.000000Z
2024,263.3227546296297,43.11796,-79.06046,2024-09-19T07:44:46.000000Z
2024,263.3329513888889,43.11796,-79.06034,2024-09-19T07:59:27.000000Z
2024,263.33296296296294,43.11795,-79.06037,2024-09-19T07:59:28.000000Z
2024,263.33297453703705,43.11795,-79.06036,2024-09-19T07:59:29.000000Z
2024,263.3329861111111,43.11795,-79.06034,2024-09-19T07:59:30.000000Z
2024,263.33299768518515,43.11795,-79.06033,2024-09-19T07:59:31.000000Z
2024,263.33300925925926,43.11795,-79.06033,2024-09-19T07:59:32.000000Z
2024,263.3330208333333,43.11795,-79.06033,2024-09-19T07:59:33.000000Z
2024,263.3330324074074,43.11796,-79.06032,2024-09-19T07:59:34.000000Z
2024,263.33304398148147,43.11796,-79.06032,2024-09-19T07:59:35.000000Z
2024,263.3330555555556,43.11796,-79.06032,2024-09-19T07:59:36.000000Z
2024,263.3330671296296,43.11796,-79.06031,2024-09-19T07:59:37.000000Z
2024,263.3330787037037,43.11796,-79.06032,2024-09-19T07:59:38.000000Z
2024,263.3330902777778,43.11795,-79.06032,2024-09-19T07:59:39.000000Z
2024,263.33310185185184,43.11795,-79.06031,2024-09-19T07:59:40.000000Z
2024,263.33311342592594,43.11795,-79.06031,2024-09-19T07:59:41.000000Z
2024,263.333125,43.11795,-79.06031,2024-09-19T07:59:42.000000Z
2024,263.33313657407405,43.11795,-79.0603,2024-09-19T07:59:43.000000Z
2024,263.33314814814815,43.11795,-79.0603,2024-09-19T07:59:44.000000Z
2024,263.3331597222222,43.11795,-79.06029,2024-09-19T07:59:45.000000Z
2024,263.3331712962963,43.11795,-79.06028,2024-09-19T07:59:46.000000Z
2024,263.34337962962957,43.11792,-79.06037,2024-09-19T08:14:28.000000Z
2024,263.3433912037037,43.11792,-79.06037,2024-09-19T08:14:29.000000Z
2024,263.3434027777777,43.11792,-79.06037,2024-09-19T08:14:30.000000Z
2024,263.3434143518518,43.11792,-79.06037,2024-09-19T08:14:31.000000Z
2024,263.3434259259259,43.11792,-79.06037,2024-09-19T08:14:32.000000Z
2024,263.34343749999994,43.11792,-79.06037,2024-09-19T08:14:33.000000Z
2024,263.34344907407404,43.11792,-79.06037,2024-09-19T08:14:34.000000Z
2024,263.3434606481481,43.11791,-79.06037,2024-09-19T08:14:35.000000Z
2024,263.3434722222222,43.11791,-79.06037,2024-09-19T08:14:36.000000Z
2024,263.34348379629625,43.11791,-79.06037,2024-09-19T08:14:37.000000Z
2024,263.3434953703703,43.11791,-79.06037,2024-09-19T08:14:38.000000Z
2024,263.3435069444444,43.11791,-79.06038,2024-09-19T08:14:39.000000Z
2024,263.34351851851847,43.1179,-79.06038,2024-09-19T08:14:40.000000Z
2024,263.3435300925926,43.1179,-79.06038,2024-09-19T08:14:41.000000Z
2024,263.3435416666666,43.1179,-79.06039,2024-09-19T08:14:42.000000Z
2024,263.3435532407407,43.1179,-79.06039,2024-09-19T08:14:43.000000Z
2024,263.3435648148148,43.1179,-79.06039,2024-09-19T08:14:44.000000Z
2024,263.34357638888883,43.1179,-79.06039,2024-09-19T08:14:45.000000Z
2024,263.34358796296294,43.1179,-79.0604,2024-09-19T08:14:46.000000Z
2024,263.35379629629625,43.11789,-79.06031,2024-09-19T08:29:28.000000Z
2024,263.35380787037036,43.11788,-79.0603,2024-09-19T08:29:29.000000Z
2024,263.3538194444444,43.11788,-79.06031,2024-09-19T08:29:30.000000Z
2024,263.35383101851846,43.11788,-79.06031,2024-09-19T08:29:31.000000Z
2024,263.35384259259257,43.11787,-79.06032,2024-09-19T08:29:32.000000Z
2024,263.3538541666666,43.11787,-79.06032,2024-09-19T08:29:33.000000Z
2024,263.35386574074073,43.11787,-79.06032,2024-09-19T08:29:34.000000Z
2024,263.3538773148148,43.11787,-79.06032,2024-09-19T08:29:35.000000Z
2024,263.3538888888889,43.11787,-79.06033,2024-09-19T08:29:36.000000Z
2024,263.35390046296294,43.11787,-79.06034,2024-09-19T08:29:37.000000Z
2024,263.353912037037,43.11787,-79.06034,2024-09-19T08:29:38.000000Z
2024,263.3539236111111,43.11787,-79.06033,2024-09-19T08:29:39.000000Z
2024,263.35393518518515,43.11787,-79.06034,2024-09-19T08:29:40.000000Z
2024,263.35394675925926,43.11787,-79.06034,2024-09-19T08:29:41.000000Z
2024,263.3539583333333,43.11787,-79.06034,2024-09-19T08:29:42.000000Z
2024,263.35396990740736,43.11787,-79.06034,2024-09-19T08:29:43.000000Z
2024,263.35398148148147,43.11787,-79.06033,2024-09-19T08:29:44.000000Z
2024,263.3539930555555,43.11787,-79.06033,2024-09-19T08:29:45.000000Z
2024,263.3540046296296,43.11787,-79.06033,2024-09-19T08:29:46.000000Z
2024,263.3642013888889,43.1179,-79.06027,2024-09-19T08:44:27.000000Z
2024,263.36421296296294,43.11791,-79.06026,2024-09-19T08:44:28.000000Z
2024,263.36422453703705,43.11791,-79.06026,2024-09-19T08:44:29.000000Z
2024,263.3642361111111,43.11791,-79.06027,2024-09-19T08:44:30.000000Z
2024,263.36424768518515,43.11791,-79.06027,2024-09-19T08:44:31.000000Z
2024,263.36425925925926,43.11792,-79.06028,2024-09-19T08:44:32.000000Z
2024,263.3642708333333,43.11792,-79.06029,2024-09-19T08:44:33.000000Z
2024,263.3642824074074,43.11792,-79.0603,2024-09-19T08:44:34.000000Z
2024,263.36429398148147,43.11792,-79.0603,2024-09-19T08:44:35.000000Z
2024,263.3643055555556,43.11792,-79.0603,2024-09-19T08:44:36.000000Z
2024,263.3643171296296,43.11792,-79.06031,2024-09-19T08:44:37.000000Z
2024,263.3643287037037,43.11792,-79.06031,2024-09-19T08:44:38.000000Z
2024,263.3643402777778,43.11793,-79.06031,2024-09-19T08:44:39.000000Z
2024,263.36435185185184,43.11793,-79.06032,2024-09-19T08:44:40.000000Z
2024,263.36436342592594,43.11793,-79.06032,2024-09-19T08:44:41.000000Z
2024,263.364375,43.11793,-79.06033,2024-09-19T08:44:42.000000Z
2024,263.36438657407405,43.11794,-79.06034,2024-09-19T08:44:43.000000Z
2024,263.36439814814815,43.11794,-79.06034,2024-09-19T08:44:44.000000Z
2024,263.3644097222222,43.11795,-79.06034,2024-09-19T08:44:45.000000Z
2024,263.3644212962963,43.11795,-79.06034,2024-09-19T08:44:46.000000Z
2024,263.3746180555555,43.11779,-79.06031,2024-09-19T08:59:27.000000Z
2024,263.37462962962957,43.1178,-79.06031,2024-09-19T08:59:28.000000Z
2024,263.3746412037037,43.11781,-79.06032,2024-09-19T08:59:29.000000Z
2024,263.3746527777777,43.1178,-79.06032,2024-09-19T08:59:30.000000Z
2024,263.3746643518518,43.1178,-79.06033,2024-09-19T08:59:31.000000Z
2024,263.3746759259259,43.11779,-79.06034,2024-09-19T08:59:32.000000Z
2024,263.37468749999994,43.11779,-79.06034,2024-09-19T08:59:33.000000Z
2024,263.37469907407404,43.11779,-79.06034,2024-09-19T08:59:34.000000Z
2024,263.3747106481481,43.11779,-79.06034,2024-09-19T08:59:35.000000Z
2024,263.3747222222222,43.11779,-79.06034,2024-09-19T08:59:36.000000Z
2024,263.37473379629625,43.11779,-79.06034,2024-09-19T08:59:37.000000Z
2024,263.3747453703703,43.11778,-79.06034,2024-09-19T08:59:38.000000Z
2024,263.3747569444444,43.11778,-79.06034,2024-09-19T08:59:39.000000Z
2024,263.37476851851847,43.11778,-79.06034,2024-09-19T08:59:40.000000Z
2024,263.3747800925926,43.11778,-79.06035,2024-09-19T08:59:41.000000Z
2024,263.3747916666666,43.11778,-79.06036,2024-09-19T08:59:42.000000Z
2024,263.3748032407407,43.11778,-79.06036,2024-09-19T08:59:43.000000Z
2024,263.3748148148148,43.11778,-79.06037,2024-09-19T08:59:44.000000Z
2024,263.37482638888883,43.11778,-79.06037,2024-09-19T08:59:45.000000Z
2024,263.37483796296294,43.11778,-79.06037,2024-09-19T08:59:46.000000Z
2024,263.3850347222222,43.11785,-79.06045,2024-09-19T09:14:27.000000Z
2024,263.38504629629625,43.11784,-79.06045,2024-09-19T09:14:28.000000Z
2024,263.38505787037036,43.11784,-79.06046,2024-09-19T09:14:29.000000Z
2024,263.3850694444444,43.11785,-79.06046,2024-09-19T09:14:30.000000Z
2024,263.38508101851846,43.11784,-79.06046,2024-09-19T09:14:31.000000Z
2024,263.38509259259257,43.11784,-79.06045,2024-09-19T09:14:32.000000Z
2024,263.3851041666666,43.11785,-79.06044,2024-09-19T09:14:33.000000Z
2024,263.38511574074073,43.11785,-79.06044,2024-09-19T09:14:34.000000Z
2024,263.3851273148148,43.11785,-79.06044,2024-09-19T09:14:35.000000Z
2024,263.3851388888889,43.11786,-79.06043,2024-09-19T09:14:36.000000Z
2024,263.38515046296294,43.11788,-79.06042,2024-09-19T09:14:37.000000Z
2024,263.385162037037,43.11789,-79.06041,2024-09-19T09:14:38.000000Z
2024,263.3851736111111,43.1179,-79.06041,2024-09-19T09:14:39.000000Z
2024,263.38518518518515,43.1179,-79.0604,2024-09-19T09:14:40.000000Z
2024,263.38519675925926,43.1179,-79.0604,2024-09-19T09:14:41.000000Z
2024,263.3852083333333,43.1179,-79.0604,2024-09-19T09:14:42.000000Z
2024,263.38521990740736,43.1179,-79.0604,2024-09-19T09:14:43.000000Z
2024,263.38523148148147,43.11789,-79.0604,2024-09-19T09:14:44.000000Z
2024,263.3852430555555,43.11789,-79.0604,2024-09-19T09:14:45.000000Z
2024,263.3852546296296,43.11789,-79.0604,2024-09-19T09:14:46.000000Z
2024,263.3954513888889,43.11784,-79.06043,2024-09-19T09:29:27.000000Z
2024,263.39546296296294,43.11784,-79.06043,2024-09-19T09:29:28.000000Z
2024,263.39547453703705,43.11786,-79.06042,2024-09-19T09:29:29.000000Z
2024,263.3954861111111,43.11787,-79.06041,2024-09-19T09:29:30.000000Z
2024,263.39549768518515,43.11787,-79.06041,2024-09-19T09:29:31.000000Z
2024,263.39550925925926,43.11787,-79.06041,2024-09-19T09:29:32.000000Z
2024,263.3955208333333,43.11787,-79.06042,2024-09-19T09:29:33.000000Z
2024,263.3955324074074,43.11787,-79.06042,2024-09-19T09:29:34.000000Z
2024,263.39554398148147,43.11787,-79.06042,2024-09-19T09:29:35.000000Z
2024,263.3955555555556,43.11787,-79.06042,2024-09-19T09:29:36.000000Z
2024,263.3955671296296,43.11787,-79.06043,2024-09-19T09:29:37.000000Z
2024,263.3955787037037,43.11786,-79.06042,2024-09-19T09:29:38.000000Z
2024,263.3955902777778,43.11785,-79.06042,2024-09-19T09:29:39.000000Z
2024,263.39560185185184,43.11785,-79.06042,2024-09-19T09:29:40.000000Z
2024,263.39561342592594,43.11785,-79.06042,2024-09-19T09:29:41.000000Z
2024,263.395625,43.11784,-79.06042,2024-09-19T09:29:42.000000Z
2024,263.39563657407405,43.11785,-79.06041,2024-09-19T09:29:43.000000Z
2024,263.39564814814815,43.11785,-79.06041,2024-09-19T09:29:44.000000Z
2024,263.3956597222222,43.11787,-79.06041,2024-09-19T09:29:45.000000Z
2024,263.3956712962963,43.11787,-79.06041,2024-09-19T09:29:46.000000Z
2024,263.40589120370373,43.11797,-79.06045,2024-09-19T09:44:29.000000Z
2024,263.4059027777778,43.11795,-79.06044,2024-09-19T09:44:30.000000Z
2024,263.40591435185183,43.11796,-79.06044,2024-09-19T09:44:31.000000Z
2024,263.40592592592594,43.11796,-79.06044,2024-09-19T09:44:32.000000Z
2024,263.4059375,43.11796,-79.06043,2024-09-19T09:44:33.000000Z
2024,263.4059490740741,43.11795,-79.06043,2024-09-19T09:44:34.000000Z
2024,263.40596064814815,43.11795,-79.06042,2024-09-19T09:44:35.000000Z
2024,263.40597222222226,43.11795,-79.06042,2024-09-19T09:44:36.000000Z
2024,263.4059837962963,43.11795,-79.06042,2024-09-19T09:44:37.000000Z
2024,263.40599537037036,43.11794,-79.06042,2024-09-19T09:44:38.000000Z
2024,263.40600694444447,43.11794,-79.06042,2024-09-19T09:44:39.000000Z
2024,263.4060185185185,43.11793,-79.06044,2024-09-19T09:44:40.000000Z
2024,263.40603009259263,43.11793,-79.06044,2024-09-19T09:44:41.000000Z
2024,263.4060416666667,43.11793,-79.06045,2024-09-19T09:44:42.000000Z
2024,263.40605324074073,43.11792,-79.06046,2024-09-19T09:44:43.000000Z
2024,263.40606481481484,43.11792,-79.06047,2024-09-19T09:44:44.000000Z
2024,263.4060763888889,43.11792,-79.06047,2024-09-19T09:44:45.000000Z
2024,263.406087962963,43.11792,-79.06047,2024-09-19T09:44:46.000000Z
2024,263.40609953703705,43.11792,-79.06047,2024-09-19T09:44:47.000000Z
2024,263.41629629629625,43.11806,-79.06055,2024-09-19T09:59:28.000000Z
2024,263.41630787037036,43.11806,-79.06054,2024-09-19T09:59:29.000000Z
2024,263.4163194444444,43.11806,-79.06053,2024-09-19T09:59:30.000000Z
2024,263.41633101851846,43.11806,-79.06053,2024-09-19T09:59:31.000000Z
2024,263.41634259259257,43.11805,-79.06053,2024-09-19T09:59:32.000000Z
2024,263.4163541666666,43.11805,-79.06053,2024-09-19T09:59:33.000000Z
2024,263.41636574074073,43.11805,-79.06053,2024-09-19T09:59:34.000000Z
2024,263.4163773148148,43.11804,-79.06053,2024-09-19T09:59:35.000000Z
2024,263.4163888888889,43.11804,-79.06053,2024-09-19T09:59:36.000000Z
2024,263.41640046296294,43.11803,-79.06052,2024-09-19T09:59:37.000000Z
2024,263.416412037037,43.11803,-79.06053,2024-09-19T09:59:38.000000Z
2024,263.4164236111111,43.11803,-79.06053,2024-09-19T09:59:39.000000Z
2024,263.41643518518515,43.11803,-79.06053,2024-09-19T09:59:40.000000Z
2024,263.41644675925926,43.11803,-79.06053,2024-09-19T09:59:41.000000Z
2024,263.4164583333333,43.11803,-79.06052,2024-09-19T09:59:42.000000Z
2024,263.41646990740736,43.11803,-79.06052,2024-09-19T09:59:43.000000Z
2024,263.41648148148147,43.11803,-79.06052,2024-09-19T09:59:44.000000Z
2024,263.4164930555555,43.11802,-79.06052,2024-09-19T09:59:45.000000Z
2024,263.4165046296296,43.11802,-79.06052,2024-09-19T09:59:46.000000Z
2024,263.42671296296294,43.11794,-79.06045,2024-09-19T10:14:28.000000Z
2024,263.42672453703705,43.11793,-79.06045,2024-09-19T10:14:29.000000Z
2024,263.4267361111111,43.11793,-79.06045,2024-09-19T10:14:30.000000Z
2024,263.42674768518515,43.11793,-79.06045,2024-09-19T10:14:31.000000Z
2024,263.42675925925926,43.11793,-79.06045,2024-09-19T10:14:32.000000Z
2024,263.4267708333333,43.11792,-79.06045,2024-09-19T10:14:33.000000Z
2024,263.4267824074074,43.11793,-79.06045,2024-09-19T10:14:34.000000Z
2024,263.42679398148147,43.11792,-79.06046,2024-09-19T10:14:35.000000Z
2024,263.4268055555556,43.11792,-79.06046,2024-09-19T10:14:36.000000Z
2024,263.4268287037037,43.11792,-79.06045,2024-09-19T10:14:38.000000Z
2024,263.4268402777778,43.11791,-79.06045,2024-09-19T10:14:39.000000Z
2024,263.42685185185184,43.11791,-79.06045,2024-09-19T10:14:40.000000Z
2024,263.42686342592594,43.11791,-79.06045,2024-09-19T10:14:41.000000Z
2024,263.426875,43.11791,-79.06044,2024-09-19T10:14:42.000000Z
2024,263.42688657407405,43.11791,-79.06044,2024-09-19T10:14:43.000000Z
2024,263.42689814814815,43.11791,-79.06044,2024-09-19T10:14:44.000000Z
2024,263.4269097222222,43.11791,-79.06044,2024-09-19T10:14:45.000000Z
2024,263.4269212962963,43.11791,-79.06044,2024-09-19T10:14:46.000000Z
2024,263.4371296296296,43.11792,-79.06048,2024-09-19T10:29:28.000000Z
2024,263.43714120370373,43.11792,-79.06048,2024-09-19T10:29:29.000000Z
2024,263.4371527777778,43.11792,-79.06047,2024-09-19T10:29:30.000000Z
2024,263.43716435185183,43.11792,-79.06047,2024-09-19T10:29:31.000000Z
2024,263.43717592592594,43.11792,-79.06047,2024-09-19T10:29:32.000000Z
2024,263.4371875,43.11792,-79.06047,2024-09-19T10:29:33.000000Z
2024,263.4371990740741,43.11792,-79.06047,2024-09-19T10:29:34.000000Z
2024,263.43721064814815,43.11792,-79.06048,2024-09-19T10:29:35.000000Z
2024,263.43722222222226,43.11792,-79.06048,2024-09-19T10:29:36.000000Z
2024,263.4372337962963,43.11792,-79.06048,2024-09-19T10:29:37.000000Z
2024,263.4372685185185,43.11793,-79.06047,2024-09-19T10:29:40.000000Z
2024,263.43728009259263,43.11793,-79.06047,2024-09-19T10:29:41.000000Z
2024,263.4372916666667,43.11793,-79.06047,2024-09-19T10:29:42.000000Z
2024,263.43730324074073,43.11794,-79.06046,2024-09-19T10:29:43.000000Z
2024,263.43731481481484,43.11794,-79.06046,2024-09-19T10:29:44.000000Z
2024,263.4373263888889,43.11795,-79.06046,2024-09-19T10:29:45.000000Z
2024,263.437337962963,43.11795,-79.06046,2024-09-19T10:29:46.000000Z
2024,263.43734953703705,43.11795,-79.06046,2024-09-19T10:29:47.000000Z
2024,263.4373611111111,43.11795,-79.06046,2024-09-19T10:29:48.000000Z
2024,263.4475462962963,43.11808,-79.06048,2024-09-19T10:44:28.000000Z
2024,263.4475578703704,43.11809,-79.06048,2024-09-19T10:44:29.000000Z
2024,263.44756944444447,43.11808,-79.06047,2024-09-19T10:44:30.000000Z
2024,263.4475810185185,43.11808,-79.06047,2024-09-19T10:44:31.000000Z
2024,263.4475925925926,43.11807,-79.06047,2024-09-19T10:44:32.000000Z
2024,263.4476041666667,43.11806,-79.06047,2024-09-19T10:44:33.000000Z
2024,263.4476157407408,43.11806,-79.06047,2024-09-19T10:44:34.000000Z
2024,263.44762731481484,43.11805,-79.06047,2024-09-19T10:44:35.000000Z
2024,263.44763888888895,43.11805,-79.06047,2024-09-19T10:44:36.000000Z
2024,263.447650462963,43.11803,-79.06048,2024-09-19T10:44:37.000000Z
2024,263.44766203703705,43.11803,-79.06048,2024-09-19T10:44:38.000000Z
2024,263.44767361111116,43.11802,-79.06048,2024-09-19T10:44:39.000000Z
2024,263.4476851851852,43.11801,-79.06049,2024-09-19T10:44:40.000000Z
2024,263.4476967592593,43.118,-79.06049,2024-09-19T10:44:41.000000Z
2024,263.44770833333337,43.118,-79.0605,2024-09-19T10:44:42.000000Z
2024,263.4477199074074,43.118,-79.0605,2024-09-19T10:44:43.000000Z
2024,263.4477314814815,43.118,-79.0605,2024-09-19T10:44:44.000000Z
2024,263.4477430555556,43.11799,-79.0605,2024-09-19T10:44:45.000000Z
2024,263.4477546296297,43.118,-79.0605,2024-09-19T10:44:46.000000Z
2024,263.45796296296294,43.11788,-79.0604,2024-09-19T10:59:28.000000Z
2024,263.45797453703705,43.11789,-79.0604,2024-09-19T10:59:29.000000Z
2024,263.4579861111111,43.11789,-79.0604,2024-09-19T10:59:30.000000Z
2024,263.45799768518515,43.11789,-79.0604,2024-09-19T10:59:31.000000Z
2024,263.45800925925926,43.11789,-79.0604,2024-09-19T10:59:32.000000Z
2024,263.4580208333333,43.11789,-79.0604,2024-09-19T10:59:33.000000Z
2024,263.4580324074074,43.1179,-79.0604,2024-09-19T10:59:34.000000Z
2024,263.45804398148147,43.1179,-79.0604,2024-09-19T10:59:35.000000Z
2024,263.4580555555556,43.1179,-79.0604,2024-09-19T10:59:36.000000Z
2024,263.4580671296296,43.11791,-79.0604,2024-09-19T10:59:37.000000Z
2024,263.4580787037037,43.11791,-79.06041,2024-09-19T10:59:38.000000Z
2024,263.4580902777778,43.11791,-79.06041,2024-09-19T10:59:39.000000Z
2024,263.45810185185184,43.11792,-79.06042,2024-09-19T10:59:40.000000Z
2024,263.45811342592594,43.11792,-79.06043,2024-09-19T10:59:41.000000Z
2024,263.458125,43.11792,-79.06043,2024-09-19T10:59:42.000000Z
2024,263.45813657407405,43.11793,-79.06044,2024-09-19T10:59:43.000000Z
2024,263.45814814814815,43.11793,-79.06044,2024-09-19T10:59:44.000000Z
2024,263.4581597222222,43.11793,-79.06044,2024-09-19T10:59:45.000000Z
2024,263.4581712962963,43.11793,-79.06044,2024-09-19T10:59:46.000000Z
2024,263.46837962962957,43.11787,-79.06041,2024-09-19T11:14:28.000000Z
2024,263.4683912037037,43.11787,-79.06042,2024-09-19T11:14:29.000000Z
2024,263.4684027777777,43.11787,-79.06043,2024-09-19T11:14:30.000000Z
2024,263.4684143518518,43.11787,-79.06043,2024-09-19T11:14:31.000000Z
2024,263.4684259259259,43.11787,-79.06044,2024-09-19T11:14:32.000000Z
2024,263.46843749999994,43.11788,-79.06044,2024-09-19T11:14:33.000000Z
2024,263.46844907407404,43.11788,-79.06044,2024-09-19T11:14:34.000000Z
2024,263.4684606481481,43.11788,-79.06044,2024-09-19T11:14:35.000000Z
2024,263.4684722222222,43.1179,-79.06044,2024-09-19T11:14:36.000000Z
2024,263.46848379629625,43.1179,-79.06044,2024-09-19T11:14:37.000000Z
2024,263.46851851851847,43.11793,-79.06044,2024-09-19T11:14:40.000000Z
2024,263.4685300925926,43.11793,-79.06044,2024-09-19T11:14:41.000000Z
2024,263.4685416666666,43.11793,-79.06043,2024-09-19T11:14:42.000000Z
2024,263.4685532407407,43.11794,-79.06043,2024-09-19T11:14:43.000000Z
2024,263.4685648148148,43.11795,-79.06043,2024-09-19T11:14:44.000000Z
2024,263.46857638888883,43.11795,-79.06043,2024-09-19T11:14:45.000000Z
2024,263.46858796296294,43.11795,-79.06043,2024-09-19T11:14:46.000000Z
2024,263.468599537037,43.11795,-79.06043,2024-09-19T11:14:47.000000Z
2024,263.46861111111104,43.11796,-79.06043,2024-09-19T11:14:48.000000Z
2024,263.47879629629625,43.1179,-79.06043,2024-09-19T11:29:28.000000Z
2024,263.47880787037036,43.11789,-79.06044,2024-09-19T11:29:29.000000Z
2024,263.4788194444444,43.11788,-79.06044,2024-09-19T11:29:30.000000Z
2024,263.47883101851846,43.11788,-79.06044,2024-09-19T11:29:31.000000Z
2024,263.47884259259257,43.11787,-79.06043,2024-09-19T11:29:32.000000Z
2024,263.4788541666666,43.11787,-79.06043,2024-09-19T11:29:33.000000Z
2024,263.47886574074073,43.11787,-79.06042,2024-09-19T11:29:34.000000Z
2024,263.4788773148148,43.11788,-79.06041,2024-09-19T11:29:35.000000Z
2024,263.4788888888889,43.11788,-79.06041,2024-09-19T11:29:36.000000Z
2024,263.47890046296294,43.11788,-79.06041,2024-09-19T11:29:37.000000Z
2024,263.478912037037,43.1179,-79.06039,2024-09-19T11:29:38.000000Z
2024,263.4789236111111,43.11792,-79.06038,2024-09-19T11:29:39.000000Z
2024,263.47893518518515,43.11793,-79.06037,2024-09-19T11:29:40.000000Z
2024,263.47894675925926,43.11792,-79.06037,2024-09-19T11:29:41.000000Z
2024,263.4789583333333,43.11792,-79.06037,2024-09-19T11:29:42.000000Z
2024,263.47896990740736,43.11792,-79.06037,2024-09-19T11:29:43.000000Z
2024,263.47898148148147,43.11792,-79.06037,2024-09-19T11:29:44.000000Z
2024,263.4789930555555,43.11791,-79.06037,2024-09-19T11:29:45.000000Z
2024,263.4790046296296,43.11791,-79.06037,2024-09-19T11:29:46.000000Z
2024,263.48921296296294,43.11796,-79.0604,2024-09-19T11:44:28.000000Z
2024,263.48922453703705,43.11796,-79.0604,2024-09-19T11:44:29.000000Z
2024,263.4892361111111,43.11796,-79.0604,2024-09-19T11:44:30.000000Z
2024,263.48924768518515,43.11796,-79.0604,2024-09-19T11:44:31.000000Z
2024,263.48925925925926,43.11796,-79.0604,2024-09-19T11:44:32.000000Z
2024,263.4892708333333,43.11797,-79.0604,2024-09-19T11:44:33.000000Z
2024,263.4892824074074,43.11797,-79.0604,2024-09-19T11:44:34.000000Z
2024,263.48929398148147,43.11797,-79.0604,2024-09-19T11:44:35.000000Z
2024,263.4893055555556,43.11797,-79.0604,2024-09-19T11:44:36.000000Z
2024,263.4893171296296,43.11798,-79.0604,2024-09-19T11:44:37.000000Z
2024,263.4893287037037,43.11798,-79.0604,2024-09-19T11:44:38.000000Z
2024,263.4893402777778,43.11798,-79.0604,2024-09-19T11:44:39.000000Z
2024,263.48935185185184,43.11798,-79.06041,2024-09-19T11:44:40.000000Z
2024,263.48936342592594,43.11798,-79.06041,2024-09-19T11:44:41.000000Z
2024,263.489375,43.11798,-79.06041,2024-09-19T11:44:42.000000Z
2024,263.48938657407405,43.11798,-79.06041,2024-09-19T11:44:43.000000Z
2024,263.48939814814815,43.11798,-79.06042,2024-09-19T11:44:44.000000Z
2024,263.4894097222222,43.11798,-79.06042,2024-09-19T11:44:45.000000Z
2024,263.4894212962963,43.11798,-79.06043,2024-09-19T11:44:46.000000Z
2024,263.49962962962957,43.11804,-79.06027,2024-09-19T11:59:28.000000Z
2024,263.4996412037037,43.11804,-79.06027,2024-09-19T11:59:29.000000Z
2024,263.4996527777777,43.11804,-79.06029,2024-09-19T11:59:30.000000Z
2024,263.4996643518518,43.11804,-79.0603,2024-09-19T11:59:31.000000Z
2024,263.4996759259259,43.11799,-79.06034,2024-09-19T11:59:32.000000Z
2024,263.49968749999994,43.11798,-79.06037,2024-09-19T11:59:33.000000Z
2024,263.49969907407404,43.11798,-79.06037,2024-09-19T11:59:34.000000Z
2024,263.4997106481481,43.11798,-79.06039,2024-09-19T11:59:35.000000Z
2024,263.4997222222222,43.11797,-79.0604,2024-09-19T11:59:36.000000Z
2024,263.49973379629625,43.11797,-79.0604,2024-09-19T11:59:37.000000Z
2024,263.4997453703703,43.11796,-79.06041,2024-09-19T11:59:38.000000Z
2024,263.4997569444444,43.11796,-79.06041,2024-09-19T11:59:39.000000Z
2024,263.49976851851847,43.11796,-79.06044,2024-09-19T11:59:40.000000Z
2024,263.4997800925926,43.11795,-79.06044,2024-09-19T11:59:41.000000Z
2024,263.4997916666666,43.11794,-79.06045,2024-09-19T11:59:42.000000Z
2024,263.4998032407407,43.11794,-79.06045,2024-09-19T11:59:43.000000Z
2024,263.4998148148148,43.11793,-79.06045,2024-09-19T11:59:44.000000Z
2024,263.49982638888883,43.11793,-79.06045,2024-09-19T11:59:45.000000Z
2024,263.49983796296294,43.11793,-79.06044,2024-09-19T11:59:46.000000Z
2024,263.5100347222222,43.11796,-79.06031,2024-09-19T12:14:27.000000Z
2024,263.51004629629625,43.11798,-79.06032,2024-09-19T12:14:28.000000Z
2024,263.51005787037036,43.11798,-79.06033,2024-09-19T12:14:29.000000Z
2024,263.5100694444444,43.11799,-79.06033,2024-09-19T12:14:30.000000Z
2024,263.51008101851846,43.11798,-79.06033,2024-09-19T12:14:31.000000Z
2024,263.51009259259257,43.11797,-79.06033,2024-09-19T12:14:32.000000Z
2024,263.5101041666666,43.11797,-79.06033,2024-09-19T12:14:33.000000Z
2024,263.51011574074073,43.11796,-79.06033,2024-09-19T12:14:34.000000Z
2024,263.5101273148148,43.11796,-79.06032,2024-09-19T12:14:35.000000Z
2024,263.5101388888889,43.11795,-79.06032,2024-09-19T12:14:36.000000Z
2024,263.51015046296294,43.11795,-79.06031,2024-09-19T12:14:37.000000Z
2024,263.510162037037,43.11794,-79.06031,2024-09-19T12:14:38.000000Z
2024,263.5101736111111,43.11795,-79.06031,2024-09-19T12:14:39.000000Z
2024,263.51018518518515,43.11795,-79.06031,2024-09-19T12:14:40.000000Z
2024,263.51019675925926,43.11795,-79.06031,2024-09-19T12:14:41.000000Z
2024,263.5102083333333,43.11795,-79.06031,2024-09-19T12:14:42.000000Z
2024,263.51021990740736,43.11795,-79.06031,2024-09-19T12:14:43.000000Z
2024,263.51023148148147,43.11795,-79.06031,2024-09-19T12:14:44.000000Z
2024,263.5102430555555,43.11795,-79.06031,2024-09-19T12:14:45.000000Z
2024,263.5102546296296,43.11795,-79.06031,2024-09-19T12:14:46.000000Z
2024,263.5204513888889,43.11797,-79.06042,2024-09-19T12:29:27.000000Z
2024,263.52046296296294,43.11798,-79.06039,2024-09-19T12:29:28.000000Z
2024,263.52047453703705,43.11798,-79.06039,2024-09-19T12:29:29.000000Z
2024,263.5204861111111,43.11799,-79.06037,2024-09-19T12:29:30.000000Z
2024,263.52049768518515,43.11799,-79.06037,2024-09-19T12:29:31.000000Z
2024,263.52050925925926,43.11799,-79.06037,2024-09-19T12:29:32.000000Z
2024,263.5205208333333,43.11799,-79.06037,2024-09-19T12:29:33.000000Z
2024,263.5205324074074,43.11799,-79.06037,2024-09-19T12:29:34.000000Z
2024,263.52054398148147,43.11799,-79.06037,2024-09-19T12:29:35.000000Z
2024,263.5205555555556,43.11799,-79.06037,2024-09-19T12:29:36.000000Z
2024,263.5205671296296,43.11799,-79.06037,2024-09-19T12:29:37.000000Z
2024,263.5205787037037,43.11798,-79.06037,2024-09-19T12:29:38.000000Z
2024,263.5205902777778,43.11798,-79.06037,2024-09-19T12:29:39.000000Z
2024,263.52060185185184,43.11796,-79.06037,2024-09-19T12:29:40.000000Z
2024,263.52061342592594,43.11795,-79.06037,2024-09-19T12:29:41.000000Z
2024,263.520625,43.11793,-79.06037,2024-09-19T12:29:42.000000Z
2024,263.52063657407405,43.11793,-79.06037,2024-09-19T12:29:43.000000Z
2024,263.52064814814815,43.11792,-79.06037,2024-09-19T12:29:44.000000Z
2024,263.5206597222222,43.11792,-79.06037,2024-09-19T12:29:45.000000Z
2024,263.5206712962963,43.11792,-79.06037,2024-09-19T12:29:46.000000Z
2024,263.5308680555556,43.11792,-79.06056,2024-09-19T12:44:27.000000Z
2024,263.5308796296296,43.11791,-79.06056,2024-09-19T12:44:28.000000Z
2024,263.53089120370373,43.11791,-79.06056,2024-09-19T12:44:29.000000Z
2024,263.53091435185183,43.1179,-79.06058,2024-09-19T12:44:31.000000Z
2024,263.53092592592594,43.1179,-79.06058,2024-09-19T12:44:32.000000Z
2024,263.5309375,43.1179,-79.06059,2024-09-19T12:44:33.000000Z
2024,263.5309490740741,43.1179,-79.0606,2024-09-19T12:44:34.000000Z
2024,263.53096064814815,43.1179,-79.0606,2024-09-19T12:44:35.000000Z
2024,263.53097222222226,43.1179,-79.0606,2024-09-19T12:44:36.000000Z
2024,263.5309837962963,43.11789,-79.0606,2024-09-19T12:44:37.000000Z
2024,263.53099537037036,43.11789,-79.0606,2024-09-19T12:44:38.000000Z
2024,263.53100694444447,43.11788,-79.06061,2024-09-19T12:44:39.000000Z
2024,263.5310185185185,43.11789,-79.06063,2024-09-19T12:44:40.000000Z
2024,263.53103009259263,43.1179,-79.06064,2024-09-19T12:44:41.000000Z
2024,263.5310416666667,43.1179,-79.06065,2024-09-19T12:44:42.000000Z
2024,263.53105324074073,43.1179,-79.06065,2024-09-19T12:44:43.000000Z
2024,263.53106481481484,43.1179,-79.06066,2024-09-19T12:44:44.000000Z
2024,263.5310763888889,43.1179,-79.06065,2024-09-19T12:44:45.000000Z
2024,263.531087962963,43.1179,-79.06065,2024-09-19T12:44:46.000000Z
2024,263.5412847222222,43.11795,-79.06043,2024-09-19T12:59:27.000000Z
2024,263.54129629629625,43.11794,-79.06044,2024-09-19T12:59:28.000000Z
2024,263.54130787037036,43.11794,-79.06045,2024-09-19T12:59:29.000000Z
2024,263.5413194444444,43.11794,-79.06046,2024-09-19T12:59:30.000000Z
2024,263.54133101851846,43.11794,-79.06047,2024-09-19T12:59:31.000000Z
2024,263.54134259259257,43.11794,-79.06047,2024-09-19T12:59:32.000000Z
2024,263.5413541666666,43.11794,-79.06047,2024-09-19T12:59:33.000000Z
2024,263.54136574074073,43.11794,-79.06047,2024-09-19T12:59:34.000000Z
2024,263.5413773148148,43.11794,-79.06047,2024-09-19T12:59:35.000000Z
2024,263.5413888888889,43.11794,-79.06047,2024-09-19T12:59:36.000000Z
2024,263.54140046296294,43.11794,-79.06047,2024-09-19T12:59:37.000000Z
2024,263.541412037037,43.11794,-79.06047,2024-09-19T12:59:38.000000Z
2024,263.5414236111111,43.11795,-79.06046,2024-09-19T12:59:39.000000Z
2024,263.54143518518515,43.11795,-79.06046,2024-09-19T12:59:40.000000Z
2024,263.54144675925926,43.11795,-79.06046,2024-09-19T12:59:41.000000Z
2024,263.5414583333333,43.11795,-79.06046,2024-09-19T12:59:42.000000Z
2024,263.54146990740736,43.11795,-79.06046,2024-09-19T12:59:43.000000Z
2024,263.54148148148147,43.11795,-79.06045,2024-09-19T12:59:44.000000Z
2024,263.5414930555555,43.11795,-79.06045,2024-09-19T12:59:45.000000Z
2024,263.5415046296296,43.11795,-79.06045,2024-09-19T12:59:46.000000Z
2024,263.5517013888889,43.1179,-79.06059,2024-09-19T13:14:27.000000Z
2024,263.55171296296294,43.1179,-79.06057,2024-09-19T13:14:28.000000Z
2024,263.55172453703705,43.1179,-79.06057,2024-09-19T13:14:29.000000Z
2024,263.5517361111111,43.1179,-79.06057,2024-09-19T13:14:30.000000Z
2024,263.55174768518515,43.1179,-79.06057,2024-09-19T13:14:31.000000Z
2024,263.55175925925926,43.1179,-79.06057,2024-09-19T13:14:32.000000Z
2024,263.5517708333333,43.1179,-79.06057,2024-09-19T13:14:33.000000Z
2024,263.5517824074074,43.1179,-79.06057,2024-09-19T13:14:34.000000Z
2024,263.55179398148147,43.1179,-79.06057,2024-09-19T13:14:35.000000Z
2024,263.5518055555556,43.1179,-79.06058,2024-09-19T13:14:36.000000Z
2024,263.5518171296296,43.1179,-79.06058,2024-09-19T13:14:37.000000Z
2024,263.5518287037037,43.11789,-79.06058,2024-09-19T13:14:38.000000Z
2024,263.5518402777778,43.11789,-79.06058,2024-09-19T13:14:39.000000Z
2024,263.55185185185184,43.11789,-79.06058,2024-09-19T13:14:40.000000Z
2024,263.55186342592594,43.11789,-79.06058,2024-09-19T13:14:41.000000Z
2024,263.55188657407405,43.11789,-79.06059,2024-09-19T13:14:43.000000Z
2024,263.55189814814815,43.11789,-79.06059,2024-09-19T13:14:44.000000Z
2024,263.5519097222222,43.11789,-79.06059,2024-09-19T13:14:45.000000Z
2024,263.5519212962963,43.11789,-79.06059,2024-09-19T13:14:46.000000Z
2024,263.5621180555556,43.11791,-79.0606,2024-09-19T13:29:27.000000Z
2024,263.5621296296296,43.11791,-79.06059,2024-09-19T13:29:28.000000Z
2024,263.56214120370373,43.11791,-79.06059,2024-09-19T13:29:29.000000Z
2024,263.5621527777778,43.11791,-79.06059,2024-09-19T13:29:30.000000Z
2024,263.56216435185183,43.11791,-79.06059,2024-09-19T13:29:31.000000Z
2024,263.56217592592594,43.11792,-79.06059,2024-09-19T13:29:32.000000Z
2024,263.5621875,43.11792,-79.06059,2024-09-19T13:29:33.000000Z
2024,263.5621990740741,43.11792,-79.0606,2024-09-19T13:29:34.000000Z
2024,263.56221064814815,43.11792,-79.0606,2024-09-19T13:29:35.000000Z
2024,263.56222222222226,43.11792,-79.0606,2024-09-19T13:29:36.000000Z
2024,263.5622337962963,43.11792,-79.0606,2024-09-19T13:29:37.000000Z
2024,263.56224537037036,43.11791,-79.0606,2024-09-19T13:29:38.000000Z
2024,263.56225694444447,43.11791,-79.06061,2024-09-19T13:29:39.000000Z
2024,263.5622685185185,43.11791,-79.06061,2024-09-19T13:29:40.000000Z
2024,263.56228009259263,43.1179,-79.06062,2024-09-19T13:29:41.000000Z
2024,263.5622916666667,43.11789,-79.06063,2024-09-19T13:29:42.000000Z
2024,263.56230324074073,43.11789,-79.06063,2024-09-19T13:29:43.000000Z
2024,263.56231481481484,43.11788,-79.06063,2024-09-19T13:29:44.000000Z
2024,263.5623263888889,43.11788,-79.06062,2024-09-19T13:29:45.000000Z
2024,263.562337962963,43.11788,-79.06062,2024-09-19T13:29:46.000000Z
2024,263.57262731481484,43.11785,-79.06052,2024-09-19T13:44:35.000000Z
2024,263.57263888888895,43.11785,-79.06052,2024-09-19T13:44:36.000000Z
2024,263.572650462963,43.11786,-79.06052,2024-09-19T13:44:37.000000Z
2024,263.57266203703705,43.11787,-79.06052,2024-09-19T13:44:38.000000Z
2024,263.57267361111116,43.11788,-79.06051,2024-09-19T13:44:39.000000Z
2024,263.5726851851852,43.11788,-79.0605,2024-09-19T13:44:40.000000Z
2024,263.5726967592593,43.11788,-79.0605,2024-09-19T13:44:41.000000Z
2024,263.57270833333337,43.11789,-79.0605,2024-09-19T13:44:42.000000Z
2024,263.5727199074074,43.11789,-79.0605,2024-09-19T13:44:43.000000Z
2024,263.5727314814815,43.1179,-79.06049,2024-09-19T13:44:44.000000Z
2024,263.5727430555556,43.1179,-79.06049,2024-09-19T13:44:45.000000Z
2024,263.5727546296297,43.11791,-79.06049,2024-09-19T13:44:46.000000Z
2024,263.57276620370374,43.11791,-79.06048,2024-09-19T13:44:47.000000Z
2024,263.5727777777778,43.11791,-79.06049,2024-09-19T13:44:48.000000Z
2024,263.5727893518519,43.11792,-79.06047,2024-09-19T13:44:49.000000Z
2024,263.57280092592595,43.11793,-79.06047,2024-09-19T13:44:50.000000Z
2024,263.57281250000005,43.11793,-79.06047,2024-09-19T13:44:51.000000Z
2024,263.5728240740741,43.11793,-79.06047,2024-09-19T13:44:52.000000Z
2024,263.57283564814816,43.11793,-79.06047,2024-09-19T13:44:53.000000Z
2024,263.5829513888889,43.11796,-79.0605,2024-09-19T13:59:27.000000Z
2024,263.58296296296294,43.11796,-79.0605,2024-09-19T13:59:28.000000Z
2024,263.58297453703705,43.11796,-79.0605,2024-09-19T13:59:29.000000Z
2024,263.5829861111111,43.11796,-79.0605,2024-09-19T13:59:30.000000Z
2024,263.58299768518515,43.11796,-79.06049,2024-09-19T13:59:31.000000Z
2024,263.58300925925926,43.11796,-79.06049,2024-09-19T13:59:32.000000Z
2024,263.5830208333333,43.11796,-79.06049,2024-09-19T13:59:33.000000Z
2024,263.5830324074074,43.11796,-79.06049,2024-09-19T13:59:34.000000Z
2024,263.58304398148147,43.11795,-79.06048,2024-09-19T13:59:35.000000Z
2024,263.5830555555556,43.11795,-79.06049,2024-09-19T13:59:36.000000Z
2024,263.5830671296296,43.11795,-79.0605,2024-09-19T13:59:37.000000Z
2024,263.5830787037037,43.11795,-79.0605,2024-09-19T13:59:38.000000Z
2024,263.5830902777778,43.11796,-79.0605,2024-09-19T13:59:39.000000Z
2024,263.58310185185184,43.11796,-79.06051,2024-09-19T13:59:40.000000Z
2024,263.58311342592594,43.11796,-79.06051,2024-09-19T13:59:41.000000Z
2024,263.583125,43.11796,-79.06051,2024-09-19T13:59:42.000000Z
2024,263.58313657407405,43.11796,-79.06052,2024-09-19T13:59:43.000000Z
2024,263.58314814814815,43.11796,-79.06052,2024-09-19T13:59:44.000000Z
2024,263.5831597222222,43.11796,-79.06052,2024-09-19T13:59:45.000000Z
2024,263.5831712962963,43.11796,-79.06052,2024-09-19T13:59:46.000000Z
2024,263.5933680555555,43.11796,-79.0605,2024-09-19T14:14:27.000000Z
2024,263.59337962962957,43.11796,-79.0605,2024-09-19T14:14:28.000000Z
2024,263.5933912037037,43.11796,-79.0605,2024-09-19T14:14:29.000000Z
2024,263.5934027777777,43.11796,-79.0605,2024-09-19T14:14:30.000000Z
2024,263.5934143518518,43.11796,-79.0605,2024-09-19T14:14:31.000000Z
2024,263.5934259259259,43.11796,-79.0605,2024-09-19T14:14:32.000000Z
2024,263.59343749999994,43.11796,-79.06049,2024-09-19T14:14:33.000000Z
2024,263.59344907407404,43.11797,-79.06049,2024-09-19T14:14:34.000000Z
2024,263.5934606481481,43.11797,-79.06049,2024-09-19T14:14:35.000000Z
2024,263.5934722222222,43.11797,-79.06049,2024-09-19T14:14:36.000000Z
2024,263.59348379629625,43.11797,-79.06049,2024-09-19T14:14:37.000000Z
2024,263.5934953703703,43.11797,-79.06048,2024-09-19T14:14:38.000000Z
2024,263.5935069444444,43.11797,-79.06048,2024-09-19T14:14:39.000000Z
2024,263.59351851851847,43.11797,-79.06048,2024-09-19T14:14:40.000000Z
2024,263.5935300925926,43.11797,-79.06048,2024-09-19T14:14:41.000000Z
2024,263.5935416666666,43.11797,-79.06048,2024-09-19T14:14:42.000000Z
2024,263.5935532407407,43.11797,-79.06048,2024-09-19T14:14:43.000000Z
2024,263.5935648148148,43.11798,-79.06048,2024-09-19T14:14:44.000000Z
2024,263.59357638888883,43.11798,-79.06048,2024-09-19T14:14:45.000000Z
2024,263.59358796296294,43.11798,-79.06049,2024-09-19T14:14:46.000000Z
2024,263.6037847222222,43.11791,-79.06045,2024-09-19T14:29:27.000000Z
2024,263.60379629629625,43.1179,-79.06047,2024-09-19T14:29:28.000000Z
2024,263.60380787037036,43.11791,-79.06046,2024-09-19T14:29:29.000000Z
2024,263.6038194444444,43.11791,-79.06046,2024-09-19T14:29:30.000000Z
2024,263.60383101851846,43.11792,-79.06047,2024-09-19T14:29:31.000000Z
2024,263.60384259259257,43.11792,-79.06047,2024-09-19T14:29:32.000000Z
2024,263.6038541666666,43.11793,-79.06046,2024-09-19T14:29:33.000000Z
2024,263.60386574074073,43.11793,-79.06046,2024-09-19T14:29:34.000000Z
2024,263.6038773148148,43.11793,-79.06046,2024-09-19T14:29:35.000000Z
2024,263.6038888888889,43.11794,-79.06046,2024-09-19T14:29:36.000000Z
2024,263.60390046296294,43.11794,-79.06046,2024-09-19T14:29:37.000000Z
2024,263.603912037037,43.11795,-79.06047,2024-09-19T14:29:38.000000Z
2024,263.6039236111111,43.11795,-79.06047,2024-09-19T14:29:39.000000Z
2024,263.60393518518515,43.11795,-79.06047,2024-09-19T14:29:40.000000Z
2024,263.60394675925926,43.11796,-79.06047,2024-09-19T14:29:41.000000Z
2024,263.6039583333333,43.11796,-79.06047,2024-09-19T14:29:42.000000Z
2024,263.60396990740736,43.11796,-79.06048,2024-09-19T14:29:43.000000Z
2024,263.60398148148147,43.11796,-79.06048,2024-09-19T14:29:44.000000Z
2024,263.6039930555555,43.11796,-79.06048,2024-09-19T14:29:45.000000Z
2024,263.6040046296296,43.11796,-79.06048,2024-09-19T14:29:46.000000Z
2024,263.6142013888889,43.11798,-79.06037,2024-09-19T14:44:27.000000Z
2024,263.61421296296294,43.11798,-79.06037,2024-09-19T14:44:28.000000Z
2024,263.61422453703705,43.11798,-79.06037,2024-09-19T14:44:29.000000Z
2024,263.6142361111111,43.11798,-79.06037,2024-09-19T14:44:30.000000Z
2024,263.61424768518515,43.11798,-79.06037,2024-09-19T14:44:31.000000Z
2024,263.61425925925926,43.11798,-79.06037,2024-09-19T14:44:32.000000Z
2024,263.6142708333333,43.11798,-79.06037,2024-09-19T14:44:33.000000Z
2024,263.6142824074074,43.11798,-79.06037,2024-09-19T14:44:34.000000Z
2024,263.61429398148147,43.11798,-79.06037,2024-09-19T14:44:35.000000Z
2024,263.6143055555556,43.11798,-79.06037,2024-09-19T14:44:36.000000Z
2024,263.6143171296296,43.11798,-79.06037,2024-09-19T14:44:37.000000Z
2024,263.6143287037037,43.11798,-79.06037,2024-09-19T14:44:38.000000Z
2024,263.6143402777778,43.11798,-79.06037,2024-09-19T14:44:39.000000Z
2024,263.61435185185184,43.11799,-79.06037,2024-09-19T14:44:40.000000Z
2024,263.61436342592594,43.11799,-79.06037,2024-09-19T14:44:41.000000Z
2024,263.614375,43.11799,-79.06038,2024-09-19T14:44:42.000000Z
2024,263.61438657407405,43.11799,-79.06039,2024-09-19T14:44:43.000000Z
2024,263.61439814814815,43.11799,-79.0604,2024-09-19T14:44:44.000000Z
2024,263.6144097222222,43.11799,-79.0604,2024-09-19T14:44:45.000000Z
2024,263.6144212962963,43.11799,-79.0604,2024-09-19T14:44:46.000000Z
2024,263.6246180555555,43.118,-79.06046,2024-09-19T14:59:27.000000Z
2024,263.62462962962957,43.118,-79.06046,2024-09-19T14:59:28.000000Z
2024,263.6246412037037,43.11801,-79.06047,2024-09-19T14:59:29.000000Z
2024,263.6246527777777,43.11801,-79.06047,2024-09-19T14:59:30.000000Z
2024,263.6246643518518,43.11801,-79.06047,2024-09-19T14:59:31.000000Z
2024,263.6246759259259,43.118,-79.06047,2024-09-19T14:59:32.000000Z
2024,263.62468749999994,43.11799,-79.06047,2024-09-19T14:59:33.000000Z
2024,263.62469907407404,43.11799,-79.06047,2024-09-19T14:59:34.000000Z
2024,263.6247106481481,43.11798,-79.06047,2024-09-19T14:59:35.000000Z
2024,263.6247222222222,43.11798,-79.06047,2024-09-19T14:59:36.000000Z
2024,263.62473379629625,43.11798,-79.06047,2024-09-19T14:59:37.000000Z
2024,263.6247453703703,43.11798,-79.06047,2024-09-19T14:59:38.000000Z
2024,263.6247569444444,43.11798,-79.06046,2024-09-19T14:59:39.000000Z
2024,263.62476851851847,43.11798,-79.06046,2024-09-19T14:59:40.000000Z
2024,263.6247800925926,43.11798,-79.06046,2024-09-19T14:59:41.000000Z
2024,263.6247916666666,43.11798,-79.06046,2024-09-19T14:59:42.000000Z
2024,263.6248032407407,43.11798,-79.06046,2024-09-19T14:59:43.000000Z
2024,263.6248148148148,43.11798,-79.06046,2024-09-19T14:59:44.000000Z
2024,263.62482638888883,43.11798,-79.06046,2024-09-19T14:59:45.000000Z
2024,263.62483796296294,43.11798,-79.06046,2024-09-19T14:59:46.000000Z
2024,263.6350347222222,43.11798,-79.06045,2024-09-19T15:14:27.000000Z
2024,263.63504629629625,43.11798,-79.06044,2024-09-19T15:14:28.000000Z
2024,263.63505787037036,43.11798,-79.06044,2024-09-19T15:14:29.000000Z
2024,263.6350694444444,43.11798,-79.06044,2024-09-19T15:14:30.000000Z
2024,263.63508101851846,43.11798,-79.06044,2024-09-19T15:14:31.000000Z
2024,263.63509259259257,43.11798,-79.06044,2024-09-19T15:14:32.000000Z
2024,263.6351041666666,43.11798,-79.06044,2024-09-19T15:14:33.000000Z
2024,263.63511574074073,43.11798,-79.06044,2024-09-19T15:14:34.000000Z
2024,263.6351273148148,43.11798,-79.06044,2024-09-19T15:14:35.000000Z
2024,263.6351388888889,43.11798,-79.06044,2024-09-19T15:14:36.000000Z
2024,263.63515046296294,43.11798,-79.06044,2024-09-19T15:14:37.000000Z
2024,263.635162037037,43.11798,-79.06044,2024-09-19T15:14:38.000000Z
2024,263.6351736111111,43.11798,-79.06044,2024-09-19T15:14:39.000000Z
2024,263.63518518518515,43.11798,-79.06044,2024-09-19T15:14:40.000000Z
2024,263.63519675925926,43.11798,-79.06044,2024-09-19T15:14:41.000000Z
2024,263.6352083333333,43.11797,-79.06044,2024-09-19T15:14:42.000000Z
2024,263.63521990740736,43.11797,-79.06044,2024-09-19T15:14:43.000000Z
2024,263.63523148148147,43.11797,-79.06044,2024-09-19T15:14:44.000000Z
2024,263.6352430555555,43.11797,-79.06044,2024-09-19T15:14:45.000000Z
2024,263.6352546296296,43.11797,-79.06044,2024-09-19T15:14:46.000000Z
2024,263.6454513888889,43.11792,-79.06042,2024-09-19T15:29:27.000000Z
2024,263.64546296296294,43.11793,-79.06042,2024-09-19T15:29:28.000000Z
2024,263.64547453703705,43.11794,-79.06043,2024-09-19T15:29:29.000000Z
2024,263.6454861111111,43.11795,-79.06043,2024-09-19T15:29:30.000000Z
2024,263.64549768518515,43.11795,-79.06043,2024-09-19T15:29:31.000000Z
2024,263.64550925925926,43.11796,-79.06044,2024-09-19T15:29:32.000000Z
2024,263.6455208333333,43.11796,-79.06044,2024-09-19T15:29:33.000000Z
2024,263.6455324074074,43.11796,-79.06044,2024-09-19T15:29:34.000000Z
2024,263.64554398148147,43.11796,-79.06044,2024-09-19T15:29:35.000000Z
2024,263.6455555555556,43.11796,-79.06044,2024-09-19T15:29:36.000000Z
2024,263.6455671296296,43.11796,-79.06044,2024-09-19T15:29:37.000000Z
2024,263.6455787037037,43.11796,-79.06044,2024-09-19T15:29:38.000000Z
2024,263.6455902777778,43.11796,-79.06044,2024-09-19T15:29:39.000000Z
2024,263.64560185185184,43.11797,-79.06044,2024-09-19T15:29:40.000000Z
2024,263.64561342592594,43.11797,-79.06044,2024-09-19T15:29:41.000000Z
2024,263.645625,43.11797,-79.06044,2024-09-19T15:29:42.000000Z
2024,263.64563657407405,43.11797,-79.06044,2024-09-19T15:29:43.000000Z
2024,263.64564814814815,43.11797,-79.06044,2024-09-19T15:29:44.000000Z
2024,263.6456597222222,43.11797,-79.06044,2024-09-19T15:29:45.000000Z
2024,263.6456712962963,43.11797,-79.06044,2024-09-19T15:29:46.000000Z
2024,263.6559375,43.11799,-79.06027,2024-09-19T15:44:33.000000Z
2024,263.6559490740741,43.11798,-79.06026,2024-09-19T15:44:34.000000Z
2024,263.65596064814815,43.11798,-79.06026,2024-09-19T15:44:35.000000Z
2024,263.65597222222226,43.11798,-79.06026,2024-09-19T15:44:36.000000Z
2024,263.6559837962963,43.11798,-79.06026,2024-09-19T15:44:37.000000Z
2024,263.65599537037036,43.11798,-79.06026,2024-09-19T15:44:38.000000Z
2024,263.65600694444447,43.11798,-79.06026,2024-09-19T15:44:39.000000Z
2024,263.6560185185185,43.11798,-79.06027,2024-09-19T15:44:40.000000Z
2024,263.65603009259263,43.11799,-79.06027,2024-09-19T15:44:41.000000Z
2024,263.6560416666667,43.11799,-79.06027,2024-09-19T15:44:42.000000Z
2024,263.65605324074073,43.11799,-79.06027,2024-09-19T15:44:43.000000Z
2024,263.65606481481484,43.118,-79.06027,2024-09-19T15:44:44.000000Z
2024,263.6560763888889,43.118,-79.06027,2024-09-19T15:44:45.000000Z
2024,263.656087962963,43.118,-79.06027,2024-09-19T15:44:46.000000Z
2024,263.65609953703705,43.118,-79.06027,2024-09-19T15:44:47.000000Z
2024,263.6561111111111,43.11801,-79.06027,2024-09-19T15:44:48.000000Z
2024,263.6561226851852,43.11801,-79.06028,2024-09-19T15:44:49.000000Z
2024,263.65613425925926,43.11802,-79.06028,2024-09-19T15:44:50.000000Z
2024,263.65614583333337,43.11802,-79.06029,2024-09-19T15:44:51.000000Z
2024,263.6561574074074,43.11803,-79.06029,2024-09-19T15:44:52.000000Z
2024,263.6662847222222,43.11793,-79.06011,2024-09-19T15:59:27.000000Z
2024,263.66629629629625,43.11792,-79.06011,2024-09-19T15:59:28.000000Z
2024,263.66630787037036,43.11792,-79.06011,2024-09-19T15:59:29.000000Z
2024,263.6663194444444,43.11792,-79.06012,2024-09-19T15:59:30.000000Z
2024,263.66633101851846,43.11793,-79.06014,2024-09-19T15:59:31.000000Z
2024,263.66634259259257,43.11793,-79.06014,2024-09-19T15:59:32.000000Z
2024,263.6663541666666,43.11793,-79.06015,2024-09-19T15:59:33.000000Z
2024,263.66636574074073,43.11793,-79.06015,2024-09-19T15:59:34.000000Z
2024,263.6663773148148,43.11794,-79.06015,2024-09-19T15:59:35.000000Z
2024,263.6663888888889,43.11794,-79.06017,2024-09-19T15:59:36.000000Z
2024,263.66640046296294,43.11794,-79.06017,2024-09-19T15:59:37.000000Z
2024,263.666412037037,43.11795,-79.06017,2024-09-19T15:59:38.000000Z
2024,263.6664236111111,43.11795,-79.06018,2024-09-19T15:59:39.000000Z
2024,263.66643518518515,43.11795,-79.06018,2024-09-19T15:59:40.000000Z
2024,263.66644675925926,43.11795,-79.06018,2024-09-19T15:59:41.000000Z
2024,263.6664583333333,43.11795,-79.06018,2024-09-19T15:59:42.000000Z
2024,263.66646990740736,43.11795,-79.06018,2024-09-19T15:59:43.000000Z
2024,263.66648148148147,43.11795,-79.06019,2024-09-19T15:59:44.000000Z
2024,263.6664930555555,43.11795,-79.0602,2024-09-19T15:59:45.000000Z
2024,263.6665046296296,43.11795,-79.0602,2024-09-19T15:59:46.000000Z
2024,263.67665509259257,43.11792,-79.06032,2024-09-19T16:14:23.000000Z
2024,263.6767013888889,43.11796,-79.06024,2024-09-19T16:14:27.000000Z
2024,263.67671296296294,43.11797,-79.06024,2024-09-19T16:14:28.000000Z
2024,263.67672453703705,43.11797,-79.06024,2024-09-19T16:14:29.000000Z
2024,263.6767361111111,43.11798,-79.06024,2024-09-19T16:14:30.000000Z
2024,263.67674768518515,43.11798,-79.06024,2024-09-19T16:14:31.000000Z
2024,263.67675925925926,43.11798,-79.06024,2024-09-19T16:14:32.000000Z
2024,263.6767708333333,43.11799,-79.06025,2024-09-19T16:14:33.000000Z
2024,263.6767824074074,43.11799,-79.06025,2024-09-19T16:14:34.000000Z
2024,263.67679398148147,43.11799,-79.06025,2024-09-19T16:14:35.000000Z
2024,263.6768055555556,43.11799,-79.06024,2024-09-19T16:14:36.000000Z
2024,263.6768171296296,43.11799,-79.06024,2024-09-19T16:14:37.000000Z
2024,263.6768287037037,43.11799,-79.06025,2024-09-19T16:14:38.000000Z
2024,263.6768402777778,43.11799,-79.06025,2024-09-19T16:14:39.000000Z
2024,263.67685185185184,43.11799,-79.06025,2024-09-19T16:14:40.000000Z
2024,263.67686342592594,43.11799,-79.06026,2024-09-19T16:14:41.000000Z
2024,263.676875,43.11798,-79.06025,2024-09-19T16:14:42.000000Z
2024,263.67688657407405,43.11798,-79.06025,2024-09-19T16:14:43.000000Z
2024,263.67689814814815,43.11798,-79.06026,2024-09-19T16:14:44.000000Z
2024,263.6769097222222,43.11798,-79.06026,2024-09-19T16:14:45.000000Z
2024,263.68714120370373,43.11779,-79.06018,2024-09-19T16:29:29.000000Z
2024,263.6871527777778,43.11779,-79.06018,2024-09-19T16:29:30.000000Z
2024,263.68716435185183,43.11779,-79.06018,2024-09-19T16:29:31.000000Z
2024,263.68717592592594,43.11779,-79.06017,2024-09-19T16:29:32.000000Z
2024,263.6871875,43.11779,-79.06017,2024-09-19T16:29:33.000000Z
2024,263.6871990740741,43.11779,-79.06017,2024-09-19T16:29:34.000000Z
2024,263.68721064814815,43.11779,-79.06017,2024-09-19T16:29:35.000000Z
2024,263.68722222222226,43.11778,-79.06016,2024-09-19T16:29:36.000000Z
2024,263.6872337962963,43.11779,-79.06017,2024-09-19T16:29:37.000000Z
2024,263.68724537037036,43.11779,-79.06018,2024-09-19T16:29:38.000000Z
2024,263.68725694444447,43.11779,-79.06018,2024-09-19T16:29:39.000000Z
2024,263.6872685185185,43.11779,-79.06018,2024-09-19T16:29:40.000000Z
2024,263.68728009259263,43.11779,-79.06018,2024-09-19T16:29:41.000000Z
2024,263.6872916666667,43.11779,-79.06018,2024-09-19T16:29:42.000000Z
2024,263.68730324074073,43.11779,-79.06018,2024-09-19T16:29:43.000000Z
2024,263.68731481481484,43.11779,-79.06018,2024-09-19T16:29:44.000000Z
2024,263.6873263888889,43.11779,-79.06017,2024-09-19T16:29:45.000000Z
2024,263.687337962963,43.11779,-79.06017,2024-09-19T16:29:46.000000Z
2024,263.68734953703705,43.1178,-79.06017,2024-09-19T16:29:47.000000Z
2024,263.6975578703704,43.11769,-79.06005,2024-09-19T16:44:29.000000Z
2024,263.69756944444447,43.11769,-79.06006,2024-09-19T16:44:30.000000Z
2024,263.6975810185185,43.1177,-79.06006,2024-09-19T16:44:31.000000Z
2024,263.6975925925926,43.1177,-79.06007,2024-09-19T16:44:32.000000Z
2024,263.6976041666667,43.11771,-79.06007,2024-09-19T16:44:33.000000Z
2024,263.6976157407408,43.11771,-79.06007,2024-09-19T16:44:34.000000Z
2024,263.69762731481484,43.11771,-79.06008,2024-09-19T16:44:35.000000Z
2024,263.69763888888895,43.11772,-79.06008,2024-09-19T16:44:36.000000Z
2024,263.697650462963,43.11772,-79.06008,2024-09-19T16:44:37.000000Z
2024,263.69766203703705,43.11773,-79.06008,2024-09-19T16:44:38.000000Z
2024,263.69767361111116,43.11773,-79.06008,2024-09-19T16:44:39.000000Z
2024,263.6976851851852,43.11775,-79.06013,2024-09-19T16:44:40.000000Z
2024,263.6976967592593,43.11776,-79.06013,2024-09-19T16:44:41.000000Z
2024,263.69770833333337,43.11776,-79.06014,2024-09-19T16:44:42.000000Z
2024,263.6977199074074,43.11776,-79.06015,2024-09-19T16:44:43.000000Z
2024,263.6977314814815,43.11776,-79.06015,2024-09-19T16:44:44.000000Z
2024,263.6977430555556,43.11776,-79.06015,2024-09-19T16:44:45.000000Z
2024,263.6977546296297,43.11777,-79.06016,2024-09-19T16:44:46.000000Z
2024,263.69776620370374,43.11777,-79.06016,2024-09-19T16:44:47.000000Z
2024,263.70797453703705,43.11778,-79.06028,2024-09-19T16:59:29.000000Z
2024,263.7079861111111,43.11778,-79.06028,2024-09-19T16:59:30.000000Z
2024,263.70799768518515,43.11777,-79.06028,2024-09-19T16:59:31.000000Z
2024,263.70800925925926,43.11777,-79.06029,2024-09-19T16:59:32.000000Z
2024,263.7080208333333,43.11777,-79.06029,2024-09-19T16:59:33.000000Z
2024,263.7080324074074,43.11777,-79.06029,2024-09-19T16:59:34.000000Z
2024,263.70804398148147,43.11777,-79.06029,2024-09-19T16:59:35.000000Z
2024,263.7080555555556,43.11777,-79.06029,2024-09-19T16:59:36.000000Z
2024,263.7080671296296,43.11777,-79.06029,2024-09-19T16:59:37.000000Z
2024,263.7080787037037,43.11777,-79.06028,2024-09-19T16:59:38.000000Z
2024,263.7080902777778,43.11776,-79.06028,2024-09-19T16:59:39.000000Z
2024,263.70810185185184,43.11776,-79.06028,2024-09-19T16:59:40.000000Z
2024,263.70811342592594,43.11776,-79.06028,2024-09-19T16:59:41.000000Z
2024,263.708125,43.11777,-79.06028,2024-09-19T16:59:42.000000Z
2024,263.70813657407405,43.11777,-79.06028,2024-09-19T16:59:43.000000Z
2024,263.70814814814815,43.11777,-79.06028,2024-09-19T16:59:44.000000Z
2024,263.7081597222222,43.11777,-79.06028,2024-09-19T16:59:45.000000Z
2024,263.7081712962963,43.11777,-79.06027,2024-09-19T16:59:46.000000Z
2024,263.70818287037036,43.11777,-79.06027,2024-09-19T16:59:47.000000Z
2024,263.7183912037037,43.11791,-79.06035,2024-09-19T17:14:29.000000Z
2024,263.7184027777777,43.11791,-79.06034,2024-09-19T17:14:30.000000Z
2024,263.7184143518518,43.11791,-79.06034,2024-09-19T17:14:31.000000Z
2024,263.7184259259259,43.11791,-79.06033,2024-09-19T17:14:32.000000Z
2024,263.71843749999994,43.1179,-79.06032,2024-09-19T17:14:33.000000Z
2024,263.71844907407404,43.1179,-79.06032,2024-09-19T17:14:34.000000Z
2024,263.7184606481481,43.1179,-79.06032,2024-09-19T17:14:35.000000Z
2024,263.7184722222222,43.11789,-79.06032,2024-09-19T17:14:36.000000Z
2024,263.71848379629625,43.11788,-79.06032,2024-09-19T17:14:37.000000Z
2024,263.7184953703703,43.11788,-79.06032,2024-09-19T17:14:38.000000Z
2024,263.7185069444444,43.11788,-79.06031,2024-09-19T17:14:39.000000Z
2024,263.71851851851847,43.11788,-79.06031,2024-09-19T17:14:40.000000Z
2024,263.7185300925926,43.11787,-79.06031,2024-09-19T17:14:41.000000Z
2024,263.7185416666666,43.11787,-79.06031,2024-09-19T17:14:42.000000Z
2024,263.7185532407407,43.11787,-79.06031,2024-09-19T17:14:43.000000Z
2024,263.7185648148148,43.11786,-79.06031,2024-09-19T17:14:44.000000Z
2024,263.71857638888883,43.11785,-79.06032,2024-09-19T17:14:45.000000Z
2024,263.71858796296294,43.11785,-79.06032,2024-09-19T17:14:46.000000Z
2024,263.718599537037,43.11785,-79.06032,2024-09-19T17:14:47.000000Z
2024,263.72880787037036,43.11799,-79.06044,2024-09-19T17:29:29.000000Z
2024,263.7288194444444,43.11799,-79.06044,2024-09-19T17:29:30.000000Z
2024,263.72883101851846,43.11799,-79.06044,2024-09-19T17:29:31.000000Z
2024,263.72884259259257,43.11799,-79.06044,2024-09-19T17:29:32.000000Z
2024,263.7288541666666,43.11799,-79.06044,2024-09-19T17:29:33.000000Z
2024,263.72886574074073,43.11798,-79.06044,2024-09-19T17:29:34.000000Z
2024,263.7288773148148,43.11798,-79.06043,2024-09-19T17:29:35.000000Z
2024,263.7288888888889,43.11798,-79.06043,2024-09-19T17:29:36.000000Z
2024,263.72890046296294,43.11797,-79.06043,2024-09-19T17:29:37.000000Z
2024,263.728912037037,43.11797,-79.06043,2024-09-19T17:29:38.000000Z
2024,263.7289236111111,43.11797,-79.06043,2024-09-19T17:29:39.000000Z
2024,263.72893518518515,43.11797,-79.06042,2024-09-19T17:29:40.000000Z
2024,263.72894675925926,43.11797,-79.06042,2024-09-19T17:29:41.000000Z
2024,263.7289583333333,43.11797,-79.06041,2024-09-19T17:29:42.000000Z
2024,263.72898148148147,43.11797,-79.06041,2024-09-19T17:29:44.000000Z
2024,263.7289930555555,43.11797,-79.06041,2024-09-19T17:29:45.000000Z
2024,263.7290046296296,43.11797,-79.06041,2024-09-19T17:29:46.000000Z
2024,263.7290162037037,43.11797,-79.06041,2024-09-19T17:29:47.000000Z
2024,263.73922453703705,43.11782,-79.0604,2024-09-19T17:44:29.000000Z
2024,263.7392361111111,43.11783,-79.0604,2024-09-19T17:44:30.000000Z
2024,263.73924768518515,43.11783,-79.0604,2024-09-19T17:44:31.000000Z
2024,263.73925925925926,43.11783,-79.0604,2024-09-19T17:44:32.000000Z
2024,263.7392708333333,43.11783,-79.0604,2024-09-19T17:44:33.000000Z
2024,263.7392824074074,43.11783,-79.0604,2024-09-19T17:44:34.000000Z
2024,263.73929398148147,43.11784,-79.0604,2024-09-19T17:44:35.000000Z
2024,263.7393055555556,43.11784,-79.0604,2024-09-19T17:44:36.000000Z
2024,263.7393171296296,43.11784,-79.0604,2024-09-19T17:44:37.000000Z
2024,263.7393287037037,43.11784,-79.0604,2024-09-19T17:44:38.000000Z
2024,263.7393402777778,43.11785,-79.0604,2024-09-19T17:44:39.000000Z
2024,263.73935185185184,43.11784,-79.06041,2024-09-19T17:44:40.000000Z
2024,263.73936342592594,43.11784,-79.06041,2024-09-19T17:44:41.000000Z
2024,263.739375,43.11784,-79.06041,2024-09-19T17:44:42.000000Z
2024,263.73938657407405,43.11784,-79.06042,2024-09-19T17:44:43.000000Z
2024,263.73939814814815,43.11784,-79.06042,2024-09-19T17:44:44.000000Z
2024,263.7394097222222,43.11783,-79.06042,2024-09-19T17:44:45.000000Z
2024,263.7394212962963,43.11784,-79.06042,2024-09-19T17:44:46.000000Z
2024,263.73943287037036,43.11783,-79.06042,2024-09-19T17:44:47.000000Z
2024,263.7496412037037,43.11746,-79.06041,2024-09-19T17:59:29.000000Z
2024,263.7496527777777,43.11746,-79.0604,2024-09-19T17:59:30.000000Z
2024,263.7496643518518,43.11746,-79.06042,2024-09-19T17:59:31.000000Z
2024,263.7496759259259,43.11746,-79.06042,2024-09-19T17:59:32.000000Z
2024,263.74968749999994,43.11746,-79.06042,2024-09-19T17:59:33.000000Z
2024,263.74969907407404,43.11746,-79.06042,2024-09-19T17:59:34.000000Z
2024,263.7497106481481,43.11747,-79.06043,2024-09-19T17:59:35.000000Z
2024,263.7497222222222,43.11747,-79.06044,2024-09-19T17:59:36.000000Z
2024,263.74973379629625,43.11747,-79.06044,2024-09-19T17:59:37.000000Z
2024,263.7497453703703,43.11747,-79.06044,2024-09-19T17:59:38.000000Z
2024,263.7497569444444,43.11748,-79.06044,2024-09-19T17:59:39.000000Z
2024,263.74976851851847,43.1175,-79.06045,2024-09-19T17:59:40.000000Z
2024,263.7497800925926,43.1175,-79.06046,2024-09-19T17:59:41.000000Z
2024,263.7497916666666,43.11752,-79.06046,2024-09-19T17:59:42.000000Z
2024,263.7498032407407,43.11752,-79.06046,2024-09-19T17:59:43.000000Z
2024,263.7498148148148,43.11752,-79.06047,2024-09-19T17:59:44.000000Z
2024,263.74982638888883,43.11752,-79.06047,2024-09-19T17:59:45.000000Z
2024,263.74983796296294,43.11752,-79.06047,2024-09-19T17:59:46.000000Z
2024,263.749849537037,43.11752,-79.06047,2024-09-19T17:59:47.000000Z
2024,263.76005787037036,43.11799,-79.06039,2024-09-19T18:14:29.000000Z
2024,263.7600694444444,43.11798,-79.0604,2024-09-19T18:14:30.000000Z
2024,263.76008101851846,43.11796,-79.0604,2024-09-19T18:14:31.000000Z
2024,263.76009259259257,43.11795,-79.0604,2024-09-19T18:14:32.000000Z
2024,263.7601041666666,43.11795,-79.06041,2024-09-19T18:14:33.000000Z
2024,263.76011574074073,43.11795,-79.06042,2024-09-19T18:14:34.000000Z
2024,263.7601273148148,43.11796,-79.06043,2024-09-19T18:14:35.000000Z
2024,263.7601388888889,43.11796,-79.06044,2024-09-19T18:14:36.000000Z
2024,263.76015046296294,43.11797,-79.06045,2024-09-19T18:14:37.000000Z
2024,263.760162037037,43.11798,-79.06047,2024-09-19T18:14:38.000000Z
2024,263.7601736111111,43.11798,-79.06048,2024-09-19T18:14:39.000000Z
2024,263.76018518518515,43.11798,-79.06049,2024-09-19T18:14:40.000000Z
2024,263.76019675925926,43.11798,-79.0605,2024-09-19T18:14:41.000000Z
2024,263.7602083333333,43.11797,-79.0605,2024-09-19T18:14:42.000000Z
2024,263.76021990740736,43.11797,-79.0605,2024-09-19T18:14:43.000000Z
2024,263.76023148148147,43.11796,-79.0605,2024-09-19T18:14:44.000000Z
2024,263.7602430555555,43.11796,-79.06051,2024-09-19T18:14:45.000000Z
2024,263.7602546296296,43.11796,-79.06051,2024-09-19T18:14:46.000000Z
2024,263.7602662037037,43.11796,-79.06051,2024-09-19T18:14:47.000000Z
2024,263.77047453703705,43.11748,-79.06069,2024-09-19T18:29:29.000000Z
2024,263.7704861111111,43.11748,-79.06069,2024-09-19T18:29:30.000000Z
2024,263.77049768518515,43.11748,-79.06069,2024-09-19T18:29:31.000000Z
2024,263.77050925925926,43.11748,-79.0607,2024-09-19T18:29:32.000000Z
2024,263.7705208333333,43.11749,-79.0607,2024-09-19T18:29:33.000000Z
2024,263.7705324074074,43.11749,-79.06071,2024-09-19T18:29:34.000000Z
2024,263.77054398148147,43.1175,-79.06072,2024-09-19T18:29:35.000000Z
2024,263.7705555555556,43.1175,-79.06072,2024-09-19T18:29:36.000000Z
2024,263.7705671296296,43.11749,-79.06072,2024-09-19T18:29:37.000000Z
2024,263.7705787037037,43.11748,-79.06072,2024-09-19T18:29:38.000000Z
2024,263.7705902777778,43.11748,-79.06073,2024-09-19T18:29:39.000000Z
2024,263.77060185185184,43.11748,-79.06073,2024-09-19T18:29:40.000000Z
2024,263.77061342592594,43.11748,-79.06073,2024-09-19T18:29:41.000000Z
2024,263.770625,43.11747,-79.06073,2024-09-19T18:29:42.000000Z
2024,263.77063657407405,43.11747,-79.06073,2024-09-19T18:29:43.000000Z
2024,263.77064814814815,43.11747,-79.06073,2024-09-19T18:29:44.000000Z
2024,263.7706597222222,43.11747,-79.06073,2024-09-19T18:29:45.000000Z
2024,263.7706712962963,43.11748,-79.06073,2024-09-19T18:29:46.000000Z
2024,263.77068287037036,43.11748,-79.06073,2024-09-19T18:29:47.000000Z
2024,263.78089120370373,43.11759,-79.06063,2024-09-19T18:44:29.000000Z
2024,263.7809027777778,43.11759,-79.06063,2024-09-19T18:44:30.000000Z
2024,263.78091435185183,43.11759,-79.06063,2024-09-19T18:44:31.000000Z
2024,263.78092592592594,43.11759,-79.06063,2024-09-19T18:44:32.000000Z
2024,263.7809375,43.1176,-79.06063,2024-09-19T18:44:33.000000Z
2024,263.7809490740741,43.1176,-79.06063,2024-09-19T18:44:34.000000Z
2024,263.78096064814815,43.11759,-79.06063,2024-09-19T18:44:35.000000Z
2024,263.78097222222226,43.11759,-79.06063,2024-09-19T18:44:36.000000Z
2024,263.7809837962963,43.11759,-79.06063,2024-09-19T18:44:37.000000Z
2024,263.78099537037036,43.11759,-79.06063,2024-09-19T18:44:38.000000Z
2024,263.78100694444447,43.11759,-79.06063,2024-09-19T18:44:39.000000Z
2024,263.7810185185185,43.11759,-79.06061,2024-09-19T18:44:40.000000Z
2024,263.78103009259263,43.11759,-79.06061,2024-09-19T18:44:41.000000Z
2024,263.7810416666667,43.11759,-79.0606,2024-09-19T18:44:42.000000Z
2024,263.78105324074073,43.11759,-79.0606,2024-09-19T18:44:43.000000Z
2024,263.78106481481484,43.1176,-79.0606,2024-09-19T18:44:44.000000Z
2024,263.7810763888889,43.11761,-79.0606,2024-09-19T18:44:45.000000Z
2024,263.781087962963,43.11763,-79.0606,2024-09-19T18:44:46.000000Z
2024,263.78109953703705,43.11763,-79.0606,2024-09-19T18:44:47.000000Z
2024,263.79130787037036,43.11748,-79.06068,2024-09-19T18:59:29.000000Z
2024,263.7913194444444,43.11749,-79.06068,2024-09-19T18:59:30.000000Z
2024,263.79133101851846,43.11747,-79.06067,2024-09-19T18:59:31.000000Z
2024,263.79134259259257,43.11746,-79.06068,2024-09-19T18:59:32.000000Z
2024,263.7913541666666,43.11747,-79.06069,2024-09-19T18:59:33.000000Z
2024,263.79136574074073,43.11746,-79.06068,2024-09-19T18:59:34.000000Z
2024,263.7913773148148,43.11745,-79.06068,2024-09-19T18:59:35.000000Z
2024,263.7913888888889,43.11745,-79.06068,2024-09-19T18:59:36.000000Z
2024,263.79140046296294,43.11744,-79.06069,2024-09-19T18:59:37.000000Z
2024,263.791412037037,43.11747,-79.06068,2024-09-19T18:59:38.000000Z
2024,263.7914236111111,43.1175,-79.06067,2024-09-19T18:59:39.000000Z
2024,263.79143518518515,43.11756,-79.06068,2024-09-19T18:59:40.000000Z
2024,263.79144675925926,43.1176,-79.06067,2024-09-19T18:59:41.000000Z
2024,263.7914583333333,43.11764,-79.06067,2024-09-19T18:59:42.000000Z
2024,263.79146990740736,43.11765,-79.06067,2024-09-19T18:59:43.000000Z
2024,263.79148148148147,43.11766,-79.06067,2024-09-19T18:59:44.000000Z
2024,263.7914930555555,43.11767,-79.06067,2024-09-19T18:59:45.000000Z
2024,263.7915046296296,43.11769,-79.06068,2024-09-19T18:59:46.000000Z
2024,263.7915162037037,43.1177,-79.06068,2024-09-19T18:59:47.000000Z
2024,263.80172453703705,43.11794,-79.06075,2024-09-19T19:14:29.000000Z
2024,263.8017361111111,43.11794,-79.06076,2024-09-19T19:14:30.000000Z
2024,263.80174768518515,43.11794,-79.06076,2024-09-19T19:14:31.000000Z
2024,263.80175925925926,43.11794,-79.06076,2024-09-19T19:14:32.000000Z
2024,263.8017708333333,43.11794,-79.06076,2024-09-19T19:14:33.000000Z
2024,263.8017824074074,43.11794,-79.06075,2024-09-19T19:14:34.000000Z
2024,263.80179398148147,43.11794,-79.06075,2024-09-19T19:14:35.000000Z
2024,263.8018055555556,43.11793,-79.06074,2024-09-19T19:14:36.000000Z
2024,263.8018171296296,43.11793,-79.06074,2024-09-19T19:14:37.000000Z
2024,263.8018287037037,43.11793,-79.06073,2024-09-19T19:14:38.000000Z
2024,263.8018402777778,43.11793,-79.06073,2024-09-19T19:14:39.000000Z
2024,263.80185185185184,43.11793,-79.06073,2024-09-19T19:14:40.000000Z
2024,263.80186342592594,43.11792,-79.06073,2024-09-19T19:14:41.000000Z
2024,263.801875,43.11792,-79.06072,2024-09-19T19:14:42.000000Z
2024,263.80188657407405,43.11792,-79.06072,2024-09-19T19:14:43.000000Z
2024,263.80189814814815,43.11791,-79.06072,2024-09-19T19:14:44.000000Z
2024,263.8019097222222,43.11791,-79.06072,2024-09-19T19:14:45.000000Z
2024,263.8019212962963,43.11791,-79.06072,2024-09-19T19:14:46.000000Z
2024,263.80193287037036,43.11791,-79.06071,2024-09-19T19:14:47.000000Z
2024,263.81214120370373,43.11794,-79.06072,2024-09-19T19:29:29.000000Z
2024,263.8121527777778,43.11793,-79.0607,2024-09-19T19:29:30.000000Z
2024,263.81216435185183,43.11793,-79.06069,2024-09-19T19:29:31.000000Z
2024,263.81217592592594,43.11792,-79.06069,2024-09-19T19:29:32.000000Z
2024,263.8121875,43.11792,-79.06069,2024-09-19T19:29:33.000000Z
2024,263.8121990740741,43.11792,-79.06069,2024-09-19T19:29:34.000000Z
2024,263.81221064814815,43.11792,-79.06069,2024-09-19T19:29:35.000000Z
2024,263.81222222222226,43.11792,-79.06068,2024-09-19T19:29:36.000000Z
2024,263.8122337962963,43.11792,-79.06068,2024-09-19T19:29:37.000000Z
2024,263.81224537037036,43.11792,-79.06068,2024-09-19T19:29:38.000000Z
2024,263.81225694444447,43.11792,-79.06068,2024-09-19T19:29:39.000000Z
2024,263.8122685185185,43.11792,-79.06068,2024-09-19T19:29:40.000000Z
2024,263.81228009259263,43.11791,-79.06068,2024-09-19T19:29:41.000000Z
2024,263.8122916666667,43.11792,-79.06068,2024-09-19T19:29:42.000000Z
2024,263.81230324074073,43.11792,-79.06068,2024-09-19T19:29:43.000000Z
2024,263.81231481481484,43.11792,-79.06068,2024-09-19T19:29:44.000000Z
2024,263.8123263888889,43.11792,-79.06068,2024-09-19T19:29:45.000000Z
2024,263.812337962963,43.11792,-79.06069,2024-09-19T19:29:46.000000Z
2024,263.81234953703705,43.11792,-79.06069,2024-09-19T19:29:47.000000Z
2024,263.8225578703704,43.11802,-79.06069,2024-09-19T19:44:29.000000Z
2024,263.82256944444447,43.11804,-79.06069,2024-09-19T19:44:30.000000Z
2024,263.8225810185185,43.11805,-79.06067,2024-09-19T19:44:31.000000Z
2024,263.8225925925926,43.11806,-79.06068,2024-09-19T19:44:32.000000Z
2024,263.8226041666667,43.11805,-79.06072,2024-09-19T19:44:33.000000Z
2024,263.8226157407408,43.11805,-79.06075,2024-09-19T19:44:34.000000Z
2024,263.82262731481484,43.11804,-79.06076,2024-09-19T19:44:35.000000Z
2024,263.82263888888895,43.11804,-79.06076,2024-09-19T19:44:36.000000Z
2024,263.822650462963,43.11803,-79.06077,2024-09-19T19:44:37.000000Z
2024,263.82266203703705,43.11802,-79.06079,2024-09-19T19:44:38.000000Z
2024,263.82267361111116,43.11802,-79.06079,2024-09-19T19:44:39.000000Z
2024,263.8226851851852,43.11801,-79.06079,2024-09-19T19:44:40.000000Z
2024,263.8226967592593,43.11801,-79.06079,2024-09-19T19:44:41.000000Z
2024,263.82270833333337,43.11801,-79.06079,2024-09-19T19:44:42.000000Z
2024,263.8227199074074,43.118,-79.06079,2024-09-19T19:44:43.000000Z
2024,263.8227314814815,43.118,-79.06078,2024-09-19T19:44:44.000000Z
2024,263.8227430555556,43.118,-79.06077,2024-09-19T19:44:45.000000Z
2024,263.8227546296297,43.118,-79.06077,2024-09-19T19:44:46.000000Z
2024,263.82276620370374,43.118,-79.06076,2024-09-19T19:44:47.000000Z
2024,263.83296296296294,43.11799,-79.06075,2024-09-19T19:59:28.000000Z
2024,263.83297453703705,43.11798,-79.06075,2024-09-19T19:59:29.000000Z
2024,263.8329861111111,43.11799,-79.06075,2024-09-19T19:59:30.000000Z
2024,263.83299768518515,43.118,-79.06076,2024-09-19T19:59:31.000000Z
2024,263.83300925925926,43.118,-79.06076,2024-09-19T19:59:32.000000Z
2024,263.8330208333333,43.118,-79.06076,2024-09-19T19:59:33.000000Z
2024,263.8330324074074,43.11801,-79.06076,2024-09-19T19:59:34.000000Z
2024,263.83304398148147,43.11801,-79.06076,2024-09-19T19:59:35.000000Z
2024,263.8330671296296,43.11801,-79.06076,2024-09-19T19:59:37.000000Z
2024,263.8330787037037,43.11802,-79.06076,2024-09-19T19:59:38.000000Z
2024,263.8330902777778,43.11803,-79.06076,2024-09-19T19:59:39.000000Z
2024,263.83310185185184,43.11803,-79.06074,2024-09-19T19:59:40.000000Z
2024,263.83311342592594,43.11804,-79.06073,2024-09-19T19:59:41.000000Z
2024,263.833125,43.11804,-79.06072,2024-09-19T19:59:42.000000Z
2024,263.83313657407405,43.11804,-79.06072,2024-09-19T19:59:43.000000Z
2024,263.83314814814815,43.11804,-79.06071,2024-09-19T19:59:44.000000Z
2024,263.8331597222222,43.11803,-79.06069,2024-09-19T19:59:45.000000Z
2024,263.8331712962963,43.11802,-79.06069,2024-09-19T19:59:46.000000Z
2024,263.84337962962957,43.11784,-79.0605,2024-09-19T20:14:28.000000Z
2024,263.8433912037037,43.11784,-79.06051,2024-09-19T20:14:29.000000Z
2024,263.8434027777777,43.11783,-79.06051,2024-09-19T20:14:30.000000Z
2024,263.8434143518518,43.11783,-79.0605,2024-09-19T20:14:31.000000Z
2024,263.8434259259259,43.11783,-79.06049,2024-09-19T20:14:32.000000Z
2024,263.84343749999994,43.11783,-79.0605,2024-09-19T20:14:33.000000Z
2024,263.84344907407404,43.11783,-79.06049,2024-09-19T20:14:34.000000Z
2024,263.8434606481481,43.11783,-79.0605,2024-09-19T20:14:35.000000Z
2024,263.8434722222222,43.11782,-79.06049,2024-09-19T20:14:36.000000Z
2024,263.84348379629625,43.11782,-79.06048,2024-09-19T20:14:37.000000Z
2024,263.8434953703703,43.11782,-79.06048,2024-09-19T20:14:38.000000Z
2024,263.8435069444444,43.11782,-79.06048,2024-09-19T20:14:39.000000Z
2024,263.84351851851847,43.11782,-79.06047,2024-09-19T20:14:40.000000Z
2024,263.8435300925926,43.11783,-79.06047,2024-09-19T20:14:41.000000Z
2024,263.8435416666666,43.11784,-79.06047,2024-09-19T20:14:42.000000Z
2024,263.8435532407407,43.11784,-79.06047,2024-09-19T20:14:43.000000Z
2024,263.8435648148148,43.11784,-79.06046,2024-09-19T20:14:44.000000Z
2024,263.84357638888883,43.11784,-79.06046,2024-09-19T20:14:45.000000Z
2024,263.84358796296294,43.11784,-79.06046,2024-09-19T20:14:46.000000Z
2024,263.85379629629625,43.11768,-79.06034,2024-09-19T20:29:28.000000Z
2024,263.85380787037036,43.11768,-79.06034,2024-09-19T20:29:29.000000Z
2024,263.8538194444444,43.11769,-79.06034,2024-09-19T20:29:30.000000Z
2024,263.85383101851846,43.1177,-79.06034,2024-09-19T20:29:31.000000Z
2024,263.85384259259257,43.11767,-79.06034,2024-09-19T20:29:32.000000Z
2024,263.8538541666666,43.11768,-79.06034,2024-09-19T20:29:33.000000Z
2024,263.85386574074073,43.11767,-79.06034,2024-09-19T20:29:34.000000Z
2024,263.8538773148148,43.11768,-79.06034,2024-09-19T20:29:35.000000Z
2024,263.8538888888889,43.11768,-79.06034,2024-09-19T20:29:36.000000Z
2024,263.85390046296294,43.11768,-79.06036,2024-09-19T20:29:37.000000Z
2024,263.853912037037,43.11768,-79.06037,2024-09-19T20:29:38.000000Z
2024,263.8539236111111,43.11768,-79.06037,2024-09-19T20:29:39.000000Z
2024,263.85393518518515,43.11768,-79.06037,2024-09-19T20:29:40.000000Z
2024,263.85394675925926,43.11767,-79.06037,2024-09-19T20:29:41.000000Z
2024,263.8539583333333,43.11767,-79.06037,2024-09-19T20:29:42.000000Z
2024,263.85396990740736,43.11768,-79.06038,2024-09-19T20:29:43.000000Z
2024,263.85398148148147,43.11768,-79.06039,2024-09-19T20:29:44.000000Z
2024,263.8539930555555,43.11768,-79.06039,2024-09-19T20:29:45.000000Z
2024,263.8540046296296,43.11769,-79.06039,2024-09-19T20:29:46.000000Z
2024,263.86421296296294,43.11773,-79.0604,2024-09-19T20:44:28.000000Z
2024,263.86422453703705,43.11772,-79.06038,2024-09-19T20:44:29.000000Z
2024,263.8642361111111,43.11771,-79.06037,2024-09-19T20:44:30.000000Z
2024,263.86424768518515,43.11769,-79.06037,2024-09-19T20:44:31.000000Z
2024,263.86425925925926,43.11769,-79.06037,2024-09-19T20:44:32.000000Z
2024,263.8642708333333,43.11769,-79.06036,2024-09-19T20:44:33.000000Z
2024,263.8642824074074,43.11769,-79.06035,2024-09-19T20:44:34.000000Z
2024,263.86429398148147,43.11769,-79.06035,2024-09-19T20:44:35.000000Z
2024,263.8643055555556,43.11768,-79.06035,2024-09-19T20:44:36.000000Z
2024,263.8643171296296,43.11768,-79.06034,2024-09-19T20:44:37.000000Z
2024,263.8643287037037,43.11768,-79.06034,2024-09-19T20:44:38.000000Z
2024,263.8643402777778,43.11768,-79.06034,2024-09-19T20:44:39.000000Z
2024,263.86435185185184,43.11768,-79.06034,2024-09-19T20:44:40.000000Z
2024,263.86436342592594,43.11767,-79.06034,2024-09-19T20:44:41.000000Z
2024,263.864375,43.11767,-79.06034,2024-09-19T20:44:42.000000Z
2024,263.86438657407405,43.11767,-79.06034,2024-09-19T20:44:43.000000Z
2024,263.86439814814815,43.11767,-79.06034,2024-09-19T20:44:44.000000Z
2024,263.8644097222222,43.11767,-79.06034,2024-09-19T20:44:45.000000Z
2024,263.8644212962963,43.11767,-79.06034,2024-09-19T20:44:46.000000Z
2024,263.87462962962957,43.11772,-79.06027,2024-09-19T20:59:28.000000Z
2024,263.8746412037037,43.11772,-79.06027,2024-09-19T20:59:29.000000Z
2024,263.8746527777777,43.11772,-79.06027,2024-09-19T20:59:30.000000Z
2024,263.8746643518518,43.11772,-79.06026,2024-09-19T20:59:31.000000Z
2024,263.8746759259259,43.11772,-79.06026,2024-09-19T20:59:32.000000Z
2024,263.87468749999994,43.11772,-79.06026,2024-09-19T20:59:33.000000Z
2024,263.87469907407404,43.11772,-79.06026,2024-09-19T20:59:34.000000Z
2024,263.8747106481481,43.11773,-79.06027,2024-09-19T20:59:35.000000Z
2024,263.8747222222222,43.11773,-79.06027,2024-09-19T20:59:36.000000Z
2024,263.87473379629625,43.11773,-79.06027,2024-09-19T20:59:37.000000Z
2024,263.8747453703703,43.11773,-79.06026,2024-09-19T20:59:38.000000Z
2024,263.8747569444444,43.11773,-79.06026,2024-09-19T20:59:39.000000Z
2024,263.87476851851847,43.11773,-79.06024,2024-09-19T20:59:40.000000Z
2024,263.8747800925926,43.11773,-79.06024,2024-09-19T20:59:41.000000Z
2024,263.8747916666666,43.11773,-79.06023,2024-09-19T20:59:42.000000Z
2024,263.8748032407407,43.11773,-79.06023,2024-09-19T20:59:43.000000Z
2024,263.8748148148148,43.11773,-79.06023,2024-09-19T20:59:44.000000Z
2024,263.87482638888883,43.11774,-79.06023,2024-09-19T20:59:45.000000Z
2024,263.87483796296294,43.11774,-79.06023,2024-09-19T20:59:46.000000Z
2024,263.88504629629625,43.11775,-79.06034,2024-09-19T21:14:28.000000Z
2024,263.88505787037036,43.11775,-79.06035,2024-09-19T21:14:29.000000Z
2024,263.8850694444444,43.11776,-79.06036,2024-09-19T21:14:30.000000Z
2024,263.88508101851846,43.11776,-79.06036,2024-09-19T21:14:31.000000Z
2024,263.88509259259257,43.11777,-79.06037,2024-09-19T21:14:32.000000Z
2024,263.8851041666666,43.11777,-79.06037,2024-09-19T21:14:33.000000Z
2024,263.88511574074073,43.11777,-79.06037,2024-09-19T21:14:34.000000Z
2024,263.8851273148148,43.11777,-79.06037,2024-09-19T21:14:35.000000Z
2024,263.8851388888889,43.11778,-79.06037,2024-09-19T21:14:36.000000Z
2024,263.88515046296294,43.11778,-79.06037,2024-09-19T21:14:37.000000Z
2024,263.885162037037,43.11779,-79.06037,2024-09-19T21:14:38.000000Z
2024,263.8851736111111,43.11779,-79.06037,2024-09-19T21:14:39.000000Z
2024,263.88518518518515,43.11778,-79.06039,2024-09-19T21:14:40.000000Z
2024,263.88519675925926,43.11779,-79.06039,2024-09-19T21:14:41.000000Z
2024,263.8852083333333,43.11779,-79.06039,2024-09-19T21:14:42.000000Z
2024,263.88521990740736,43.11779,-79.06039,2024-09-19T21:14:43.000000Z
2024,263.88523148148147,43.1178,-79.0604,2024-09-19T21:14:44.000000Z
2024,263.8852430555555,43.1178,-79.0604,2024-09-19T21:14:45.000000Z
2024,263.8852546296296,43.1178,-79.0604,2024-09-19T21:14:46.000000Z
2024,263.89546296296294,43.1178,-79.0603,2024-09-19T21:29:28.000000Z
2024,263.89547453703705,43.11781,-79.06027,2024-09-19T21:29:29.000000Z
2024,263.8954861111111,43.11782,-79.06025,2024-09-19T21:29:30.000000Z
2024,263.89549768518515,43.11784,-79.06023,2024-09-19T21:29:31.000000Z
2024,263.89550925925926,43.11785,-79.06022,2024-09-19T21:29:32.000000Z
2024,263.8955208333333,43.11785,-79.06022,2024-09-19T21:29:33.000000Z
2024,263.8955324074074,43.11785,-79.06022,2024-09-19T21:29:34.000000Z
2024,263.89554398148147,43.11785,-79.06022,2024-09-19T21:29:35.000000Z
2024,263.8955555555556,43.11785,-79.06022,2024-09-19T21:29:36.000000Z
2024,263.8955671296296,43.11785,-79.06022,2024-09-19T21:29:37.000000Z
2024,263.8955787037037,43.11785,-79.06022,2024-09-19T21:29:38.000000Z
2024,263.8955902777778,43.11786,-79.06022,2024-09-19T21:29:39.000000Z
2024,263.89560185185184,43.11786,-79.06022,2024-09-19T21:29:40.000000Z
2024,263.89561342592594,43.11786,-79.06022,2024-09-19T21:29:41.000000Z
2024,263.895625,43.11786,-79.06022,2024-09-19T21:29:42.000000Z
2024,263.89563657407405,43.11787,-79.06022,2024-09-19T21:29:43.000000Z
2024,263.89564814814815,43.11787,-79.06023,2024-09-19T21:29:44.000000Z
2024,263.8956597222222,43.11787,-79.06024,2024-09-19T21:29:45.000000Z
2024,263.8956712962963,43.11788,-79.06024,2024-09-19T21:29:46.000000Z
2024,263.9058796296296,43.1179,-79.06024,2024-09-19T21:44:28.000000Z
2024,263.90589120370373,43.1179,-79.06024,2024-09-19T21:44:29.000000Z
2024,263.9059027777778,43.1179,-79.06024,2024-09-19T21:44:30.000000Z
2024,263.90591435185183,43.1179,-79.06024,2024-09-19T21:44:31.000000Z
2024,263.90592592592594,43.1179,-79.06024,2024-09-19T21:44:32.000000Z
2024,263.9059375,43.1179,-79.06024,2024-09-19T21:44:33.000000Z
2024,263.9059490740741,43.1179,-79.06023,2024-09-19T21:44:34.000000Z
2024,263.90596064814815,43.1179,-79.06023,2024-09-19T21:44:35.000000Z
2024,263.90597222222226,43.1179,-79.06022,2024-09-19T21:44:36.000000Z
2024,263.9059837962963,43.1179,-79.06022,2024-09-19T21:44:37.000000Z
2024,263.90599537037036,43.11791,-79.06021,2024-09-19T21:44:38.000000Z
2024,263.90600694444447,43.1179,-79.06021,2024-09-19T21:44:39.000000Z
2024,263.9060185185185,43.1179,-79.06019,2024-09-19T21:44:40.000000Z
2024,263.90603009259263,43.11791,-79.0602,2024-09-19T21:44:41.000000Z
2024,263.9060416666667,43.11791,-79.06019,2024-09-19T21:44:42.000000Z
2024,263.90605324074073,43.11791,-79.06019,2024-09-19T21:44:43.000000Z
2024,263.90606481481484,43.11791,-79.06019,2024-09-19T21:44:44.000000Z
2024,263.9060763888889,43.11791,-79.06019,2024-09-19T21:44:45.000000Z
2024,263.906087962963,43.11791,-79.06019,2024-09-19T21:44:46.000000Z
2024,263.91629629629625,43.11782,-79.06051,2024-09-19T21:59:28.000000Z
2024,263.91630787037036,43.11783,-79.0605,2024-09-19T21:59:29.000000Z
2024,263.9163194444444,43.11783,-79.0605,2024-09-19T21:59:30.000000Z
2024,263.91633101851846,43.11784,-79.0605,2024-09-19T21:59:31.000000Z
2024,263.91634259259257,43.11784,-79.0605,2024-09-19T21:59:32.000000Z
2024,263.9163541666666,43.11785,-79.0605,2024-09-19T21:59:33.000000Z
2024,263.91636574074073,43.11785,-79.0605,2024-09-19T21:59:34.000000Z
2024,263.9163773148148,43.11785,-79.0605,2024-09-19T21:59:35.000000Z
2024,263.9163888888889,43.11785,-79.0605,2024-09-19T21:59:36.000000Z
2024,263.91640046296294,43.11785,-79.06049,2024-09-19T21:59:37.000000Z
2024,263.916412037037,43.11786,-79.06049,2024-09-19T21:59:38.000000Z
2024,263.9164236111111,43.11786,-79.06049,2024-09-19T21:59:39.000000Z
2024,263.91643518518515,43.11788,-79.0605,2024-09-19T21:59:40.000000Z
2024,263.91644675925926,43.11789,-79.0605,2024-09-19T21:59:41.000000Z
2024,263.9164583333333,43.11789,-79.06051,2024-09-19T21:59:42.000000Z
2024,263.91646990740736,43.1179,-79.06051,2024-09-19T21:59:43.000000Z
2024,263.91648148148147,43.11789,-79.0605,2024-09-19T21:59:44.000000Z
2024,263.9164930555555,43.11789,-79.0605,2024-09-19T21:59:45.000000Z
2024,263.9165046296296,43.11789,-79.0605,2024-09-19T21:59:46.000000Z
2024,263.92671296296294,43.11789,-79.06051,2024-09-19T22:14:28.000000Z
2024,263.92672453703705,43.11789,-79.0605,2024-09-19T22:14:29.000000Z
2024,263.9267361111111,43.11789,-79.0605,2024-09-19T22:14:30.000000Z
2024,263.92674768518515,43.11789,-79.06051,2024-09-19T22:14:31.000000Z
2024,263.92675925925926,43.11789,-79.06051,2024-09-19T22:14:32.000000Z
2024,263.9267708333333,43.11789,-79.06052,2024-09-19T22:14:33.000000Z
2024,263.9267824074074,43.11789,-79.06052,2024-09-19T22:14:34.000000Z
2024,263.92679398148147,43.1179,-79.06052,2024-09-19T22:14:35.000000Z
2024,263.9268055555556,43.1179,-79.06053,2024-09-19T22:14:36.000000Z
2024,263.9268171296296,43.1179,-79.06053,2024-09-19T22:14:37.000000Z
2024,263.9268287037037,43.1179,-79.06053,2024-09-19T22:14:38.000000Z
2024,263.9268402777778,43.1179,-79.06053,2024-09-19T22:14:39.000000Z
2024,263.92685185185184,43.1179,-79.06054,2024-09-19T22:14:40.000000Z
2024,263.92686342592594,43.1179,-79.06055,2024-09-19T22:14:41.000000Z
2024,263.926875,43.1179,-79.06055,2024-09-19T22:14:42.000000Z
2024,263.92688657407405,43.1179,-79.06055,2024-09-19T22:14:43.000000Z
2024,263.92689814814815,43.1179,-79.06056,2024-09-19T22:14:44.000000Z
2024,263.9269097222222,43.1179,-79.06056,2024-09-19T22:14:45.000000Z
2024,263.9269212962963,43.1179,-79.06056,2024-09-19T22:14:46.000000Z
2024,263.9371296296296,43.11801,-79.06034,2024-09-19T22:29:28.000000Z
2024,263.93714120370373,43.11801,-79.06034,2024-09-19T22:29:29.000000Z
2024,263.9371527777778,43.11802,-79.06034,2024-09-19T22:29:30.000000Z
2024,263.93716435185183,43.11803,-79.06036,2024-09-19T22:29:31.000000Z
2024,263.93717592592594,43.11803,-79.06037,2024-09-19T22:29:32.000000Z
2024,263.9371875,43.11803,-79.06037,2024-09-19T22:29:33.000000Z
2024,263.9371990740741,43.11803,-79.06037,2024-09-19T22:29:34.000000Z
2024,263.93721064814815,43.11802,-79.06036,2024-09-19T22:29:35.000000Z
2024,263.93722222222226,43.11802,-79.06036,2024-09-19T22:29:36.000000Z
2024,263.9372337962963,43.11802,-79.06035,2024-09-19T22:29:37.000000Z
2024,263.93724537037036,43.11802,-79.06035,2024-09-19T22:29:38.000000Z
2024,263.93725694444447,43.11802,-79.06036,2024-09-19T22:29:39.000000Z
2024,263.9372685185185,43.11801,-79.06037,2024-09-19T22:29:40.000000Z
2024,263.93728009259263,43.11801,-79.06037,2024-09-19T22:29:41.000000Z
2024,263.9372916666667,43.118,-79.06037,2024-09-19T22:29:42.000000Z
2024,263.93730324074073,43.11799,-79.06038,2024-09-19T22:29:43.000000Z
2024,263.93731481481484,43.11799,-79.06038,2024-09-19T22:29:44.000000Z
2024,263.9373263888889,43.11798,-79.06039,2024-09-19T22:29:45.000000Z
2024,263.937337962963,43.11798,-79.06039,2024-09-19T22:29:46.000000Z
2024,263.9475462962963,43.1183,-79.06082,2024-09-19T22:44:28.000000Z
2024,263.9475578703704,43.11829,-79.06081,2024-09-19T22:44:29.000000Z
2024,263.94756944444447,43.11827,-79.0608,2024-09-19T22:44:30.000000Z
2024,263.9475810185185,43.11827,-79.0608,2024-09-19T22:44:31.000000Z
2024,263.9475925925926,43.11827,-79.0608,2024-09-19T22:44:32.000000Z
2024,263.9476041666667,43.11827,-79.06081,2024-09-19T22:44:33.000000Z
2024,263.9476157407408,43.11827,-79.06081,2024-09-19T22:44:34.000000Z
2024,263.94762731481484,43.11827,-79.06081,2024-09-19T22:44:35.000000Z
2024,263.94763888888895,43.11827,-79.06081,2024-09-19T22:44:36.000000Z
2024,263.947650462963,43.11827,-79.06081,2024-09-19T22:44:37.000000Z
2024,263.94766203703705,43.11827,-79.06082,2024-09-19T22:44:38.000000Z
2024,263.94767361111116,43.11827,-79.06082,2024-09-19T22:44:39.000000Z
2024,263.9476851851852,43.11827,-79.06082,2024-09-19T22:44:40.000000Z
2024,263.9476967592593,43.11827,-79.06082,2024-09-19T22:44:41.000000Z
2024,263.94770833333337,43.11827,-79.06082,2024-09-19T22:44:42.000000Z
2024,263.9477199074074,43.11827,-79.06082,2024-09-19T22:44:43.000000Z
2024,263.9477314814815,43.11828,-79.06082,2024-09-19T22:44:44.000000Z
2024,263.9477430555556,43.11828,-79.06082,2024-09-19T22:44:45.000000Z
2024,263.9477546296297,43.11828,-79.06082,2024-09-19T22:44:46.000000Z
2024,263.95797453703705,43.11793,-79.0608,2024-09-19T22:59:29.000000Z
2024,263.9579861111111,43.11793,-79.06079,2024-09-19T22:59:30.000000Z
2024,263.95799768518515,43.11792,-79.06079,2024-09-19T22:59:31.000000Z
2024,263.95800925925926,43.11793,-79.06079,2024-09-19T22:59:32.000000Z
2024,263.9580208333333,43.11793,-79.06079,2024-09-19T22:59:33.000000Z
2024,263.9580324074074,43.11793,-79.06079,2024-09-19T22:59:34.000000Z
2024,263.95804398148147,43.11793,-79.06078,2024-09-19T22:59:35.000000Z
2024,263.9580555555556,43.11793,-79.06078,2024-09-19T22:59:36.000000Z
2024,263.9580671296296,43.11793,-79.06078,2024-09-19T22:59:37.000000Z
2024,263.9580787037037,43.11793,-79.06078,2024-09-19T22:59:38.000000Z
2024,263.9580902777778,43.11794,-79.06078,2024-09-19T22:59:39.000000Z
2024,263.95810185185184,43.11795,-79.06078,2024-09-19T22:59:40.000000Z
2024,263.95811342592594,43.11796,-79.06079,2024-09-19T22:59:41.000000Z
2024,263.958125,43.11796,-79.06079,2024-09-19T22:59:42.000000Z
2024,263.95813657407405,43.11798,-79.06079,2024-09-19T22:59:43.000000Z
2024,263.95814814814815,43.11799,-79.0608,2024-09-19T22:59:44.000000Z
2024,263.9581597222222,43.11799,-79.0608,2024-09-19T22:59:45.000000Z
2024,263.9581712962963,43.118,-79.0608,2024-09-19T22:59:46.000000Z
2024,263.95818287037036,43.118,-79.0608,2024-09-19T22:59:47.000000Z
2024,263.96837962962957,43.118,-79.06055,2024-09-19T23:14:28.000000Z
2024,263.9683912037037,43.118,-79.06055,2024-09-19T23:14:29.000000Z
2024,263.9684027777777,43.11799,-79.06054,2024-09-19T23:14:30.000000Z
2024,263.9684143518518,43.11798,-79.06053,2024-09-19T23:14:31.000000Z
2024,263.9684259259259,43.11797,-79.06053,2024-09-19T23:14:32.000000Z
2024,263.96843749999994,43.11796,-79.06054,2024-09-19T23:14:33.000000Z
2024,263.96844907407404,43.11796,-79.06055,2024-09-19T23:14:34.000000Z
2024,263.9684606481481,43.11795,-79.06055,2024-09-19T23:14:35.000000Z
2024,263.9684722222222,43.11796,-79.06056,2024-09-19T23:14:36.000000Z
2024,263.96848379629625,43.11796,-79.06056,2024-09-19T23:14:37.000000Z
2024,263.9684953703703,43.11797,-79.06057,2024-09-19T23:14:38.000000Z
2024,263.9685069444444,43.11797,-79.06057,2024-09-19T23:14:39.000000Z
2024,263.96851851851847,43.11797,-79.06057,2024-09-19T23:14:40.000000Z
2024,263.9685300925926,43.11798,-79.06058,2024-09-19T23:14:41.000000Z
2024,263.9685416666666,43.11797,-79.06057,2024-09-19T23:14:42.000000Z
2024,263.9685532407407,43.11797,-79.06057,2024-09-19T23:14:43.000000Z
2024,263.9685648148148,43.11798,-79.06057,2024-09-19T23:14:44.000000Z
2024,263.96857638888883,43.11798,-79.06058,2024-09-19T23:14:45.000000Z
2024,263.96858796296294,43.11799,-79.06059,2024-09-19T23:14:46.000000Z
2024,263.9788194444444,43.11808,-79.06047,2024-09-19T23:29:30.000000Z
2024,263.97883101851846,43.11809,-79.06047,2024-09-19T23:29:31.000000Z
2024,263.97884259259257,43.11809,-79.06045,2024-09-19T23:29:32.000000Z
2024,263.9788541666666,43.11809,-79.06044,2024-09-19T23:29:33.000000Z
2024,263.97886574074073,43.1181,-79.06044,2024-09-19T23:29:34.000000Z
2024,263.9788773148148,43.1181,-79.06044,2024-09-19T23:29:35.000000Z
2024,263.9788888888889,43.11811,-79.06044,2024-09-19T23:29:36.000000Z
2024,263.97890046296294,43.11811,-79.06044,2024-09-19T23:29:37.000000Z
2024,263.978912037037,43.11811,-79.06044,2024-09-19T23:29:38.000000Z
2024,263.9789236111111,43.11812,-79.06044,2024-09-19T23:29:39.000000Z
2024,263.97893518518515,43.11812,-79.06046,2024-09-19T23:29:40.000000Z
2024,263.97894675925926,43.11812,-79.06047,2024-09-19T23:29:41.000000Z
2024,263.9789583333333,43.11812,-79.06048,2024-09-19T23:29:42.000000Z
2024,263.97896990740736,43.11813,-79.0605,2024-09-19T23:29:43.000000Z
2024,263.97898148148147,43.11813,-79.0605,2024-09-19T23:29:44.000000Z
2024,263.9789930555555,43.11814,-79.06052,2024-09-19T23:29:45.000000Z
2024,263.9790046296296,43.11814,-79.06053,2024-09-19T23:29:46.000000Z
2024,263.9790162037037,43.11814,-79.06053,2024-09-19T23:29:47.000000Z
2024,263.97902777777773,43.11815,-79.06061,2024-09-19T23:29:48.000000Z
2024,263.98936342592594,43.11806,-79.06072,2024-09-19T23:44:41.000000Z
2024,263.989375,43.11807,-79.06072,2024-09-19T23:44:42.000000Z
2024,263.98938657407405,43.11807,-79.06072,2024-09-19T23:44:43.000000Z
2024,263.98939814814815,43.11807,-79.06072,2024-09-19T23:44:44.000000Z
2024,263.9894097222222,43.11806,-79.06072,2024-09-19T23:44:45.000000Z
2024,263.9894212962963,43.11806,-79.06072,2024-09-19T23:44:46.000000Z
2024,263.9894560185185,43.11802,-79.06064,2024-09-19T23:44:49.000000Z
2024,263.9894675925926,43.118,-79.0606,2024-09-19T23:44:50.000000Z
2024,263.9894791666667,43.11798,-79.06056,2024-09-19T23:44:51.000000Z
2024,263.98949074074073,43.11798,-79.06055,2024-09-19T23:44:52.000000Z
2024,263.9895023148148,43.11797,-79.06053,2024-09-19T23:44:53.000000Z
2024,263.9895138888889,43.11797,-79.06053,2024-09-19T23:44:54.000000Z
2024,263.98952546296294,43.11796,-79.06053,2024-09-19T23:44:55.000000Z
2024,263.98953703703705,43.11796,-79.06052,2024-09-19T23:44:56.000000Z
2024,263.9895486111111,43.11796,-79.06052,2024-09-19T23:44:57.000000Z
2024,263.98956018518516,43.11795,-79.06052,2024-09-19T23:44:58.000000Z
2024,263.98957175925926,43.11795,-79.06052,2024-09-19T23:44:59.000000Z
2024,263.9895833333333,43.11795,-79.06052,2024-09-19T23:45:00.000000Z
2024,263.98959490740737,43.11795,-79.06052,2024-09-19T23:45:01.000000Z
2024,263.9896064814815,43.11795,-79.06051,2024-09-19T23:45:02.000000Z
2024,263.99962962962957,43.11796,-79.06047,2024-09-19T23:59:28.000000Z
2024,263.9996412037037,43.11795,-79.06047,2024-09-19T23:59:29.000000Z
2024,263.9996527777777,43.11795,-79.06047,2024-09-19T23:59:30.000000Z
2024,263.9996643518518,43.11794,-79.06047,2024-09-19T23:59:31.000000Z
2024,263.9996759259259,43.11794,-79.06047,2024-09-19T23:59:32.000000Z
2024,263.99968749999994,43.11793,-79.06047,2024-09-19T23:59:33.000000Z
2024,263.99969907407404,43.11793,-79.06047,2024-09-19T23:59:34.000000Z
2024,263.9997106481481,43.11793,-79.06047,2024-09-19T23:59:35.000000Z
2024,263.9997222222222,43.11793,-79.06047,2024-09-19T23:59:36.000000Z
2024,263.99973379629625,43.11793,-79.06047,2024-09-19T23:59:37.000000Z
2024,263.9997453703703,43.11793,-79.06047,2024-09-19T23:59:38.000000Z
2024,263.9997569444444,43.11793,-79.06047,2024-09-19T23:59:39.000000Z
2024,263.99976851851847,43.11793,-79.06047,2024-09-19T23:59:40.000000Z
2024,263.9997800925926,43.11792,-79.06046,2024-09-19T23:59:41.000000Z
2024,263.9997916666666,43.11792,-79.06046,2024-09-19T23:59:42.000000Z
2024,263.9998032407407,43.11792,-79.06046,2024-09-19T23:59:43.000000Z
2024,263.9998148148148,43.11791,-79.06046,2024-09-19T23:59:44.000000Z
2024,263.99982638888883,43.11791,-79.06046,2024-09-19T23:59:45.000000Z
2024,263.99983796296294,43.11791,-79.06045,2024-09-19T23:59:46.000000Z
2024,264.01004629629625,43.11793,-79.06039,2024-09-20T00:14:28.000000Z
2024,264.01005787037036,43.11793,-79.0604,2024-09-20T00:14:29.000000Z
2024,264.0100694444444,43.11793,-79.0604,2024-09-20T00:14:30.000000Z
2024,264.01008101851846,43.11793,-79.0604,2024-09-20T00:14:31.000000Z
2024,264.01009259259257,43.11793,-79.0604,2024-09-20T00:14:32.000000Z
2024,264.0101041666666,43.11793,-79.0604,2024-09-20T00:14:33.000000Z
2024,264.01011574074073,43.11793,-79.06039,2024-09-20T00:14:34.000000Z
2024,264.0101273148148,43.11793,-79.06039,2024-09-20T00:14:35.000000Z
2024,264.0101388888889,43.11794,-79.06039,2024-09-20T00:14:36.000000Z
2024,264.01015046296294,43.11795,-79.06039,2024-09-20T00:14:37.000000Z
2024,264.010162037037,43.11795,-79.06038,2024-09-20T00:14:38.000000Z
2024,264.0101736111111,43.11796,-79.06038,2024-09-20T00:14:39.000000Z
2024,264.01018518518515,43.11797,-79.06038,2024-09-20T00:14:40.000000Z
2024,264.01019675925926,43.11797,-79.06038,2024-09-20T00:14:41.000000Z
2024,264.0102083333333,43.11798,-79.06038,2024-09-20T00:14:42.000000Z
2024,264.01021990740736,43.11798,-79.06038,2024-09-20T00:14:43.000000Z
2024,264.01023148148147,43.11798,-79.06039,2024-09-20T00:14:44.000000Z
2024,264.0102430555555,43.11798,-79.06039,2024-09-20T00:14:45.000000Z
2024,264.0102546296296,43.11799,-79.06039,2024-09-20T00:14:46.000000Z
2024,264.02046296296294,43.11793,-79.06048,2024-09-20T00:29:28.000000Z
2024,264.02047453703705,43.11793,-79.06048,2024-09-20T00:29:29.000000Z
2024,264.0204861111111,43.11793,-79.06048,2024-09-20T00:29:30.000000Z
2024,264.02049768518515,43.11793,-79.06048,2024-09-20T00:29:31.000000Z
2024,264.02050925925926,43.11793,-79.06048,2024-09-20T00:29:32.000000Z
2024,264.0205208333333,43.11793,-79.06047,2024-09-20T00:29:33.000000Z
2024,264.0205324074074,43.11793,-79.06047,2024-09-20T00:29:34.000000Z
2024,264.02054398148147,43.11794,-79.06047,2024-09-20T00:29:35.000000Z
2024,264.0205555555556,43.11794,-79.06047,2024-09-20T00:29:36.000000Z
2024,264.0205671296296,43.11794,-79.06047,2024-09-20T00:29:37.000000Z
2024,264.0205787037037,43.11794,-79.06047,2024-09-20T00:29:38.000000Z
2024,264.0205902777778,43.11794,-79.06047,2024-09-20T00:29:39.000000Z
2024,264.02060185185184,43.11794,-79.06047,2024-09-20T00:29:40.000000Z
2024,264.02061342592594,43.11794,-79.06047,2024-09-20T00:29:41.000000Z
2024,264.020625,43.11794,-79.06047,2024-09-20T00:29:42.000000Z
2024,264.02063657407405,43.11794,-79.06048,2024-09-20T00:29:43.000000Z
2024,264.02064814814815,43.11794,-79.06047,2024-09-20T00:29:44.000000Z
2024,264.0206597222222,43.11795,-79.06047,2024-09-20T00:29:45.000000Z
2024,264.0206712962963,43.11795,-79.06047,2024-09-20T00:29:46.000000Z
2024,264.0308796296296,43.11797,-79.0605,2024-09-20T00:44:28.000000Z
2024,264.03089120370373,43.11797,-79.0605,2024-09-20T00:44:29.000000Z
2024,264.0309027777778,43.11796,-79.06049,2024-09-20T00:44:30.000000Z
2024,264.03091435185183,43.11796,-79.06049,2024-09-20T00:44:31.000000Z
2024,264.03092592592594,43.11796,-79.06049,2024-09-20T00:44:32.000000Z
2024,264.0309375,43.11795,-79.06049,2024-09-20T00:44:33.000000Z
2024,264.0309490740741,43.11795,-79.06049,2024-09-20T00:44:34.000000Z
2024,264.03096064814815,43.11795,-79.0605,2024-09-20T00:44:35.000000Z
2024,264.03097222222226,43.11795,-79.06049,2024-09-20T00:44:36.000000Z
2024,264.0309837962963,43.11795,-79.06049,2024-09-20T00:44:37.000000Z
2024,264.03099537037036,43.11794,-79.0605,2024-09-20T00:44:38.000000Z
2024,264.03100694444447,43.11793,-79.06049,2024-09-20T00:44:39.000000Z
2024,264.0310185185185,43.11793,-79.06049,2024-09-20T00:44:40.000000Z
2024,264.03103009259263,43.11793,-79.06049,2024-09-20T00:44:41.000000Z
2024,264.0310416666667,43.11793,-79.06049,2024-09-20T00:44:42.000000Z
2024,264.03105324074073,43.11792,-79.06048,2024-09-20T00:44:43.000000Z
2024,264.03106481481484,43.11792,-79.06048,2024-09-20T00:44:44.000000Z
2024,264.0310763888889,43.11792,-79.06048,2024-09-20T00:44:45.000000Z
2024,264.031087962963,43.11792,-79.06047,2024-09-20T00:44:46.000000Z
2024,264.0412847222222,43.11795,-79.06041,2024-09-20T00:59:27.000000Z
2024,264.04129629629625,43.11795,-79.06042,2024-09-20T00:59:28.000000Z
2024,264.04130787037036,43.11795,-79.06042,2024-09-20T00:59:29.000000Z
2024,264.0413194444444,43.11796,-79.06043,2024-09-20T00:59:30.000000Z
2024,264.04133101851846,43.11796,-79.06043,2024-09-20T00:59:31.000000Z
2024,264.04134259259257,43.11796,-79.06044,2024-09-20T00:59:32.000000Z
2024,264.0413541666666,43.11796,-79.06044,2024-09-20T00:59:33.000000Z
2024,264.04136574074073,43.11796,-79.06044,2024-09-20T00:59:34.000000Z
2024,264.0413773148148,43.11796,-79.06044,2024-09-20T00:59:35.000000Z
2024,264.0413888888889,43.11796,-79.06045,2024-09-20T00:59:36.000000Z
2024,264.04140046296294,43.11797,-79.06045,2024-09-20T00:59:37.000000Z
2024,264.041412037037,43.11797,-79.06046,2024-09-20T00:59:38.000000Z
2024,264.0414236111111,43.11797,-79.06047,2024-09-20T00:59:39.000000Z
2024,264.04143518518515,43.11797,-79.06047,2024-09-20T00:59:40.000000Z
2024,264.04144675925926,43.11797,-79.06047,2024-09-20T00:59:41.000000Z
2024,264.0414583333333,43.11797,-79.06047,2024-09-20T00:59:42.000000Z
2024,264.04146990740736,43.11797,-79.06048,2024-09-20T00:59:43.000000Z
2024,264.04148148148147,43.11797,-79.06048,2024-09-20T00:59:44.000000Z
2024,264.0414930555555,43.11797,-79.06049,2024-09-20T00:59:45.000000Z
2024,264.0415046296296,43.11797,-79.06049,2024-09-20T00:59:46.000000Z
2024,264.0517013888889,43.11793,-79.06044,2024-09-20T01:14:27.000000Z
2024,264.05171296296294,43.11793,-79.06044,2024-09-20T01:14:28.000000Z
2024,264.05172453703705,43.11793,-79.06043,2024-09-20T01:14:29.000000Z
2024,264.0517361111111,43.11793,-79.06043,2024-09-20T01:14:30.000000Z
2024,264.05174768518515,43.11793,-79.06043,2024-09-20T01:14:31.000000Z
2024,264.05175925925926,43.11793,-79.06043,2024-09-20T01:14:32.000000Z
2024,264.0517708333333,43.11793,-79.06043,2024-09-20T01:14:33.000000Z
2024,264.0517824074074,43.11793,-79.06043,2024-09-20T01:14:34.000000Z
2024,264.05179398148147,43.11793,-79.06043,2024-09-20T01:14:35.000000Z
2024,264.0518055555556,43.11793,-79.06044,2024-09-20T01:14:36.000000Z
2024,264.0518171296296,43.11793,-79.06044,2024-09-20T01:14:37.000000Z
2024,264.0518287037037,43.11793,-79.06044,2024-09-20T01:14:38.000000Z
2024,264.0518402777778,43.11794,-79.06044,2024-09-20T01:14:39.000000Z
2024,264.05185185185184,43.11794,-79.06044,2024-09-20T01:14:40.000000Z
2024,264.05186342592594,43.11794,-79.06044,2024-09-20T01:14:41.000000Z
2024,264.051875,43.11794,-79.06044,2024-09-20T01:14:42.000000Z
2024,264.05188657407405,43.11794,-79.06044,2024-09-20T01:14:43.000000Z
2024,264.05189814814815,43.11795,-79.06044,2024-09-20T01:14:44.000000Z
2024,264.0519097222222,43.11795,-79.06044,2024-09-20T01:14:45.000000Z
2024,264.0519212962963,43.11795,-79.06044,2024-09-20T01:14:46.000000Z
2024,264.0621180555556,43.11808,-79.06053,2024-09-20T01:29:27.000000Z
2024,264.0621296296296,43.11808,-79.06053,2024-09-20T01:29:28.000000Z
2024,264.06214120370373,43.11808,-79.06053,2024-09-20T01:29:29.000000Z
2024,264.0621527777778,43.11809,-79.06053,2024-09-20T01:29:30.000000Z
2024,264.06216435185183,43.11809,-79.06053,2024-09-20T01:29:31.000000Z
2024,264.06217592592594,43.11809,-79.06052,2024-09-20T01:29:32.000000Z
2024,264.0621875,43.11809,-79.06053,2024-09-20T01:29:33.000000Z
2024,264.0621990740741,43.11808,-79.06053,2024-09-20T01:29:34.000000Z
2024,264.06221064814815,43.11808,-79.06054,2024-09-20T01:29:35.000000Z
2024,264.06222222222226,43.11808,-79.06054,2024-09-20T01:29:36.000000Z
2024,264.0622337962963,43.11808,-79.06055,2024-09-20T01:29:37.000000Z
2024,264.06224537037036,43.11807,-79.06055,2024-09-20T01:29:38.000000Z
2024,264.06225694444447,43.11806,-79.06055,2024-09-20T01:29:39.000000Z
2024,264.0622685185185,43.11806,-79.06054,2024-09-20T01:29:40.000000Z
2024,264.06228009259263,43.11805,-79.06054,2024-09-20T01:29:41.000000Z
2024,264.0622916666667,43.11804,-79.06054,2024-09-20T01:29:42.000000Z
2024,264.06230324074073,43.11804,-79.06054,2024-09-20T01:29:43.000000Z
2024,264.06231481481484,43.11804,-79.06055,2024-09-20T01:29:44.000000Z
2024,264.0623263888889,43.11804,-79.06055,2024-09-20T01:29:45.000000Z
2024,264.062337962963,43.11804,-79.06055,2024-09-20T01:29:46.000000Z
2024,264.07253472222226,43.118,-79.06047,2024-09-20T01:44:27.000000Z
2024,264.0725462962963,43.118,-79.06047,2024-09-20T01:44:28.000000Z
2024,264.0725578703704,43.118,-79.06047,2024-09-20T01:44:29.000000Z
2024,264.07256944444447,43.118,-79.06047,2024-09-20T01:44:30.000000Z
2024,264.0725810185185,43.118,-79.06046,2024-09-20T01:44:31.000000Z
2024,264.0725925925926,43.118,-79.06046,2024-09-20T01:44:32.000000Z
2024,264.0726041666667,43.118,-79.06046,2024-09-20T01:44:33.000000Z
2024,264.0726157407408,43.11799,-79.06046,2024-09-20T01:44:34.000000Z
2024,264.07262731481484,43.11798,-79.06046,2024-09-20T01:44:35.000000Z
2024,264.07263888888895,43.11798,-79.06046,2024-09-20T01:44:36.000000Z
2024,264.072650462963,43.11799,-79.06046,2024-09-20T01:44:37.000000Z
2024,264.07266203703705,43.11799,-79.06046,2024-09-20T01:44:38.000000Z
2024,264.07267361111116,43.11799,-79.06045,2024-09-20T01:44:39.000000Z
2024,264.0726851851852,43.11799,-79.06046,2024-09-20T01:44:40.000000Z
2024,264.0726967592593,43.11799,-79.06046,2024-09-20T01:44:41.000000Z
2024,264.07270833333337,43.11799,-79.06047,2024-09-20T01:44:42.000000Z
2024,264.0727199074074,43.11799,-79.06047,2024-09-20T01:44:43.000000Z
2024,264.0727314814815,43.11799,-79.06047,2024-09-20T01:44:44.000000Z
2024,264.0727430555556,43.11798,-79.06047,2024-09-20T01:44:45.000000Z
2024,264.0727546296297,43.11798,-79.06047,2024-09-20T01:44:46.000000Z
2024,264.0829513888889,43.1181,-79.06056,2024-09-20T01:59:27.000000Z
2024,264.08296296296294,43.11809,-79.06056,2024-09-20T01:59:28.000000Z
2024,264.08297453703705,43.11808,-79.06056,2024-09-20T01:59:29.000000Z
2024,264.0829861111111,43.11808,-79.06056,2024-09-20T01:59:30.000000Z
2024,264.08299768518515,43.11807,-79.06056,2024-09-20T01:59:31.000000Z
2024,264.08300925925926,43.11806,-79.06056,2024-09-20T01:59:32.000000Z
2024,264.0830208333333,43.11806,-79.06056,2024-09-20T01:59:33.000000Z
2024,264.0830324074074,43.11806,-79.06056,2024-09-20T01:59:34.000000Z
2024,264.08304398148147,43.11805,-79.06056,2024-09-20T01:59:35.000000Z
2024,264.0830555555556,43.11805,-79.06055,2024-09-20T01:59:36.000000Z
2024,264.0830671296296,43.11804,-79.06055,2024-09-20T01:59:37.000000Z
2024,264.0830787037037,43.11804,-79.06054,2024-09-20T01:59:38.000000Z
2024,264.0830902777778,43.11803,-79.06054,2024-09-20T01:59:39.000000Z
2024,264.08310185185184,43.11803,-79.06054,2024-09-20T01:59:40.000000Z
2024,264.08311342592594,43.11803,-79.06054,2024-09-20T01:59:41.000000Z
2024,264.083125,43.11803,-79.06054,2024-09-20T01:59:42.000000Z
2024,264.08313657407405,43.11803,-79.06054,2024-09-20T01:59:43.000000Z
2024,264.08314814814815,43.11803,-79.06054,2024-09-20T01:59:44.000000Z
2024,264.0831597222222,43.11803,-79.06053,2024-09-20T01:59:45.000000Z
2024,264.0831712962963,43.11803,-79.06053,2024-09-20T01:59:46.000000Z
2024,264.0933680555555,43.11794,-79.06053,2024-09-20T02:14:27.000000Z
2024,264.09337962962957,43.11793,-79.06053,2024-09-20T02:14:28.000000Z
2024,264.0933912037037,43.11793,-79.06053,2024-09-20T02:14:29.000000Z
2024,264.0934027777777,43.11793,-79.06053,2024-09-20T02:14:30.000000Z
2024,264.0934143518518,43.11793,-79.06053,2024-09-20T02:14:31.000000Z
2024,264.0934259259259,43.11793,-79.06053,2024-09-20T02:14:32.000000Z
2024,264.09343749999994,43.11793,-79.06053,2024-09-20T02:14:33.000000Z
2024,264.09344907407404,43.11793,-79.06053,2024-09-20T02:14:34.000000Z
2024,264.0934606481481,43.11793,-79.06053,2024-09-20T02:14:35.000000Z
2024,264.0934722222222,43.11792,-79.06053,2024-09-20T02:14:36.000000Z
2024,264.09348379629625,43.11792,-79.06053,2024-09-20T02:14:37.000000Z
2024,264.0934953703703,43.11792,-79.06053,2024-09-20T02:14:38.000000Z
2024,264.0935069444444,43.11792,-79.06053,2024-09-20T02:14:39.000000Z
2024,264.09351851851847,43.11792,-79.06053,2024-09-20T02:14:40.000000Z
2024,264.0935300925926,43.11791,-79.06053,2024-09-20T02:14:41.000000Z
2024,264.0935416666666,43.11791,-79.06053,2024-09-20T02:14:42.000000Z
2024,264.0935532407407,43.11791,-79.06053,2024-09-20T02:14:43.000000Z
2024,264.0935648148148,43.11791,-79.06053,2024-09-20T02:14:44.000000Z
2024,264.09357638888883,43.11791,-79.06053,2024-09-20T02:14:45.000000Z
2024,264.09358796296294,43.11791,-79.06053,2024-09-20T02:14:46.000000Z
2024,264.1037847222222,43.11793,-79.06045,2024-09-20T02:29:27.000000Z
2024,264.10379629629625,43.11793,-79.06045,2024-09-20T02:29:28.000000Z
2024,264.10380787037036,43.11793,-79.06045,2024-09-20T02:29:29.000000Z
2024,264.1038194444444,43.11794,-79.06045,2024-09-20T02:29:30.000000Z
2024,264.10383101851846,43.11794,-79.06045,2024-09-20T02:29:31.000000Z
2024,264.10384259259257,43.11795,-79.06045,2024-09-20T02:29:32.000000Z
2024,264.1038541666666,43.11795,-79.06046,2024-09-20T02:29:33.000000Z
2024,264.10386574074073,43.11795,-79.06046,2024-09-20T02:29:34.000000Z
2024,264.1038773148148,43.11795,-79.06046,2024-09-20T02:29:35.000000Z
2024,264.1038888888889,43.11795,-79.06047,2024-09-20T02:29:36.000000Z
2024,264.10390046296294,43.11795,-79.06047,2024-09-20T02:29:37.000000Z
2024,264.103912037037,43.11796,-79.06047,2024-09-20T02:29:38.000000Z
2024,264.1039236111111,43.11796,-79.06047,2024-09-20T02:29:39.000000Z
2024,264.10393518518515,43.11796,-79.06047,2024-09-20T02:29:40.000000Z
2024,264.10394675925926,43.11796,-79.06047,2024-09-20T02:29:41.000000Z
2024,264.1039583333333,43.11796,-79.06047,2024-09-20T02:29:42.000000Z
2024,264.10396990740736,43.11796,-79.06048,2024-09-20T02:29:43.000000Z
2024,264.10398148148147,43.11796,-79.06048,2024-09-20T02:29:44.000000Z
2024,264.1039930555555,43.11796,-79.06048,2024-09-20T02:29:45.000000Z
2024,264.1040046296296,43.11796,-79.06048,2024-09-20T02:29:46.000000Z
2024,264.1142013888889,43.11797,-79.06042,2024-09-20T02:44:27.000000Z
2024,264.11421296296294,43.11798,-79.06042,2024-09-20T02:44:28.000000Z
2024,264.11422453703705,43.11798,-79.06043,2024-09-20T02:44:29.000000Z
2024,264.1142361111111,43.11798,-79.06044,2024-09-20T02:44:30.000000Z
2024,264.11424768518515,43.11798,-79.06044,2024-09-20T02:44:31.000000Z
2024,264.11425925925926,43.11798,-79.06044,2024-09-20T02:44:32.000000Z
2024,264.1142708333333,43.11797,-79.06044,2024-09-20T02:44:33.000000Z
2024,264.1142824074074,43.11797,-79.06044,2024-09-20T02:44:34.000000Z
2024,264.11429398148147,43.11797,-79.06045,2024-09-20T02:44:35.000000Z
2024,264.1143055555556,43.11797,-79.06045,2024-09-20T02:44:36.000000Z
2024,264.1143171296296,43.11797,-79.06046,2024-09-20T02:44:37.000000Z
2024,264.1143287037037,43.11796,-79.06046,2024-09-20T02:44:38.000000Z
2024,264.1143402777778,43.11796,-79.06046,2024-09-20T02:44:39.000000Z
2024,264.11435185185184,43.11796,-79.06047,2024-09-20T02:44:40.000000Z
2024,264.11436342592594,43.11796,-79.06047,2024-09-20T02:44:41.000000Z
2024,264.114375,43.11796,-79.06047,2024-09-20T02:44:42.000000Z
2024,264.11438657407405,43.11796,-79.06048,2024-09-20T02:44:43.000000Z
2024,264.11439814814815,43.11796,-79.06049,2024-09-20T02:44:44.000000Z
2024,264.1144097222222,43.11795,-79.0605,2024-09-20T02:44:45.000000Z
2024,264.1144212962963,43.11795,-79.0605,2024-09-20T02:44:46.000000Z
2024,264.1246180555555,43.11809,-79.06048,2024-09-20T02:59:27.000000Z
2024,264.12462962962957,43.11807,-79.0605,2024-09-20T02:59:28.000000Z
2024,264.1246412037037,43.11805,-79.0605,2024-09-20T02:59:29.000000Z
2024,264.1246527777777,43.11804,-79.06051,2024-09-20T02:59:30.000000Z
2024,264.1246643518518,43.11804,-79.06052,2024-09-20T02:59:31.000000Z
2024,264.1246759259259,43.11804,-79.06052,2024-09-20T02:59:32.000000Z
2024,264.12468749999994,43.11804,-79.06052,2024-09-20T02:59:33.000000Z
2024,264.12469907407404,43.11804,-79.06052,2024-09-20T02:59:34.000000Z
2024,264.1247106481481,43.11804,-79.06052,2024-09-20T02:59:35.000000Z
2024,264.1247222222222,43.11804,-79.06052,2024-09-20T02:59:36.000000Z
2024,264.12473379629625,43.11804,-79.06052,2024-09-20T02:59:37.000000Z
2024,264.1247453703703,43.11804,-79.06052,2024-09-20T02:59:38.000000Z
2024,264.1247569444444,43.11804,-79.06052,2024-09-20T02:59:39.000000Z
2024,264.12476851851847,43.11792,-79.06056,2024-09-20T02:59:40.000000Z
2024,264.1247800925926,43.11789,-79.06056,2024-09-20T02:59:41.000000Z
2024,264.1247916666666,43.11788,-79.06057,2024-09-20T02:59:42.000000Z
2024,264.1248032407407,43.11787,-79.06058,2024-09-20T02:59:43.000000Z
2024,264.1248148148148,43.11787,-79.06058,2024-09-20T02:59:44.000000Z
2024,264.12482638888883,43.11787,-79.06058,2024-09-20T02:59:45.000000Z
2024,264.12483796296294,43.11787,-79.06058,2024-09-20T02:59:46.000000Z
2024,264.1350347222222,43.11795,-79.06049,2024-09-20T03:14:27.000000Z
2024,264.13504629629625,43.11795,-79.0605,2024-09-20T03:14:28.000000Z
2024,264.13505787037036,43.11795,-79.0605,2024-09-20T03:14:29.000000Z
2024,264.1350694444444,43.11794,-79.0605,2024-09-20T03:14:30.000000Z
2024,264.13508101851846,43.11794,-79.0605,2024-09-20T03:14:31.000000Z
2024,264.13509259259257,43.11793,-79.0605,2024-09-20T03:14:32.000000Z
2024,264.1351041666666,43.11793,-79.0605,2024-09-20T03:14:33.000000Z
2024,264.13511574074073,43.11793,-79.0605,2024-09-20T03:14:34.000000Z
2024,264.1351273148148,43.11792,-79.0605,2024-09-20T03:14:35.000000Z
2024,264.1351388888889,43.11792,-79.0605,2024-09-20T03:14:36.000000Z
2024,264.13515046296294,43.11792,-79.0605,2024-09-20T03:14:37.000000Z
2024,264.135162037037,43.11792,-79.0605,2024-09-20T03:14:38.000000Z
2024,264.1351736111111,43.11792,-79.0605,2024-09-20T03:14:39.000000Z
2024,264.13518518518515,43.11792,-79.0605,2024-09-20T03:14:40.000000Z
2024,264.13519675925926,43.11792,-79.0605,2024-09-20T03:14:41.000000Z
2024,264.1352083333333,43.11791,-79.0605,2024-09-20T03:14:42.000000Z
2024,264.13521990740736,43.11791,-79.0605,2024-09-20T03:14:43.000000Z
2024,264.13523148148147,43.11791,-79.0605,2024-09-20T03:14:44.000000Z
2024,264.1352430555555,43.11791,-79.0605,2024-09-20T03:14:45.000000Z
2024,264.1352546296296,43.11791,-79.0605,2024-09-20T03:14:46.000000Z
2024,264.14550925925926,43.118,-79.06039,2024-09-20T03:29:32.000000Z
2024,264.1455208333333,43.118,-79.06039,2024-09-20T03:29:33.000000Z
2024,264.1455324074074,43.11799,-79.06038,2024-09-20T03:29:34.000000Z
2024,264.14554398148147,43.11799,-79.06037,2024-09-20T03:29:35.000000Z
2024,264.1455555555556,43.11798,-79.06037,2024-09-20T03:29:36.000000Z
2024,264.1455671296296,43.11798,-79.06037,2024-09-20T03:29:37.000000Z
2024,264.1455787037037,43.11798,-79.06037,2024-09-20T03:29:38.000000Z
2024,264.1455902777778,43.11798,-79.06037,2024-09-20T03:29:39.000000Z
2024,264.14560185185184,43.11798,-79.06037,2024-09-20T03:29:40.000000Z
2024,264.14561342592594,43.11797,-79.06037,2024-09-20T03:29:41.000000Z
2024,264.145625,43.11797,-79.06037,2024-09-20T03:29:42.000000Z
2024,264.14563657407405,43.11797,-79.06037,2024-09-20T03:29:43.000000Z
2024,264.14564814814815,43.11797,-79.06037,2024-09-20T03:29:44.000000Z
2024,264.1456597222222,43.11797,-79.06038,2024-09-20T03:29:45.000000Z
2024,264.1456712962963,43.11797,-79.06039,2024-09-20T03:29:46.000000Z
2024,264.14568287037036,43.11797,-79.0604,2024-09-20T03:29:47.000000Z
2024,264.1456944444444,43.11797,-79.06041,2024-09-20T03:29:48.000000Z
2024,264.1457060185185,43.11797,-79.06041,2024-09-20T03:29:49.000000Z
2024,264.1457175925926,43.11796,-79.06042,2024-09-20T03:29:50.000000Z
2024,264.1457291666667,43.11796,-79.06042,2024-09-20T03:29:51.000000Z
2024,264.1558796296296,43.11802,-79.06033,2024-09-20T03:44:28.000000Z
2024,264.15589120370373,43.11802,-79.06034,2024-09-20T03:44:29.000000Z
2024,264.1559027777778,43.11802,-79.06034,2024-09-20T03:44:30.000000Z
2024,264.15591435185183,43.11802,-79.06034,2024-09-20T03:44:31.000000Z
2024,264.15592592592594,43.11802,-79.06034,2024-09-20T03:44:32.000000Z
2024,264.1559375,43.11802,-79.06034,2024-09-20T03:44:33.000000Z
2024,264.1559490740741,43.11802,-79.06034,2024-09-20T03:44:34.000000Z
2024,264.15596064814815,43.11802,-79.06034,2024-09-20T03:44:35.000000Z
2024,264.15597222222226,43.11802,-79.06034,2024-09-20T03:44:36.000000Z
2024,264.1559837962963,43.11802,-79.06034,2024-09-20T03:44:37.000000Z
2024,264.15599537037036,43.11801,-79.06034,2024-09-20T03:44:38.000000Z
2024,264.15600694444447,43.11801,-79.06034,2024-09-20T03:44:39.000000Z
2024,264.1560185185185,43.11801,-79.06035,2024-09-20T03:44:40.000000Z
2024,264.15603009259263,43.11801,-79.06035,2024-09-20T03:44:41.000000Z
2024,264.1560416666667,43.11801,-79.06036,2024-09-20T03:44:42.000000Z
2024,264.15605324074073,43.11801,-79.06036,2024-09-20T03:44:43.000000Z
2024,264.15606481481484,43.11801,-79.06037,2024-09-20T03:44:44.000000Z
2024,264.1560763888889,43.11801,-79.06037,2024-09-20T03:44:45.000000Z
2024,264.156087962963,43.118,-79.06037,2024-09-20T03:44:46.000000Z
2024,264.15609953703705,43.118,-79.06037,2024-09-20T03:44:47.000000Z
2024,264.1662847222222,43.11798,-79.06038,2024-09-20T03:59:27.000000Z
2024,264.16629629629625,43.11798,-79.06039,2024-09-20T03:59:28.000000Z
2024,264.16630787037036,43.11798,-79.06039,2024-09-20T03:59:29.000000Z
2024,264.1663194444444,43.11798,-79.0604,2024-09-20T03:59:30.000000Z
2024,264.16633101851846,43.11798,-79.0604,2024-09-20T03:59:31.000000Z
2024,264.16634259259257,43.11798,-79.0604,2024-09-20T03:59:32.000000Z
2024,264.1663541666666,43.11798,-79.06039,2024-09-20T03:59:33.000000Z
2024,264.16636574074073,43.11798,-79.06039,2024-09-20T03:59:34.000000Z
2024,264.1663773148148,43.11798,-79.06039,2024-09-20T03:59:35.000000Z
2024,264.1663888888889,43.11799,-79.06038,2024-09-20T03:59:36.000000Z
2024,264.16640046296294,43.11799,-79.06038,2024-09-20T03:59:37.000000Z
2024,264.166412037037,43.118,-79.06038,2024-09-20T03:59:38.000000Z
2024,264.1664236111111,43.118,-79.06038,2024-09-20T03:59:39.000000Z
2024,264.16643518518515,43.11801,-79.06037,2024-09-20T03:59:40.000000Z
2024,264.16644675925926,43.11801,-79.06037,2024-09-20T03:59:41.000000Z
2024,264.1664583333333,43.11802,-79.06036,2024-09-20T03:59:42.000000Z
2024,264.16646990740736,43.11802,-79.06036,2024-09-20T03:59:43.000000Z
2024,264.16648148148147,43.11803,-79.06035,2024-09-20T03:59:44.000000Z
2024,264.1664930555555,43.11803,-79.06035,2024-09-20T03:59:45.000000Z
2024,264.1665046296296,43.11804,-79.06035,2024-09-20T03:59:46.000000Z
2024,264.17671296296294,43.11811,-79.06032,2024-09-20T04:14:28.000000Z
2024,264.17672453703705,43.11811,-79.06033,2024-09-20T04:14:29.000000Z
2024,264.1767361111111,43.11811,-79.06033,2024-09-20T04:14:30.000000Z
2024,264.17674768518515,43.11811,-79.06033,2024-09-20T04:14:31.000000Z
2024,264.17675925925926,43.11811,-79.06034,2024-09-20T04:14:32.000000Z
2024,264.1767708333333,43.11811,-79.06034,2024-09-20T04:14:33.000000Z
2024,264.1767824074074,43.1181,-79.06034,2024-09-20T04:14:34.000000Z
2024,264.17679398148147,43.11809,-79.06034,2024-09-20T04:14:35.000000Z
2024,264.1768055555556,43.11809,-79.06034,2024-09-20T04:14:36.000000Z
2024,264.1768171296296,43.11809,-79.06034,2024-09-20T04:14:37.000000Z
2024,264.1768287037037,43.11809,-79.06034,2024-09-20T04:14:38.000000Z
2024,264.1768402777778,43.11808,-79.06034,2024-09-20T04:14:39.000000Z
2024,264.17685185185184,43.11806,-79.06035,2024-09-20T04:14:40.000000Z
2024,264.17686342592594,43.11805,-79.06036,2024-09-20T04:14:41.000000Z
2024,264.176875,43.11804,-79.06036,2024-09-20T04:14:42.000000Z
2024,264.17688657407405,43.11803,-79.06037,2024-09-20T04:14:43.000000Z
2024,264.17689814814815,43.11802,-79.06037,2024-09-20T04:14:44.000000Z
2024,264.1769097222222,43.11802,-79.06037,2024-09-20T04:14:45.000000Z
2024,264.1769212962963,43.11802,-79.06037,2024-09-20T04:14:46.000000Z
2024,264.1871180555556,43.11791,-79.06035,2024-09-20T04:29:27.000000Z
2024,264.1871296296296,43.11791,-79.06035,2024-09-20T04:29:28.000000Z
2024,264.18714120370373,43.11791,-79.06035,2024-09-20T04:29:29.000000Z
2024,264.1871527777778,43.11791,-79.06035,2024-09-20T04:29:30.000000Z
2024,264.18716435185183,43.11791,-79.06035,2024-09-20T04:29:31.000000Z
2024,264.18717592592594,43.11791,-79.06036,2024-09-20T04:29:32.000000Z
2024,264.1871875,43.11791,-79.06036,2024-09-20T04:29:33.000000Z
2024,264.1871990740741,43.11791,-79.06036,2024-09-20T04:29:34.000000Z
2024,264.18721064814815,43.11791,-79.06037,2024-09-20T04:29:35.000000Z
2024,264.18722222222226,43.11791,-79.06037,2024-09-20T04:29:36.000000Z
2024,264.1872337962963,43.11791,-79.06037,2024-09-20T04:29:37.000000Z
2024,264.18724537037036,43.11791,-79.06037,2024-09-20T04:29:38.000000Z
2024,264.18725694444447,43.11791,-79.06037,2024-09-20T04:29:39.000000Z
2024,264.1872685185185,43.11791,-79.06037,2024-09-20T04:29:40.000000Z
2024,264.18728009259263,43.11791,-79.06037,2024-09-20T04:29:41.000000Z
2024,264.1872916666667,43.11791,-79.06037,2024-09-20T04:29:42.000000Z
2024,264.18730324074073,43.11792,-79.06037,2024-09-20T04:29:43.000000Z
2024,264.18731481481484,43.11792,-79.06037,2024-09-20T04:29:44.000000Z
2024,264.1873263888889,43.11792,-79.06037,2024-09-20T04:29:45.000000Z
2024,264.187337962963,43.11791,-79.06037,2024-09-20T04:29:46.000000Z
2024,264.19780092592595,43.11795,-79.06047,2024-09-20T04:44:50.000000Z
2024,264.19781250000005,43.11795,-79.06046,2024-09-20T04:44:51.000000Z
2024,264.1978240740741,43.11796,-79.06045,2024-09-20T04:44:52.000000Z
2024,264.19783564814816,43.11796,-79.06044,2024-09-20T04:44:53.000000Z
2024,264.19784722222226,43.11796,-79.06044,2024-09-20T04:44:54.000000Z
2024,264.1978587962963,43.11796,-79.06044,2024-09-20T04:44:55.000000Z
2024,264.1978703703704,43.11796,-79.06043,2024-09-20T04:44:56.000000Z
2024,264.1978819444445,43.11796,-79.06044,2024-09-20T04:44:57.000000Z
2024,264.1978935185185,43.11797,-79.06044,2024-09-20T04:44:58.000000Z
2024,264.19790509259263,43.11796,-79.06044,2024-09-20T04:44:59.000000Z
2024,264.1979166666667,43.11796,-79.06044,2024-09-20T04:45:00.000000Z
2024,264.19792824074074,43.11796,-79.06044,2024-09-20T04:45:01.000000Z
2024,264.19793981481484,43.11797,-79.06044,2024-09-20T04:45:02.000000Z
2024,264.1979513888889,43.11797,-79.06044,2024-09-20T04:45:03.000000Z
2024,264.197962962963,43.11797,-79.06044,2024-09-20T04:45:04.000000Z
2024,264.19797453703706,43.11798,-79.06044,2024-09-20T04:45:05.000000Z
2024,264.1979861111111,43.11798,-79.06044,2024-09-20T04:45:06.000000Z
2024,264.1979976851852,43.11798,-79.06044,2024-09-20T04:45:07.000000Z
2024,264.19800925925927,43.11798,-79.06044,2024-09-20T04:45:08.000000Z
2024,264.1980208333334,43.11798,-79.06044,2024-09-20T04:45:09.000000Z
2024,264.2079513888889,43.118,-79.0605,2024-09-20T04:59:27.000000Z
2024,264.20796296296294,43.118,-79.0605,2024-09-20T04:59:28.000000Z
2024,264.20797453703705,43.11799,-79.0605,2024-09-20T04:59:29.000000Z
2024,264.2079861111111,43.11799,-79.0605,2024-09-20T04:59:30.000000Z
2024,264.20799768518515,43.11799,-79.0605,2024-09-20T04:59:31.000000Z
2024,264.20800925925926,43.11799,-79.06049,2024-09-20T04:59:32.000000Z
2024,264.2080208333333,43.11799,-79.06049,2024-09-20T04:59:33.000000Z
2024,264.2080324074074,43.11799,-79.06049,2024-09-20T04:59:34.000000Z
2024,264.20804398148147,43.11799,-79.06048,2024-09-20T04:59:35.000000Z
2024,264.2080555555556,43.11799,-79.06048,2024-09-20T04:59:36.000000Z
2024,264.2080671296296,43.11799,-79.06048,2024-09-20T04:59:37.000000Z
2024,264.2080787037037,43.11798,-79.06047,2024-09-20T04:59:38.000000Z
2024,264.2080902777778,43.11798,-79.06047,2024-09-20T04:59:39.000000Z
2024,264.20810185185184,43.11798,-79.06047,2024-09-20T04:59:40.000000Z
2024,264.20811342592594,43.11798,-79.06047,2024-09-20T04:59:41.000000Z
2024,264.208125,43.11798,-79.06047,2024-09-20T04:59:42.000000Z
2024,264.20813657407405,43.11798,-79.06047,2024-09-20T04:59:43.000000Z
2024,264.20814814814815,43.11797,-79.06047,2024-09-20T04:59:44.000000Z
2024,264.2081597222222,43.11797,-79.06047,2024-09-20T04:59:45.000000Z
2024,264.2081712962963,43.11797,-79.06047,2024-09-20T04:59:46.000000Z
2024,264.2183912037037,43.11792,-79.06041,2024-09-20T05:14:29.000000Z
2024,264.2184027777777,43.11792,-79.06041,2024-09-20T05:14:30.000000Z
2024,264.2184143518518,43.11793,-79.06042,2024-09-20T05:14:31.000000Z
2024,264.2184259259259,43.11793,-79.06042,2024-09-20T05:14:32.000000Z
2024,264.21843749999994,43.11793,-79.06042,2024-09-20T05:14:33.000000Z
2024,264.21844907407404,43.11793,-79.06042,2024-09-20T05:14:34.000000Z
2024,264.2184606481481,43.11793,-79.06042,2024-09-20T05:14:35.000000Z
2024,264.2184722222222,43.11792,-79.06042,2024-09-20T05:14:36.000000Z
2024,264.21848379629625,43.11792,-79.06042,2024-09-20T05:14:37.000000Z
2024,264.2184953703703,43.11792,-79.06043,2024-09-20T05:14:38.000000Z
2024,264.2185069444444,43.11792,-79.06043,2024-09-20T05:14:39.000000Z
2024,264.21851851851847,43.11792,-79.06043,2024-09-20T05:14:40.000000Z
2024,264.2185300925926,43.11792,-79.06043,2024-09-20T05:14:41.000000Z
2024,264.2185416666666,43.11792,-79.06043,2024-09-20T05:14:42.000000Z
2024,264.2185532407407,43.11792,-79.06043,2024-09-20T05:14:43.000000Z
2024,264.2185648148148,43.11792,-79.06043,2024-09-20T05:14:44.000000Z
2024,264.21857638888883,43.11792,-79.06043,2024-09-20T05:14:45.000000Z
2024,264.21858796296294,43.11792,-79.06043,2024-09-20T05:14:46.000000Z
2024,264.218599537037,43.11792,-79.06043,2024-09-20T05:14:47.000000Z
2024,264.22880787037036,43.11798,-79.0604,2024-09-20T05:29:29.000000Z
2024,264.2288194444444,43.11798,-79.0604,2024-09-20T05:29:30.000000Z
2024,264.22883101851846,43.11798,-79.0604,2024-09-20T05:29:31.000000Z
2024,264.22884259259257,43.11799,-79.0604,2024-09-20T05:29:32.000000Z
2024,264.2288541666666,43.11799,-79.0604,2024-09-20T05:29:33.000000Z
2024,264.22886574074073,43.11799,-79.0604,2024-09-20T05:29:34.000000Z
2024,264.2288773148148,43.11799,-79.0604,2024-09-20T05:29:35.000000Z
2024,264.2288888888889,43.11799,-79.0604,2024-09-20T05:29:36.000000Z
2024,264.22890046296294,43.11798,-79.0604,2024-09-20T05:29:37.000000Z
2024,264.228912037037,43.11798,-79.0604,2024-09-20T05:29:38.000000Z
2024,264.2289236111111,43.11798,-79.0604,2024-09-20T05:29:39.000000Z
2024,264.22893518518515,43.11798,-79.0604,2024-09-20T05:29:40.000000Z
2024,264.22894675925926,43.11798,-79.0604,2024-09-20T05:29:41.000000Z
2024,264.2289583333333,43.11798,-79.0604,2024-09-20T05:29:42.000000Z
2024,264.22896990740736,43.11798,-79.0604,2024-09-20T05:29:43.000000Z
2024,264.22898148148147,43.11798,-79.0604,2024-09-20T05:29:44.000000Z
2024,264.2289930555555,43.11798,-79.0604,2024-09-20T05:29:45.000000Z
2024,264.2290046296296,43.11798,-79.0604,2024-09-20T05:29:46.000000Z
2024,264.2290162037037,43.11798,-79.0604,2024-09-20T05:29:47.000000Z
2024,264.23922453703705,43.11806,-79.06056,2024-09-20T05:44:29.000000Z
2024,264.2392361111111,43.11807,-79.06059,2024-09-20T05:44:30.000000Z
2024,264.23924768518515,43.11806,-79.06058,2024-09-20T05:44:31.000000Z
2024,264.23925925925926,43.11806,-79.06057,2024-09-20T05:44:32.000000Z
2024,264.2392708333333,43.11806,-79.06056,2024-09-20T05:44:33.000000Z
2024,264.2392824074074,43.11805,-79.06056,2024-09-20T05:44:34.000000Z
2024,264.23929398148147,43.11805,-79.06056,2024-09-20T05:44:35.000000Z
2024,264.2393055555556,43.11805,-79.06055,2024-09-20T05:44:36.000000Z
2024,264.2393171296296,43.11804,-79.06054,2024-09-20T05:44:37.000000Z
2024,264.2393287037037,43.11804,-79.06053,2024-09-20T05:44:38.000000Z
2024,264.2393402777778,43.11804,-79.06052,2024-09-20T05:44:39.000000Z
2024,264.23935185185184,43.11804,-79.06051,2024-09-20T05:44:40.000000Z
2024,264.23936342592594,43.11804,-79.06051,2024-09-20T05:44:41.000000Z
2024,264.239375,43.11804,-79.0605,2024-09-20T05:44:42.000000Z
2024,264.23938657407405,43.11803,-79.0605,2024-09-20T05:44:43.000000Z
2024,264.23939814814815,43.11803,-79.0605,2024-09-20T05:44:44.000000Z
2024,264.2394097222222,43.11803,-79.06049,2024-09-20T05:44:45.000000Z
2024,264.2394212962963,43.11803,-79.06049,2024-09-20T05:44:46.000000Z
2024,264.23943287037036,43.11803,-79.06048,2024-09-20T05:44:47.000000Z
2024,264.2496412037037,43.11811,-79.0606,2024-09-20T05:59:29.000000Z
2024,264.2496527777777,43.1181,-79.06059,2024-09-20T05:59:30.000000Z
2024,264.2496643518518,43.11809,-79.06057,2024-09-20T05:59:31.000000Z
2024,264.2496759259259,43.11809,-79.06057,2024-09-20T05:59:32.000000Z
2024,264.24968749999994,43.11809,-79.06059,2024-09-20T05:59:33.000000Z
2024,264.24969907407404,43.1181,-79.06057,2024-09-20T05:59:34.000000Z
2024,264.2497106481481,43.1181,-79.06057,2024-09-20T05:59:35.000000Z
2024,264.2497222222222,43.1181,-79.06058,2024-09-20T05:59:36.000000Z
2024,264.24973379629625,43.1181,-79.06058,2024-09-20T05:59:37.000000Z
2024,264.2497453703703,43.11809,-79.06058,2024-09-20T05:59:38.000000Z
2024,264.2497569444444,43.11809,-79.06058,2024-09-20T05:59:39.000000Z
2024,264.24976851851847,43.11809,-79.06058,2024-09-20T05:59:40.000000Z
2024,264.2497800925926,43.11809,-79.06058,2024-09-20T05:59:41.000000Z
2024,264.2497916666666,43.11809,-79.06058,2024-09-20T05:59:42.000000Z
2024,264.2498032407407,43.11809,-79.06058,2024-09-20T05:59:43.000000Z
2024,264.2498148148148,43.11809,-79.06058,2024-09-20T05:59:44.000000Z
2024,264.24982638888883,43.11809,-79.06059,2024-09-20T05:59:45.000000Z
2024,264.24983796296294,43.11809,-79.06059,2024-09-20T05:59:46.000000Z
2024,264.249849537037,43.11809,-79.0606,2024-09-20T05:59:47.000000Z
2024,264.26005787037036,43.11812,-79.06061,2024-09-20T06:14:29.000000Z
2024,264.2600694444444,43.11812,-79.06061,2024-09-20T06:14:30.000000Z
2024,264.26008101851846,43.11812,-79.0606,2024-09-20T06:14:31.000000Z
2024,264.26009259259257,43.11813,-79.06061,2024-09-20T06:14:32.000000Z
2024,264.2601041666666,43.11813,-79.0606,2024-09-20T06:14:33.000000Z
2024,264.26011574074073,43.11813,-79.0606,2024-09-20T06:14:34.000000Z
2024,264.2601273148148,43.11813,-79.0606,2024-09-20T06:14:35.000000Z
2024,264.2601388888889,43.11813,-79.0606,2024-09-20T06:14:36.000000Z
2024,264.26015046296294,43.11813,-79.06059,2024-09-20T06:14:37.000000Z
2024,264.260162037037,43.11813,-79.06059,2024-09-20T06:14:38.000000Z
2024,264.2601736111111,43.11813,-79.06059,2024-09-20T06:14:39.000000Z
2024,264.26018518518515,43.11812,-79.06058,2024-09-20T06:14:40.000000Z
2024,264.26019675925926,43.11812,-79.06058,2024-09-20T06:14:41.000000Z
2024,264.2602083333333,43.11812,-79.06058,2024-09-20T06:14:42.000000Z
2024,264.26021990740736,43.11812,-79.06057,2024-09-20T06:14:43.000000Z
2024,264.26023148148147,43.11812,-79.06056,2024-09-20T06:14:44.000000Z
2024,264.2602430555555,43.11812,-79.06056,2024-09-20T06:14:45.000000Z
2024,264.2602546296296,43.11812,-79.06056,2024-09-20T06:14:46.000000Z
2024,264.2602662037037,43.11812,-79.06056,2024-09-20T06:14:47.000000Z
2024,264.27047453703705,43.11805,-79.06048,2024-09-20T06:29:29.000000Z
2024,264.2704861111111,43.11805,-79.06047,2024-09-20T06:29:30.000000Z
2024,264.27049768518515,43.11805,-79.06048,2024-09-20T06:29:31.000000Z
2024,264.27050925925926,43.11806,-79.06048,2024-09-20T06:29:32.000000Z
2024,264.2705208333333,43.11806,-79.06049,2024-09-20T06:29:33.000000Z
2024,264.2705324074074,43.11806,-79.06049,2024-09-20T06:29:34.000000Z
2024,264.27054398148147,43.11806,-79.06049,2024-09-20T06:29:35.000000Z
2024,264.2705555555556,43.11806,-79.06049,2024-09-20T06:29:36.000000Z
2024,264.2705671296296,43.11805,-79.06049,2024-09-20T06:29:37.000000Z
2024,264.2705787037037,43.11805,-79.06049,2024-09-20T06:29:38.000000Z
2024,264.2705902777778,43.11806,-79.06049,2024-09-20T06:29:39.000000Z
2024,264.27060185185184,43.11806,-79.06048,2024-09-20T06:29:40.000000Z
2024,264.27061342592594,43.11806,-79.06048,2024-09-20T06:29:41.000000Z
2024,264.270625,43.11806,-79.06048,2024-09-20T06:29:42.000000Z
2024,264.27063657407405,43.11806,-79.06048,2024-09-20T06:29:43.000000Z
2024,264.27064814814815,43.11806,-79.06048,2024-09-20T06:29:44.000000Z
2024,264.2706597222222,43.11806,-79.06048,2024-09-20T06:29:45.000000Z
2024,264.2706712962963,43.11806,-79.06048,2024-09-20T06:29:46.000000Z
2024,264.27068287037036,43.11806,-79.06048,2024-09-20T06:29:47.000000Z
2024,264.28089120370373,43.11798,-79.06048,2024-09-20T06:44:29.000000Z
2024,264.2809027777778,43.11798,-79.06048,2024-09-20T06:44:30.000000Z
2024,264.28091435185183,43.11797,-79.06049,2024-09-20T06:44:31.000000Z
2024,264.28092592592594,43.11797,-79.06049,2024-09-20T06:44:32.000000Z
2024,264.2809375,43.11797,-79.06049,2024-09-20T06:44:33.000000Z
2024,264.2809490740741,43.11797,-79.0605,2024-09-20T06:44:34.000000Z
2024,264.28096064814815,43.11797,-79.0605,2024-09-20T06:44:35.000000Z
2024,264.28097222222226,43.11797,-79.0605,2024-09-20T06:44:36.000000Z
2024,264.2809837962963,43.11796,-79.0605,2024-09-20T06:44:37.000000Z
2024,264.28099537037036,43.11796,-79.06051,2024-09-20T06:44:38.000000Z
2024,264.28100694444447,43.11796,-79.06051,2024-09-20T06:44:39.000000Z
2024,264.2810185185185,43.11796,-79.06051,2024-09-20T06:44:40.000000Z
2024,264.28103009259263,43.11796,-79.06051,2024-09-20T06:44:41.000000Z
2024,264.2810416666667,43.11796,-79.06052,2024-09-20T06:44:42.000000Z
2024,264.28105324074073,43.11796,-79.06052,2024-09-20T06:44:43.000000Z
2024,264.28106481481484,43.11796,-79.06052,2024-09-20T06:44:44.000000Z
2024,264.2810763888889,43.11796,-79.06053,2024-09-20T06:44:45.000000Z
2024,264.281087962963,43.11796,-79.06053,2024-09-20T06:44:46.000000Z
2024,264.28109953703705,43.11795,-79.06053,2024-09-20T06:44:47.000000Z
2024,264.29130787037036,43.11796,-79.06051,2024-09-20T06:59:29.000000Z
2024,264.2913194444444,43.11796,-79.06051,2024-09-20T06:59:30.000000Z
2024,264.29134259259257,43.11796,-79.06051,2024-09-20T06:59:32.000000Z
2024,264.2913541666666,43.11796,-79.06051,2024-09-20T06:59:33.000000Z
2024,264.29136574074073,43.11796,-79.06051,2024-09-20T06:59:34.000000Z
2024,264.2913773148148,43.11796,-79.06051,2024-09-20T06:59:35.000000Z
2024,264.2913888888889,43.11796,-79.06052,2024-09-20T06:59:36.000000Z
2024,264.29140046296294,43.11796,-79.06052,2024-09-20T06:59:37.000000Z
2024,264.291412037037,43.11796,-79.06052,2024-09-20T06:59:38.000000Z
2024,264.2914236111111,43.11796,-79.06052,2024-09-20T06:59:39.000000Z
2024,264.29143518518515,43.11796,-79.06053,2024-09-20T06:59:40.000000Z
2024,264.29144675925926,43.11796,-79.06053,2024-09-20T06:59:41.000000Z
2024,264.2914583333333,43.11796,-79.06054,2024-09-20T06:59:42.000000Z
2024,264.29146990740736,43.11796,-79.06054,2024-09-20T06:59:43.000000Z
2024,264.29148148148147,43.11796,-79.06054,2024-09-20T06:59:44.000000Z
2024,264.2914930555555,43.11796,-79.06055,2024-09-20T06:59:45.000000Z
2024,264.2915046296296,43.11796,-79.06055,2024-09-20T06:59:46.000000Z
2024,264.2915162037037,43.11796,-79.06055,2024-09-20T06:59:47.000000Z
2024,264.30172453703705,43.11792,-79.0605,2024-09-20T07:14:29.000000Z
2024,264.3017361111111,43.11792,-79.06051,2024-09-20T07:14:30.000000Z
2024,264.30174768518515,43.11792,-79.06051,2024-09-20T07:14:31.000000Z
2024,264.30175925925926,43.11792,-79.06051,2024-09-20T07:14:32.000000Z
2024,264.3017708333333,43.11792,-79.0605,2024-09-20T07:14:33.000000Z
2024,264.3017824074074,43.11793,-79.0605,2024-09-20T07:14:34.000000Z
2024,264.30179398148147,43.11793,-79.0605,2024-09-20T07:14:35.000000Z
2024,264.3018055555556,43.11793,-79.0605,2024-09-20T07:14:36.000000Z
2024,264.3018171296296,43.11793,-79.0605,2024-09-20T07:14:37.000000Z
2024,264.3018287037037,43.11793,-79.06049,2024-09-20T07:14:38.000000Z
2024,264.3018402777778,43.11793,-79.06048,2024-09-20T07:14:39.000000Z
2024,264.30185185185184,43.11793,-79.06048,2024-09-20T07:14:40.000000Z
2024,264.30186342592594,43.11793,-79.06047,2024-09-20T07:14:41.000000Z
2024,264.301875,43.11793,-79.06047,2024-09-20T07:14:42.000000Z
2024,264.30188657407405,43.11793,-79.06047,2024-09-20T07:14:43.000000Z
2024,264.30189814814815,43.11793,-79.06046,2024-09-20T07:14:44.000000Z
2024,264.3019097222222,43.11793,-79.06046,2024-09-20T07:14:45.000000Z
2024,264.3019212962963,43.11793,-79.06046,2024-09-20T07:14:46.000000Z
2024,264.30193287037036,43.11793,-79.06045,2024-09-20T07:14:47.000000Z
2024,264.31214120370373,43.11793,-79.06029,2024-09-20T07:29:29.000000Z
2024,264.3121527777778,43.11793,-79.06027,2024-09-20T07:29:30.000000Z
2024,264.31216435185183,43.11793,-79.06024,2024-09-20T07:29:31.000000Z
2024,264.31217592592594,43.11793,-79.06021,2024-09-20T07:29:32.000000Z
2024,264.3121875,43.11793,-79.06018,2024-09-20T07:29:33.000000Z
2024,264.3121990740741,43.11792,-79.06014,2024-09-20T07:29:34.000000Z
2024,264.31221064814815,43.11792,-79.06011,2024-09-20T07:29:35.000000Z
2024,264.31222222222226,43.11792,-79.06008,2024-09-20T07:29:36.000000Z
2024,264.3122337962963,43.11792,-79.06007,2024-09-20T07:29:37.000000Z
2024,264.31224537037036,43.11792,-79.06005,2024-09-20T07:29:38.000000Z
2024,264.31225694444447,43.11792,-79.06004,2024-09-20T07:29:39.000000Z
2024,264.3122685185185,43.11792,-79.06004,2024-09-20T07:29:40.000000Z
2024,264.31228009259263,43.11792,-79.06004,2024-09-20T07:29:41.000000Z
2024,264.3122916666667,43.11792,-79.06004,2024-09-20T07:29:42.000000Z
2024,264.31231481481484,43.11792,-79.06005,2024-09-20T07:29:44.000000Z
2024,264.3123263888889,43.11792,-79.06005,2024-09-20T07:29:45.000000Z
2024,264.312337962963,43.11793,-79.06005,2024-09-20T07:29:46.000000Z
2024,264.31234953703705,43.11793,-79.06005,2024-09-20T07:29:47.000000Z
2024,264.3123611111111,43.11793,-79.06006,2024-09-20T07:29:48.000000Z
2024,264.3225578703704,43.11803,-79.06031,2024-09-20T07:44:29.000000Z
2024,264.32256944444447,43.11804,-79.0604,2024-09-20T07:44:30.000000Z
2024,264.3225810185185,43.11806,-79.06045,2024-09-20T07:44:31.000000Z
2024,264.3225925925926,43.11807,-79.06046,2024-09-20T07:44:32.000000Z
2024,264.3226041666667,43.11808,-79.06049,2024-09-20T07:44:33.000000Z
2024,264.3226157407408,43.11809,-79.06052,2024-09-20T07:44:34.000000Z
2024,264.32262731481484,43.11809,-79.06055,2024-09-20T07:44:35.000000Z
2024,264.32263888888895,43.1181,-79.06056,2024-09-20T07:44:36.000000Z
2024,264.322650462963,43.11811,-79.06058,2024-09-20T07:44:37.000000Z
2024,264.32266203703705,43.11811,-79.0606,2024-09-20T07:44:38.000000Z
2024,264.32267361111116,43.11811,-79.06061,2024-09-20T07:44:39.000000Z
2024,264.3226851851852,43.11811,-79.06061,2024-09-20T07:44:40.000000Z
2024,264.3226967592593,43.11811,-79.0606,2024-09-20T07:44:41.000000Z
2024,264.32270833333337,43.11811,-79.0606,2024-09-20T07:44:42.000000Z
2024,264.3227199074074,43.11811,-79.06059,2024-09-20T07:44:43.000000Z
2024,264.3227314814815,43.11811,-79.06058,2024-09-20T07:44:44.000000Z
2024,264.3227430555556,43.11811,-79.06058,2024-09-20T07:44:45.000000Z
2024,264.3227546296297,43.11811,-79.06057,2024-09-20T07:44:46.000000Z
2024,264.32276620370374,43.11811,-79.06057,2024-09-20T07:44:47.000000Z
2024,264.3329513888889,43.11804,-79.0603,2024-09-20T07:59:27.000000Z
2024,264.33296296296294,43.11804,-79.06029,2024-09-20T07:59:28.000000Z
2024,264.33297453703705,43.11804,-79.06029,2024-09-20T07:59:29.000000Z
2024,264.3329861111111,43.11804,-79.06028,2024-09-20T07:59:30.000000Z
2024,264.33299768518515,43.11804,-79.06029,2024-09-20T07:59:31.000000Z
2024,264.33300925925926,43.11804,-79.0603,2024-09-20T07:59:32.000000Z
2024,264.3330208333333,43.11804,-79.0603,2024-09-20T07:59:33.000000Z
2024,264.3330324074074,43.11804,-79.06031,2024-09-20T07:59:34.000000Z
2024,264.33304398148147,43.11804,-79.06031,2024-09-20T07:59:35.000000Z
2024,264.3330555555556,43.11804,-79.06031,2024-09-20T07:59:36.000000Z
2024,264.3330671296296,43.11803,-79.06031,2024-09-20T07:59:37.000000Z
2024,264.3330787037037,43.11803,-79.06031,2024-09-20T07:59:38.000000Z
2024,264.3330902777778,43.11803,-79.06031,2024-09-20T07:59:39.000000Z
2024,264.33310185185184,43.11803,-79.06031,2024-09-20T07:59:40.000000Z
2024,264.33311342592594,43.11803,-79.06033,2024-09-20T07:59:41.000000Z
2024,264.333125,43.11803,-79.06034,2024-09-20T07:59:42.000000Z
2024,264.33313657407405,43.11803,-79.06035,2024-09-20T07:59:43.000000Z
2024,264.33314814814815,43.11803,-79.06037,2024-09-20T07:59:44.000000Z
2024,264.3331597222222,43.11803,-79.06037,2024-09-20T07:59:45.000000Z
2024,264.3331712962963,43.11803,-79.06038,2024-09-20T07:59:46.000000Z
2024,264.3433912037037,43.118,-79.06051,2024-09-20T08:14:29.000000Z
2024,264.3434027777777,43.118,-79.06052,2024-09-20T08:14:30.000000Z
2024,264.3434143518518,43.11801,-79.06053,2024-09-20T08:14:31.000000Z
2024,264.3434259259259,43.11801,-79.06053,2024-09-20T08:14:32.000000Z
2024,264.34343749999994,43.11802,-79.06055,2024-09-20T08:14:33.000000Z
2024,264.34344907407404,43.11803,-79.06056,2024-09-20T08:14:34.000000Z
2024,264.3434606481481,43.11803,-79.06056,2024-09-20T08:14:35.000000Z
2024,264.3434722222222,43.11803,-79.06056,2024-09-20T08:14:36.000000Z
2024,264.34348379629625,43.11804,-79.06057,2024-09-20T08:14:37.000000Z
2024,264.3434953703703,43.11804,-79.06057,2024-09-20T08:14:38.000000Z
2024,264.3435069444444,43.11804,-79.06058,2024-09-20T08:14:39.000000Z
2024,264.34351851851847,43.11804,-79.06058,2024-09-20T08:14:40.000000Z
2024,264.3435300925926,43.11804,-79.06058,2024-09-20T08:14:41.000000Z
2024,264.3435416666666,43.11804,-79.06058,2024-09-20T08:14:42.000000Z
2024,264.3435532407407,43.11805,-79.06058,2024-09-20T08:14:43.000000Z
2024,264.3435648148148,43.11805,-79.06058,2024-09-20T08:14:44.000000Z
2024,264.34357638888883,43.11805,-79.06058,2024-09-20T08:14:45.000000Z
2024,264.34358796296294,43.11805,-79.06058,2024-09-20T08:14:46.000000Z
2024,264.343599537037,43.11805,-79.06058,2024-09-20T08:14:47.000000Z
2024,264.35380787037036,43.11794,-79.06051,2024-09-20T08:29:29.000000Z
2024,264.3538194444444,43.11795,-79.06051,2024-09-20T08:29:30.000000Z
2024,264.35383101851846,43.11795,-79.06052,2024-09-20T08:29:31.000000Z
2024,264.35384259259257,43.11796,-79.06051,2024-09-20T08:29:32.000000Z
2024,264.3538541666666,43.11796,-79.06051,2024-09-20T08:29:33.000000Z
2024,264.35386574074073,43.11796,-79.0605,2024-09-20T08:29:34.000000Z
2024,264.3538773148148,43.11797,-79.0605,2024-09-20T08:29:35.000000Z
2024,264.3538888888889,43.11797,-79.0605,2024-09-20T08:29:36.000000Z
2024,264.35390046296294,43.11797,-79.06049,2024-09-20T08:29:37.000000Z
2024,264.353912037037,43.11797,-79.06049,2024-09-20T08:29:38.000000Z
2024,264.3539236111111,43.11797,-79.06048,2024-09-20T08:29:39.000000Z
2024,264.35393518518515,43.11797,-79.06047,2024-09-20T08:29:40.000000Z
2024,264.35394675925926,43.11797,-79.06047,2024-09-20T08:29:41.000000Z
2024,264.3539583333333,43.11797,-79.06047,2024-09-20T08:29:42.000000Z
2024,264.35396990740736,43.11797,-79.06047,2024-09-20T08:29:43.000000Z
2024,264.35398148148147,43.11797,-79.06047,2024-09-20T08:29:44.000000Z
2024,264.3539930555555,43.11798,-79.06047,2024-09-20T08:29:45.000000Z
2024,264.3540046296296,43.11798,-79.06047,2024-09-20T08:29:46.000000Z
2024,264.3540162037037,43.11798,-79.06047,2024-09-20T08:29:47.000000Z
2024,264.3642361111111,43.11795,-79.06044,2024-09-20T08:44:30.000000Z
2024,264.36424768518515,43.11795,-79.06044,2024-09-20T08:44:31.000000Z
2024,264.36425925925926,43.11795,-79.06044,2024-09-20T08:44:32.000000Z
2024,264.3642708333333,43.11795,-79.06043,2024-09-20T08:44:33.000000Z
2024,264.3642824074074,43.11795,-79.06043,2024-09-20T08:44:34.000000Z
2024,264.36429398148147,43.11795,-79.06043,2024-09-20T08:44:35.000000Z
2024,264.3643055555556,43.11795,-79.06043,2024-09-20T08:44:36.000000Z
2024,264.3643171296296,43.11795,-79.06042,2024-09-20T08:44:37.000000Z
2024,264.3643287037037,43.11796,-79.06042,2024-09-20T08:44:38.000000Z
2024,264.3643402777778,43.11796,-79.06042,2024-09-20T08:44:39.000000Z
2024,264.36435185185184,43.11796,-79.06041,2024-09-20T08:44:40.000000Z
2024,264.36436342592594,43.11796,-79.06041,2024-09-20T08:44:41.000000Z
2024,264.364375,43.11796,-79.06041,2024-09-20T08:44:42.000000Z
2024,264.36438657407405,43.11796,-79.0604,2024-09-20T08:44:43.000000Z
2024,264.36439814814815,43.11795,-79.0604,2024-09-20T08:44:44.000000Z
2024,264.3644097222222,43.11795,-79.0604,2024-09-20T08:44:45.000000Z
2024,264.3644212962963,43.11795,-79.0604,2024-09-20T08:44:46.000000Z
2024,264.36443287037036,43.11796,-79.06041,2024-09-20T08:44:47.000000Z
2024,264.3644444444444,43.11796,-79.06041,2024-09-20T08:44:48.000000Z
2024,264.3644560185185,43.11796,-79.06042,2024-09-20T08:44:49.000000Z
2024,264.3748842592592,43.11794,-79.06054,2024-09-20T08:59:50.000000Z
2024,264.3748958333333,43.11795,-79.06054,2024-09-20T08:59:51.000000Z
2024,264.37490740740736,43.11796,-79.06053,2024-09-20T08:59:52.000000Z
2024,264.3749189814814,43.11796,-79.06053,2024-09-20T08:59:53.000000Z
2024,264.3749305555555,43.11797,-79.06053,2024-09-20T08:59:54.000000Z
2024,264.3749421296296,43.11797,-79.06053,2024-09-20T08:59:55.000000Z
2024,264.3749537037037,43.11797,-79.06053,2024-09-20T08:59:56.000000Z
2024,264.37496527777773,43.11797,-79.06053,2024-09-20T08:59:57.000000Z
2024,264.3749768518518,43.11797,-79.06053,2024-09-20T08:59:58.000000Z
2024,264.3749884259259,43.11797,-79.06053,2024-09-20T08:59:59.000000Z
2024,264.375,43.11797,-79.06054,2024-09-20T09:00:00.000000Z
2024,264.37501157407405,43.11797,-79.06054,2024-09-20T09:00:01.000000Z
2024,264.37502314814816,43.11797,-79.06053,2024-09-20T09:00:02.000000Z
2024,264.3750347222222,43.11797,-79.06053,2024-09-20T09:00:03.000000Z
2024,264.3750462962963,43.11796,-79.06053,2024-09-20T09:00:04.000000Z
2024,264.37505787037037,43.11796,-79.06054,2024-09-20T09:00:05.000000Z
2024,264.3750694444444,43.11796,-79.06054,2024-09-20T09:00:06.000000Z
2024,264.37508101851853,43.11796,-79.06054,2024-09-20T09:00:07.000000Z
2024,264.3750925925926,43.11796,-79.06054,2024-09-20T09:00:08.000000Z
2024,264.3751041666667,43.11796,-79.06054,2024-09-20T09:00:09.000000Z
2024,264.38504629629625,43.11789,-79.0604,2024-09-20T09:14:28.000000Z
2024,264.38505787037036,43.11788,-79.0604,2024-09-20T09:14:29.000000Z
2024,264.3850694444444,43.11788,-79.0604,2024-09-20T09:14:30.000000Z
2024,264.38508101851846,43.11788,-79.0604,2024-09-20T09:14:31.000000Z
2024,264.38509259259257,43.11787,-79.0604,2024-09-20T09:14:32.000000Z
2024,264.3851041666666,43.11787,-79.0604,2024-09-20T09:14:33.000000Z
2024,264.38511574074073,43.11787,-79.0604,2024-09-20T09:14:34.000000Z
2024,264.3851273148148,43.11787,-79.0604,2024-09-20T09:14:35.000000Z
2024,264.3851388888889,43.11787,-79.0604,2024-09-20T09:14:36.000000Z
2024,264.38515046296294,43.11787,-79.0604,2024-09-20T09:14:37.000000Z
2024,264.385162037037,43.11788,-79.0604,2024-09-20T09:14:38.000000Z
2024,264.3851736111111,43.11788,-79.0604,2024-09-20T09:14:39.000000Z
2024,264.38518518518515,43.11788,-79.0604,2024-09-20T09:14:40.000000Z
2024,264.38519675925926,43.11788,-79.06041,2024-09-20T09:14:41.000000Z
2024,264.3852083333333,43.11788,-79.06041,2024-09-20T09:14:42.000000Z
2024,264.38521990740736,43.11788,-79.06041,2024-09-20T09:14:43.000000Z
2024,264.38523148148147,43.11789,-79.06042,2024-09-20T09:14:44.000000Z
2024,264.3852430555555,43.11789,-79.06042,2024-09-20T09:14:45.000000Z
2024,264.3852546296296,43.11789,-79.06042,2024-09-20T09:14:46.000000Z
2024,264.39546296296294,43.11794,-79.06048,2024-09-20T09:29:28.000000Z
2024,264.39547453703705,43.11794,-79.06048,2024-09-20T09:29:29.000000Z
2024,264.3954861111111,43.11793,-79.06048,2024-09-20T09:29:30.000000Z
2024,264.39549768518515,43.11793,-79.06049,2024-09-20T09:29:31.000000Z
2024,264.39550925925926,43.11793,-79.06048,2024-09-20T09:29:32.000000Z
2024,264.3955208333333,43.11794,-79.06048,2024-09-20T09:29:33.000000Z
2024,264.3955324074074,43.11794,-79.06048,2024-09-20T09:29:34.000000Z
2024,264.39554398148147,43.11795,-79.06048,2024-09-20T09:29:35.000000Z
2024,264.3955555555556,43.11795,-79.06049,2024-09-20T09:29:36.000000Z
2024,264.3955671296296,43.11795,-79.06049,2024-09-20T09:29:37.000000Z
2024,264.3955787037037,43.11795,-79.06049,2024-09-20T09:29:38.000000Z
2024,264.3955902777778,43.11795,-79.06049,2024-09-20T09:29:39.000000Z
2024,264.39560185185184,43.11795,-79.0605,2024-09-20T09:29:40.000000Z
2024,264.39561342592594,43.11795,-79.0605,2024-09-20T09:29:41.000000Z
2024,264.395625,43.11795,-79.06049,2024-09-20T09:29:42.000000Z
2024,264.39563657407405,43.11795,-79.0605,2024-09-20T09:29:43.000000Z
2024,264.39564814814815,43.11795,-79.0605,2024-09-20T09:29:44.000000Z
2024,264.3956597222222,43.11795,-79.0605,2024-09-20T09:29:45.000000Z
2024,264.3956712962963,43.11795,-79.0605,2024-09-20T09:29:46.000000Z
2024,264.4058796296296,43.1179,-79.06037,2024-09-20T09:44:28.000000Z
2024,264.40589120370373,43.11789,-79.06037,2024-09-20T09:44:29.000000Z
2024,264.4059027777778,43.11789,-79.06037,2024-09-20T09:44:30.000000Z
2024,264.40591435185183,43.11788,-79.06037,2024-09-20T09:44:31.000000Z
2024,264.40592592592594,43.11788,-79.06037,2024-09-20T09:44:32.000000Z
2024,264.4059375,43.11787,-79.06037,2024-09-20T09:44:33.000000Z
2024,264.4059490740741,43.11787,-79.06037,2024-09-20T09:44:34.000000Z
2024,264.40596064814815,43.11787,-79.06038,2024-09-20T09:44:35.000000Z
2024,264.40597222222226,43.11787,-79.06039,2024-09-20T09:44:36.000000Z
2024,264.4059837962963,43.11787,-79.06039,2024-09-20T09:44:37.000000Z
2024,264.40599537037036,43.11787,-79.06039,2024-09-20T09:44:38.000000Z
2024,264.40600694444447,43.11787,-79.0604,2024-09-20T09:44:39.000000Z
2024,264.4060185185185,43.11787,-79.0604,2024-09-20T09:44:40.000000Z
2024,264.40603009259263,43.11788,-79.06041,2024-09-20T09:44:41.000000Z
2024,264.4060416666667,43.11788,-79.06041,2024-09-20T09:44:42.000000Z
2024,264.40605324074073,43.11788,-79.06042,2024-09-20T09:44:43.000000Z
2024,264.40606481481484,43.11788,-79.06043,2024-09-20T09:44:44.000000Z
2024,264.4060763888889,43.11788,-79.06043,2024-09-20T09:44:45.000000Z
2024,264.406087962963,43.11788,-79.06044,2024-09-20T09:44:46.000000Z
2024,264.41629629629625,43.11785,-79.0605,2024-09-20T09:59:28.000000Z
2024,264.41630787037036,43.11786,-79.0605,2024-09-20T09:59:29.000000Z
2024,264.4163194444444,43.11786,-79.0605,2024-09-20T09:59:30.000000Z
2024,264.41633101851846,43.11787,-79.0605,2024-09-20T09:59:31.000000Z
2024,264.41634259259257,43.11787,-79.0605,2024-09-20T09:59:32.000000Z
2024,264.4163541666666,43.11787,-79.0605,2024-09-20T09:59:33.000000Z
2024,264.41636574074073,43.11787,-79.0605,2024-09-20T09:59:34.000000Z
2024,264.4163773148148,43.11788,-79.0605,2024-09-20T09:59:35.000000Z
2024,264.4163888888889,43.11788,-79.0605,2024-09-20T09:59:36.000000Z
2024,264.41640046296294,43.11788,-79.0605,2024-09-20T09:59:37.000000Z
2024,264.416412037037,43.11789,-79.0605,2024-09-20T09:59:38.000000Z
2024,264.4164236111111,43.11789,-79.0605,2024-09-20T09:59:39.000000Z
2024,264.41643518518515,43.1179,-79.0605,2024-09-20T09:59:40.000000Z
2024,264.41644675925926,43.11791,-79.0605,2024-09-20T09:59:41.000000Z
2024,264.4164583333333,43.11792,-79.0605,2024-09-20T09:59:42.000000Z
2024,264.41646990740736,43.11792,-79.0605,2024-09-20T09:59:43.000000Z
2024,264.41648148148147,43.11793,-79.0605,2024-09-20T09:59:44.000000Z
2024,264.4164930555555,43.11793,-79.0605,2024-09-20T09:59:45.000000Z
2024,264.4165046296296,43.11793,-79.0605,2024-09-20T09:59:46.000000Z
2024,264.42671296296294,43.118,-79.06046,2024-09-20T10:14:28.000000Z
2024,264.42672453703705,43.11799,-79.06046,2024-09-20T10:14:29.000000Z
2024,264.4267361111111,43.11798,-79.06046,2024-09-20T10:14:30.000000Z
2024,264.42674768518515,43.11798,-79.06046,2024-09-20T10:14:31.000000Z
2024,264.42675925925926,43.11797,-79.06045,2024-09-20T10:14:32.000000Z
2024,264.4267708333333,43.11797,-79.06045,2024-09-20T10:14:33.000000Z
2024,264.4267824074074,43.11796,-79.06045,2024-09-20T10:14:34.000000Z
2024,264.42679398148147,43.11796,-79.06044,2024-09-20T10:14:35.000000Z
2024,264.4268055555556,43.11796,-79.06044,2024-09-20T10:14:36.000000Z
2024,264.4268171296296,43.11795,-79.06044,2024-09-20T10:14:37.000000Z
2024,264.4268287037037,43.11795,-79.06044,2024-09-20T10:14:38.000000Z
2024,264.4268402777778,43.11795,-79.06044,2024-09-20T10:14:39.000000Z
2024,264.42685185185184,43.11795,-79.06044,2024-09-20T10:14:40.000000Z
2024,264.42686342592594,43.11794,-79.06044,2024-09-20T10:14:41.000000Z
2024,264.426875,43.11794,-79.06045,2024-09-20T10:14:42.000000Z
2024,264.42688657407405,43.11794,-79.06045,2024-09-20T10:14:43.000000Z
2024,264.42689814814815,43.11794,-79.06046,2024-09-20T10:14:44.000000Z
2024,264.4269097222222,43.11794,-79.06047,2024-09-20T10:14:45.000000Z
2024,264.4269212962963,43.11794,-79.06047,2024-09-20T10:14:46.000000Z
2024,264.4371296296296,43.11798,-79.06051,2024-09-20T10:29:28.000000Z
2024,264.43714120370373,43.11798,-79.06052,2024-09-20T10:29:29.000000Z
2024,264.4371527777778,43.11799,-79.06052,2024-09-20T10:29:30.000000Z
2024,264.43716435185183,43.11799,-79.06053,2024-09-20T10:29:31.000000Z
2024,264.43717592592594,43.11798,-79.06053,2024-09-20T10:29:32.000000Z
2024,264.4371875,43.11798,-79.06053,2024-09-20T10:29:33.000000Z
2024,264.4371990740741,43.11799,-79.06053,2024-09-20T10:29:34.000000Z
2024,264.43721064814815,43.11799,-79.06053,2024-09-20T10:29:35.000000Z
2024,264.43722222222226,43.11799,-79.06053,2024-09-20T10:29:36.000000Z
2024,264.4372337962963,43.11799,-79.06053,2024-09-20T10:29:37.000000Z
2024,264.43724537037036,43.11799,-79.06054,2024-09-20T10:29:38.000000Z
2024,264.43725694444447,43.11799,-79.06054,2024-09-20T10:29:39.000000Z
2024,264.4372685185185,43.11798,-79.06053,2024-09-20T10:29:40.000000Z
2024,264.43728009259263,43.11797,-79.06053,2024-09-20T10:29:41.000000Z
2024,264.4372916666667,43.11797,-79.06053,2024-09-20T10:29:42.000000Z
2024,264.43730324074073,43.11797,-79.06054,2024-09-20T10:29:43.000000Z
2024,264.43731481481484,43.11796,-79.06054,2024-09-20T10:29:44.000000Z
2024,264.4373263888889,43.11796,-79.06054,2024-09-20T10:29:45.000000Z
2024,264.437337962963,43.11796,-79.06054,2024-09-20T10:29:46.000000Z
2024,264.4475462962963,43.11794,-79.06043,2024-09-20T10:44:28.000000Z
2024,264.4475578703704,43.11794,-79.06043,2024-09-20T10:44:29.000000Z
2024,264.44756944444447,43.11795,-79.06043,2024-09-20T10:44:30.000000Z
2024,264.4475810185185,43.11795,-79.06043,2024-09-20T10:44:31.000000Z
2024,264.4475925925926,43.11795,-79.06043,2024-09-20T10:44:32.000000Z
2024,264.4476041666667,43.11795,-79.06043,2024-09-20T10:44:33.000000Z
2024,264.4476157407408,43.11795,-79.06043,2024-09-20T10:44:34.000000Z
2024,264.44762731481484,43.11795,-79.06043,2024-09-20T10:44:35.000000Z
2024,264.44763888888895,43.11795,-79.06043,2024-09-20T10:44:36.000000Z
2024,264.447650462963,43.11795,-79.06043,2024-09-20T10:44:37.000000Z
2024,264.44766203703705,43.11795,-79.06043,2024-09-20T10:44:38.000000Z
2024,264.44767361111116,43.11795,-79.06043,2024-09-20T10:44:39.000000Z
2024,264.4476851851852,43.11795,-79.06044,2024-09-20T10:44:40.000000Z
2024,264.4476967592593,43.11795,-79.06044,2024-09-20T10:44:41.000000Z
2024,264.44770833333337,43.11795,-79.06044,2024-09-20T10:44:42.000000Z
2024,264.4477199074074,43.11794,-79.06044,2024-09-20T10:44:43.000000Z
2024,264.4477314814815,43.11794,-79.06044,2024-09-20T10:44:44.000000Z
2024,264.4477430555556,43.11794,-79.06045,2024-09-20T10:44:45.000000Z
2024,264.4477546296297,43.11793,-79.06045,2024-09-20T10:44:46.000000Z
2024,264.45796296296294,43.11799,-79.06046,2024-09-20T10:59:28.000000Z
2024,264.45797453703705,43.11798,-79.06046,2024-09-20T10:59:29.000000Z
2024,264.4579861111111,43.11798,-79.06046,2024-09-20T10:59:30.000000Z
2024,264.45799768518515,43.11797,-79.06046,2024-09-20T10:59:31.000000Z
2024,264.45800925925926,43.11796,-79.06046,2024-09-20T10:59:32.000000Z
2024,264.4580208333333,43.11796,-79.06047,2024-09-20T10:59:33.000000Z
2024,264.4580324074074,43.11795,-79.06047,2024-09-20T10:59:34.000000Z
2024,264.45804398148147,43.11795,-79.06047,2024-09-20T10:59:35.000000Z
2024,264.4580555555556,43.11794,-79.06047,2024-09-20T10:59:36.000000Z
2024,264.4580671296296,43.11793,-79.06048,2024-09-20T10:59:37.000000Z
2024,264.4580787037037,43.11793,-79.06047,2024-09-20T10:59:38.000000Z
2024,264.4580902777778,43.11792,-79.06047,2024-09-20T10:59:39.000000Z
2024,264.45810185185184,43.11795,-79.06049,2024-09-20T10:59:40.000000Z
2024,264.45811342592594,43.11796,-79.0605,2024-09-20T10:59:41.000000Z
2024,264.458125,43.11796,-79.06049,2024-09-20T10:59:42.000000Z
2024,264.45813657407405,43.11796,-79.06049,2024-09-20T10:59:43.000000Z
2024,264.45814814814815,43.11796,-79.06049,2024-09-20T10:59:44.000000Z
2024,264.4581597222222,43.11797,-79.06049,2024-09-20T10:59:45.000000Z
2024,264.4581712962963,43.11797,-79.06048,2024-09-20T10:59:46.000000Z
2024,264.46837962962957,43.11796,-79.06037,2024-09-20T11:14:28.000000Z
2024,264.4683912037037,43.11796,-79.06037,2024-09-20T11:14:29.000000Z
2024,264.4684027777777,43.11796,-79.06037,2024-09-20T11:14:30.000000Z
2024,264.4684143518518,43.11796,-79.06038,2024-09-20T11:14:31.000000Z
2024,264.4684259259259,43.11796,-79.06039,2024-09-20T11:14:32.000000Z
2024,264.46843749999994,43.11796,-79.06039,2024-09-20T11:14:33.000000Z
2024,264.46844907407404,43.11795,-79.0604,2024-09-20T11:14:34.000000Z
2024,264.4684606481481,43.11795,-79.0604,2024-09-20T11:14:35.000000Z
2024,264.4684722222222,43.11795,-79.0604,2024-09-20T11:14:36.000000Z
2024,264.46848379629625,43.11795,-79.0604,2024-09-20T11:14:37.000000Z
2024,264.4684953703703,43.11795,-79.0604,2024-09-20T11:14:38.000000Z
2024,264.4685069444444,43.11794,-79.0604,2024-09-20T11:14:39.000000Z
2024,264.46851851851847,43.11793,-79.06041,2024-09-20T11:14:40.000000Z
2024,264.4685300925926,43.11793,-79.0604,2024-09-20T11:14:41.000000Z
2024,264.4685416666666,43.11793,-79.0604,2024-09-20T11:14:42.000000Z
2024,264.4685532407407,43.11793,-79.0604,2024-09-20T11:14:43.000000Z
2024,264.4685648148148,43.11793,-79.0604,2024-09-20T11:14:44.000000Z
2024,264.46857638888883,43.11792,-79.0604,2024-09-20T11:14:45.000000Z
2024,264.46858796296294,43.11792,-79.0604,2024-09-20T11:14:46.000000Z
2024,264.4788541666666,43.1179,-79.06047,2024-09-20T11:29:33.000000Z
2024,264.47886574074073,43.1179,-79.06047,2024-09-20T11:29:34.000000Z
2024,264.4788773148148,43.1179,-79.06047,2024-09-20T11:29:35.000000Z
2024,264.4788888888889,43.1179,-79.06047,2024-09-20T11:29:36.000000Z
2024,264.47890046296294,43.1179,-79.06047,2024-09-20T11:29:37.000000Z
2024,264.478912037037,43.1179,-79.06047,2024-09-20T11:29:38.000000Z
2024,264.4789236111111,43.1179,-79.06047,2024-09-20T11:29:39.000000Z
2024,264.47893518518515,43.1179,-79.06047,2024-09-20T11:29:40.000000Z
2024,264.47894675925926,43.1179,-79.06047,2024-09-20T11:29:41.000000Z
2024,264.4789583333333,43.1179,-79.06047,2024-09-20T11:29:42.000000Z
2024,264.47896990740736,43.1179,-79.06047,2024-09-20T11:29:43.000000Z
2024,264.47898148148147,43.1179,-79.06047,2024-09-20T11:29:44.000000Z
2024,264.4789930555555,43.1179,-79.06047,2024-09-20T11:29:45.000000Z
2024,264.4790046296296,43.1179,-79.06047,2024-09-20T11:29:46.000000Z
2024,264.4790162037037,43.1179,-79.06047,2024-09-20T11:29:47.000000Z
2024,264.47902777777773,43.1179,-79.06047,2024-09-20T11:29:48.000000Z
2024,264.47903935185184,43.11791,-79.06047,2024-09-20T11:29:49.000000Z
2024,264.4790509259259,43.11791,-79.06047,2024-09-20T11:29:50.000000Z
2024,264.4790625,43.11791,-79.06048,2024-09-20T11:29:51.000000Z
2024,264.47907407407405,43.11791,-79.06048,2024-09-20T11:29:52.000000Z
2024,264.48921296296294,43.11795,-79.06048,2024-09-20T11:44:28.000000Z
2024,264.48922453703705,43.11795,-79.06049,2024-09-20T11:44:29.000000Z
2024,264.4892361111111,43.11796,-79.06048,2024-09-20T11:44:30.000000Z
2024,264.48924768518515,43.11795,-79.06048,2024-09-20T11:44:31.000000Z
2024,264.48925925925926,43.11795,-79.06049,2024-09-20T11:44:32.000000Z
2024,264.4892708333333,43.11796,-79.06049,2024-09-20T11:44:33.000000Z
2024,264.4892824074074,43.11796,-79.06048,2024-09-20T11:44:34.000000Z
2024,264.48929398148147,43.11796,-79.06048,2024-09-20T11:44:35.000000Z
2024,264.4893055555556,43.11796,-79.06048,2024-09-20T11:44:36.000000Z
2024,264.4893171296296,43.11796,-79.06048,2024-09-20T11:44:37.000000Z
2024,264.4893287037037,43.11796,-79.06048,2024-09-20T11:44:38.000000Z
2024,264.4893402777778,43.11796,-79.06048,2024-09-20T11:44:39.000000Z
2024,264.48935185185184,43.11796,-79.06047,2024-09-20T11:44:40.000000Z
2024,264.48936342592594,43.11796,-79.06047,2024-09-20T11:44:41.000000Z
2024,264.489375,43.11797,-79.06046,2024-09-20T11:44:42.000000Z
2024,264.48938657407405,43.11797,-79.06045,2024-09-20T11:44:43.000000Z
2024,264.48939814814815,43.11797,-79.06044,2024-09-20T11:44:44.000000Z
2024,264.4894097222222,43.11797,-79.06044,2024-09-20T11:44:45.000000Z
2024,264.4894212962963,43.11797,-79.06044,2024-09-20T11:44:46.000000Z
2024,264.49962962962957,43.118,-79.06046,2024-09-20T11:59:28.000000Z
2024,264.4996412037037,43.118,-79.06047,2024-09-20T11:59:29.000000Z
2024,264.4996527777777,43.118,-79.06047,2024-09-20T11:59:30.000000Z
2024,264.4996643518518,43.118,-79.06047,2024-09-20T11:59:31.000000Z
2024,264.4996759259259,43.118,-79.06047,2024-09-20T11:59:32.000000Z
2024,264.49968749999994,43.11799,-79.06048,2024-09-20T11:59:33.000000Z
2024,264.49969907407404,43.11798,-79.06048,2024-09-20T11:59:34.000000Z
2024,264.4997106481481,43.11798,-79.06048,2024-09-20T11:59:35.000000Z
2024,264.4997222222222,43.11798,-79.06049,2024-09-20T11:59:36.000000Z
2024,264.49973379629625,43.11798,-79.06049,2024-09-20T11:59:37.000000Z
2024,264.4997453703703,43.11798,-79.06049,2024-09-20T11:59:38.000000Z
2024,264.4997800925926,43.11798,-79.06048,2024-09-20T11:59:41.000000Z
2024,264.4997916666666,43.11798,-79.06048,2024-09-20T11:59:42.000000Z
2024,264.4998032407407,43.11798,-79.06048,2024-09-20T11:59:43.000000Z
2024,264.4998148148148,43.11798,-79.06047,2024-09-20T11:59:44.000000Z
2024,264.49982638888883,43.11798,-79.06047,2024-09-20T11:59:45.000000Z
2024,264.49983796296294,43.11798,-79.06047,2024-09-20T11:59:46.000000Z
2024,264.499849537037,43.11798,-79.06047,2024-09-20T11:59:47.000000Z
2024,264.49986111111104,43.11798,-79.06047,2024-09-20T11:59:48.000000Z
2024,264.49987268518515,43.11798,-79.06047,2024-09-20T11:59:49.000000Z
2024,264.51004629629625,43.11796,-79.06038,2024-09-20T12:14:28.000000Z
2024,264.51005787037036,43.11796,-79.06038,2024-09-20T12:14:29.000000Z
2024,264.5100694444444,43.11796,-79.06038,2024-09-20T12:14:30.000000Z
2024,264.51008101851846,43.11796,-79.06039,2024-09-20T12:14:31.000000Z
2024,264.51009259259257,43.11796,-79.06039,2024-09-20T12:14:32.000000Z
2024,264.5101041666666,43.11795,-79.06039,2024-09-20T12:14:33.000000Z
2024,264.51011574074073,43.11795,-79.06039,2024-09-20T12:14:34.000000Z
2024,264.5101273148148,43.11795,-79.06039,2024-09-20T12:14:35.000000Z
2024,264.5101388888889,43.11795,-79.06039,2024-09-20T12:14:36.000000Z
2024,264.51015046296294,43.11795,-79.06039,2024-09-20T12:14:37.000000Z
2024,264.510162037037,43.11796,-79.06039,2024-09-20T12:14:38.000000Z
2024,264.5101736111111,43.11796,-79.06039,2024-09-20T12:14:39.000000Z
2024,264.51018518518515,43.11796,-79.06039,2024-09-20T12:14:40.000000Z
2024,264.51019675925926,43.11796,-79.06039,2024-09-20T12:14:41.000000Z
2024,264.5102083333333,43.11796,-79.06039,2024-09-20T12:14:42.000000Z
2024,264.51021990740736,43.11796,-79.06039,2024-09-20T12:14:43.000000Z
2024,264.51023148148147,43.11796,-79.06039,2024-09-20T12:14:44.000000Z
2024,264.5102430555555,43.11796,-79.06039,2024-09-20T12:14:45.000000Z
2024,264.5102546296296,43.11796,-79.06039,2024-09-20T12:14:46.000000Z
2024,264.52046296296294,43.11794,-79.06048,2024-09-20T12:29:28.000000Z
2024,264.52047453703705,43.11794,-79.06049,2024-09-20T12:29:29.000000Z
2024,264.5204861111111,43.11794,-79.06049,2024-09-20T12:29:30.000000Z
2024,264.52049768518515,43.11794,-79.06049,2024-09-20T12:29:31.000000Z
2024,264.52050925925926,43.11794,-79.06049,2024-09-20T12:29:32.000000Z
2024,264.5205208333333,43.11794,-79.06049,2024-09-20T12:29:33.000000Z
2024,264.5205324074074,43.11794,-79.06049,2024-09-20T12:29:34.000000Z
2024,264.52054398148147,43.11794,-79.06049,2024-09-20T12:29:35.000000Z
2024,264.5205555555556,43.11794,-79.06048,2024-09-20T12:29:36.000000Z
2024,264.5205671296296,43.11795,-79.06049,2024-09-20T12:29:37.000000Z
2024,264.5205787037037,43.11795,-79.06049,2024-09-20T12:29:38.000000Z
2024,264.5205902777778,43.11795,-79.06049,2024-09-20T12:29:39.000000Z
2024,264.52060185185184,43.11795,-79.06048,2024-09-20T12:29:40.000000Z
2024,264.52061342592594,43.11795,-79.06048,2024-09-20T12:29:41.000000Z
2024,264.520625,43.11795,-79.06048,2024-09-20T12:29:42.000000Z
2024,264.52063657407405,43.11795,-79.06048,2024-09-20T12:29:43.000000Z
2024,264.52064814814815,43.11795,-79.06048,2024-09-20T12:29:44.000000Z
2024,264.5206597222222,43.11795,-79.06048,2024-09-20T12:29:45.000000Z
2024,264.5206712962963,43.11795,-79.06048,2024-09-20T12:29:46.000000Z
2024,264.5308796296296,43.11798,-79.0604,2024-09-20T12:44:28.000000Z
2024,264.53089120370373,43.11798,-79.0604,2024-09-20T12:44:29.000000Z
2024,264.5309027777778,43.11798,-79.0604,2024-09-20T12:44:30.000000Z
2024,264.53091435185183,43.11798,-79.06039,2024-09-20T12:44:31.000000Z
2024,264.53092592592594,43.11798,-79.06039,2024-09-20T12:44:32.000000Z
2024,264.5309375,43.11798,-79.06039,2024-09-20T12:44:33.000000Z
2024,264.5309490740741,43.11798,-79.06039,2024-09-20T12:44:34.000000Z
2024,264.53096064814815,43.11798,-79.06039,2024-09-20T12:44:35.000000Z
2024,264.53097222222226,43.11798,-79.06039,2024-09-20T12:44:36.000000Z
2024,264.5309837962963,43.11798,-79.0604,2024-09-20T12:44:37.000000Z
2024,264.53099537037036,43.11798,-79.0604,2024-09-20T12:44:38.000000Z
2024,264.53100694444447,43.11797,-79.0604,2024-09-20T12:44:39.000000Z
2024,264.5310185185185,43.11797,-79.0604,2024-09-20T12:44:40.000000Z
2024,264.53103009259263,43.11797,-79.0604,2024-09-20T12:44:41.000000Z
2024,264.5310416666667,43.11797,-79.0604,2024-09-20T12:44:42.000000Z
2024,264.53105324074073,43.11796,-79.06041,2024-09-20T12:44:43.000000Z
2024,264.53106481481484,43.11796,-79.06041,2024-09-20T12:44:44.000000Z
2024,264.5310763888889,43.11796,-79.06041,2024-09-20T12:44:45.000000Z
2024,264.531087962963,43.11796,-79.06042,2024-09-20T12:44:46.000000Z
2024,264.54129629629625,43.11793,-79.06038,2024-09-20T12:59:28.000000Z
2024,264.54130787037036,43.11794,-79.06038,2024-09-20T12:59:29.000000Z
2024,264.5413194444444,43.11795,-79.06039,2024-09-20T12:59:30.000000Z
2024,264.54133101851846,43.11795,-79.06039,2024-09-20T12:59:31.000000Z
2024,264.54134259259257,43.11795,-79.06039,2024-09-20T12:59:32.000000Z
2024,264.5413541666666,43.11795,-79.0604,2024-09-20T12:59:33.000000Z
2024,264.54136574074073,43.11796,-79.0604,2024-09-20T12:59:34.000000Z
2024,264.5413773148148,43.11796,-79.06041,2024-09-20T12:59:35.000000Z
2024,264.5413888888889,43.11797,-79.06041,2024-09-20T12:59:36.000000Z
2024,264.54140046296294,43.11797,-79.06042,2024-09-20T12:59:37.000000Z
2024,264.541412037037,43.11797,-79.06042,2024-09-20T12:59:38.000000Z
2024,264.5414236111111,43.11797,-79.06043,2024-09-20T12:59:39.000000Z
2024,264.54143518518515,43.11798,-79.06044,2024-09-20T12:59:40.000000Z
2024,264.54144675925926,43.11798,-79.06044,2024-09-20T12:59:41.000000Z
2024,264.5414583333333,43.11799,-79.06044,2024-09-20T12:59:42.000000Z
2024,264.54146990740736,43.11799,-79.06044,2024-09-20T12:59:43.000000Z
2024,264.54148148148147,43.11799,-79.06045,2024-09-20T12:59:44.000000Z
2024,264.5414930555555,43.11799,-79.06045,2024-09-20T12:59:45.000000Z
2024,264.5415046296296,43.118,-79.06046,2024-09-20T12:59:46.000000Z
2024,264.55171296296294,43.11798,-79.06061,2024-09-20T13:14:28.000000Z
2024,264.55172453703705,43.11798,-79.0606,2024-09-20T13:14:29.000000Z
2024,264.5517361111111,43.11798,-79.0606,2024-09-20T13:14:30.000000Z
2024,264.55174768518515,43.11798,-79.0606,2024-09-20T13:14:31.000000Z
2024,264.55175925925926,43.11798,-79.0606,2024-09-20T13:14:32.000000Z
2024,264.5517708333333,43.118,-79.06056,2024-09-20T13:14:33.000000Z
2024,264.5517824074074,43.118,-79.06056,2024-09-20T13:14:34.000000Z
2024,264.55179398148147,43.118,-79.06056,2024-09-20T13:14:35.000000Z
2024,264.5518055555556,43.11799,-79.06055,2024-09-20T13:14:36.000000Z
2024,264.5518171296296,43.11799,-79.06055,2024-09-20T13:14:37.000000Z
2024,264.5518287037037,43.11798,-79.06055,2024-09-20T13:14:38.000000Z
2024,264.5518402777778,43.11798,-79.06054,2024-09-20T13:14:39.000000Z
2024,264.55185185185184,43.11798,-79.06054,2024-09-20T13:14:40.000000Z
2024,264.55186342592594,43.11798,-79.06053,2024-09-20T13:14:41.000000Z
2024,264.551875,43.11798,-79.06053,2024-09-20T13:14:42.000000Z
2024,264.55188657407405,43.11798,-79.06053,2024-09-20T13:14:43.000000Z
2024,264.55189814814815,43.11798,-79.06053,2024-09-20T13:14:44.000000Z
2024,264.5519097222222,43.11797,-79.06053,2024-09-20T13:14:45.000000Z
2024,264.5519212962963,43.11797,-79.06052,2024-09-20T13:14:46.000000Z
2024,264.5621296296296,43.11798,-79.06055,2024-09-20T13:29:28.000000Z
2024,264.56214120370373,43.11798,-79.06056,2024-09-20T13:29:29.000000Z
2024,264.5621527777778,43.11798,-79.06056,2024-09-20T13:29:30.000000Z
2024,264.56216435185183,43.11798,-79.06056,2024-09-20T13:29:31.000000Z
2024,264.56217592592594,43.11798,-79.06056,2024-09-20T13:29:32.000000Z
2024,264.5621875,43.11798,-79.06056,2024-09-20T13:29:33.000000Z
2024,264.5621990740741,43.11798,-79.06056,2024-09-20T13:29:34.000000Z
2024,264.56221064814815,43.11798,-79.06056,2024-09-20T13:29:35.000000Z
2024,264.56222222222226,43.11797,-79.06055,2024-09-20T13:29:36.000000Z
2024,264.5622337962963,43.11797,-79.06055,2024-09-20T13:29:37.000000Z
2024,264.56224537037036,43.11797,-79.06055,2024-09-20T13:29:38.000000Z
2024,264.56225694444447,43.11797,-79.06055,2024-09-20T13:29:39.000000Z
2024,264.5622685185185,43.11797,-79.06054,2024-09-20T13:29:40.000000Z
2024,264.56228009259263,43.11796,-79.06054,2024-09-20T13:29:41.000000Z
2024,264.5622916666667,43.11797,-79.06054,2024-09-20T13:29:42.000000Z
2024,264.56230324074073,43.11797,-79.06054,2024-09-20T13:29:43.000000Z
2024,264.56231481481484,43.11797,-79.06054,2024-09-20T13:29:44.000000Z
2024,264.5623263888889,43.11797,-79.06054,2024-09-20T13:29:45.000000Z
2024,264.562337962963,43.11797,-79.06053,2024-09-20T13:29:46.000000Z
2024,264.5725462962963,43.11792,-79.06056,2024-09-20T13:44:28.000000Z
2024,264.5725578703704,43.11792,-79.06056,2024-09-20T13:44:29.000000Z
2024,264.57256944444447,43.11793,-79.06056,2024-09-20T13:44:30.000000Z
2024,264.5725810185185,43.11793,-79.06053,2024-09-20T13:44:31.000000Z
2024,264.5725925925926,43.11794,-79.06053,2024-09-20T13:44:32.000000Z
2024,264.5726041666667,43.11794,-79.06052,2024-09-20T13:44:33.000000Z
2024,264.5726157407408,43.11795,-79.06051,2024-09-20T13:44:34.000000Z
2024,264.57262731481484,43.11795,-79.06051,2024-09-20T13:44:35.000000Z
2024,264.57263888888895,43.11795,-79.06051,2024-09-20T13:44:36.000000Z
2024,264.572650462963,43.11795,-79.0605,2024-09-20T13:44:37.000000Z
2024,264.57266203703705,43.11795,-79.0605,2024-09-20T13:44:38.000000Z
2024,264.57267361111116,43.11795,-79.06051,2024-09-20T13:44:39.000000Z
2024,264.5726851851852,43.11795,-79.0605,2024-09-20T13:44:40.000000Z
2024,264.5726967592593,43.11795,-79.0605,2024-09-20T13:44:41.000000Z
2024,264.57270833333337,43.11795,-79.0605,2024-09-20T13:44:42.000000Z
2024,264.5727199074074,43.11795,-79.0605,2024-09-20T13:44:43.000000Z
2024,264.5727314814815,43.11795,-79.0605,2024-09-20T13:44:44.000000Z
2024,264.5727430555556,43.11795,-79.0605,2024-09-20T13:44:45.000000Z
2024,264.5727546296297,43.11795,-79.0605,2024-09-20T13:44:46.000000Z
2024,264.58296296296294,43.11806,-79.0605,2024-09-20T13:59:28.000000Z
2024,264.58297453703705,43.11806,-79.0605,2024-09-20T13:59:29.000000Z
2024,264.5829861111111,43.11806,-79.0605,2024-09-20T13:59:30.000000Z
2024,264.58299768518515,43.11806,-79.0605,2024-09-20T13:59:31.000000Z
2024,264.58300925925926,43.11806,-79.06051,2024-09-20T13:59:32.000000Z
2024,264.5830208333333,43.11806,-79.06051,2024-09-20T13:59:33.000000Z
2024,264.5830324074074,43.11806,-79.06051,2024-09-20T13:59:34.000000Z
2024,264.58304398148147,43.11806,-79.06051,2024-09-20T13:59:35.000000Z
2024,264.5830555555556,43.11806,-79.06051,2024-09-20T13:59:36.000000Z
2024,264.5830671296296,43.11806,-79.06052,2024-09-20T13:59:37.000000Z
2024,264.5830787037037,43.11806,-79.06052,2024-09-20T13:59:38.000000Z
2024,264.5830902777778,43.11806,-79.06051,2024-09-20T13:59:39.000000Z
2024,264.58310185185184,43.11804,-79.0605,2024-09-20T13:59:40.000000Z
2024,264.58311342592594,43.11803,-79.0605,2024-09-20T13:59:41.000000Z
2024,264.583125,43.11802,-79.06049,2024-09-20T13:59:42.000000Z
2024,264.58313657407405,43.11801,-79.06048,2024-09-20T13:59:43.000000Z
2024,264.58314814814815,43.118,-79.06047,2024-09-20T13:59:44.000000Z
2024,264.5831597222222,43.118,-79.06047,2024-09-20T13:59:45.000000Z
2024,264.5831712962963,43.118,-79.06047,2024-09-20T13:59:46.000000Z
2024,264.5933912037037,43.11808,-79.06066,2024-09-20T14:14:29.000000Z
2024,264.5934027777777,43.11808,-79.06066,2024-09-20T14:14:30.000000Z
2024,264.5934143518518,43.11808,-79.06066,2024-09-20T14:14:31.000000Z
2024,264.5934259259259,43.11807,-79.06065,2024-09-20T14:14:32.000000Z
2024,264.59343749999994,43.11806,-79.06063,2024-09-20T14:14:33.000000Z
2024,264.59344907407404,43.11805,-79.06063,2024-09-20T14:14:34.000000Z
2024,264.5934606481481,43.11804,-79.06062,2024-09-20T14:14:35.000000Z
2024,264.5934722222222,43.11804,-79.06061,2024-09-20T14:14:36.000000Z
2024,264.59348379629625,43.11803,-79.0606,2024-09-20T14:14:37.000000Z
2024,264.5934953703703,43.11803,-79.0606,2024-09-20T14:14:38.000000Z
2024,264.5935069444444,43.11802,-79.06059,2024-09-20T14:14:39.000000Z
2024,264.59351851851847,43.11801,-79.06058,2024-09-20T14:14:40.000000Z
2024,264.5935300925926,43.118,-79.06056,2024-09-20T14:14:41.000000Z
2024,264.5935416666666,43.11798,-79.06056,2024-09-20T14:14:42.000000Z
2024,264.5935532407407,43.11798,-79.06055,2024-09-20T14:14:43.000000Z
2024,264.5935648148148,43.11797,-79.06054,2024-09-20T14:14:44.000000Z
2024,264.59357638888883,43.11797,-79.06053,2024-09-20T14:14:45.000000Z
2024,264.59358796296294,43.11796,-79.06053,2024-09-20T14:14:46.000000Z
2024,264.593599537037,43.11795,-79.06051,2024-09-20T14:14:47.000000Z
2024,264.59361111111104,43.11795,-79.0605,2024-09-20T14:14:48.000000Z
2024,264.6037847222222,43.11787,-79.06039,2024-09-20T14:29:27.000000Z
2024,264.60379629629625,43.11787,-79.0604,2024-09-20T14:29:28.000000Z
2024,264.60380787037036,43.11787,-79.06042,2024-09-20T14:29:29.000000Z
2024,264.6038194444444,43.11787,-79.06043,2024-09-20T14:29:30.000000Z
2024,264.60383101851846,43.11788,-79.06044,2024-09-20T14:29:31.000000Z
2024,264.60384259259257,43.11788,-79.06044,2024-09-20T14:29:32.000000Z
2024,264.6038541666666,43.11788,-79.06045,2024-09-20T14:29:33.000000Z
2024,264.60386574074073,43.11788,-79.06047,2024-09-20T14:29:34.000000Z
2024,264.6038773148148,43.11788,-79.06047,2024-09-20T14:29:35.000000Z
2024,264.6038888888889,43.11788,-79.06048,2024-09-20T14:29:36.000000Z
2024,264.60390046296294,43.11788,-79.06048,2024-09-20T14:29:37.000000Z
2024,264.603912037037,43.11788,-79.06049,2024-09-20T14:29:38.000000Z
2024,264.6039236111111,43.11789,-79.06047,2024-09-20T14:29:39.000000Z
2024,264.60393518518515,43.1179,-79.06047,2024-09-20T14:29:40.000000Z
2024,264.60394675925926,43.1179,-79.06048,2024-09-20T14:29:41.000000Z
2024,264.6039583333333,43.1179,-79.06048,2024-09-20T14:29:42.000000Z
2024,264.60396990740736,43.11791,-79.06048,2024-09-20T14:29:43.000000Z
2024,264.60398148148147,43.11791,-79.06049,2024-09-20T14:29:44.000000Z
2024,264.6039930555555,43.11791,-79.06049,2024-09-20T14:29:45.000000Z
2024,264.6040046296296,43.11791,-79.06049,2024-09-20T14:29:46.000000Z
2024,264.6142013888889,43.11775,-79.0606,2024-09-20T14:44:27.000000Z
2024,264.61421296296294,43.11779,-79.06056,2024-09-20T14:44:28.000000Z
2024,264.61422453703705,43.11781,-79.06055,2024-09-20T14:44:29.000000Z
2024,264.6142361111111,43.1178,-79.06056,2024-09-20T14:44:30.000000Z
2024,264.61424768518515,43.1178,-79.06057,2024-09-20T14:44:31.000000Z
2024,264.61425925925926,43.11781,-79.06057,2024-09-20T14:44:32.000000Z
2024,264.6142708333333,43.11782,-79.06057,2024-09-20T14:44:33.000000Z
2024,264.6142824074074,43.11782,-79.06057,2024-09-20T14:44:34.000000Z
2024,264.61429398148147,43.11783,-79.06056,2024-09-20T14:44:35.000000Z
2024,264.6143055555556,43.11783,-79.06056,2024-09-20T14:44:36.000000Z
2024,264.6143171296296,43.11783,-79.06056,2024-09-20T14:44:37.000000Z
2024,264.6143287037037,43.11784,-79.06056,2024-09-20T14:44:38.000000Z
2024,264.6143402777778,43.11784,-79.06055,2024-09-20T14:44:39.000000Z
2024,264.61435185185184,43.11784,-79.06055,2024-09-20T14:44:40.000000Z
2024,264.61436342592594,43.11785,-79.06054,2024-09-20T14:44:41.000000Z
2024,264.614375,43.11785,-79.06053,2024-09-20T14:44:42.000000Z
2024,264.61438657407405,43.11785,-79.06053,2024-09-20T14:44:43.000000Z
2024,264.61439814814815,43.11785,-79.06053,2024-09-20T14:44:44.000000Z
2024,264.6144097222222,43.11785,-79.06052,2024-09-20T14:44:45.000000Z
2024,264.6144212962963,43.11785,-79.06052,2024-09-20T14:44:46.000000Z
2024,264.6246180555555,43.11792,-79.06047,2024-09-20T14:59:27.000000Z
2024,264.62462962962957,43.11791,-79.06049,2024-09-20T14:59:28.000000Z
2024,264.6246412037037,43.1179,-79.0605,2024-09-20T14:59:29.000000Z
2024,264.6246527777777,43.11789,-79.06051,2024-09-20T14:59:30.000000Z
2024,264.6246643518518,43.11789,-79.06052,2024-09-20T14:59:31.000000Z
2024,264.6246759259259,43.11788,-79.06052,2024-09-20T14:59:32.000000Z
2024,264.62468749999994,43.11788,-79.06052,2024-09-20T14:59:33.000000Z
2024,264.62469907407404,43.11788,-79.06051,2024-09-20T14:59:34.000000Z
2024,264.6247106481481,43.11789,-79.06051,2024-09-20T14:59:35.000000Z
2024,264.6247222222222,43.11789,-79.06051,2024-09-20T14:59:36.000000Z
2024,264.62473379629625,43.11789,-79.06051,2024-09-20T14:59:37.000000Z
2024,264.6247453703703,43.11789,-79.06051,2024-09-20T14:59:38.000000Z
2024,264.6247569444444,43.11789,-79.06051,2024-09-20T14:59:39.000000Z
2024,264.62476851851847,43.11789,-79.06051,2024-09-20T14:59:40.000000Z
2024,264.6247800925926,43.11789,-79.06051,2024-09-20T14:59:41.000000Z
2024,264.6247916666666,43.11789,-79.06051,2024-09-20T14:59:42.000000Z
2024,264.6248032407407,43.11789,-79.06051,2024-09-20T14:59:43.000000Z
2024,264.6248148148148,43.11789,-79.06051,2024-09-20T14:59:44.000000Z
2024,264.62482638888883,43.11789,-79.06051,2024-09-20T14:59:45.000000Z
2024,264.62483796296294,43.11789,-79.06051,2024-09-20T14:59:46.000000Z
2024,264.6350347222222,43.11781,-79.06055,2024-09-20T15:14:27.000000Z
2024,264.63504629629625,43.1178,-79.06055,2024-09-20T15:14:28.000000Z
2024,264.63505787037036,43.11781,-79.06054,2024-09-20T15:14:29.000000Z
2024,264.6350694444444,43.11781,-79.06053,2024-09-20T15:14:30.000000Z
2024,264.63508101851846,43.11781,-79.06053,2024-09-20T15:14:31.000000Z
2024,264.63509259259257,43.1178,-79.06053,2024-09-20T15:14:32.000000Z
2024,264.6351041666666,43.1178,-79.06053,2024-09-20T15:14:33.000000Z
2024,264.63511574074073,43.1178,-79.06053,2024-09-20T15:14:34.000000Z
2024,264.6351273148148,43.1178,-79.06052,2024-09-20T15:14:35.000000Z
2024,264.6351388888889,43.11779,-79.06052,2024-09-20T15:14:36.000000Z
2024,264.63515046296294,43.11779,-79.06052,2024-09-20T15:14:37.000000Z
2024,264.635162037037,43.11779,-79.06052,2024-09-20T15:14:38.000000Z
2024,264.6351736111111,43.11779,-79.06052,2024-09-20T15:14:39.000000Z
2024,264.63518518518515,43.11781,-79.06048,2024-09-20T15:14:40.000000Z
2024,264.63519675925926,43.11782,-79.06046,2024-09-20T15:14:41.000000Z
2024,264.6352083333333,43.11783,-79.06045,2024-09-20T15:14:42.000000Z
2024,264.63521990740736,43.11783,-79.06044,2024-09-20T15:14:43.000000Z
2024,264.63523148148147,43.11784,-79.06044,2024-09-20T15:14:44.000000Z
2024,264.6352430555555,43.11785,-79.06044,2024-09-20T15:14:45.000000Z
2024,264.6352546296296,43.11785,-79.06043,2024-09-20T15:14:46.000000Z
2024,264.6454513888889,43.11783,-79.06017,2024-09-20T15:29:27.000000Z
2024,264.64546296296294,43.11783,-79.06018,2024-09-20T15:29:28.000000Z
2024,264.64547453703705,43.11783,-79.06017,2024-09-20T15:29:29.000000Z
2024,264.6454861111111,43.11783,-79.06017,2024-09-20T15:29:30.000000Z
2024,264.64549768518515,43.11783,-79.06016,2024-09-20T15:29:31.000000Z
2024,264.64550925925926,43.11783,-79.06016,2024-09-20T15:29:32.000000Z
2024,264.6455208333333,43.11784,-79.06016,2024-09-20T15:29:33.000000Z
2024,264.6455324074074,43.11784,-79.06017,2024-09-20T15:29:34.000000Z
2024,264.64554398148147,43.11785,-79.06017,2024-09-20T15:29:35.000000Z
2024,264.6455555555556,43.11785,-79.06018,2024-09-20T15:29:36.000000Z
2024,264.6455671296296,43.11785,-79.06018,2024-09-20T15:29:37.000000Z
2024,264.6455787037037,43.11786,-79.06019,2024-09-20T15:29:38.000000Z
2024,264.6455902777778,43.11787,-79.06021,2024-09-20T15:29:39.000000Z
2024,264.64560185185184,43.11787,-79.06024,2024-09-20T15:29:40.000000Z
2024,264.64561342592594,43.11787,-79.06027,2024-09-20T15:29:41.000000Z
2024,264.645625,43.11788,-79.06029,2024-09-20T15:29:42.000000Z
2024,264.64563657407405,43.11788,-79.06031,2024-09-20T15:29:43.000000Z
2024,264.64564814814815,43.11788,-79.06032,2024-09-20T15:29:44.000000Z
2024,264.6456597222222,43.11788,-79.06033,2024-09-20T15:29:45.000000Z
2024,264.6456712962963,43.11788,-79.06034,2024-09-20T15:29:46.000000Z
2024,264.6558680555556,43.118,-79.06047,2024-09-20T15:44:27.000000Z
2024,264.6558796296296,43.11799,-79.06048,2024-09-20T15:44:28.000000Z
2024,264.65589120370373,43.11798,-79.06047,2024-09-20T15:44:29.000000Z
2024,264.6559027777778,43.11798,-79.06047,2024-09-20T15:44:30.000000Z
2024,264.65591435185183,43.11797,-79.06047,2024-09-20T15:44:31.000000Z
2024,264.65592592592594,43.11797,-79.06046,2024-09-20T15:44:32.000000Z
2024,264.6559375,43.11795,-79.06044,2024-09-20T15:44:33.000000Z
2024,264.6559490740741,43.11795,-79.06043,2024-09-20T15:44:34.000000Z
2024,264.65596064814815,43.11794,-79.06043,2024-09-20T15:44:35.000000Z
2024,264.65597222222226,43.11794,-79.06043,2024-09-20T15:44:36.000000Z
2024,264.6559837962963,43.11793,-79.06042,2024-09-20T15:44:37.000000Z
2024,264.65599537037036,43.11793,-79.06041,2024-09-20T15:44:38.000000Z
2024,264.65600694444447,43.11793,-79.0604,2024-09-20T15:44:39.000000Z
2024,264.6560185185185,43.11792,-79.0604,2024-09-20T15:44:40.000000Z
2024,264.65603009259263,43.11791,-79.0604,2024-09-20T15:44:41.000000Z
2024,264.6560416666667,43.11792,-79.0604,2024-09-20T15:44:42.000000Z
2024,264.65605324074073,43.11792,-79.0604,2024-09-20T15:44:43.000000Z
2024,264.65606481481484,43.11792,-79.0604,2024-09-20T15:44:44.000000Z
2024,264.6560763888889,43.11792,-79.0604,2024-09-20T15:44:45.000000Z
2024,264.656087962963,43.11792,-79.0604,2024-09-20T15:44:46.000000Z
2024,264.6662847222222,43.11796,-79.06028,2024-09-20T15:59:27.000000Z
2024,264.66629629629625,43.11796,-79.0603,2024-09-20T15:59:28.000000Z
2024,264.66630787037036,43.11795,-79.06031,2024-09-20T15:59:29.000000Z
2024,264.6663194444444,43.11795,-79.06032,2024-09-20T15:59:30.000000Z
2024,264.66633101851846,43.11795,-79.06034,2024-09-20T15:59:31.000000Z
2024,264.66634259259257,43.11796,-79.06036,2024-09-20T15:59:32.000000Z
2024,264.6663541666666,43.11796,-79.06037,2024-09-20T15:59:33.000000Z
2024,264.66636574074073,43.11797,-79.06039,2024-09-20T15:59:34.000000Z
2024,264.6663773148148,43.11797,-79.0604,2024-09-20T15:59:35.000000Z
2024,264.6663888888889,43.11797,-79.06041,2024-09-20T15:59:36.000000Z
2024,264.66640046296294,43.11798,-79.06041,2024-09-20T15:59:37.000000Z
2024,264.666412037037,43.11798,-79.06042,2024-09-20T15:59:38.000000Z
2024,264.6664236111111,43.11798,-79.06043,2024-09-20T15:59:39.000000Z
2024,264.66643518518515,43.11798,-79.06041,2024-09-20T15:59:40.000000Z
2024,264.66644675925926,43.11798,-79.06041,2024-09-20T15:59:41.000000Z
2024,264.6664583333333,43.11798,-79.0604,2024-09-20T15:59:42.000000Z
2024,264.66646990740736,43.11798,-79.0604,2024-09-20T15:59:43.000000Z
2024,264.66648148148147,43.11798,-79.0604,2024-09-20T15:59:44.000000Z
2024,264.6664930555555,43.11798,-79.06041,2024-09-20T15:59:45.000000Z
2024,264.6665046296296,43.11799,-79.06042,2024-09-20T15:59:46.000000Z
2024,264.6767013888889,43.11795,-79.06032,2024-09-20T16:14:27.000000Z
2024,264.67671296296294,43.11795,-79.06032,2024-09-20T16:14:28.000000Z
2024,264.67672453703705,43.11795,-79.06033,2024-09-20T16:14:29.000000Z
2024,264.6767361111111,43.11795,-79.06034,2024-09-20T16:14:30.000000Z
2024,264.67674768518515,43.11795,-79.06034,2024-09-20T16:14:31.000000Z
2024,264.67675925925926,43.11795,-79.06034,2024-09-20T16:14:32.000000Z
2024,264.6767708333333,43.11793,-79.06036,2024-09-20T16:14:33.000000Z
2024,264.6767824074074,43.11793,-79.06037,2024-09-20T16:14:34.000000Z
2024,264.67679398148147,43.11794,-79.06037,2024-09-20T16:14:35.000000Z
2024,264.6768055555556,43.11795,-79.06038,2024-09-20T16:14:36.000000Z
2024,264.6768171296296,43.11795,-79.06039,2024-09-20T16:14:37.000000Z
2024,264.6768287037037,43.11795,-79.06039,2024-09-20T16:14:38.000000Z
2024,264.6768402777778,43.11796,-79.06039,2024-09-20T16:14:39.000000Z
2024,264.67685185185184,43.11796,-79.0604,2024-09-20T16:14:40.000000Z
2024,264.67686342592594,43.11796,-79.0604,2024-09-20T16:14:41.000000Z
2024,264.676875,43.11796,-79.0604,2024-09-20T16:14:42.000000Z
2024,264.67688657407405,43.11796,-79.0604,2024-09-20T16:14:43.000000Z
2024,264.67689814814815,43.11796,-79.0604,2024-09-20T16:14:44.000000Z
2024,264.6769097222222,43.11796,-79.0604,2024-09-20T16:14:45.000000Z
2024,264.6769212962963,43.11796,-79.0604,2024-09-20T16:14:46.000000Z
2024,264.6871180555556,43.11788,-79.06037,2024-09-20T16:29:27.000000Z
2024,264.6871296296296,43.11789,-79.06036,2024-09-20T16:29:28.000000Z
2024,264.68714120370373,43.11789,-79.06036,2024-09-20T16:29:29.000000Z
2024,264.6871527777778,43.11789,-79.06035,2024-09-20T16:29:30.000000Z
2024,264.68716435185183,43.11789,-79.06034,2024-09-20T16:29:31.000000Z
2024,264.68717592592594,43.11789,-79.06034,2024-09-20T16:29:32.000000Z
2024,264.6871875,43.11789,-79.06034,2024-09-20T16:29:33.000000Z
2024,264.6871990740741,43.11789,-79.06034,2024-09-20T16:29:34.000000Z
2024,264.68721064814815,43.11789,-79.06034,2024-09-20T16:29:35.000000Z
2024,264.68722222222226,43.11789,-79.06034,2024-09-20T16:29:36.000000Z
2024,264.6872337962963,43.11789,-79.06034,2024-09-20T16:29:37.000000Z
2024,264.68724537037036,43.11789,-79.06034,2024-09-20T16:29:38.000000Z
2024,264.68725694444447,43.11789,-79.06034,2024-09-20T16:29:39.000000Z
2024,264.6872685185185,43.11789,-79.06034,2024-09-20T16:29:40.000000Z
2024,264.68728009259263,43.11789,-79.06034,2024-09-20T16:29:41.000000Z
2024,264.6872916666667,43.11789,-79.06034,2024-09-20T16:29:42.000000Z
2024,264.68730324074073,43.11789,-79.06034,2024-09-20T16:29:43.000000Z
2024,264.68731481481484,43.11789,-79.06034,2024-09-20T16:29:44.000000Z
2024,264.6873263888889,43.11789,-79.06034,2024-09-20T16:29:45.000000Z
2024,264.687337962963,43.11789,-79.06034,2024-09-20T16:29:46.000000Z
2024,264.69753472222226,43.11836,-79.06049,2024-09-20T16:44:27.000000Z
2024,264.6975462962963,43.11835,-79.06048,2024-09-20T16:44:28.000000Z
2024,264.6975578703704,43.11836,-79.06049,2024-09-20T16:44:29.000000Z
2024,264.69756944444447,43.11833,-79.0605,2024-09-20T16:44:30.000000Z
2024,264.6975810185185,43.11832,-79.06049,2024-09-20T16:44:31.000000Z
2024,264.6975925925926,43.1183,-79.06049,2024-09-20T16:44:32.000000Z
2024,264.6976041666667,43.11829,-79.06049,2024-09-20T16:44:33.000000Z
2024,264.6976157407408,43.11825,-79.06047,2024-09-20T16:44:34.000000Z
2024,264.69762731481484,43.11823,-79.06047,2024-09-20T16:44:35.000000Z
2024,264.69763888888895,43.1182,-79.06045,2024-09-20T16:44:36.000000Z
2024,264.697650462963,43.1182,-79.06044,2024-09-20T16:44:37.000000Z
2024,264.69766203703705,43.11815,-79.06044,2024-09-20T16:44:38.000000Z
2024,264.69767361111116,43.11813,-79.06043,2024-09-20T16:44:39.000000Z
2024,264.6976851851852,43.11811,-79.06043,2024-09-20T16:44:40.000000Z
2024,264.6976967592593,43.11809,-79.06042,2024-09-20T16:44:41.000000Z
2024,264.69770833333337,43.11808,-79.06042,2024-09-20T16:44:42.000000Z
2024,264.6977199074074,43.11807,-79.06041,2024-09-20T16:44:43.000000Z
2024,264.6977314814815,43.11806,-79.0604,2024-09-20T16:44:44.000000Z
2024,264.6977430555556,43.11806,-79.0604,2024-09-20T16:44:45.000000Z
2024,264.6977546296297,43.11806,-79.0604,2024-09-20T16:44:46.000000Z
2024,264.7079513888889,43.11773,-79.06052,2024-09-20T16:59:27.000000Z
2024,264.70796296296294,43.11774,-79.06052,2024-09-20T16:59:28.000000Z
2024,264.70797453703705,43.11774,-79.0605,2024-09-20T16:59:29.000000Z
2024,264.7079861111111,43.11774,-79.06049,2024-09-20T16:59:30.000000Z
2024,264.70799768518515,43.11774,-79.06048,2024-09-20T16:59:31.000000Z
2024,264.70800925925926,43.11774,-79.06048,2024-09-20T16:59:32.000000Z
2024,264.7080208333333,43.11774,-79.06048,2024-09-20T16:59:33.000000Z
2024,264.7080324074074,43.11774,-79.06048,2024-09-20T16:59:34.000000Z
2024,264.70804398148147,43.11774,-79.06047,2024-09-20T16:59:35.000000Z
2024,264.7080555555556,43.11774,-79.06047,2024-09-20T16:59:36.000000Z
2024,264.7080671296296,43.11774,-79.06047,2024-09-20T16:59:37.000000Z
2024,264.7080787037037,43.11775,-79.06046,2024-09-20T16:59:38.000000Z
2024,264.7080902777778,43.11775,-79.06046,2024-09-20T16:59:39.000000Z
2024,264.70810185185184,43.11776,-79.06047,2024-09-20T16:59:40.000000Z
2024,264.70811342592594,43.11777,-79.06048,2024-09-20T16:59:41.000000Z
2024,264.708125,43.11777,-79.06048,2024-09-20T16:59:42.000000Z
2024,264.70813657407405,43.11778,-79.06048,2024-09-20T16:59:43.000000Z
2024,264.70814814814815,43.11779,-79.06047,2024-09-20T16:59:44.000000Z
2024,264.7081597222222,43.11779,-79.06047,2024-09-20T16:59:45.000000Z
2024,264.7081712962963,43.1178,-79.06047,2024-09-20T16:59:46.000000Z
2024,264.7183680555555,43.11774,-79.06052,2024-09-20T17:14:27.000000Z
2024,264.71837962962957,43.11773,-79.06053,2024-09-20T17:14:28.000000Z
2024,264.7183912037037,43.11771,-79.06053,2024-09-20T17:14:29.000000Z
2024,264.7184027777777,43.11769,-79.06053,2024-09-20T17:14:30.000000Z
2024,264.7184143518518,43.11767,-79.06053,2024-09-20T17:14:31.000000Z
2024,264.7184259259259,43.11766,-79.06053,2024-09-20T17:14:32.000000Z
2024,264.71843749999994,43.11763,-79.06052,2024-09-20T17:14:33.000000Z
2024,264.71844907407404,43.11762,-79.06051,2024-09-20T17:14:34.000000Z
2024,264.7184606481481,43.11762,-79.0605,2024-09-20T17:14:35.000000Z
2024,264.7184722222222,43.11763,-79.0605,2024-09-20T17:14:36.000000Z
2024,264.71848379629625,43.11764,-79.06048,2024-09-20T17:14:37.000000Z
2024,264.7184953703703,43.11766,-79.06047,2024-09-20T17:14:38.000000Z
2024,264.7185069444444,43.11768,-79.06046,2024-09-20T17:14:39.000000Z
2024,264.71851851851847,43.1177,-79.06044,2024-09-20T17:14:40.000000Z
2024,264.7185300925926,43.11771,-79.06044,2024-09-20T17:14:41.000000Z
2024,264.7185416666666,43.11771,-79.06043,2024-09-20T17:14:42.000000Z
2024,264.7185532407407,43.11771,-79.06043,2024-09-20T17:14:43.000000Z
2024,264.7185648148148,43.11772,-79.06042,2024-09-20T17:14:44.000000Z
2024,264.71857638888883,43.11773,-79.06043,2024-09-20T17:14:45.000000Z
2024,264.71858796296294,43.11774,-79.06043,2024-09-20T17:14:46.000000Z
2024,264.72912037037037,43.11801,-79.06039,2024-09-20T17:29:56.000000Z
2024,264.7291319444444,43.11801,-79.06039,2024-09-20T17:29:57.000000Z
2024,264.72914351851847,43.118,-79.06039,2024-09-20T17:29:58.000000Z
2024,264.7291550925926,43.118,-79.06039,2024-09-20T17:29:59.000000Z
2024,264.72916666666663,43.118,-79.06039,2024-09-20T17:30:00.000000Z
2024,264.7291782407407,43.118,-79.06039,2024-09-20T17:30:01.000000Z
2024,264.7291898148148,43.118,-79.06039,2024-09-20T17:30:02.000000Z
2024,264.72920138888884,43.118,-79.06039,2024-09-20T17:30:03.000000Z
2024,264.72921296296295,43.118,-79.06039,2024-09-20T17:30:04.000000Z
2024,264.729224537037,43.118,-79.06039,2024-09-20T17:30:05.000000Z
2024,264.72923611111105,43.118,-79.06039,2024-09-20T17:30:06.000000Z
2024,264.72924768518516,43.118,-79.06039,2024-09-20T17:30:07.000000Z
2024,264.7292592592592,43.118,-79.06039,2024-09-20T17:30:08.000000Z
2024,264.7292708333333,43.118,-79.06039,2024-09-20T17:30:09.000000Z
2024,264.72928240740737,43.118,-79.0604,2024-09-20T17:30:10.000000Z
2024,264.7292939814814,43.11799,-79.0604,2024-09-20T17:30:11.000000Z
2024,264.7293055555555,43.11799,-79.0604,2024-09-20T17:30:12.000000Z
2024,264.7293171296296,43.11798,-79.0604,2024-09-20T17:30:13.000000Z
2024,264.7293287037037,43.11798,-79.0604,2024-09-20T17:30:14.000000Z
2024,264.72934027777774,43.11798,-79.0604,2024-09-20T17:30:15.000000Z
2024,264.7392013888889,43.11794,-79.06046,2024-09-20T17:44:27.000000Z
2024,264.73921296296294,43.11794,-79.06046,2024-09-20T17:44:28.000000Z
2024,264.73922453703705,43.11793,-79.06046,2024-09-20T17:44:29.000000Z
2024,264.7392361111111,43.11793,-79.06046,2024-09-20T17:44:30.000000Z
2024,264.73924768518515,43.11793,-79.06046,2024-09-20T17:44:31.000000Z
2024,264.73925925925926,43.11793,-79.06046,2024-09-20T17:44:32.000000Z
2024,264.7392708333333,43.11793,-79.06045,2024-09-20T17:44:33.000000Z
2024,264.7392824074074,43.11792,-79.06045,2024-09-20T17:44:34.000000Z
2024,264.73929398148147,43.11792,-79.06045,2024-09-20T17:44:35.000000Z
2024,264.7393055555556,43.11791,-79.06044,2024-09-20T17:44:36.000000Z
2024,264.7393171296296,43.11791,-79.06044,2024-09-20T17:44:37.000000Z
2024,264.7393287037037,43.11791,-79.06044,2024-09-20T17:44:38.000000Z
2024,264.7393402777778,43.11791,-79.06044,2024-09-20T17:44:39.000000Z
2024,264.73935185185184,43.11791,-79.06044,2024-09-20T17:44:40.000000Z
2024,264.73936342592594,43.11791,-79.06044,2024-09-20T17:44:41.000000Z
2024,264.739375,43.11791,-79.06044,2024-09-20T17:44:42.000000Z
2024,264.73938657407405,43.11791,-79.06043,2024-09-20T17:44:43.000000Z
2024,264.73939814814815,43.11791,-79.06043,2024-09-20T17:44:44.000000Z
2024,264.7394097222222,43.11791,-79.06043,2024-09-20T17:44:45.000000Z
2024,264.7394212962963,43.11791,-79.06043,2024-09-20T17:44:46.000000Z
2024,264.7496180555555,43.11803,-79.06034,2024-09-20T17:59:27.000000Z
2024,264.74962962962957,43.11804,-79.06034,2024-09-20T17:59:28.000000Z
2024,264.7496412037037,43.11804,-79.06035,2024-09-20T17:59:29.000000Z
2024,264.7496527777777,43.11803,-79.06036,2024-09-20T17:59:30.000000Z
2024,264.7496643518518,43.11803,-79.06036,2024-09-20T17:59:31.000000Z
2024,264.7496759259259,43.11803,-79.06036,2024-09-20T17:59:32.000000Z
2024,264.74968749999994,43.11803,-79.06037,2024-09-20T17:59:33.000000Z
2024,264.74969907407404,43.11802,-79.06037,2024-09-20T17:59:34.000000Z
2024,264.7497106481481,43.11802,-79.06037,2024-09-20T17:59:35.000000Z
2024,264.7497222222222,43.11801,-79.06037,2024-09-20T17:59:36.000000Z
2024,264.74973379629625,43.11801,-79.06037,2024-09-20T17:59:37.000000Z
2024,264.7497453703703,43.11801,-79.06037,2024-09-20T17:59:38.000000Z
2024,264.7497569444444,43.11801,-79.06037,2024-09-20T17:59:39.000000Z
2024,264.74976851851847,43.118,-79.06037,2024-09-20T17:59:40.000000Z
2024,264.7497800925926,43.118,-79.06038,2024-09-20T17:59:41.000000Z
2024,264.7497916666666,43.118,-79.06038,2024-09-20T17:59:42.000000Z
2024,264.7498032407407,43.11799,-79.06039,2024-09-20T17:59:43.000000Z
2024,264.7498148148148,43.11798,-79.06039,2024-09-20T17:59:44.000000Z
2024,264.74982638888883,43.11798,-79.06039,2024-09-20T17:59:45.000000Z
2024,264.74983796296294,43.11798,-79.06039,2024-09-20T17:59:46.000000Z
2024,264.7600231481481,43.11793,-79.06059,2024-09-20T18:14:26.000000Z
2024,264.7600347222222,43.11793,-79.06059,2024-09-20T18:14:27.000000Z
2024,264.76004629629625,43.11794,-79.06059,2024-09-20T18:14:28.000000Z
2024,264.76005787037036,43.11794,-79.06059,2024-09-20T18:14:29.000000Z
2024,264.7600694444444,43.11794,-79.06058,2024-09-20T18:14:30.000000Z
2024,264.76008101851846,43.11793,-79.06057,2024-09-20T18:14:31.000000Z
2024,264.76009259259257,43.11793,-79.06057,2024-09-20T18:14:32.000000Z
2024,264.7601041666666,43.11793,-79.06057,2024-09-20T18:14:33.000000Z
2024,264.76011574074073,43.11792,-79.06058,2024-09-20T18:14:34.000000Z
2024,264.7601273148148,43.11792,-79.06058,2024-09-20T18:14:35.000000Z
2024,264.7601388888889,43.11792,-79.06058,2024-09-20T18:14:36.000000Z
2024,264.76015046296294,43.11792,-79.06058,2024-09-20T18:14:37.000000Z
2024,264.760162037037,43.11792,-79.06057,2024-09-20T18:14:38.000000Z
2024,264.7601736111111,43.11791,-79.06057,2024-09-20T18:14:39.000000Z
2024,264.76018518518515,43.11791,-79.06057,2024-09-20T18:14:40.000000Z
2024,264.76019675925926,43.11791,-79.06057,2024-09-20T18:14:41.000000Z
2024,264.7602083333333,43.11791,-79.06057,2024-09-20T18:14:42.000000Z
2024,264.76021990740736,43.11791,-79.06057,2024-09-20T18:14:43.000000Z
2024,264.76023148148147,43.11791,-79.06056,2024-09-20T18:14:44.000000Z
2024,264.7602430555555,43.11791,-79.06056,2024-09-20T18:14:45.000000Z
2024,264.77047453703705,43.11808,-79.06037,2024-09-20T18:29:29.000000Z
2024,264.7704861111111,43.11808,-79.06037,2024-09-20T18:29:30.000000Z
2024,264.77049768518515,43.11808,-79.06036,2024-09-20T18:29:31.000000Z
2024,264.77050925925926,43.11808,-79.06036,2024-09-20T18:29:32.000000Z
2024,264.7705208333333,43.11808,-79.06036,2024-09-20T18:29:33.000000Z
2024,264.7705324074074,43.11808,-79.06036,2024-09-20T18:29:34.000000Z
2024,264.77054398148147,43.11808,-79.06036,2024-09-20T18:29:35.000000Z
2024,264.7705555555556,43.11808,-79.06036,2024-09-20T18:29:36.000000Z
2024,264.7705671296296,43.11808,-79.06037,2024-09-20T18:29:37.000000Z
2024,264.7705902777778,43.11807,-79.06037,2024-09-20T18:29:39.000000Z
2024,264.77060185185184,43.11806,-79.06037,2024-09-20T18:29:40.000000Z
2024,264.77061342592594,43.11806,-79.06037,2024-09-20T18:29:41.000000Z
2024,264.770625,43.11806,-79.06037,2024-09-20T18:29:42.000000Z
2024,264.77063657407405,43.11805,-79.06037,2024-09-20T18:29:43.000000Z
2024,264.77064814814815,43.11805,-79.06037,2024-09-20T18:29:44.000000Z
2024,264.7706597222222,43.11805,-79.06037,2024-09-20T18:29:45.000000Z
2024,264.7706712962963,43.11804,-79.06037,2024-09-20T18:29:46.000000Z
2024,264.77068287037036,43.11804,-79.06038,2024-09-20T18:29:47.000000Z
2024,264.78089120370373,43.11804,-79.0604,2024-09-20T18:44:29.000000Z
2024,264.7809027777778,43.11804,-79.0604,2024-09-20T18:44:30.000000Z
2024,264.78091435185183,43.11803,-79.0604,2024-09-20T18:44:31.000000Z
2024,264.78092592592594,43.11803,-79.0604,2024-09-20T18:44:32.000000Z
2024,264.7809375,43.11803,-79.0604,2024-09-20T18:44:33.000000Z
2024,264.7809490740741,43.11803,-79.0604,2024-09-20T18:44:34.000000Z
2024,264.78096064814815,43.11803,-79.06041,2024-09-20T18:44:35.000000Z
2024,264.78097222222226,43.11803,-79.06042,2024-09-20T18:44:36.000000Z
2024,264.7809837962963,43.11803,-79.06042,2024-09-20T18:44:37.000000Z
2024,264.78099537037036,43.11803,-79.06043,2024-09-20T18:44:38.000000Z
2024,264.78100694444447,43.11803,-79.06043,2024-09-20T18:44:39.000000Z
2024,264.7810185185185,43.11803,-79.06043,2024-09-20T18:44:40.000000Z
2024,264.78103009259263,43.11803,-79.06044,2024-09-20T18:44:41.000000Z
2024,264.7810416666667,43.11803,-79.06044,2024-09-20T18:44:42.000000Z
2024,264.78105324074073,43.11803,-79.06044,2024-09-20T18:44:43.000000Z
2024,264.78106481481484,43.11803,-79.06044,2024-09-20T18:44:44.000000Z
2024,264.7810763888889,43.11804,-79.06044,2024-09-20T18:44:45.000000Z
2024,264.781087962963,43.11803,-79.06044,2024-09-20T18:44:46.000000Z
2024,264.78109953703705,43.11803,-79.06044,2024-09-20T18:44:47.000000Z
2024,264.79130787037036,43.11803,-79.06039,2024-09-20T18:59:29.000000Z
2024,264.7913194444444,43.11802,-79.06039,2024-09-20T18:59:30.000000Z
2024,264.79133101851846,43.11801,-79.06039,2024-09-20T18:59:31.000000Z
2024,264.79134259259257,43.11801,-79.06039,2024-09-20T18:59:32.000000Z
2024,264.7913541666666,43.118,-79.0604,2024-09-20T18:59:33.000000Z
2024,264.79136574074073,43.118,-79.0604,2024-09-20T18:59:34.000000Z
2024,264.7913773148148,43.118,-79.0604,2024-09-20T18:59:35.000000Z
2024,264.7913888888889,43.118,-79.0604,2024-09-20T18:59:36.000000Z
2024,264.79140046296294,43.118,-79.06041,2024-09-20T18:59:37.000000Z
2024,264.791412037037,43.118,-79.06041,2024-09-20T18:59:38.000000Z
2024,264.7914236111111,43.11799,-79.06042,2024-09-20T18:59:39.000000Z
2024,264.79143518518515,43.11799,-79.06042,2024-09-20T18:59:40.000000Z
2024,264.79144675925926,43.11798,-79.06043,2024-09-20T18:59:41.000000Z
2024,264.7914583333333,43.11798,-79.06043,2024-09-20T18:59:42.000000Z
2024,264.79146990740736,43.11798,-79.06043,2024-09-20T18:59:43.000000Z
2024,264.79148148148147,43.11796,-79.06043,2024-09-20T18:59:44.000000Z
2024,264.7914930555555,43.11796,-79.06043,2024-09-20T18:59:45.000000Z
2024,264.7915046296296,43.11795,-79.06043,2024-09-20T18:59:46.000000Z
2024,264.7915162037037,43.11795,-79.06043,2024-09-20T18:59:47.000000Z
2024,264.80172453703705,43.11794,-79.06044,2024-09-20T19:14:29.000000Z
2024,264.8017361111111,43.11794,-79.06044,2024-09-20T19:14:30.000000Z
2024,264.80174768518515,43.11794,-79.06043,2024-09-20T19:14:31.000000Z
2024,264.80175925925926,43.11794,-79.06042,2024-09-20T19:14:32.000000Z
2024,264.8017708333333,43.11793,-79.06041,2024-09-20T19:14:33.000000Z
2024,264.8017824074074,43.11793,-79.0604,2024-09-20T19:14:34.000000Z
2024,264.80179398148147,43.11793,-79.0604,2024-09-20T19:14:35.000000Z
2024,264.8018055555556,43.11793,-79.0604,2024-09-20T19:14:36.000000Z
2024,264.8018171296296,43.11793,-79.0604,2024-09-20T19:14:37.000000Z
2024,264.8018287037037,43.11793,-79.0604,2024-09-20T19:14:38.000000Z
2024,264.8018402777778,43.11793,-79.06039,2024-09-20T19:14:39.000000Z
2024,264.80185185185184,43.11792,-79.06039,2024-09-20T19:14:40.000000Z
2024,264.80186342592594,43.11791,-79.06038,2024-09-20T19:14:41.000000Z
2024,264.801875,43.11791,-79.06038,2024-09-20T19:14:42.000000Z
2024,264.80188657407405,43.11791,-79.06039,2024-09-20T19:14:43.000000Z
2024,264.80189814814815,43.1179,-79.06039,2024-09-20T19:14:44.000000Z
2024,264.8019097222222,43.1179,-79.06039,2024-09-20T19:14:45.000000Z
2024,264.8019212962963,43.1179,-79.06039,2024-09-20T19:14:46.000000Z
2024,264.80193287037036,43.1179,-79.06039,2024-09-20T19:14:47.000000Z
2024,264.81214120370373,43.11798,-79.06049,2024-09-20T19:29:29.000000Z
2024,264.8121527777778,43.11798,-79.0605,2024-09-20T19:29:30.000000Z
2024,264.81216435185183,43.11798,-79.0605,2024-09-20T19:29:31.000000Z
2024,264.81217592592594,43.11798,-79.0605,2024-09-20T19:29:32.000000Z
2024,264.8121875,43.11798,-79.0605,2024-09-20T19:29:33.000000Z
2024,264.8121990740741,43.11798,-79.0605,2024-09-20T19:29:34.000000Z
2024,264.81221064814815,43.11797,-79.0605,2024-09-20T19:29:35.000000Z
2024,264.81222222222226,43.11797,-79.0605,2024-09-20T19:29:36.000000Z
2024,264.8122337962963,43.11797,-79.0605,2024-09-20T19:29:37.000000Z
2024,264.81224537037036,43.11797,-79.0605,2024-09-20T19:29:38.000000Z
2024,264.81225694444447,43.11796,-79.06049,2024-09-20T19:29:39.000000Z
2024,264.8122685185185,43.11796,-79.06049,2024-09-20T19:29:40.000000Z
2024,264.81228009259263,43.11796,-79.06048,2024-09-20T19:29:41.000000Z
2024,264.8122916666667,43.11796,-79.06047,2024-09-20T19:29:42.000000Z
2024,264.81230324074073,43.11795,-79.06047,2024-09-20T19:29:43.000000Z
2024,264.81231481481484,43.11795,-79.06047,2024-09-20T19:29:44.000000Z
2024,264.8123263888889,43.11795,-79.06047,2024-09-20T19:29:45.000000Z
2024,264.812337962963,43.11795,-79.06047,2024-09-20T19:29:46.000000Z
2024,264.81234953703705,43.11795,-79.06047,2024-09-20T19:29:47.000000Z
2024,264.8225578703704,43.11796,-79.06046,2024-09-20T19:44:29.000000Z
2024,264.82256944444447,43.11797,-79.06047,2024-09-20T19:44:30.000000Z
2024,264.8225810185185,43.11798,-79.06047,2024-09-20T19:44:31.000000Z
2024,264.8225925925926,43.11797,-79.06047,2024-09-20T19:44:32.000000Z
2024,264.8226041666667,43.11797,-79.06047,2024-09-20T19:44:33.000000Z
2024,264.8226157407408,43.11797,-79.06047,2024-09-20T19:44:34.000000Z
2024,264.82262731481484,43.11798,-79.06047,2024-09-20T19:44:35.000000Z
2024,264.82263888888895,43.11798,-79.06047,2024-09-20T19:44:36.000000Z
2024,264.822650462963,43.11798,-79.06047,2024-09-20T19:44:37.000000Z
2024,264.82266203703705,43.11798,-79.06047,2024-09-20T19:44:38.000000Z
2024,264.82267361111116,43.11798,-79.06047,2024-09-20T19:44:39.000000Z
2024,264.8226851851852,43.11798,-79.06047,2024-09-20T19:44:40.000000Z
2024,264.8226967592593,43.11798,-79.06047,2024-09-20T19:44:41.000000Z
2024,264.82270833333337,43.11798,-79.06047,2024-09-20T19:44:42.000000Z
2024,264.8227199074074,43.11798,-79.06047,2024-09-20T19:44:43.000000Z
2024,264.8227314814815,43.11798,-79.06047,2024-09-20T19:44:44.000000Z
2024,264.8227430555556,43.11798,-79.06047,2024-09-20T19:44:45.000000Z
2024,264.8227546296297,43.11798,-79.06046,2024-09-20T19:44:46.000000Z
2024,264.82276620370374,43.11798,-79.06046,2024-09-20T19:44:47.000000Z
2024,264.8330671296296,43.11795,-79.06051,2024-09-20T19:59:37.000000Z
2024,264.8330787037037,43.11794,-79.06052,2024-09-20T19:59:38.000000Z
2024,264.8330902777778,43.11794,-79.06052,2024-09-20T19:59:39.000000Z
2024,264.83310185185184,43.11795,-79.0605,2024-09-20T19:59:40.000000Z
2024,264.83311342592594,43.11795,-79.0605,2024-09-20T19:59:41.000000Z
2024,264.833125,43.11795,-79.0605,2024-09-20T19:59:42.000000Z
2024,264.83313657407405,43.11795,-79.0605,2024-09-20T19:59:43.000000Z
2024,264.83314814814815,43.11796,-79.06049,2024-09-20T19:59:44.000000Z
2024,264.8331597222222,43.11796,-79.06049,2024-09-20T19:59:45.000000Z
2024,264.8331712962963,43.11796,-79.06048,2024-09-20T19:59:46.000000Z
2024,264.83318287037036,43.11796,-79.06048,2024-09-20T19:59:47.000000Z
2024,264.8331944444444,43.11796,-79.06047,2024-09-20T19:59:48.000000Z
2024,264.8332060185185,43.11796,-79.06047,2024-09-20T19:59:49.000000Z
2024,264.8332175925926,43.11796,-79.06048,2024-09-20T19:59:50.000000Z
2024,264.8332291666667,43.11796,-79.06048,2024-09-20T19:59:51.000000Z
2024,264.83324074074073,43.11796,-79.06048,2024-09-20T19:59:52.000000Z
2024,264.8332523148148,43.11796,-79.06048,2024-09-20T19:59:53.000000Z
2024,264.8332638888889,43.11796,-79.06048,2024-09-20T19:59:54.000000Z
2024,264.83327546296294,43.11796,-79.06049,2024-09-20T19:59:55.000000Z
2024,264.83328703703705,43.11796,-79.06049,2024-09-20T19:59:56.000000Z
2024,264.8433912037037,43.11793,-79.06035,2024-09-20T20:14:29.000000Z
2024,264.8434027777777,43.11793,-79.06035,2024-09-20T20:14:30.000000Z
2024,264.8434143518518,43.11793,-79.06035,2024-09-20T20:14:31.000000Z
2024,264.8434259259259,43.11793,-79.06035,2024-09-20T20:14:32.000000Z
2024,264.84343749999994,43.11794,-79.06034,2024-09-20T20:14:33.000000Z
2024,264.84344907407404,43.11794,-79.06034,2024-09-20T20:14:34.000000Z
2024,264.8434606481481,43.11794,-79.06034,2024-09-20T20:14:35.000000Z
2024,264.8434722222222,43.11794,-79.06034,2024-09-20T20:14:36.000000Z
2024,264.84348379629625,43.11795,-79.06034,2024-09-20T20:14:37.000000Z
2024,264.8434953703703,43.11795,-79.06033,2024-09-20T20:14:38.000000Z
2024,264.8435069444444,43.11795,-79.06033,2024-09-20T20:14:39.000000Z
2024,264.84351851851847,43.11795,-79.06034,2024-09-20T20:14:40.000000Z
2024,264.8435300925926,43.11795,-79.06034,2024-09-20T20:14:41.000000Z
2024,264.8435416666666,43.11795,-79.06036,2024-09-20T20:14:42.000000Z
2024,264.8435532407407,43.11796,-79.06037,2024-09-20T20:14:43.000000Z
2024,264.8435648148148,43.11796,-79.06037,2024-09-20T20:14:44.000000Z
2024,264.84357638888883,43.11796,-79.06037,2024-09-20T20:14:45.000000Z
2024,264.84358796296294,43.11796,-79.06037,2024-09-20T20:14:46.000000Z
2024,264.843599537037,43.11796,-79.06037,2024-09-20T20:14:47.000000Z
2024,264.85380787037036,43.11797,-79.06047,2024-09-20T20:29:29.000000Z
2024,264.8538194444444,43.11797,-79.06047,2024-09-20T20:29:30.000000Z
2024,264.85383101851846,43.11797,-79.06048,2024-09-20T20:29:31.000000Z
2024,264.85384259259257,43.11797,-79.06048,2024-09-20T20:29:32.000000Z
2024,264.8538541666666,43.11797,-79.06049,2024-09-20T20:29:33.000000Z
2024,264.85386574074073,43.11797,-79.0605,2024-09-20T20:29:34.000000Z
2024,264.8538773148148,43.11797,-79.0605,2024-09-20T20:29:35.000000Z
2024,264.8538888888889,43.11796,-79.06051,2024-09-20T20:29:36.000000Z
2024,264.85390046296294,43.11796,-79.06051,2024-09-20T20:29:37.000000Z
2024,264.853912037037,43.11796,-79.06051,2024-09-20T20:29:38.000000Z
2024,264.8539236111111,43.11796,-79.06051,2024-09-20T20:29:39.000000Z
2024,264.85393518518515,43.11796,-79.06051,2024-09-20T20:29:40.000000Z
2024,264.85394675925926,43.11796,-79.06051,2024-09-20T20:29:41.000000Z
2024,264.8539583333333,43.11796,-79.06052,2024-09-20T20:29:42.000000Z
2024,264.85396990740736,43.11796,-79.06052,2024-09-20T20:29:43.000000Z
2024,264.85398148148147,43.11795,-79.06051,2024-09-20T20:29:44.000000Z
2024,264.8539930555555,43.11795,-79.06051,2024-09-20T20:29:45.000000Z
2024,264.8540046296296,43.11795,-79.06052,2024-09-20T20:29:46.000000Z
2024,264.8540162037037,43.11795,-79.06051,2024-09-20T20:29:47.000000Z
2024,264.86422453703705,43.11804,-79.06044,2024-09-20T20:44:29.000000Z
2024,264.8642361111111,43.11803,-79.06045,2024-09-20T20:44:30.000000Z
2024,264.86424768518515,43.11802,-79.06046,2024-09-20T20:44:31.000000Z
2024,264.86425925925926,43.11802,-79.06047,2024-09-20T20:44:32.000000Z
2024,264.8642708333333,43.11801,-79.06047,2024-09-20T20:44:33.000000Z
2024,264.8642824074074,43.11801,-79.06047,2024-09-20T20:44:34.000000Z
2024,264.86429398148147,43.11802,-79.06047,2024-09-20T20:44:35.000000Z
2024,264.8643055555556,43.11801,-79.06047,2024-09-20T20:44:36.000000Z
2024,264.8643171296296,43.11801,-79.06047,2024-09-20T20:44:37.000000Z
2024,264.8643287037037,43.118,-79.06047,2024-09-20T20:44:38.000000Z
2024,264.8643402777778,43.118,-79.06049,2024-09-20T20:44:39.000000Z
2024,264.86435185185184,43.11799,-79.06049,2024-09-20T20:44:40.000000Z
2024,264.86436342592594,43.11798,-79.0605,2024-09-20T20:44:41.000000Z
2024,264.864375,43.11798,-79.0605,2024-09-20T20:44:42.000000Z
2024,264.86438657407405,43.11797,-79.0605,2024-09-20T20:44:43.000000Z
2024,264.86439814814815,43.11797,-79.0605,2024-09-20T20:44:44.000000Z
2024,264.8644097222222,43.11797,-79.0605,2024-09-20T20:44:45.000000Z
2024,264.8644212962963,43.11797,-79.0605,2024-09-20T20:44:46.000000Z
2024,264.86443287037036,43.11796,-79.0605,2024-09-20T20:44:47.000000Z
2024,264.8747800925926,43.11798,-79.06049,2024-09-20T20:59:41.000000Z
2024,264.8747916666666,43.11798,-79.0605,2024-09-20T20:59:42.000000Z
2024,264.8748032407407,43.11798,-79.06049,2024-09-20T20:59:43.000000Z
2024,264.8748148148148,43.11798,-79.06049,2024-09-20T20:59:44.000000Z
2024,264.87482638888883,43.11797,-79.06048,2024-09-20T20:59:45.000000Z
2024,264.87483796296294,43.11797,-79.06048,2024-09-20T20:59:46.000000Z
2024,264.874849537037,43.11797,-79.06047,2024-09-20T20:59:47.000000Z
2024,264.87486111111104,43.11797,-79.06047,2024-09-20T20:59:48.000000Z
2024,264.87487268518515,43.11797,-79.06047,2024-09-20T20:59:49.000000Z
2024,264.8748842592592,43.11797,-79.06047,2024-09-20T20:59:50.000000Z
2024,264.8748958333333,43.11797,-79.06047,2024-09-20T20:59:51.000000Z
2024,264.87490740740736,43.11798,-79.06047,2024-09-20T20:59:52.000000Z
2024,264.8749189814814,43.11798,-79.06047,2024-09-20T20:59:53.000000Z
2024,264.8749305555555,43.11798,-79.06047,2024-09-20T20:59:54.000000Z
2024,264.8749421296296,43.11797,-79.06047,2024-09-20T20:59:55.000000Z
2024,264.8749537037037,43.11797,-79.06048,2024-09-20T20:59:56.000000Z
2024,264.87496527777773,43.11797,-79.06048,2024-09-20T20:59:57.000000Z
2024,264.8749768518518,43.11797,-79.06049,2024-09-20T20:59:58.000000Z
2024,264.8749884259259,43.11797,-79.06049,2024-09-20T20:59:59.000000Z
2024,264.875,43.11797,-79.06049,2024-09-20T21:00:00.000000Z
2024,264.88505787037036,43.11799,-79.0605,2024-09-20T21:14:29.000000Z
2024,264.8850694444444,43.11799,-79.0605,2024-09-20T21:14:30.000000Z
2024,264.88508101851846,43.11799,-79.0605,2024-09-20T21:14:31.000000Z
2024,264.88509259259257,43.11799,-79.0605,2024-09-20T21:14:32.000000Z
2024,264.8851041666666,43.11799,-79.0605,2024-09-20T21:14:33.000000Z
2024,264.88511574074073,43.11798,-79.0605,2024-09-20T21:14:34.000000Z
2024,264.8851273148148,43.11798,-79.0605,2024-09-20T21:14:35.000000Z
2024,264.8851388888889,43.11798,-79.0605,2024-09-20T21:14:36.000000Z
2024,264.88515046296294,43.11798,-79.0605,2024-09-20T21:14:37.000000Z
2024,264.885162037037,43.11798,-79.0605,2024-09-20T21:14:38.000000Z
2024,264.8851736111111,43.11798,-79.0605,2024-09-20T21:14:39.000000Z
2024,264.88518518518515,43.11798,-79.0605,2024-09-20T21:14:40.000000Z
2024,264.88519675925926,43.11797,-79.0605,2024-09-20T21:14:41.000000Z
2024,264.8852083333333,43.11797,-79.0605,2024-09-20T21:14:42.000000Z
2024,264.88521990740736,43.11797,-79.0605,2024-09-20T21:14:43.000000Z
2024,264.88523148148147,43.11797,-79.0605,2024-09-20T21:14:44.000000Z
2024,264.8852430555555,43.11797,-79.0605,2024-09-20T21:14:45.000000Z
2024,264.8852546296296,43.11797,-79.0605,2024-09-20T21:14:46.000000Z
2024,264.8852662037037,43.11797,-79.0605,2024-09-20T21:14:47.000000Z
2024,264.89547453703705,43.11803,-79.0605,2024-09-20T21:29:29.000000Z
2024,264.8954861111111,43.11804,-79.06049,2024-09-20T21:29:30.000000Z
2024,264.89549768518515,43.11804,-79.06049,2024-09-20T21:29:31.000000Z
2024,264.89550925925926,43.11804,-79.06049,2024-09-20T21:29:32.000000Z
2024,264.8955208333333,43.11803,-79.06049,2024-09-20T21:29:33.000000Z
2024,264.8955324074074,43.11803,-79.06049,2024-09-20T21:29:34.000000Z
2024,264.89554398148147,43.11802,-79.06049,2024-09-20T21:29:35.000000Z
2024,264.8955555555556,43.11801,-79.06049,2024-09-20T21:29:36.000000Z
2024,264.8955671296296,43.11801,-79.06048,2024-09-20T21:29:37.000000Z
2024,264.8955787037037,43.118,-79.06048,2024-09-20T21:29:38.000000Z
2024,264.8955902777778,43.118,-79.06048,2024-09-20T21:29:39.000000Z
2024,264.89560185185184,43.11799,-79.06048,2024-09-20T21:29:40.000000Z
2024,264.89561342592594,43.11799,-79.06048,2024-09-20T21:29:41.000000Z
2024,264.895625,43.11798,-79.06048,2024-09-20T21:29:42.000000Z
2024,264.89563657407405,43.11798,-79.06048,2024-09-20T21:29:43.000000Z
2024,264.89564814814815,43.11798,-79.06048,2024-09-20T21:29:44.000000Z
2024,264.8956597222222,43.11798,-79.06047,2024-09-20T21:29:45.000000Z
2024,264.8956712962963,43.11798,-79.06047,2024-09-20T21:29:46.000000Z
2024,264.89568287037036,43.11798,-79.06047,2024-09-20T21:29:47.000000Z
2024,264.90589120370373,43.11791,-79.06031,2024-09-20T21:44:29.000000Z
2024,264.9059027777778,43.11791,-79.06033,2024-09-20T21:44:30.000000Z
2024,264.90591435185183,43.11791,-79.06031,2024-09-20T21:44:31.000000Z
2024,264.90592592592594,43.1179,-79.06031,2024-09-20T21:44:32.000000Z
2024,264.9059375,43.1179,-79.0603,2024-09-20T21:44:33.000000Z
2024,264.9059490740741,43.1179,-79.0603,2024-09-20T21:44:34.000000Z
2024,264.90596064814815,43.1179,-79.0603,2024-09-20T21:44:35.000000Z
2024,264.90597222222226,43.11791,-79.0603,2024-09-20T21:44:36.000000Z
2024,264.9059837962963,43.1179,-79.0603,2024-09-20T21:44:37.000000Z
2024,264.90599537037036,43.11791,-79.0603,2024-09-20T21:44:38.000000Z
2024,264.90600694444447,43.11791,-79.06031,2024-09-20T21:44:39.000000Z
2024,264.9060185185185,43.11791,-79.06031,2024-09-20T21:44:40.000000Z
2024,264.90603009259263,43.11791,-79.06031,2024-09-20T21:44:41.000000Z
2024,264.9060416666667,43.11791,-79.06031,2024-09-20T21:44:42.000000Z
2024,264.90605324074073,43.11791,-79.06031,2024-09-20T21:44:43.000000Z
2024,264.90606481481484,43.11791,-79.06031,2024-09-20T21:44:44.000000Z
2024,264.9060763888889,43.1179,-79.06031,2024-09-20T21:44:45.000000Z
2024,264.906087962963,43.11791,-79.06031,2024-09-20T21:44:46.000000Z
2024,264.90609953703705,43.11791,-79.06032,2024-09-20T21:44:47.000000Z
2024,264.91629629629625,43.1179,-79.06029,2024-09-20T21:59:28.000000Z
2024,264.91630787037036,43.1179,-79.06029,2024-09-20T21:59:29.000000Z
2024,264.9163194444444,43.1179,-79.06029,2024-09-20T21:59:30.000000Z
2024,264.91633101851846,43.11789,-79.06029,2024-09-20T21:59:31.000000Z
2024,264.91634259259257,43.11789,-79.06028,2024-09-20T21:59:32.000000Z
2024,264.9163541666666,43.11789,-79.06029,2024-09-20T21:59:33.000000Z
2024,264.91636574074073,43.11788,-79.06029,2024-09-20T21:59:34.000000Z
2024,264.9163773148148,43.11788,-79.06029,2024-09-20T21:59:35.000000Z
2024,264.9163888888889,43.11788,-79.06029,2024-09-20T21:59:36.000000Z
2024,264.91640046296294,43.11788,-79.06029,2024-09-20T21:59:37.000000Z
2024,264.916412037037,43.11789,-79.0603,2024-09-20T21:59:38.000000Z
2024,264.9164236111111,43.11789,-79.0603,2024-09-20T21:59:39.000000Z
2024,264.91643518518515,43.11789,-79.0603,2024-09-20T21:59:40.000000Z
2024,264.91644675925926,43.11789,-79.06031,2024-09-20T21:59:41.000000Z
2024,264.9164583333333,43.11789,-79.06031,2024-09-20T21:59:42.000000Z
2024,264.91646990740736,43.11789,-79.06031,2024-09-20T21:59:43.000000Z
2024,264.91648148148147,43.11789,-79.06031,2024-09-20T21:59:44.000000Z
2024,264.9164930555555,43.11789,-79.06032,2024-09-20T21:59:45.000000Z
2024,264.9165046296296,43.11789,-79.06032,2024-09-20T21:59:46.000000Z
2024,264.9267824074074,43.11805,-79.0604,2024-09-20T22:14:34.000000Z
2024,264.92679398148147,43.11806,-79.0604,2024-09-20T22:14:35.000000Z
2024,264.9268055555556,43.11806,-79.0604,2024-09-20T22:14:36.000000Z
2024,264.9268171296296,43.11807,-79.0604,2024-09-20T22:14:37.000000Z
2024,264.9268287037037,43.11808,-79.06042,2024-09-20T22:14:38.000000Z
2024,264.9268402777778,43.11808,-79.06043,2024-09-20T22:14:39.000000Z
2024,264.92685185185184,43.11809,-79.06043,2024-09-20T22:14:40.000000Z
2024,264.92686342592594,43.11809,-79.06043,2024-09-20T22:14:41.000000Z
2024,264.926875,43.1181,-79.06044,2024-09-20T22:14:42.000000Z
2024,264.92688657407405,43.11811,-79.06044,2024-09-20T22:14:43.000000Z
2024,264.92689814814815,43.11811,-79.06044,2024-09-20T22:14:44.000000Z
2024,264.9269097222222,43.11812,-79.06045,2024-09-20T22:14:45.000000Z
2024,264.9269212962963,43.11813,-79.06046,2024-09-20T22:14:46.000000Z
2024,264.92693287037036,43.11813,-79.06046,2024-09-20T22:14:47.000000Z
2024,264.9269444444444,43.11813,-79.06047,2024-09-20T22:14:48.000000Z
2024,264.9269560185185,43.11813,-79.06047,2024-09-20T22:14:49.000000Z
2024,264.9269675925926,43.11813,-79.06047,2024-09-20T22:14:50.000000Z
2024,264.9269791666667,43.11814,-79.06047,2024-09-20T22:14:51.000000Z
2024,264.92699074074073,43.11814,-79.06047,2024-09-20T22:14:52.000000Z
2024,264.9371296296296,43.11799,-79.06037,2024-09-20T22:29:28.000000Z
2024,264.93714120370373,43.11799,-79.06037,2024-09-20T22:29:29.000000Z
2024,264.9371527777778,43.11799,-79.06037,2024-09-20T22:29:30.000000Z
2024,264.93716435185183,43.11799,-79.06038,2024-09-20T22:29:31.000000Z
2024,264.93717592592594,43.11799,-79.06039,2024-09-20T22:29:32.000000Z
2024,264.9371875,43.11799,-79.06039,2024-09-20T22:29:33.000000Z
2024,264.9371990740741,43.11798,-79.06039,2024-09-20T22:29:34.000000Z
2024,264.93721064814815,43.11798,-79.06039,2024-09-20T22:29:35.000000Z
2024,264.93722222222226,43.11798,-79.0604,2024-09-20T22:29:36.000000Z
2024,264.9372337962963,43.11798,-79.0604,2024-09-20T22:29:37.000000Z
2024,264.93724537037036,43.11798,-79.0604,2024-09-20T22:29:38.000000Z
2024,264.93725694444447,43.11798,-79.0604,2024-09-20T22:29:39.000000Z
2024,264.9372685185185,43.11798,-79.0604,2024-09-20T22:29:40.000000Z
2024,264.93728009259263,43.11798,-79.0604,2024-09-20T22:29:41.000000Z
2024,264.9372916666667,43.11798,-79.0604,2024-09-20T22:29:42.000000Z
2024,264.93730324074073,43.11798,-79.0604,2024-09-20T22:29:43.000000Z
2024,264.93731481481484,43.11798,-79.0604,2024-09-20T22:29:44.000000Z
2024,264.9373263888889,43.11798,-79.06041,2024-09-20T22:29:45.000000Z
2024,264.937337962963,43.11798,-79.06041,2024-09-20T22:29:46.000000Z
2024,264.9475462962963,43.118,-79.06041,2024-09-20T22:44:28.000000Z
2024,264.9475578703704,43.11799,-79.06041,2024-09-20T22:44:29.000000Z
2024,264.94756944444447,43.11799,-79.06041,2024-09-20T22:44:30.000000Z
2024,264.9475810185185,43.11799,-79.06041,2024-09-20T22:44:31.000000Z
2024,264.9475925925926,43.11799,-79.06041,2024-09-20T22:44:32.000000Z
2024,264.9476041666667,43.11799,-79.06041,2024-09-20T22:44:33.000000Z
2024,264.9476157407408,43.11799,-79.06041,2024-09-20T22:44:34.000000Z
2024,264.94762731481484,43.11798,-79.06041,2024-09-20T22:44:35.000000Z
2024,264.94763888888895,43.11798,-79.06041,2024-09-20T22:44:36.000000Z
2024,264.947650462963,43.11798,-79.06041,2024-09-20T22:44:37.000000Z
2024,264.94766203703705,43.11797,-79.06041,2024-09-20T22:44:38.000000Z
2024,264.94767361111116,43.11797,-79.06041,2024-09-20T22:44:39.000000Z
2024,264.9476851851852,43.11797,-79.06041,2024-09-20T22:44:40.000000Z
2024,264.9476967592593,43.11797,-79.06041,2024-09-20T22:44:41.000000Z
2024,264.94770833333337,43.11797,-79.06041,2024-09-20T22:44:42.000000Z
2024,264.9477199074074,43.11796,-79.06041,2024-09-20T22:44:43.000000Z
2024,264.9477314814815,43.11796,-79.06041,2024-09-20T22:44:44.000000Z
2024,264.9477430555556,43.11796,-79.06041,2024-09-20T22:44:45.000000Z
2024,264.9477546296297,43.11796,-79.06041,2024-09-20T22:44:46.000000Z
2024,264.95796296296294,43.11785,-79.06032,2024-09-20T22:59:28.000000Z
2024,264.95797453703705,43.11783,-79.0603,2024-09-20T22:59:29.000000Z
2024,264.9579861111111,43.11781,-79.06027,2024-09-20T22:59:30.000000Z
2024,264.95799768518515,43.1178,-79.06026,2024-09-20T22:59:31.000000Z
2024,264.95800925925926,43.11779,-79.06024,2024-09-20T22:59:32.000000Z
2024,264.9580208333333,43.11779,-79.06023,2024-09-20T22:59:33.000000Z
2024,264.9580324074074,43.11778,-79.06022,2024-09-20T22:59:34.000000Z
2024,264.95804398148147,43.11777,-79.06021,2024-09-20T22:59:35.000000Z
2024,264.9580555555556,43.11777,-79.0602,2024-09-20T22:59:36.000000Z
2024,264.9580671296296,43.11777,-79.06018,2024-09-20T22:59:37.000000Z
2024,264.9580787037037,43.11777,-79.06018,2024-09-20T22:59:38.000000Z
2024,264.9580902777778,43.11778,-79.06018,2024-09-20T22:59:39.000000Z
2024,264.95810185185184,43.11779,-79.06021,2024-09-20T22:59:40.000000Z
2024,264.95811342592594,43.1178,-79.06022,2024-09-20T22:59:41.000000Z
2024,264.958125,43.1178,-79.06023,2024-09-20T22:59:42.000000Z
2024,264.95813657407405,43.1178,-79.06023,2024-09-20T22:59:43.000000Z
2024,264.95814814814815,43.1178,-79.06022,2024-09-20T22:59:44.000000Z
2024,264.9581597222222,43.11781,-79.06023,2024-09-20T22:59:45.000000Z
2024,264.9581712962963,43.11782,-79.06024,2024-09-20T22:59:46.000000Z
2024,264.96837962962957,43.11798,-79.06034,2024-09-20T23:14:28.000000Z
2024,264.9683912037037,43.118,-79.06034,2024-09-20T23:14:29.000000Z
2024,264.9684027777777,43.118,-79.06035,2024-09-20T23:14:30.000000Z
2024,264.9684143518518,43.118,-79.06035,2024-09-20T23:14:31.000000Z
2024,264.9684259259259,43.118,-79.06036,2024-09-20T23:14:32.000000Z
2024,264.96843749999994,43.118,-79.06037,2024-09-20T23:14:33.000000Z
2024,264.96844907407404,43.118,-79.06037,2024-09-20T23:14:34.000000Z
2024,264.9684606481481,43.11801,-79.06038,2024-09-20T23:14:35.000000Z
2024,264.9684722222222,43.11801,-79.06039,2024-09-20T23:14:36.000000Z
2024,264.96848379629625,43.118,-79.06039,2024-09-20T23:14:37.000000Z
2024,264.9684953703703,43.118,-79.0604,2024-09-20T23:14:38.000000Z
2024,264.9685069444444,43.118,-79.0604,2024-09-20T23:14:39.000000Z
2024,264.96851851851847,43.11798,-79.06041,2024-09-20T23:14:40.000000Z
2024,264.9685300925926,43.11797,-79.06042,2024-09-20T23:14:41.000000Z
2024,264.9685416666666,43.11796,-79.06042,2024-09-20T23:14:42.000000Z
2024,264.9685532407407,43.11795,-79.06042,2024-09-20T23:14:43.000000Z
2024,264.9685648148148,43.11796,-79.06043,2024-09-20T23:14:44.000000Z
2024,264.96857638888883,43.11796,-79.06044,2024-09-20T23:14:45.000000Z
2024,264.96858796296294,43.11796,-79.06044,2024-09-20T23:14:46.000000Z
2024,264.97879629629625,43.11795,-79.0604,2024-09-20T23:29:28.000000Z
2024,264.97880787037036,43.11796,-79.06041,2024-09-20T23:29:29.000000Z
2024,264.9788194444444,43.11796,-79.06041,2024-09-20T23:29:30.000000Z
2024,264.97883101851846,43.11796,-79.06042,2024-09-20T23:29:31.000000Z
2024,264.97884259259257,43.11796,-79.06042,2024-09-20T23:29:32.000000Z
2024,264.9788541666666,43.11796,-79.06042,2024-09-20T23:29:33.000000Z
2024,264.97886574074073,43.11796,-79.06043,2024-09-20T23:29:34.000000Z
2024,264.9788773148148,43.11796,-79.06043,2024-09-20T23:29:35.000000Z
2024,264.9788888888889,43.11796,-79.06043,2024-09-20T23:29:36.000000Z
2024,264.97890046296294,43.11796,-79.06043,2024-09-20T23:29:37.000000Z
2024,264.978912037037,43.11796,-79.06043,2024-09-20T23:29:38.000000Z
2024,264.9789236111111,43.11796,-79.06043,2024-09-20T23:29:39.000000Z
2024,264.97893518518515,43.11795,-79.06043,2024-09-20T23:29:40.000000Z
2024,264.97894675925926,43.11795,-79.06043,2024-09-20T23:29:41.000000Z
2024,264.9789583333333,43.11795,-79.06043,2024-09-20T23:29:42.000000Z
2024,264.97896990740736,43.11795,-79.06043,2024-09-20T23:29:43.000000Z
2024,264.97898148148147,43.11795,-79.06044,2024-09-20T23:29:44.000000Z
2024,264.9789930555555,43.11795,-79.06044,2024-09-20T23:29:45.000000Z
2024,264.9790046296296,43.11794,-79.06044,2024-09-20T23:29:46.000000Z
2024,264.98921296296294,43.11788,-79.06025,2024-09-20T23:44:28.000000Z
2024,264.98922453703705,43.11788,-79.06026,2024-09-20T23:44:29.000000Z
2024,264.9892361111111,43.11788,-79.06027,2024-09-20T23:44:30.000000Z
2024,264.98924768518515,43.11788,-79.06027,2024-09-20T23:44:31.000000Z
2024,264.98925925925926,43.11789,-79.06027,2024-09-20T23:44:32.000000Z
2024,264.9892708333333,43.11789,-79.06027,2024-09-20T23:44:33.000000Z
2024,264.9892824074074,43.11789,-79.06027,2024-09-20T23:44:34.000000Z
2024,264.98929398148147,43.11789,-79.06027,2024-09-20T23:44:35.000000Z
2024,264.9893055555556,43.11788,-79.06027,2024-09-20T23:44:36.000000Z
2024,264.9893171296296,43.11788,-79.06027,2024-09-20T23:44:37.000000Z
2024,264.9893287037037,43.11788,-79.06027,2024-09-20T23:44:38.000000Z
2024,264.9893402777778,43.11788,-79.06027,2024-09-20T23:44:39.000000Z
2024,264.98935185185184,43.11788,-79.06028,2024-09-20T23:44:40.000000Z
2024,264.98936342592594,43.11788,-79.06028,2024-09-20T23:44:41.000000Z
2024,264.989375,43.11788,-79.06028,2024-09-20T23:44:42.000000Z
2024,264.98938657407405,43.11788,-79.06029,2024-09-20T23:44:43.000000Z
2024,264.98939814814815,43.11788,-79.06029,2024-09-20T23:44:44.000000Z
2024,264.9894097222222,43.11788,-79.0603,2024-09-20T23:44:45.000000Z
2024,264.9894212962963,43.11788,-79.0603,2024-09-20T23:44:46.000000Z
2024,264.9996412037037,43.11806,-79.06053,2024-09-20T23:59:29.000000Z
2024,264.9996527777777,43.11805,-79.06053,2024-09-20T23:59:30.000000Z
2024,264.9996643518518,43.11805,-79.06053,2024-09-20T23:59:31.000000Z
2024,264.9996759259259,43.11804,-79.06053,2024-09-20T23:59:32.000000Z
2024,264.99968749999994,43.11804,-79.06053,2024-09-20T23:59:33.000000Z
2024,264.99969907407404,43.11804,-79.06053,2024-09-20T23:59:34.000000Z
2024,264.9997106481481,43.11804,-79.06052,2024-09-20T23:59:35.000000Z
2024,264.9997222222222,43.11803,-79.06052,2024-09-20T23:59:36.000000Z
2024,264.99973379629625,43.11803,-79.06052,2024-09-20T23:59:37.000000Z
2024,264.9997916666666,43.118,-79.06049,2024-09-20T23:59:42.000000Z
2024,264.99987268518515,43.11796,-79.06047,2024-09-20T23:59:49.000000Z
2024,265.0002314814815,43.11792,-79.06045,2024-09-21T00:00:20.000000Z
2024,265.00024305555553,43.11792,-79.06045,2024-09-21T00:00:21.000000Z
2024,265.00025462962964,43.11792,-79.06045,2024-09-21T00:00:22.000000Z
2024,265.0002662037037,43.11792,-79.06045,2024-09-21T00:00:23.000000Z
2024,265.0002777777778,43.11792,-79.06045,2024-09-21T00:00:24.000000Z
2024,265.00028935185185,43.11792,-79.06045,2024-09-21T00:00:25.000000Z
2024,265.0003009259259,43.11792,-79.06045,2024-09-21T00:00:26.000000Z
2024,265.0003125,43.11792,-79.06045,2024-09-21T00:00:27.000000Z
2024,265.00032407407406,43.11792,-79.06044,2024-09-21T00:00:28.000000Z
2024,265.00033564814817,43.11792,-79.06044,2024-09-21T00:00:29.000000Z
2024,265.0003472222222,43.11792,-79.06044,2024-09-21T00:00:30.000000Z
2024,265.00035879629627,43.11792,-79.06044,2024-09-21T00:00:31.000000Z
2024,265.0003703703704,43.11792,-79.06043,2024-09-21T00:00:32.000000Z
2024,265.0003819444444,43.11791,-79.06042,2024-09-21T00:00:33.000000Z
2024,265.00039351851854,43.11791,-79.06042,2024-09-21T00:00:34.000000Z
2024,265.0004050925926,43.11791,-79.06042,2024-09-21T00:00:35.000000Z
2024,265.0004166666667,43.11791,-79.06041,2024-09-21T00:00:36.000000Z
2024,265.00042824074075,43.11791,-79.06041,2024-09-21T00:00:37.000000Z
2024,265.0004398148148,43.11791,-79.06041,2024-09-21T00:00:38.000000Z
2024,265.0004513888889,43.11791,-79.06041,2024-09-21T00:00:39.000000Z
2024,265.01004629629625,43.11792,-79.06044,2024-09-21T00:14:28.000000Z
2024,265.01005787037036,43.11792,-79.06044,2024-09-21T00:14:29.000000Z
2024,265.0100694444444,43.11791,-79.06045,2024-09-21T00:14:30.000000Z
2024,265.01008101851846,43.11792,-79.06045,2024-09-21T00:14:31.000000Z
2024,265.01009259259257,43.11792,-79.06044,2024-09-21T00:14:32.000000Z
2024,265.0101041666666,43.11792,-79.06044,2024-09-21T00:14:33.000000Z
2024,265.01011574074073,43.11792,-79.06044,2024-09-21T00:14:34.000000Z
2024,265.0101273148148,43.11793,-79.06044,2024-09-21T00:14:35.000000Z
2024,265.0101388888889,43.11793,-79.06044,2024-09-21T00:14:36.000000Z
2024,265.01015046296294,43.11793,-79.06044,2024-09-21T00:14:37.000000Z
2024,265.010162037037,43.11793,-79.06043,2024-09-21T00:14:38.000000Z
2024,265.0101736111111,43.11792,-79.06043,2024-09-21T00:14:39.000000Z
2024,265.01018518518515,43.11793,-79.06043,2024-09-21T00:14:40.000000Z
2024,265.01019675925926,43.11793,-79.06043,2024-09-21T00:14:41.000000Z
2024,265.0102083333333,43.11793,-79.06043,2024-09-21T00:14:42.000000Z
2024,265.01021990740736,43.11793,-79.06043,2024-09-21T00:14:43.000000Z
2024,265.01023148148147,43.11793,-79.06043,2024-09-21T00:14:44.000000Z
2024,265.0102430555555,43.11793,-79.06043,2024-09-21T00:14:45.000000Z
2024,265.0102546296296,43.11793,-79.06043,2024-09-21T00:14:46.000000Z
2024,265.02046296296294,43.11796,-79.06045,2024-09-21T00:29:28.000000Z
2024,265.02047453703705,43.11796,-79.06045,2024-09-21T00:29:29.000000Z
2024,265.0204861111111,43.11797,-79.06046,2024-09-21T00:29:30.000000Z
2024,265.02049768518515,43.11797,-79.06046,2024-09-21T00:29:31.000000Z
2024,265.02050925925926,43.11797,-79.06046,2024-09-21T00:29:32.000000Z
2024,265.0205208333333,43.11798,-79.06046,2024-09-21T00:29:33.000000Z
2024,265.0205324074074,43.11798,-79.06046,2024-09-21T00:29:34.000000Z
2024,265.02054398148147,43.11798,-79.06046,2024-09-21T00:29:35.000000Z
2024,265.0205555555556,43.11798,-79.06046,2024-09-21T00:29:36.000000Z
2024,265.0205671296296,43.11798,-79.06046,2024-09-21T00:29:37.000000Z
2024,265.0205787037037,43.11798,-79.06046,2024-09-21T00:29:38.000000Z
2024,265.0205902777778,43.11798,-79.06046,2024-09-21T00:29:39.000000Z
2024,265.02060185185184,43.11798,-79.06046,2024-09-21T00:29:40.000000Z
2024,265.02061342592594,43.11798,-79.06045,2024-09-21T00:29:41.000000Z
2024,265.020625,43.11798,-79.06045,2024-09-21T00:29:42.000000Z
2024,265.02063657407405,43.11798,-79.06045,2024-09-21T00:29:43.000000Z
2024,265.02064814814815,43.11798,-79.06045,2024-09-21T00:29:44.000000Z
2024,265.0206597222222,43.11798,-79.06045,2024-09-21T00:29:45.000000Z
2024,265.0206712962963,43.11798,-79.06045,2024-09-21T00:29:46.000000Z
2024,265.0308796296296,43.11791,-79.0604,2024-09-21T00:44:28.000000Z
2024,265.03089120370373,43.11791,-79.06041,2024-09-21T00:44:29.000000Z
2024,265.0309027777778,43.11791,-79.06041,2024-09-21T00:44:30.000000Z
2024,265.03091435185183,43.11791,-79.06042,2024-09-21T00:44:31.000000Z
2024,265.03092592592594,43.11791,-79.06043,2024-09-21T00:44:32.000000Z
2024,265.0309375,43.11791,-79.06043,2024-09-21T00:44:33.000000Z
2024,265.0309490740741,43.11791,-79.06043,2024-09-21T00:44:34.000000Z
2024,265.03096064814815,43.11791,-79.06043,2024-09-21T00:44:35.000000Z
2024,265.03097222222226,43.11791,-79.06044,2024-09-21T00:44:36.000000Z
2024,265.0309837962963,43.11792,-79.06044,2024-09-21T00:44:37.000000Z
2024,265.03099537037036,43.11792,-79.06044,2024-09-21T00:44:38.000000Z
2024,265.03100694444447,43.11792,-79.06044,2024-09-21T00:44:39.000000Z
2024,265.0310185185185,43.11792,-79.06044,2024-09-21T00:44:40.000000Z
2024,265.03103009259263,43.11792,-79.06044,2024-09-21T00:44:41.000000Z
2024,265.0310416666667,43.11792,-79.06044,2024-09-21T00:44:42.000000Z
2024,265.03105324074073,43.11793,-79.06045,2024-09-21T00:44:43.000000Z
2024,265.03106481481484,43.11793,-79.06045,2024-09-21T00:44:44.000000Z
2024,265.0310763888889,43.11793,-79.06046,2024-09-21T00:44:45.000000Z
2024,265.031087962963,43.11793,-79.06045,2024-09-21T00:44:46.000000Z
2024,265.04129629629625,43.11795,-79.06047,2024-09-21T00:59:28.000000Z
2024,265.04130787037036,43.11795,-79.06047,2024-09-21T00:59:29.000000Z
2024,265.0413194444444,43.11795,-79.06047,2024-09-21T00:59:30.000000Z
2024,265.04133101851846,43.11795,-79.06047,2024-09-21T00:59:31.000000Z
2024,265.04134259259257,43.11795,-79.06047,2024-09-21T00:59:32.000000Z
2024,265.0413541666666,43.11795,-79.06047,2024-09-21T00:59:33.000000Z
2024,265.04136574074073,43.11795,-79.06047,2024-09-21T00:59:34.000000Z
2024,265.0413773148148,43.11795,-79.06047,2024-09-21T00:59:35.000000Z
2024,265.0413888888889,43.11795,-79.06047,2024-09-21T00:59:36.000000Z
2024,265.04140046296294,43.11795,-79.06047,2024-09-21T00:59:37.000000Z
2024,265.041412037037,43.11795,-79.06047,2024-09-21T00:59:38.000000Z
2024,265.0414236111111,43.11795,-79.06047,2024-09-21T00:59:39.000000Z
2024,265.04143518518515,43.11795,-79.06047,2024-09-21T00:59:40.000000Z
2024,265.04144675925926,43.11795,-79.06047,2024-09-21T00:59:41.000000Z
2024,265.0414583333333,43.11795,-79.06047,2024-09-21T00:59:42.000000Z
2024,265.04146990740736,43.11794,-79.06047,2024-09-21T00:59:43.000000Z
2024,265.04148148148147,43.11794,-79.06047,2024-09-21T00:59:44.000000Z
2024,265.0414930555555,43.11794,-79.06047,2024-09-21T00:59:45.000000Z
2024,265.0415046296296,43.11794,-79.06047,2024-09-21T00:59:46.000000Z
2024,265.05171296296294,43.11789,-79.06046,2024-09-21T01:14:28.000000Z
2024,265.05172453703705,43.11789,-79.06046,2024-09-21T01:14:29.000000Z
2024,265.0517361111111,43.11789,-79.06046,2024-09-21T01:14:30.000000Z
2024,265.05174768518515,43.11789,-79.06046,2024-09-21T01:14:31.000000Z
2024,265.0517708333333,43.11789,-79.06045,2024-09-21T01:14:33.000000Z
2024,265.0517824074074,43.11789,-79.06044,2024-09-21T01:14:34.000000Z
2024,265.05179398148147,43.11789,-79.06044,2024-09-21T01:14:35.000000Z
2024,265.0518055555556,43.11789,-79.06044,2024-09-21T01:14:36.000000Z
2024,265.0518171296296,43.11789,-79.06044,2024-09-21T01:14:37.000000Z
2024,265.0518287037037,43.11789,-79.06044,2024-09-21T01:14:38.000000Z
2024,265.0518402777778,43.1179,-79.06044,2024-09-21T01:14:39.000000Z
2024,265.05185185185184,43.1179,-79.06044,2024-09-21T01:14:40.000000Z
2024,265.05186342592594,43.1179,-79.06044,2024-09-21T01:14:41.000000Z
2024,265.051875,43.1179,-79.06044,2024-09-21T01:14:42.000000Z
2024,265.05188657407405,43.1179,-79.06044,2024-09-21T01:14:43.000000Z
2024,265.05189814814815,43.1179,-79.06044,2024-09-21T01:14:44.000000Z
2024,265.0519097222222,43.1179,-79.06044,2024-09-21T01:14:45.000000Z
2024,265.0519212962963,43.1179,-79.06044,2024-09-21T01:14:46.000000Z
2024,265.0621296296296,43.11794,-79.0604,2024-09-21T01:29:28.000000Z
2024,265.06214120370373,43.11795,-79.06041,2024-09-21T01:29:29.000000Z
2024,265.0621527777778,43.11795,-79.0604,2024-09-21T01:29:30.000000Z
2024,265.06216435185183,43.11795,-79.0604,2024-09-21T01:29:31.000000Z
2024,265.06217592592594,43.11795,-79.0604,2024-09-21T01:29:32.000000Z
2024,265.0621875,43.11795,-79.06041,2024-09-21T01:29:33.000000Z
2024,265.0621990740741,43.11795,-79.0604,2024-09-21T01:29:34.000000Z
2024,265.06221064814815,43.11795,-79.0604,2024-09-21T01:29:35.000000Z
2024,265.06222222222226,43.11795,-79.06041,2024-09-21T01:29:36.000000Z
2024,265.0622337962963,43.11796,-79.06042,2024-09-21T01:29:37.000000Z
2024,265.06224537037036,43.11796,-79.06043,2024-09-21T01:29:38.000000Z
2024,265.06225694444447,43.11796,-79.06043,2024-09-21T01:29:39.000000Z
2024,265.0622685185185,43.11796,-79.06043,2024-09-21T01:29:40.000000Z
2024,265.06228009259263,43.11796,-79.06043,2024-09-21T01:29:41.000000Z
2024,265.0622916666667,43.11796,-79.06044,2024-09-21T01:29:42.000000Z
2024,265.06230324074073,43.11796,-79.06044,2024-09-21T01:29:43.000000Z
2024,265.06231481481484,43.11796,-79.06044,2024-09-21T01:29:44.000000Z
2024,265.0623263888889,43.11796,-79.06044,2024-09-21T01:29:45.000000Z
2024,265.062337962963,43.11796,-79.06044,2024-09-21T01:29:46.000000Z
2024,265.0725462962963,43.11802,-79.06056,2024-09-21T01:44:28.000000Z
2024,265.0725578703704,43.11802,-79.06056,2024-09-21T01:44:29.000000Z
2024,265.07256944444447,43.11802,-79.06056,2024-09-21T01:44:30.000000Z
2024,265.0725810185185,43.11803,-79.06055,2024-09-21T01:44:31.000000Z
2024,265.0725925925926,43.11803,-79.06055,2024-09-21T01:44:32.000000Z
2024,265.0726041666667,43.11802,-79.06054,2024-09-21T01:44:33.000000Z
2024,265.0726157407408,43.11801,-79.06053,2024-09-21T01:44:34.000000Z
2024,265.07262731481484,43.11801,-79.06053,2024-09-21T01:44:35.000000Z
2024,265.07263888888895,43.11801,-79.06053,2024-09-21T01:44:36.000000Z
2024,265.072650462963,43.11801,-79.06053,2024-09-21T01:44:37.000000Z
2024,265.07266203703705,43.11801,-79.06053,2024-09-21T01:44:38.000000Z
2024,265.07267361111116,43.118,-79.06053,2024-09-21T01:44:39.000000Z
2024,265.0726851851852,43.118,-79.06052,2024-09-21T01:44:40.000000Z
2024,265.0726967592593,43.118,-79.06052,2024-09-21T01:44:41.000000Z
2024,265.07270833333337,43.118,-79.06052,2024-09-21T01:44:42.000000Z
2024,265.0727199074074,43.11799,-79.06052,2024-09-21T01:44:43.000000Z
2024,265.0727430555556,43.11798,-79.06051,2024-09-21T01:44:45.000000Z
2024,265.0727546296297,43.11798,-79.0605,2024-09-21T01:44:46.000000Z
2024,265.08296296296294,43.11798,-79.06043,2024-09-21T01:59:28.000000Z
2024,265.08297453703705,43.11798,-79.06044,2024-09-21T01:59:29.000000Z
2024,265.0829861111111,43.11798,-79.06044,2024-09-21T01:59:30.000000Z
2024,265.08299768518515,43.11799,-79.06045,2024-09-21T01:59:31.000000Z
2024,265.08300925925926,43.11799,-79.06045,2024-09-21T01:59:32.000000Z
2024,265.0830208333333,43.11799,-79.06046,2024-09-21T01:59:33.000000Z
2024,265.0830324074074,43.11799,-79.06046,2024-09-21T01:59:34.000000Z
2024,265.08304398148147,43.11798,-79.06046,2024-09-21T01:59:35.000000Z
2024,265.0830555555556,43.11798,-79.06046,2024-09-21T01:59:36.000000Z
2024,265.0830671296296,43.11798,-79.06046,2024-09-21T01:59:37.000000Z
2024,265.0830787037037,43.11797,-79.06046,2024-09-21T01:59:38.000000Z
2024,265.0830902777778,43.11797,-79.06046,2024-09-21T01:59:39.000000Z
2024,265.08310185185184,43.11797,-79.06045,2024-09-21T01:59:40.000000Z
2024,265.08311342592594,43.11796,-79.06045,2024-09-21T01:59:41.000000Z
2024,265.083125,43.11796,-79.06045,2024-09-21T01:59:42.000000Z
2024,265.08313657407405,43.11796,-79.06045,2024-09-21T01:59:43.000000Z
2024,265.08314814814815,43.11796,-79.06044,2024-09-21T01:59:44.000000Z
2024,265.0831597222222,43.11795,-79.06044,2024-09-21T01:59:45.000000Z
2024,265.0831712962963,43.11795,-79.06044,2024-09-21T01:59:46.000000Z
2024,265.09337962962957,43.11798,-79.06056,2024-09-21T02:14:28.000000Z
2024,265.0933912037037,43.11798,-79.06055,2024-09-21T02:14:29.000000Z
2024,265.0934027777777,43.11798,-79.06055,2024-09-21T02:14:30.000000Z
2024,265.0934143518518,43.11798,-79.06055,2024-09-21T02:14:31.000000Z
2024,265.0934259259259,43.11798,-79.06055,2024-09-21T02:14:32.000000Z
2024,265.09343749999994,43.11797,-79.06055,2024-09-21T02:14:33.000000Z
2024,265.09344907407404,43.11797,-79.06055,2024-09-21T02:14:34.000000Z
2024,265.0934606481481,43.11797,-79.06055,2024-09-21T02:14:35.000000Z
2024,265.0934722222222,43.11797,-79.06055,2024-09-21T02:14:36.000000Z
2024,265.09348379629625,43.11796,-79.06055,2024-09-21T02:14:37.000000Z
2024,265.0934953703703,43.11796,-79.06055,2024-09-21T02:14:38.000000Z
2024,265.0935069444444,43.11796,-79.06055,2024-09-21T02:14:39.000000Z
2024,265.09351851851847,43.11796,-79.06055,2024-09-21T02:14:40.000000Z
2024,265.0935300925926,43.11796,-79.06054,2024-09-21T02:14:41.000000Z
2024,265.0935416666666,43.11796,-79.06054,2024-09-21T02:14:42.000000Z
2024,265.0935532407407,43.11796,-79.06054,2024-09-21T02:14:43.000000Z
2024,265.0935648148148,43.11796,-79.06054,2024-09-21T02:14:44.000000Z
2024,265.09357638888883,43.11796,-79.06053,2024-09-21T02:14:45.000000Z
2024,265.09358796296294,43.11796,-79.06053,2024-09-21T02:14:46.000000Z
2024,265.10379629629625,43.11794,-79.06044,2024-09-21T02:29:28.000000Z
2024,265.10380787037036,43.11794,-79.06044,2024-09-21T02:29:29.000000Z
2024,265.1038194444444,43.11795,-79.06044,2024-09-21T02:29:30.000000Z
2024,265.10383101851846,43.11795,-79.06045,2024-09-21T02:29:31.000000Z
2024,265.10384259259257,43.11795,-79.06045,2024-09-21T02:29:32.000000Z
2024,265.1038541666666,43.11795,-79.06046,2024-09-21T02:29:33.000000Z
2024,265.10386574074073,43.11795,-79.06046,2024-09-21T02:29:34.000000Z
2024,265.1038773148148,43.11795,-79.06046,2024-09-21T02:29:35.000000Z
2024,265.1038888888889,43.11796,-79.06046,2024-09-21T02:29:36.000000Z
2024,265.10390046296294,43.11796,-79.06046,2024-09-21T02:29:37.000000Z
2024,265.103912037037,43.11796,-79.06046,2024-09-21T02:29:38.000000Z
2024,265.1039236111111,43.11796,-79.06047,2024-09-21T02:29:39.000000Z
2024,265.10393518518515,43.11796,-79.06047,2024-09-21T02:29:40.000000Z
2024,265.10394675925926,43.11796,-79.06047,2024-09-21T02:29:41.000000Z
2024,265.1039583333333,43.11796,-79.06047,2024-09-21T02:29:42.000000Z
2024,265.10396990740736,43.11796,-79.06047,2024-09-21T02:29:43.000000Z
2024,265.10398148148147,43.11795,-79.06047,2024-09-21T02:29:44.000000Z
2024,265.1039930555555,43.11795,-79.06047,2024-09-21T02:29:45.000000Z
2024,265.1040046296296,43.11795,-79.06047,2024-09-21T02:29:46.000000Z
2024,265.1142824074074,43.11797,-79.06047,2024-09-21T02:44:34.000000Z
2024,265.11429398148147,43.11797,-79.06047,2024-09-21T02:44:35.000000Z
2024,265.1143055555556,43.11797,-79.06048,2024-09-21T02:44:36.000000Z
2024,265.1143171296296,43.11797,-79.06048,2024-09-21T02:44:37.000000Z
2024,265.1143287037037,43.11797,-79.06048,2024-09-21T02:44:38.000000Z
2024,265.1143402777778,43.11797,-79.06048,2024-09-21T02:44:39.000000Z
2024,265.11435185185184,43.11797,-79.06048,2024-09-21T02:44:40.000000Z
2024,265.11436342592594,43.11797,-79.06048,2024-09-21T02:44:41.000000Z
2024,265.114375,43.11797,-79.06048,2024-09-21T02:44:42.000000Z
2024,265.11438657407405,43.11797,-79.06048,2024-09-21T02:44:43.000000Z
2024,265.11439814814815,43.11797,-79.06048,2024-09-21T02:44:44.000000Z
2024,265.1144097222222,43.11797,-79.06048,2024-09-21T02:44:45.000000Z
2024,265.1144212962963,43.11797,-79.06049,2024-09-21T02:44:46.000000Z
2024,265.11443287037036,43.11797,-79.06049,2024-09-21T02:44:47.000000Z
2024,265.1144444444444,43.11797,-79.06049,2024-09-21T02:44:48.000000Z
2024,265.1144560185185,43.11797,-79.0605,2024-09-21T02:44:49.000000Z
2024,265.1144675925926,43.11798,-79.0605,2024-09-21T02:44:50.000000Z
2024,265.1144791666667,43.11798,-79.0605,2024-09-21T02:44:51.000000Z
2024,265.11449074074073,43.11798,-79.0605,2024-09-21T02:44:52.000000Z
2024,265.12462962962957,43.11804,-79.06053,2024-09-21T02:59:28.000000Z
2024,265.1246412037037,43.11803,-79.06053,2024-09-21T02:59:29.000000Z
2024,265.1246527777777,43.11802,-79.06055,2024-09-21T02:59:30.000000Z
2024,265.1246643518518,43.11801,-79.06056,2024-09-21T02:59:31.000000Z
2024,265.1246759259259,43.11801,-79.06056,2024-09-21T02:59:32.000000Z
2024,265.12468749999994,43.118,-79.06056,2024-09-21T02:59:33.000000Z
2024,265.12469907407404,43.118,-79.06056,2024-09-21T02:59:34.000000Z
2024,265.1247106481481,43.11799,-79.06055,2024-09-21T02:59:35.000000Z
2024,265.1247222222222,43.11798,-79.06055,2024-09-21T02:59:36.000000Z
2024,265.12473379629625,43.11798,-79.06056,2024-09-21T02:59:37.000000Z
2024,265.1247453703703,43.11798,-79.06055,2024-09-21T02:59:38.000000Z
2024,265.1247569444444,43.11796,-79.06056,2024-09-21T02:59:39.000000Z
2024,265.12476851851847,43.11795,-79.06056,2024-09-21T02:59:40.000000Z
2024,265.1247800925926,43.11795,-79.06057,2024-09-21T02:59:41.000000Z
2024,265.1247916666666,43.11794,-79.06058,2024-09-21T02:59:42.000000Z
2024,265.1248032407407,43.11793,-79.06058,2024-09-21T02:59:43.000000Z
2024,265.1248148148148,43.11793,-79.06059,2024-09-21T02:59:44.000000Z
2024,265.12482638888883,43.11792,-79.06059,2024-09-21T02:59:45.000000Z
2024,265.12483796296294,43.11792,-79.06059,2024-09-21T02:59:46.000000Z
2024,265.13508101851846,43.11801,-79.06037,2024-09-21T03:14:31.000000Z
2024,265.13509259259257,43.11801,-79.06032,2024-09-21T03:14:32.000000Z
2024,265.1351041666666,43.11801,-79.06031,2024-09-21T03:14:33.000000Z
2024,265.13511574074073,43.11801,-79.06027,2024-09-21T03:14:34.000000Z
2024,265.1351273148148,43.118,-79.06027,2024-09-21T03:14:35.000000Z
2024,265.1351388888889,43.11798,-79.06027,2024-09-21T03:14:36.000000Z
2024,265.13515046296294,43.11798,-79.06027,2024-09-21T03:14:37.000000Z
2024,265.135162037037,43.11798,-79.06027,2024-09-21T03:14:38.000000Z
2024,265.1351736111111,43.11799,-79.06029,2024-09-21T03:14:39.000000Z
2024,265.13518518518515,43.11804,-79.06036,2024-09-21T03:14:40.000000Z
2024,265.13519675925926,43.11804,-79.06037,2024-09-21T03:14:41.000000Z
2024,265.1352083333333,43.11805,-79.06038,2024-09-21T03:14:42.000000Z
2024,265.13521990740736,43.11805,-79.06038,2024-09-21T03:14:43.000000Z
2024,265.13523148148147,43.11805,-79.06039,2024-09-21T03:14:44.000000Z
2024,265.1352430555555,43.11805,-79.06039,2024-09-21T03:14:45.000000Z
2024,265.1352546296296,43.11805,-79.06039,2024-09-21T03:14:46.000000Z
2024,265.1352662037037,43.11804,-79.0604,2024-09-21T03:14:47.000000Z
2024,265.13527777777773,43.11804,-79.06039,2024-09-21T03:14:48.000000Z
2024,265.13528935185184,43.11804,-79.06039,2024-09-21T03:14:49.000000Z
2024,265.1455208333333,43.11793,-79.06058,2024-09-21T03:29:33.000000Z
2024,265.1455324074074,43.11793,-79.06058,2024-09-21T03:29:34.000000Z
2024,265.14554398148147,43.11793,-79.06058,2024-09-21T03:29:35.000000Z
2024,265.1455555555556,43.11793,-79.06058,2024-09-21T03:29:36.000000Z
2024,265.1455671296296,43.11793,-79.06059,2024-09-21T03:29:37.000000Z
2024,265.1455787037037,43.11793,-79.06059,2024-09-21T03:29:38.000000Z
2024,265.1455902777778,43.11793,-79.06059,2024-09-21T03:29:39.000000Z
2024,265.14560185185184,43.11794,-79.06059,2024-09-21T03:29:40.000000Z
2024,265.14561342592594,43.11794,-79.06059,2024-09-21T03:29:41.000000Z
2024,265.145625,43.11795,-79.06058,2024-09-21T03:29:42.000000Z
2024,265.14563657407405,43.11795,-79.06058,2024-09-21T03:29:43.000000Z
2024,265.14564814814815,43.11795,-79.06057,2024-09-21T03:29:44.000000Z
2024,265.1456597222222,43.11795,-79.06057,2024-09-21T03:29:45.000000Z
2024,265.1456712962963,43.11795,-79.06056,2024-09-21T03:29:46.000000Z
2024,265.14568287037036,43.11795,-79.06056,2024-09-21T03:29:47.000000Z
2024,265.1456944444444,43.11795,-79.06056,2024-09-21T03:29:48.000000Z
2024,265.1457060185185,43.11795,-79.06056,2024-09-21T03:29:49.000000Z
2024,265.1457175925926,43.11795,-79.06056,2024-09-21T03:29:50.000000Z
2024,265.1457291666667,43.11795,-79.06056,2024-09-21T03:29:51.000000Z
2024,265.14574074074073,43.11795,-79.06056,2024-09-21T03:29:52.000000Z
2024,265.1559375,43.11798,-79.06056,2024-09-21T03:44:33.000000Z
2024,265.1559490740741,43.11798,-79.06056,2024-09-21T03:44:34.000000Z
2024,265.15596064814815,43.11799,-79.06056,2024-09-21T03:44:35.000000Z
2024,265.15597222222226,43.11799,-79.06055,2024-09-21T03:44:36.000000Z
2024,265.1559837962963,43.11799,-79.06055,2024-09-21T03:44:37.000000Z
2024,265.15599537037036,43.11799,-79.06054,2024-09-21T03:44:38.000000Z
2024,265.15600694444447,43.11799,-79.06054,2024-09-21T03:44:39.000000Z
2024,265.1560185185185,43.11798,-79.06054,2024-09-21T03:44:40.000000Z
2024,265.15603009259263,43.11798,-79.06053,2024-09-21T03:44:41.000000Z
2024,265.1560416666667,43.11797,-79.06053,2024-09-21T03:44:42.000000Z
2024,265.15605324074073,43.11797,-79.06053,2024-09-21T03:44:43.000000Z
2024,265.15606481481484,43.11796,-79.06053,2024-09-21T03:44:44.000000Z
2024,265.1560763888889,43.11796,-79.06053,2024-09-21T03:44:45.000000Z
2024,265.156087962963,43.11796,-79.06053,2024-09-21T03:44:46.000000Z
2024,265.15609953703705,43.11796,-79.06053,2024-09-21T03:44:47.000000Z
2024,265.1561111111111,43.11796,-79.06052,2024-09-21T03:44:48.000000Z
2024,265.1561226851852,43.11796,-79.06052,2024-09-21T03:44:49.000000Z
2024,265.15613425925926,43.11796,-79.06052,2024-09-21T03:44:50.000000Z
2024,265.15614583333337,43.11796,-79.06051,2024-09-21T03:44:51.000000Z
2024,265.1561574074074,43.11796,-79.06051,2024-09-21T03:44:52.000000Z
2024,265.16648148148147,43.11791,-79.06054,2024-09-21T03:59:44.000000Z
2024,265.1664930555555,43.11791,-79.06054,2024-09-21T03:59:45.000000Z
2024,265.1665046296296,43.11791,-79.06054,2024-09-21T03:59:46.000000Z
2024,265.1665162037037,43.11791,-79.06054,2024-09-21T03:59:47.000000Z
2024,265.16652777777773,43.1179,-79.06053,2024-09-21T03:59:48.000000Z
2024,265.16653935185184,43.1179,-79.06053,2024-09-21T03:59:49.000000Z
2024,265.1665509259259,43.1179,-79.06053,2024-09-21T03:59:50.000000Z
2024,265.1665625,43.1179,-79.06053,2024-09-21T03:59:51.000000Z
2024,265.16657407407405,43.1179,-79.06053,2024-09-21T03:59:52.000000Z
2024,265.1665856481481,43.1179,-79.06053,2024-09-21T03:59:53.000000Z
2024,265.1665972222222,43.1179,-79.06053,2024-09-21T03:59:54.000000Z
2024,265.16660879629626,43.1179,-79.06053,2024-09-21T03:59:55.000000Z
2024,265.16662037037037,43.1179,-79.06052,2024-09-21T03:59:56.000000Z
2024,265.1666319444444,43.1179,-79.06052,2024-09-21T03:59:57.000000Z
2024,265.16664351851847,43.11791,-79.06052,2024-09-21T03:59:58.000000Z
2024,265.1666550925926,43.11791,-79.06052,2024-09-21T03:59:59.000000Z
2024,265.1666666666667,43.11791,-79.06052,2024-09-21T04:00:00.000000Z
2024,265.16667824074074,43.11791,-79.06051,2024-09-21T04:00:01.000000Z
2024,265.16668981481484,43.11791,-79.06051,2024-09-21T04:00:02.000000Z
2024,265.1667013888889,43.11792,-79.06051,2024-09-21T04:00:03.000000Z
2024,265.17686342592594,43.11799,-79.0605,2024-09-21T04:14:41.000000Z
2024,265.176875,43.11799,-79.0605,2024-09-21T04:14:42.000000Z
2024,265.17688657407405,43.11798,-79.06051,2024-09-21T04:14:43.000000Z
2024,265.17689814814815,43.11798,-79.06051,2024-09-21T04:14:44.000000Z
2024,265.1769097222222,43.11798,-79.06051,2024-09-21T04:14:45.000000Z
2024,265.1769212962963,43.11798,-79.0605,2024-09-21T04:14:46.000000Z
2024,265.17693287037036,43.11798,-79.0605,2024-09-21T04:14:47.000000Z
2024,265.1769444444444,43.11798,-79.0605,2024-09-21T04:14:48.000000Z
2024,265.1769560185185,43.11797,-79.0605,2024-09-21T04:14:49.000000Z
2024,265.1769675925926,43.11797,-79.06049,2024-09-21T04:14:50.000000Z
2024,265.1769791666667,43.11797,-79.06049,2024-09-21T04:14:51.000000Z
2024,265.17699074074073,43.11797,-79.06048,2024-09-21T04:14:52.000000Z
2024,265.1770023148148,43.11797,-79.06048,2024-09-21T04:14:53.000000Z
2024,265.1770138888889,43.11796,-79.06048,2024-09-21T04:14:54.000000Z
2024,265.17702546296294,43.11794,-79.06047,2024-09-21T04:14:55.000000Z
2024,265.17703703703705,43.11792,-79.06047,2024-09-21T04:14:56.000000Z
2024,265.1770486111111,43.11791,-79.06047,2024-09-21T04:14:57.000000Z
2024,265.17706018518516,43.1179,-79.06047,2024-09-21T04:14:58.000000Z
2024,265.17707175925926,43.11789,-79.06047,2024-09-21T04:14:59.000000Z
2024,265.17708333333337,43.11789,-79.06047,2024-09-21T04:15:00.000000Z
2024,265.1871875,43.11794,-79.06045,2024-09-21T04:29:33.000000Z
2024,265.1871990740741,43.11794,-79.06045,2024-09-21T04:29:34.000000Z
2024,265.18721064814815,43.11794,-79.06044,2024-09-21T04:29:35.000000Z
2024,265.18722222222226,43.11794,-79.06044,2024-09-21T04:29:36.000000Z
2024,265.1872337962963,43.11794,-79.06044,2024-09-21T04:29:37.000000Z
2024,265.18724537037036,43.11794,-79.06044,2024-09-21T04:29:38.000000Z
2024,265.18725694444447,43.11794,-79.06044,2024-09-21T04:29:39.000000Z
2024,265.1872685185185,43.11794,-79.06044,2024-09-21T04:29:40.000000Z
2024,265.18728009259263,43.11794,-79.06044,2024-09-21T04:29:41.000000Z
2024,265.1872916666667,43.11795,-79.06044,2024-09-21T04:29:42.000000Z
2024,265.18730324074073,43.11795,-79.06044,2024-09-21T04:29:43.000000Z
2024,265.18731481481484,43.11795,-79.06044,2024-09-21T04:29:44.000000Z
2024,265.1873263888889,43.11795,-79.06044,2024-09-21T04:29:45.000000Z
2024,265.187337962963,43.11795,-79.06044,2024-09-21T04:29:46.000000Z
2024,265.18734953703705,43.11795,-79.06044,2024-09-21T04:29:47.000000Z
2024,265.1873611111111,43.11795,-79.06044,2024-09-21T04:29:48.000000Z
2024,265.1873726851852,43.11795,-79.06044,2024-09-21T04:29:49.000000Z
2024,265.18738425925926,43.11795,-79.06044,2024-09-21T04:29:50.000000Z
2024,265.18739583333337,43.11795,-79.06044,2024-09-21T04:29:51.000000Z
2024,265.1874074074074,43.11795,-79.06044,2024-09-21T04:29:52.000000Z
2024,265.1976041666667,43.11799,-79.06047,2024-09-21T04:44:33.000000Z
2024,265.1976157407408,43.11799,-79.06047,2024-09-21T04:44:34.000000Z
2024,265.19762731481484,43.11798,-79.06047,2024-09-21T04:44:35.000000Z
2024,265.19763888888895,43.11798,-79.06047,2024-09-21T04:44:36.000000Z
2024,265.197650462963,43.11798,-79.06047,2024-09-21T04:44:37.000000Z
2024,265.19766203703705,43.11798,-79.06048,2024-09-21T04:44:38.000000Z
2024,265.19767361111116,43.11798,-79.06048,2024-09-21T04:44:39.000000Z
2024,265.1976851851852,43.11798,-79.06048,2024-09-21T04:44:40.000000Z
2024,265.1976967592593,43.11798,-79.06049,2024-09-21T04:44:41.000000Z
2024,265.19770833333337,43.11797,-79.06049,2024-09-21T04:44:42.000000Z
2024,265.1977199074074,43.11797,-79.06049,2024-09-21T04:44:43.000000Z
2024,265.1977314814815,43.11797,-79.0605,2024-09-21T04:44:44.000000Z
2024,265.1977430555556,43.11797,-79.0605,2024-09-21T04:44:45.000000Z
2024,265.1977546296297,43.11797,-79.0605,2024-09-21T04:44:46.000000Z
2024,265.19776620370374,43.11796,-79.0605,2024-09-21T04:44:47.000000Z
2024,265.1977777777778,43.11796,-79.0605,2024-09-21T04:44:48.000000Z
2024,265.1977893518519,43.11796,-79.0605,2024-09-21T04:44:49.000000Z
2024,265.19780092592595,43.11796,-79.0605,2024-09-21T04:44:50.000000Z
2024,265.19781250000005,43.11796,-79.0605,2024-09-21T04:44:51.000000Z
2024,265.1978240740741,43.11796,-79.0605,2024-09-21T04:44:52.000000Z
2024,265.2079513888889,43.11796,-79.06037,2024-09-21T04:59:27.000000Z
2024,265.20796296296294,43.11796,-79.06037,2024-09-21T04:59:28.000000Z
2024,265.20797453703705,43.11797,-79.06034,2024-09-21T04:59:29.000000Z
2024,265.2079861111111,43.11798,-79.06034,2024-09-21T04:59:30.000000Z
2024,265.20799768518515,43.11798,-79.06034,2024-09-21T04:59:31.000000Z
2024,265.20800925925926,43.11798,-79.06034,2024-09-21T04:59:32.000000Z
2024,265.2080208333333,43.11798,-79.06034,2024-09-21T04:59:33.000000Z
2024,265.2080324074074,43.11798,-79.06034,2024-09-21T04:59:34.000000Z
2024,265.20804398148147,43.11798,-79.06034,2024-09-21T04:59:35.000000Z
2024,265.2080555555556,43.11798,-79.06035,2024-09-21T04:59:36.000000Z
2024,265.2080671296296,43.11798,-79.06035,2024-09-21T04:59:37.000000Z
2024,265.2080787037037,43.11798,-79.06035,2024-09-21T04:59:38.000000Z
2024,265.2080902777778,43.11798,-79.06036,2024-09-21T04:59:39.000000Z
2024,265.20810185185184,43.11798,-79.06036,2024-09-21T04:59:40.000000Z
2024,265.20811342592594,43.11798,-79.06037,2024-09-21T04:59:41.000000Z
2024,265.208125,43.11798,-79.06037,2024-09-21T04:59:42.000000Z
2024,265.20813657407405,43.11798,-79.06037,2024-09-21T04:59:43.000000Z
2024,265.20814814814815,43.11798,-79.06037,2024-09-21T04:59:44.000000Z
2024,265.2081597222222,43.11798,-79.06037,2024-09-21T04:59:45.000000Z
2024,265.2081712962963,43.11798,-79.06038,2024-09-21T04:59:46.000000Z
2024,265.21843749999994,43.11793,-79.06045,2024-09-21T05:14:33.000000Z
2024,265.21844907407404,43.11793,-79.06045,2024-09-21T05:14:34.000000Z
2024,265.2184606481481,43.11793,-79.06045,2024-09-21T05:14:35.000000Z
2024,265.2184722222222,43.11793,-79.06045,2024-09-21T05:14:36.000000Z
2024,265.21848379629625,43.11793,-79.06045,2024-09-21T05:14:37.000000Z
2024,265.2184953703703,43.11792,-79.06045,2024-09-21T05:14:38.000000Z
2024,265.2185069444444,43.11792,-79.06044,2024-09-21T05:14:39.000000Z
2024,265.21851851851847,43.11792,-79.06044,2024-09-21T05:14:40.000000Z
2024,265.2185300925926,43.11792,-79.06044,2024-09-21T05:14:41.000000Z
2024,265.2185416666666,43.11792,-79.06044,2024-09-21T05:14:42.000000Z
2024,265.2185532407407,43.11792,-79.06044,2024-09-21T05:14:43.000000Z
2024,265.2185648148148,43.11792,-79.06044,2024-09-21T05:14:44.000000Z
2024,265.21857638888883,43.11791,-79.06044,2024-09-21T05:14:45.000000Z
2024,265.21858796296294,43.11791,-79.06044,2024-09-21T05:14:46.000000Z
2024,265.218599537037,43.11791,-79.06044,2024-09-21T05:14:47.000000Z
2024,265.21861111111104,43.11791,-79.06043,2024-09-21T05:14:48.000000Z
2024,265.21862268518515,43.11791,-79.06043,2024-09-21T05:14:49.000000Z
2024,265.2186342592592,43.11791,-79.06043,2024-09-21T05:14:50.000000Z
2024,265.2186458333333,43.11791,-79.06043,2024-09-21T05:14:51.000000Z
2024,265.21865740740736,43.11791,-79.06043,2024-09-21T05:14:52.000000Z
2024,265.2287847222222,43.11795,-79.06035,2024-09-21T05:29:27.000000Z
2024,265.22879629629625,43.11795,-79.06035,2024-09-21T05:29:28.000000Z
2024,265.22880787037036,43.11795,-79.06035,2024-09-21T05:29:29.000000Z
2024,265.2288194444444,43.11795,-79.06034,2024-09-21T05:29:30.000000Z
2024,265.22883101851846,43.11795,-79.06034,2024-09-21T05:29:31.000000Z
2024,265.22884259259257,43.11795,-79.06034,2024-09-21T05:29:32.000000Z
2024,265.2288541666666,43.11795,-79.06035,2024-09-21T05:29:33.000000Z
2024,265.22886574074073,43.11795,-79.06035,2024-09-21T05:29:34.000000Z
2024,265.2288773148148,43.11795,-79.06036,2024-09-21T05:29:35.000000Z
2024,265.2288888888889,43.11795,-79.06037,2024-09-21T05:29:36.000000Z
2024,265.22890046296294,43.11795,-79.06037,2024-09-21T05:29:37.000000Z
2024,265.228912037037,43.11795,-79.06037,2024-09-21T05:29:38.000000Z
2024,265.2289236111111,43.11795,-79.06037,2024-09-21T05:29:39.000000Z
2024,265.22893518518515,43.11795,-79.06037,2024-09-21T05:29:40.000000Z
2024,265.22894675925926,43.11795,-79.06037,2024-09-21T05:29:41.000000Z
2024,265.2289583333333,43.11795,-79.06037,2024-09-21T05:29:42.000000Z
2024,265.22896990740736,43.11795,-79.06037,2024-09-21T05:29:43.000000Z
2024,265.22898148148147,43.11795,-79.06037,2024-09-21T05:29:44.000000Z
2024,265.2289930555555,43.11795,-79.06037,2024-09-21T05:29:45.000000Z
2024,265.2290046296296,43.11795,-79.06037,2024-09-21T05:29:46.000000Z
2024,265.2392708333333,43.118,-79.06053,2024-09-21T05:44:33.000000Z
2024,265.2392824074074,43.118,-79.06053,2024-09-21T05:44:34.000000Z
2024,265.23929398148147,43.118,-79.06053,2024-09-21T05:44:35.000000Z
2024,265.2393055555556,43.118,-79.06053,2024-09-21T05:44:36.000000Z
2024,265.2393171296296,43.11799,-79.06053,2024-09-21T05:44:37.000000Z
2024,265.2393287037037,43.11799,-79.06053,2024-09-21T05:44:38.000000Z
2024,265.2393402777778,43.11799,-79.06053,2024-09-21T05:44:39.000000Z
2024,265.23935185185184,43.11799,-79.06053,2024-09-21T05:44:40.000000Z
2024,265.23936342592594,43.11799,-79.06053,2024-09-21T05:44:41.000000Z
2024,265.239375,43.11799,-79.06053,2024-09-21T05:44:42.000000Z
2024,265.23938657407405,43.11799,-79.06053,2024-09-21T05:44:43.000000Z
2024,265.23939814814815,43.11798,-79.06053,2024-09-21T05:44:44.000000Z
2024,265.2394097222222,43.11798,-79.06053,2024-09-21T05:44:45.000000Z
2024,265.2394212962963,43.11798,-79.06052,2024-09-21T05:44:46.000000Z
2024,265.23943287037036,43.11798,-79.06052,2024-09-21T05:44:47.000000Z
2024,265.2394444444444,43.11798,-79.06052,2024-09-21T05:44:48.000000Z
2024,265.2394560185185,43.11798,-79.06052,2024-09-21T05:44:49.000000Z
2024,265.2394675925926,43.11798,-79.06051,2024-09-21T05:44:50.000000Z
2024,265.2394791666667,43.11798,-79.06051,2024-09-21T05:44:51.000000Z
2024,265.23949074074073,43.11798,-79.06051,2024-09-21T05:44:52.000000Z
2024,265.2496180555555,43.11804,-79.06037,2024-09-21T05:59:27.000000Z
2024,265.24962962962957,43.11804,-79.06037,2024-09-21T05:59:28.000000Z
2024,265.2496412037037,43.11805,-79.06035,2024-09-21T05:59:29.000000Z
2024,265.2496527777777,43.11805,-79.06033,2024-09-21T05:59:30.000000Z
2024,265.2496643518518,43.11805,-79.06032,2024-09-21T05:59:31.000000Z
2024,265.2496759259259,43.11806,-79.06031,2024-09-21T05:59:32.000000Z
2024,265.24968749999994,43.11806,-79.06032,2024-09-21T05:59:33.000000Z
2024,265.24969907407404,43.11806,-79.06032,2024-09-21T05:59:34.000000Z
2024,265.2497106481481,43.11806,-79.06032,2024-09-21T05:59:35.000000Z
2024,265.2497222222222,43.11806,-79.06031,2024-09-21T05:59:36.000000Z
2024,265.24973379629625,43.11806,-79.06031,2024-09-21T05:59:37.000000Z
2024,265.2497453703703,43.11806,-79.06031,2024-09-21T05:59:38.000000Z
2024,265.2497569444444,43.11806,-79.06031,2024-09-21T05:59:39.000000Z
2024,265.24976851851847,43.11806,-79.06037,2024-09-21T05:59:40.000000Z
2024,265.2497800925926,43.11806,-79.0604,2024-09-21T05:59:41.000000Z
2024,265.2497916666666,43.11806,-79.0604,2024-09-21T05:59:42.000000Z
2024,265.2498032407407,43.11806,-79.06041,2024-09-21T05:59:43.000000Z
2024,265.2498148148148,43.11806,-79.06042,2024-09-21T05:59:44.000000Z
2024,265.24982638888883,43.11806,-79.06042,2024-09-21T05:59:45.000000Z
2024,265.24983796296294,43.11806,-79.06043,2024-09-21T05:59:46.000000Z
2024,265.2601041666666,43.118,-79.06045,2024-09-21T06:14:33.000000Z
2024,265.26011574074073,43.118,-79.06045,2024-09-21T06:14:34.000000Z
2024,265.2601273148148,43.11801,-79.06047,2024-09-21T06:14:35.000000Z
2024,265.2605439814815,43.11793,-79.06048,2024-09-21T06:15:11.000000Z
2024,265.2605555555556,43.11794,-79.06048,2024-09-21T06:15:12.000000Z
2024,265.26056712962964,43.11794,-79.06048,2024-09-21T06:15:13.000000Z
2024,265.26057870370374,43.11794,-79.06048,2024-09-21T06:15:14.000000Z
2024,265.2605902777778,43.11794,-79.06048,2024-09-21T06:15:15.000000Z
2024,265.26060185185185,43.11794,-79.06049,2024-09-21T06:15:16.000000Z
2024,265.26061342592595,43.11794,-79.06049,2024-09-21T06:15:17.000000Z
2024,265.260625,43.11793,-79.06049,2024-09-21T06:15:18.000000Z
2024,265.2606365740741,43.11793,-79.06049,2024-09-21T06:15:19.000000Z
2024,265.26064814814816,43.11793,-79.06049,2024-09-21T06:15:20.000000Z
2024,265.2606597222222,43.11793,-79.06049,2024-09-21T06:15:21.000000Z
2024,265.2606712962963,43.11793,-79.06049,2024-09-21T06:15:22.000000Z
2024,265.2606828703704,43.11793,-79.06049,2024-09-21T06:15:23.000000Z
2024,265.2606944444445,43.11794,-79.06049,2024-09-21T06:15:24.000000Z
2024,265.26070601851853,43.11794,-79.06049,2024-09-21T06:15:25.000000Z
2024,265.2607175925926,43.11794,-79.0605,2024-09-21T06:15:26.000000Z
2024,265.2607291666667,43.11794,-79.0605,2024-09-21T06:15:27.000000Z
2024,265.26074074074074,43.11794,-79.0605,2024-09-21T06:15:28.000000Z
2024,265.26075231481485,43.11794,-79.0605,2024-09-21T06:15:29.000000Z
2024,265.2607638888889,43.11794,-79.0605,2024-09-21T06:15:30.000000Z
2024,265.2704513888889,43.11795,-79.06049,2024-09-21T06:29:27.000000Z
2024,265.27046296296294,43.11795,-79.06049,2024-09-21T06:29:28.000000Z
2024,265.27047453703705,43.11794,-79.06049,2024-09-21T06:29:29.000000Z
2024,265.2704861111111,43.11794,-79.06049,2024-09-21T06:29:30.000000Z
2024,265.27049768518515,43.11794,-79.0605,2024-09-21T06:29:31.000000Z
2024,265.27050925925926,43.11794,-79.0605,2024-09-21T06:29:32.000000Z
2024,265.2705208333333,43.11794,-79.0605,2024-09-21T06:29:33.000000Z
2024,265.2705324074074,43.11794,-79.0605,2024-09-21T06:29:34.000000Z
2024,265.27054398148147,43.11794,-79.0605,2024-09-21T06:29:35.000000Z
2024,265.2705555555556,43.11794,-79.0605,2024-09-21T06:29:36.000000Z
2024,265.2705671296296,43.11794,-79.0605,2024-09-21T06:29:37.000000Z
2024,265.2705787037037,43.11794,-79.0605,2024-09-21T06:29:38.000000Z
2024,265.2705902777778,43.11794,-79.0605,2024-09-21T06:29:39.000000Z
2024,265.27060185185184,43.11795,-79.06049,2024-09-21T06:29:40.000000Z
2024,265.27061342592594,43.11795,-79.06048,2024-09-21T06:29:41.000000Z
2024,265.270625,43.11795,-79.06048,2024-09-21T06:29:42.000000Z
2024,265.27063657407405,43.11795,-79.06047,2024-09-21T06:29:43.000000Z
2024,265.27064814814815,43.11795,-79.06047,2024-09-21T06:29:44.000000Z
2024,265.2706597222222,43.11795,-79.06047,2024-09-21T06:29:45.000000Z
2024,265.2706712962963,43.11795,-79.06047,2024-09-21T06:29:46.000000Z
2024,265.2808680555556,43.11796,-79.06046,2024-09-21T06:44:27.000000Z
2024,265.2808796296296,43.11796,-79.06046,2024-09-21T06:44:28.000000Z
2024,265.28089120370373,43.11796,-79.06046,2024-09-21T06:44:29.000000Z
2024,265.2809027777778,43.11796,-79.06046,2024-09-21T06:44:30.000000Z
2024,265.28091435185183,43.11796,-79.06046,2024-09-21T06:44:31.000000Z
2024,265.28092592592594,43.11797,-79.06047,2024-09-21T06:44:32.000000Z
2024,265.2809375,43.11797,-79.06047,2024-09-21T06:44:33.000000Z
2024,265.2809490740741,43.11797,-79.06047,2024-09-21T06:44:34.000000Z
2024,265.28096064814815,43.11797,-79.06047,2024-09-21T06:44:35.000000Z
2024,265.28097222222226,43.11798,-79.06047,2024-09-21T06:44:36.000000Z
2024,265.2809837962963,43.11798,-79.06047,2024-09-21T06:44:37.000000Z
2024,265.28099537037036,43.11798,-79.06048,2024-09-21T06:44:38.000000Z
2024,265.28100694444447,43.11798,-79.06048,2024-09-21T06:44:39.000000Z
2024,265.2810185185185,43.11799,-79.06048,2024-09-21T06:44:40.000000Z
2024,265.28103009259263,43.11799,-79.06049,2024-09-21T06:44:41.000000Z
2024,265.2810416666667,43.11799,-79.06049,2024-09-21T06:44:42.000000Z
2024,265.28105324074073,43.11799,-79.06049,2024-09-21T06:44:43.000000Z
2024,265.28106481481484,43.11799,-79.0605,2024-09-21T06:44:44.000000Z
2024,265.2810763888889,43.11799,-79.0605,2024-09-21T06:44:45.000000Z
2024,265.281087962963,43.11799,-79.0605,2024-09-21T06:44:46.000000Z
2024,265.2912152777777,43.11796,-79.06035,2024-09-21T06:59:21.000000Z
2024,265.2913541666666,43.118,-79.06047,2024-09-21T06:59:33.000000Z
2024,265.29136574074073,43.11799,-79.06047,2024-09-21T06:59:34.000000Z
2024,265.2913773148148,43.11799,-79.06047,2024-09-21T06:59:35.000000Z
2024,265.2913888888889,43.11799,-79.06047,2024-09-21T06:59:36.000000Z
2024,265.29140046296294,43.11799,-79.06047,2024-09-21T06:59:37.000000Z
2024,265.291412037037,43.11799,-79.06047,2024-09-21T06:59:38.000000Z
2024,265.2914236111111,43.11799,-79.06047,2024-09-21T06:59:39.000000Z
2024,265.29143518518515,43.11799,-79.06047,2024-09-21T06:59:40.000000Z
2024,265.29144675925926,43.11799,-79.06047,2024-09-21T06:59:41.000000Z
2024,265.2914583333333,43.11799,-79.06047,2024-09-21T06:59:42.000000Z
2024,265.29146990740736,43.11799,-79.06047,2024-09-21T06:59:43.000000Z
2024,265.29148148148147,43.11798,-79.06047,2024-09-21T06:59:44.000000Z
2024,265.2914930555555,43.11798,-79.06047,2024-09-21T06:59:45.000000Z
2024,265.2915046296296,43.11798,-79.06046,2024-09-21T06:59:46.000000Z
2024,265.2915162037037,43.11798,-79.06045,2024-09-21T06:59:47.000000Z
2024,265.29152777777773,43.11798,-79.06045,2024-09-21T06:59:48.000000Z
2024,265.29153935185184,43.11798,-79.06044,2024-09-21T06:59:49.000000Z
2024,265.2915509259259,43.11798,-79.06044,2024-09-21T06:59:50.000000Z
2024,265.2915625,43.11798,-79.06044,2024-09-21T06:59:51.000000Z
2024,265.30172453703705,43.118,-79.0605,2024-09-21T07:14:29.000000Z
2024,265.3017361111111,43.118,-79.0605,2024-09-21T07:14:30.000000Z
2024,265.30174768518515,43.118,-79.06051,2024-09-21T07:14:31.000000Z
2024,265.30175925925926,43.11799,-79.0605,2024-09-21T07:14:32.000000Z
2024,265.3017708333333,43.11798,-79.0605,2024-09-21T07:14:33.000000Z
2024,265.3017824074074,43.11798,-79.0605,2024-09-21T07:14:34.000000Z
2024,265.30179398148147,43.11797,-79.06049,2024-09-21T07:14:35.000000Z
2024,265.3018055555556,43.11797,-79.06049,2024-09-21T07:14:36.000000Z
2024,265.3018171296296,43.11796,-79.06048,2024-09-21T07:14:37.000000Z
2024,265.3018287037037,43.11796,-79.06047,2024-09-21T07:14:38.000000Z
2024,265.3018402777778,43.11796,-79.06047,2024-09-21T07:14:39.000000Z
2024,265.30185185185184,43.11796,-79.06047,2024-09-21T07:14:40.000000Z
2024,265.30186342592594,43.11796,-79.06047,2024-09-21T07:14:41.000000Z
2024,265.301875,43.11796,-79.06047,2024-09-21T07:14:42.000000Z
2024,265.30188657407405,43.11796,-79.06047,2024-09-21T07:14:43.000000Z
2024,265.30189814814815,43.11796,-79.06047,2024-09-21T07:14:44.000000Z
2024,265.3019097222222,43.11796,-79.06047,2024-09-21T07:14:45.000000Z
2024,265.3019212962963,43.11796,-79.06048,2024-09-21T07:14:46.000000Z
2024,265.30193287037036,43.11796,-79.06048,2024-09-21T07:14:47.000000Z
2024,265.31214120370373,43.11793,-79.06035,2024-09-21T07:29:29.000000Z
2024,265.3121527777778,43.11793,-79.06036,2024-09-21T07:29:30.000000Z
2024,265.31216435185183,43.11793,-79.06037,2024-09-21T07:29:31.000000Z
2024,265.31217592592594,43.11793,-79.06037,2024-09-21T07:29:32.000000Z
2024,265.3121875,43.11793,-79.06037,2024-09-21T07:29:33.000000Z
2024,265.3121990740741,43.11793,-79.06038,2024-09-21T07:29:34.000000Z
2024,265.31221064814815,43.11793,-79.0604,2024-09-21T07:29:35.000000Z
2024,265.31222222222226,43.11793,-79.0604,2024-09-21T07:29:36.000000Z
2024,265.3122337962963,43.11793,-79.06041,2024-09-21T07:29:37.000000Z
2024,265.31224537037036,43.11793,-79.06042,2024-09-21T07:29:38.000000Z
2024,265.31225694444447,43.11793,-79.06043,2024-09-21T07:29:39.000000Z
2024,265.3122685185185,43.11793,-79.06044,2024-09-21T07:29:40.000000Z
2024,265.31228009259263,43.11793,-79.06044,2024-09-21T07:29:41.000000Z
2024,265.3122916666667,43.11793,-79.06044,2024-09-21T07:29:42.000000Z
2024,265.31230324074073,43.11793,-79.06044,2024-09-21T07:29:43.000000Z
2024,265.31231481481484,43.11793,-79.06044,2024-09-21T07:29:44.000000Z
2024,265.3123263888889,43.11793,-79.06044,2024-09-21T07:29:45.000000Z
2024,265.312337962963,43.11793,-79.06044,2024-09-21T07:29:46.000000Z
2024,265.31234953703705,43.11793,-79.06044,2024-09-21T07:29:47.000000Z
2024,265.3225578703704,43.11793,-79.06038,2024-09-21T07:44:29.000000Z
2024,265.32256944444447,43.11793,-79.0604,2024-09-21T07:44:30.000000Z
2024,265.3225810185185,43.11793,-79.0604,2024-09-21T07:44:31.000000Z
2024,265.3225925925926,43.11793,-79.0604,2024-09-21T07:44:32.000000Z
2024,265.3226041666667,43.11793,-79.06041,2024-09-21T07:44:33.000000Z
2024,265.3226157407408,43.11793,-79.06041,2024-09-21T07:44:34.000000Z
2024,265.32262731481484,43.11793,-79.06041,2024-09-21T07:44:35.000000Z
2024,265.32263888888895,43.11793,-79.06041,2024-09-21T07:44:36.000000Z
2024,265.322650462963,43.11793,-79.06041,2024-09-21T07:44:37.000000Z
2024,265.32266203703705,43.11793,-79.06042,2024-09-21T07:44:38.000000Z
2024,265.32267361111116,43.11793,-79.06042,2024-09-21T07:44:39.000000Z
2024,265.3226851851852,43.11793,-79.06042,2024-09-21T07:44:40.000000Z
2024,265.3226967592593,43.11793,-79.06042,2024-09-21T07:44:41.000000Z
2024,265.32270833333337,43.11793,-79.06041,2024-09-21T07:44:42.000000Z
2024,265.3227199074074,43.11793,-79.06041,2024-09-21T07:44:43.000000Z
2024,265.3227314814815,43.11793,-79.06041,2024-09-21T07:44:44.000000Z
2024,265.3227430555556,43.11793,-79.06041,2024-09-21T07:44:45.000000Z
2024,265.3227546296297,43.11793,-79.0604,2024-09-21T07:44:46.000000Z
2024,265.32276620370374,43.11793,-79.0604,2024-09-21T07:44:47.000000Z
2024,265.33297453703705,43.1179,-79.06033,2024-09-21T07:59:29.000000Z
2024,265.3329861111111,43.11791,-79.06034,2024-09-21T07:59:30.000000Z
2024,265.33299768518515,43.11791,-79.06034,2024-09-21T07:59:31.000000Z
2024,265.33300925925926,43.11791,-79.06035,2024-09-21T07:59:32.000000Z
2024,265.3330208333333,43.11792,-79.06036,2024-09-21T07:59:33.000000Z
2024,265.3330324074074,43.11792,-79.06037,2024-09-21T07:59:34.000000Z
2024,265.33304398148147,43.11793,-79.06037,2024-09-21T07:59:35.000000Z
2024,265.3330555555556,43.11793,-79.06037,2024-09-21T07:59:36.000000Z
2024,265.3330671296296,43.11793,-79.06037,2024-09-21T07:59:37.000000Z
2024,265.3330787037037,43.11793,-79.06036,2024-09-21T07:59:38.000000Z
2024,265.3330902777778,43.11793,-79.06036,2024-09-21T07:59:39.000000Z
2024,265.33310185185184,43.11793,-79.06036,2024-09-21T07:59:40.000000Z
2024,265.33311342592594,43.11793,-79.06036,2024-09-21T07:59:41.000000Z
2024,265.333125,43.11793,-79.06035,2024-09-21T07:59:42.000000Z
2024,265.33313657407405,43.11793,-79.06035,2024-09-21T07:59:43.000000Z
2024,265.33314814814815,43.11794,-79.06035,2024-09-21T07:59:44.000000Z
2024,265.3331597222222,43.11794,-79.06035,2024-09-21T07:59:45.000000Z
2024,265.3331712962963,43.11794,-79.06034,2024-09-21T07:59:46.000000Z
2024,265.33318287037036,43.11794,-79.06034,2024-09-21T07:59:47.000000Z
2024,265.3434606481481,43.11795,-79.06046,2024-09-21T08:14:35.000000Z
2024,265.3434722222222,43.11795,-79.06046,2024-09-21T08:14:36.000000Z
2024,265.34348379629625,43.11795,-79.06046,2024-09-21T08:14:37.000000Z
2024,265.3434953703703,43.11796,-79.06046,2024-09-21T08:14:38.000000Z
2024,265.3435069444444,43.11796,-79.06046,2024-09-21T08:14:39.000000Z
2024,265.34351851851847,43.11797,-79.06047,2024-09-21T08:14:40.000000Z
2024,265.3435300925926,43.11797,-79.06047,2024-09-21T08:14:41.000000Z
2024,265.3435416666666,43.11797,-79.06047,2024-09-21T08:14:42.000000Z
2024,265.3435532407407,43.11797,-79.06047,2024-09-21T08:14:43.000000Z
2024,265.3435648148148,43.11797,-79.06047,2024-09-21T08:14:44.000000Z
2024,265.34357638888883,43.11796,-79.06047,2024-09-21T08:14:45.000000Z
2024,265.34358796296294,43.11796,-79.06047,2024-09-21T08:14:46.000000Z
2024,265.343599537037,43.11796,-79.06047,2024-09-21T08:14:47.000000Z
2024,265.34361111111104,43.11796,-79.06047,2024-09-21T08:14:48.000000Z
2024,265.34362268518515,43.11796,-79.06047,2024-09-21T08:14:49.000000Z
2024,265.3436342592592,43.11796,-79.06047,2024-09-21T08:14:50.000000Z
2024,265.3436458333333,43.11795,-79.06047,2024-09-21T08:14:51.000000Z
2024,265.34365740740736,43.11795,-79.06047,2024-09-21T08:14:52.000000Z
2024,265.3436689814814,43.11795,-79.06047,2024-09-21T08:14:53.000000Z
2024,265.3538773148148,43.11794,-79.06039,2024-09-21T08:29:35.000000Z
2024,265.3538888888889,43.11793,-79.06039,2024-09-21T08:29:36.000000Z
2024,265.35390046296294,43.11793,-79.06039,2024-09-21T08:29:37.000000Z
2024,265.353912037037,43.11793,-79.06039,2024-09-21T08:29:38.000000Z
2024,265.3539236111111,43.11793,-79.06039,2024-09-21T08:29:39.000000Z
2024,265.35393518518515,43.11792,-79.06038,2024-09-21T08:29:40.000000Z
2024,265.35394675925926,43.11792,-79.06038,2024-09-21T08:29:41.000000Z
2024,265.3539583333333,43.11791,-79.06038,2024-09-21T08:29:42.000000Z
2024,265.35396990740736,43.1179,-79.06038,2024-09-21T08:29:43.000000Z
2024,265.35398148148147,43.1179,-79.06038,2024-09-21T08:29:44.000000Z
2024,265.3539930555555,43.11789,-79.06039,2024-09-21T08:29:45.000000Z
2024,265.3540046296296,43.11788,-79.06039,2024-09-21T08:29:46.000000Z
2024,265.3540162037037,43.11788,-79.06039,2024-09-21T08:29:47.000000Z
2024,265.35402777777773,43.11787,-79.06039,2024-09-21T08:29:48.000000Z
2024,265.35403935185184,43.11787,-79.06039,2024-09-21T08:29:49.000000Z
2024,265.3540509259259,43.11786,-79.06038,2024-09-21T08:29:50.000000Z
2024,265.3540625,43.11786,-79.06038,2024-09-21T08:29:51.000000Z
2024,265.35407407407405,43.11785,-79.06037,2024-09-21T08:29:52.000000Z
2024,265.3540856481481,43.11785,-79.06037,2024-09-21T08:29:53.000000Z
2024,265.36429398148147,43.11793,-79.06035,2024-09-21T08:44:35.000000Z
2024,265.3643055555556,43.11793,-79.06034,2024-09-21T08:44:36.000000Z
2024,265.3643171296296,43.11792,-79.06034,2024-09-21T08:44:37.000000Z
2024,265.3643287037037,43.11792,-79.06033,2024-09-21T08:44:38.000000Z
2024,265.3643402777778,43.11792,-79.06032,2024-09-21T08:44:39.000000Z
2024,265.36435185185184,43.11792,-79.06032,2024-09-21T08:44:40.000000Z
2024,265.36436342592594,43.11792,-79.06033,2024-09-21T08:44:41.000000Z
2024,265.364375,43.11792,-79.06033,2024-09-21T08:44:42.000000Z
2024,265.36438657407405,43.11791,-79.06032,2024-09-21T08:44:43.000000Z
2024,265.36439814814815,43.11791,-79.06033,2024-09-21T08:44:44.000000Z
2024,265.3644097222222,43.11791,-79.06033,2024-09-21T08:44:45.000000Z
2024,265.3644212962963,43.11791,-79.06033,2024-09-21T08:44:46.000000Z
2024,265.36443287037036,43.11791,-79.06033,2024-09-21T08:44:47.000000Z
2024,265.3644444444444,43.11791,-79.06034,2024-09-21T08:44:48.000000Z
2024,265.3644560185185,43.11791,-79.06034,2024-09-21T08:44:49.000000Z
2024,265.3644675925926,43.11791,-79.06035,2024-09-21T08:44:50.000000Z
2024,265.3644791666667,43.11791,-79.06036,2024-09-21T08:44:51.000000Z
2024,265.36449074074073,43.11791,-79.06037,2024-09-21T08:44:52.000000Z
2024,265.3645023148148,43.11791,-79.06037,2024-09-21T08:44:53.000000Z
2024,265.3746412037037,43.11786,-79.0605,2024-09-21T08:59:29.000000Z
2024,265.3746527777777,43.11787,-79.0605,2024-09-21T08:59:30.000000Z
2024,265.3746643518518,43.11787,-79.0605,2024-09-21T08:59:31.000000Z
2024,265.3746759259259,43.11787,-79.0605,2024-09-21T08:59:32.000000Z
2024,265.37468749999994,43.11787,-79.0605,2024-09-21T08:59:33.000000Z
2024,265.37469907407404,43.11787,-79.0605,2024-09-21T08:59:34.000000Z
2024,265.3747106481481,43.11787,-79.0605,2024-09-21T08:59:35.000000Z
2024,265.3747222222222,43.11787,-79.0605,2024-09-21T08:59:36.000000Z
2024,265.37473379629625,43.11787,-79.0605,2024-09-21T08:59:37.000000Z
2024,265.3747453703703,43.11787,-79.0605,2024-09-21T08:59:38.000000Z
2024,265.3747569444444,43.11787,-79.0605,2024-09-21T08:59:39.000000Z
2024,265.37476851851847,43.11787,-79.0605,2024-09-21T08:59:40.000000Z
2024,265.3747800925926,43.11786,-79.0605,2024-09-21T08:59:41.000000Z
2024,265.3747916666666,43.11786,-79.0605,2024-09-21T08:59:42.000000Z
2024,265.3748032407407,43.11786,-79.0605,2024-09-21T08:59:43.000000Z
2024,265.3748148148148,43.11786,-79.0605,2024-09-21T08:59:44.000000Z
2024,265.37482638888883,43.11786,-79.0605,2024-09-21T08:59:45.000000Z
2024,265.37483796296294,43.11785,-79.06049,2024-09-21T08:59:46.000000Z
2024,265.374849537037,43.11785,-79.06049,2024-09-21T08:59:47.000000Z
2024,265.38505787037036,43.11831,-79.06034,2024-09-21T09:14:29.000000Z
2024,265.3850694444444,43.11832,-79.06032,2024-09-21T09:14:30.000000Z
2024,265.38508101851846,43.11833,-79.06034,2024-09-21T09:14:31.000000Z
2024,265.38509259259257,43.11834,-79.06034,2024-09-21T09:14:32.000000Z
2024,265.3851041666666,43.11833,-79.06034,2024-09-21T09:14:33.000000Z
2024,265.38511574074073,43.11832,-79.06034,2024-09-21T09:14:34.000000Z
2024,265.3851273148148,43.11832,-79.06034,2024-09-21T09:14:35.000000Z
2024,265.3851388888889,43.11831,-79.06034,2024-09-21T09:14:36.000000Z
2024,265.38515046296294,43.1183,-79.06034,2024-09-21T09:14:37.000000Z
2024,265.385162037037,43.11828,-79.06034,2024-09-21T09:14:38.000000Z
2024,265.3851736111111,43.11827,-79.06035,2024-09-21T09:14:39.000000Z
2024,265.38518518518515,43.11826,-79.06036,2024-09-21T09:14:40.000000Z
2024,265.38519675925926,43.11824,-79.06037,2024-09-21T09:14:41.000000Z
2024,265.3852083333333,43.11823,-79.06037,2024-09-21T09:14:42.000000Z
2024,265.38521990740736,43.11821,-79.06038,2024-09-21T09:14:43.000000Z
2024,265.38523148148147,43.1182,-79.06039,2024-09-21T09:14:44.000000Z
2024,265.3852430555555,43.11818,-79.0604,2024-09-21T09:14:45.000000Z
2024,265.3852546296296,43.11817,-79.0604,2024-09-21T09:14:46.000000Z
2024,265.3852662037037,43.11816,-79.0604,2024-09-21T09:14:47.000000Z
2024,265.39554398148147,43.11798,-79.06045,2024-09-21T09:29:35.000000Z
2024,265.3955555555556,43.11798,-79.06044,2024-09-21T09:29:36.000000Z
2024,265.3955671296296,43.11798,-79.06044,2024-09-21T09:29:37.000000Z
2024,265.3955787037037,43.11798,-79.06044,2024-09-21T09:29:38.000000Z
2024,265.3955902777778,43.11798,-79.06044,2024-09-21T09:29:39.000000Z
2024,265.39560185185184,43.11798,-79.06044,2024-09-21T09:29:40.000000Z
2024,265.39561342592594,43.11798,-79.06044,2024-09-21T09:29:41.000000Z
2024,265.395625,43.11797,-79.06044,2024-09-21T09:29:42.000000Z
2024,265.39563657407405,43.11797,-79.06044,2024-09-21T09:29:43.000000Z
2024,265.39564814814815,43.11796,-79.06044,2024-09-21T09:29:44.000000Z
2024,265.3956597222222,43.11796,-79.06044,2024-09-21T09:29:45.000000Z
2024,265.3956712962963,43.11796,-79.06044,2024-09-21T09:29:46.000000Z
2024,265.39568287037036,43.11796,-79.06044,2024-09-21T09:29:47.000000Z
2024,265.3956944444444,43.11796,-79.06044,2024-09-21T09:29:48.000000Z
2024,265.3957060185185,43.11796,-79.06044,2024-09-21T09:29:49.000000Z
2024,265.3957175925926,43.11796,-79.06045,2024-09-21T09:29:50.000000Z
2024,265.3957291666667,43.11796,-79.06046,2024-09-21T09:29:51.000000Z
2024,265.39574074074073,43.11796,-79.06046,2024-09-21T09:29:52.000000Z
2024,265.3957523148148,43.11797,-79.06047,2024-09-21T09:29:53.000000Z
2024,265.40596064814815,43.11809,-79.06046,2024-09-21T09:44:35.000000Z
2024,265.40597222222226,43.11809,-79.06045,2024-09-21T09:44:36.000000Z
2024,265.4059837962963,43.11808,-79.06044,2024-09-21T09:44:37.000000Z
2024,265.40599537037036,43.11808,-79.06044,2024-09-21T09:44:38.000000Z
2024,265.40600694444447,43.11807,-79.06043,2024-09-21T09:44:39.000000Z
2024,265.4060185185185,43.11807,-79.06043,2024-09-21T09:44:40.000000Z
2024,265.40603009259263,43.11806,-79.06043,2024-09-21T09:44:41.000000Z
2024,265.4060416666667,43.11806,-79.06043,2024-09-21T09:44:42.000000Z
2024,265.40605324074073,43.11806,-79.06043,2024-09-21T09:44:43.000000Z
2024,265.40606481481484,43.11806,-79.06043,2024-09-21T09:44:44.000000Z
2024,265.4060763888889,43.11806,-79.06043,2024-09-21T09:44:45.000000Z
2024,265.406087962963,43.11806,-79.06043,2024-09-21T09:44:46.000000Z
2024,265.40609953703705,43.11806,-79.06043,2024-09-21T09:44:47.000000Z
2024,265.4061111111111,43.11806,-79.06042,2024-09-21T09:44:48.000000Z
2024,265.4061226851852,43.11806,-79.06042,2024-09-21T09:44:49.000000Z
2024,265.40613425925926,43.11806,-79.06042,2024-09-21T09:44:50.000000Z
2024,265.40614583333337,43.11806,-79.06043,2024-09-21T09:44:51.000000Z
2024,265.4061574074074,43.11806,-79.06043,2024-09-21T09:44:52.000000Z
2024,265.40616898148147,43.11807,-79.06043,2024-09-21T09:44:53.000000Z
2024,265.4163773148148,43.11801,-79.06041,2024-09-21T09:59:35.000000Z
2024,265.4163888888889,43.11801,-79.0604,2024-09-21T09:59:36.000000Z
2024,265.41640046296294,43.11801,-79.0604,2024-09-21T09:59:37.000000Z
2024,265.416412037037,43.11801,-79.0604,2024-09-21T09:59:38.000000Z
2024,265.4164236111111,43.11801,-79.0604,2024-09-21T09:59:39.000000Z
2024,265.41643518518515,43.11801,-79.0604,2024-09-21T09:59:40.000000Z
2024,265.41644675925926,43.11802,-79.0604,2024-09-21T09:59:41.000000Z
2024,265.4164583333333,43.11802,-79.0604,2024-09-21T09:59:42.000000Z
2024,265.41646990740736,43.11802,-79.0604,2024-09-21T09:59:43.000000Z
2024,265.41648148148147,43.11803,-79.0604,2024-09-21T09:59:44.000000Z
2024,265.4164930555555,43.11803,-79.0604,2024-09-21T09:59:45.000000Z
2024,265.4165046296296,43.11803,-79.0604,2024-09-21T09:59:46.000000Z
2024,265.4165162037037,43.11803,-79.0604,2024-09-21T09:59:47.000000Z
2024,265.41652777777773,43.11803,-79.06039,2024-09-21T09:59:48.000000Z
2024,265.41653935185184,43.11803,-79.06039,2024-09-21T09:59:49.000000Z
2024,265.4165509259259,43.11803,-79.06039,2024-09-21T09:59:50.000000Z
2024,265.4165625,43.11803,-79.06039,2024-09-21T09:59:51.000000Z
2024,265.41657407407405,43.11803,-79.06039,2024-09-21T09:59:52.000000Z
2024,265.4165856481481,43.11802,-79.06039,2024-09-21T09:59:53.000000Z
2024,265.42679398148147,43.11815,-79.06028,2024-09-21T10:14:35.000000Z
2024,265.4268055555556,43.11815,-79.06027,2024-09-21T10:14:36.000000Z
2024,265.4268171296296,43.11814,-79.06027,2024-09-21T10:14:37.000000Z
2024,265.4268287037037,43.11814,-79.06027,2024-09-21T10:14:38.000000Z
2024,265.4268402777778,43.11813,-79.06027,2024-09-21T10:14:39.000000Z
2024,265.42685185185184,43.11813,-79.06027,2024-09-21T10:14:40.000000Z
2024,265.42686342592594,43.11812,-79.06027,2024-09-21T10:14:41.000000Z
2024,265.426875,43.11811,-79.06027,2024-09-21T10:14:42.000000Z
2024,265.42688657407405,43.11811,-79.06028,2024-09-21T10:14:43.000000Z
2024,265.42689814814815,43.11809,-79.06028,2024-09-21T10:14:44.000000Z
2024,265.4269097222222,43.11809,-79.06029,2024-09-21T10:14:45.000000Z
2024,265.4269212962963,43.11808,-79.06029,2024-09-21T10:14:46.000000Z
2024,265.42693287037036,43.11808,-79.0603,2024-09-21T10:14:47.000000Z
2024,265.4269444444444,43.11808,-79.0603,2024-09-21T10:14:48.000000Z
2024,265.4269560185185,43.11807,-79.06031,2024-09-21T10:14:49.000000Z
2024,265.4269675925926,43.11806,-79.06031,2024-09-21T10:14:50.000000Z
2024,265.4269791666667,43.11806,-79.06032,2024-09-21T10:14:51.000000Z
2024,265.42699074074073,43.11806,-79.06032,2024-09-21T10:14:52.000000Z
2024,265.4270023148148,43.11805,-79.06033,2024-09-21T10:14:53.000000Z
2024,265.43721064814815,43.11791,-79.06046,2024-09-21T10:29:35.000000Z
2024,265.43722222222226,43.11792,-79.06047,2024-09-21T10:29:36.000000Z
2024,265.4372337962963,43.11792,-79.06047,2024-09-21T10:29:37.000000Z
2024,265.43724537037036,43.11792,-79.06047,2024-09-21T10:29:38.000000Z
2024,265.43725694444447,43.11792,-79.06047,2024-09-21T10:29:39.000000Z
2024,265.4372685185185,43.11792,-79.06047,2024-09-21T10:29:40.000000Z
2024,265.43728009259263,43.11791,-79.06047,2024-09-21T10:29:41.000000Z
2024,265.4372916666667,43.11792,-79.06047,2024-09-21T10:29:42.000000Z
2024,265.43730324074073,43.11792,-79.06047,2024-09-21T10:29:43.000000Z
2024,265.43731481481484,43.11792,-79.06047,2024-09-21T10:29:44.000000Z
2024,265.4373263888889,43.11792,-79.06048,2024-09-21T10:29:45.000000Z
2024,265.437337962963,43.11792,-79.06048,2024-09-21T10:29:46.000000Z
2024,265.43734953703705,43.11792,-79.06048,2024-09-21T10:29:47.000000Z
2024,265.4373611111111,43.11792,-79.06048,2024-09-21T10:29:48.000000Z
2024,265.4373726851852,43.11793,-79.06048,2024-09-21T10:29:49.000000Z
2024,265.43738425925926,43.11793,-79.06048,2024-09-21T10:29:50.000000Z
2024,265.43739583333337,43.11793,-79.06048,2024-09-21T10:29:51.000000Z
2024,265.4374074074074,43.11793,-79.06048,2024-09-21T10:29:52.000000Z
2024,265.43741898148147,43.11794,-79.06048,2024-09-21T10:29:53.000000Z
2024,265.4374305555556,43.11794,-79.06048,2024-09-21T10:29:54.000000Z
2024,265.44762731481484,43.11803,-79.06049,2024-09-21T10:44:35.000000Z
2024,265.44763888888895,43.11804,-79.06049,2024-09-21T10:44:36.000000Z
2024,265.447650462963,43.11804,-79.0605,2024-09-21T10:44:37.000000Z
2024,265.44766203703705,43.11804,-79.0605,2024-09-21T10:44:38.000000Z
2024,265.44767361111116,43.11803,-79.0605,2024-09-21T10:44:39.000000Z
2024,265.4476851851852,43.11803,-79.0605,2024-09-21T10:44:40.000000Z
2024,265.4476967592593,43.11802,-79.06051,2024-09-21T10:44:41.000000Z
2024,265.44770833333337,43.11801,-79.06051,2024-09-21T10:44:42.000000Z
2024,265.4477199074074,43.11801,-79.06052,2024-09-21T10:44:43.000000Z
2024,265.4477314814815,43.118,-79.06052,2024-09-21T10:44:44.000000Z
2024,265.4477430555556,43.118,-79.06052,2024-09-21T10:44:45.000000Z
2024,265.4477546296297,43.11799,-79.06052,2024-09-21T10:44:46.000000Z
2024,265.44776620370374,43.11799,-79.06052,2024-09-21T10:44:47.000000Z
2024,265.4477777777778,43.11798,-79.06052,2024-09-21T10:44:48.000000Z
2024,265.4477893518519,43.11798,-79.06052,2024-09-21T10:44:49.000000Z
2024,265.44780092592595,43.11798,-79.06052,2024-09-21T10:44:50.000000Z
2024,265.44781250000005,43.11798,-79.06052,2024-09-21T10:44:51.000000Z
2024,265.4478240740741,43.11798,-79.06053,2024-09-21T10:44:52.000000Z
2024,265.44783564814816,43.11798,-79.06053,2024-09-21T10:44:53.000000Z
2024,265.45811342592594,43.11802,-79.06056,2024-09-21T10:59:41.000000Z
2024,265.458125,43.11802,-79.06056,2024-09-21T10:59:42.000000Z
2024,265.45813657407405,43.11803,-79.06056,2024-09-21T10:59:43.000000Z
2024,265.45814814814815,43.11803,-79.06056,2024-09-21T10:59:44.000000Z
2024,265.4581597222222,43.11804,-79.06056,2024-09-21T10:59:45.000000Z
2024,265.4581712962963,43.11803,-79.06056,2024-09-21T10:59:46.000000Z
2024,265.45818287037036,43.11802,-79.06056,2024-09-21T10:59:47.000000Z
2024,265.4581944444444,43.11802,-79.06056,2024-09-21T10:59:48.000000Z
2024,265.4582060185185,43.11801,-79.06056,2024-09-21T10:59:49.000000Z
2024,265.4582175925926,43.11801,-79.06056,2024-09-21T10:59:50.000000Z
2024,265.4582291666667,43.118,-79.06056,2024-09-21T10:59:51.000000Z
2024,265.45824074074073,43.118,-79.06056,2024-09-21T10:59:52.000000Z
2024,265.4582523148148,43.118,-79.06056,2024-09-21T10:59:53.000000Z
2024,265.4582638888889,43.11799,-79.06056,2024-09-21T10:59:54.000000Z
2024,265.45827546296294,43.11789,-79.06042,2024-09-21T10:59:55.000000Z
2024,265.45828703703705,43.11788,-79.06042,2024-09-21T10:59:56.000000Z
2024,265.4582986111111,43.11788,-79.06042,2024-09-21T10:59:57.000000Z
2024,265.45831018518516,43.11787,-79.06041,2024-09-21T10:59:58.000000Z
2024,265.45832175925926,43.11787,-79.06041,2024-09-21T10:59:59.000000Z
2024,265.4684722222222,43.11788,-79.06047,2024-09-21T11:14:36.000000Z
2024,265.46848379629625,43.11788,-79.06046,2024-09-21T11:14:37.000000Z
2024,265.4684953703703,43.11788,-79.06046,2024-09-21T11:14:38.000000Z
2024,265.4685069444444,43.11788,-79.06046,2024-09-21T11:14:39.000000Z
2024,265.46851851851847,43.11788,-79.06047,2024-09-21T11:14:40.000000Z
2024,265.4685300925926,43.11788,-79.06047,2024-09-21T11:14:41.000000Z
2024,265.4685416666666,43.11788,-79.06047,2024-09-21T11:14:42.000000Z
2024,265.4685532407407,43.11788,-79.06047,2024-09-21T11:14:43.000000Z
2024,265.4685648148148,43.11788,-79.06047,2024-09-21T11:14:44.000000Z
2024,265.46857638888883,43.11788,-79.06047,2024-09-21T11:14:45.000000Z
2024,265.46858796296294,43.11788,-79.06048,2024-09-21T11:14:46.000000Z
2024,265.468599537037,43.11788,-79.06048,2024-09-21T11:14:47.000000Z
2024,265.46861111111104,43.11788,-79.06049,2024-09-21T11:14:48.000000Z
2024,265.46862268518515,43.11789,-79.0605,2024-09-21T11:14:49.000000Z
2024,265.4686342592592,43.11789,-79.0605,2024-09-21T11:14:50.000000Z
2024,265.4686458333333,43.11789,-79.0605,2024-09-21T11:14:51.000000Z
2024,265.46865740740736,43.1179,-79.0605,2024-09-21T11:14:52.000000Z
2024,265.4686689814814,43.1179,-79.06051,2024-09-21T11:14:53.000000Z
2024,265.4686805555555,43.1179,-79.06051,2024-09-21T11:14:54.000000Z
2024,265.47886574074073,43.118,-79.06044,2024-09-21T11:29:34.000000Z
2024,265.4788773148148,43.118,-79.06044,2024-09-21T11:29:35.000000Z
2024,265.4788888888889,43.118,-79.06044,2024-09-21T11:29:36.000000Z
2024,265.47890046296294,43.118,-79.06044,2024-09-21T11:29:37.000000Z
2024,265.478912037037,43.118,-79.06044,2024-09-21T11:29:38.000000Z
2024,265.4789236111111,43.118,-79.06045,2024-09-21T11:29:39.000000Z
2024,265.47893518518515,43.11796,-79.06041,2024-09-21T11:29:40.000000Z
2024,265.47894675925926,43.11795,-79.0604,2024-09-21T11:29:41.000000Z
2024,265.4789583333333,43.11795,-79.0604,2024-09-21T11:29:42.000000Z
2024,265.47896990740736,43.11795,-79.0604,2024-09-21T11:29:43.000000Z
2024,265.47898148148147,43.11795,-79.0604,2024-09-21T11:29:44.000000Z
2024,265.4789930555555,43.11795,-79.06041,2024-09-21T11:29:45.000000Z
2024,265.4790046296296,43.11795,-79.06041,2024-09-21T11:29:46.000000Z
2024,265.4790162037037,43.11795,-79.06041,2024-09-21T11:29:47.000000Z
2024,265.47902777777773,43.11794,-79.06041,2024-09-21T11:29:48.000000Z
2024,265.47903935185184,43.11794,-79.06041,2024-09-21T11:29:49.000000Z
2024,265.4790509259259,43.11794,-79.06041,2024-09-21T11:29:50.000000Z
2024,265.4790625,43.11794,-79.06041,2024-09-21T11:29:51.000000Z
2024,265.47907407407405,43.11794,-79.06042,2024-09-21T11:29:52.000000Z
2024,265.4892824074074,43.11795,-79.0605,2024-09-21T11:44:34.000000Z
2024,265.48929398148147,43.11795,-79.0605,2024-09-21T11:44:35.000000Z
2024,265.4893055555556,43.11795,-79.0605,2024-09-21T11:44:36.000000Z
2024,265.4893171296296,43.11796,-79.0605,2024-09-21T11:44:37.000000Z
2024,265.4893287037037,43.11796,-79.0605,2024-09-21T11:44:38.000000Z
2024,265.4893402777778,43.11796,-79.0605,2024-09-21T11:44:39.000000Z
2024,265.48935185185184,43.11796,-79.0605,2024-09-21T11:44:40.000000Z
2024,265.48936342592594,43.11796,-79.0605,2024-09-21T11:44:41.000000Z
2024,265.489375,43.11796,-79.0605,2024-09-21T11:44:42.000000Z
2024,265.48938657407405,43.11796,-79.0605,2024-09-21T11:44:43.000000Z
2024,265.48939814814815,43.11796,-79.0605,2024-09-21T11:44:44.000000Z
2024,265.4894097222222,43.11796,-79.0605,2024-09-21T11:44:45.000000Z
2024,265.4894212962963,43.11796,-79.0605,2024-09-21T11:44:46.000000Z
2024,265.48943287037036,43.11796,-79.0605,2024-09-21T11:44:47.000000Z
2024,265.4894444444444,43.11796,-79.0605,2024-09-21T11:44:48.000000Z
2024,265.4894560185185,43.11796,-79.0605,2024-09-21T11:44:49.000000Z
2024,265.4894675925926,43.11797,-79.0605,2024-09-21T11:44:50.000000Z
2024,265.4894791666667,43.11797,-79.0605,2024-09-21T11:44:51.000000Z
2024,265.48949074074073,43.11797,-79.0605,2024-09-21T11:44:52.000000Z
2024,265.4997106481481,43.11792,-79.06045,2024-09-21T11:59:35.000000Z
2024,265.4997222222222,43.11792,-79.06044,2024-09-21T11:59:36.000000Z
2024,265.49973379629625,43.11793,-79.06047,2024-09-21T11:59:37.000000Z
2024,265.4997453703703,43.11794,-79.06049,2024-09-21T11:59:38.000000Z
2024,265.4997569444444,43.11795,-79.06049,2024-09-21T11:59:39.000000Z
2024,265.49976851851847,43.11794,-79.06048,2024-09-21T11:59:40.000000Z
2024,265.4997800925926,43.11794,-79.06047,2024-09-21T11:59:41.000000Z
2024,265.4997916666666,43.11794,-79.06047,2024-09-21T11:59:42.000000Z
2024,265.4998032407407,43.11794,-79.06047,2024-09-21T11:59:43.000000Z
2024,265.4998148148148,43.11794,-79.06046,2024-09-21T11:59:44.000000Z
2024,265.49982638888883,43.11794,-79.06045,2024-09-21T11:59:45.000000Z
2024,265.49983796296294,43.11793,-79.06044,2024-09-21T11:59:46.000000Z
2024,265.499849537037,43.11793,-79.06044,2024-09-21T11:59:47.000000Z
2024,265.49986111111104,43.11793,-79.06042,2024-09-21T11:59:48.000000Z
2024,265.49987268518515,43.11793,-79.06041,2024-09-21T11:59:49.000000Z
2024,265.4998842592592,43.11793,-79.0604,2024-09-21T11:59:50.000000Z
2024,265.4998958333333,43.11793,-79.0604,2024-09-21T11:59:51.000000Z
2024,265.49990740740736,43.11793,-79.0604,2024-09-21T11:59:52.000000Z
2024,265.4999189814814,43.11793,-79.0604,2024-09-21T11:59:53.000000Z
2024,265.4999305555555,43.11793,-79.0604,2024-09-21T11:59:54.000000Z
2024,265.51019675925926,43.11793,-79.0604,2024-09-21T12:14:41.000000Z
2024,265.5102083333333,43.11794,-79.06044,2024-09-21T12:14:42.000000Z
2024,265.51021990740736,43.11795,-79.06045,2024-09-21T12:14:43.000000Z
2024,265.51023148148147,43.11796,-79.06048,2024-09-21T12:14:44.000000Z
2024,265.5102430555555,43.11796,-79.06048,2024-09-21T12:14:45.000000Z
2024,265.5102546296296,43.11796,-79.06048,2024-09-21T12:14:46.000000Z
2024,265.5102662037037,43.11796,-79.06048,2024-09-21T12:14:47.000000Z
2024,265.51027777777773,43.11796,-79.0605,2024-09-21T12:14:48.000000Z
2024,265.51028935185184,43.11796,-79.06049,2024-09-21T12:14:49.000000Z
2024,265.5103009259259,43.11796,-79.06049,2024-09-21T12:14:50.000000Z
2024,265.5103125,43.11795,-79.06049,2024-09-21T12:14:51.000000Z
2024,265.51032407407405,43.11796,-79.0605,2024-09-21T12:14:52.000000Z
2024,265.5103356481481,43.11796,-79.06051,2024-09-21T12:14:53.000000Z
2024,265.5103472222222,43.11796,-79.06051,2024-09-21T12:14:54.000000Z
2024,265.51035879629626,43.11796,-79.06051,2024-09-21T12:14:55.000000Z
2024,265.51037037037037,43.11796,-79.06051,2024-09-21T12:14:56.000000Z
2024,265.5103819444444,43.11796,-79.06051,2024-09-21T12:14:57.000000Z
2024,265.51039351851847,43.11796,-79.06052,2024-09-21T12:14:58.000000Z
2024,265.5104050925926,43.11796,-79.06052,2024-09-21T12:14:59.000000Z
2024,265.5104166666667,43.11796,-79.06052,2024-09-21T12:15:00.000000Z
2024,265.5205324074074,43.11796,-79.06051,2024-09-21T12:29:34.000000Z
2024,265.52054398148147,43.11795,-79.0605,2024-09-21T12:29:35.000000Z
2024,265.5205555555556,43.11795,-79.0605,2024-09-21T12:29:36.000000Z
2024,265.5205671296296,43.11795,-79.0605,2024-09-21T12:29:37.000000Z
2024,265.5205787037037,43.11794,-79.06049,2024-09-21T12:29:38.000000Z
2024,265.5205902777778,43.11794,-79.06048,2024-09-21T12:29:39.000000Z
2024,265.52060185185184,43.11794,-79.06047,2024-09-21T12:29:40.000000Z
2024,265.52061342592594,43.11794,-79.06047,2024-09-21T12:29:41.000000Z
2024,265.520625,43.11795,-79.06047,2024-09-21T12:29:42.000000Z
2024,265.52063657407405,43.11795,-79.06047,2024-09-21T12:29:43.000000Z
2024,265.52064814814815,43.11795,-79.06046,2024-09-21T12:29:44.000000Z
2024,265.5206597222222,43.11796,-79.06046,2024-09-21T12:29:45.000000Z
2024,265.5206712962963,43.11796,-79.06046,2024-09-21T12:29:46.000000Z
2024,265.52068287037036,43.11796,-79.06045,2024-09-21T12:29:47.000000Z
2024,265.5206944444444,43.11796,-79.06045,2024-09-21T12:29:48.000000Z
2024,265.5207060185185,43.11796,-79.06045,2024-09-21T12:29:49.000000Z
2024,265.5207175925926,43.11797,-79.06044,2024-09-21T12:29:50.000000Z
2024,265.5207291666667,43.11797,-79.06044,2024-09-21T12:29:51.000000Z
2024,265.52074074074073,43.11797,-79.06044,2024-09-21T12:29:52.000000Z
2024,265.5207523148148,43.11797,-79.06044,2024-09-21T12:29:53.000000Z
